0,256,PUT,414546041364058,414546041364489
0,512,PUT,414546041365371,414546041365522
0,768,PUT,414546041365682,414546041365792
0,1024,PUT,414546041365943,414546041366043
0,1280,PUT,414546041366193,414546041366293
0,1536,PUT,414546041366434,414546041366544
0,1792,PUT,414546041366684,414546041366795
0,2048,PUT,414546041367085,414546041367196
0,2304,PUT,414546041367336,414546041367446
0,2560,PUT,414546041367586,414546041367697
0,2816,PUT,414546041367837,414546041367947
0,3072,PUT,414546041368088,414546041368198
0,3328,PUT,414546041368338,414546041368448
0,3584,PUT,414546041368589,414546041368699
0,3840,PUT,414546041368839,414546041368950
0,4096,PUT,414546041369250,414546041369361
0,4352,PUT,414546041369501,414546041369611
0,4608,PUT,414546041369752,414546041369862
0,4864,PUT,414546041370002,414546041370112
0,5120,PUT,414546041370253,414546041370363
0,5376,PUT,414546041370503,414546041370614
0,5632,PUT,414546041370754,414546041370864
0,5888,PUT,414546041371004,414546041371115
0,6144,PUT,414546041371405,414546041371516
0,6400,PUT,414546041371666,414546041371766
0,6656,PUT,414546041371907,414546041372017
0,6912,PUT,414546041372157,414546041372267
0,7168,PUT,414546041372418,414546041372528
0,7424,PUT,414546041372668,414546041372769
0,7680,PUT,414546041372919,414546041373019
0,7936,PUT,414546041373169,414546041373270
0,8192,PUT,414546041373560,414546041373671
0,8448,PUT,414546041373811,414546041373921
0,8704,PUT,414546041374062,414546041374172
0,8960,PUT,414546041374312,414546041374422
0,9216,PUT,414546041374573,414546041374673
0,9472,PUT,414546041374823,414546041374924
0,9728,PUT,414546041375074,414546041375174
0,9984,PUT,414546041375314,414546041375425
0,10240,PUT,414546041375715,414546041375826
0,10496,PUT,414546041375976,414546041376086
0,10752,PUT,414546041376227,414546041376327
0,11008,PUT,414546041376477,414546041376577
0,11264,PUT,414546041376728,414546041376838
0,11520,PUT,414546041376978,414546041377089
0,11776,PUT,414546041377229,414546041377339
0,12032,PUT,414546041377479,414546041377590
0,12288,PUT,414546041377870,414546041377981
0,12544,PUT,414546041378121,414546041378231
0,12800,PUT,414546041378372,414546041378482
0,13056,PUT,414546041378622,414546041378732
0,13312,PUT,414546041378873,414546041378983
0,13568,PUT,414546041379123,414546041379234
0,13824,PUT,414546041379374,414546041379484
0,14080,PUT,414546041379624,414546041379735
0,14336,PUT,414546041380025,414546041380126
0,14592,PUT,414546041380276,414546041380386
0,14848,PUT,414546041380527,414546041380637
0,15104,PUT,414546041380777,414546041380887
0,15360,PUT,414546041381028,414546041381138
0,15616,PUT,414546041381278,414546041381389
0,15872,PUT,414546041381529,414546041381639
0,16128,PUT,414546041381779,414546041381890
0,16384,PUT,414546041382170,414546041382281
0,16640,PUT,414546041552195,414546041552436
0,16896,PUT,414546041553639,414546041553428
0,17152,PUT,414546041554410,414546041554170
0,17408,PUT,414546041555022,414546041555322
0,17664,PUT,414546041555984,414546041556054
0,17920,PUT,414546041557929,414546041558229
0,18176,PUT,414546041560053,414546041559933
0,18432,PUT,414546041561687,414546041561747
0,18688,PUT,414546041564394,414546041564684
0,18944,PUT,414546041568623,414546041568994
0,19200,PUT,414546041569776,414546041569596
0,19456,PUT,414546041578366,414546041578737
0,19712,PUT,414546041580260,414546041580661
0,19968,PUT,414546041582866,414546041582526
0,20224,PUT,414546041583979,414546041584771
0,20480,PUT,414546041588630,414546041586555
0,20736,PUT,414546041589261,414546041590344
0,20992,PUT,414546041603675,414546041603985
0,21248,PUT,414546041607594,414546041607734
0,21504,PUT,414546041609178,414546041608817
0,21760,PUT,414546041612786,414546041611804
0,22016,PUT,414546041619141,414546041619020
0,22272,PUT,414546041623671,414546041622869
0,22528,PUT,414546041624844,414546041624523
0,22784,PUT,414546041627851,414546041628152
0,23040,PUT,414546041629615,414546041628031
0,23296,PUT,414546041630206,414546041630517
0,23552,PUT,414546041632081,414546041631559
0,23808,PUT,414546041633995,414546041633093
0,24064,PUT,414546041643267,414546041642776
0,24320,PUT,414546041644459,414546041644720
0,24576,PUT,414546041645362,414546041643347
0,24832,PUT,414546041654362,414546041654663
0,25088,PUT,414546041657139,414546041656688
0,25344,PUT,414546041662161,414546041663293
0,25600,PUT,414546041664376,414546041665158
0,25856,PUT,414546041666410,414546041666030
0,26112,PUT,414546041682899,414546041683300
0,26368,PUT,414546041684292,414546041684112
0,26624,PUT,414546041685244,414546041685334
0,26880,PUT,414546041686808,414546041687129
0,27136,PUT,414546041692321,414546041692651
0,27392,PUT,414546041694506,414546041695358
0,27648,PUT,414546041696601,414546041696510
0,27904,PUT,414546041699407,414546041699467
0,28160,PUT,414546041701903,414546041701993
0,28416,PUT,414546041706965,414546041707646
0,28672,PUT,414546041710914,414546041710312
0,28928,PUT,414546041713269,414546041714191
0,29184,PUT,414546041716026,414546041715344
0,29440,PUT,414546041721558,414546041721889
0,29696,PUT,414546041723924,414546041724946
0,29952,PUT,414546041731331,414546041731993
0,30208,PUT,414546041742387,414546041741745
0,30464,PUT,414546041749082,414546041748291
0,30720,PUT,414546041755397,414546041755407
0,30976,PUT,414546041762022,414546041762463
0,31232,PUT,414546041764829,414546041764929
0,31488,PUT,414546041777889,414546041778130
0,31744,PUT,414546041779603,414546041779463
0,32000,PUT,414546041791170,414546041790759
0,32256,PUT,414546041795210,414546041794929
0,32512,PUT,414546041796533,414546041796533
0,32768,PUT,414546041798267,414546041798467
0,33024,PUT,414546041799961,414546041799730
0,33280,PUT,414546041802196,414546041802486
0,33536,PUT,414546041807077,414546041806666
0,33792,PUT,414546041808641,414546041808270
0,34048,PUT,414546041835142,414546041835493
0,34304,PUT,414546041837698,414546041837578
0,34560,PUT,414546041839713,414546041840014
0,34816,PUT,414546041841517,414546041839071
0,35072,PUT,414546041850037,414546041849375
0,35328,PUT,414546041850919,414546041852873
0,35584,PUT,414546041853515,414546041853655
0,35840,PUT,414546041857634,414546041859519
0,36096,PUT,414546041861814,414546041862115
0,36352,PUT,414546041867397,414546041867187
0,36608,PUT,414546041869221,414546041869632
0,36864,PUT,414546041870344,414546041869352
0,37120,PUT,414546041871607,414546041870314
0,37376,PUT,414546041877892,414546041878202
0,37632,PUT,414546041879606,414546041878994
0,37888,PUT,414546041884667,414546041884978
0,38144,PUT,414546041891363,414546041892095
0,38400,PUT,414546041893939,414546041893598
0,38656,PUT,414546041894630,414546041894590
0,38912,PUT,414546041899201,414546041899562
0,39168,PUT,414546041902278,414546041901486
0,39424,PUT,414546041905195,414546041905255
0,39680,PUT,414546041909455,414546041909224
0,39936,PUT,414546041921002,414546041922214
0,40192,PUT,414546041923267,414546041923086
0,40448,PUT,414546041925011,414546041924810
0,40704,PUT,414546041926745,414546041928339
0,40960,PUT,414546041929642,414546041929912
0,41216,PUT,414546041931255,414546041931175
0,41472,PUT,414546041941870,414546041942241
0,41728,PUT,414546041945208,414546041944777
0,41984,PUT,414546041946581,414546041945990
0,42240,PUT,414546041947393,414546041946872
0,42496,PUT,414546041964533,414546041964833
0,42752,PUT,414546041966377,414546041966277
0,43008,PUT,414546041972882,414546041971850
0,43264,PUT,414546041974546,414546041974045
0,43520,PUT,414546041978936,414546041976080
0,43776,PUT,414546041983296,414546041983096
0,44032,PUT,414546041992277,414546041992257
0,44288,PUT,414546041996918,414546041997189
0,44544,PUT,414546042025845,414546042026146
0,44800,PUT,414546042029403,414546042029704
0,45056,PUT,414546042030827,414546042031137
0,45312,PUT,414546042035778,414546042035738
0,45568,PUT,414546042038484,414546042037653
0,45824,PUT,414546042039336,414546042040930
0,46080,PUT,414546042044569,414546042043195
0,46336,PUT,414546042046623,414546042047235
0,46592,PUT,414546042055765,414546042054592
0,46848,PUT,414546042061979,414546042062320
0,47104,PUT,414546042067552,414546042067702
0,47360,PUT,414546042070880,414546042070559
0,47616,PUT,414546042072774,414546042070449
0,47872,PUT,414546042075180,414546042075661
0,48128,PUT,414546042077174,414546042076954
0,48384,PUT,414546042080863,414546042082096
0,48640,PUT,414546042084241,414546042084151
0,48896,PUT,414546042085353,414546042085654
0,49152,PUT,414546042087749,414546042087779
0,49408,PUT,414546042098825,414546042099155
0,49664,PUT,414546042108647,414546042108377
0,49920,PUT,414546042110752,414546042110772
0,50176,PUT,414546042112166,414546042111945
0,50432,PUT,414546042114872,414546042114912
0,50688,PUT,414546042122760,414546042122289
0,50944,PUT,414546042148520,414546042148470
0,51200,PUT,414546042151958,414546042152138
0,51456,PUT,414546042163896,414546042164016
0,51712,PUT,414546042165048,414546042165099
0,51968,PUT,414546042166141,414546042166361
0,52224,PUT,414546042167755,414546042167755
0,52480,PUT,414546042169819,414546042170621
0,52736,PUT,414546042171383,414546042171293
0,52992,PUT,414546042173849,414546042173969
0,53248,PUT,414546042176034,414546042176295
0,53504,PUT,414546042184794,414546042184133
0,53760,PUT,414546042188844,414546042186629
0,54016,PUT,414546042190217,414546042190588
0,54272,PUT,414546042192632,414546042194888
0,54528,PUT,414546042196632,414546042196942
0,54784,PUT,414546042199779,414546042198065
0,55040,PUT,414546042204891,414546042205272
0,55296,PUT,414546042208349,414546042208650
0,55552,PUT,414546042212619,414546042213531
0,55808,PUT,414546042215686,414546042215415
0,56064,PUT,414546042217189,414546042217781
0,56320,PUT,414546042221369,414546042221570
0,56576,PUT,414546042226010,414546042225118
0,56832,PUT,414546042231242,414546042231402
0,57088,PUT,414546042240804,414546042241135
0,57344,PUT,414546042243781,414546042244994
0,57600,PUT,414546042252281,414546042252271
0,57856,PUT,414546042257744,414546042258024
0,58112,PUT,414546042263206,414546042264419
0,58368,PUT,414546042270002,414546042270313
0,58624,PUT,414546042276457,414546042280356
0,58880,PUT,414546042281890,414546042282281
0,59136,PUT,414546042289227,414546042288134
0,59392,PUT,414546042294760,414546042293747
0,59648,PUT,414546042297476,414546042297837
0,59904,PUT,414546042313894,414546042314054
0,60160,PUT,414546042314576,414546042314957
0,60416,PUT,414546042325301,414546042324980
0,60672,PUT,414546042332798,414546042333139
0,60928,PUT,414546042334763,414546042334382
0,61184,PUT,414546042337639,414546042337830
0,61440,PUT,414546042345678,414546042346730
0,61696,PUT,414546042352113,414546042352413
0,61952,PUT,414546042359851,414546042359771
0,62208,PUT,414546042366787,414546042366867
0,62464,PUT,414546042369022,414546042369172
0,62720,PUT,414546042370125,414546042369333
0,62976,PUT,414546042372430,414546042371668
0,63232,PUT,414546042381120,414546042381381
0,63488,PUT,414546042382433,414546042383776
0,63744,PUT,414546042386392,414546042386683
0,64000,PUT,414546042388577,414546042388888
0,64256,PUT,414546042394882,414546042394551
0,64512,PUT,414546042400144,414546042400826
0,64768,PUT,414546042404124,414546042404875
0,65024,PUT,414546042406629,414546042404434
0,65280,PUT,414546042408013,414546042409115
0,65536,PUT,414546042412924,414546042412403
0,65792,PUT,414546042416863,414546042417164
0,66048,PUT,414546042418567,414546042417825
0,66304,PUT,414546042444718,414546042444748
0,66560,PUT,414546042446261,414546042446903
0,66816,PUT,414546042451133,414546042450441
0,67072,PUT,414546042474367,414546042473685
0,67328,PUT,414546042477354,414546042477654
0,67584,PUT,414546042478707,414546042478657
0,67840,PUT,414546042479619,414546042480401
0,68096,PUT,414546042493712,414546042495887
0,68352,PUT,414546042498433,414546042498443
0,68608,PUT,414546042500267,414546042500608
0,68864,PUT,414546042501520,414546042501229
0,69120,PUT,414546042511182,414546042511333
0,69376,PUT,414546042512696,414546042512786
0,69632,PUT,414546042513959,414546042513668
0,69888,PUT,414546042515192,414546042515151
0,70144,PUT,414546042518720,414546042518379
0,70400,PUT,414546042519963,414546042519983
0,70656,PUT,414546042525626,414546042522709
0,70912,PUT,414546042528362,414546042527781
0,71168,PUT,414546042529435,414546042529725
0,71424,PUT,414546042531159,414546042532752
0,71680,PUT,414546042534797,414546042535098
0,71936,PUT,414546042536010,414546042536331
0,72192,PUT,414546042539698,414546042539628
0,72448,PUT,414546042541853,414546042543187
0,72704,PUT,414546042544870,414546042545171
0,72960,PUT,414546042548870,414546042548459
0,73216,PUT,414546042550564,414546042552468
0,73472,PUT,414546042558452,414546042557871
0,73728,PUT,414546042561549,414546042561489
0,73984,PUT,414546042563995,414546042563995
0,74240,PUT,414546042571482,414546042572655
0,74496,PUT,414546042579330,414546042579671
0,74752,PUT,414546042580533,414546042580874
0,75008,PUT,414546042582608,414546042582909
0,14346,GET,414546041551574,414546041551223
0,1028,GET,414546041556946,414546041556455
0,1284,GET,414546041557548,414546041557317
0,2052,GET,414546041559242,414546041558780
0,2820,GET,414546041560775,414546041560314
0,3332,GET,414546041562609,414546041562349
0,6660,GET,414546041566849,414546041567611
0,11268,GET,414546041571199,414546041571149
0,13316,GET,414546041573294,414546041572623
0,14596,GET,414546041575088,414546041574477
0,14852,GET,414546041576051,414546041575980
0,16388,GET,414546041577654,414546041577574
0,3080,GET,414546041582265,414546041581764
0,6920,GET,414546041585733,414546041585362
0,15880,GET,414546041594303,414546041594975
0,2059,GET,414546041596749,414546041595766
0,5387,GET,414546041600417,414546041602312
0,10507,GET,414546041605880,414546041606612
0,1289,GET,414546041610731,414546041609167
0,14347,GET,414546041614179,414546041614871
0,3593,GET,414546041616645,414546041615713
0,5897,GET,414546041621145,414546041620343
0,7945,GET,414546041622769,414546041622138
0,11273,GET,414546041626007,414546041626147
0,4876,GET,414546041635258,414546041635338
0,7180,GET,414546041637563,414546041636491
0,11276,GET,414546041640841,414546041640851
0,1031,GET,414546041648028,414546041647206
0,2055,GET,414546041649802,414546041649150
0,4615,GET,414546041652679,414546041652137
0,9735,GET,414546041658773,414546041657861
0,11271,GET,414546041660537,414546041660096
0,1542,GET,414546041667553,414546041666180
0,3590,GET,414546041669909,414546041668976
0,5638,GET,414546041671542,414546041671111
0,7942,GET,414546041673467,414546041673056
0,10246,GET,414546041675832,414546041675782
0,12550,GET,414546041678017,414546041677466
0,13318,GET,414546041679000,414546041679391
0,15366,GET,414546041681475,414546041682157
0,5634,GET,414546041688301,414546041688061
0,6914,GET,414546041689715,414546041689454
0,13826,GET,414546041698194,414546041697011
0,16386,GET,414546041704318,414546041706093
0,6915,GET,414546041708789,414546041708388
0,13571,GET,414546041716968,414546041717900
0,16387,GET,414546041720195,414546041719764
0,2319,GET,414546041723583,414546041722851
0,7439,GET,414546041726861,414546041725618
0,8975,GET,414546041728294,414546041728164
0,15375,GET,414546041734428,414546041733446
0,16143,GET,414546041735892,414546041736533
0,2318,GET,414546041738358,414546041739671
0,7438,GET,414546041744011,414546041744261
0,12302,GET,414546041748060,414546041747208
0,15118,GET,414546041751267,414546041752631
0,3853,GET,414546041757071,414546041757432
0,6669,GET,414546041760419,414546041759557
0,8717,GET,414546041763235,414546041762834
0,12301,GET,414546041767555,414546041766994
0,14093,GET,414546041769329,414546041769690
0,513,GET,414546041771224,414546041770653
0,2049,GET,414546041773188,414546041775594
0,11009,GET,414546041782169,414546041782249
0,13313,GET,414546041784505,414546041785256
0,15873,GET,414546041788243,414546041787772
0,5637,GET,414546041794117,414546041793696
0,13061,GET,414546041804030,414546041804160
0,14597,GET,414546041805724,414546041805714
0,2048,GET,414546041810174,414546041810044
0,2560,GET,414546041810856,414546041810425
0,3584,GET,414546041812830,414546041811698
0,11264,GET,414546041836606,414546041836465
0,16384,GET,414546041843842,414546041844183
0,18954,GET,414546041847501,414546041847681
0,23818,GET,414546041855500,414546041854397
0,18177,GET,414546041860291,414546041859870
0,21252,GET,414546041864170,414546041863929
0,26890,GET,414546041865483,414546041864390
0,19969,GET,414546041873772,414546041874614
0,17160,GET,414546041882021,414546041882111
0,17415,GET,414546041883845,414546041882693
0,16911,GET,414546041886933,414546041888045
0,19973,GET,414546041896996,414546041896715
0,18694,GET,414546041898600,414546041898199
0,29706,GET,414546041900825,414546041901226
0,22529,GET,414546041906729,414546041906959
0,21253,GET,414546041910217,414546041909916
0,18183,GET,414546041913394,414546041910437
0,19718,GET,414546041917564,414546041918225
0,20235,GET,414546041932809,414546041933751
0,19720,GET,414546041936197,414546041935084
0,22789,GET,414546041937249,414546041937069
0,21003,GET,414546041939715,414546041939434
0,21259,GET,414546041944526,414546041944045
0,22018,GET,414546041948776,414546041949257
0,21771,GET,414546041951051,414546041950921
0,26113,GET,414546041953277,414546041952074
0,24832,GET,414546041954499,414546041954930
0,23053,GET,414546041956464,414546041956294
0,22028,GET,414546041959491,414546041959541
0,23042,GET,414546041960874,414546041961325
0,19721,GET,414546041968402,414546041968392
0,23043,GET,414546041970336,414546041969404
0,20233,GET,414546041980049,414546041979939
0,34826,GET,414546041993610,414546041995394
0,27141,GET,414546041998131,414546041999714
0,25099,GET,414546042028251,414546042028271
0,25091,GET,414546042032310,414546042031799
0,26125,GET,414546042034415,414546042034525
0,26895,GET,414546042048839,414546042049851
0,27148,GET,414546042051645,414546042052377
0,25606,GET,414546042053359,414546042053409
0,26115,GET,414546042057749,414546042059032
0,29192,GET,414546042060766,414546042060105
0,37642,GET,414546042063964,414546042064355
0,29704,GET,414546042066099,414546042065988
0,26633,GET,414546042069507,414546042069567
0,33540,GET,414546042078407,414546042078868
0,30472,GET,414546042089323,414546042088641
0,30728,GET,414546042091187,414546042091207
0,30984,GET,414546042092871,414546042092330
0,29186,GET,414546042094454,414546042094404
0,29196,GET,414546042096399,414546042096178
0,29709,GET,414546042100929,414546042102062
0,32261,GET,414546042104077,414546042103997
0,28427,GET,414546042107174,414546042107004
0,35076,GET,414546042109820,414546042109159
0,30476,GET,414546042113168,414546042113789
0,36100,GET,414546042117718,414546042118961
0,31756,GET,414546042120535,414546042120104
0,41738,GET,414546042124594,414546042124905
0,31757,GET,414546042127080,414546042126719
0,32268,GET,414546042128614,414546042128694
0,37636,GET,414546042149993,414546042151106
0,40196,GET,414546042155787,414546042154995
0,30991,GET,414546042158684,414546042158213
0,34304,GET,414546042159906,414546042159926
0,30985,GET,414546042162723,414546042162733
0,31235,GET,414546042168787,414546042168386
0,33549,GET,414546042172516,414546042171463
0,31491,GET,414546042177718,414546042177577
0,46090,GET,414546042181787,414546042181336
0,31239,GET,414546042183341,414546042182669
0,32259,GET,414546042186538,414546042186498
0,32519,GET,414546042201884,414546042201042
0,47370,GET,414546042203397,414546042201864
0,33542,GET,414546042206725,414546042206855
0,35334,GET,414546042218984,414546042219685
0,35074,GET,414546042222792,414546042222612
0,49162,GET,414546042227874,414546042227684
0,35081,GET,414546042229809,414546042229909
0,40705,GET,414546042232896,414546042233046
0,38661,GET,414546042235943,414546042235833
0,36102,GET,414546042236795,414546042236264
0,44804,GET,414546042237968,414546042238098
0,49674,GET,414546042243040,414546042243090
0,33038,GET,414546042246518,414546042247520
0,39936,GET,414546042249424,414546042250597
0,36111,GET,414546042254346,414546042255148
0,36867,GET,414546042260480,414546042260510
0,37135,GET,414546042266213,414546042266935
0,51466,GET,414546042268428,414546042269351
0,39693,GET,414546042271977,414546042270904
0,34571,GET,414546042274422,414546042274503
0,39944,GET,414546042283874,414546042283985
0,35342,GET,414546042285358,414546042285268
0,35598,GET,414546042286811,414546042285558
0,38159,GET,414546042290690,414546042289979
0,41484,GET,414546042292795,414546042291883
0,44801,GET,414546042300333,414546042300152
0,49924,GET,414546042309093,414546042308461
0,38921,GET,414546042317472,414546042317633
0,45569,GET,414546042319748,414546042320229
0,42252,GET,414546042326754,414546042326744
0,41990,GET,414546042328057,414546042326273
0,42498,GET,414546042330432,414546042330342
0,37643,GET,414546042336266,414546042335705
0,44808,GET,414546042340225,414546042340175
0,45064,GET,414546042342290,414546042342741
0,37899,GET,414546042354679,414546042354077
0,46088,GET,414546042356192,414546042358397
0,46592,GET,414546042361785,414546042362477
0,41737,GET,414546042365444,414546042365444
0,38923,GET,414546042374004,414546042374184
0,43279,GET,414546042376961,414546042377121
0,46604,GET,414546042379677,414546042379506
0,47372,GET,414546042387715,414546042387114
0,58890,GET,414546042391143,414546042392176
0,46341,GET,414546042397769,414546042397318
0,49672,GET,414546042402069,414546042401467
0,46855,GET,414546042410929,414546042410809
0,45315,GET,414546042414848,414546042414838
0,57860,GET,414546042421043,414546042419760
0,47622,GET,414546042423559,414546042423709
0,45839,GET,414546042424731,414546042424591
0,46095,GET,414546042426075,414546042425964
0,48391,GET,414546042427237,414546042426997
0,49669,GET,414546042452977,414546042453007
0,43019,GET,414546042454671,414546042454551
0,45838,GET,414546042457187,414546042457638
0,46094,GET,414546042458941,414546042459201
0,51724,GET,414546042462429,414546042462960
0,46601,GET,414546042464604,414546042464905
0,46606,GET,414546042466559,414546042466248
0,59396,GET,414546042469205,414546042470588
0,51205,GET,414546042482185,414546042482195
0,47881,GET,414546042485773,414546042486044
0,49670,GET,414546042488339,414546042489211
0,48137,GET,414546042490995,414546042490845
0,48653,GET,414546042497420,414546042496909
0,45835,GET,414546042503605,414546042503434
0,50691,GET,414546042505639,414546042503925
0,54796,GET,414546042506561,414546042506511
0,51215,GET,414546042508065,414546042508075
0,54023,GET,414546042516334,414546042516174
0,52239,GET,414546042522508,414546042522057
0,47115,GET,414546042523972,414546042524954
0,51971,GET,414546042537654,414546042537413
0,56071,GET,414546042541112,414546042540139
0,57612,GET,414546042547086,414546042546905
0,54786,GET,414546042554523,414546042556307
0,58380,GET,414546042560016,414546042557520
0,65284,GET,414546042567032,414546042566731
0,58120,GET,414546042569257,414546042568215
0,53763,GET,414546042570610,414546042570029
0,58631,GET,414546042575241,414546042575201
0,59400,GET,414546042584673,414546042583881
0,60940,GET,414546042585956,414546042587119
1,257,PUT,414546041311165,414546041311647
1,513,PUT,414546041312639,414546041312769
1,769,PUT,414546041312930,414546041313060
1,1025,PUT,414546041313200,414546041313310
1,1281,PUT,414546041313451,414546041313561
1,1537,PUT,414546041313701,414546041313812
1,1793,PUT,414546041313952,414546041314062
1,2049,PUT,414546041314343,414546041314453
1,2305,PUT,414546041314603,414546041314714
1,2561,PUT,414546041314854,414546041314964
1,2817,PUT,414546041315105,414546041315205
1,3073,PUT,414546041315355,414546041315465
1,3329,PUT,414546041315606,414546041315716
1,3585,PUT,414546041315856,414546041315967
1,3841,PUT,414546041316107,414546041316217
1,4097,PUT,414546041316518,414546041316618
1,4353,PUT,414546041316768,414546041316879
1,4609,PUT,414546041317019,414546041317129
1,4865,PUT,414546041317270,414546041317380
1,5121,PUT,414546041317520,414546041317630
1,5377,PUT,414546041317771,414546041317881
1,5633,PUT,414546041318021,414546041318132
1,5889,PUT,414546041318272,414546041318382
1,6145,PUT,414546041318673,414546041318773
1,6401,PUT,414546041318923,414546041319034
1,6657,PUT,414546041319174,414546041319284
1,6913,PUT,414546041319425,414546041319535
1,7169,PUT,414546041319675,414546041319785
1,7425,PUT,414546041319926,414546041320036
1,7681,PUT,414546041320176,414546041320287
1,7937,PUT,414546041320427,414546041320537
1,8193,PUT,414546041320828,414546041320938
1,8449,PUT,414546041321078,414546041321189
1,8705,PUT,414546041321329,414546041321439
1,8961,PUT,414546041321580,414546041321690
1,9217,PUT,414546041321830,414546041321940
1,9473,PUT,414546041322081,414546041322191
1,9729,PUT,414546041322331,414546041322442
1,9985,PUT,414546041322582,414546041322692
1,10241,PUT,414546041322983,414546041323093
1,10497,PUT,414546041323233,414546041323344
1,10753,PUT,414546041323484,414546041323594
1,11009,PUT,414546041323735,414546041323845
1,11265,PUT,414546041323995,414546041324095
1,11521,PUT,414546041324236,414546041324346
1,11777,PUT,414546041324486,414546041324597
1,12033,PUT,414546041324737,414546041324847
1,12289,PUT,414546041325158,414546041325258
1,12545,PUT,414546041325409,414546041325619
1,12801,PUT,414546041325759,414546041325870
1,13057,PUT,414546041326010,414546041326120
1,13313,PUT,414546041326271,414546041326371
1,13569,PUT,414546041326511,414546041326621
1,13825,PUT,414546041326762,414546041326872
1,14081,PUT,414546041327012,414546041327123
1,14337,PUT,414546041327413,414546041327523
1,14593,PUT,414546041327664,414546041327774
1,14849,PUT,414546041327914,414546041328025
1,15105,PUT,414546041328165,414546041328275
1,15361,PUT,414546041328426,414546041328526
1,15617,PUT,414546041328666,414546041328776
1,15873,PUT,414546041328917,414546041329027
1,16129,PUT,414546041329167,414546041329278
1,16385,PUT,414546041329578,414546041329688
1,16641,PUT,414546041544497,414546041544818
1,16897,PUT,414546041545480,414546041545901
1,17153,PUT,414546041550010,414546041549940
1,17409,PUT,414546041551053,414546041550762
1,17665,PUT,414546041551393,414546041551714
1,17921,PUT,414546041552195,414546041552436
1,18177,PUT,414546041555984,414546041556054
1,18433,PUT,414546041557929,414546041557798
1,18689,PUT,414546041560394,414546041560304
1,18945,PUT,414546041561687,414546041561747
1,19201,PUT,414546041562930,414546041562890
1,19457,PUT,414546041564394,414546041564684
1,19713,PUT,414546041566358,414546041566649
1,19969,PUT,414546041572623,414546041572933
1,20225,PUT,414546041573555,414546041573936
1,20481,PUT,414546041575559,414546041574868
1,20737,PUT,414546041578366,414546041578737
1,20993,PUT,414546041580260,414546041580661
1,21249,PUT,414546041583979,414546041584771
1,21505,PUT,414546041588630,414546041586555
1,21761,PUT,414546041595556,414546041595616
1,22017,PUT,414546041596438,414546041595857
1,22273,PUT,414546041602482,414546041602282
1,22529,PUT,414546041607023,414546041605379
1,22785,PUT,414546041610350,414546041610661
1,23041,PUT,414546041612786,414546041611804
1,23297,PUT,414546041615031,414546041613999
1,23553,PUT,414546041615683,414546041615993
1,23809,PUT,414546041618008,414546041618309
1,24065,PUT,414546041623671,414546041622869
1,24321,PUT,414546041624844,414546041624523
1,24577,PUT,414546041627400,414546041626007
1,24833,PUT,414546041627851,414546041628152
1,25089,PUT,414546041631249,414546041631078
1,25345,PUT,414546041634476,414546041634797
1,25601,PUT,414546041640440,414546041640801
1,25857,PUT,414546041644459,414546041644720
1,26113,PUT,414546041652889,414546041652548
1,26369,PUT,414546041660427,414546041660447
1,26625,PUT,414546041662161,414546041663293
1,26881,PUT,414546041668195,414546041668445
1,27137,PUT,414546041677516,414546041676584
1,27393,PUT,414546041682899,414546041683300
1,27649,PUT,414546041685244,414546041685334
1,27905,PUT,414546041694506,414546041695358
1,28161,PUT,414546041696601,414546041696510
1,28417,PUT,414546041699407,414546041699467
1,28673,PUT,414546041700560,414546041700700
1,28929,PUT,414546041703366,414546041703657
1,29185,PUT,414546041706965,414546041707646
1,29441,PUT,414546041709440,414546041709460
1,29697,PUT,414546041710914,414546041710312
1,29953,PUT,414546041713269,414546041714191
1,30209,PUT,414546041720947,414546041720767
1,30465,PUT,414546041721558,414546041721889
1,30721,PUT,414546041723924,414546041724946
1,30977,PUT,414546041727853,414546041726059
1,31233,PUT,414546041731331,414546041731993
1,31489,PUT,414546041734037,414546041734839
1,31745,PUT,414546041738077,414546041740041
1,32001,PUT,414546041742387,414546041741745
1,32257,PUT,414546041747559,414546041747569
1,32513,PUT,414546041750907,414546041752971
1,32769,PUT,414546041755397,414546041755487
1,33025,PUT,414546041759707,414546041759898
1,33281,PUT,414546041762022,414546041762463
1,33537,PUT,414546041763957,414546041763987
1,33793,PUT,414546041767666,414546041767836
1,34049,PUT,414546041771073,414546041770653
1,34305,PUT,414546041772767,414546041775263
1,34561,PUT,414546041777889,414546041778130
1,34817,PUT,414546041779603,414546041779463
1,35073,PUT,414546041782640,414546041782560
1,35329,PUT,414546041784154,414546041784886
1,35585,PUT,414546041798267,414546041798467
1,35841,PUT,414546041802196,414546041802486
1,36097,PUT,414546041803659,414546041804461
1,36353,PUT,414546041808180,414546041808270
1,36609,PUT,414546041811738,414546041811397
1,36865,PUT,414546041835142,414546041835493
1,37121,PUT,414546041839713,414546041840014
1,37377,PUT,414546041841517,414546041839071
1,37633,PUT,414546041843512,414546041844674
1,37889,PUT,414546041855109,414546041855409
1,38145,PUT,414546041861814,414546041862115
1,38401,PUT,414546041869221,414546041869632
1,38657,PUT,414546041871607,414546041870314
1,38913,PUT,414546041876538,414546041876709
1,39169,PUT,414546041883194,414546041883645
1,39425,PUT,414546041889348,414546041887875
1,39681,PUT,414546041893939,414546041893598
1,39937,PUT,414546041898680,414546041897257
1,40193,PUT,414546041899201,414546041899562
1,40449,PUT,414546041900494,414546041901567
1,40705,PUT,414546041902278,414546041901486
1,40961,PUT,414546041905195,414546041905255
1,41217,PUT,414546041907771,414546041907641
1,41473,PUT,414546041911018,414546041910648
1,41729,PUT,414546041912472,414546041912291
1,41985,PUT,414546041914577,414546041914376
1,42241,PUT,414546041932679,414546041933000
1,42497,PUT,414546041934313,414546041935245
1,42753,PUT,414546041936107,414546041936177
1,43009,PUT,414546041945208,414546041944777
1,43265,PUT,414546041946581,414546041945990
1,43521,PUT,414546041949688,414546041949869
1,43777,PUT,414546041953577,414546041953136
1,44033,PUT,414546041964533,414546041964833
1,44289,PUT,414546041970787,414546041969735
1,44545,PUT,414546041972882,414546041971850
1,44801,PUT,414546041974546,414546041974045
1,45057,PUT,414546041987927,414546041988278
1,45313,PUT,414546041992277,414546041992257
1,45569,PUT,414546041993129,414546041993209
1,45825,PUT,414546041995655,414546041995234
1,46081,PUT,414546042024803,414546042024582
1,46337,PUT,414546042027609,414546042026867
1,46593,PUT,414546042028431,414546042028722
1,46849,PUT,414546042033673,414546042033282
1,47105,PUT,414546042035778,414546042035738
1,47361,PUT,414546042038484,414546042037653
1,47617,PUT,414546042039336,414546042040930
1,47873,PUT,414546042044569,414546042043195
1,48129,PUT,414546042050372,414546042050673
1,48385,PUT,414546042052497,414546042052176
1,48641,PUT,414546042054893,414546042055183
1,48897,PUT,414546042055765,414546042054592
1,49153,PUT,414546042057449,414546042058260
1,49409,PUT,414546042063362,414546042062721
1,49665,PUT,414546042067552,414546042067702
1,49921,PUT,414546042069226,414546042068845
1,50177,PUT,414546042070248,414546042069948
1,50433,PUT,414546042072774,414546042070449
1,50689,PUT,414546042075180,414546042075661
1,50945,PUT,414546042077174,414546042076954
1,51201,PUT,414546042077996,414546042078337
1,51457,PUT,414546042079189,414546042076874
1,51713,PUT,414546042080863,414546042082096
1,51969,PUT,414546042084241,414546042084151
1,52225,PUT,414546042087749,414546042087779
1,52481,PUT,414546042091437,414546042090485
1,52737,PUT,414546042092550,414546042091668
1,52993,PUT,414546042098825,414546042099155
1,53249,PUT,414546042100007,414546042101832
1,53505,PUT,414546042112837,414546042112406
1,53761,PUT,414546042120866,414546042120946
1,54017,PUT,414546042122760,414546042122289
1,54273,PUT,414546042150013,414546042150755
1,54529,PUT,414546042162733,414546042162332
1,54785,PUT,414546042163896,414546042164016
1,55041,PUT,414546042167755,414546042167755
1,55297,PUT,414546042168637,414546042168587
1,55553,PUT,414546042169819,414546042170621
1,55809,PUT,414546042171383,414546042171293
1,56065,PUT,414546042173849,414546042173969
1,56321,PUT,414546042184083,414546042184253
1,56577,PUT,414546042191710,414546042192011
1,56833,PUT,414546042199779,414546042198065
1,57089,PUT,414546042203007,414546042203097
1,57345,PUT,414546042204891,414546042205272
1,57601,PUT,414546042205983,414546042206034
1,57857,PUT,414546042207086,414546042207347
1,58113,PUT,414546042212619,414546042213531
1,58369,PUT,414546042219916,414546042219806
1,58625,PUT,414546042226010,414546042225118
1,58881,PUT,414546042229087,414546042229298
1,59137,PUT,414546042237737,414546042237667
1,59393,PUT,414546042238940,414546042239802
1,59649,PUT,414546042240804,414546042241135
1,59905,PUT,414546042251008,414546042250447
1,60161,PUT,414546042253404,414546042253484
1,60417,PUT,414546042255929,414546042257202
1,60673,PUT,414546042268007,414546042268910
1,60929,PUT,414546042271205,414546042271506
1,61185,PUT,414546042281890,414546042282281
1,61441,PUT,414546042282912,414546042282932
1,61697,PUT,414546042297476,414546042297837
1,61953,PUT,414546042303811,414546042304181
1,62209,PUT,414546042305585,414546042305204
1,62465,PUT,414546042307950,414546042307660
1,62721,PUT,414546042314576,414546042314957
1,62977,PUT,414546042319046,414546042319397
1,63233,PUT,414546042320409,414546042321953
1,63489,PUT,414546042336517,414546042336607
1,63745,PUT,414546042341167,414546042341328
1,64001,PUT,414546042352113,414546042352413
1,64257,PUT,414546042355671,414546042358638
1,64513,PUT,414546042366787,414546042368020
1,64769,PUT,414546042369022,414546042369172
1,65025,PUT,414546042379126,414546042379416
1,65281,PUT,414546042380188,414546042380509
1,65537,PUT,414546042381120,414546042381381
1,65793,PUT,414546042382433,414546042383776
1,66049,PUT,414546042386392,414546042386683
1,66305,PUT,414546042387465,414546042385901
1,66561,PUT,414546042396546,414546042396837
1,66817,PUT,414546042415320,414546042415129
1,67073,PUT,414546042421273,414546042421073
1,67329,PUT,414546042423328,414546042423629
1,67585,PUT,414546042427728,414546042438303
1,67841,PUT,414546042438684,414546042438924
1,68097,PUT,414546042441310,414546042441601
1,68353,PUT,414546042444718,414546042444748
1,68609,PUT,414546042446261,414546042446903
1,68865,PUT,414546042454932,414546042454791
1,69121,PUT,414546042455994,414546042455954
1,69377,PUT,414546042462108,414546042462479
1,69633,PUT,414546042468864,414546042469475
1,69889,PUT,414546042471400,414546042469997
1,70145,PUT,414546042479619,414546042480401
1,70401,PUT,414546042485021,414546042486655
1,70657,PUT,414546042487798,414546042488730
1,70913,PUT,414546042500267,414546042500608
1,71169,PUT,414546042506090,414546042505890
1,71425,PUT,414546042508506,414546042509959
1,71681,PUT,414546042511663,414546042511483
1,71937,PUT,414546042523561,414546042524473
1,72193,PUT,414546042525626,414546042522709
1,72449,PUT,414546042533815,414546042533995
1,72705,PUT,414546042539698,414546042539628
1,72961,PUT,414546042541853,414546042543187
1,73217,PUT,414546042544870,414546042545171
1,73473,PUT,414546042548870,414546042548459
1,73729,PUT,414546042557219,414546042557520
1,73985,PUT,414546042562010,414546042562972
1,74241,PUT,414546042563995,414546042563995
1,74497,PUT,414546042571482,414546042572655
1,74753,PUT,414546042574880,414546042574710
1,75009,PUT,414546042577867,414546042576073
1,75265,PUT,414546042584112,414546042583590
1,75521,PUT,414546042585144,414546042584202
1,75777,PUT,414546042587570,414546042587870
1,76033,PUT,414546042588993,414546042588963
1,76289,PUT,414546042597653,414546042596861
1,76545,PUT,414546042605120,414546042604790
1,1802,GET,414546041517936,414546041517134
1,2058,GET,414546041518487,414546041518266
1,12554,GET,414546041546833,414546041546843
1,13066,GET,414546041547785,414546041547314
1,13578,GET,414546041548497,414546041548477
1,14090,GET,414546041549268,414546041548827
1,15114,GET,414546041553408,414546041552817
1,15626,GET,414546041554430,414546041553929
1,15882,GET,414546041554741,414546041554601
1,16138,GET,414546041555513,414546041555353
1,772,GET,414546041556906,414546041556455
1,1796,GET,414546041559201,414546041558780
1,2308,GET,414546041559773,414546041559492
1,3076,GET,414546041561166,414546041560785
1,9220,GET,414546041569265,414546041569004
1,11012,GET,414546041571169,414546041571149
1,15620,GET,414546041576792,414546041576933
1,3336,GET,414546041582305,414546041581764
1,4872,GET,414546041583518,414546041582997
1,6664,GET,414546041585703,414546041585362
1,11272,GET,414546041590053,414546041592138
1,8971,GET,414546041604086,414546041604447
1,12043,GET,414546041608386,414546041608676
1,4873,GET,414546041619111,414546041618760
1,6153,GET,414546041621185,414546041620343
1,8201,GET,414546041622829,414546041622138
1,14601,GET,414546041630076,414546041629134
1,1804,GET,414546041632492,414546041633354
1,6412,GET,414546041636832,414546041636681
1,13068,GET,414546041642264,414546041641663
1,15116,GET,414546041645943,414546041644249
1,1287,GET,414546041648058,414546041647206
1,1799,GET,414546041649772,414546041649150
1,6663,GET,414546041655214,414546041656006
1,8455,GET,414546041656858,414546041655575
1,9479,GET,414546041658733,414546041657861
1,14855,GET,414546041664706,414546041666190
1,3846,GET,414546041669939,414546041668976
1,5894,GET,414546041671592,414546041671111
1,7686,GET,414546041673447,414546041673056
1,10502,GET,414546041675882,414546041675782
1,13062,GET,414546041678769,414546041679391
1,15622,GET,414546041681516,414546041682157
1,1026,GET,414546041684222,414546041682237
1,4610,GET,414546041687610,414546041687349
1,6146,GET,414546041688672,414546041688682
1,7682,GET,414546041690627,414546041691629
1,1027,GET,414546041698234,414546041697011
1,5635,GET,414546041706834,414546041705541
1,13315,GET,414546041716567,414546041715955
1,15619,GET,414546041719454,414546041719243
1,2575,GET,414546041723633,414546041722851
1,7695,GET,414546041727001,414546041725618
1,15887,GET,414546041735862,414546041736533
1,7694,GET,414546041744051,414546041744261
1,12558,GET,414546041748571,414546041747579
1,3597,GET,414546041757041,414546041757432
1,10765,GET,414546041765380,414546041766553
1,14349,GET,414546041769370,414546041769690
1,14849,GET,414546041786970,414546041786940
1,261,GET,414546041789015,414546041790739
1,3333,GET,414546041792453,414546041792273
1,6149,GET,414546041794678,414546041794899
1,7173,GET,414546041796372,414546041795721
1,10501,GET,414546041800502,414546041800081
1,14341,GET,414546041805243,414546041805113
1,15365,GET,414546041806375,414546041806997
1,768,GET,414546041809533,414546041809382
1,2304,GET,414546041810345,414546041810044
1,3840,GET,414546041812850,414546041811698
1,5632,GET,414546041814404,414546041814234
1,11008,GET,414546041836576,414546041836465
1,11776,GET,414546041837568,414546041837458
1,18698,GET,414546041847471,414546041847681
1,21514,GET,414546041850358,414546041849576
1,16644,GET,414546041851500,414546041852152
1,24842,GET,414546041856572,414546041855179
1,25354,GET,414546041858607,414546041859188
1,18689,GET,414546041864130,414546041863929
1,16901,GET,414546041865453,414546041864390
1,21764,GET,414546041866836,414546041866255
1,17413,GET,414546041870815,414546041869081
1,17925,GET,414546041873742,414546041874614
1,22788,GET,414546041878443,414546041879195
1,18693,GET,414546041881991,414546041882111
1,20224,GET,414546041885299,414546041886101
1,17423,GET,414546041891724,414546041892185
1,19461,GET,414546041894921,414546041894400
1,22017,GET,414546041896966,414546041896715
1,21504,GET,414546041909725,414546041908954
1,18952,GET,414546041917594,414546041918225
1,18955,GET,414546041921663,414546041923297
1,20239,GET,414546041924430,414546041923748
1,22021,GET,414546041925472,414546041925783
1,20230,GET,414546041930363,414546041930564
1,21005,GET,414546041937670,414546041939064
1,20995,GET,414546041940597,414546041940607
1,20998,GET,414546041943013,414546041941068
1,32010,GET,414546041948064,414546041947253
1,21256,GET,414546041951533,414546041952094
1,22540,GET,414546041962027,414546041960894
1,20494,GET,414546041966748,414546041967139
1,22022,GET,414546041969474,414546041969544
1,24322,GET,414546041979277,414546041978676
1,33546,GET,414546041981622,414546041981041
1,26629,GET,414546041983808,414546041983377
1,34058,GET,414546041986674,414546041986895
1,24075,GET,414546041990834,414546041989771
1,25103,GET,414546041997459,414546041996978
1,25351,GET,414546042030025,414546042030155
1,30980,GET,414546042032280,414546042031799
1,26893,GET,414546042047054,414546042047515
1,28936,GET,414546042059774,414546042059624
1,27407,GET,414546042061047,414546042061398
1,32772,GET,414546042065517,414546042065367
1,28428,GET,414546042066359,414546042066720
1,32513,GET,414546042071220,414546042070379
1,29197,GET,414546042085804,414546042086857
1,30725,GET,414546042089292,414546042088641
1,31237,GET,414546042093392,414546042093452
1,34305,GET,414546042095888,414546042093532
1,40714,GET,414546042097542,414546042097111
1,29191,GET,414546042103265,414546042103245
1,34817,GET,414546042104839,414546042105400
1,29193,GET,414546042107896,414546042107856
1,35329,GET,414546042109790,414546042109159
1,29443,GET,414546042111083,414546042111624
1,30732,GET,414546042115533,414546042115864
1,41226,GET,414546042117749,414546042118961
1,30466,GET,414546042124625,414546042124905
1,30467,GET,414546042127040,414546042126719
1,35841,GET,414546042128584,414546042128694
1,37124,GET,414546042129847,414546042128864
1,32524,GET,414546042131430,414546042130919
1,38404,GET,414546042152610,414546042152579
1,29963,GET,414546042155817,414546042154995
1,44042,GET,414546042158644,414546042158213
1,33548,GET,414546042159876,414546042159926
1,31238,GET,414546042165319,414546042165920
1,44810,GET,414546042172546,414546042171463
1,31753,GET,414546042176515,414546042174771
1,28686,GET,414546042179221,414546042180344
1,32777,GET,414546042182579,414546042180945
1,46346,GET,414546042186508,414546042186498
1,34572,GET,414546042188643,414546042187801
1,42500,GET,414546042189555,414546042188373
1,32271,GET,414546042193815,414546042196451
1,35592,GET,414546042198376,414546042197895
1,32527,GET,414546042201854,414546042201042
1,36613,GET,414546042209411,414546042208870
1,33551,GET,414546042216237,414546042216708
1,35078,GET,414546042218412,414546042218272
1,35597,GET,414546042221951,414546042221309
1,34055,GET,414546042223514,414546042224657
1,35330,GET,414546042227904,414546042227684
1,35075,GET,414546042231082,414546042229869
1,37900,GET,414546042232014,414546042231864
1,38405,GET,414546042234189,414546042234159
1,36877,GET,414546042236424,414546042236264
1,36354,GET,414546042243070,414546042243090
1,37133,GET,414546042244212,414546042243771
1,37896,GET,414546042246046,414546042245856
1,35591,GET,414546042248482,414546042248462
1,50698,GET,414546042258315,414546042256932
1,38925,GET,414546042260450,414546042260510
1,39173,GET,414546042263818,414546042265612
1,38658,GET,414546042270112,414546042269571
1,34315,GET,414546042273230,414546042273089
1,40205,GET,414546042275184,414546042275806
1,37385,GET,414546042284556,414546042284335
1,40200,GET,414546042286250,414546042286100
1,40450,GET,414546042295130,414546042294579
1,43264,GET,414546042300302,414546042300152
1,39686,GET,414546042301676,414546042302397
1,40198,GET,414546042310456,414546042313353
1,40966,GET,414546042317442,414546042317633
1,41734,GET,414546042326724,414546042326744
1,42242,GET,414546042328017,414546042326273
1,43781,GET,414546042330402,414546042330342
1,43020,GET,414546042332327,414546042332748
1,39694,GET,414546042334893,414546042334211
1,46593,GET,414546042338752,414546042339183
1,45576,GET,414546042344375,414546042344465
1,47361,GET,414546042347693,414546042347552
1,41230,GET,414546042354639,414546042354077
1,44294,GET,414546042360121,414546042360021
1,48897,GET,414546042361815,414546042362477
1,42755,GET,414546042365494,414546042365444
1,42767,GET,414546042370415,414546042371929
1,50177,GET,414546042373974,414546042374184
1,50689,GET,414546042376930,414546042377121
1,43278,GET,414546042389329,414546042390322
1,52737,GET,414546042393128,414546042394832
1,52993,GET,414546042398982,414546042398501
1,40459,GET,414546042400425,414546042400806
1,46343,GET,414546042402851,414546042403322
1,50696,GET,414546042407070,414546042406579
1,48652,GET,414546042409777,414546042409576
1,47111,GET,414546042412202,414546042412413
1,45327,GET,414546042417244,414546042416763
1,41995,GET,414546042419760,414546042419760
1,48647,GET,414546042439546,414546042439105
1,49676,GET,414546042442713,414546042441801
1,45582,GET,414546042451093,414546042450461
1,42763,GET,414546042451794,414546042450722
1,45833,GET,414546042453639,414546042453588
1,47107,GET,414546042458149,414546042456365
1,51712,GET,414546042464564,414546042464905
1,47887,GET,414546042466518,414546042466248
1,50690,GET,414546042474687,414546042473605
1,53004,GET,414546042477684,414546042478266
1,48899,GET,414546042482135,414546042482195
1,48142,GET,414546042490304,414546042490304
1,53760,GET,414546042491697,414546042493080
1,52231,GET,414546042497390,414546042496909
1,52229,GET,414546042498743,414546042498443
1,54784,GET,414546042502432,414546042502873
1,50435,GET,414546042504437,414546042504296
1,64010,GET,414546042507444,414546042505820
1,49161,GET,414546042512996,414546042511633
1,55052,GET,414546042514319,414546042513518
1,46347,GET,414546042515643,414546042515262
1,55308,GET,414546042517076,414546042518369
1,54535,GET,414546042520113,414546042520233
1,49673,GET,414546042522478,414546042522057
1,62724,GET,414546042527971,414546042526548
1,53250,GET,414546042529886,414546042528974
1,56844,GET,414546042535408,414546042534957
1,63236,GET,414546042536501,414546042537052
1,55815,GET,414546042538636,414546042538646
1,51214,GET,414546042541082,414546042540139
1,59393,GET,414546042547056,414546042546905
1,53251,GET,414546042551927,414546042553781
1,51982,GET,414546042558883,414546042558492
1,54543,GET,414546042560948,414546042560817
1,52493,GET,414546042567062,414546042566731
1,53006,GET,414546042569287,414546042568215
1,55810,GET,414546042570640,414546042570029
1,58887,GET,414546042579641,414546042579872
1,53774,GET,414546042582618,414546042582247
1,55046,GET,414546042591028,414546042590005
1,56834,GET,414546042592000,414546042592291
1,55555,GET,414546042593273,414546042594045
1,67076,GET,414546042596230,414546042595799
1,59392,GET,414546042599347,414546042599397
1,55811,GET,414546042600690,414546042600840
1,59648,GET,414546042602304,414546042603216
1,55821,GET,414546042607476,414546042606904
1,62465,GET,414546042609440,414546042608117
2,258,PUT,414546041137653,414546041138434
2,514,PUT,414546041139186,414546041139336
2,770,PUT,414546041139527,414546041139627
2,1026,PUT,414546041139777,414546041139888
2,1282,PUT,414546041140028,414546041140138
2,1538,PUT,414546041140279,414546041140389
2,1794,PUT,414546041140529,414546041140629
2,2050,PUT,414546041140920,414546041141030
2,2306,PUT,414546041141171,414546041141281
2,2562,PUT,414546041141421,414546041141532
2,2818,PUT,414546041141682,414546041141782
2,3074,PUT,414546041141932,414546041142073
2,3330,PUT,414546041142243,414546041142343
2,3586,PUT,414546041142494,414546041142594
2,3842,PUT,414546041142734,414546041142845
2,4098,PUT,414546041143135,414546041143246
2,4354,PUT,414546041143386,414546041143496
2,4610,PUT,414546041143636,414546041143747
2,4866,PUT,414546041143887,414546041143997
2,5122,PUT,414546041144138,414546041144248
2,5378,PUT,414546041144388,414546041144498
2,5634,PUT,414546041144639,414546041144749
2,5890,PUT,414546041144889,414546041145000
2,6146,PUT,414546041145290,414546041145390
2,6402,PUT,414546041145541,414546041145651
2,6658,PUT,414546041145791,414546041145902
2,6914,PUT,414546041146042,414546041146152
2,7170,PUT,414546041146293,414546041146403
2,7426,PUT,414546041146543,414546041146653
2,7682,PUT,414546041146794,414546041146904
2,7938,PUT,414546041147044,414546041147155
2,8194,PUT,414546041147435,414546041147545
2,8450,PUT,414546041147696,414546041147806
2,8706,PUT,414546041147946,414546041148057
2,8962,PUT,414546041148197,414546041148297
2,9218,PUT,414546041148448,414546041148558
2,9474,PUT,414546041148698,414546041148808
2,9730,PUT,414546041148949,414546041149059
2,9986,PUT,414546041149199,414546041149310
2,10242,PUT,414546041149590,414546041149701
2,10498,PUT,414546041149841,414546041149951
2,10754,PUT,414546041150091,414546041150202
2,11010,PUT,414546041150342,414546041150452
2,11266,PUT,414546041150603,414546041150703
2,11522,PUT,414546041150853,414546041150953
2,11778,PUT,414546041151094,414546041151204
2,12034,PUT,414546041151344,414546041151455
2,12290,PUT,414546041151755,414546041151866
2,12546,PUT,414546041152006,414546041152116
2,12802,PUT,414546041152256,414546041152437
2,13058,PUT,414546041152577,414546041152687
2,13314,PUT,414546041152878,414546041153038
2,13570,PUT,414546041153269,414546041153419
2,13826,PUT,414546041153710,414546041153860
2,14082,PUT,414546041154051,414546041154201
2,14338,PUT,414546041154452,414546041154602
2,14594,PUT,414546041154862,414546041155013
2,14850,PUT,414546041155283,414546041155434
2,15106,PUT,414546041155634,414546041155785
2,15362,PUT,414546041156035,414546041156186
2,15618,PUT,414546041156436,414546041156586
2,15874,PUT,414546041156787,414546041156947
2,16130,PUT,414546041157148,414546041157298
2,16386,PUT,414546041157549,414546041157699
2,16642,PUT,414546041566358,414546041566649
2,16898,PUT,414546041568623,414546041568994
2,17154,PUT,414546041569816,414546041570107
2,17410,PUT,414546041577053,414546041577354
2,17666,PUT,414546041580260,414546041580591
2,17922,PUT,414546041585663,414546041586405
2,18178,PUT,414546041587096,414546041587397
2,18434,PUT,414546041589261,414546041589341
2,18690,PUT,414546041599926,414546041599495
2,18946,PUT,414546041603144,414546041602282
2,19202,PUT,414546041604477,414546041604326
2,19458,PUT,414546041607023,414546041607333
2,19714,PUT,414546041613638,414546041613508
2,19970,PUT,414546041617447,414546041619020
2,20226,PUT,414546041624383,414546041624804
2,20482,PUT,414546041626678,414546041626007
2,20738,PUT,414546041630206,414546041630517
2,20994,PUT,414546041633213,414546041633504
2,21250,PUT,414546041634476,414546041634797
2,21506,PUT,414546041644459,414546041644720
2,21762,PUT,414546041645362,414546041647366
2,22018,PUT,414546041648779,414546041648699
2,22274,PUT,414546041652889,414546041652548
2,22530,PUT,414546041654022,414546041654312
2,22786,PUT,414546041658061,414546041658101
2,23042,PUT,414546041659474,414546041660186
2,23298,PUT,414546041663353,414546041662361
2,23554,PUT,414546041668195,414546041668445
2,23810,PUT,414546041669297,414546041670430
2,24066,PUT,414546041674680,414546041674980
2,24322,PUT,414546041677326,414546041679391
2,24578,PUT,414546041684312,414546041684112
2,24834,PUT,414546041691258,414546041691890
2,25090,PUT,414546041696601,414546041696510
2,25346,PUT,414546041699948,414546041699357
2,25602,PUT,414546041706995,414546041706834
2,25858,PUT,414546041711956,414546041712718
2,26114,PUT,414546041713891,414546041713951
2,26370,PUT,414546041720947,414546041721228
2,26626,PUT,414546041726530,414546041726400
2,26882,PUT,414546041727853,414546041726059
2,27138,PUT,414546041734599,414546041734468
2,27394,PUT,414546041738077,414546041737576
2,27650,PUT,414546041741455,414546041742237
2,27906,PUT,414546041748271,414546041748611
2,28162,PUT,414546041750907,414546041750185
2,28418,PUT,414546041753803,414546041752260
2,28674,PUT,414546041762925,414546041761932
2,28930,PUT,414546041763957,414546041764929
2,29186,PUT,414546041771344,414546041771374
2,29442,PUT,414546041775794,414546041775373
2,29698,PUT,414546041786529,414546041786640
2,29954,PUT,414546041787782,414546041788053
2,30210,PUT,414546041795210,414546041797435
2,30466,PUT,414546041798287,414546041798467
2,30722,PUT,414546041799961,414546041799730
2,30978,PUT,414546041802677,414546041804822
2,31234,PUT,414546041807077,414546041806666
2,31490,PUT,414546041811317,414546041811708
2,31746,PUT,414546041836646,414546041836616
2,32002,PUT,414546041838610,414546041838610
2,32258,PUT,414546041839713,414546041840876
2,32514,PUT,414546041842209,414546041842279
2,32770,PUT,414546041843742,414546041844173
2,33026,PUT,414546041849095,414546041849155
2,33282,PUT,414546041853515,414546041853826
2,33538,PUT,414546041857634,414546041857995
2,33794,PUT,414546041859529,414546041859238
2,34050,PUT,414546041862376,414546041863448
2,34306,PUT,414546041868470,414546041868770
2,34562,PUT,414546041883986,414546041883414
2,34818,PUT,414546041890521,414546041890852
2,35074,PUT,414546041893939,414546041893598
2,35330,PUT,414546041899201,414546041899562
2,35586,PUT,414546041900494,414546041900785
2,35842,PUT,414546041904964,414546041905255
2,36098,PUT,414546041910337,414546041910146
2,36354,PUT,414546041912311,414546041912602
2,36610,PUT,414546041916902,414546041917243
2,36866,PUT,414546041919528,414546041919558
2,37122,PUT,414546041923938,414546041923086
2,37378,PUT,414546041927086,414546041927467
2,37634,PUT,414546041933190,414546041933481
2,37890,PUT,414546041937390,414546041937751
2,38146,PUT,414546041938783,414546041938302
2,38402,PUT,414546041941339,414546041941620
2,38658,PUT,414546041942311,414546041942652
2,38914,PUT,414546041944837,414546041944777
2,39170,PUT,414546041949688,414546041949378
2,39426,PUT,414546041954068,414546041954439
2,39682,PUT,414546041959551,414546041959571
2,39938,PUT,414546041962839,414546041962769
2,40194,PUT,414546041967750,414546041968071
2,40450,PUT,414546041969755,414546041969865
2,40706,PUT,414546041976410,414546041977453
2,40962,PUT,414546041981542,414546041981091
2,41218,PUT,414546041983296,414546041983096
2,41474,PUT,414546041984429,414546041985131
2,41730,PUT,414546041987707,414546041988057
2,41986,PUT,414546041998401,414546042000085
2,42242,PUT,414546042016453,414546042016804
2,42498,PUT,414546042020052,414546042020453
2,42754,PUT,414546042037663,414546042037242
2,43010,PUT,414546042039336,414546042039276
2,43266,PUT,414546042043977,414546042043195
2,43522,PUT,414546042046854,414546042047235
2,43778,PUT,414546042048818,414546042049119
2,44034,PUT,414546042071301,414546042071060
2,44290,PUT,414546042081785,414546042082096
2,44546,PUT,414546042082847,414546042082837
2,44802,PUT,414546042084431,414546042085654
2,45058,PUT,414546042087749,414546042088671
2,45314,PUT,414546042090164,414546042089924
2,45570,PUT,414546042094064,414546042093282
2,45826,PUT,414546042097612,414546042096860
2,46082,PUT,414546042108647,414546042108377
2,46338,PUT,414546042110161,414546042111464
2,46594,PUT,414546042113799,414546042115744
2,46850,PUT,414546042116836,414546042117137
2,47106,PUT,414546042118280,414546042116856
2,47362,PUT,414546042122269,414546042122289
2,47618,PUT,414546042127551,414546042127591
2,47874,PUT,414546042129626,414546042128794
2,48130,PUT,414546042145964,414546042145844
2,48386,PUT,414546042148670,414546042149392
2,48642,PUT,414546042150454,414546042150755
2,48898,PUT,414546042152710,414546042152790
2,49154,PUT,414546042153672,414546042153020
2,49410,PUT,414546042156298,414546042155616
2,49666,PUT,414546042158012,414546042157812
2,49922,PUT,414546042159445,414546042159265
2,50178,PUT,414546042160698,414546042160728
2,50434,PUT,414546042172405,414546042172395
2,50690,PUT,414546042173418,414546042173207
2,50946,PUT,414546042176966,414546042177136
2,51202,PUT,414546042189044,414546042190437
2,51458,PUT,414546042191089,414546042191119
2,51714,PUT,414546042195870,414546042195740
2,51970,PUT,414546042197213,414546042196080
2,52226,PUT,414546042201112,414546042200842
2,52482,PUT,414546042215225,414546042215065
2,52738,PUT,414546042217440,414546042217781
2,52994,PUT,414546042221369,414546042221570
2,53250,PUT,414546042226531,414546042226752
2,53506,PUT,414546042228355,414546042227193
2,53762,PUT,414546042232946,414546042232224
2,54018,PUT,414546042234299,414546042234460
2,54274,PUT,414546042237396,414546042237667
2,54530,PUT,414546042239672,414546042239802
2,54786,PUT,414546042248452,414546042248743
2,55042,PUT,414546042254376,414546042253484
2,55298,PUT,414546042257744,414546042260149
2,55554,PUT,414546042264028,414546042263337
2,55810,PUT,414546042265732,414546042265041
2,56066,PUT,414546042268609,414546042268910
2,56322,PUT,414546042280396,414546042280356
2,56578,PUT,414546042281549,414546042282822
2,56834,PUT,414546042285729,414546042285578
2,57090,PUT,414546042286941,414546042286741
2,57346,PUT,414546042295050,414546042294289
2,57602,PUT,414546042297476,414546042296353
2,57858,PUT,414546042299551,414546042299009
2,58114,PUT,414546042301104,414546042301405
2,58370,PUT,414546042303811,414546042304181
2,58626,PUT,414546042307359,414546042308191
2,58882,PUT,414546042317643,414546042317853
2,59138,PUT,414546042322053,414546042322885
2,59394,PUT,414546042324248,414546042324559
2,59650,PUT,414546042325301,414546042325611
2,59906,PUT,414546042331495,414546042331515
2,60162,PUT,414546042335294,414546042335635
2,60418,PUT,414546042336517,414546042336537
2,60674,PUT,414546042337639,414546042339143
2,60930,PUT,414546042350940,414546042349286
2,61186,PUT,414546042352113,414546042352494
2,61442,PUT,414546042359851,414546042359771
2,61698,PUT,414546042363269,414546042363630
2,61954,PUT,414546042364371,414546042364632
2,62210,PUT,414546042366196,414546042366867
2,62466,PUT,414546042372430,414546042372681
2,62722,PUT,414546042387465,414546042385901
2,62978,PUT,414546042397689,414546042396225
2,63234,PUT,414546042398952,414546042399042
2,63490,PUT,414546042400525,414546042400826
2,63746,PUT,414546042404404,414546042405397
2,64002,PUT,414546042412924,414546042412403
2,64258,PUT,414546042419740,414546042419850
2,64514,PUT,414546042421273,414546042421494
2,64770,PUT,414546042441941,414546042442723
2,65026,PUT,414546042451303,414546042451423
2,65282,PUT,414546042452947,414546042452837
2,65538,PUT,414546042460725,414546042460895
2,65794,PUT,414546042466458,414546042465316
2,66050,PUT,414546042468273,414546042468563
2,66306,PUT,414546042470828,414546042471149
2,66562,PUT,414546042475199,414546042474938
2,66818,PUT,414546042478687,414546042478657
2,67074,PUT,414546042481573,414546042481924
2,67330,PUT,414546042482836,414546042483137
2,67586,PUT,414546042484981,414546042484470
2,67842,PUT,414546042491927,414546042492800
2,68098,PUT,414546042498162,414546042498533
2,68354,PUT,414546042501520,414546042501830
2,68610,PUT,414546042505008,414546042505890
2,68866,PUT,414546042508506,414546042508466
2,69122,PUT,414546042509929,414546042509959
2,69378,PUT,414546042527149,414546042522709
2,69634,PUT,414546042528362,414546042528633
2,69890,PUT,414546042532492,414546042533995
2,70146,PUT,414546042535689,414546042535008
2,70402,PUT,414546042538716,414546042538706
2,70658,PUT,414546042540170,414546042540340
2,70914,PUT,414546042544079,414546042544911
2,71170,PUT,414546042552167,414546042553370
2,71426,PUT,414546042554954,414546042555004
2,71682,PUT,414546042556056,414546042556357
2,71938,PUT,414546042557901,414546042557520
2,72194,PUT,414546042559645,414546042557951
2,72450,PUT,414546042565839,414546042565498
2,72706,PUT,414546042568736,414546042567453
2,72962,PUT,414546042571482,414546042571783
2,73218,PUT,414546042582608,414546042582438
2,73474,PUT,414546042585144,414546042584202
2,73730,PUT,414546042589284,414546042588963
2,73986,PUT,414546042602494,414546042602174
2,74242,PUT,414546042607576,414546042607897
2,3588,GET,414546041563401,414546041562970
2,4612,GET,414546041564794,414546041564404
2,7684,GET,414546041567641,414546041567611
2,11524,GET,414546041571660,414546041571700
2,12804,GET,414546041573124,414546041572623
2,14340,GET,414546041574968,414546041575760
2,1032,GET,414546041578887,414546041578015
2,3848,GET,414546041582907,414546041582836
2,12552,GET,414546041591226,414546041589211
2,15112,GET,414546041593621,414546041593321
2,16392,GET,414546041594975,414546041594774
2,2571,GET,414546041597961,414546041597130
2,521,GET,414546041608275,414546041606882
2,12811,GET,414546041610471,414546041609248
2,2057,GET,414546041612676,414546041612044
2,14859,GET,414546041615442,414546041616023
2,5385,GET,414546041620263,414546041619762
2,6409,GET,414546041621356,414546041621145
2,8457,GET,414546041623010,414546041622138
2,13321,GET,414546041628502,414546041628362
2,15881,GET,414546041632291,414546041631459
2,5644,GET,414546041635789,414546041635338
2,7692,GET,414546041637674,414546041638666
2,11532,GET,414546041640921,414546041640009
2,12556,GET,414546041642084,414546041641663
2,2823,GET,414546041650754,414546041650754
2,6919,GET,414546041655435,414546041655575
2,12039,GET,414546041661319,414546041661539
2,518,GET,414546041665067,414546041666190
2,16135,GET,414546041667272,414546041667242
2,8454,GET,414546041673818,414546041673056
2,14854,GET,414546041680363,414546041680724
2,258,GET,414546041682929,414546041682628
2,2562,GET,414546041685916,414546041688161
2,11266,GET,414546041693563,414546041693824
2,2051,GET,414546041702033,414546041701111
2,16130,GET,414546041704138,414546041704940
2,6659,GET,414546041708248,414546041708388
2,8451,GET,414546041710413,414546041708949
2,12035,GET,414546041715835,414546041715184
2,14083,GET,414546041717960,414546041717810
2,15875,GET,414546041719794,414546041719784
2,1807,GET,414546041722410,414546041721538
2,3855,GET,414546041723954,414546041723262
2,5647,GET,414546041725488,414546041724876
2,10255,GET,414546041729858,414546041728896
2,3854,GET,414546041739671,414546041739671
2,6670,GET,414546041743369,414546041743600
2,9742,GET,414546041745745,414546041745855
2,11278,GET,414546041747088,414546041746667
2,13582,GET,414546041749714,414546041750025
2,2573,GET,414546041755958,414546041757602
2,5645,GET,414546041758805,414546041759336
2,11021,GET,414546041765831,414546041765410
2,14861,GET,414546041769640,414546041769690
2,1537,GET,414546041772567,414546041771835
2,3585,GET,414546041774331,414546041774371
2,7681,GET,414546041779453,414546041779012
2,9473,GET,414546041781508,414546041780786
2,12033,GET,414546041782801,414546041782029
2,12801,GET,414546041784254,414546041783773
2,1797,GET,414546041791040,414546041790739
2,4613,GET,414546041793215,414546041791531
2,11013,GET,414546041801203,414546041801213
2,512,GET,414546041809262,414546041809112
2,5120,GET,414546041814063,414546041813642
2,17674,GET,414546041846659,414546041845356
2,17412,GET,414546041852152,414546041850037
2,17153,GET,414546041855991,414546041855179
2,25866,GET,414546041861524,414546041861774
2,19201,GET,414546041865753,414546041866555
2,16646,GET,414546041871026,414546041869081
2,17155,GET,414546041871888,414546041873201
2,28426,GET,414546041875065,414546041875937
2,16908,GET,414546041878313,414546041879365
2,17933,GET,414546041881881,414546041882111
2,21249,GET,414546041885519,414546041884727
2,17416,GET,414546041888105,414546041887805
2,29450,GET,414546041892365,414546041892185
2,18701,GET,414546041895312,414546041896715
2,17931,GET,414546041902128,414546041902429
2,20997,GET,414546041906919,414546041908162
2,20237,GET,414546041914286,414546041910437
2,18696,GET,414546041915399,414546041915559
2,19980,GET,414546041925813,414546041925783
2,19723,GET,414546041929541,414546041929832
2,23040,GET,414546041931075,414546041931195
2,23808,GET,414546041934964,414546041934022
2,23557,GET,414546041947012,414546041946401
2,22031,GET,414546041951713,414546041952264
2,32266,GET,414546041956053,414546041956294
2,22283,GET,414546041958398,414546041957276
2,22284,GET,414546041961395,414546041961416
2,23055,GET,414546041965164,414546041965946
2,22792,GET,414546041971419,414546041971800
2,22791,GET,414546041974025,414546041973925
2,23304,GET,414546041978615,414546041979417
2,23567,GET,414546041982304,414546041982234
2,26880,GET,414546041990944,414546041991666
2,24589,GET,414546041993179,414546041994943
2,24847,GET,414546041995946,414546041994883
2,27397,GET,414546042018027,414546042017796
2,23305,GET,414546042019140,414546042019250
2,35338,GET,414546042022227,414546042022688
2,25613,GET,414546042024853,414546042023520
2,25871,GET,414546042027679,414546042028271
2,25355,GET,414546042029864,414546042032440
2,28928,GET,414546042034004,414546042033733
2,26888,GET,414546042035798,414546042034004
2,24841,GET,414546042041642,414546042041872
2,26119,GET,414546042045801,414546042044388
2,32260,GET,414546042060967,414546042061568
2,27663,GET,414546042066018,414546042066219
2,29960,GET,414546042068003,414546042067111
2,27139,GET,414546042070078,414546042070138
2,38410,GET,414546042074258,414546042074709
2,27651,GET,414546042076503,414546042076583
2,29957,GET,414546042078598,414546042078868
2,25102,GET,414546042091638,414546042092330
2,28931,GET,414546042100148,414546042099256
2,32005,GET,414546042101491,414546042101391
2,28934,GET,414546042105290,414546042105239
2,29187,GET,414546042107695,414546042107004
2,32012,GET,414546042125857,414546042126359
2,30735,GET,414546042147297,414546042146686
2,39940,GET,414546042155105,414546042155165
2,30475,GET,414546042163675,414546042164597
2,32514,GET,414546042167464,414546042168236
2,31494,GET,414546042170381,414546042169829
2,34821,GET,414546042174440,414546042174881
2,32265,GET,414546042178780,414546042178580
2,45834,GET,414546042180314,414546042180344
2,34056,GET,414546042182058,414546042182058
2,32003,GET,414546042184614,414546042184794
2,34568,GET,414546042185987,414546042185486
2,36608,GET,414546042194387,414546042193324
2,32775,GET,414546042203087,414546042202786
2,34573,GET,414546042205432,414546042204500
2,47882,GET,414546042208469,414546042208159
2,37125,GET,414546042210093,414546042210684
2,33287,GET,414546042212599,414546042212168
2,34569,GET,414546042218833,414546042218272
2,38144,GET,414546042220447,414546042220407
2,38400,GET,414546042224065,414546042224186
2,36872,GET,414546042229739,414546042228957
2,36365,GET,414546042231934,414546042231493
2,38412,GET,414546042236464,414546042236264
2,35587,GET,414546042242188,414546042242208
2,35843,GET,414546042245225,414546042245886
2,37901,GET,414546042250537,414546042250597
2,36355,GET,414546042256761,414546042256471
2,37127,GET,414546042261382,414546042262184
2,39181,GET,414546042266805,414546042267075
2,40204,GET,414546042272518,414546042272237
2,51722,GET,414546042274001,414546042275525
2,47620,GET,414546042277981,414546042278261
2,38659,GET,414546042283985,414546042283784
2,44033,GET,414546042288796,414546042288475
2,52490,GET,414546042291251,414546042291111
2,39430,GET,414546042299060,414546042298348
2,41740,GET,414546042302838,414546042302397
2,49412,GET,414546042305104,414546042303700
2,37390,GET,414546042309714,414546042309744
2,50180,GET,414546042311348,414546042311408
2,39439,GET,414546042313202,414546042312010
2,42501,GET,414546042315317,414546042313844
2,42757,GET,414546042319056,414546042319066
2,38670,GET,414546042321301,414546042318625
2,46081,GET,414546042326834,414546042326273
2,39177,GET,414546042330011,414546042328889
2,39950,GET,414546042341137,414546042340997
2,43266,GET,414546042353275,414546042352945
2,43527,GET,414546042356824,414546042356403
2,38155,GET,414546042358919,414546042358397
2,44300,GET,414546042362337,414546042362286
2,45068,GET,414546042368912,414546042368371
2,45324,GET,414546042370305,414546042369644
2,46348,GET,414546042376850,414546042377121
2,42505,GET,414546042378574,414546042377772
2,46860,GET,414546042381752,414546042383055
2,46085,GET,414546042384308,414546042383295
2,52225,GET,414546042388678,414546042387786
2,52481,GET,414546042391735,414546042391985
2,45570,GET,414546042394160,414546042394591
2,44547,GET,414546042396085,414546042395634
2,40715,GET,414546042402259,414546042402450
2,50440,GET,414546042406289,414546042406168
2,47365,GET,414546042407892,414546042408233
2,49920,GET,414546042409697,414546042408213
2,50176,GET,414546042410719,414546042410047
2,41483,GET,414546042414417,414546042415189
2,47110,GET,414546042417645,414546042417124
2,45837,GET,414546042422426,414546042421835
2,48901,GET,414546042424471,414546042424681
2,44814,GET,414546042426465,414546042425483
2,48386,GET,414546042444217,414546042444106
2,45326,GET,414546042446101,414546042446332
2,58116,GET,414546042448547,414546042447194
2,51976,GET,414546042449890,414546042449810
2,50700,GET,414546042455302,414546042455663
2,43531,GET,414546042457036,414546042457257
2,50178,GET,414546042459121,414546042459201
2,54529,GET,414546042462078,414546042462960
2,51980,GET,414546042464343,414546042463562
2,50439,GET,414546042465416,414546042464764
2,52480,GET,414546042469525,414546042468313
2,53256,GET,414546042473044,414546042472913
2,47369,GET,414546042480010,414546042479920
2,44555,GET,414546042486836,414546042487066
2,53772,GET,414546042489241,414546042489883
2,54272,GET,414546042494965,414546042493742
2,48649,GET,414546042503444,414546042503434
2,57857,GET,414546042511192,414546042511152
2,58113,GET,414546042515903,414546042516956
2,61956,GET,414546042518820,414546042518740
2,51203,GET,414546042520925,414546042520023
2,50702,GET,414546042530056,414546042530026
2,50957,GET,414546042542996,414546042542996
2,52995,GET,414546042549271,414546042548689
2,53765,GET,414546042551406,414546042550233
2,49931,GET,414546042558983,414546042558492
2,58892,GET,414546042562371,414546042561950
2,52237,GET,414546042564576,414546042565067
2,55567,GET,414546042570169,414546042569999
2,53510,GET,414546042574569,414546042576504
2,50699,GET,414546042577667,414546042578168
2,54278,GET,414546042580633,414546042580032
2,60684,GET,414546042583540,414546042582167
2,54542,GET,414546042588081,414546042587419
2,55054,GET,414546042591900,414546042592291
2,51723,GET,414546042593564,414546042593824
2,61964,GET,414546042595729,414546042595277
2,53513,GET,414546042597573,414546042598475
2,60167,GET,414546042606343,414546042605321
2,56590,GET,414546042609490,414546042608869
3,259,PUT,414546041152256,414546041152437
3,515,PUT,414546041152878,414546041153038
3,771,PUT,414546041153269,414546041153419
3,1027,PUT,414546041153710,414546041153860
3,1283,PUT,414546041154051,414546041154201
3,1539,PUT,414546041154452,414546041154602
3,1795,PUT,414546041154862,414546041155013
3,2051,PUT,414546041155283,414546041155434
3,2307,PUT,414546041155634,414546041155785
3,2563,PUT,414546041156035,414546041156186
3,2819,PUT,414546041156436,414546041156586
3,3075,PUT,414546041156787,414546041156947
3,3331,PUT,414546041157148,414546041157298
3,3587,PUT,414546041157549,414546041157699
3,3843,PUT,414546041157950,414546041158060
3,4099,PUT,414546041158200,414546041158310
3,4355,PUT,414546041158451,414546041158561
3,4611,PUT,414546041158701,414546041158812
3,4867,PUT,414546041158952,414546041159062
3,5123,PUT,414546041159213,414546041159313
3,5379,PUT,414546041159463,414546041159563
3,5635,PUT,414546041159704,414546041159814
3,5891,PUT,414546041159954,414546041160065
3,6147,PUT,414546041160205,414546041160315
3,6403,PUT,414546041160466,414546041160566
3,6659,PUT,414546041160716,414546041160816
3,6915,PUT,414546041160967,414546041161067
3,7171,PUT,414546041161217,414546041161328
3,7427,PUT,414546041161468,414546041161578
3,7683,PUT,414546041161718,414546041161829
3,7939,PUT,414546041161969,414546041162069
3,8195,PUT,414546041162230,414546041162330
3,8451,PUT,414546041162480,414546041162590
3,8707,PUT,414546041162731,414546041162841
3,8963,PUT,414546041162981,414546041163092
3,9219,PUT,414546041163232,414546041163342
3,9475,PUT,414546041163483,414546041163583
3,9731,PUT,414546041163733,414546041163833
3,9987,PUT,414546041163984,414546041164084
3,10243,PUT,414546041164234,414546041164345
3,10499,PUT,414546041164495,414546041164605
3,10755,PUT,414546041164745,414546041164856
3,11011,PUT,414546041164996,414546041165096
3,11267,PUT,414546041165247,414546041165357
3,11523,PUT,414546041165497,414546041165607
3,11779,PUT,414546041165748,414546041165858
3,12035,PUT,414546041165998,414546041166109
3,12291,PUT,414546041166259,414546041166369
3,12547,PUT,414546041166510,414546041166620
3,12803,PUT,414546041166760,414546041166870
3,13059,PUT,414546041167011,414546041167121
3,13315,PUT,414546041167261,414546041167372
3,13571,PUT,414546041167512,414546041167622
3,13827,PUT,414546041167762,414546041167873
3,14083,PUT,414546041168013,414546041168123
3,14339,PUT,414546041168274,414546041168384
3,14595,PUT,414546041168524,414546041168634
3,14851,PUT,414546041168775,414546041168885
3,15107,PUT,414546041169025,414546041169136
3,15363,PUT,414546041169286,414546041169386
3,15619,PUT,414546041169527,414546041169637
3,15875,PUT,414546041169777,414546041169887
3,16131,PUT,414546041170028,414546041170138
3,16387,PUT,414546041170288,414546041170399
3,16643,PUT,414546041567090,414546041567401
3,16899,PUT,414546041568623,414546041568994
3,17155,PUT,414546041571370,414546041571129
3,17411,PUT,414546041572282,414546041571680
3,17667,PUT,414546041575870,414546041575950
3,17923,PUT,414546041580260,414546041580591
3,18179,PUT,414546041585663,414546041586405
3,18435,PUT,414546041590725,414546041590564
3,18691,PUT,414546041598613,414546041598954
3,18947,PUT,414546041604477,414546041604326
3,19203,PUT,414546041607594,414546041607734
3,19459,PUT,414546041610050,414546041610661
3,19715,PUT,414546041615031,414546041613999
3,19971,PUT,414546041616805,414546041616865
3,20227,PUT,414546041620594,414546041620394
3,20483,PUT,414546041625044,414546041624593
3,20739,PUT,414546041640440,414546041640801
3,20995,PUT,414546041641603,414546041641843
3,21251,PUT,414546041642956,414546041642776
3,21507,PUT,414546041644459,414546041644720
3,21763,PUT,414546041650343,414546041650263
3,22019,PUT,414546041652889,414546041652548
3,22275,PUT,414546041654022,414546041654312
3,22531,PUT,414546041659474,414546041660186
3,22787,PUT,414546041662161,414546041661038
3,23043,PUT,414546041669297,414546041670430
3,23299,PUT,414546041673056,414546041673156
3,23555,PUT,414546041676454,414546041675842
3,23811,PUT,414546041681105,414546041681435
3,24067,PUT,414546041685244,414546041688953
3,24323,PUT,414546041696601,414546041696510
3,24579,PUT,414546041703366,414546041703657
3,24835,PUT,414546041710012,414546041709591
3,25091,PUT,414546041710914,414546041710312
3,25347,PUT,414546041716767,414546041717068
3,25603,PUT,414546041720947,414546041721228
3,25859,PUT,414546041723242,414546041723132
3,26115,PUT,414546041736553,414546041736904
3,26371,PUT,414546041738077,414546041737576
3,26627,PUT,414546041746436,414546041746817
3,26883,PUT,414546041748271,414546041748611
3,27139,PUT,414546041749082,414546041748371
3,27395,PUT,414546041750907,414546041750185
3,27651,PUT,414546041755397,414546041755407
3,27907,PUT,414546041757592,414546041757552
3,28163,PUT,414546041761862,414546041762463
3,28419,PUT,414546041765701,414546041765190
3,28675,PUT,414546041771344,414546041771374
3,28931,PUT,414546041775794,414546041775373
3,29187,PUT,414546041783051,414546041783452
3,29443,PUT,414546041784585,414546041784886
3,29699,PUT,414546041786529,414546041786640
3,29955,PUT,414546041790459,414546041789857
3,30211,PUT,414546041792102,414546041791461
3,30467,PUT,414546041799961,414546041799730
3,30723,PUT,414546041802677,414546041804822
3,30979,PUT,414546041836646,414546041836616
3,31235,PUT,414546041843742,414546041844173
3,31491,PUT,414546041851400,414546041850247
3,31747,PUT,414546041853515,414546041853826
3,32003,PUT,414546041857634,414546041857925
3,32259,PUT,414546041859529,414546041859238
3,32515,PUT,414546041861193,414546041861564
3,32771,PUT,414546041865473,414546041865783
3,33027,PUT,414546041870344,414546041869352
3,33283,PUT,414546041873652,414546041873942
3,33539,PUT,414546041874604,414546041875997
3,33795,PUT,414546041877310,414546041876709
3,34051,PUT,414546041883986,414546041883414
3,34307,PUT,414546041890521,414546041890371
3,34563,PUT,414546041894630,414546041894981
3,34819,PUT,414546041900494,414546041900785
3,35075,PUT,414546041901787,414546041901567
3,35331,PUT,414546041908914,414546041909224
3,35587,PUT,414546041910337,414546041910146
3,35843,PUT,414546041914577,414546041914376
3,36099,PUT,414546041916672,414546041917323
3,36355,PUT,414546041927086,414546041927467
3,36611,PUT,414546041929211,414546041928770
3,36867,PUT,414546041933190,414546041933481
3,37123,PUT,414546041934313,414546041934613
3,37379,PUT,414546041934944,414546041936177
3,37635,PUT,414546041942311,414546041942652
3,37891,PUT,414546041944837,414546041944777
3,38147,PUT,414546041949688,414546041950019
3,38403,PUT,414546041951212,414546041951222
3,38659,PUT,414546041956524,414546041956835
3,38915,PUT,414546041966377,414546041965465
3,39171,PUT,414546041967750,414546041968071
3,39427,PUT,414546041971940,414546041971669
3,39683,PUT,414546041980069,414546041980359
3,39939,PUT,414546041987707,414546041988057
3,40195,PUT,414546041992869,414546041992869
3,40451,PUT,414546042015882,414546042016183
3,40707,PUT,414546042016453,414546042016804
3,40963,PUT,414546042017696,414546042018037
3,41219,PUT,414546042018869,414546042019290
3,41475,PUT,414546042023029,414546042022918
3,41731,PUT,414546042035357,414546042035187
3,41987,PUT,414546042039336,414546042039276
3,42243,PUT,414546042041301,414546042040670
3,42499,PUT,414546042059654,414546042058180
3,42755,PUT,414546042060646,414546042059383
3,43011,PUT,414546042065016,414546042062230
3,43267,PUT,414546042071301,414546042071060
3,43523,PUT,414546042073756,414546042073997
3,43779,PUT,414546042077996,414546042078337
3,44035,PUT,414546042092550,414546042092951
3,44291,PUT,414546042094835,414546042094224
3,44547,PUT,414546042097612,414546042096860
3,44803,PUT,414546042099687,414546042099586
3,45059,PUT,414546042110161,414546042111464
3,45315,PUT,414546042118280,414546042116856
3,45571,PUT,414546042121247,414546042121166
3,45827,PUT,414546042123722,414546042125126
3,46083,PUT,414546042145964,414546042145844
3,46339,PUT,414546042148670,414546042149392
3,46595,PUT,414546042153672,414546042153020
3,46851,PUT,414546042154554,414546042154674
3,47107,PUT,414546042159445,414546042159265
3,47363,PUT,414546042160698,414546042160728
3,47619,PUT,414546042163375,414546042163675
3,47875,PUT,414546042167033,414546042167755
3,48131,PUT,414546042170551,414546042171293
3,48387,PUT,414546042172405,414546042172395
3,48643,PUT,414546042173849,414546042174891
3,48899,PUT,414546042179332,414546042179201
3,49155,PUT,414546042181366,414546042181757
3,49411,PUT,414546042182559,414546042182900
3,49667,PUT,414546042184514,414546042184133
3,49923,PUT,414546042185997,414546042186548
3,50179,PUT,414546042200451,414546042198065
3,50435,PUT,414546042201112,414546042200842
3,50691,PUT,414546042202786,414546042203097
3,50947,PUT,414546042217440,414546042217480
3,51203,PUT,414546042219475,414546042219665
3,51459,PUT,414546042223534,414546042223845
3,51715,PUT,414546042226531,414546042226752
3,51971,PUT,414546042232946,414546042232224
3,52227,PUT,414546042234299,414546042234460
3,52483,PUT,414546042237396,414546042237667
3,52739,PUT,414546042239672,414546042239802
3,52995,PUT,414546042241807,414546042242498
3,53251,PUT,414546042244844,414546042243511
3,53507,PUT,414546042264028,414546042263337
3,53763,PUT,414546042265732,414546042265041
3,54019,PUT,414546042267085,414546042266935
3,54275,PUT,414546042268609,414546042268910
3,54531,PUT,414546042272287,414546042272478
3,54787,PUT,414546042273230,414546042273109
3,55043,PUT,414546042279434,414546042279264
3,55299,PUT,414546042286941,414546042286741
3,55555,PUT,414546042288435,414546042288275
3,55811,PUT,414546042295050,414546042294289
3,56067,PUT,414546042297476,414546042296353
3,56323,PUT,414546042305585,414546042305204
3,56579,PUT,414546042317643,414546042317853
3,56835,PUT,414546042320840,414546042320590
3,57091,PUT,414546042324248,414546042324559
3,57347,PUT,414546042328097,414546042326844
3,57603,PUT,414546042331495,414546042331515
3,57859,PUT,414546042335294,414546042335635
3,58115,PUT,414546042336517,414546042336537
3,58371,PUT,414546042343473,414546042343242
3,58627,PUT,414546042347181,414546042346800
3,58883,PUT,414546042348484,414546042349366
3,59139,PUT,414546042361434,414546042360813
3,59395,PUT,414546042363269,414546042363630
3,59651,PUT,414546042372430,414546042375517
3,59907,PUT,414546042376429,414546042376780
3,60163,PUT,414546042379126,414546042379687
3,60419,PUT,414546042391123,414546042391494
3,60675,PUT,414546042393669,414546042393509
3,60931,PUT,414546042394882,414546042394872
3,61187,PUT,414546042405898,414546042406228
3,61443,PUT,414546042410007,414546042410308
3,61699,PUT,414546042410849,414546042411040
3,61955,PUT,414546042412924,414546042412403
3,62211,PUT,414546042415670,414546042415971
3,62467,PUT,414546042421273,414546042421494
3,62723,PUT,414546042439726,414546042439927
3,62979,PUT,414546042441049,414546042441029
3,63235,PUT,414546042444718,414546042444668
3,63491,PUT,414546042447143,414546042446903
3,63747,PUT,414546042451303,414546042451423
3,64003,PUT,414546042452947,414546042452837
3,64259,PUT,414546042454932,414546042454791
3,64515,PUT,414546042455994,414546042455954
3,64771,PUT,414546042459001,414546042458059
3,65027,PUT,414546042462940,414546042462479
3,65283,PUT,414546042465406,414546042465717
3,65539,PUT,414546042469686,414546042469475
3,65795,PUT,414546042480341,414546042479769
3,66051,PUT,414546042481573,414546042481924
3,66307,PUT,414546042489542,414546042489893
3,66563,PUT,414546042491927,414546042492800
3,66819,PUT,414546042506090,414546042505639
3,67075,PUT,414546042509228,414546042508877
3,67331,PUT,414546042510761,414546042510912
3,67587,PUT,414546042515192,414546042515542
3,67843,PUT,414546042517236,414546042517377
3,68099,PUT,414546042529435,414546042529725
3,68355,PUT,414546042535689,414546042535008
3,68611,PUT,414546042550564,414546042550554
3,68867,PUT,414546042554954,414546042555004
3,69123,PUT,414546042556056,414546042556357
3,69379,PUT,414546042559645,414546042557951
3,69635,PUT,414546042562010,414546042562241
3,69891,PUT,414546042565198,414546042564717
3,70147,PUT,414546042565839,414546042565498
3,70403,PUT,414546042571482,414546042571783
3,70659,PUT,414546042574289,414546042573316
3,70915,PUT,414546042580082,414546042578709
3,71171,PUT,414546042587971,414546042588261
3,71427,PUT,414546042589284,414546042588963
3,71683,PUT,414546042598585,414546042598806
3,71939,PUT,414546042602494,414546042602174
3,72195,PUT,414546042608829,414546042608829
3,4868,GET,414546041564855,414546041564404
3,5636,GET,414546041566188,414546041565987
3,9988,GET,414546041570247,414546041569706
3,13572,GET,414546041574156,414546041574096
3,520,GET,414546041577995,414546041577855
3,3592,GET,414546041582856,414546041582836
3,9480,GET,414546041587868,414546041586535
3,13832,GET,414546041591948,414546041591757
3,15624,GET,414546041594223,414546041593631
3,1291,GET,414546041596288,414546041595766
3,3851,GET,414546041599726,414546041599475
3,5643,GET,414546041600948,414546041602552
3,9995,GET,414546041605639,414546041606612
3,13579,GET,414546041612646,414546041612044
3,13835,GET,414546041613568,414546041613377
3,16139,GET,414546041618008,414546041618760
3,7177,GET,414546041621897,414546041621797
3,9481,GET,414546041623721,414546041623350
3,12553,GET,414546041627019,414546041627831
3,524,GET,414546041629996,414546041629134
3,1548,GET,414546041632251,414546041631459
3,3084,GET,414546041634085,414546041633644
3,5388,GET,414546041635759,414546041635338
3,7436,GET,414546041637634,414546041638666
3,15628,GET,414546041646093,414546041647206
3,3591,GET,414546041651656,414546041651576
3,7175,GET,414546041655465,414546041655575
3,9223,GET,414546041658362,414546041657861
3,262,GET,414546041663644,414546041663614
3,1286,GET,414546041667012,414546041666872
3,1798,GET,414546041667854,414546041666912
3,8966,GET,414546041674690,414546041673367
3,11782,GET,414546041677657,414546041679391
3,770,GET,414546041683711,414546041683771
3,7426,GET,414546041690426,414546041690807
3,8706,GET,414546041691679,414546041692722
3,13570,GET,414546041698034,414546041697011
3,14850,GET,414546041702003,414546041701111
3,5891,GET,414546041707446,414546041707436
3,9475,GET,414546041712337,414546041712768
3,11523,GET,414546041714823,414546041714412
3,14851,GET,414546041718622,414546041717028
3,1551,GET,414546041722370,414546041721538
3,4623,GET,414546041724646,414546041724646
3,6415,GET,414546041726300,414546041726360
3,9231,GET,414546041728735,414546041728164
3,12047,GET,414546041731421,414546041733446
3,4110,GET,414546041739701,414546041739671
3,6158,GET,414546041741896,414546041740563
3,6926,GET,414546041743399,414546041743600
3,9486,GET,414546041745715,414546041745855
3,1293,GET,414546041754124,414546041753823
3,8973,GET,414546041763436,414546041762834
3,9997,GET,414546041764639,414546041764669
3,15117,GET,414546041769670,414546041769690
3,1793,GET,414546041772597,414546041771835
3,3841,GET,414546041774351,414546041774371
3,7937,GET,414546041779483,414546041779012
3,9729,GET,414546041781538,414546041780786
3,16385,GET,414546041788384,414546041788654
3,4869,GET,414546041793626,414546041794899
3,9221,GET,414546041798838,414546041797956
3,10757,GET,414546041801173,414546041801213
3,15877,GET,414546041807558,414546041808470
3,1280,GET,414546041809854,414546041810425
3,4096,GET,414546041813211,414546041812760
3,12288,GET,414546041838560,414546041838109
3,13312,GET,414546041840655,414546041840184
3,17418,GET,414546041846629,414546041845356
3,20746,GET,414546041849526,414546041848082
3,24330,GET,414546041855961,414546041855179
3,20484,GET,414546041862536,414546041862416
3,22020,GET,414546041868450,414546041868349
3,16653,GET,414546041871607,414546041871467
3,17165,GET,414546041878343,414546041879365
3,23044,GET,414546041881921,414546041882111
3,28938,GET,414546041885549,414546041884727
3,16907,GET,414546041888145,414546041887805
3,19205,GET,414546041892957,414546041892185
3,18957,GET,414546041898349,414546041898900
3,18947,GET,414546041903100,414546041903802
3,19206,GET,414546041906177,414546041906157
3,19471,GET,414546041912662,414546041912301
3,19208,GET,414546041919027,414546041919649
3,18702,GET,414546041921493,414546041923618
3,25348,GET,414546041925773,414546041925783
3,24833,GET,414546041930985,414546041931195
3,31498,GET,414546041937911,414546041936668
3,23045,GET,414546041939896,414546041940607
3,20744,GET,414546041946982,414546041946401
3,22275,GET,414546041954640,414546041954961
3,27140,GET,414546041958429,414546041957276
3,23309,GET,414546041959411,414546041958930
3,23565,GET,414546041961365,414546041961416
3,22796,GET,414546041963500,414546041963961
3,23810,GET,414546041970416,414546041969414
3,22278,GET,414546041974055,414546041973925
3,23555,GET,414546041976851,414546041977102
3,23307,GET,414546041981803,414546041981041
3,23811,GET,414546041983076,414546041981783
3,21001,GET,414546041984790,414546041985532
3,21769,GET,414546041990904,414546041991666
3,25096,GET,414546041995575,414546041995394
3,27392,GET,414546041996838,414546041998792
3,23046,GET,414546042014910,414546041999414
3,24327,GET,414546042015491,414546042015271
3,23302,GET,414546042020523,414546042021535
3,30212,GET,414546042024873,414546042023520
3,22286,GET,414546042027719,414546042028271
3,23814,GET,414546042029905,414546042032440
3,29953,GET,414546042034034,414546042033733
3,24838,GET,414546042037773,414546042036500
3,26370,GET,414546042043195,414546042042754
3,26636,GET,414546042045771,414546042044388
3,29696,GET,414546042047335,414546042046393
3,27656,GET,414546042049089,414546042049500
3,27404,GET,414546042051715,414546042051725
3,28168,GET,414546042054893,414546042054161
3,25867,GET,414546042058220,414546042057108
3,26374,GET,414546042067121,414546042067111
3,30464,GET,414546042068975,414546042069396
3,27911,GET,414546042075861,414546042075651
3,39946,GET,414546042090455,414546042088731
3,27915,GET,414546042101140,414546042100960
3,34820,GET,414546042103987,414546042104317
3,31240,GET,414546042106242,414546042105590
3,25870,GET,414546042108297,414546042107856
3,29699,GET,414546042112516,414546042113669
3,29955,GET,414546042116375,414546042115553
3,32773,GET,414546042127251,414546042127411
3,30214,GET,414546042128423,414546042127431
3,29959,GET,414546042130167,414546042130268
3,33292,GET,414546042147267,414546042146686
3,38660,GET,414546042152690,414546042151958
3,40452,GET,414546042156108,414546042155977
3,34309,GET,414546042157862,414546042157551
3,33293,GET,414546042169048,414546042169158
3,45066,GET,414546042173378,414546042172917
3,30983,GET,414546042175944,414546042175332
3,41988,GET,414546042177527,414546042177598
3,33282,GET,414546042180344,414546042180344
3,36096,GET,414546042189485,414546042190447
3,38401,GET,414546042194356,414546042193324
3,30222,GET,414546042196131,414546042197253
3,47626,GET,414546042205402,414546042204500
3,33798,GET,414546042208499,414546042208159
3,34310,GET,414546042210123,414546042210684
3,34566,GET,414546042212629,414546042212168
3,34313,GET,414546042213962,414546042214734
3,34307,GET,414546042220938,414546042221309
3,34831,GET,414546042225378,414546042224005
3,35846,GET,414546042228255,414546042227443
3,37893,GET,414546042229699,414546042228957
3,32779,GET,414546042231904,414546042231493
3,44548,GET,414546042236264,414546042236264
3,38152,GET,414546042247350,414546042247680
3,33035,GET,414546042250517,414546042250597
3,33291,GET,414546042254707,414546042253915
3,33547,GET,414546042257383,414546042256932
3,42497,GET,414546042261352,414546042262184
3,38147,GET,414546042276788,414546042276858
3,39941,GET,414546042280767,414546042280406
3,40197,GET,414546042282000,414546042282621
3,37903,GET,414546042285438,414546042285638
3,40717,GET,414546042289568,414546042289838
3,40965,GET,414546042291893,414546042292935
3,39175,GET,414546042299020,414546042298348
3,36622,GET,414546042300222,414546042300152
3,41736,GET,414546042301836,414546042301866
3,41992,GET,414546042303580,414546042304071
3,37134,GET,414546042307098,414546042305986
3,40710,GET,414546042316169,414546042316941
3,41997,GET,414546042319096,414546042319066
3,43528,GET,414546042321863,414546042321993
3,40455,GET,414546042326032,414546042325932
3,42764,GET,414546042330042,414546042328889
3,52228,GET,414546042338080,414546042339504
3,41735,GET,414546042342651,414546042340997
3,41731,GET,414546042344495,414546042344896
3,43788,GET,414546042351872,414546042352454
3,41487,GET,414546042353235,414546042352945
3,48129,GET,414546042356854,414546042356403
3,52740,GET,414546042358949,414546042358397
3,41998,GET,414546042359921,414546042360021
3,44550,GET,414546042364672,414546042364822
3,44812,GET,414546042366476,414546042366586
3,43783,GET,414546042368942,414546042368371
3,42766,GET,414546042370335,414546042369644
3,44039,GET,414546042377893,414546042377732
3,51457,GET,414546042381782,414546042383055
3,54532,GET,414546042384338,414546042383295
3,47116,GET,414546042386162,414546042387114
3,44301,GET,414546042388638,414546042387786
3,44557,GET,414546042396125,414546042395634
3,49408,GET,414546042398190,414546042398501
3,56068,GET,414546042401237,414546042400796
3,44813,GET,414546042403632,414546042404615
3,46082,GET,414546042407852,414546042408233
3,44815,GET,414546042409656,414546042408213
3,47623,GET,414546042417675,414546042417124
3,47879,GET,414546042418938,414546042418096
3,45583,GET,414546042422466,414546042421835
3,44558,GET,414546042424511,414546042424681
3,45577,GET,414546042442112,414546042441801
3,48134,GET,414546042448577,414546042447194
3,46605,GET,414546042449930,414546042449810
3,58628,GET,414546042458299,414546042458390
3,52488,GET,414546042461086,414546042460464
3,50183,GET,414546042464373,414546042463562
3,59140,GET,414546042466759,414546042467811
3,50695,GET,414546042471219,414546042471951
3,50951,GET,414546042474266,414546042473605
3,48643,GET,414546042477043,414546042477634
3,47113,GET,414546042479358,414546042479218
3,49158,GET,414546042483207,414546042484069
3,47886,GET,414546042486806,414546042487066
3,49679,GET,414546042494924,414546042493742
3,54528,GET,414546042498523,414546042498443
3,61444,GET,414546042501530,414546042500648
3,56833,GET,414546042502502,414546042501450
3,49926,GET,414546042504517,414546042504296
3,55564,GET,414546042518850,414546042518740
3,65034,GET,414546042520955,414546042520023
3,52741,GET,414546042527600,414546042526548
3,55303,GET,414546042530988,414546042531560
3,53263,GET,414546042539027,414546042539197
3,63492,GET,414546042540761,414546042540139
3,59137,GET,414546042543036,414546042542996
3,66314,GET,414546042544610,414546042544890
3,59649,GET,414546042549241,414546042548689
3,57344,GET,414546042552228,414546042551406
3,54287,GET,414546042558211,414546042558262
3,57608,GET,414546042562922,414546042560316
3,51721,GET,414546042569137,414546042568215
3,53005,GET,414546042570550,414546042570029
3,58888,GET,414546042577185,414546042577165
3,53773,GET,414546042581475,414546042581375
3,54029,GET,414546042583600,414546042582167
3,56322,GET,414546042585515,414546042585425
3,66308,GET,414546042591930,414546042592291
3,55813,GET,414546042593594,414546042593824
3,68874,GET,414546042595698,414546042595277
3,58370,GET,414546042606383,414546042605321
3,69386,GET,414546042608027,414546042607456
4,260,PUT,414546040971196,414546040970965
4,516,PUT,414546040971577,414546040971898
4,772,PUT,414546040972258,414546040972369
4,1028,PUT,414546040972509,414546040972619
4,1284,PUT,414546040972760,414546040972870
4,1540,PUT,414546040973010,414546040973120
4,1796,PUT,414546040973261,414546040973371
4,2052,PUT,414546040973662,414546040973772
4,2308,PUT,414546040973912,414546040974023
4,2564,PUT,414546040974163,414546040974273
4,2820,PUT,414546040974413,414546040974524
4,3076,PUT,414546040974664,414546040974774
4,3332,PUT,414546040974925,414546040975035
4,3588,PUT,414546040975175,414546040975285
4,3844,PUT,414546040975426,414546040975526
4,4100,PUT,414546040975817,414546040975927
4,4356,PUT,414546040976077,414546040976178
4,4612,PUT,414546040976328,414546040976428
4,4868,PUT,414546040976578,414546040976679
4,5124,PUT,414546040976829,414546040976939
4,5380,PUT,414546040977080,414546040977190
4,5636,PUT,414546040977330,414546040977440
4,5892,PUT,414546040977581,414546040977681
4,6148,PUT,414546040977972,414546040978082
4,6404,PUT,414546040978232,414546040978343
4,6660,PUT,414546040978483,414546040978583
4,6916,PUT,414546040978733,414546040978834
4,7172,PUT,414546040978984,414546040979265
4,7428,PUT,414546040979515,414546040979716
4,7684,PUT,414546040979856,414546040979966
4,7940,PUT,414546040980107,414546040980207
4,8196,PUT,414546040980498,414546040980608
4,8452,PUT,414546040980748,414546040980858
4,8708,PUT,414546040980999,414546040981109
4,8964,PUT,414546040981249,414546040981360
4,9220,PUT,414546040981500,414546040981610
4,9476,PUT,414546040981750,414546040981861
4,9732,PUT,414546040982001,414546040982111
4,9988,PUT,414546040982252,414546040982362
4,10244,PUT,414546040982653,414546040982763
4,10500,PUT,414546040982913,414546040983023
4,10756,PUT,414546040983164,414546040983264
4,11012,PUT,414546040983414,414546040983525
4,11268,PUT,414546040983665,414546040983775
4,11524,PUT,414546040983916,414546040984026
4,11780,PUT,414546040984166,414546040984276
4,12036,PUT,414546040984417,414546040984527
4,12292,PUT,414546040984808,414546040984918
4,12548,PUT,414546040985068,414546040985168
4,12804,PUT,414546040985319,414546040985419
4,13060,PUT,414546040985559,414546040985670
4,13316,PUT,414546040985820,414546040985930
4,13572,PUT,414546040986071,414546040986181
4,13828,PUT,414546040986321,414546040986431
4,14084,PUT,414546040986572,414546040986682
4,14340,PUT,414546040986963,414546040987073
4,14596,PUT,414546040987223,414546040987323
4,14852,PUT,414546040987474,414546040987574
4,15108,PUT,414546040987714,414546040987825
4,15364,PUT,414546040987975,414546040988085
4,15620,PUT,414546040988226,414546040988336
4,15876,PUT,414546040988476,414546040988576
4,16132,PUT,414546040988807,414546040988917
4,16388,PUT,414546040989238,414546040989348
4,16644,PUT,414546041539285,414546041539496
4,16900,PUT,414546041540759,414546041541089
4,17156,PUT,414546041541631,414546041541741
4,17412,PUT,414546041543044,414546041543355
4,17668,PUT,414546041544978,414546041544818
4,17924,PUT,414546041545480,414546041545901
4,18180,PUT,414546041546402,414546041546452
4,18436,PUT,414546041548116,414546041547975
4,18692,PUT,414546041549619,414546041549679
4,18948,PUT,414546041550431,414546041550612
4,19204,PUT,414546041551393,414546041551714
4,19460,PUT,414546041552195,414546041552436
4,19716,PUT,414546041554410,414546041554771
4,19972,PUT,414546041555984,414546041556285
4,20228,PUT,414546041556976,414546041556986
4,20484,PUT,414546041557929,414546041558229
4,20740,PUT,414546041558690,414546041559001
4,20996,PUT,414546041560053,414546041559933
4,21252,PUT,414546041560394,414546041560695
4,21508,PUT,414546041561687,414546041561747
4,21764,PUT,414546041562930,414546041562890
4,22020,PUT,414546041566358,414546041566649
4,22276,PUT,414546041569816,414546041570558
4,22532,PUT,414546041571831,414546041572011
4,22788,PUT,414546041575870,414546041575950
4,23044,PUT,414546041580260,414546041580411
4,23300,PUT,414546041582866,414546041582526
4,23556,PUT,414546041594193,414546041592960
4,23812,PUT,414546041594554,414546041594002
4,24068,PUT,414546041596929,414546041596618
4,24324,PUT,414546041613187,414546041613508
4,24580,PUT,414546041618008,414546041618309
4,24836,PUT,414546041619381,414546041620123
4,25092,PUT,414546041621847,414546041622188
4,25348,PUT,414546041623671,414546041623972
4,25604,PUT,414546041636691,414546041634226
4,25860,PUT,414546041642685,414546041642776
4,26116,PUT,414546041645362,414546041643347
4,26372,PUT,414546041647086,414546041648699
4,26628,PUT,414546041649892,414546041650183
4,26884,PUT,414546041652578,414546041652548
4,27140,PUT,414546041658723,414546041658382
4,27396,PUT,414546041665248,414546041665027
4,27652,PUT,414546041667764,414546041667443
4,27908,PUT,414546041670129,414546041670430
4,28164,PUT,414546041671993,414546041673387
4,28420,PUT,414546041674680,414546041674810
4,28676,PUT,414546041676454,414546041675842
4,28932,PUT,414546041683540,414546041684112
4,29188,PUT,414546041689845,414546041689564
4,29444,PUT,414546041691950,414546041691890
4,29700,PUT,414546041699407,414546041699467
4,29956,PUT,414546041701903,414546041701993
4,30212,PUT,414546041702825,414546041702815
4,30468,PUT,414546041703366,414546041703657
4,30724,PUT,414546041709440,414546041709591
4,30980,PUT,414546041710914,414546041710312
4,31236,PUT,414546041712778,414546041712718
4,31492,PUT,414546041716026,414546041716086
4,31748,PUT,414546041718812,414546041717669
4,32004,PUT,414546041724656,414546041724946
4,32260,PUT,414546041740122,414546041740432
4,32516,PUT,414546041742387,414546041741745
4,32772,PUT,414546041745284,414546041745624
4,33028,PUT,414546041753342,414546041752260
4,33284,PUT,414546041755397,414546041755297
4,33540,PUT,414546041756680,414546041756850
4,33796,PUT,414546041758995,414546041759898
4,34052,PUT,414546041762323,414546041762463
4,34308,PUT,414546041763957,414546041763987
4,34564,PUT,414546041765701,414546041765190
4,34820,PUT,414546041779603,414546041779904
4,35076,PUT,414546041784154,414546041784886
4,35332,PUT,414546041786529,414546041786098
4,35588,PUT,414546041787782,414546041786549
4,35844,PUT,414546041790459,414546041790759
4,36100,PUT,414546041792102,414546041794027
4,36356,PUT,414546041795210,414546041794758
4,36612,PUT,414546041797314,414546041797615
4,36868,PUT,414546041799660,414546041800361
4,37124,PUT,414546041803659,414546041803950
4,37380,PUT,414546041804872,414546041804822
4,37636,PUT,414546041812389,414546041811708
4,37892,PUT,414546041827224,414546041827234
4,38148,PUT,414546041829148,414546041829078
4,38404,PUT,414546041829539,414546041829840
4,38660,PUT,414546041830752,414546041830953
4,38916,PUT,414546041831113,414546041831223
4,39172,PUT,414546041831374,414546041831484
4,39428,PUT,414546041831644,414546041831744
4,39684,PUT,414546041832496,414546041832646
4,39940,PUT,414546041833368,414546041833679
4,40196,PUT,414546041834130,414546041834250
4,40452,PUT,414546041835132,414546041835263
4,40708,PUT,414546041837017,414546041837177
4,40964,PUT,414546041838610,414546041838610
4,41220,PUT,414546041839713,414546041840014
4,41476,PUT,414546041844374,414546041844674
4,41732,PUT,414546041845747,414546041846048
4,41988,PUT,414546041850037,414546041850157
4,42244,PUT,414546041857634,414546041857925
4,42500,PUT,414546041861814,414546041861864
4,42756,PUT,414546041868470,414546041868770
4,43012,PUT,414546041871607,414546041872860
4,43268,PUT,414546041876378,414546041876378
4,43524,PUT,414546041883194,414546041883414
4,43780,PUT,414546041888236,414546041888125
4,44036,PUT,414546041896946,414546041898229
4,44292,PUT,414546041903802,414546041904714
4,44548,PUT,414546041906237,414546041906498
4,44804,PUT,414546041907310,414546041906578
4,45060,PUT,414546041909856,414546041909746
4,45316,PUT,414546041914246,414546041914376
4,45572,PUT,414546041914897,414546041914637
4,45828,PUT,414546041916902,414546041917243
4,46084,PUT,414546041927086,414546041927467
4,46340,PUT,414546041929211,414546041929912
4,46596,PUT,414546041936107,414546041936177
4,46852,PUT,414546041938783,414546041938663
4,47108,PUT,414546041943835,414546041942732
4,47364,PUT,414546041945208,414546041944777
4,47620,PUT,414546041952415,414546041953427
4,47876,PUT,414546041954489,414546041954439
4,48132,PUT,414546041955331,414546041955442
4,48388,PUT,414546041957757,414546041958058
4,48644,PUT,414546041967750,414546041968071
4,48900,PUT,414546041970286,414546041970066
4,49156,PUT,414546041977182,414546041977453
4,49412,PUT,414546041979437,414546041979738
4,49668,PUT,414546041981803,414546041981191
4,49924,PUT,414546041983296,414546041984118
4,50180,PUT,414546041985181,414546041985131
4,50436,PUT,414546041987927,414546041987486
4,50692,PUT,414546041994573,414546041995715
4,50948,PUT,414546041997239,414546041997559
4,51204,PUT,414546042016453,414546042016594
4,51460,PUT,414546042019190,414546042019520
4,51716,PUT,414546042020052,414546042020453
4,51972,PUT,414546042022698,414546042022918
4,52228,PUT,414546042027609,414546042026867
4,52484,PUT,414546042045240,414546042045581
4,52740,PUT,414546042054221,414546042054301
4,52996,PUT,414546042058711,414546042059954
4,53252,PUT,414546042062540,414546042066419
4,53508,PUT,414546042071301,414546042071060
4,53764,PUT,414546042073756,414546042073997
4,54020,PUT,414546042077996,414546042078337
4,54276,PUT,414546042080863,414546042079319
4,54532,PUT,414546042082256,414546042083148
4,54788,PUT,414546042085353,414546042085654
4,55044,PUT,414546042087749,414546042087779
4,55300,PUT,414546042090786,414546042090926
4,55556,PUT,414546042092319,414546042091668
4,55812,PUT,414546042098825,414546042098694
4,56068,PUT,414546042100007,414546042100348
4,56324,PUT,414546042101521,414546042101691
4,56580,PUT,414546042102533,414546042102694
4,56836,PUT,414546042112837,414546042113198
4,57092,PUT,414546042113799,414546042114150
4,57348,PUT,414546042115453,414546042114912
4,57604,PUT,414546042120555,414546042120345
4,57860,PUT,414546042123722,414546042124043
4,58116,PUT,414546042153672,414546042153020
4,58372,PUT,414546042154554,414546042154935
4,58628,PUT,414546042160398,414546042160728
4,58884,PUT,414546042166141,414546042164748
4,59140,PUT,414546042167755,414546042167755
4,59396,PUT,414546042169028,414546042169509
4,59652,PUT,414546042170972,414546042169960
4,59908,PUT,414546042180254,414546042180564
4,60164,PUT,414546042182559,414546042182900
4,60420,PUT,414546042184083,414546042184133
4,60676,PUT,414546042187791,414546042187521
4,60932,PUT,414546042189415,414546042189686
4,61188,PUT,414546042196030,414546042195559
4,61444,PUT,414546042199118,414546042198767
4,61700,PUT,414546042207086,414546042208309
4,61956,PUT,414546042214764,414546042215065
4,62212,PUT,414546042216337,414546042219004
4,62468,PUT,414546042223534,414546042222682
4,62724,PUT,414546042224968,414546042225820
4,62980,PUT,414546042227704,414546042227193
4,63236,PUT,414546042232946,414546042233257
4,63492,PUT,414546042235322,414546042235632
4,63748,PUT,414546042237737,414546042237667
4,64004,PUT,414546042245184,414546042244994
4,64260,PUT,414546042247871,414546042248181
4,64516,PUT,414546042249575,414546042249715
4,64772,PUT,414546042254376,414546042253484
4,65028,PUT,414546042259859,414546042260149
4,65284,PUT,414546042261853,414546042263517
4,65540,PUT,414546042267737,414546042268358
4,65796,PUT,414546042275134,414546042274974
4,66052,PUT,414546042283834,414546042283433
4,66308,PUT,414546042285729,414546042285999
4,66564,PUT,414546042287543,414546042287312
4,66820,PUT,414546042291542,414546042291312
4,67076,PUT,414546042292494,414546042293958
4,67332,PUT,414546042310326,414546042310626
4,67588,PUT,414546042312411,414546042312561
4,67844,PUT,414546042316530,414546042317853
4,68100,PUT,414546042319046,414546042319397
4,68356,PUT,414546042320840,414546042320590
4,68612,PUT,414546042325301,414546042324980
4,68868,PUT,414546042327215,414546042326664
4,69124,PUT,414546042331274,414546042330974
4,69380,PUT,414546042332798,414546042333139
4,69636,PUT,414546042335294,414546042335635
4,69892,PUT,414546042337078,414546042337198
4,70148,PUT,414546042341638,414546042341468
4,70404,PUT,414546042366556,414546042366566
4,70660,PUT,414546042369022,414546042369172
4,70916,PUT,414546042372009,414546042371809
4,71172,PUT,414546042386392,414546042386683
4,71428,PUT,414546042398952,414546042400826
4,71684,PUT,414546042402460,414546042401588
4,71940,PUT,414546042403492,414546042403612
4,72196,PUT,414546042421785,414546042421073
4,72452,PUT,414546042423328,414546042422787
4,72708,PUT,414546042439305,414546042439195
4,72964,PUT,414546042439997,414546042440047
4,73220,PUT,414546042441310,414546042441330
4,73476,PUT,414546042446522,414546042446903
4,73732,PUT,414546042451303,414546042452576
4,73988,PUT,414546042459843,414546042458059
4,74244,PUT,414546042461697,414546042462389
4,74500,PUT,414546042466458,414546042465316
4,74756,PUT,414546042467721,414546042466438
4,75012,PUT,414546042475199,414546042474938
4,75268,PUT,414546042475840,414546042476131
4,75524,PUT,414546042479619,414546042480401
4,75780,PUT,414546042480601,414546042479769
4,76036,PUT,414546042486465,414546042486655
4,76292,PUT,414546042487798,414546042489642
4,76548,PUT,414546042493120,414546042492800
4,76804,PUT,414546042495536,414546042496358
4,77060,PUT,414546042499635,414546042500608
4,77316,PUT,414546042502883,414546042501710
4,77572,PUT,414546042512205,414546042508576
4,77828,PUT,414546042513327,414546042513668
4,78084,PUT,414546042514821,414546042515542
4,78340,PUT,414546042517236,414546042517627
4,78596,PUT,414546042518720,414546042519010
4,78852,PUT,414546042524172,414546042524473
4,79108,PUT,414546042529435,414546042529725
4,79364,PUT,414546042530437,414546042530748
4,79620,PUT,414546042534386,414546042534136
4,79876,PUT,414546042537934,414546042538706
4,80132,PUT,414546042540170,414546042540340
4,80388,PUT,414546042544079,414546042544259
4,80644,PUT,414546042545823,414546042546875
4,80900,PUT,414546042547737,414546042546735
4,81156,PUT,414546042548870,414546042548459
4,81412,PUT,414546042552167,414546042552468
4,81668,PUT,414546042553761,414546042554062
4,81924,PUT,414546042556056,414546042556026
4,82180,PUT,414546042558111,414546042558532
4,82436,PUT,414546042560858,414546042559494
4,82692,PUT,414546042567734,414546042567583
4,82948,PUT,414546042569117,414546042568956
4,83204,PUT,414546042572394,414546042573487
4,83460,PUT,414546042575522,414546042574710
4,83716,PUT,414546042577867,414546042576073
4,83972,PUT,414546042578408,414546042578509
4,84228,PUT,414546042580082,414546042578709
4,84484,PUT,414546042585144,414546042584202
4,84740,PUT,414546042587971,414546042587870
4,84996,PUT,414546042588993,414546042588963
4,85252,PUT,414546042592882,414546042593543
4,85508,PUT,414546042596079,414546042597292
4,85764,PUT,414546042602494,414546042602174
4,86020,PUT,414546042607576,414546042607897
4,86276,PUT,414546042608829,414546042609160
4,522,GET,414546041514959,414546041514317
4,778,GET,414546041515761,414546041515610
4,1034,GET,414546041516151,414546041515971
4,1290,GET,414546041516643,414546041516452
4,1546,GET,414546041517074,414546041516953
4,9994,GET,414546041540508,414546041540378
4,11018,GET,414546041542453,414546041542022
4,11274,GET,414546041542803,414546041542673
4,12042,GET,414546041544347,414546041543906
4,12810,GET,414546041547314,414546041547314
4,13834,GET,414546041548908,414546041548827
4,14858,GET,414546041553208,414546041552817
4,15370,GET,414546041554039,414546041553929
4,260,GET,414546041555743,414546041555353
4,4100,GET,414546041563842,414546041563572
4,5124,GET,414546041565095,414546041564404
4,5380,GET,414546041565827,414546041565767
4,7428,GET,414546041567461,414546041567170
4,8964,GET,414546041568744,414546041568042
4,13060,GET,414546041573204,414546041574477
4,15876,GET,414546041577424,414546041577574
4,5896,GET,414546041584921,414546041587006
4,10504,GET,414546041588710,414546041586535
4,13320,GET,414546041591677,414546041591376
4,3595,GET,414546041599625,414546041601229
4,8203,GET,414546041603043,414546041603073
4,10251,GET,414546041605709,414546041605028
4,11787,GET,414546041608195,414546041608486
4,1545,GET,414546041611774,414546041611162
4,14603,GET,414546041614981,414546041614871
4,15115,GET,414546041616484,414546041616675
4,11529,GET,414546041626508,414546041626147
4,14857,GET,414546041630146,414546041630958
4,3340,GET,414546041634286,414546041633644
4,7948,GET,414546041638275,414546041638395
4,10252,GET,414546041639738,414546041639708
4,11788,GET,414546041641132,414546041641252
4,14092,GET,414546041644329,414546041644409
4,5639,GET,414546041653992,414546041654012
4,7943,GET,414546041655836,414546041656417
4,11015,GET,414546041660236,414546041660767
4,13575,GET,414546041663103,414546041662962
4,12294,GET,414546041677947,414546041677466
4,14598,GET,414546041679952,414546041679641
4,15110,GET,414546041681185,414546041681746
4,1538,GET,414546041685324,414546041684943
4,5122,GET,414546041688191,414546041688682
4,9986,GET,414546041693132,414546041693824
4,259,GET,414546041695578,414546041697011
4,1539,GET,414546041701191,414546041701081
4,4355,GET,414546041705501,414546041704940
4,5123,GET,414546041706504,414546041708298
4,527,GET,414546041720546,414546041720927
4,7951,GET,414546041727081,414546041727663
4,9487,GET,414546041728875,414546041728164
4,12815,GET,414546041732133,414546041731311
4,14863,GET,414546041734058,414546041733446
4,16399,GET,414546041736062,414546041735751
4,1294,GET,414546041737345,414546041738277
4,12046,GET,414546041747990,414546041747870
4,14094,GET,414546041750035,414546041750826
4,15630,GET,414546041751939,414546041751508
4,12045,GET,414546041767365,414546041768427
4,15885,GET,414546041770402,414546041773439
4,5121,GET,414546041775634,414546041777077
4,11521,GET,414546041782711,414546041782029
4,11781,GET,414546041801905,414546041801765
4,15109,GET,414546041806285,414546041805714
4,16133,GET,414546041807829,414546041806957
4,7168,GET,414546041828126,414546041827635
4,7424,GET,414546041828497,414546041828377
4,7680,GET,414546041830221,414546041830101
4,7936,GET,414546041830602,414546041830381
4,8192,GET,414546041832045,414546041831915
4,8448,GET,414546041832346,414546041832215
4,8960,GET,414546041833077,414546041832877
4,10752,GET,414546041835894,414546041835633
4,14336,GET,414546041841507,414546041841497
4,17930,GET,414546041847160,414546041846148
4,19978,GET,414546041848343,414546041848203
4,22282,GET,414546041851681,414546041852152
4,17924,GET,414546041854527,414546041855860
4,17408,GET,414546041859709,414546041859519
4,20996,GET,414546041863839,414546041863558
4,18945,GET,414546041865342,414546041864390
4,16647,GET,414546041867026,414546041866255
4,16899,GET,414546041869612,414546041870124
4,28170,GET,414546041874243,414546041874403
4,18437,GET,414546041878513,414546041877811
4,20737,GET,414546041880006,414546041879365
4,19712,GET,414546041881480,414546041880658
4,17922,GET,414546041887414,414546041886902
4,18950,GET,414546041899873,414546041902328
4,19970,GET,414546041919228,414546041919498
4,18695,GET,414546041921022,414546041919538
4,25092,GET,414546041923708,414546041924440
4,19979,GET,414546041931366,414546041931195
4,21007,GET,414546041933681,414546041935094
4,25860,GET,414546041941499,414546041940607
4,22029,GET,414546041947293,414546041948345
4,26628,GET,414546041950079,414546041951011
4,24069,GET,414546041956865,414546041956294
4,22787,GET,414546041962137,414546041963480
4,21766,GET,414546041965625,414546041966006
4,28164,GET,414546041972201,414546041971800
4,23048,GET,414546041974656,414546041973925
4,27137,GET,414546041979127,414546041978676
4,23559,GET,414546041980760,414546041979939
4,23819,GET,414546041987075,414546041986895
4,26624,GET,414546041990413,414546041989771
4,24071,GET,414546041992107,414546041992317
4,24840,GET,414546041993761,414546041993169
4,25352,GET,414546041999103,414546041998792
4,27648,GET,414546042016103,414546042015551
4,25359,GET,414546042017245,414546042017045
4,25608,GET,414546042018278,414546042017796
4,30468,GET,414546042025264,414546042023520
4,25869,GET,414546042028962,414546042029413
4,30724,GET,414546042030747,414546042031799
4,24070,GET,414546042033333,414546042033222
4,25612,GET,414546042036520,414546042036500
4,25868,GET,414546042039036,414546042039286
4,28421,GET,414546042040639,414546042041872
4,36362,GET,414546042043356,414546042043616
4,26375,GET,414546042047586,414546042046393
4,23054,GET,414546042048899,414546042047255
4,36874,GET,414546042051795,414546042051725
4,37386,GET,414546042056546,414546042056597
4,27906,GET,414546042067712,414546042067111
4,29701,GET,414546042076302,414546042075861
4,28425,GET,414546042095196,414546042093783
4,30221,GET,414546042105089,414546042104538
4,29190,GET,414546042106603,414546042105400
4,30477,GET,414546042107815,414546042107856
4,29447,GET,414546042111153,414546042111073
4,30988,GET,414546042116917,414546042117197
4,31500,GET,414546042118500,414546042118961
4,31245,GET,414546042121397,414546042121748
4,30722,GET,414546042125928,414546042127892
4,30978,GET,414546042129766,414546042131571
4,32520,GET,414546042132613,414546042132493
4,40708,GET,414546042157521,414546042156489
4,34560,GET,414546042163866,414546042163886
4,34316,GET,414546042174180,414546042174741
4,32006,GET,414546042175783,414546042175332
4,35328,GET,414546042178439,414546042178359
4,29454,GET,414546042191189,414546042190447
4,29710,GET,414546042193224,414546042192292
4,34306,GET,414546042194467,414546042194437
4,35084,GET,414546042196993,414546042196401
4,35848,GET,414546042200922,414546042204500
4,48138,GET,414546042209782,414546042209652
4,34057,GET,414546042211907,414546042212599
4,37644,GET,414546042222151,414546042222361
4,39680,GET,414546042241015,414546042240814
4,36358,GET,414546042242939,414546042243090
4,36099,GET,414546042246618,414546042247099
4,38917,GET,414546042251138,414546042252211
4,33550,GET,414546042256010,414546042255218
4,50442,GET,414546042257573,414546042257433
4,41216,GET,414546042259528,414546042259317
4,34062,GET,414546042261111,414546042261262
4,46852,GET,414546042265311,414546042264930
4,34059,GET,414546042271055,414546042270904
4,37639,GET,414546042276176,414546042277069
4,40461,GET,414546042278853,414546042278261
4,39426,GET,414546042280486,414546042281288
4,40968,GET,414546042289006,414546042287984
4,35851,GET,414546042295471,414546042296113
4,44545,GET,414546042297576,414546042298198
4,38415,GET,414546042299962,414546042302227
4,38158,GET,414546042314175,414546042313844
4,50948,GET,414546042323346,414546042323025
4,42508,GET,414546042328829,414546042328187
4,44800,GET,414546042340135,414546042339504
4,45320,GET,414546042344084,414546042343934
4,43526,GET,414546042345798,414546042345928
4,40462,GET,414546042348244,414546042348063
4,47617,GET,414546042350700,414546042350309
4,40713,GET,414546042353807,414546042354629
4,41481,GET,414546042357926,414546042360572
4,47112,GET,414546042362407,414546042362286
4,52996,GET,414546042364061,414546042364141
4,47104,GET,414546042370616,414546042370586
4,47360,GET,414546042374214,414546042374184
4,50433,GET,414546042375878,414546042375497
4,57866,GET,414546042377642,414546042381010
4,48640,GET,414546042384829,414546042385119
4,45063,GET,414546042389019,414546042388878
4,43529,GET,414546042391645,414546042391314
4,45319,GET,414546042394261,414546042393208
4,40203,GET,414546042396917,414546042396817
4,60170,GET,414546042398120,414546042397318
4,46853,GET,414546042405056,414546042404615
4,44041,GET,414546042405878,414546042406168
4,46342,GET,414546042408724,414546042409817
4,57092,GET,414546042412784,414546042412413
4,45581,GET,414546042414337,414546042414297
4,45071,GET,414546042415771,414546042415189
4,41739,GET,414546042416813,414546042416763
4,47362,GET,414546042418477,414546042417966
4,50688,GET,414546042419600,414546042418096
4,48903,GET,414546042442322,414546042442232
4,46607,GET,414546042443635,414546042444106
4,50188,GET,414546042448366,414546042448717
4,58372,GET,414546042454300,414546042454551
4,61706,GET,414546042457117,414546042456375
4,50437,GET,414546042463401,414546042462960
4,53000,GET,414546042469786,414546042468934
4,59652,GET,414546042472392,414546042473465
4,53512,GET,414546042477444,414546042476251
4,47625,GET,414546042483117,414546042484941
4,45067,GET,414546042491486,414546042491096
4,50703,GET,414546042505018,414546042506571
4,50947,GET,414546042520664,414546042521145
4,51718,GET,414546042523310,414546042523010
4,50190,GET,414546042526147,414546042526007
4,47371,GET,414546042527871,414546042526768
4,50958,GET,414546042532782,414546042532933
4,52230,GET,414546042536391,414546042536481
4,52483,GET,414546042542625,414546042541523
4,57868,GET,414546042549802,414546042549932
4,51726,GET,414546042556908,414546042556808
4,55042,GET,414546042563123,414546042560316
4,55298,GET,414546042565308,414546042565689
4,50443,GET,414546042571603,414546042571442
4,59144,GET,414546042581295,414546042580694
4,56335,GET,414546042582087,414546042582037
4,54798,GET,414546042590687,414546042590005
4,66820,GET,414546042594355,414546042594045
4,55822,GET,414546042598134,414546042597653
4,62220,GET,414546042599116,414546042600079
4,62476,GET,414546042601532,414546042600840
4,56582,GET,414546042604449,414546042603497
4,56323,GET,414546042606754,414546042606303
5,261,PUT,414546041335913,414546041336334
5,517,PUT,414546041337046,414546041337166
5,773,PUT,414546041337336,414546041337457
5,1029,PUT,414546041337597,414546041337707
5,1285,PUT,414546041337847,414546041337958
5,1541,PUT,414546041338098,414546041338208
5,1797,PUT,414546041338349,414546041338459
5,2053,PUT,414546041338739,414546041338850
5,2309,PUT,414546041339000,414546041339100
5,2565,PUT,414546041339251,414546041339351
5,2821,PUT,414546041339491,414546041339601
5,3077,PUT,414546041339752,414546041339862
5,3333,PUT,414546041340002,414546041340113
5,3589,PUT,414546041340253,414546041340353
5,3845,PUT,414546041340504,414546041340604
5,4101,PUT,414546041340905,414546041341015
5,4357,PUT,414546041341155,414546041341265
5,4613,PUT,414546041341406,414546041341516
5,4869,PUT,414546041341656,414546041341767
5,5125,PUT,414546041341907,414546041342017
5,5381,PUT,414546041342157,414546041342268
5,5637,PUT,414546041342408,414546041342518
5,5893,PUT,414546041342659,414546041342769
5,6149,PUT,414546041343050,414546041343160
5,6405,PUT,414546041343310,414546041343420
5,6661,PUT,414546041343561,414546041343671
5,6917,PUT,414546041343811,414546041343912
5,7173,PUT,414546041344062,414546041344172
5,7429,PUT,414546041344312,414546041344423
5,7685,PUT,414546041344563,414546041344673
5,7941,PUT,414546041344814,414546041344924
5,8197,PUT,414546041345215,414546041345325
5,8453,PUT,414546041345475,414546041345575
5,8709,PUT,414546041345716,414546041345826
5,8965,PUT,414546041345966,414546041346127
5,9221,PUT,414546041346287,414546041346397
5,9477,PUT,414546041346538,414546041346648
5,9733,PUT,414546041346788,414546041346898
5,9989,PUT,414546041347039,414546041347149
5,10245,PUT,414546041347440,414546041347540
5,10501,PUT,414546041347690,414546041347801
5,10757,PUT,414546041347941,414546041348051
5,11013,PUT,414546041348191,414546041348302
5,11269,PUT,414546041348442,414546041348552
5,11525,PUT,414546041348693,414546041348803
5,11781,PUT,414546041348943,414546041349053
5,12037,PUT,414546041349194,414546041349304
5,12293,PUT,414546041349585,414546041349695
5,12549,PUT,414546041349835,414546041349946
5,12805,PUT,414546041350086,414546041350196
5,13061,PUT,414546041350336,414546041350447
5,13317,PUT,414546041350587,414546041350697
5,13573,PUT,414546041350838,414546041350948
5,13829,PUT,414546041351088,414546041351198
5,14085,PUT,414546041351339,414546041351449
5,14341,PUT,414546041351750,414546041351860
5,14597,PUT,414546041352000,414546041352111
5,14853,PUT,414546041352251,414546041352361
5,15109,PUT,414546041352501,414546041352612
5,15365,PUT,414546041352752,414546041352862
5,15621,PUT,414546041353003,414546041353113
5,15877,PUT,414546041353253,414546041353363
5,16133,PUT,414546041353504,414546041353614
5,16389,PUT,414546041353905,414546041354015
5,16645,PUT,414546041561196,414546041561346
5,16901,PUT,414546041562239,414546041562068
5,17157,PUT,414546041565235,414546041565546
5,17413,PUT,414546041569816,414546041570558
5,17669,PUT,414546041571831,414546041572011
5,17925,PUT,414546041572623,414546041573665
5,18181,PUT,414546041574487,414546041574868
5,18437,PUT,414546041575870,414546041575950
5,18693,PUT,414546041580260,414546041580411
5,18949,PUT,414546041589261,414546041589341
5,19205,PUT,414546041591376,414546041591035
5,19461,PUT,414546041592379,414546041592729
5,19717,PUT,414546041594554,414546041594002
5,19973,PUT,414546041596929,414546041596618
5,20229,PUT,414546041599204,414546041600828
5,20485,PUT,414546041603965,414546041603985
5,20741,PUT,414546041605299,414546041604717
5,20997,PUT,414546041606371,414546041607654
5,21253,PUT,414546041611463,414546041611503
5,21509,PUT,414546041615683,414546041615803
5,21765,PUT,414546041619381,414546041620123
5,22021,PUT,414546041623671,414546041623972
5,22277,PUT,414546041626287,414546041626007
5,22533,PUT,414546041629615,414546041631329
5,22789,PUT,414546041636691,414546041634226
5,23045,PUT,414546041640831,414546041640801
5,23301,PUT,414546041643728,414546041643427
5,23557,PUT,414546041647086,414546041648699
5,23813,PUT,414546041649892,414546041650183
5,24069,PUT,414546041656467,414546041657510
5,24325,PUT,414546041658723,414546041658382
5,24581,PUT,414546041659875,414546041659815
5,24837,PUT,414546041663574,414546041663624
5,25093,PUT,414546041665248,414546041665027
5,25349,PUT,414546041666410,414546041666030
5,25605,PUT,414546041667764,414546041667443
5,25861,PUT,414546041670129,414546041670430
5,26117,PUT,414546041674680,414546041674810
5,26373,PUT,414546041676454,414546041675842
5,26629,PUT,414546041680593,414546041681435
5,26885,PUT,414546041683540,414546041684112
5,27141,PUT,414546041695007,414546041696510
5,27397,PUT,414546041698355,414546041698044
5,27653,PUT,414546041700379,414546041699357
5,27909,PUT,414546041706113,414546041707646
5,28165,PUT,414546041716026,414546041716086
5,28421,PUT,414546041718812,414546041717669
5,28677,PUT,414546041727853,414546041728064
5,28933,PUT,414546041736814,414546041737576
5,29189,PUT,414546041742387,414546041741745
5,29445,PUT,414546041750907,414546041750185
5,29701,PUT,414546041755397,414546041755297
5,29957,PUT,414546041756680,414546041756850
5,30213,PUT,414546041758995,414546041759898
5,30469,PUT,414546041763957,414546041763987
5,30725,PUT,414546041765701,414546041765190
5,30981,PUT,414546041767124,414546041767836
5,31237,PUT,414546041769349,414546041768868
5,31493,PUT,414546041773208,414546041773509
5,31749,PUT,414546041775313,414546041776496
5,32005,PUT,414546041777238,414546041778130
5,32261,PUT,414546041779603,414546041779904
5,32517,PUT,414546041786529,414546041786098
5,32773,PUT,414546041800782,414546041800442
5,33029,PUT,414546041804872,414546041804822
5,33285,PUT,414546041806646,414546041806045
5,33541,PUT,414546041811036,414546041811397
5,33797,PUT,414546041831805,414546041832055
5,34053,PUT,414546041832496,414546041832496
5,34309,PUT,414546041837017,414546041837177
5,34565,PUT,414546041841026,414546041840876
5,34821,PUT,414546041847391,414546041847361
5,35077,PUT,414546041852583,414546041852462
5,35333,PUT,414546041854217,414546041854527
5,35589,PUT,414546041863378,414546041863448
5,35845,PUT,414546041865653,414546041865783
5,36101,PUT,414546041876378,414546041876378
5,36357,PUT,414546041877892,414546041878202
5,36613,PUT,414546041878723,414546041879064
5,36869,PUT,414546041879606,414546041878994
5,37125,PUT,414546041883194,414546041883414
5,37381,PUT,414546041888236,414546041888125
5,37637,PUT,414546041896946,414546041898229
5,37893,PUT,414546041899201,414546041900785
5,38149,PUT,414546041902278,414546041902118
5,38405,PUT,414546041903802,414546041904714
5,38661,PUT,414546041906237,414546041906498
5,38917,PUT,414546041923267,414546041923658
5,39173,PUT,414546041937791,414546041936407
5,39429,PUT,414546041941870,414546041942652
5,39685,PUT,414546041946581,414546041946481
5,39941,PUT,414546041954489,414546041954439
5,40197,PUT,414546041955331,414546041955442
5,40453,PUT,414546041956524,414546041956835
5,40709,PUT,414546041957757,414546041958058
5,40965,PUT,414546041967750,414546041968071
5,41221,PUT,414546041970286,414546041970066
5,41477,PUT,414546041971940,414546041972130
5,41733,PUT,414546041973734,414546041974045
5,41989,PUT,414546041981803,414546041981191
5,42245,PUT,414546041983296,414546041984118
5,42501,PUT,414546041990082,414546041990373
5,42757,PUT,414546041992578,414546041993209
5,43013,PUT,414546041998401,414546041997830
5,43269,PUT,414546042015882,414546042016183
5,43525,PUT,414546042018498,414546042018839
5,43781,PUT,414546042019801,414546042020102
5,44037,PUT,414546042031789,414546042031889
5,44293,PUT,414546042042384,414546042041010
5,44549,PUT,414546042043977,414546042043195
5,44805,PUT,414546042049340,414546042049680
5,45061,PUT,414546042058711,414546042059954
5,45317,PUT,414546042062540,414546042066419
5,45573,PUT,414546042071301,414546042071060
5,45829,PUT,414546042080863,414546042079319
5,46085,PUT,414546042082256,414546042083148
5,46341,PUT,414546042098825,414546042098694
5,46597,PUT,414546042100007,414546042100348
5,46853,PUT,414546042105811,414546042105670
5,47109,PUT,414546042107364,414546042104919
5,47365,PUT,414546042110752,414546042110772
5,47621,PUT,414546042117588,414546042117217
5,47877,PUT,414546042119543,414546042118580
5,48133,PUT,414546042120866,414546042121166
5,48389,PUT,414546042123722,414546042123432
5,48645,PUT,414546042125236,414546042125035
5,48901,PUT,414546042127551,414546042127481
5,49157,PUT,414546042129235,414546042128794
5,49413,PUT,414546042150013,414546042149202
5,49669,PUT,414546042154554,414546042154935
5,49925,PUT,414546042157230,414546042157551
5,50181,PUT,414546042160398,414546042160728
5,50437,PUT,414546042166141,414546042164748
5,50693,PUT,414546042170972,414546042169960
5,50949,PUT,414546042175382,414546042175463
5,51205,PUT,414546042180254,414546042180564
5,51461,PUT,414546042187791,414546042187521
5,51717,PUT,414546042189415,414546042189686
5,51973,PUT,414546042194557,414546042194216
5,52229,PUT,414546042196632,414546042196171
5,52485,PUT,414546042200451,414546042204199
5,52741,PUT,414546042223534,414546042222682
5,52997,PUT,414546042227704,414546042227193
5,53253,PUT,414546042232946,414546042233257
5,53509,PUT,414546042240584,414546042240534
5,53765,PUT,414546042243781,414546042243942
5,54021,PUT,414546042245184,414546042244994
5,54277,PUT,414546042253123,414546042253063
5,54533,PUT,414546042266193,414546042266845
5,54789,PUT,414546042275635,414546042274753
5,55045,PUT,414546042278011,414546042277961
5,55301,PUT,414546042280055,414546042280356
5,55557,PUT,414546042282762,414546042282932
5,55813,PUT,414546042289227,414546042289377
5,56069,PUT,414546042291542,414546042291312
5,56325,PUT,414546042292494,414546042293958
5,56581,PUT,414546042295050,414546042294289
5,56837,PUT,414546042297215,414546042297837
5,57093,PUT,414546042308762,414546042309053
5,57349,PUT,414546042310326,414546042310626
5,57605,PUT,414546042313894,414546042314054
5,57861,PUT,414546042315548,414546042315618
5,58117,PUT,414546042319046,414546042319397
5,58373,PUT,414546042320840,414546042320590
5,58629,PUT,414546042323045,414546042322885
5,58885,PUT,414546042325301,414546042324980
5,59141,PUT,414546042328097,414546042328398
5,59397,PUT,414546042331966,414546042331515
5,59653,PUT,414546042345117,414546042345979
5,59909,PUT,414546042347181,414546042347522
5,60165,PUT,414546042350940,414546042352494
5,60421,PUT,414546042352855,414546042353145
5,60677,PUT,414546042357515,414546042359771
5,60933,PUT,414546042361054,414546042360813
5,61189,PUT,414546042372009,414546042371809
5,61445,PUT,414546042373603,414546042373903
5,61701,PUT,414546042375216,414546042376098
5,61957,PUT,414546042376820,414546042376780
5,62213,PUT,414546042381120,414546042382834
5,62469,PUT,414546042386392,414546042386683
5,62725,PUT,414546042391123,414546042391494
5,62981,PUT,414546042396546,414546042394782
5,63237,PUT,414546042398952,414546042400826
5,63493,PUT,414546042402460,414546042401588
5,63749,PUT,414546042405387,414546042404434
5,64005,PUT,414546042410007,414546042410308
5,64261,PUT,414546042415670,414546042415129
5,64517,PUT,414546042418567,414546042416693
5,64773,PUT,414546042421785,414546042421073
5,65029,PUT,414546042423328,414546042422787
5,65285,PUT,414546042444397,414546042444157
5,65541,PUT,414546042446522,414546042446903
5,65797,PUT,414546042455994,414546042455954
5,66053,PUT,414546042463892,414546042465246
5,66309,PUT,414546042466458,414546042465316
5,66565,PUT,414546042467721,414546042466438
5,66821,PUT,414546042472101,414546042473294
5,67077,PUT,414546042475199,414546042474938
5,67333,PUT,414546042475840,414546042476131
5,67589,PUT,414546042477354,414546042476983
5,67845,PUT,414546042485021,414546042485643
5,68101,PUT,414546042486465,414546042486655
5,68357,PUT,414546042491206,414546042489813
5,68613,PUT,414546042497420,414546042498443
5,68869,PUT,414546042499635,414546042500608
5,69125,PUT,414546042504346,414546042504627
5,69381,PUT,414546042512205,414546042508576
5,69637,PUT,414546042517236,414546042517627
5,69893,PUT,414546042524172,414546042524473
5,70149,PUT,414546042529435,414546042529725
5,70405,PUT,414546042530437,414546042530748
5,70661,PUT,414546042532492,414546042532752
5,70917,PUT,414546042534386,414546042534136
5,71173,PUT,414546042537934,414546042538706
5,71429,PUT,414546042541853,414546042542144
5,71685,PUT,414546042543066,414546042543427
5,71941,PUT,414546042544870,414546042544830
5,72197,PUT,414546042547106,414546042546244
5,72453,PUT,414546042547737,414546042546735
5,72709,PUT,414546042548870,414546042548459
5,72965,PUT,414546042550564,414546042550554
5,73221,PUT,414546042552167,414546042552468
5,73477,PUT,414546042553761,414546042554062
5,73733,PUT,414546042560858,414546042559494
5,73989,PUT,414546042564426,414546042564717
5,74245,PUT,414546042570640,414546042569708
5,74501,PUT,414546042574158,414546042574449
5,74757,PUT,414546042575983,414546042576073
5,75013,PUT,414546042578408,414546042578509
5,75269,PUT,414546042580082,414546042578709
5,75525,PUT,414546042594035,414546042594125
5,75781,PUT,414546042596079,414546042597292
5,76037,PUT,414546042598234,414546042598555
5,76293,PUT,414546042604048,414546042604038
5,76549,PUT,414546042607576,414546042607897
5,76805,PUT,414546042608829,414546042609160
5,3844,GET,414546041563532,414546041562970
5,4356,GET,414546041564444,414546041564404
5,6404,GET,414546041566498,414546041565697
5,7172,GET,414546041567421,414546041567170
5,8708,GET,414546041568704,414546041568042
5,16132,GET,414546041577474,414546041577574
5,5384,GET,414546041583738,414546041583057
5,9736,GET,414546041587958,414546041587948
5,6923,GET,414546041601951,414546041601179
5,2313,GET,414546041613818,414546041612786
5,4105,GET,414546041617587,414546041615713
5,6665,GET,414546041621446,414546041621486
5,2572,GET,414546041633624,414546041633354
5,4364,GET,414546041635028,414546041635168
5,8204,GET,414546041638305,414546041638395
5,10508,GET,414546041639769,414546041639708
5,13324,GET,414546041642445,414546041641663
5,14604,GET,414546041645211,414546041644449
5,4871,GET,414546041652879,414546041652859
5,6407,GET,414546041654854,414546041654703
5,12295,GET,414546041661689,414546041662110
5,6406,GET,414546041671913,414546041671111
5,12038,GET,414546041677917,414546041677466
5,14342,GET,414546041679912,414546041679641
5,1794,GET,414546041685344,414546041684943
5,5378,GET,414546041688231,414546041688682
5,8194,GET,414546041690827,414546041691178
5,9218,GET,414546041692391,414546041692371
5,1795,GET,414546041701783,414546041701111
5,15106,GET,414546041702604,414546041701472
5,15874,GET,414546041703837,414546041703717
5,4099,GET,414546041705471,414546041704940
5,7427,GET,414546041709120,414546041708388
5,7939,GET,414546041710102,414546041710824
5,10499,GET,414546041713149,414546041712768
5,271,GET,414546041720516,414546041720927
5,5135,GET,414546041725067,414546041726360
5,9743,GET,414546041728916,414546041728164
5,13071,GET,414546041732163,414546041731311
5,15119,GET,414546041734088,414546041733446
5,270,GET,414546041736092,414546041735751
5,3598,GET,414546041739610,414546041739671
5,7950,GET,414546041744221,414546041745274
5,11022,GET,414546041746466,414546041746667
5,12814,GET,414546041749022,414546041748531
5,269,GET,414546041752490,414546041752250
5,1037,GET,414546041753934,414546041753823
5,8461,GET,414546041762744,414546041762834
5,11777,GET,414546041782741,414546041782029
5,13569,GET,414546041784595,414546041784775
5,16129,GET,414546041788314,414546041788654
5,2309,GET,414546041791310,414546041792313
5,6405,GET,414546041795029,414546041794899
5,8453,GET,414546041797796,414546041799469
5,12037,GET,414546041802577,414546041802246
5,8704,GET,414546041832967,414546041832877
5,9216,GET,414546041833498,414546041833298
5,9472,GET,414546041833970,414546041833829
5,9728,GET,414546041834310,414546041834190
5,9984,GET,414546041834671,414546041834451
5,10240,GET,414546041835172,414546041834902
5,10496,GET,414546041835814,414546041835633
5,12544,GET,414546041838640,414546041838109
5,12800,GET,414546041839733,414546041839573
5,15616,GET,414546041843011,414546041842118
5,16650,GET,414546041845576,414546041845045
5,20490,GET,414546041849275,414546041849095
5,22026,GET,414546041851380,414546041851200
5,17665,GET,414546041856983,414546041856552
5,17152,GET,414546041858837,414546041858567
5,20228,GET,414546041861113,414546041860541
5,18433,GET,414546041862386,414546041862416
5,16645,GET,414546041864571,414546041864360
5,27146,GET,414546041867066,414546041866255
5,16898,GET,414546041869171,414546041869131
5,17154,GET,414546041870735,414546041871126
5,20225,GET,414546041874213,414546041874403
5,19456,GET,414546041880618,414546041879365
5,17167,GET,414546041887444,414546041886902
5,17166,GET,414546041890180,414546041890461
5,20736,GET,414546041891904,414546041891633
5,17419,GET,414546041893578,414546041892586
5,17417,GET,414546041895232,414546041894059
5,17927,GET,414546041907470,414546041906959
5,19459,GET,414546041909635,414546041909806
5,18446,GET,414546041914567,414546041910437
5,24324,GET,414546041915589,414546041915078
5,30474,GET,414546041917293,414546041918265
5,19724,GET,414546041920310,414546041919649
5,24065,GET,414546041926364,414546041926384
5,20749,GET,414546041929712,414546041930554
5,20738,GET,414546041931977,414546041931626
5,20747,GET,414546041936097,414546041935084
5,20231,GET,414546041940006,414546041939966
5,21517,GET,414546041944897,414546041945168
5,19209,GET,414546041948977,414546041949257
5,22274,GET,414546041951933,414546041952264
5,20238,GET,414546041962097,414546041963480
5,25093,GET,414546041965585,414546041966006
5,20750,GET,414546041976080,414546041976420
5,23303,GET,414546041979097,414546041978676
5,23820,GET,414546041980119,414546041979999
5,21257,GET,414546041985562,414546041985532
5,24578,GET,414546041987546,414546041987927
5,34570,GET,414546041991606,414546041991175
5,29444,GET,414546041994412,414546041993851
5,27905,GET,414546041996547,414546041996978
5,23049,GET,414546042015351,414546042015271
5,28161,GET,414546042016914,414546042016664
5,24588,GET,414546042017806,414546042017796
5,25356,GET,414546042034505,414546042034004
5,29184,GET,414546042038234,414546042037111
5,31748,GET,414546042040048,414546042039898
5,30721,GET,414546042047566,414546042046393
5,29952,GET,414546042051815,414546042051725
5,27912,GET,414546042053108,414546042053970
5,25862,GET,414546042056506,414546042056597
5,32257,GET,414546042067672,414546042067111
5,32769,GET,414546042074578,414546042075320
5,30720,GET,414546042077094,414546042077746
5,33281,GET,414546042084712,414546042085123
5,39690,GET,414546042086847,414546042086416
5,40202,GET,414546042091277,414546042090525
5,28675,GET,414546042094535,414546042094344
5,40458,GET,414546042095788,414546042096229
5,29965,GET,414546042101982,414546042101090
5,28937,GET,414546042103576,414546042104388
5,29449,GET,414546042112065,414546042112526
5,29711,GET,414546042114160,414546042113789
5,29705,GET,414546042116065,414546042116004
5,32780,GET,414546042132142,414546042131992
5,32258,GET,414546042163906,414546042163886
5,37633,GET,414546042168045,414546042168386
5,31750,GET,414546042174140,414546042174741
5,45578,GET,414546042178409,414546042178359
5,32262,GET,414546042183030,414546042182669
5,35840,GET,414546042184463,414546042184824
5,34828,GET,414546042191149,414546042190447
5,35845,GET,414546042193194,414546042192292
5,33289,GET,414546042197714,414546042197895
5,30734,GET,414546042207697,414546042208720
5,39169,GET,414546042210424,414546042210334
5,36616,GET,414546042213751,414546042213300
5,48394,GET,414546042215145,414546042214734
5,43780,GET,414546042217330,414546042220407
5,35853,GET,414546042222181,414546042222361
5,37637,GET,414546042225519,414546042225809
5,36621,GET,414546042235672,414546042237567
5,32526,GET,414546042242518,414546042242298
5,45572,GET,414546042246588,414546042247099
5,36610,GET,414546042248212,414546042247921
5,36105,GET,414546042250296,414546042249404
5,50186,GET,414546042254907,414546042255178
5,37378,GET,414546042256962,414546042256471
5,46340,GET,414546042258475,414546042257934
5,36617,GET,414546042259959,414546042259367
5,37634,GET,414546042261081,414546042261262
5,38920,GET,414546042262254,414546042261893
5,37890,GET,414546042264018,414546042264108
5,41472,GET,414546042268168,414546042269571
5,37894,GET,414546042272708,414546042272237
5,40709,GET,414546042284496,414546042285268
5,38151,GET,414546042287844,414546042287533
5,41224,GET,414546042299340,414546042299320
5,39683,GET,414546042303740,414546042302969
5,38409,GET,414546042305555,414546042303700
5,42248,GET,414546042306968,414546042307098
5,39943,GET,414546042312551,414546042312010
5,51460,GET,414546042330182,414546042330342
5,39438,GET,414546042333790,414546042334211
5,41223,GET,414546042336446,414546042336356
5,42247,GET,414546042349447,414546042349417
5,41999,GET,414546042362597,414546042363229
5,42499,GET,414546042365163,414546042364822
5,56842,GET,414546042367027,414546042367759
5,43789,GET,414546042369363,414546042369774
5,47624,GET,414546042371207,414546042370586
5,51969,GET,414546042384869,414546042385119
5,43791,GET,414546042388988,414546042388878
5,59146,GET,414546042392787,414546042393649
5,49160,GET,414546042398090,414546042397318
5,48140,GET,414546042403893,414546042403322
5,49164,GET,414546042412874,414546042412413
5,46854,GET,414546042414317,414546042414297
5,57604,GET,414546042416853,414546042416763
5,54017,GET,414546042419630,414546042418096
5,46093,GET,414546042426656,414546042426596
5,48130,GET,414546042427508,414546042426997
5,48642,GET,414546042448336,414546042448717
5,50444,GET,414546042451905,414546042453017
5,49925,GET,414546042454340,414546042454551
5,51212,GET,414546042457868,414546042457237
5,47117,GET,414546042460535,414546042460464
5,61962,GET,414546042462269,414546042460966
5,46857,GET,414546042469816,414546042468934
5,47374,GET,414546042479940,414546042479579
5,53516,GET,414546042481894,414546042482255
5,60420,GET,414546042487858,414546042489883
5,54284,GET,414546042492980,414546042492609
5,54280,GET,414546042495135,414546042495215
5,52743,GET,414546042503364,414546042503935
5,57345,GET,414546042507063,414546042507604
5,55296,GET,414546042514069,414546042514330
5,55808,GET,414546042519592,414546042519502
5,49934,GET,414546042522178,414546042522037
5,52495,GET,414546042526117,414546042526007
5,56076,GET,414546042527901,414546042526768
5,55559,GET,414546042536431,414546042536481
5,51725,GET,414546042556317,414546042554954
5,57863,GET,414546042557991,414546042557239
5,64772,GET,414546042563093,414546042560316
5,57864,GET,414546042566501,414546042567142
5,52749,GET,414546042568626,414546042568215
5,59660,GET,414546042572454,414546042572495
5,52489,GET,414546042581265,414546042580694
5,55045,GET,414546042582047,414546042582037
5,68362,GET,414546042584412,414546042585425
5,56578,GET,414546042587219,414546042587419
5,54285,GET,414546042589374,414546042588672
5,56847,GET,414546042590647,414546042590005
5,59136,GET,414546042593343,414546042592240
5,52491,GET,414546042601081,414546042600840
5,61697,GET,414546042602234,414546042601502
5,53003,GET,414546042606724,414546042606303
6,262,PUT,414546041109086,414546041109216
6,518,PUT,414546041109668,414546041109818
6,774,PUT,414546041110339,414546041110229
6,1030,PUT,414546041110670,414546041110700
6,1286,PUT,414546041111021,414546041111041
6,1542,PUT,414546041111361,414546041111382
6,1798,PUT,414546041111592,414546041111722
6,2054,PUT,414546041111883,414546041111993
6,2310,PUT,414546041112143,414546041112244
6,2566,PUT,414546041112384,414546041112494
6,2822,PUT,414546041112634,414546041112745
6,3078,PUT,414546041112895,414546041113005
6,3334,PUT,414546041113146,414546041113246
6,3590,PUT,414546041113396,414546041113496
6,3846,PUT,414546041113647,414546041113747
6,4102,PUT,414546041113907,414546041114018
6,4358,PUT,414546041114158,414546041114268
6,4614,PUT,414546041114409,414546041114519
6,4870,PUT,414546041114659,414546041114769
6,5126,PUT,414546041114910,414546041115020
6,5382,PUT,414546041115160,414546041115271
6,5638,PUT,414546041115411,414546041115521
6,5894,PUT,414546041115661,414546041115772
6,6150,PUT,414546041115912,414546041116022
6,6406,PUT,414546041116173,414546041116283
6,6662,PUT,414546041116423,414546041116533
6,6918,PUT,414546041116674,414546041116784
6,7174,PUT,414546041116934,414546041117035
6,7430,PUT,414546041117185,414546041117285
6,7686,PUT,414546041117436,414546041117536
6,7942,PUT,414546041117676,414546041117786
6,8198,PUT,414546041117937,414546041118047
6,8454,PUT,414546041118197,414546041118308
6,8710,PUT,414546041118448,414546041118548
6,8966,PUT,414546041118699,414546041118799
6,9222,PUT,414546041118949,414546041119059
6,9478,PUT,414546041119200,414546041119310
6,9734,PUT,414546041119450,414546041119561
6,9990,PUT,414546041119701,414546041119811
6,10246,PUT,414546041120122,414546041120222
6,10502,PUT,414546041120372,414546041120483
6,10758,PUT,414546041120623,414546041120733
6,11014,PUT,414546041120874,414546041120984
6,11270,PUT,414546041121124,414546041121274
6,11526,PUT,414546041121435,414546041121545
6,11782,PUT,414546041121685,414546041121796
6,12038,PUT,414546041121936,414546041122046
6,12294,PUT,414546041122327,414546041122437
6,12550,PUT,414546041122588,414546041122688
6,12806,PUT,414546041122838,414546041122938
6,13062,PUT,414546041123079,414546041123189
6,13318,PUT,414546041123339,414546041123450
6,13574,PUT,414546041123590,414546041123700
6,13830,PUT,414546041123840,414546041123941
6,14086,PUT,414546041124091,414546041124191
6,14342,PUT,414546041124482,414546041124592
6,14598,PUT,414546041124733,414546041124843
6,14854,PUT,414546041124983,414546041125093
6,15110,PUT,414546041125234,414546041125344
6,15366,PUT,414546041125494,414546041125595
6,15622,PUT,414546041125745,414546041125845
6,15878,PUT,414546041125995,414546041126266
6,16134,PUT,414546041126527,414546041126727
6,16390,PUT,414546041127018,414546041127118
6,16646,PUT,414546041569816,414546041571129
6,16902,PUT,414546041571831,414546041572933
6,17158,PUT,414546041579789,414546041579589
6,17414,PUT,414546041580260,414546041580661
6,17670,PUT,414546041588149,414546041586555
6,17926,PUT,414546041589261,414546041589341
6,18182,PUT,414546041592589,414546041592729
6,18438,PUT,414546041595957,414546041596268
6,18694,PUT,414546041597841,414546041596829
6,18950,PUT,414546041598613,414546041598954
6,19206,PUT,414546041605780,414546041605288
6,19462,PUT,414546041613638,414546041614520
6,19718,PUT,414546041615683,414546041615993
6,19974,PUT,414546041619762,414546041620394
6,20230,PUT,414546041627851,414546041627300
6,20486,PUT,414546041632792,414546041633504
6,20742,PUT,414546041636691,414546041637904
6,20998,PUT,414546041646193,414546041645622
6,21254,PUT,414546041653480,414546041653711
6,21510,PUT,414546041657139,414546041657510
6,21766,PUT,414546041665709,414546041665158
6,22022,PUT,414546041668195,414546041668445
6,22278,PUT,414546041673848,414546041674098
6,22534,PUT,414546041681105,414546041680493
6,22790,PUT,414546041685244,414546041685334
6,23046,PUT,414546041696601,414546041696510
6,23302,PUT,414546041700560,414546041700700
6,23558,PUT,414546041704840,414546041705972
6,23814,PUT,414546041708458,414546041708618
6,24070,PUT,414546041711956,414546041711104
6,24326,PUT,414546041713269,414546041713079
6,24582,PUT,414546041714221,414546041714191
6,24838,PUT,414546041715244,414546041715053
6,25094,PUT,414546041718080,414546041717669
6,25350,PUT,414546041730148,414546041730339
6,25606,PUT,414546041731752,414546041731722
6,25862,PUT,414546041735030,414546041736814
6,26118,PUT,414546041741926,414546041741745
6,26374,PUT,414546041746436,414546041746817
6,26630,PUT,414546041748070,414546041747850
6,26886,PUT,414546041749082,414546041748371
6,27142,PUT,414546041755126,414546041755297
6,27398,PUT,414546041758234,414546041758524
6,27654,PUT,414546041760760,414546041761070
6,27910,PUT,414546041765701,414546041766844
6,28166,PUT,414546041774451,414546041774612
6,28422,PUT,414546041777238,414546041774792
6,28678,PUT,414546041778240,414546041778130
6,28934,PUT,414546041779002,414546041779102
6,29190,PUT,414546041780596,414546041784445
6,29446,PUT,414546041788404,414546041788704
6,29702,PUT,414546041790459,414546041789857
6,29958,PUT,414546041799439,414546041800442
6,30214,PUT,414546041802677,414546041802216
6,30470,PUT,414546041805934,414546041805353
6,30726,PUT,414546041835744,414546041835764
6,30982,PUT,414546041839713,414546041840014
6,31238,PUT,414546041841026,414546041839071
6,31494,PUT,414546041844374,414546041843522
6,31750,PUT,414546041846138,414546041846549
6,32006,PUT,414546041847391,414546041847361
6,32262,PUT,414546041855540,414546041855921
6,32518,PUT,414546041856913,414546041856772
6,32774,PUT,414546041860812,414546041861113
6,33030,PUT,414546041867397,414546041867187
6,33286,PUT,414546041871607,414546041870314
6,33542,PUT,414546041876538,414546041876709
6,33798,PUT,414546041877892,414546041878202
6,34054,PUT,414546041881620,414546041880889
6,34310,PUT,414546041883094,414546041883645
6,34566,PUT,414546041885539,414546041885509
6,34822,PUT,414546041886953,414546041887173
6,35078,PUT,414546041888236,414546041888125
6,35334,PUT,414546041890521,414546041892095
6,35590,PUT,414546041898149,414546041897958
6,35846,PUT,414546041899201,414546041900404
6,36102,PUT,414546041907310,414546041906578
6,36358,PUT,414546041911911,414546041911339
6,36614,PUT,414546041921002,414546041920942
6,36870,PUT,414546041922004,414546041922385
6,37126,PUT,414546041925893,414546041925743
6,37382,PUT,414546041932328,414546041933481
6,37638,PUT,414546041942311,414546041942652
6,37894,PUT,414546041947393,414546041946872
6,38150,PUT,414546041951212,414546041951222
6,38406,PUT,414546041958589,414546041958058
6,38662,PUT,414546041959551,414546041960443
6,38918,PUT,414546041962839,414546041963170
6,39174,PUT,414546041970787,414546041969735
6,39430,PUT,414546041972882,414546041971850
6,39686,PUT,414546041975879,414546041975488
6,39942,PUT,414546041977563,414546041977453
6,40198,PUT,414546041984830,414546041985131
6,40454,PUT,414546041987165,414546041986404
6,40710,PUT,414546041989190,414546041989491
6,40966,PUT,414546041990403,414546041990042
6,41222,PUT,414546041991997,414546041992337
6,41478,PUT,414546041997940,414546041996407
6,41734,PUT,414546041998401,414546041997830
6,41990,PUT,414546042017696,414546042018037
6,42246,PUT,414546042019190,414546042020102
6,42502,PUT,414546042023029,414546042022918
6,42758,PUT,414546042023871,414546042023911
6,43014,PUT,414546042024803,414546042025474
6,43270,PUT,414546042034515,414546042035187
6,43526,PUT,414546042035778,414546042035738
6,43782,PUT,414546042037663,414546042037973
6,44038,PUT,414546042050372,414546042049540
6,44294,PUT,414546042054221,414546042052838
6,44550,PUT,414546042059002,414546042059012
6,44806,PUT,414546042072774,414546042070449
6,45062,PUT,414546042079189,414546042079490
6,45318,PUT,414546042080863,414546042081184
6,45574,PUT,414546042096980,414546042096860
6,45830,PUT,414546042098514,414546042098694
6,46086,PUT,414546042107364,414546042108377
6,46342,PUT,414546042110752,414546042110772
6,46598,PUT,414546042112837,414546042113198
6,46854,PUT,414546042117588,414546042117217
6,47110,PUT,414546042121247,414546042119894
6,47366,PUT,414546042123722,414546042123863
6,47622,PUT,414546042127551,414546042127481
6,47878,PUT,414546042149312,414546042149392
6,48134,PUT,414546042150865,414546042151166
6,48390,PUT,414546042161400,414546042161400
6,48646,PUT,414546042162733,414546042164016
6,48902,PUT,414546042178830,414546042179201
6,49158,PUT,414546042180254,414546042180564
6,49414,PUT,414546042182559,414546042182900
6,49670,PUT,414546042184794,414546042184133
6,49926,PUT,414546042202084,414546042203097
6,50182,PUT,414546042203929,414546042203387
6,50438,PUT,414546042205983,414546042206034
6,50694,PUT,414546042207086,414546042207347
6,50950,PUT,414546042212619,414546042212639
6,51206,PUT,414546042214263,414546042212539
6,51462,PUT,414546042216337,414546042219004
6,51718,PUT,414546042219916,414546042219806
6,51974,PUT,414546042223073,414546042222682
6,52230,PUT,414546042231242,414546042231613
6,52486,PUT,414546042238940,414546042238850
6,52742,PUT,414546042240233,414546042238519
6,52998,PUT,414546042242198,414546042243320
6,53254,PUT,414546042247039,414546042246818
6,53510,PUT,414546042268609,414546042268910
6,53766,PUT,414546042270002,414546042269611
6,54022,PUT,414546042273400,414546042273410
6,54278,PUT,414546042275134,414546042275445
6,54534,PUT,414546042278011,414546042277961
6,54790,PUT,414546042279434,414546042279264
6,55046,PUT,414546042284576,414546042285578
6,55302,PUT,414546042291542,414546042291312
6,55558,PUT,414546042292945,414546042292444
6,55814,PUT,414546042293988,414546042293827
6,56070,PUT,414546042295050,414546042294289
6,56326,PUT,414546042296704,414546042297015
6,56582,PUT,414546042298749,414546042299100
6,56838,PUT,414546042313383,414546042313363
6,57094,PUT,414546042314576,414546042314957
6,57350,PUT,414546042319046,414546042319397
6,57606,PUT,414546042320409,414546042320590
6,57862,PUT,414546042337639,414546042337830
6,58118,PUT,414546042338902,414546042339143
6,58374,PUT,414546042340295,414546042340205
6,58630,PUT,414546042345117,414546042344956
6,58886,PUT,414546042350940,414546042350018
6,59142,PUT,414546042356683,414546042355982
6,59398,PUT,414546042359420,414546042359690
6,59654,PUT,414546042363269,414546042363319
6,59910,PUT,414546042364371,414546042364702
6,60166,PUT,414546042371498,414546042371809
6,60422,PUT,414546042372430,414546042374485
6,60678,PUT,414546042375798,414546042376459
6,60934,PUT,414546042379126,414546042380509
6,61190,PUT,414546042381120,414546042381481
6,61446,PUT,414546042382433,414546042382834
6,61702,PUT,414546042393218,414546042392086
6,61958,PUT,414546042394882,414546042394782
6,62214,PUT,414546042400525,414546042399763
6,62470,PUT,414546042405146,414546042405477
6,62726,PUT,414546042408905,414546042409215
6,62982,PUT,414546042415670,414546042415129
6,63238,PUT,414546042420712,414546042420772
6,63494,PUT,414546042421785,414546042421073
6,63750,PUT,414546042422456,414546042422787
6,64006,PUT,414546042439997,414546042440047
6,64262,PUT,414546042442392,414546042443505
6,64518,PUT,414546042445770,414546042444457
6,64774,PUT,414546042446522,414546042446682
6,65030,PUT,414546042451303,414546042451253
6,65286,PUT,414546042453619,414546042452907
6,65542,PUT,414546042454932,414546042454791
6,65798,PUT,414546042465807,414546042465717
6,66054,PUT,414546042467340,414546042466749
6,66310,PUT,414546042469966,414546042470307
6,66566,PUT,414546042472101,414546042472903
6,66822,PUT,414546042475840,414546042476131
6,67078,PUT,414546042478276,414546042476983
6,67334,PUT,414546042480341,414546042480982
6,67590,PUT,414546042482205,414546042482816
6,67846,PUT,414546042484099,414546042484300
6,68102,PUT,414546042487798,414546042488099
6,68358,PUT,414546042488620,414546042488910
6,68614,PUT,414546042491206,414546042489813
6,68870,PUT,414546042491927,414546042491988
6,69126,PUT,414546042500267,414546042500608
6,69382,PUT,414546042511182,414546042510912
6,69638,PUT,414546042512696,414546042514269
6,69894,PUT,414546042519963,414546042519983
6,70150,PUT,414546042523020,414546042523160
6,70406,PUT,414546042525004,414546042524343
6,70662,PUT,414546042526778,414546042522709
6,70918,PUT,414546042528362,414546042527781
6,71174,PUT,414546042532883,414546042532832
6,71430,PUT,414546042534797,414546042535990
6,71686,PUT,414546042540170,414546042540340
6,71942,PUT,414546042545823,414546042547256
6,72198,PUT,414546042548168,414546042548028
6,72454,PUT,414546042550564,414546042550554
6,72710,PUT,414546042556828,414546042556357
6,72966,PUT,414546042559374,414546042560006
6,73222,PUT,414546042563995,414546042563995
6,73478,PUT,414546042569347,414546042568956
6,73734,PUT,414546042571482,414546042572655
6,73990,PUT,414546042575983,414546042575201
6,74246,PUT,414546042585144,414546042584202
6,74502,PUT,414546042586958,414546042589644
6,74758,PUT,414546042598585,414546042598886
6,75014,PUT,414546042601031,414546042599938
6,6148,GET,414546041566428,414546041565697
6,8452,GET,414546041568543,414546041568042
6,13828,GET,414546041574758,414546041574477
6,15108,GET,414546041576241,414546041577574
6,2824,GET,414546041581824,414546041581573
6,4616,GET,414546041583257,414546041585212
6,8712,GET,414546041587557,414546041587327
6,13064,GET,414546041591446,414546041591376
6,4363,GET,414546041599976,414546041600127
6,7947,GET,414546041602853,414546041603605
6,265,GET,414546041608005,414546041606882
6,13067,GET,414546041611142,414546041609167
6,13323,GET,414546041612385,414546041612044
6,4361,GET,414546041617828,414546041615713
6,10249,GET,414546041624894,414546041625345
6,11785,GET,414546041626688,414546041626147
6,1036,GET,414546041630457,414546041629244
6,9228,GET,414546041639147,414546041639017
6,10764,GET,414546041640380,414546041640009
6,12300,GET,414546041641793,414546041641663
6,263,GET,414546041647687,414546041647206
6,2311,GET,414546041650083,414546041650754
6,4359,GET,414546041652097,414546041651576
6,7431,GET,414546041655545,414546041654703
6,9991,GET,414546041659354,414546041658763
6,13831,GET,414546041663373,414546041662962
6,1030,GET,414546041666731,414546041667303
6,4358,GET,414546041670209,414546041670109
6,6662,GET,414546041671993,414546041672013
6,11014,GET,414546041676303,414546041676394
6,514,GET,414546041683209,414546041683771
6,3586,GET,414546041687149,414546041687058
6,6402,GET,414546041688983,414546041688893
6,9474,GET,414546041692762,414546041692371
6,12034,GET,414546041694997,414546041693824
6,2563,GET,414546041703326,414546041703717
6,6147,GET,414546041707746,414546041707436
6,8195,GET,414546041710282,414546041710824
6,16131,GET,414546041719905,414546041719764
6,1295,GET,414546041721849,414546041721538
6,3087,GET,414546041723764,414546041722851
6,4879,GET,414546041724746,414546041724646
6,6671,GET,414546041726420,414546041727011
6,14095,GET,414546041733376,414546041733246
6,2830,GET,414546041738728,414546041739540
6,8974,GET,414546041744913,414546041745274
6,15374,GET,414546041751538,414546041752631
6,4109,GET,414546041757151,414546041757602
6,8205,GET,414546041762664,414546041762955
6,9741,GET,414546041764538,414546041763937
6,13325,GET,414546041768878,414546041768427
6,16397,GET,414546041771073,414546041771174
6,5377,GET,414546041776025,414546041775764
6,13825,GET,414546041785367,414546041785457
6,5125,GET,414546041793766,414546041794468
6,7429,GET,414546041796683,414546041796272
6,13317,GET,414546041804100,414546041804752
6,16389,GET,414546041808741,414546041810174
6,20234,GET,414546041849135,414546041849095
6,16641,GET,414546041852683,414546041852553
6,18180,GET,414546041854688,414546041854116
6,19716,GET,414546041859028,414546041859870
6,17920,GET,414546041862867,414546041863087
6,18432,GET,414546041865192,414546041866395
6,16652,GET,414546041874043,414546041874403
6,17667,GET,414546041879134,414546041880026
6,17164,GET,414546041893478,414546041892586
6,17679,GET,414546041895472,414546041896715
6,18703,GET,414546041901717,414546041901226
6,19458,GET,414546041904854,414546041903802
6,19203,GET,414546041908773,414546041909916
6,18699,GET,414546041913885,414546041912963
6,19714,GET,414546041916692,414546041916742
6,23809,GET,414546041919117,414546041919498
6,18958,GET,414546041924219,414546041923748
6,31242,GET,414546041927366,414546041926384
6,20482,GET,414546041928990,414546041930564
6,20491,GET,414546041934433,414546041934323
6,25345,GET,414546041935826,414546041935084
6,19976,GET,414546041937811,414546041936668
6,18953,GET,414546041939505,414546041939475
6,19470,GET,414546041940898,414546041939966
6,23813,GET,414546041949758,414546041949257
6,22027,GET,414546041952976,414546041953186
6,22797,GET,414546041954930,414546041956033
6,23821,GET,414546041965786,414546041965946
6,27652,GET,414546041968301,414546041969775
6,28420,GET,414546041974857,414546041973925
6,23560,GET,414546041980480,414546041981933
6,23815,GET,414546041986143,414546041984259
6,22281,GET,414546041993851,414546041993851
6,28417,GET,414546042020974,414546042020563
6,24844,GET,414546042021866,414546042021445
6,25615,GET,414546042026256,414546042025875
6,25602,GET,414546042027409,414546042025484
6,29185,GET,414546042029443,414546042029413
6,29697,GET,414546042031448,414546042030827
6,23310,GET,414546042051565,414546042051775
6,23566,GET,414546042055273,414546042055113
6,25865,GET,414546042056376,414546042057839
6,27917,GET,414546042061418,414546042062510
6,29448,GET,414546042064986,414546042064695
6,26379,GET,414546042067923,414546042067111
6,27919,GET,414546042071411,414546042071110
6,27655,GET,414546042073987,414546042072113
6,27142,GET,414546042075791,414546042075721
6,28940,GET,414546042078758,414546042078638
6,28167,GET,414546042080562,414546042079169
6,27654,GET,414546042083479,414546042083519
6,34052,GET,414546042084902,414546042084712
6,31232,GET,414546042088531,414546042087528
6,28419,GET,414546042090606,414546042089744
6,25358,GET,414546042092941,414546042092961
6,28935,GET,414546042095467,414546042096229
6,27659,GET,414546042100458,414546042101571
6,28678,GET,414546042103335,414546042103245
6,35588,GET,414546042114541,414546042114631
6,26638,GET,414546042118961,414546042118490
6,32008,GET,414546042122850,414546042122730
6,28939,GET,414546042126018,414546042125547
6,27150,GET,414546042129295,414546042129225
6,33285,GET,414546042132332,414546042131992
6,38148,GET,414546042152259,414546042152579
6,34053,GET,414546042154474,414546042154323
6,36865,GET,414546042155897,414546042155115
6,30979,GET,414546042157220,414546042156489
6,44298,GET,414546042159987,414546042159926
6,33037,GET,414546042165149,414546042164647
6,31497,GET,414546042166031,414546042165920
6,27918,GET,414546042167123,414546042166993
6,33800,GET,414546042168316,414546042168236
6,28174,GET,414546042169950,414546042170551
6,41732,GET,414546042173017,414546042171393
6,35072,GET,414546042177608,414546042177507
6,28942,GET,414546042186769,414546042186498
6,29198,GET,414546042188924,414546042188373
6,46858,GET,414546042191831,414546042192292
6,33030,GET,414546042193735,414546042193925
6,42756,GET,414546042195188,414546042194437
6,33286,GET,414546042196411,414546042196401
6,38657,GET,414546042198817,414546042197895
6,32011,GET,414546042199779,414546042199659
6,34054,GET,414546042209852,414546042208870
6,34562,GET,414546042211115,414546042210334
6,48906,GET,414546042221670,414546042221309
6,34311,GET,414546042226361,414546042225809
6,38912,GET,414546042228927,414546042230130
6,37128,GET,414546042233177,414546042233046
6,32014,GET,414546042236344,414546042236264
6,45060,GET,414546042241295,414546042240814
6,45316,GET,414546042244924,414546042245164
6,35849,GET,414546042248913,414546042248462
6,36870,GET,414546042250617,414546042252892
6,33806,GET,414546042256561,414546042256070
6,36361,GET,414546042259017,414546042259147
6,42241,GET,414546042260290,414546042259367
6,37379,GET,414546042263016,414546042262835
6,39429,GET,414546042267797,414546042267366
6,39685,GET,414546042272097,414546042269731
6,38150,GET,414546042277199,414546042276858
6,47876,GET,414546042280958,414546042281018
6,38918,GET,414546042287613,414546042287533
6,38407,GET,414546042290089,414546042289838
6,39942,GET,414546042302919,414546042302397
6,41996,GET,414546042305865,414546042306527
6,42245,GET,414546042308862,414546042307409
6,41474,GET,414546042310386,414546042309744
6,43272,GET,414546042316300,414546042316290
6,38926,GET,414546042322153,414546042322023
6,40207,GET,414546042323617,414546042323025
6,36875,GET,414546042324188,414546042324028
6,40719,GET,414546042333359,414546042333079
6,37387,GET,414546042334592,414546042334211
6,44296,GET,414546042336887,414546042336356
6,41231,GET,414546042341949,414546042341508
6,55562,GET,414546042347021,414546042347552
6,43522,GET,414546042354569,414546042354077
6,46344,GET,414546042358157,414546042358397
6,53252,GET,414546042366256,414546042365825
6,43011,GET,414546042367829,414546042367759
6,47872,GET,414546042378073,414546042376860
6,45318,GET,414546042384117,414546042385801
6,43017,GET,414546042387405,414546042387114
6,48136,GET,414546042389399,414546042388157
6,48392,GET,414546042391224,414546042390372
6,55812,GET,414546042397318,414546042396105
6,49416,GET,414546042399052,414546042399473
6,56580,GET,414546042402380,414546042403211
6,46599,GET,414546042407181,414546042407431
6,45069,GET,414546042410468,414546042410047
6,48908,GET,414546042411791,414546042412413
6,50432,GET,414546042414007,414546042413586
6,44553,GET,414546042418056,414546042418096
6,47618,GET,414546042424110,414546042423689
6,51464,GET,414546042441140,414546042440719
6,51720,GET,414546042448136,414546042447194
6,61194,GET,414546042449288,414546042448717
6,47375,GET,414546042456134,414546042455974
6,49922,GET,414546042458229,414546042459021
6,58884,GET,414546042463191,414546042462960
6,52492,GET,414546042468403,414546042467862
6,48387,GET,414546042473725,414546042473605
6,53768,GET,414546042485422,414546042486044
6,49423,GET,414546042493160,414546042491687
6,48910,GET,414546042495315,414546042495556
6,52226,GET,414546042503845,414546042503935
6,50182,GET,414546042506652,414546042506511
6,49165,GET,414546042507514,414546042508476
6,64522,GET,414546042515562,414546042515913
6,49421,GET,414546042518249,414546042518740
6,52997,GET,414546042531108,414546042531469
6,65546,GET,414546042534075,414546042533684
6,53762,GET,414546042537754,414546042538365
6,56584,GET,414546042542926,414546042541523
6,50441,GET,414546042552989,414546042554673
6,51981,GET,414546042561870,414546042562461
6,52494,GET,414546042565228,414546042565067
6,51465,GET,414546042566330,414546042566731
6,67594,GET,414546042573798,414546042572374
6,56079,GET,414546042577857,414546042578168
6,59143,GET,414546042579912,414546042579150
6,56591,GET,414546042583069,414546042583881
6,61185,GET,414546042586507,414546042585114
6,55299,GET,414546042592451,414546042592240
6,55558,GET,414546042595819,414546042595799
6,56078,GET,414546042603467,414546042603216
6,52747,GET,414546042604890,414546042604830
6,53259,GET,414546042608107,414546042606854
6,57093,GET,414546042609130,414546042608769
7,263,PUT,414546041092909,414546041093670
7,519,PUT,414546041094302,414546041094422
7,775,PUT,414546041094603,414546041094713
7,1031,PUT,414546041094853,414546041094963
7,1287,PUT,414546041095104,414546041095214
7,1543,PUT,414546041095354,414546041095465
7,1799,PUT,414546041095605,414546041095715
7,2055,PUT,414546041095946,414546041096046
7,2311,PUT,414546041096196,414546041096307
7,2567,PUT,414546041096447,414546041096557
7,2823,PUT,414546041096697,414546041096808
7,3079,PUT,414546041096948,414546041097058
7,3335,PUT,414546041097199,414546041097309
7,3591,PUT,414546041097449,414546041097559
7,3847,PUT,414546041097700,414546041097810
7,4103,PUT,414546041098041,414546041098151
7,4359,PUT,414546041098291,414546041098401
7,4615,PUT,414546041098542,414546041098652
7,4871,PUT,414546041098792,414546041098903
7,5127,PUT,414546041099053,414546041099153
7,5383,PUT,414546041099303,414546041099424
7,5639,PUT,414546041099594,414546041099694
7,5895,PUT,414546041099835,414546041099945
7,6151,PUT,414546041100175,414546041100286
7,6407,PUT,414546041100436,414546041100546
7,6663,PUT,414546041100687,414546041100797
7,6919,PUT,414546041100937,414546041101037
7,7175,PUT,414546041101188,414546041101298
7,7431,PUT,414546041101438,414546041101549
7,7687,PUT,414546041101689,414546041101799
7,7943,PUT,414546041101940,414546041102050
7,8199,PUT,414546041102280,414546041102381
7,8455,PUT,414546041102531,414546041102641
7,8711,PUT,414546041102782,414546041102892
7,8967,PUT,414546041103032,414546041103142
7,9223,PUT,414546041103283,414546041103393
7,9479,PUT,414546041103533,414546041103644
7,9735,PUT,414546041103784,414546041103894
7,9991,PUT,414546041104034,414546041104145
7,10247,PUT,414546041104365,414546041104475
7,10503,PUT,414546041104626,414546041104736
7,10759,PUT,414546041104876,414546041104987
7,11015,PUT,414546041105127,414546041105227
7,11271,PUT,414546041105378,414546041105488
7,11527,PUT,414546041105628,414546041105738
7,11783,PUT,414546041105929,414546041106039
7,12039,PUT,414546041106179,414546041106280
7,12295,PUT,414546041106580,414546041106691
7,12551,PUT,414546041106841,414546041106941
7,12807,PUT,414546041107082,414546041107192
7,13063,PUT,414546041107332,414546041107442
7,13319,PUT,414546041107593,414546041107703
7,13575,PUT,414546041107883,414546041108004
7,13831,PUT,414546041108154,414546041108264
7,14087,PUT,414546041108405,414546041108515
7,14343,PUT,414546041108816,414546041108936
7,14599,PUT,414546041109086,414546041109216
7,14855,PUT,414546041109417,414546041109517
7,15111,PUT,414546041109668,414546041109818
7,15367,PUT,414546041110058,414546041110179
7,15623,PUT,414546041110339,414546041110479
7,15879,PUT,414546041110670,414546041110820
7,16135,PUT,414546041111021,414546041111171
7,16391,PUT,414546041111361,414546041111512
7,16647,PUT,414546041563642,414546041563973
7,16903,PUT,414546041575870,414546041575950
7,17159,PUT,414546041579789,414546041579589
7,17415,PUT,414546041582866,414546041584771
7,17671,PUT,414546041605780,414546041605288
7,17927,PUT,414546041607594,414546041607734
7,18183,PUT,414546041611693,414546041611413
7,18439,PUT,414546041613638,414546041614520
7,18695,PUT,414546041619762,414546041620394
7,18951,PUT,414546041626287,414546041626628
7,19207,PUT,414546041627851,414546041627300
7,19463,PUT,414546041630206,414546041630517
7,19719,PUT,414546041636691,414546041637904
7,19975,PUT,414546041640039,414546041638786
7,20231,PUT,414546041640831,414546041640801
7,20487,PUT,414546041642685,414546041643427
7,20743,PUT,414546041650664,414546041650183
7,20999,PUT,414546041652238,414546041651005
7,21255,PUT,414546041653480,414546041653711
7,21511,PUT,414546041654362,414546041654663
7,21767,PUT,414546041657139,414546041657510
7,22023,PUT,414546041665709,414546041665158
7,22279,PUT,414546041668195,414546041668445
7,22535,PUT,414546041671402,414546041672294
7,22791,PUT,414546041673848,414546041674098
7,23047,PUT,414546041675512,414546041674980
7,23303,PUT,414546041677516,414546041676584
7,23559,PUT,414546041681105,414546041680493
7,23815,PUT,414546041683741,414546041684112
7,24071,PUT,414546041689294,414546041688231
7,24327,PUT,414546041696601,414546041696510
7,24583,PUT,414546041700560,414546041700700
7,24839,PUT,414546041704840,414546041705972
7,25095,PUT,414546041707967,414546041707646
7,25351,PUT,414546041708458,414546041708618
7,25607,PUT,414546041710012,414546041709591
7,25863,PUT,414546041715244,414546041715053
7,26119,PUT,414546041722831,414546041722661
7,26375,PUT,414546041724656,414546041724946
7,26631,PUT,414546041730148,414546041730339
7,26887,PUT,414546041733466,414546041733777
7,27143,PUT,414546041743630,414546041742457
7,27399,PUT,414546041750907,414546041751789
7,27655,PUT,414546041753342,414546041752260
7,27911,PUT,414546041755126,414546041755297
7,28167,PUT,414546041758234,414546041758384
7,28423,PUT,414546041768568,414546041768528
7,28679,PUT,414546041770653,414546041770943
7,28935,PUT,414546041771795,414546041772086
7,29191,PUT,414546041778240,414546041778130
7,29447,PUT,414546041785998,414546041788143
7,29703,PUT,414546041796232,414546041796533
7,29959,PUT,414546041803659,414546041803950
7,30215,PUT,414546041808330,414546041806245
7,30471,PUT,414546041839713,414546041840014
7,30727,PUT,414546041844374,414546041843522
7,30983,PUT,414546041848774,414546041848844
7,31239,PUT,414546041856913,414546041856772
7,31495,PUT,414546041858567,414546041859238
7,31751,PUT,414546041862376,414546041860952
7,32007,PUT,414546041869061,414546041869632
7,32263,PUT,414546041871607,414546041870314
7,32519,PUT,414546041873652,414546041873942
7,32775,PUT,414546041874965,414546041874945
7,33031,PUT,414546041876538,414546041876709
7,33287,PUT,414546041885539,414546041885509
7,33543,PUT,414546041888236,414546041888125
7,33799,PUT,414546041890521,414546041892095
7,34055,PUT,414546041894400,414546041894590
7,34311,PUT,414546041896946,414546041896585
7,34567,PUT,414546041898149,414546041897958
7,34823,PUT,414546041899201,414546041900404
7,35079,PUT,414546041904393,414546041904183
7,35335,PUT,414546041915770,414546041915900
7,35591,PUT,414546041916902,414546041917243
7,35847,PUT,414546041921002,414546041920942
7,36103,PUT,414546041925893,414546041925743
7,36359,PUT,414546041927086,414546041928339
7,36615,PUT,414546041931255,414546041930013
7,36871,PUT,414546041932328,414546041933481
7,37127,PUT,414546041934944,414546041935245
7,37383,PUT,414546041936107,414546041936177
7,37639,PUT,414546041950691,414546041949869
7,37895,PUT,414546041953788,414546041953778
7,38151,PUT,414546041962839,414546041963170
7,38407,PUT,414546041965154,414546041964833
7,38663,PUT,414546041967750,414546041968071
7,38919,PUT,414546041970787,414546041969735
7,39175,PUT,414546041972652,414546041972712
7,39431,PUT,414546041977563,414546041977453
7,39687,PUT,414546041984830,414546041985131
7,39943,PUT,414546041987165,414546041986404
7,40199,PUT,414546041994573,414546041993931
7,40455,PUT,414546041998401,414546041997830
7,40711,PUT,414546042016453,414546042016594
7,40967,PUT,414546042018869,414546042018839
7,41223,PUT,414546042026547,414546042026146
7,41479,PUT,414546042027399,414546042026867
7,41735,PUT,414546042034515,414546042035187
7,41991,PUT,414546042035778,414546042035738
7,42247,PUT,414546042037663,414546042037973
7,42503,PUT,414546042039336,414546042039276
7,42759,PUT,414546042044398,414546042043195
7,43015,PUT,414546042045240,414546042045581
7,43271,PUT,414546042046854,414546042047235
7,43527,PUT,414546042049340,414546042049450
7,43783,PUT,414546042064565,414546042064946
7,44039,PUT,414546042075180,414546042076683
7,44295,PUT,414546042077675,414546042078337
7,44551,PUT,414546042080863,414546042081184
7,44807,PUT,414546042083860,414546042083148
7,45063,PUT,414546042088611,414546042088671
7,45319,PUT,414546042095216,414546042096259
7,45575,PUT,414546042098514,414546042098694
7,45831,PUT,414546042100007,414546042100348
7,46087,PUT,414546042102533,414546042102233
7,46343,PUT,414546042104177,414546042104498
7,46599,PUT,414546042109098,414546042109319
7,46855,PUT,414546042112837,414546042113198
7,47111,PUT,414546042113799,414546042115132
7,47367,PUT,414546042115954,414546042115744
7,47623,PUT,414546042121247,414546042119894
7,47879,PUT,414546042122449,414546042122640
7,48135,PUT,414546042126338,414546042126369
7,48391,PUT,414546042145323,414546042145192
7,48647,PUT,414546042145964,414546042146505
7,48903,PUT,414546042147347,414546042147698
7,49159,PUT,414546042149312,414546042149392
7,49415,PUT,414546042159445,414546042159926
7,49671,PUT,414546042161400,414546042161400
7,49927,PUT,414546042162733,414546042164016
7,50183,PUT,414546042165048,414546042165099
7,50439,PUT,414546042166141,414546042164748
7,50695,PUT,414546042170972,414546042170832
7,50951,PUT,414546042172917,414546042172716
7,51207,PUT,414546042173849,414546042173969
7,51463,PUT,414546042182559,414546042182900
7,51719,PUT,414546042188643,414546042189435
7,51975,PUT,414546042194557,414546042194216
7,52231,PUT,414546042196030,414546042196171
7,52487,PUT,414546042197213,414546042196942
7,52743,PUT,414546042200451,414546042198065
7,52999,PUT,414546042202084,414546042203097
7,53255,PUT,414546042203929,414546042203387
7,53511,PUT,414546042205983,414546042206034
7,53767,PUT,414546042210464,414546042209632
7,54023,PUT,414546042212619,414546042212639
7,54279,PUT,414546042214263,414546042212539
7,54535,PUT,414546042216337,414546042219004
7,54791,PUT,414546042219916,414546042219806
7,55047,PUT,414546042221369,414546042221570
7,55303,PUT,414546042228676,414546042229298
7,55559,PUT,414546042231924,414546042231613
7,55815,PUT,414546042233738,414546042234460
7,56071,PUT,414546042235322,414546042235492
7,56327,PUT,414546042237396,414546042237667
7,56583,PUT,414546042238940,414546042238850
7,56839,PUT,414546042240233,414546042238519
7,57095,PUT,414546042241376,414546042241135
7,57351,PUT,414546042245184,414546042244994
7,57607,PUT,414546042247039,414546042246818
7,57863,PUT,414546042250236,414546042252271
7,58119,PUT,414546042257744,414546042258024
7,58375,PUT,414546042268007,414546042268048
7,58631,PUT,414546042268609,414546042268910
7,58887,PUT,414546042273400,414546042273410
7,59143,PUT,414546042275134,414546042275445
7,59399,PUT,414546042278011,414546042277961
7,59655,PUT,414546042282912,414546042282932
7,59911,PUT,414546042293988,414546042293827
7,60167,PUT,414546042305585,414546042305204
7,60423,PUT,414546042309825,414546042310065
7,60679,PUT,414546042313383,414546042313363
7,60935,PUT,414546042314576,414546042314957
7,61191,PUT,414546042315798,414546042316370
7,61447,PUT,414546042323677,414546042323356
7,61703,PUT,414546042325882,414546042324980
7,61959,PUT,414546042334763,414546042335635
7,62215,PUT,414546042337078,414546042336607
7,62471,PUT,414546042338902,414546042339143
7,62727,PUT,414546042350569,414546042348885
7,62983,PUT,414546042357515,414546042356804
7,63239,PUT,414546042358287,414546042358638
7,63495,PUT,414546042363269,414546042363630
7,63751,PUT,414546042366787,414546042366867
7,64007,PUT,414546042367208,414546042367509
7,64263,PUT,414546042368120,414546042368020
7,64519,PUT,414546042371498,414546042371809
7,64775,PUT,414546042377762,414546042377121
7,65031,PUT,414546042379126,414546042380509
7,65287,PUT,414546042386392,414546042386683
7,65543,PUT,414546042388577,414546042388888
7,65799,PUT,414546042391123,414546042391494
7,66055,PUT,414546042400525,414546042399763
7,66311,PUT,414546042405146,414546042405477
7,66567,PUT,414546042412403,414546042412403
7,66823,PUT,414546042415670,414546042415129
7,67079,PUT,414546042420712,414546042420772
7,67335,PUT,414546042439997,414546042440047
7,67591,PUT,414546042441310,414546042442222
7,67847,PUT,414546042446522,414546042446682
7,68103,PUT,414546042451303,414546042451253
7,68359,PUT,414546042453619,414546042452907
7,68615,PUT,414546042463572,414546042462720
7,68871,PUT,414546042465807,414546042465717
7,69127,PUT,414546042468273,414546042468563
7,69383,PUT,414546042474557,414546042474938
7,69639,PUT,414546042480341,414546042480982
7,69895,PUT,414546042484981,414546042486655
7,70151,PUT,414546042494744,414546042495035
7,70407,PUT,414546042496568,414546042496358
7,70663,PUT,414546042503474,414546042503184
7,70919,PUT,414546042511182,414546042510912
7,71175,PUT,414546042518720,414546042518379
7,71431,PUT,414546042526778,414546042522709
7,71687,PUT,414546042528362,414546042527781
7,71943,PUT,414546042532883,414546042532832
7,72199,PUT,414546042533815,414546042533725
7,72455,PUT,414546042534797,414546042535990
7,72711,PUT,414546042537463,414546042538927
7,72967,PUT,414546042556828,414546042556357
7,73223,PUT,414546042559374,414546042560006
7,73479,PUT,414546042561549,414546042562241
7,73735,PUT,414546042563564,414546042563915
7,73991,PUT,414546042569347,414546042568956
7,74247,PUT,414546042575983,414546042575201
7,74503,PUT,414546042585144,414546042584202
7,74759,PUT,414546042598585,414546042598806
7,5892,GET,414546041566308,414546041565697
7,8196,GET,414546041568503,414546041568042
7,10756,GET,414546041570919,414546041570849
7,12292,GET,414546041572372,414546041572623
7,14084,GET,414546041574798,414546041574477
7,2312,GET,414546041580882,414546041580250
7,2568,GET,414546041581764,414546041581573
7,8456,GET,414546041587527,414546041587327
7,10248,GET,414546041588620,414546041586535
7,12808,GET,414546041591416,414546041591376
7,14088,GET,414546041592890,414546041592138
7,1547,GET,414546041596368,414546041595766
7,2827,GET,414546041598433,414546041597881
7,4107,GET,414546041599936,414546041600127
7,7691,GET,414546041602823,414546041603605
7,777,GET,414546041609077,414546041609959
7,3337,GET,414546041615512,414546041614871
7,15883,GET,414546041617788,414546041615713
7,9993,GET,414546041624854,414546041625345
7,16137,GET,414546041632612,414546041631359
7,9484,GET,414546041639187,414546041639017
7,15884,GET,414546041646574,414546041645321
7,1543,GET,414546041649531,414546041648569
7,10247,GET,414546041659384,414546041658763
7,14087,GET,414546041663403,414546041662962
7,15879,GET,414546041666771,414546041667303
7,4614,GET,414546041670239,414546041670109
7,2306,GET,414546041685846,414546041686357
7,5890,GET,414546041688452,414546041688381
7,9730,GET,414546041692792,414546041692371
7,12290,GET,414546041695027,414546041693824
7,15618,GET,414546041703356,414546041703717
7,9219,GET,414546041712257,414546041709310
7,10755,GET,414546041713610,414546041712768
7,15107,GET,414546041718702,414546041718832
7,783,GET,414546041721017,414546041720927
7,4111,GET,414546041724335,414546041724114
7,6927,GET,414546041726450,414546041727011
7,12559,GET,414546041732043,414546041732183
7,526,GET,414546041736283,414546041738077
7,4878,GET,414546041740502,414546041740563
7,10510,GET,414546041746286,414546041745855
7,11534,GET,414546041747168,414546041747208
7,13838,GET,414546041749804,414546041750095
7,4365,GET,414546041757181,414546041757602
7,6925,GET,414546041761160,414546041761842
7,9229,GET,414546041763646,414546041763506
7,10253,GET,414546041765210,414546041765410
7,4097,GET,414546041774752,414546041774301
7,6145,GET,414546041776586,414546041777077
7,8449,GET,414546041779704,414546041779904
7,9985,GET,414546041781598,414546041783773
7,773,GET,414546041789176,414546041788654
7,1285,GET,414546041790789,414546041792313
7,5381,GET,414546041793806,414546041794468
7,8197,GET,414546041797505,414546041798106
7,9733,GET,414546041799790,414546041802246
7,14853,GET,414546041806185,414546041806355
7,3072,GET,414546041811748,414546041811698
7,5888,GET,414546041814715,414546041814234
7,6400,GET,414546041815487,414546041815006
7,14848,GET,414546041841587,414546041842149
7,17162,GET,414546041846539,414546041846148
7,21770,GET,414546041850919,414546041850037
7,16897,GET,414546041854197,414546041854086
7,24074,GET,414546041855580,414546041855860
7,19972,GET,414546041860912,414546041859519
7,18176,GET,414546041864049,414546041863929
7,18688,GET,414546041867297,414546041866255
7,16905,GET,414546041878593,414546041877932
7,17159,GET,414546041880758,414546041880658
7,16655,GET,414546041882683,414546041881109
7,16910,GET,414546041886542,414546041886151
7,17422,GET,414546041901757,414546041901226
7,17671,GET,414546041905917,414546041906959
7,21248,GET,414546041908733,414546041909916
7,30218,GET,414546041912281,414546041911008
7,18185,GET,414546041913855,414546041912963
7,30986,GET,414546041919157,414546041919498
7,20493,GET,414546041922525,414546041921884
7,19211,GET,414546041924249,414546041923748
7,21263,GET,414546041937841,414546041936668
7,20739,GET,414546041939545,414546041939475
7,20487,GET,414546041940938,414546041939966
7,20748,GET,414546041942802,414546041945168
7,21515,GET,414546041947774,414546041948125
7,20999,GET,414546041951803,414546041952264
7,21767,GET,414546041957085,414546041957276
7,22543,GET,414546041959962,414546041960944
7,26117,GET,414546041974827,414546041973925
7,24066,GET,414546041976230,414546041975198
7,22534,GET,414546041980510,414546041981933
7,26885,GET,414546041986113,414546041984259
7,24067,GET,414546041989531,414546041989811
7,24332,GET,414546041991836,414546041991666
7,24331,GET,414546041996467,414546041997770
7,25346,GET,414546042017566,414546042017496
7,35082,GET,414546042019801,414546042019791
7,27904,GET,414546042021014,414546042020563
7,25357,GET,414546042021896,414546042021445
7,28160,GET,414546042023279,414546042023800
7,24579,GET,414546042024953,414546042023520
7,25095,GET,414546042029484,414546042029413
7,24329,GET,414546042031478,414546042030827
7,26380,GET,414546042042313,414546042042754
7,36618,GET,414546042048277,414546042047255
7,25350,GET,414546042050723,414546042050342
7,25353,GET,414546042052798,414546042053159
7,25609,GET,414546042054542,414546042053409
7,26887,GET,414546042055745,414546042055374
7,27151,GET,414546042058571,414546042059263
7,23822,GET,414546042060105,414546042060385
7,28685,GET,414546042079219,414546042078868
7,27398,GET,414546042080532,414546042079169
7,27913,GET,414546042086265,414546042086416
7,30981,GET,414546042090646,414546042089744
7,27147,GET,414546042092971,414546042092961
7,31493,GET,414546042097231,414546042096178
7,35332,GET,414546042111985,414546042112065
7,32000,GET,414546042117127,414546042117197
7,31752,GET,414546042118931,414546042118490
7,30473,GET,414546042124825,414546042125266
7,32013,GET,414546042129265,414546042129225
7,43530,GET,414546042151828,414546042151637
7,39428,GET,414546042153822,414546042152710
7,39684,GET,414546042154775,414546042154414
7,30219,GET,414546042156619,414546042156258
7,33804,GET,414546042167835,414546042167735
7,32770,GET,414546042168917,414546042168386
7,32009,GET,414546042177638,414546042177507
7,35077,GET,414546042179422,414546042179923
7,31243,GET,414546042180925,414546042180344
7,42244,GET,414546042184393,414546042184002
7,33794,GET,414546042186729,414546042186498
7,31755,GET,414546042191801,414546042192292
7,36352,GET,414546042193705,414546042193925
7,35340,GET,414546042198847,414546042197895
7,36357,GET,414546042207928,414546042208760
7,34825,GET,414546042223665,414546042223554
7,31758,GET,414546042226391,414546042225809
7,35586,GET,414546042230801,414546042229869
7,41473,GET,414546042242739,414546042243771
7,35855,GET,414546042248943,414546042248462
7,46084,GET,414546042256531,414546042256070
7,36871,GET,414546042260259,414546042259367
7,37383,GET,414546042263046,414546042262835
7,37638,GET,414546042269822,414546042268809
7,43265,GET,414546042272127,414546042269731
7,34830,GET,414546042277169,414546042276858
7,43777,GET,414546042279945,414546042279985
7,38662,GET,414546042286420,414546042286340
7,42496,GET,414546042287954,414546042288275
7,42752,GET,414546042291041,414546042291111
7,48644,GET,414546042292364,414546042291883
7,38919,GET,414546042295732,414546042296113
7,43008,GET,414546042297316,414546042296925
7,41733,GET,414546042299501,414546042301305
7,38671,GET,414546042302959,414546042302397
7,40962,GET,414546042307499,414546042307409
7,37646,GET,414546042311278,414546042310887
7,54538,GET,414546042317663,414546042317863
7,40195,GET,414546042319357,414546042317833
7,39951,GET,414546042320760,414546042321432
7,43784,GET,414546042322374,414546042322023
7,54794,GET,414546042324258,414546042324028
7,51204,GET,414546042327736,414546042328097
7,43525,GET,414546042329320,414546042328889
7,51716,GET,414546042331094,414546042331766
7,44040,GET,414546042333850,414546042332808
7,39689,GET,414546042338541,414546042338200
7,40975,GET,414546042340857,414546042340175
7,55818,GET,414546042354538,414546042354077
7,44805,GET,414546042356122,414546042356403
7,46600,GET,414546042359781,414546042360572
7,42254,GET,414546042365243,414546042365213
7,53508,GET,414546042372971,414546042374805
7,42761,GET,414546042382203,414546042381702
7,51713,GET,414546042383486,414546042383315
7,45314,GET,414546042390692,414546042390622
7,39947,GET,414546042393509,414546042393679
7,59914,GET,414546042395774,414546042396556
7,45574,GET,414546042397649,414546042396105
7,44803,GET,414546042399092,414546042399473
7,47884,GET,414546042402339,414546042403211
7,60682,GET,414546042407151,414546042407431
7,46338,GET,414546042409245,414546042408985
7,60938,GET,414546042410428,414546042410047
7,48133,GET,414546042418026,414546042418096
7,49420,GET,414546042422346,414546042421835
7,48645,GET,414546042423378,414546042421795
7,49157,GET,414546042425182,414546042425483
7,46339,GET,414546042444527,414546042445139
7,46863,GET,414546042448106,414546042447194
7,51200,GET,414546042449258,414546042448717
7,61450,GET,414546042455383,414546042454972
7,49415,GET,414546042456886,414546042457287
7,46345,GET,414546042459723,414546042462128
7,55041,GET,414546042467651,414546042467260
7,50693,GET,414546042470367,414546042470778
7,55809,GET,414546042472813,414546042472613
7,52992,GET,414546042476181,414546042477634
7,59908,GET,414546042482696,414546042483378
7,56321,GET,414546042487668,414546042487337
7,48397,GET,414546042489161,414546042488630
7,51719,GET,414546042491587,414546042491917
7,54016,GET,414546042493120,414546042491687
7,48909,GET,414546042500748,414546042502121
7,52999,GET,414546042504938,414546042505900
7,55040,GET,414546042507123,414546042508476
7,64266,GET,414546042513207,414546042514330
7,46603,GET,414546042516996,414546042516956
7,58369,GET,414546042521957,414546042523040
7,49933,GET,414546042524243,414546042524142
7,62980,GET,414546042531078,414546042531469
7,50701,GET,414546042539809,414546042540320
7,49929,GET,414546042542896,414546042541523
7,56583,GET,414546042546374,414546042547597
7,57095,GET,414546042549351,414546042549932
7,66826,GET,414546042552959,414546042554673
7,51209,GET,414546042565198,414546042565067
7,65028,GET,414546042566290,414546042566731
7,53262,GET,414546042571813,414546042571161
7,60673,GET,414546042573758,414546042572374
7,53518,GET,414546042577897,414546042578168
7,60428,GET,414546042579872,414546042579150
7,54534,GET,414546042583039,414546042583881
7,55557,GET,414546042586477,414546042585114
7,51211,GET,414546042587540,414546042591248
7,51979,GET,414546042593754,414546042595027
7,54797,GET,414546042596991,414546042595899
7,55053,GET,414546042601462,414546042601502
7,62732,GET,414546042603497,414546042603216
7,57858,GET,414546042604930,414546042604830
7,54025,GET,414546042608137,414546042606854
7,69642,GET,414546042609170,414546042608769
8,264,PUT,414546040989649,414546040990431
8,520,PUT,414546040991122,414546040991233
8,776,PUT,414546040991423,414546040991533
8,1032,PUT,414546040991674,414546040991784
8,1288,PUT,414546040991924,414546040992034
8,1544,PUT,414546040992175,414546040992285
8,1800,PUT,414546040992425,414546040992536
8,2056,PUT,414546040992816,414546040992926
8,2312,PUT,414546040993077,414546040993187
8,2568,PUT,414546040993327,414546040993428
8,2824,PUT,414546040993578,414546040993678
8,3080,PUT,414546040993829,414546040993939
8,3336,PUT,414546040994079,414546040994189
8,3592,PUT,414546040994330,414546040994440
8,3848,PUT,414546040994580,414546040994691
8,4104,PUT,414546040994971,414546040995081
8,4360,PUT,414546040995232,414546040995332
8,4616,PUT,414546040995482,414546040995583
8,4872,PUT,414546040995723,414546040995833
8,5128,PUT,414546040995984,414546040996094
8,5384,PUT,414546040996234,414546040996344
8,5640,PUT,414546040996485,414546040996585
8,5896,PUT,414546040996735,414546040996836
8,6152,PUT,414546040997126,414546040997236
8,6408,PUT,414546040997377,414546040997487
8,6664,PUT,414546040997627,414546040997738
8,6920,PUT,414546040997878,414546040997988
8,7176,PUT,414546040998139,414546040998329
8,7432,PUT,414546040998580,414546040998780
8,7688,PUT,414546040998920,414546040999031
8,7944,PUT,414546040999171,414546040999281
8,8200,PUT,414546040999562,414546040999672
8,8456,PUT,414546040999832,414546040999933
8,8712,PUT,414546041000083,414546041016772
8,8968,PUT,414546041017433,414546041017584
8,9224,PUT,414546041017724,414546041017834
8,9480,PUT,414546041017975,414546041018085
8,9736,PUT,414546041018225,414546041018335
8,9992,PUT,414546041018476,414546041018586
8,10248,PUT,414546041018877,414546041018977
8,10504,PUT,414546041019127,414546041019238
8,10760,PUT,414546041019378,414546041019488
8,11016,PUT,414546041019628,414546041019739
8,11272,PUT,414546041019879,414546041019989
8,11528,PUT,414546041020140,414546041020250
8,11784,PUT,414546041020390,414546041020500
8,12040,PUT,414546041020641,414546041020741
8,12296,PUT,414546041021032,414546041021142
8,12552,PUT,414546041021292,414546041021403
8,12808,PUT,414546041021543,414546041021653
8,13064,PUT,414546041021793,414546041021894
8,13320,PUT,414546041022044,414546041022154
8,13576,PUT,414546041022295,414546041022405
8,13832,PUT,414546041022545,414546041022655
8,14088,PUT,414546041022796,414546041022906
8,14344,PUT,414546041023197,414546041023297
8,14600,PUT,414546041023447,414546041023558
8,14856,PUT,414546041023698,414546041023808
8,15112,PUT,414546041023948,414546041024059
8,15368,PUT,414546041024199,414546041024309
8,15624,PUT,414546041024450,414546041024560
8,15880,PUT,414546041024700,414546041024810
8,16136,PUT,414546041024951,414546041025061
8,16392,PUT,414546041025382,414546041025492
8,16648,PUT,414546041575870,414546041576111
8,16904,PUT,414546041578366,414546041578737
8,17160,PUT,414546041581593,414546041581874
8,17416,PUT,414546041586244,414546041586555
8,17672,PUT,414546041604477,414546041604326
8,17928,PUT,414546041605780,414546041606110
8,18184,PUT,414546041609178,414546041608726
8,18440,PUT,414546041611693,414546041611413
8,18696,PUT,414546041614430,414546041614520
8,18952,PUT,414546041615683,414546041615993
8,19208,PUT,414546041617036,414546041614730
8,19464,PUT,414546041620103,414546041620394
8,19720,PUT,414546041635950,414546041635799
8,19976,PUT,414546041636691,414546041636812
8,20232,PUT,414546041642956,414546041642776
8,20488,PUT,414546041645362,414546041645542
8,20744,PUT,414546041646414,414546041645622
8,21000,PUT,414546041649110,414546041648880
8,21256,PUT,414546041650664,414546041650183
8,21512,PUT,414546041656848,414546041656688
8,21768,PUT,414546041658963,414546041660447
8,22024,PUT,414546041664376,414546041664747
8,22280,PUT,414546041666050,414546041666030
8,22536,PUT,414546041669598,414546041669648
8,22792,PUT,414546041670129,414546041670430
8,23048,PUT,414546041674148,414546041674219
8,23304,PUT,414546041676454,414546041675842
8,23560,PUT,414546041678749,414546041678308
8,23816,PUT,414546041681105,414546041680493
8,24072,PUT,414546041682899,414546041682107
8,24328,PUT,414546041684292,414546041684112
8,24584,PUT,414546041689845,414546041689564
8,24840,PUT,414546041691659,414546041691890
8,25096,PUT,414546041692701,414546041694375
8,25352,PUT,414546041695508,414546041695358
8,25608,PUT,414546041698355,414546041700109
8,25864,PUT,414546041700560,414546041702564
8,26120,PUT,414546041703366,414546041703657
8,26376,PUT,414546041706514,414546041705972
8,26632,PUT,414546041712397,414546041711104
8,26888,PUT,414546041714402,414546041714191
8,27144,PUT,414546041717359,414546041717068
8,27400,PUT,414546041719444,414546041719684
8,27656,PUT,414546041727121,414546041726530
8,27912,PUT,414546041731752,414546041731993
8,28168,PUT,414546041733466,414546041733516
8,28424,PUT,414546041734599,414546041734839
8,28680,PUT,414546041737285,414546041737275
8,28936,PUT,414546041738077,414546041737576
8,29192,PUT,414546041739741,414546041740432
8,29448,PUT,414546041742387,414546041741745
8,29704,PUT,414546041745284,414546041745624
8,29960,PUT,414546041748722,414546041748611
8,30216,PUT,414546041750546,414546041750185
8,30472,PUT,414546041765701,414546041765190
8,30728,PUT,414546041767666,414546041767836
8,30984,PUT,414546041768568,414546041768528
8,31240,PUT,414546041779603,414546041778852
8,31496,PUT,414546041784585,414546041784886
8,31752,PUT,414546041794618,414546041796051
8,32008,PUT,414546041797314,414546041797615
8,32264,PUT,414546041803659,414546041804822
8,32520,PUT,414546041809523,414546041806245
8,32776,PUT,414546041810545,414546041809783
8,33032,PUT,414546041811738,414546041811708
8,33288,PUT,414546041838610,414546041838610
8,33544,PUT,414546041841517,414546041839071
8,33800,PUT,414546041842910,414546041843432
8,34056,PUT,414546041855540,414546041855921
8,34312,PUT,414546041857634,414546041857925
8,34568,PUT,414546041859529,414546041861113
8,34824,PUT,414546041863378,414546041863699
8,35080,PUT,414546041865653,414546041865783
8,35336,PUT,414546041869302,414546041869632
8,35592,PUT,414546041871607,414546041870314
8,35848,PUT,414546041873652,414546041873942
8,36104,PUT,414546041876538,414546041878092
8,36360,PUT,414546041883765,414546041883645
8,36616,PUT,414546041886241,414546041887173
8,36872,PUT,414546041899201,414546041899562
8,37128,PUT,414546041903461,414546041903792
8,37384,PUT,414546041905596,414546041904523
8,37640,PUT,414546041906398,414546041907641
8,37896,PUT,414546041914897,414546041914637
8,38152,PUT,414546041915770,414546041916110
8,38408,PUT,414546041925011,414546041924810
8,38664,PUT,414546041931656,414546041931175
8,38920,PUT,414546041934944,414546041935245
8,39176,PUT,414546041938372,414546041936407
8,39432,PUT,414546041951773,414546041951683
8,39688,PUT,414546041955331,414546041955442
8,39944,PUT,414546041957757,414546041958058
8,40200,PUT,414546041959271,414546041959571
8,40456,PUT,414546041960143,414546041960443
8,40712,PUT,414546041962077,414546041961105
8,40968,PUT,414546041962839,414546041961847
8,41224,PUT,414546041972882,414546041971850
8,41480,PUT,414546041974546,414546041974045
8,41736,PUT,414546041975879,414546041976180
8,41992,PUT,414546041978024,414546041978245
8,42248,PUT,414546041981542,414546041981091
8,42504,PUT,414546041984830,414546041984740
8,42760,PUT,414546041987165,414546041986955
8,43016,PUT,414546041987927,414546041988057
8,43272,PUT,414546041989831,414546041990132
8,43528,PUT,414546041994913,414546041994913
8,43784,PUT,414546041995936,414546041996407
8,44040,PUT,414546042023029,414546042022918
8,44296,PUT,414546042027399,414546042026867
8,44552,PUT,414546042028431,414546042029704
8,44808,PUT,414546042030827,414546042030807
8,45064,PUT,414546042033242,414546042032861
8,45320,PUT,414546042033673,414546042033854
8,45576,PUT,414546042034896,414546042034716
8,45832,PUT,414546042038926,414546042039276
8,46088,PUT,414546042049340,414546042049119
8,46344,PUT,414546042050372,414546042049540
8,46600,PUT,414546042053529,414546042052277
8,46856,PUT,414546042055765,414546042054592
8,47112,PUT,414546042057819,414546042058812
8,47368,PUT,414546042062540,414546042061708
8,47624,PUT,414546042069567,414546042070559
8,47880,PUT,414546042074458,414546042075360
8,48136,PUT,414546042089533,414546042088932
8,48392,PUT,414546042091718,414546042092610
8,48648,PUT,414546042095216,414546042095006
8,48904,PUT,414546042096980,414546042096499
8,49160,PUT,414546042098073,414546042097943
8,49416,PUT,414546042100007,414546042100348
8,49672,PUT,414546042101902,414546042101832
8,49928,PUT,414546042103536,414546042102553
8,50184,PUT,414546042105380,414546042105761
8,50440,PUT,414546042107064,414546042106693
8,50696,PUT,414546042108216,414546042108377
8,50952,PUT,414546042109098,414546042109319
8,51208,PUT,414546042111644,414546042111945
8,51464,PUT,414546042145964,414546042146505
8,51720,PUT,414546042149312,414546042149633
8,51976,PUT,414546042152710,414546042152790
8,52232,PUT,414546042154554,414546042154674
8,52488,PUT,414546042162232,414546042162142
8,52744,PUT,414546042165048,414546042165099
8,53000,PUT,414546042169819,414546042170832
8,53256,PUT,414546042173849,414546042173969
8,53512,PUT,414546042174871,414546042174891
8,53768,PUT,414546042182559,414546042182830
8,54024,PUT,414546042189415,414546042189435
8,54280,PUT,414546042192632,414546042191600
8,54536,PUT,414546042198376,414546042198767
8,54792,PUT,414546042207086,414546042207347
8,55048,PUT,414546042213451,414546042212539
8,55304,PUT,414546042215225,414546042215065
8,55560,PUT,414546042227102,414546042226752
8,55816,PUT,414546042227894,414546042229298
8,56072,PUT,414546042231062,414546042231613
8,56328,PUT,414546042232946,414546042232876
8,56584,PUT,414546042238940,414546042238850
8,56840,PUT,414546042239672,414546042239802
8,57096,PUT,414546042249575,414546042250607
8,57352,PUT,414546042251930,414546042252572
8,57608,PUT,414546042254376,414546042253484
8,57864,PUT,414546042260650,414546042261973
8,58120,PUT,414546042264620,414546042264419
8,58376,PUT,414546042268609,414546042268910
8,58632,PUT,414546042270002,414546042270313
8,58888,PUT,414546042271205,414546042272478
8,59144,PUT,414546042275635,414546042274753
8,59400,PUT,414546042279434,414546042279264
8,59656,PUT,414546042280396,414546042280356
8,59912,PUT,414546042289227,414546042289527
8,60168,PUT,414546042292945,414546042293286
8,60424,PUT,414546042295732,414546042294289
8,60680,PUT,414546042301104,414546042301405
8,60936,PUT,414546042317643,414546042317853
8,61192,PUT,414546042323045,414546042323356
8,61448,PUT,414546042329570,414546042328999
8,61704,PUT,414546042330653,414546042330974
8,61960,PUT,414546042334763,414546042334211
8,62216,PUT,414546042335294,414546042335635
8,62472,PUT,414546042337639,414546042339143
8,62728,PUT,414546042340295,414546042340606
8,62984,PUT,414546042349657,414546042349366
8,63240,PUT,414546042350569,414546042348885
8,63496,PUT,414546042355671,414546042355771
8,63752,PUT,414546042365454,414546042363539
8,64008,PUT,414546042367829,414546042368020
8,64264,PUT,414546042372430,414546042372681
8,64520,PUT,414546042374194,414546042374485
8,64776,PUT,414546042388577,414546042388888
8,65032,PUT,414546042389560,414546042389961
8,65288,PUT,414546042390372,414546042390632
8,65544,PUT,414546042391885,414546042391494
8,65800,PUT,414546042397689,414546042396225
8,66056,PUT,414546042399463,414546042398049
8,66312,PUT,414546042400525,414546042400826
8,66568,PUT,414546042402460,414546042403703
8,66824,PUT,414546042405387,414546042405306
8,67080,PUT,414546042408353,414546042408313
8,67336,PUT,414546042422456,414546042422787
8,67592,PUT,414546042443685,414546042443505
8,67848,PUT,414546042445369,414546042446682
8,68104,PUT,414546042452606,414546042452907
8,68360,PUT,414546042455994,414546042455954
8,68616,PUT,414546042457748,414546042457437
8,68872,PUT,414546042459001,414546042459262
8,69128,PUT,414546042460725,414546042460895
8,69384,PUT,414546042462339,414546042462389
8,69640,PUT,414546042469966,414546042469475
8,69896,PUT,414546042475840,414546042476131
8,70152,PUT,414546042477354,414546042477654
8,70408,PUT,414546042482836,414546042482816
8,70664,PUT,414546042489542,414546042489642
8,70920,PUT,414546042497420,414546042496799
8,71176,PUT,414546042499635,414546042499916
8,71432,PUT,414546042500267,414546042500608
8,71688,PUT,414546042501520,414546042503184
8,71944,PUT,414546042511182,414546042508576
8,72200,PUT,414546042514821,414546042515542
8,72456,PUT,414546042526778,414546042527781
8,72712,PUT,414546042534176,414546042533995
8,72968,PUT,414546042537463,414546042537393
8,73224,PUT,414546042538716,414546042539628
8,73480,PUT,414546042543407,414546042544259
8,73736,PUT,414546042547737,414546042546735
8,73992,PUT,414546042554693,414546042555004
8,74248,PUT,414546042556056,414546042555956
8,74504,PUT,414546042560256,414546042557951
8,74760,PUT,414546042562822,414546042563995
8,75016,PUT,414546042567934,414546042568114
8,75272,PUT,414546042571482,414546042571783
8,75528,PUT,414546042577005,414546042576073
8,75784,PUT,414546042581556,414546042580874
8,76040,PUT,414546042582608,414546042582909
8,76296,PUT,414546042583330,414546042583681
8,76552,PUT,414546042584673,414546042584202
8,76808,PUT,414546042587971,414546042587870
8,77064,PUT,414546042596581,414546042596390
8,77320,PUT,414546042597132,414546042596861
8,77576,PUT,414546042598585,414546042598886
8,77832,PUT,414546042601031,414546042601342
8,78088,PUT,414546042606915,414546042607766
8,5640,GET,414546041584641,414546041584139
8,13576,GET,414546041591887,414546041592348
8,523,GET,414546041595426,414546041596628
8,6411,GET,414546041601840,414546041602552
8,11275,GET,414546041607243,414546041606862
8,16395,GET,414546041618690,414546041618639
8,7689,GET,414546041622228,414546041623130
8,10505,GET,414546041625325,414546041625215
8,13065,GET,414546041628312,414546041628392
8,268,GET,414546041629565,414546041629134
8,16393,GET,414546041632903,414546041633374
8,3852,GET,414546041634516,414546041634446
8,8972,GET,414546041638826,414546041638666
8,775,GET,414546041647877,414546041647206
8,5895,GET,414546041654062,414546041654783
8,12807,GET,414546041662100,414546041662662
8,16391,GET,414546041667754,414546041666912
8,6150,GET,414546041671813,414546041672595
8,9990,GET,414546041675732,414546041675782
8,14086,GET,414546041679822,414546041679641
8,3842,GET,414546041687219,414546041687349
8,515,GET,414546041696550,414546041695979
8,6403,GET,414546041707927,414546041708528
8,8707,GET,414546041710483,414546041708949
8,12291,GET,414546041715905,414546041715955
8,14595,GET,414546041718541,414546041717900
8,1039,GET,414546041721428,414546041720927
8,2831,GET,414546041723693,414546041725448
8,8719,GET,414546041728164,414546041727091
8,11791,GET,414546041730589,414546041728896
8,5646,GET,414546041741525,414546041740563
8,8462,GET,414546041744772,414546041743650
8,525,GET,414546041753042,414546041752631
8,2061,GET,414546041755026,414546041754926
8,4621,GET,414546041757803,414546041757983
8,6157,GET,414546041760118,414546041759557
8,7181,GET,414546041761461,414546041762834
8,15629,GET,414546041770222,414546041769690
8,769,GET,414546041771825,414546041772146
8,4865,GET,414546041775123,414546041774301
8,5889,GET,414546041776486,414546041775764
8,7169,GET,414546041778270,414546041777719
8,11265,GET,414546041782630,414546041782029
8,15361,GET,414546041787532,414546041788654
8,3077,GET,414546041791671,414546041791922
8,9477,GET,414546041798938,414546041800081
8,11525,GET,414546041801705,414546041801213
8,4864,GET,414546041813803,414546041813863
8,13056,GET,414546041840244,414546041839302
8,18186,GET,414546041847361,414546041847681
8,21002,GET,414546041849606,414546041849095
8,16900,GET,414546041851871,414546041850037
8,23562,GET,414546041854898,414546041854908
8,19713,GET,414546041867568,414546041866255
8,16904,GET,414546041879736,414546041879365
8,20993,GET,414546041881560,414546041880658
8,17163,GET,414546041889228,414546041889258
8,18445,GET,414546041892165,414546041892586
8,19717,GET,414546041896054,414546041895943
8,24068,GET,414546041897196,414546041896715
8,18191,GET,414546041898780,414546041898199
8,29962,GET,414546041901937,414546041901226
8,18956,GET,414546041909365,414546041908954
8,22785,GET,414546041911720,414546041911008
8,30730,GET,414546041917754,414546041918476
8,24836,GET,414546041920511,414546041921884
8,19983,GET,414546041924019,414546041923748
8,22528,GET,414546041926755,414546041926384
8,22277,GET,414546041928178,414546041928389
8,19207,GET,414546041930153,414546041928599
8,31754,GET,414546041940106,414546041943474
8,26116,GET,414546041945318,414546041945168
8,24576,GET,414546041946561,414546041946401
8,22285,GET,414546041948586,414546041949007
8,22287,GET,414546041954139,414546041952695
8,23298,GET,414546041963981,414546041964252
8,25349,GET,414546041967269,414546041967109
8,22279,GET,414546041969554,414546041969404
8,32778,GET,414546041971489,414546041971379
8,23051,GET,414546041979979,414546041978174
8,27393,GET,414546041985993,414546041985532
8,24335,GET,414546041991756,414546041993941
8,28929,GET,414546042024131,414546042024241
8,25094,GET,414546042041331,414546042038605
8,30209,GET,414546042042524,414546042042754
8,25097,GET,414546042044098,414546042043616
8,26892,GET,414546042046082,414546042047515
8,31745,GET,414546042059694,414546042059624
8,27650,GET,414546042061297,414546042060395
8,27143,GET,414546042064034,414546042066179
8,26630,GET,414546042067562,414546042067111
8,28162,GET,414546042072072,414546042072163
8,38666,GET,414546042076583,414546042076583
8,27145,GET,414546042079590,414546042078868
8,33025,GET,414546042083218,414546042082898
8,30976,GET,414546042085534,414546042084772
8,29199,GET,414546042088040,414546042087568
8,28679,GET,414546042093943,414546042092500
8,35844,GET,414546042116646,414546042117197
8,29961,GET,414546042119463,414546042118961
8,30217,GET,414546042122319,414546042120615
8,35585,GET,414546042123332,414546042124073
8,26894,GET,414546042125687,414546042126078
8,33280,GET,414546042127912,414546042128834
8,31490,GET,414546042148289,414546042147688
8,37892,GET,414546042151507,414546042151196
8,30726,GET,414546042156930,414546042158192
8,33288,GET,414546042161560,414546042160167
8,40964,GET,414546042163204,414546042163364
8,34816,GET,414546042167013,414546042167735
8,33805,GET,414546042176154,414546042175382
8,33026,GET,414546042177177,414546042178359
8,32521,GET,414546042179312,414546042180344
8,32518,GET,414546042183902,414546042184002
8,33538,GET,414546042185386,414546042184794
8,32515,GET,414546042187320,414546042186498
8,35589,GET,414546042191079,414546042190447
8,29966,GET,414546042193935,414546042193324
8,43012,GET,414546042200340,414546042202786
8,38913,GET,414546042204049,414546042203608
8,43268,GET,414546042205502,414546042204500
8,36108,GET,414546042209201,414546042209331
8,36620,GET,414546042212388,414546042212168
8,35341,GET,414546042216528,414546042216297
8,33543,GET,414546042218332,414546042218272
8,34063,GET,414546042220537,414546042223163
8,44036,GET,414546042225619,414546042225519
8,35842,GET,414546042235452,414546042235141
8,41217,GET,414546042236595,414546042236264
8,35593,GET,414546042242087,414546042241426
8,41985,GET,414546042244603,414546042244733
8,45828,GET,414546042246698,414546042246888
8,40448,GET,414546042255929,414546042256511
8,40960,GET,414546042258546,414546042259839
8,39436,GET,414546042263567,414546042262575
8,51210,GET,414546042266093,414546042266193
8,40460,GET,414546042274583,414546042274493
8,37391,GET,414546042277570,414546042278432
8,48132,GET,414546042281840,414546042281288
8,35083,GET,414546042283544,414546042284365
8,40456,GET,414546042287142,414546042287533
8,38915,GET,414546042290810,414546042291863
8,39427,GET,414546042296654,414546042296925
8,41485,GET,414546042299420,414546042299320
8,37641,GET,414546042300673,414546042299541
8,37897,GET,414546042303650,414546042304071
8,36363,GET,414546042307850,414546042309293
8,39183,GET,414546042311418,414546042312180
8,54026,GET,414546042315207,414546042313844
8,38665,GET,414546042316400,414546042316520
8,36619,GET,414546042321462,414546042321993
8,39182,GET,414546042325160,414546042324659
8,43269,GET,414546042327285,414546042326273
8,51972,GET,414546042332587,414546042332748
8,40206,GET,414546042342130,414546042340997
8,47105,GET,414546042345197,414546042344465
8,45568,GET,414546042347983,414546042347883
8,40718,GET,414546042352885,414546042352905
8,43015,GET,414546042354408,414546042354077
8,41742,GET,414546042358387,414546042357746
8,48641,GET,414546042360462,414546042361224
8,44556,GET,414546042363078,414546042363229
8,42510,GET,414546042370195,414546042370115
8,47880,GET,414546042376449,414546042375497
8,50945,GET,414546042378865,414546042380298
8,51201,GET,414546042381371,414546042381702
8,44290,GET,414546042384217,414546042384338
8,44802,GET,414546042386352,414546042385801
8,59658,GET,414546042394511,414546042393629
8,51208,GET,414546042410549,414546042412413
8,46850,GET,414546042414498,414546042414297
8,42251,GET,414546042424942,414546042425403
8,54273,GET,414546042448206,414546042447194
8,48898,GET,414546042450241,414546042450461
8,52744,GET,414546042464684,414546042466248
8,52224,GET,414546042467862,414546042467391
8,48131,GET,414546042471450,414546042470778
8,50434,GET,414546042473324,414546042473605
8,53248,GET,414546042479048,414546042479579
8,44043,GET,414546042482055,414546042482255
8,48911,GET,414546042484651,414546042485272
8,62730,GET,414546042486926,414546042488540
8,60932,GET,414546042492078,414546042491917
8,54024,GET,414546042493060,414546042493080
8,49166,GET,414546042497009,414546042496849
8,51970,GET,414546042499024,414546042497982
8,49678,GET,414546042507885,414546042507604
8,57601,GET,414546042509819,414546042509759
8,55048,GET,414546042517377,414546042517938
8,55820,GET,414546042520845,414546042520233
8,54791,GET,414546042522889,414546042522037
8,65290,GET,414546042530367,414546042528974
8,53506,GET,414546042532041,414546042531560
8,65802,GET,414546042535789,414546042535970
8,53519,GET,414546042540851,414546042540771
8,53509,GET,414546042545422,414546042545582
8,51213,GET,414546042549922,414546042548689
8,53775,GET,414546042551075,414546042551807
8,55055,GET,414546042565589,414546042565689
8,65540,GET,414546042572966,414546042572705
8,54275,GET,414546042574289,414546042572374
8,58632,GET,414546042576103,414546042575171
8,52233,GET,414546042578679,414546042578549
8,65796,GET,414546042579792,414546042579150
8,66052,GET,414546042590947,414546042590005
8,55310,GET,414546042592080,414546042591469
8,54541,GET,414546042593674,414546042594045
8,60424,GET,414546042599938,414546042599397
8,58114,GET,414546042605211,414546042605321
8,57349,GET,414546042610613,414546042608117
9,265,PUT,414546041046691,414546041046631
9,521,PUT,414546041047383,414546041047734
9,777,PUT,414546041048616,414546041048465
9,1033,PUT,414546041049347,414546041049207
9,1289,PUT,414546041050099,414546041049959
9,1545,PUT,414546041050851,414546041050741
9,1801,PUT,414546041051603,414546041051462
9,2057,PUT,414546041052374,414546041052234
9,2313,PUT,414546041053116,414546041052986
9,2569,PUT,414546041053868,414546041053718
9,2825,PUT,414546041054600,414546041054540
9,3081,PUT,414546041055351,414546041055281
9,3337,PUT,414546041056083,414546041056013
9,3593,PUT,414546041056835,414546041056735
9,3849,PUT,414546041057567,414546041057466
9,4105,PUT,414546041058318,414546041058609
9,4361,PUT,414546041059120,414546041059431
9,4617,PUT,414546041059762,414546041060112
9,4873,PUT,414546041060443,414546041060734
9,5129,PUT,414546041061045,414546041061155
9,5385,PUT,414546041061295,414546041061405
9,5641,PUT,414546041061546,414546041061656
9,5897,PUT,414546041061796,414546041061907
9,6153,PUT,414546041062137,414546041062247
9,6409,PUT,414546041062388,414546041062498
9,6665,PUT,414546041062638,414546041062749
9,6921,PUT,414546041062889,414546041062999
9,7177,PUT,414546041063139,414546041063250
9,7433,PUT,414546041063390,414546041063500
9,7689,PUT,414546041063641,414546041063751
9,7945,PUT,414546041063891,414546041064001
9,8201,PUT,414546041064232,414546041064342
9,8457,PUT,414546041064493,414546041064593
9,8713,PUT,414546041064743,414546041064843
9,8969,PUT,414546041064994,414546041065094
9,9225,PUT,414546041065244,414546041065355
9,9481,PUT,414546041065495,414546041065605
9,9737,PUT,414546041065746,414546041065856
9,9993,PUT,414546041065996,414546041066096
9,10249,PUT,414546041066337,414546041066447
9,10505,PUT,414546041066587,414546041066698
9,10761,PUT,414546041066838,414546041066948
9,11017,PUT,414546041067089,414546041067199
9,11273,PUT,414546041067339,414546041067449
9,11529,PUT,414546041067590,414546041067700
9,11785,PUT,414546041067840,414546041067951
9,12041,PUT,414546041068091,414546041068201
9,12297,PUT,414546041068432,414546041068542
9,12553,PUT,414546041068682,414546041068793
9,12809,PUT,414546041069013,414546041069123
9,13065,PUT,414546041069264,414546041069374
9,13321,PUT,414546041069514,414546041069625
9,13577,PUT,414546041069825,414546041069935
9,13833,PUT,414546041069925,414546041070186
9,14089,PUT,414546041070436,414546041070627
9,14345,PUT,414546041070857,414546041071058
9,14601,PUT,414546041071489,414546041071780
9,14857,PUT,414546041072140,414546041072311
9,15113,PUT,414546041072932,414546041072922
9,15369,PUT,414546041073664,414546041073644
9,15625,PUT,414546041074396,414546041074376
9,15881,PUT,414546041075137,414546041075097
9,16137,PUT,414546041075879,414546041075829
9,16393,PUT,414546041076601,414546041076561
9,16649,PUT,414546041574317,414546041573936
9,16905,PUT,414546041575870,414546041575950
9,17161,PUT,414546041584210,414546041581964
9,17417,PUT,414546041594554,414546041596618
9,17673,PUT,414546041597841,414546041597220
9,17929,PUT,414546041607373,414546041607193
9,18185,PUT,414546041611693,414546041611413
9,18441,PUT,414546041617036,414546041614730
9,18697,PUT,414546041618008,414546041618309
9,18953,PUT,414546041642956,414546041642776
9,19209,PUT,414546041649110,414546041648880
9,19465,PUT,414546041664376,414546041664747
9,19721,PUT,414546041667092,414546041666821
9,19977,PUT,414546041676454,414546041675842
9,20233,PUT,414546041678198,414546041678308
9,20489,PUT,414546041679070,414546041679391
9,20745,PUT,414546041680233,414546041679842
9,21001,PUT,414546041681105,414546041680493
9,21257,PUT,414546041682899,414546041682107
9,21513,PUT,414546041684292,414546041684112
9,21769,PUT,414546041686808,414546041687048
9,22025,PUT,414546041689845,414546041689564
9,22281,PUT,414546041691659,414546041691890
9,22537,PUT,414546041692701,414546041694375
9,22793,PUT,414546041695508,414546041695358
9,23049,PUT,414546041696601,414546041696510
9,23305,PUT,414546041698355,414546041700109
9,23561,PUT,414546041700560,414546041702564
9,23817,PUT,414546041706514,414546041705972
9,24073,PUT,414546041706965,414546041707646
9,24329,PUT,414546041710914,414546041709771
9,24585,PUT,414546041714402,414546041714191
9,24841,PUT,414546041719444,414546041719684
9,25097,PUT,414546041721558,414546041722661
9,25353,PUT,414546041731752,414546041731993
9,25609,PUT,414546041733466,414546041733516
9,25865,PUT,414546041734599,414546041734839
9,26121,PUT,414546041737285,414546041737275
9,26377,PUT,414546041742126,414546041741846
9,26633,PUT,414546041749082,414546041748291
9,26889,PUT,414546041754726,414546041754405
9,27145,PUT,414546041758234,414546041758384
9,27401,PUT,414546041759707,414546041759898
9,27657,PUT,414546041761020,414546041762083
9,27913,PUT,414546041763957,414546041763987
9,28169,PUT,414546041770362,414546041768788
9,28425,PUT,414546041771344,414546041772086
9,28681,PUT,414546041775313,414546041775373
9,28937,PUT,414546041778791,414546041779383
9,29193,PUT,414546041783051,414546041782560
9,29449,PUT,414546041786529,414546041788053
9,29705,PUT,414546041791170,414546041790759
9,29961,PUT,414546041794618,414546041796051
9,30217,PUT,414546041797314,414546041797615
9,30473,PUT,414546041798287,414546041798547
9,30729,PUT,414546041811738,414546041811708
9,30985,PUT,414546041838610,414546041838610
9,31241,PUT,414546041839713,414546041840014
9,31497,PUT,414546041841517,414546041839071
9,31753,PUT,414546041849095,414546041849155
9,32009,PUT,414546041850518,414546041850157
9,32265,PUT,414546041851400,414546041850247
9,32521,PUT,414546041852583,414546041853345
9,32777,PUT,414546041855540,414546041855921
9,33033,PUT,414546041865653,414546041865783
9,33289,PUT,414546041871607,414546041870314
9,33545,PUT,414546041873652,414546041873942
9,33801,PUT,414546041876538,414546041878092
9,34057,PUT,414546041883765,414546041883645
9,34313,PUT,414546041886241,414546041887173
9,34569,PUT,414546041891794,414546041892095
9,34825,PUT,414546041893448,414546041893177
9,35081,PUT,414546041899201,414546041900785
9,35337,PUT,414546041908914,414546041909224
9,35593,PUT,414546041911018,414546041911169
9,35849,PUT,414546041919528,414546041919558
9,36105,PUT,414546041922555,414546041922385
9,36361,PUT,414546041929642,414546041929912
9,36617,PUT,414546041931656,414546041931175
9,36873,PUT,414546041938783,414546041940306
9,37129,PUT,414546041954489,414546041954439
9,37385,PUT,414546041957757,414546041958058
9,37641,PUT,414546041974546,414546041974045
9,37897,PUT,414546041978024,414546041978245
9,38153,PUT,414546041979437,414546041979738
9,38409,PUT,414546041980881,414546041981091
9,38665,PUT,414546041989831,414546041990132
9,38921,PUT,414546041991195,414546041992869
9,39177,PUT,414546042019190,414546042019290
9,39433,PUT,414546042021726,414546042021475
9,39689,PUT,414546042028431,414546042028622
9,39945,PUT,414546042032481,414546042031889
9,40201,PUT,414546042033673,414546042033854
9,40457,PUT,414546042038926,414546042039276
9,40713,PUT,414546042043977,414546042044699
9,40969,PUT,414546042048267,414546042048107
9,41225,PUT,414546042049340,414546042049119
9,41481,PUT,414546042050372,414546042049540
9,41737,PUT,414546042060135,414546042060425
9,41993,PUT,414546042066750,414546042064244
9,42249,PUT,414546042069567,414546042070559
9,42505,PUT,414546042076713,414546042078337
9,42761,PUT,414546042079189,414546042079490
9,43017,PUT,414546042085353,414546042085654
9,43273,PUT,414546042089533,414546042088932
9,43529,PUT,414546042091718,414546042092610
9,43785,PUT,414546042095216,414546042095006
9,44041,PUT,414546042106462,414546042105670
9,44297,PUT,414546042108216,414546042108377
9,44553,PUT,414546042121948,414546042121567
9,44809,PUT,414546042123231,414546042123432
9,45065,PUT,414546042125236,414546042125527
9,45321,PUT,414546042127551,414546042127481
9,45577,PUT,414546042145964,414546042146505
9,45833,PUT,414546042156298,414546042158052
9,46089,PUT,414546042159445,414546042160728
9,46345,PUT,414546042161981,414546042162142
9,46601,PUT,414546042165048,414546042165099
9,46857,PUT,414546042169819,414546042170832
9,47113,PUT,414546042176034,414546042176295
9,47369,PUT,414546042178660,414546042177277
9,47625,PUT,414546042180905,414546042181757
9,47881,PUT,414546042182559,414546042182830
9,48137,PUT,414546042186979,414546042186548
9,48393,PUT,414546042198376,414546042198767
9,48649,PUT,414546042199779,414546042201273
9,48905,PUT,414546042205983,414546042206034
9,49161,PUT,414546042207086,414546042207347
9,49417,PUT,414546042208349,414546042208650
9,49673,PUT,414546042219916,414546042221209
9,49929,PUT,414546042238940,414546042238850
9,50185,PUT,414546042239672,414546042240534
9,50441,PUT,414546042243781,414546042243581
9,50697,PUT,414546042246077,414546042243511
9,50953,PUT,414546042251008,414546042249865
9,51209,PUT,414546042255929,414546042256220
9,51465,PUT,414546042260650,414546042261973
9,51721,PUT,414546042264620,414546042264419
9,51977,PUT,414546042266464,414546042266554
9,52233,PUT,414546042273400,414546042273410
9,52489,PUT,414546042275635,414546042274753
9,52745,PUT,414546042276868,414546042276678
9,53001,PUT,414546042281890,414546042282281
9,53257,PUT,414546042286731,414546042287022
9,53513,PUT,414546042292945,414546042293286
9,53769,PUT,414546042303811,414546042305334
9,54025,PUT,414546042307359,414546042309053
9,54281,PUT,414546042314576,414546042314957
9,54537,PUT,414546042315798,414546042316370
9,54793,PUT,414546042317643,414546042317853
9,55049,PUT,414546042320840,414546042320590
9,55305,PUT,414546042324789,414546042324559
9,55561,PUT,414546042329570,414546042328999
9,55817,PUT,414546042330653,414546042330974
9,56073,PUT,414546042337639,414546042339143
9,56329,PUT,414546042343473,414546042343773
9,56585,PUT,414546042347733,414546042347522
9,56841,PUT,414546042350569,414546042348885
9,57097,PUT,414546042357515,414546042356804
9,57353,PUT,414546042363269,414546042363630
9,57609,PUT,414546042365454,414546042363539
9,57865,PUT,414546042367829,414546042368020
9,58121,PUT,414546042378183,414546042378073
9,58377,PUT,414546042386392,414546042385901
9,58633,PUT,414546042388577,414546042388888
9,58889,PUT,414546042389560,414546042389961
9,59145,PUT,414546042394251,414546042393509
9,59401,PUT,414546042397689,414546042396225
9,59657,PUT,414546042400525,414546042399763
9,59913,PUT,414546042404124,414546042403612
9,60169,PUT,414546042405387,414546042405306
9,60425,PUT,414546042412924,414546042412403
9,60681,PUT,414546042418567,414546042417825
9,60937,PUT,414546042421273,414546042421073
9,61193,PUT,414546042441941,414546042442603
9,61449,PUT,414546042443685,414546042443946
9,61705,PUT,414546042445369,414546042446682
9,61961,PUT,414546042447504,414546042447825
9,62217,PUT,414546042449439,414546042449780
9,62473,PUT,414546042452205,414546042451423
9,62729,PUT,414546042455994,414546042455954
9,62985,PUT,414546042457748,414546042457437
9,63241,PUT,414546042460725,414546042460895
9,63497,PUT,414546042462339,414546042462389
9,63753,PUT,414546042464283,414546042463872
9,64009,PUT,414546042466769,414546042465316
9,64265,PUT,414546042467721,414546042467691
9,64521,PUT,414546042469966,414546042469475
9,64777,PUT,414546042472913,414546042473294
9,65033,PUT,414546042474778,414546042474938
9,65289,PUT,414546042477354,414546042477654
9,65545,PUT,414546042478707,414546042478657
9,65801,PUT,414546042481283,414546042479769
9,66057,PUT,414546042482836,414546042482816
9,66313,PUT,414546042484039,414546042484390
9,66569,PUT,414546042486094,414546042485643
9,66825,PUT,414546042488620,414546042488910
9,67081,PUT,414546042499164,414546042499515
9,67337,PUT,414546042505579,414546042505299
9,67593,PUT,414546042508295,414546042508877
9,67849,PUT,414546042510400,414546042509959
9,68105,PUT,414546042514821,414546042515542
9,68361,PUT,414546042517026,414546042517377
9,68617,PUT,414546042522368,414546042521586
9,68873,PUT,414546042531570,414546042531399
9,69129,PUT,414546042532883,414546042532832
9,69385,PUT,414546042538716,414546042539628
9,69641,PUT,414546042540170,414546042538325
9,69897,PUT,414546042545823,414546042545171
9,70153,PUT,414546042550564,414546042550894
9,70409,PUT,414546042556056,414546042555956
9,70665,PUT,414546042562822,414546042563995
9,70921,PUT,414546042565839,414546042565498
9,71177,PUT,414546042567934,414546042568114
9,71433,PUT,414546042578408,414546042578509
9,71689,PUT,414546042580082,414546042578709
9,71945,PUT,414546042581556,414546042580874
9,72201,PUT,414546042590105,414546042590306
9,72457,PUT,414546042591078,414546042591368
9,72713,PUT,414546042594917,414546042594917
9,72969,PUT,414546042596581,414546042596390
9,73225,PUT,414546042597132,414546042596861
9,73481,PUT,414546042598585,414546042598886
9,73737,PUT,414546042602494,414546042602174
9,73993,PUT,414546042604549,414546042604790
9,74249,PUT,414546042606915,414546042607766
9,9732,GET,414546041569786,414546041569706
9,11780,GET,414546041571831,414546041572623
9,1288,GET,414546041579098,414546041579679
9,7176,GET,414546041585913,414546041585362
9,11016,GET,414546041589351,414546041589211
9,6667,GET,414546041601871,414546041602552
9,9483,GET,414546041604457,414546041603605
9,10763,GET,414546041606090,414546041605028
9,12555,GET,414546041609558,414546041609959
9,2825,GET,414546041614791,414546041614871
9,5129,GET,414546041619542,414546041619421
9,6921,GET,414546041621516,414546041621486
9,9737,GET,414546041623791,414546041623651
9,12041,GET,414546041626758,414546041626147
9,14089,GET,414546041629284,414546041629134
9,2060,GET,414546041632863,414546041633374
9,3596,GET,414546041634476,414546041634446
9,5900,GET,414546041636260,414546041636301
9,8716,GET,414546041638796,414546041638666
9,14860,GET,414546041645602,414546041644249
9,519,GET,414546041647847,414546041647206
9,3079,GET,414546041651035,414546041653430
9,7687,GET,414546041655676,414546041654703
9,8711,GET,414546041657229,414546041655575
9,10503,GET,414546041659464,414546041660487
9,13063,GET,414546041662141,414546041662662
9,15623,GET,414546041666070,414546041665558
9,2822,GET,414546041669488,414546041669067
9,4870,GET,414546041670811,414546041670710
9,8710,GET,414546041673948,414546041673056
9,9734,GET,414546041675682,414546041675782
9,3331,GET,414546041704238,414546041704940
9,7171,GET,414546041709049,414546041708949
9,10243,GET,414546041712788,414546041712768
9,12547,GET,414546041715935,414546041715955
9,13827,GET,414546041717669,414546041717539
9,6159,GET,414546041726219,414546041725618
9,8463,GET,414546041728134,414546041727091
9,11535,GET,414546041730549,414546041728896
9,2574,GET,414546041738648,414546041739039
9,4622,GET,414546041740202,414546041740192
9,7182,GET,414546041743590,414546041743600
9,8718,GET,414546041744812,414546041743650
9,9998,GET,414546041745935,414546041747208
9,14862,GET,414546041750836,414546041751508
9,16398,GET,414546041753082,414546041752631
9,2829,GET,414546041756359,414546041755888
9,11789,GET,414546041766683,414546041765721
9,13069,GET,414546041768147,414546041768087
9,14605,GET,414546041769560,414546041768427
9,2817,GET,414546041773850,414546041774151
9,6401,GET,414546041776987,414546041777077
9,9217,GET,414546041780676,414546041780125
9,13057,GET,414546041784424,414546041783773
9,4101,GET,414546041792844,414546041791531
9,11269,GET,414546041801675,414546041801213
9,13573,GET,414546041804251,414546041805113
9,1536,GET,414546041810024,414546041810044
9,4608,GET,414546041813763,414546041813863
9,6144,GET,414546041814945,414546041814234
9,15872,GET,414546041843181,414546041845045
9,18442,GET,414546041847391,414546041847681
9,18436,GET,414546041854928,414546041854908
9,16640,GET,414546041858156,414546041859208
9,26378,GET,414546041863669,414546041864691
9,27658,GET,414546041867527,414546041866255
9,16643,GET,414546041868851,414546041868480
9,17410,GET,414546041879766,414546041879365
9,17923,GET,414546041881590,414546041880658
9,17670,GET,414546041889258,414546041889258
9,23812,GET,414546041896084,414546041895943
9,17932,GET,414546041897226,414546041896715
9,18691,GET,414546041898820,414546041898199
9,18946,GET,414546041901977,414546041901226
9,19202,GET,414546041904082,414546041903591
9,17928,GET,414546041906257,414546041906157
9,18190,GET,414546041912963,414546041915078
9,19462,GET,414546041916772,414546041916742
9,19467,GET,414546041924510,414546041923748
9,20226,GET,414546041926725,414546041926384
9,20483,GET,414546041928138,414546041928389
9,21250,GET,414546041935756,414546041935676
9,21507,GET,414546041944346,414546041943855
9,21773,GET,414546041945679,414546041944406
9,21775,GET,414546041947373,414546041947253
9,22541,GET,414546041950159,414546041951793
9,26884,GET,414546041952715,414546041952074
9,21511,GET,414546041956123,414546041955552
9,22786,GET,414546041959661,414546041959952
9,25344,GET,414546041962478,414546041960894
9,22799,GET,414546041963290,414546041963039
9,22023,GET,414546041965695,414546041966006
9,25856,GET,414546041967660,414546041968773
9,32522,GET,414546041970867,414546041970777
9,23311,GET,414546041972321,414546041971800
9,23047,GET,414546041976491,414546041977102
9,24333,GET,414546041983467,414546041984289
9,26112,GET,414546041985963,414546041985532
9,28932,GET,414546041987256,414546041986895
9,24328,GET,414546041988308,414546041988308
9,27136,GET,414546041994542,414546041993851
9,24845,GET,414546041996387,414546041997770
9,25101,GET,414546041999474,414546041999414
9,29700,GET,414546042020453,414546042020563
9,28673,GET,414546042022818,414546042022688
9,29956,GET,414546042023971,414546042023800
9,26120,GET,414546042025123,414546042026136
9,35594,GET,414546042029554,414546042030827
9,31492,GET,414546042035367,414546042035908
9,26124,GET,414546042041301,414546042038605
9,26639,GET,414546042042494,414546042042754
9,27661,GET,414546042053840,414546042053970
9,27138,GET,414546042056627,414546042056797
9,28933,GET,414546042058290,414546042058731
9,26118,GET,414546042061979,414546042061398
9,32001,GET,414546042063533,414546042063342
9,26883,GET,414546042067602,414546042067111
9,27399,GET,414546042072103,414546042072163
9,28684,GET,414546042075120,414546042075651
9,28687,GET,414546042080382,414546042081775
9,27657,GET,414546042083930,414546042083810
9,24846,GET,414546042088080,414546042087568
9,28169,GET,414546042093983,414546042092500
9,30733,GET,414546042110171,414546042110622
9,29698,GET,414546042112166,414546042112697
9,29702,GET,414546042116686,414546042117197
9,30210,GET,414546042119432,414546042118961
9,29195,GET,414546042130248,414546042130318
9,30223,GET,414546042131581,414546042131571
9,42762,GET,414546042148330,414546042147688
9,33032,GET,414546042149903,414546042149432
9,43018,GET,414546042151537,414546042151196
9,38916,GET,414546042153181,414546042153231
9,37121,GET,414546042163164,414546042163364
9,37377,GET,414546042167053,414546042167735
9,30731,GET,414546042174260,414546042173849
9,45322,GET,414546042175292,414546042175212
9,34312,GET,414546042183942,414546042184002
9,31495,GET,414546042185416,414546042184794
9,34317,GET,414546042188413,414546042189034
9,34050,GET,414546042191049,414546042190447
9,35080,GET,414546042192893,414546042192442
9,32007,GET,414546042194036,414546042193324
9,32783,GET,414546042203758,414546042203608
9,36104,GET,414546042204640,414546042204500
9,43524,GET,414546042210344,414546042211065
9,33039,GET,414546042212699,414546042213320
9,35085,GET,414546042215225,414546042214734
9,34822,GET,414546042215836,414546042215927
9,37132,GET,414546042216969,414546042216668
9,39681,GET,414546042224166,414546042224005
9,35590,GET,414546042226471,414546042225809
9,34823,GET,414546042228456,414546042228957
9,34819,GET,414546042230701,414546042229869
9,39168,GET,414546042233096,414546042233046
9,40961,GET,414546042235412,414546042235141
9,37640,GET,414546042236564,414546042236264
9,36098,GET,414546042242117,414546042241426
9,37645,GET,414546042247560,414546042249655
9,33294,GET,414546042252321,414546042252211
9,38413,GET,414546042255188,414546042255178
9,36611,GET,414546042258576,414546042259839
9,46596,GET,414546042263527,414546042262575
9,37635,GET,414546042268920,414546042268809
9,47364,GET,414546042271586,414546042270523
9,35086,GET,414546042279003,414546042278261
9,37129,GET,414546042281038,414546042281018
9,51978,GET,414546042283574,414546042284365
9,35339,GET,414546042289758,414546042287984
9,35854,GET,414546042290780,414546042291863
9,44289,GET,414546042296033,414546042296103
9,42504,GET,414546042310175,414546042310777
9,42253,GET,414546042322955,414546042321512
9,40711,GET,414546042327255,414546042326273
9,41475,GET,414546042332628,414546042332748
9,55050,GET,414546042335244,414546042334211
9,45056,GET,414546042340786,414546042341328
9,45312,GET,414546042345237,414546042344465
9,42754,GET,414546042349336,414546042349417
9,46080,GET,414546042352865,414546042352905
9,43271,GET,414546042354438,414546042354077
9,40969,GET,414546042355581,414546042355080
9,56330,GET,414546042359039,414546042359340
9,49153,GET,414546042362166,414546042362286
9,42511,GET,414546042370225,414546042370115
9,43023,GET,414546042372741,414546042373693
9,44806,GET,414546042376419,414546042375497
9,54020,GET,414546042380910,414546042380880
9,54276,GET,414546042382834,414546042383315
9,44807,GET,414546042385550,414546042385601
9,55300,GET,414546042391023,414546042390622
9,44035,GET,414546042392086,414546042391985
9,43785,GET,414546042395273,414546042395634
9,56324,GET,414546042401518,414546042402450
9,45059,GET,414546042408915,414546042408213
9,47621,GET,414546042414528,414546042414297
9,47877,GET,414546042415300,414546042415670
9,45065,GET,414546042423168,414546042421795
9,47874,GET,414546042424972,414546042425403
9,52232,GET,414546042453057,414546042454240
9,48390,GET,414546042459643,414546042459201
9,48143,GET,414546042471420,414546042470778
9,44811,GET,414546042490013,414546042489883
9,51461,GET,414546042491266,414546042491096
9,51717,GET,414546042492328,414546042492218
9,54540,GET,414546042494554,414546042495556
9,51714,GET,414546042497601,414546042496909
9,54536,GET,414546042501099,414546042501760
9,50694,GET,414546042511683,414546042511152
9,55304,GET,414546042519221,414546042519211
9,50446,GET,414546042527139,414546042529455
9,56072,GET,414546042534456,414546042533684
9,48139,GET,414546042535819,414546042535970
9,56328,GET,414546042537944,414546042537413
9,54274,GET,414546042542725,414546042542996
9,56839,GET,414546042548188,414546042549351
9,49163,GET,414546042552578,414546042552077
9,52238,GET,414546042560737,414546042560817
9,55823,GET,414546042572094,414546042571442
9,53261,GET,414546042574028,414546042572374
9,53766,GET,414546042576073,414546042575171
9,58368,GET,414546042577105,414546042575682
9,54030,GET,414546042583209,414546042582167
9,55301,GET,414546042585134,414546042587419
9,55566,GET,414546042592802,414546042592661
9,57346,GET,414546042599898,414546042599397
9,56070,GET,414546042601171,414546042600840
9,67332,GET,414546042610643,414546042608117
10,266,PUT,414546040951510,414546040952472
10,522,PUT,414546040953074,414546040953194
10,778,PUT,414546040953375,414546040953485
10,1034,PUT,414546040953635,414546040953735
10,1290,PUT,414546040953886,414546040953986
10,1546,PUT,414546040954136,414546040954237
10,1802,PUT,414546040954437,414546040954547
10,2058,PUT,414546040954838,414546040954948
10,2314,PUT,414546040955089,414546040955199
10,2570,PUT,414546040955339,414546040955449
10,2826,PUT,414546040955590,414546040955700
10,3082,PUT,414546040955840,414546040955951
10,3338,PUT,414546040956091,414546040956201
10,3594,PUT,414546040956341,414546040956452
10,3850,PUT,414546040956592,414546040956702
10,4106,PUT,414546040956983,414546040957093
10,4362,PUT,414546040957244,414546040957354
10,4618,PUT,414546040957494,414546040957604
10,4874,PUT,414546040957745,414546040957845
10,5130,PUT,414546040957995,414546040958326
10,5386,PUT,414546040958587,414546040958777
10,5642,PUT,414546040958927,414546040959028
10,5898,PUT,414546040959168,414546040959278
10,6154,PUT,414546040959579,414546040959689
10,6410,PUT,414546040959830,414546040959940
10,6666,PUT,414546040960080,414546040960190
10,6922,PUT,414546040960331,414546040960441
10,7178,PUT,414546040960581,414546040960692
10,7434,PUT,414546040960832,414546040960942
10,7690,PUT,414546040961082,414546040961193
10,7946,PUT,414546040961333,414546040961443
10,8202,PUT,414546040961734,414546040961834
10,8458,PUT,414546040961985,414546040962095
10,8714,PUT,414546040962235,414546040962345
10,8970,PUT,414546040962486,414546040962596
10,9226,PUT,414546040962736,414546040962847
10,9482,PUT,414546040962987,414546040963097
10,9738,PUT,414546040963237,414546040963348
10,9994,PUT,414546040963488,414546040963598
10,10250,PUT,414546040963909,414546040964019
10,10506,PUT,414546040964160,414546040964270
10,10762,PUT,414546040964410,414546040964520
10,11018,PUT,414546040964661,414546040964771
10,11274,PUT,414546040964921,414546040965022
10,11530,PUT,414546040965172,414546040965272
10,11786,PUT,414546040965423,414546040965523
10,12042,PUT,414546040965683,414546040965783
10,12298,PUT,414546040966074,414546040966184
10,12554,PUT,414546040966335,414546040966435
10,12810,PUT,414546040966585,414546040966685
10,13066,PUT,414546040966836,414546040966936
10,13322,PUT,414546040967086,414546040967197
10,13578,PUT,414546040967337,414546040967447
10,13834,PUT,414546040967588,414546040967698
10,14090,PUT,414546040967838,414546040967938
10,14346,PUT,414546040968229,414546040968339
10,14602,PUT,414546040968490,414546040968590
10,14858,PUT,414546040968730,414546040968840
10,15114,PUT,414546040969061,414546040969171
10,15370,PUT,414546040969322,414546040969432
10,15626,PUT,414546040969632,414546040969793
10,15882,PUT,414546040970123,414546040970364
10,16138,PUT,414546040970645,414546040970845
10,16394,PUT,414546040971196,414546040971396
10,16650,PUT,414546041518737,414546041523669
10,16906,PUT,414546041526465,414546041526686
10,17162,PUT,414546041527879,414546041527999
10,17418,PUT,414546041528179,414546041528290
10,17674,PUT,414546041528460,414546041528570
10,17930,PUT,414546041529092,414546041529202
10,18186,PUT,414546041530194,414546041530294
10,18442,PUT,414546041530475,414546041530585
10,18698,PUT,414546041530755,414546041530866
10,18954,PUT,414546041531297,414546041531407
10,19210,PUT,414546041531557,414546041531678
10,19466,PUT,414546041532760,414546041532870
10,19722,PUT,414546041533572,414546041533682
10,19978,PUT,414546041534113,414546041534223
10,20234,PUT,414546041534634,414546041534745
10,20490,PUT,414546041534915,414546041535025
10,20746,PUT,414546041535807,414546041535917
10,21002,PUT,414546041536088,414546041536198
10,21258,PUT,414546041537190,414546041537301
10,21514,PUT,414546041537732,414546041537842
10,21770,PUT,414546041538533,414546041538654
10,22026,PUT,414546041538934,414546041539135
10,22282,PUT,414546041539285,414546041539496
10,22538,PUT,414546041541861,414546041542172
10,22794,PUT,414546041542523,414546041542633
10,23050,PUT,414546041544497,414546041544337
10,23306,PUT,414546041544978,414546041545329
10,23562,PUT,414546041546402,414546041546712
10,23818,PUT,414546041548116,414546041548416
10,24074,PUT,414546041548908,414546041549108
10,24330,PUT,414546041549619,414546041549940
10,24586,PUT,414546041550431,414546041550762
10,24842,PUT,414546041551393,414546041551714
10,25098,PUT,414546041553117,414546041553187
10,25354,PUT,414546041553969,414546041553929
10,25610,PUT,414546041555022,414546041554771
10,25866,PUT,414546041557487,414546041557337
10,26122,PUT,414546041557929,414546041558229
10,26378,PUT,414546041559542,414546041559933
10,26634,PUT,414546041561437,414546041561346
10,26890,PUT,414546041562429,414546041562890
10,27146,PUT,414546041563642,414546041563772
10,27402,PUT,414546041564394,414546041564684
10,27658,PUT,414546041565235,414546041565546
10,27914,PUT,414546041572623,414546041572933
10,28170,PUT,414546041573555,414546041573665
10,28426,PUT,414546041574487,414546041574868
10,28682,PUT,414546041580260,414546041579368
10,28938,PUT,414546041584631,414546041584981
10,29194,PUT,414546041589261,414546041589341
10,29450,PUT,414546041591065,414546041591035
10,29706,PUT,414546041600517,414546041600828
10,29962,PUT,414546041602282,414546041600247
10,30218,PUT,414546041610761,414546041610661
10,30474,PUT,414546041614430,414546041614520
10,30730,PUT,414546041615683,414546041615993
10,30986,PUT,414546041618008,414546041619151
10,31242,PUT,414546041625044,414546041624593
10,31498,PUT,414546041637614,414546041637904
10,31754,PUT,414546041641603,414546041643046
10,32010,PUT,414546041648779,414546041648699
10,32266,PUT,414546041654362,414546041654663
10,32522,PUT,414546041669598,414546041670430
10,32778,PUT,414546041671993,414546041672294
10,33034,PUT,414546041673056,414546041674219
10,33290,PUT,414546041677516,414546041676584
10,33546,PUT,414546041679832,414546041680804
10,33802,PUT,414546041681786,414546041681435
10,34058,PUT,414546041683741,414546041684112
10,34314,PUT,414546041685244,414546041685334
10,34570,PUT,414546041689294,414546041689564
10,34826,PUT,414546041691258,414546041691589
10,35082,PUT,414546041699407,414546041699467
10,35338,PUT,414546041699948,414546041700269
10,35594,PUT,414546041708458,414546041708268
10,35850,PUT,414546041718080,414546041717669
10,36106,PUT,414546041720125,414546041719574
10,36362,PUT,414546041721388,414546041719774
10,36618,PUT,414546041726149,414546041726400
10,36874,PUT,414546041730910,414546041731211
10,37130,PUT,414546041733466,414546041733516
10,37386,PUT,414546041735030,414546041734468
10,37642,PUT,414546041742387,414546041742126
10,37898,PUT,414546041747218,414546041747569
10,38154,PUT,414546041751959,414546041751789
10,38410,PUT,414546041754254,414546041754405
10,38666,PUT,414546041755397,414546041755407
10,38922,PUT,414546041759707,414546041759898
10,39178,PUT,414546041761020,414546041759978
10,39434,PUT,414546041762323,414546041762463
10,39690,PUT,414546041763957,414546041764929
10,39946,PUT,414546041766673,414546041765791
10,40202,PUT,414546041767666,414546041767836
10,40458,PUT,414546041772146,414546041772086
10,40714,PUT,414546041774983,414546041775263
10,40970,PUT,414546041786169,414546041786640
10,41226,PUT,414546041792102,414546041794027
10,41482,PUT,414546041795731,414546041796051
10,41738,PUT,414546041797735,414546041797615
10,41994,PUT,414546041798287,414546041798547
10,42250,PUT,414546041799961,414546041800442
10,42506,PUT,414546041808641,414546041807378
10,42762,PUT,414546041811738,414546041811397
10,43018,PUT,414546041827224,414546041827775
10,43274,PUT,414546041828236,414546041828437
10,43530,PUT,414546041828777,414546041828798
10,43786,PUT,414546041829539,414546041829479
10,44042,PUT,414546041837147,414546041837177
10,44298,PUT,414546041837949,414546041839913
10,44554,PUT,414546041843742,414546041843432
10,44810,PUT,414546041844374,414546041843522
10,45066,PUT,414546041845747,414546041846048
10,45322,PUT,414546041848563,414546041848844
10,45578,PUT,414546041852132,414546041850438
10,45834,PUT,414546041853054,414546041853655
10,46090,PUT,414546041854217,414546041854527
10,46346,PUT,414546041859208,414546041859238
10,46602,PUT,414546041861193,414546041861113
10,46858,PUT,414546041865653,414546041865783
10,47114,PUT,414546041871607,414546041870314
10,47370,PUT,414546041874965,414546041874945
10,47626,PUT,414546041876067,414546041876258
10,47882,PUT,414546041878723,414546041879064
10,48138,PUT,414546041880598,414546041880889
10,48394,PUT,414546041886953,414546041885710
10,48650,PUT,414546041888236,414546041888125
10,48906,PUT,414546041891794,414546041891944
10,49162,PUT,414546041899201,414546041900404
10,49418,PUT,414546041907771,414546041910146
10,49674,PUT,414546041911018,414546041910648
10,49930,PUT,414546041922726,414546041923337
10,50186,PUT,414546041924690,414546041926835
10,50442,PUT,414546041927086,414546041927467
10,50698,PUT,414546041928730,414546041928770
10,50954,PUT,414546041931255,414546041932579
10,51210,PUT,414546041940828,414546041941128
10,51466,PUT,414546041942311,414546041942652
10,51722,PUT,414546041948616,414546041948165
10,51978,PUT,414546041956524,414546041956835
10,52234,PUT,414546041961666,414546041961105
10,52490,PUT,414546041966998,414546041966678
10,52746,PUT,414546041973734,414546041973263
10,53002,PUT,414546041974546,414546041974045
10,53258,PUT,414546041977563,414546041978245
10,53514,PUT,414546041979437,414546041981021
10,53770,PUT,414546041982986,414546041983366
10,54026,PUT,414546041988909,414546041987486
10,54282,PUT,414546041990082,414546041990373
10,54538,PUT,414546041991195,414546041991395
10,54794,PUT,414546041997600,414546041996407
10,55050,PUT,414546042025184,414546042025474
10,55306,PUT,414546042033673,414546042033854
10,55562,PUT,414546042035778,414546042035738
10,55818,PUT,414546042046854,414546042046914
10,56074,PUT,414546042051916,414546042052176
10,56330,PUT,414546042053529,414546042054301
10,56586,PUT,414546042058461,414546042057749
10,56842,PUT,414546042061979,414546042062139
10,57098,PUT,414546042064565,414546042064405
10,57354,PUT,414546042068604,414546042068845
10,57610,PUT,414546042069567,414546042071060
10,57866,PUT,414546042077365,414546042076954
10,58122,PUT,414546042077996,414546042078337
10,58378,PUT,414546042084431,414546042084772
10,58634,PUT,414546042089313,414546042088932
10,58890,PUT,414546042090626,414546042089924
10,59146,PUT,414546042091959,414546042092019
10,59402,PUT,414546042092901,414546042092951
10,59658,PUT,414546042094835,414546042094224
10,59914,PUT,414546042095216,414546042095006
10,60170,PUT,414546042098514,414546042098694
10,60426,PUT,414546042100007,414546042101691
10,60682,PUT,414546042108216,414546042108377
10,60938,PUT,414546042111123,414546042111945
10,61194,PUT,414546042151958,414546042152138
10,61450,PUT,414546042157701,414546042158052
10,61706,PUT,414546042159295,414546042158343
10,61962,PUT,414546042164708,414546042165099
10,62218,PUT,414546042167294,414546042168587
10,62474,PUT,414546042180254,414546042180564
10,62730,PUT,414546042182559,414546042184353
10,62986,PUT,414546042192632,414546042194056
10,63242,PUT,414546042196030,414546042196080
10,63498,PUT,414546042199779,414546042198065
10,63754,PUT,414546042203007,414546042203097
10,64010,PUT,414546042204520,414546042205272
10,64266,PUT,414546042208349,414546042208650
10,64522,PUT,414546042211095,414546042210684
10,64778,PUT,414546042214263,414546042214694
10,65034,PUT,414546042219024,414546042219004
10,65290,PUT,414546042227102,414546042227193
10,65546,PUT,414546042230440,414546042229408
10,65802,PUT,414546042231924,414546042231613
10,66058,PUT,414546042236885,414546042236785
10,66314,PUT,414546042238649,414546042238850
10,66570,PUT,414546042242198,414546042242498
10,66826,PUT,414546042244844,414546042245154
10,67082,PUT,414546042247871,414546042248181
10,67338,PUT,414546042252802,414546042253063
10,67594,PUT,414546042268007,414546042268910
10,67850,PUT,414546042273400,414546042273410
10,68106,PUT,414546042275134,414546042274753
10,68362,PUT,414546042278953,414546042279484
10,68618,PUT,414546042281890,414546042282281
10,68874,PUT,414546042292945,414546042292444
10,69130,PUT,414546042297476,414546042297837
10,69386,PUT,414546042306026,414546042305204
10,69642,PUT,414546042307950,414546042308331
10,69898,PUT,414546042315548,414546042314676
10,70154,PUT,414546042316530,414546042316189
10,70410,PUT,414546042328688,414546042328999
10,70666,PUT,414546042340295,414546042340466
10,70922,PUT,414546042344645,414546042344305
10,71178,PUT,414546042346099,414546042345979
10,71434,PUT,414546042350309,414546042349928
10,71690,PUT,414546042350940,414546042349286
10,71946,PUT,414546042355671,414546042355982
10,72202,PUT,414546042363269,414546042364702
10,72458,PUT,414546042369022,414546042369172
10,72714,PUT,414546042370596,414546042369333
10,72970,PUT,414546042372430,414546042372841
10,73226,PUT,414546042374715,414546042374485
10,73482,PUT,414546042375798,414546042377121
10,73738,PUT,414546042378183,414546042378364
10,73994,PUT,414546042380188,414546042380248
10,74250,PUT,414546042382153,414546042381481
10,74506,PUT,414546042390372,414546042391494
10,74762,PUT,414546042400144,414546042399763
10,75018,PUT,414546042405898,414546042406228
10,75274,PUT,414546042407461,414546042406830
10,75530,PUT,414546042408905,414546042409215
10,75786,PUT,414546042412102,414546042411581
10,76042,PUT,414546042419740,414546042419850
10,76298,PUT,414546042421273,414546042421073
10,76554,PUT,414546042442743,414546042443375
10,76810,PUT,414546042445369,414546042445600
10,77066,PUT,414546042447504,414546042447234
10,77322,PUT,414546042448827,414546042449028
10,77578,PUT,414546042449439,414546042449780
10,77834,PUT,414546042452025,414546042451423
10,78090,PUT,414546042453619,414546042452907
10,78346,PUT,414546042459001,414546042457929
10,78602,PUT,414546042468273,414546042469235
10,78858,PUT,414546042470828,414546042471149
10,79114,PUT,414546042475840,414546042476131
10,79370,PUT,414546042478707,414546042479920
10,79626,PUT,414546042480601,414546042480982
10,79882,PUT,414546042482836,414546042483137
10,80138,PUT,414546042487798,414546042488099
10,80394,PUT,414546042497420,414546042496879
10,80650,PUT,414546042499164,414546042499224
10,80906,PUT,414546042501520,414546042500537
10,81162,PUT,414546042507864,414546042506381
10,81418,PUT,414546042511182,414546042512255
10,81674,PUT,414546042518720,414546042518379
10,81930,PUT,414546042523020,414546042523290
10,82186,PUT,414546042538716,414546042539628
10,82442,PUT,414546042549952,414546042550894
10,82698,PUT,414546042557520,414546042557520
10,82954,PUT,414546042562010,414546042562241
10,83210,PUT,414546042562822,414546042564286
10,83466,PUT,414546042569347,414546042568956
10,83722,PUT,414546042571482,414546042571783
10,83978,PUT,414546042574289,414546042573316
10,84234,PUT,414546042579330,414546042578709
10,84490,PUT,414546042597132,414546042598806
10,84746,PUT,414546042606915,414546042606975
10,266,GET,414546041497478,414546041496666
10,2314,GET,414546041524902,414546041524451
10,2570,GET,414546041525263,414546041525142
10,2826,GET,414546041525523,414546041525403
10,3082,GET,414546041525784,414546041525664
10,3338,GET,414546041526044,414546041525924
10,3594,GET,414546041526305,414546041526185
10,3850,GET,414546041527187,414546041526886
10,4106,GET,414546041527468,414546041527347
10,4362,GET,414546041527728,414546041527608
10,4618,GET,414546041528931,414546041528761
10,4874,GET,414546041529502,414546041529372
10,5130,GET,414546041529773,414546041529653
10,5386,GET,414546041530034,414546041529913
10,5642,GET,414546041531156,414546041531036
10,5898,GET,414546041532068,414546041531848
10,6154,GET,414546041532349,414546041532219
10,6410,GET,414546041532610,414546041532489
10,6666,GET,414546041533151,414546041533031
10,6922,GET,414546041533412,414546041533291
10,7178,GET,414546041533963,414546041533833
10,7434,GET,414546041534494,414546041534374
10,7690,GET,414546041535306,414546041535176
10,7946,GET,414546041535667,414546041535456
10,8202,GET,414546041536479,414546041536348
10,8458,GET,414546041536759,414546041536629
10,8714,GET,414546041537030,414546041536910
10,8970,GET,414546041537581,414546041537451
10,9226,GET,414546041538123,414546041537992
10,9482,GET,414546041538393,414546041538273
10,9738,GET,414546041540097,414546041539867
10,10250,GET,414546041540819,414546041540378
10,10506,GET,414546041541180,414546041541059
10,10762,GET,414546041541711,414546041541430
10,11530,GET,414546041543355,414546041542904
10,11786,GET,414546041543736,414546041543495
10,12298,GET,414546041546121,414546041545690
10,13322,GET,414546041547865,414546041547314
10,14602,GET,414546041552556,414546041552125
10,16394,GET,414546041555934,414546041555353
10,516,GET,414546041556756,414546041556455
10,1540,GET,414546041559121,414546041558780
10,2564,GET,414546041560695,414546041560314
10,6916,GET,414546041567070,414546041567060
10,7940,GET,414546041568042,414546041568042
10,9476,GET,414546041569345,414546041569004
10,10244,GET,414546041570307,414546041570407
10,15364,GET,414546041576411,414546041576933
10,776,GET,414546041578226,414546041578015
10,4360,GET,414546041583077,414546041582997
10,7944,GET,414546041586976,414546041587327
10,14856,GET,414546041593441,414546041593321
10,267,GET,414546041595205,414546041594975
10,1803,GET,414546041596518,414546041595907
10,3083,GET,414546041598733,414546041599285
10,9227,GET,414546041604376,414546041603605
10,11019,GET,414546041606401,414546041609468
10,1801,GET,414546041612465,414546041612836
10,5641,GET,414546041620794,414546041621486
10,8713,GET,414546041623090,414546041623350
10,12809,GET,414546041627099,414546041627791
10,14345,GET,414546041629805,414546041629134
10,15625,GET,414546041631930,414546041631459
10,2828,GET,414546041633815,414546041635168
10,6668,GET,414546041637203,414546041636491
10,9996,GET,414546041639648,414546041639708
10,13580,GET,414546041644159,414546041643818
10,15372,GET,414546041646023,414546041645321
10,2567,GET,414546041650453,414546041650333
10,5127,GET,414546041652969,414546041651726
10,8199,GET,414546041656497,414546041660366
10,14599,GET,414546041664045,414546041663985
10,2310,GET,414546041668646,414546041666912
10,10758,GET,414546041675963,414546041675822
10,3330,GET,414546041686688,414546041687349
10,10498,GET,414546041693243,414546041693253
10,12546,GET,414546041695488,414546041695979
10,13314,GET,414546041697623,414546041697513
10,14594,GET,414546041701602,414546041701472
10,3843,GET,414546041704880,414546041704940
10,5379,GET,414546041706604,414546041706945
10,9731,GET,414546041712417,414546041711555
10,11011,GET,414546041714001,414546041714412
10,12803,GET,414546041716407,414546041716637
10,3599,GET,414546041723874,414546041722641
10,8207,GET,414546041727673,414546041728384
10,10511,GET,414546041729938,414546041729707
10,1038,GET,414546041736684,414546041736082
10,1550,GET,414546041737756,414546041737626
10,3086,GET,414546041738959,414546041739069
10,5390,GET,414546041741184,414546041741014
10,8206,GET,414546041744682,414546041745063
10,14350,GET,414546041750466,414546041749924
10,3341,GET,414546041756901,414546041757382
10,257,GET,414546041771154,414546041771043
10,2305,GET,414546041773269,414546041772146
10,5633,GET,414546041776135,414546041776486
10,6657,GET,414546041777538,414546041778621
10,8705,GET,414546041780556,414546041779904
10,12289,GET,414546041783542,414546041783773
10,15617,GET,414546041788163,414546041788654
10,1541,GET,414546041790869,414546041790739
10,12549,GET,414546041802727,414546041801905
10,13829,GET,414546041804591,414546041806957
10,1792,GET,414546041810094,414546041810405
10,15104,GET,414546041842139,414546041842199
10,24586,GET,414546041856321,414546041855179
10,20740,GET,414546041863007,414546041863558
10,27402,GET,414546041867457,414546041868349
10,16902,GET,414546041873221,414546041872790
10,23300,GET,414546041883745,414546041882693
10,18434,GET,414546041889799,414546041890461
10,23556,GET,414546041895162,414546041894620
10,21761,GET,414546041895974,414546041896715
10,19469,GET,414546041902058,414546041902429
10,20485,GET,414546041904153,414546041905696
10,23041,GET,414546041914206,414546041915078
10,23297,GET,414546041916852,414546041916682
10,18697,GET,414546041919659,414546041919498
10,19974,GET,414546041921332,414546041919538
10,20486,GET,414546041934172,414546041933751
10,20994,GET,414546041935385,414546041935084
10,19214,GET,414546041938462,414546041939044
10,24320,GET,414546041943765,414546041943273
10,21519,GET,414546041946461,414546041947253
10,21763,GET,414546041949678,414546041949648
10,22019,GET,414546041952214,414546041952074
10,22530,GET,414546041954570,414546041954048
10,19982,GET,414546041958589,414546041959952
10,25600,GET,414546041965234,414546041964523
10,23052,GET,414546041969274,414546041967961
10,22536,GET,414546041970777,414546041970797
10,23564,GET,414546041976410,414546041976420
10,24079,GET,414546041985682,414546041986113
10,24834,GET,414546041993680,414546041993851
10,22537,GET,414546041995755,414546041996417
10,21518,GET,414546041999414,414546041998792
10,23561,GET,414546042023209,414546042022688
10,24839,GET,414546042027078,414546042025484
10,28416,GET,414546042028732,414546042028982
10,25100,GET,414546042031338,414546042030827
10,26632,GET,414546042032390,414546042031799
10,25347,GET,414546042038454,414546042038414
10,35850,GET,414546042041121,414546042040940
10,25603,GET,414546042042845,414546042042774
10,29440,GET,414546042044980,414546042043326
10,28677,GET,414546042049189,414546042047255
10,27916,GET,414546042056707,414546042056597
10,26371,GET,414546042059433,414546042060395
10,29189,GET,414546042063112,414546042063031
10,37898,GET,414546042066710,414546042067111
10,33028,GET,414546042073606,414546042073576
10,28163,GET,414546042083399,414546042083519
10,28674,GET,414546042085895,414546042085844
10,30469,GET,414546042087368,414546042087258
10,28166,GET,414546042096670,414546042096178
10,31488,GET,414546042103165,414546042103145
10,31744,GET,414546042104999,414546042105239
10,29446,GET,414546042113619,414546042113789
10,29967,GET,414546042115844,414546042115553
10,31244,GET,414546042118330,414546042121006
10,32768,GET,414546042124023,414546042124775
10,29958,GET,414546042125767,414546042125547
10,42250,GET,414546042126519,414546042127411
10,30723,GET,414546042129686,414546042128864
10,37380,GET,414546042131500,414546042130919
10,31234,GET,414546042133044,414546042132984
10,33797,GET,414546042154354,414546042156509
10,27662,GET,414546042160678,414546042160167
10,31503,GET,414546042170180,414546042169589
10,41476,GET,414546042171052,414546042170551
10,31759,GET,414546042178219,414546042178359
10,34061,GET,414546042181867,414546042182058
10,32774,GET,414546042187049,414546042186498
10,46602,GET,414546042188834,414546042190447
10,30478,GET,414546042202305,414546042201854
10,32267,GET,414546042206655,414546042206625
10,33807,GET,414546042218092,414546042217821
10,33799,GET,414546042220217,414546042220407
10,34319,GET,414546042221720,414546042222361
10,34575,GET,414546042223845,414546042223554
10,36109,GET,414546042225068,414546042224827
10,44292,GET,414546042233487,414546042233588
10,37384,GET,414546042234881,414546042234570
10,38668,GET,414546042246437,414546042245886
10,35847,GET,414546042249956,414546042249404
10,49930,GET,414546042251810,414546042251389
10,38408,GET,414546042255118,414546042254246
10,36103,GET,414546042255849,414546042257142
10,50954,GET,414546042259227,414546042258977
10,37123,GET,414546042262324,414546042262164
10,39176,GET,414546042263718,414546042262575
10,39692,GET,414546042265662,414546042264930
10,39437,GET,414546042270563,414546042269110
10,41984,GET,414546042272328,414546042270904
10,38403,GET,414546042276998,414546042277069
10,40453,GET,414546042283764,414546042284025
10,38406,GET,414546042285167,414546042284335
10,40712,GET,414546042287342,414546042288425
10,40973,GET,414546042290961,414546042289658
10,41221,GET,414546042294339,414546042294228
10,39174,GET,414546042295822,414546042293958
10,40706,GET,414546042301195,414546042303139
10,38927,GET,414546042304753,414546042304673
10,41218,GET,414546042309394,414546042309744
10,37902,GET,414546042311589,414546042311408
10,42760,GET,414546042313032,414546042312010
10,44032,GET,414546042318254,414546042318555
10,38414,GET,414546042319667,414546042317833
10,44288,GET,414546042323025,414546042324028
10,40451,GET,414546042327175,414546042326323
10,39433,GET,414546042332407,414546042333079
10,43014,GET,414546042335143,414546042334211
10,46337,GET,414546042337509,414546042337058
10,44552,GET,414546042338832,414546042338211
10,43270,GET,414546042342541,414546042340997
10,43782,GET,414546042348665,414546042349016
10,52484,GET,414546042354158,414546042354077
10,48385,GET,414546042358468,414546042358397
10,57610,GET,414546042373703,414546042373693
10,48384,GET,414546042383075,414546042384207
10,45058,GET,414546042387635,414546042387114
10,58634,GET,414546042388908,414546042388878
10,43790,GET,414546042393198,414546042392306
10,48648,GET,414546042394942,414546042395634
10,47628,GET,414546042397117,414546042397047
10,46087,GET,414546042402179,414546042402450
10,46086,GET,414546042404134,414546042404615
10,40971,GET,414546042411240,414546042410047
10,47106,GET,414546042414919,414546042415189
10,53761,GET,414546042417565,414546042418347
10,48135,GET,414546042423378,414546042425112
10,49413,GET,414546042446963,414546042446332
10,49666,GET,414546042456054,414546042457287
10,47619,GET,414546042461497,414546042461527
10,46350,GET,414546042462850,414546042462960
10,62218,GET,414546042465797,414546042467120
10,46862,GET,414546042474166,414546042473605
10,52748,GET,414546042476893,414546042476251
10,49155,GET,414546042484921,414546042484941
10,49167,GET,414546042489813,414546042489512
10,48398,GET,414546042493241,414546042493080
10,49935,GET,414546042495646,414546042495556
10,50959,GET,414546042506231,414546042505258
10,48905,GET,414546042509348,414546042508476
10,49417,GET,414546042513989,414546042513518
10,51983,GET,414546042515161,414546042515262
10,51206,GET,414546042517727,414546042517076
10,52738,GET,414546042520774,414546042521446
10,52994,GET,414546042525936,414546042525666
10,62468,GET,414546042527310,414546042526768
10,58625,GET,414546042529535,414546042529936
10,56588,GET,414546042532381,414546042533334
10,56832,GET,414546042535589,414546042536481
10,57100,GET,414546042537383,414546042536601
10,57356,GET,414546042541483,414546042540139
10,48651,GET,414546042543748,414546042542996
10,52739,GET,414546042545732,414546042545582
10,56840,GET,414546042547186,414546042546625
10,50185,GET,414546042547877,414546042547597
10,57351,GET,414546042553180,414546042552077
10,49419,GET,414546042554603,414546042554673
10,57352,GET,414546042560166,414546042560256
10,58112,GET,414546042567252,414546042567142
10,59148,GET,414546042568295,414546042567914
10,54531,GET,414546042576404,414546042575682
10,68106,GET,414546042581185,414546042580694
10,55043,GET,414546042583801,414546042583881
10,58880,GET,414546042586698,414546042586627
10,51467,GET,414546042590526,414546042590406
10,53257,GET,414546042592180,414546042592020
10,56069,GET,414546042594716,414546042595027
10,56837,GET,414546042602895,414546042603086
10,55565,GET,414546042604529,414546042603497
10,56334,GET,414546042608538,414546042608769
11,267,PUT,414546041032839,414546041033300
11,523,PUT,414546041033982,414546041034112
11,779,PUT,414546041034282,414546041034403
11,1035,PUT,414546041034553,414546041034653
11,1291,PUT,414546041034804,414546041034904
11,1547,PUT,414546041035044,414546041035154
11,1803,PUT,414546041035295,414546041035405
11,2059,PUT,414546041035696,414546041035806
11,2315,PUT,414546041035946,414546041036057
11,2571,PUT,414546041036197,414546041036548
11,2827,PUT,414546041036798,414546041036989
11,3083,PUT,414546041037139,414546041037249
11,3339,PUT,414546041037390,414546041037500
11,3595,PUT,414546041037640,414546041037751
11,3851,PUT,414546041037891,414546041038001
11,4107,PUT,414546041038292,414546041038402
11,4363,PUT,414546041038542,414546041038653
11,4619,PUT,414546041038793,414546041038903
11,4875,PUT,414546041039044,414546041039154
11,5131,PUT,414546041039304,414546041039404
11,5387,PUT,414546041039545,414546041039655
11,5643,PUT,414546041039805,414546041039906
11,5899,PUT,414546041040056,414546041040156
11,6155,PUT,414546041040447,414546041040557
11,6411,PUT,414546041040697,414546041040808
11,6667,PUT,414546041040948,414546041041058
11,6923,PUT,414546041041199,414546041041309
11,7179,PUT,414546041041459,414546041041559
11,7435,PUT,414546041041710,414546041041810
11,7691,PUT,414546041041960,414546041042061
11,7947,PUT,414546041042201,414546041042311
11,8203,PUT,414546041042602,414546041042712
11,8459,PUT,414546041042852,414546041042963
11,8715,PUT,414546041043103,414546041043213
11,8971,PUT,414546041043354,414546041043464
11,9227,PUT,414546041043604,414546041043714
11,9483,PUT,414546041043855,414546041043965
11,9739,PUT,414546041044105,414546041044216
11,9995,PUT,414546041044406,414546041044516
11,10251,PUT,414546041044807,414546041044917
11,10507,PUT,414546041045068,414546041045218
11,10763,PUT,414546041045499,414546041045609
11,11019,PUT,414546041045749,414546041045859
11,11275,PUT,414546041046080,414546041046190
11,11531,PUT,414546041046210,414546041046441
11,11787,PUT,414546041046691,414546041046982
11,12043,PUT,414546041047383,414546041047734
11,12299,PUT,414546041048125,414546041048275
11,12555,PUT,414546041048926,414546041048906
11,12811,PUT,414546041049668,414546041049658
11,13067,PUT,414546041050450,414546041050400
11,13323,PUT,414546041051172,414546041051162
11,13579,PUT,414546041051933,414546041051923
11,13835,PUT,414546041052695,414546041052665
11,14091,PUT,414546041053427,414546041053417
11,14347,PUT,414546041054249,414546041054159
11,14603,PUT,414546041054991,414546041054910
11,14859,PUT,414546041055722,414546041055642
11,15115,PUT,414546041056444,414546041056384
11,15371,PUT,414546041057176,414546041057136
11,15627,PUT,414546041057907,414546041057867
11,15883,PUT,414546041058318,414546041058609
11,16139,PUT,414546041059120,414546041059431
11,16395,PUT,414546041059762,414546041060112
11,16651,PUT,414546041584631,414546041584981
11,16907,PUT,414546041586244,414546041586405
11,17163,PUT,414546041587958,414546041588249
11,17419,PUT,414546041591787,414546041592729
11,17675,PUT,414546041598322,414546041598152
11,17931,PUT,414546041603965,414546041603985
11,18187,PUT,414546041606100,414546041607333
11,18443,PUT,414546041610761,414546041610661
11,18699,PUT,414546041611693,414546041611804
11,18955,PUT,414546041620343,414546041620724
11,19211,PUT,414546041621847,414546041622188
11,19467,PUT,414546041623671,414546041623401
11,19723,PUT,414546041626678,414546041626999
11,19979,PUT,414546041630206,414546041630517
11,20235,PUT,414546041631249,414546041631559
11,20491,PUT,414546041633213,414546041634797
11,20747,PUT,414546041635659,414546041635799
11,21003,PUT,414546041640440,414546041640250
11,21259,PUT,414546041645362,414546041645622
11,21515,PUT,414546041648779,414546041648699
11,21771,PUT,414546041650664,414546041650183
11,22027,PUT,414546041652578,414546041652889
11,22283,PUT,414546041660737,414546041660727
11,22539,PUT,414546041663574,414546041663704
11,22795,PUT,414546041664777,414546041665158
11,23051,PUT,414546041677516,414546041676584
11,23307,PUT,414546041679832,414546041680804
11,23563,PUT,414546041681786,414546041681435
11,23819,PUT,414546041683741,414546041684112
11,24075,PUT,414546041686808,414546041687048
11,24331,PUT,414546041695007,414546041694466
11,24587,PUT,414546041696160,414546041696510
11,24843,PUT,414546041699407,414546041699467
11,25099,PUT,414546041706965,414546041707586
11,25355,PUT,414546041708458,414546041708268
11,25611,PUT,414546041721388,414546041719774
11,25867,PUT,414546041736814,414546041735391
11,26123,PUT,414546041743630,414546041742457
11,26379,PUT,414546041750015,414546041750355
11,26635,PUT,414546041751959,414546041751789
11,26891,PUT,414546041759707,414546041759898
11,27147,PUT,414546041770653,414546041768788
11,27403,PUT,414546041773208,414546041773509
11,27659,PUT,414546041775794,414546041775373
11,27915,PUT,414546041776486,414546041776496
11,28171,PUT,414546041779002,414546041779463
11,28427,PUT,414546041783051,414546041784054
11,28683,PUT,414546041784585,414546041784886
11,28939,PUT,414546041799961,414546041800442
11,29195,PUT,414546041804150,414546041804822
11,29451,PUT,414546041810796,414546041811167
11,29707,PUT,414546041833368,414546041833679
11,29963,PUT,414546041834431,414546041834451
11,30219,PUT,414546041835142,414546041835764
11,30475,PUT,414546041841517,414546041839071
11,30731,PUT,414546041846659,414546041846549
11,30987,PUT,414546041848563,414546041848844
11,31243,PUT,414546041854217,414546041854527
11,31499,PUT,414546041861193,414546041861113
11,31755,PUT,414546041865653,414546041865783
11,32011,PUT,414546041871607,414546041870314
11,32267,PUT,414546041877310,414546041876709
11,32523,PUT,414546041899201,414546041900404
11,32779,PUT,414546041902278,414546041902118
11,33035,PUT,414546041922726,414546041923337
11,33291,PUT,414546041924690,414546041926835
11,33547,PUT,414546041927086,414546041927467
11,33803,PUT,414546041934313,414546041934613
11,34059,PUT,414546041946180,414546041944697
11,34315,PUT,414546041947794,414546041946872
11,34571,PUT,414546041948616,414546041948165
11,34827,PUT,414546041949037,414546041949297
11,35083,PUT,414546041956524,414546041956835
11,35339,PUT,414546041964533,414546041964833
11,35595,PUT,414546041966998,414546041966537
11,35851,PUT,414546041970286,414546041969735
11,36107,PUT,414546041975879,414546041973925
11,36363,PUT,414546041982986,414546041983366
11,36619,PUT,414546041995424,414546041995234
11,36875,PUT,414546041997600,414546041996407
11,37131,PUT,414546042022387,414546042022046
11,37387,PUT,414546042023620,414546042024733
11,37643,PUT,414546042025184,414546042025474
11,37899,PUT,414546042048818,414546042049029
11,38155,PUT,414546042053149,414546042053289
11,38411,PUT,414546042057449,414546042057298
11,38667,PUT,414546042059002,414546042059383
11,38923,PUT,414546042072774,414546042070449
11,39179,PUT,414546042073756,414546042073907
11,39435,PUT,414546042082847,414546042083048
11,39691,PUT,414546042091959,414546042092019
11,39947,PUT,414546042092901,414546042092951
11,40203,PUT,414546042096980,414546042097943
11,40459,PUT,414546042100007,414546042101691
11,40715,PUT,414546042102533,414546042102233
11,40971,PUT,414546042112837,414546042114150
11,41227,PUT,414546042115453,414546042114912
11,41483,PUT,414546042116836,414546042117217
11,41739,PUT,414546042121247,414546042121567
11,41995,PUT,414546042123722,414546042123432
11,42251,PUT,414546042129235,414546042128794
11,42507,PUT,414546042151958,414546042152138
11,42763,PUT,414546042154103,414546042154935
11,43019,PUT,414546042156298,414546042156609
11,43275,PUT,414546042157701,414546042158052
11,43531,PUT,414546042159295,414546042158343
11,43787,PUT,414546042170972,414546042169960
11,44043,PUT,414546042180254,414546042180564
11,44299,PUT,414546042181366,414546042181757
11,44555,PUT,414546042182559,414546042184353
11,44811,PUT,414546042186518,414546042186829
11,45067,PUT,414546042188132,414546042189776
11,45323,PUT,414546042190828,414546042192011
11,45579,PUT,414546042197995,414546042198767
11,45835,PUT,414546042201583,414546042201894
11,46091,PUT,414546042203007,414546042203097
11,46347,PUT,414546042211095,414546042210684
11,46603,PUT,414546042214263,414546042214694
11,46859,PUT,414546042219024,414546042219004
11,47115,PUT,414546042221369,414546042221570
11,47371,PUT,414546042223534,414546042223845
11,47627,PUT,414546042224968,414546042225118
11,47883,PUT,414546042230440,414546042229408
11,48139,PUT,414546042231924,414546042231613
11,48395,PUT,414546042234560,414546042234460
11,48651,PUT,414546042238649,414546042238850
11,48907,PUT,414546042242198,414546042242498
11,49163,PUT,414546042244844,414546042245154
11,49419,PUT,414546042247871,414546042248181
11,49675,PUT,414546042249575,414546042248031
11,49931,PUT,414546042251008,414546042250447
11,50187,PUT,414546042255288,414546042255318
11,50443,PUT,414546042266193,414546042265913
11,50699,PUT,414546042271205,414546042271506
11,50955,PUT,414546042272287,414546042272478
11,51211,PUT,414546042281890,414546042282281
11,51467,PUT,414546042282912,414546042283353
11,51723,PUT,414546042288435,414546042288275
11,51979,PUT,414546042289227,414546042289377
11,52235,PUT,414546042292945,414546042292444
11,52491,PUT,414546042295381,414546042294289
11,52747,PUT,414546042300543,414546042300744
11,53003,PUT,414546042305023,414546042304943
11,53259,PUT,414546042306026,414546042305204
11,53515,PUT,414546042316530,414546042316189
11,53771,PUT,414546042318545,414546042318735
11,54027,PUT,414546042320409,414546042320179
11,54283,PUT,414546042322494,414546042323356
11,54539,PUT,414546042324789,414546042325611
11,54795,PUT,414546042326724,414546042326664
11,55051,PUT,414546042331966,414546042332337
11,55307,PUT,414546042332798,414546042333139
11,55563,PUT,414546042340295,414546042340466
11,55819,PUT,414546042341638,414546042341468
11,56075,PUT,414546042342942,414546042342952
11,56331,PUT,414546042346099,414546042345979
11,56587,PUT,414546042348083,414546042348023
11,56843,PUT,414546042358287,414546042360813
11,57099,PUT,414546042363269,414546042364702
11,57355,PUT,414546042369022,414546042369172
11,57611,PUT,414546042390372,414546042391494
11,57867,PUT,414546042394591,414546042394551
11,58123,PUT,414546042400144,414546042399763
11,58379,PUT,414546042405898,414546042406228
11,58635,PUT,414546042412102,414546042411581
11,58891,PUT,414546042414267,414546042412764
11,59147,PUT,414546042415670,414546042415971
11,59403,PUT,414546042417174,414546042417164
11,59659,PUT,414546042418567,414546042417825
11,59915,PUT,414546042421273,414546042421073
11,60171,PUT,414546042442743,414546042443375
11,60427,PUT,414546042445369,414546042445600
11,60683,PUT,414546042447504,414546042447234
11,60939,PUT,414546042462339,414546042462479
11,61195,PUT,414546042465406,414546042465316
11,61451,PUT,414546042475199,414546042474938
11,61707,PUT,414546042480601,414546042480982
11,61963,PUT,414546042482836,414546042483137
11,62219,PUT,414546042484530,414546042484390
11,62475,PUT,414546042485021,414546042485182
11,62731,PUT,414546042487798,414546042488099
11,62987,PUT,414546042489542,414546042489642
11,63243,PUT,414546042496057,414546042496358
11,63499,PUT,414546042499635,414546042499916
11,63755,PUT,414546042501520,414546042500537
11,64011,PUT,414546042505579,414546042505890
11,64267,PUT,414546042508506,414546042508877
11,64523,PUT,414546042517236,414546042517377
11,64779,PUT,414546042518720,414546042518379
11,65035,PUT,414546042523020,414546042523290
11,65291,PUT,414546042525626,414546042525235
11,65547,PUT,414546042527911,414546042527781
11,65803,PUT,414546042532061,414546042531890
11,66059,PUT,414546042541853,414546042542144
11,66315,PUT,414546042543407,414546042543427
11,66571,PUT,414546042545342,414546042544830
11,66827,PUT,414546042546574,414546042546875
11,67083,PUT,414546042547426,414546042546735
11,67339,PUT,414546042565839,414546042565498
11,67595,PUT,414546042567934,414546042569107
11,67851,PUT,414546042571482,414546042571783
11,68107,PUT,414546042577005,414546042576073
11,68363,PUT,414546042583330,414546042583590
11,68619,PUT,414546042594917,414546042594917
11,68875,PUT,414546042597132,414546042598806
11,69131,PUT,414546042604048,414546042604038
11,69387,PUT,414546042606123,414546042605451
11,1800,GET,414546041579228,414546041579679
11,4104,GET,414546041583037,414546041582997
11,10760,GET,414546041589141,414546041586535
11,11784,GET,414546041590755,414546041590574
11,15368,GET,414546041594123,414546041594483
11,779,GET,414546041595626,414546041595536
11,4619,GET,414546041600046,414546041600127
11,7179,GET,414546041602322,414546041602051
11,14091,GET,414546041614019,414546041614380
11,3081,GET,414546041615382,414546041614871
11,15371,GET,414546041617056,414546041615713
11,11017,GET,414546041625916,414546041625345
11,13577,GET,414546041628994,414546041628793
11,6924,GET,414546041637233,414546041636491
11,8460,GET,414546041638395,414546041638776
11,12812,GET,414546041642184,414546041641663
11,6151,GET,414546041654733,414546041654703
11,2566,GET,414546041668696,414546041666912
11,4102,GET,414546041670109,414546041671111
11,8198,GET,414546041673637,414546041674108
11,11270,GET,414546041676384,414546041675822
11,3074,GET,414546041686257,414546041685264
11,7170,GET,414546041689925,414546041689304
11,8450,GET,414546041691258,414546041690807
11,10242,GET,414546041693203,414546041693253
11,771,GET,414546041698114,414546041697663
11,14338,GET,414546041700449,414546041700490
11,15362,GET,414546041703136,414546041703717
11,4867,GET,414546041706253,414546041706093
11,9987,GET,414546041712447,414546041711555
11,11267,GET,414546041714041,414546041714412
11,13059,GET,414546041716437,414546041716637
11,14339,GET,414546041718461,414546041719243
11,3343,GET,414546041723844,414546041722641
11,7183,GET,414546041726751,414546041725618
11,9999,GET,414546041729306,414546041729417
11,11023,GET,414546041730239,414546041730660
11,13327,GET,414546041732704,414546041732133
11,14607,GET,414546041733977,414546041733446
11,15631,GET,414546041735792,414546041735751
11,1806,GET,414546041738077,414546041737085
11,4366,GET,414546041740132,414546041737806
11,5902,GET,414546041741715,414546041740563
11,10254,GET,414546041746015,414546041746647
11,1805,GET,414546041754726,414546041754024
11,3085,GET,414546041756439,414546041755307
11,5133,GET,414546041758214,414546041758885
11,7437,GET,414546041761541,414546041761040
11,9485,GET,414546041764458,414546041765721
11,12557,GET,414546041767635,414546041767114
11,1025,GET,414546041771956,414546041770622
11,4353,GET,414546041774822,414546041773900
11,8961,GET,414546041780596,414546041779904
11,14081,GET,414546041785908,414546041785457
11,15105,GET,414546041787341,414546041785818
11,1029,GET,414546041790689,414546041790739
11,4357,GET,414546041792914,414546041794899
11,7685,GET,414546041796893,414546041796903
11,8709,GET,414546041798076,414546041797956
11,12293,GET,414546041802697,414546041801905
11,256,GET,414546041808941,414546041807909
11,11520,GET,414546041837027,414546041836465
11,12032,GET,414546041837909,414546041837458
11,16128,GET,414546041843281,414546041842118
11,16906,GET,414546041845847,414546041844334
11,23050,GET,414546041852473,414546041852152
11,18948,GET,414546041856281,414546041855179
11,25610,GET,414546041859138,414546041859208
11,26122,GET,414546041862977,414546041863558
11,19457,GET,414546041867417,414546041868349
11,27914,GET,414546041873191,414546041872790
11,18181,GET,414546041875536,414546041874614
11,17421,GET,414546041879335,414546041879365
11,17414,GET,414546041883174,414546041883064
11,19968,GET,414546041885068,414546041884727
11,18179,GET,414546041887333,414546041886401
11,20480,GET,414546041888797,414546041888045
11,17926,GET,414546041890972,414546041889749
11,18182,GET,414546041895122,414546041894620
11,18438,GET,414546041895933,414546041896715
11,17672,GET,414546041904183,414546041905696
11,18700,GET,414546041908673,414546041909916
11,18443,GET,414546041912011,414546041913334
11,18439,GET,414546041916321,414546041916180
11,19468,GET,414546041917463,414546041918476
11,22016,GET,414546041920019,414546041919819
11,18951,GET,414546041929080,414546041930564
11,25089,GET,414546041933080,414546041933070
11,19719,GET,414546041935415,414546041935084
11,20492,GET,414546041938502,414546041939044
11,21261,GET,414546041941128,414546041940607
11,25857,GET,414546041943734,414546041943273
11,21260,GET,414546041950230,414546041951061
11,21255,GET,414546041953657,414546041953457
11,21768,GET,414546041958619,414546041959952
11,26625,GET,414546041962217,414546041963039
11,23554,GET,414546041969244,414546041967961
11,33034,GET,414546041974245,414546041973925
11,19977,GET,414546041977683,414546041977102
11,33290,GET,414546041979347,414546041978676
11,24072,GET,414546041985642,414546041986113
11,21513,GET,414546041988408,414546041988308
11,34314,GET,414546041990483,414546041988649
11,22025,GET,414546041991676,414546041991966
11,24587,GET,414546041999374,414546041998792
11,26376,GET,414546042027118,414546042025484
11,24073,GET,414546042028762,414546042028982
11,28672,GET,414546042031378,414546042030827
11,25858,GET,414546042032420,414546042031799
11,31236,GET,414546042034215,414546042034846
11,26381,GET,414546042036891,414546042036500
11,27144,GET,414546042039627,414546042039898
11,27400,GET,414546042041812,414546042041892
11,25611,GET,414546042043276,414546042043616
11,30465,GET,414546042045611,414546042045180
11,26882,GET,414546042050252,414546042051775
11,37130,GET,414546042055454,414546042055324
11,26377,GET,414546042062420,414546042061398
11,24334,GET,414546042063833,414546042063944
11,26123,GET,414546042065066,414546042064695
11,26627,GET,414546042066750,414546042067111
11,26886,GET,414546042069206,414546042069567
11,28431,GET,414546042077716,414546042075721
11,27907,GET,414546042078678,414546042078868
11,24590,GET,414546042085263,414546042085123
11,29453,GET,414546042086967,414546042086877
11,28930,GET,414546042087689,414546042088641
11,27910,GET,414546042090235,414546042089744
11,34049,GET,414546042095116,414546042095377
11,25614,GET,414546042099346,414546042098434
11,29452,GET,414546042103876,414546042103997
11,29455,GET,414546042106502,414546042107856
11,30220,GET,414546042109489,414546042109159
11,40970,GET,414546042111504,414546042112065
11,41994,GET,414546042125376,414546042125206
11,33024,GET,414546042126178,414546042126078
11,33029,GET,414546042130929,414546042130699
11,30470,GET,414546042132012,414546042131992
11,32269,GET,414546042133235,414546042132984
11,33536,GET,414546042133505,414546042133375
11,30479,GET,414546042133846,414546042133635
11,31247,GET,414546042160708,414546042160167
11,32002,GET,414546042163274,414546042163886
11,33544,GET,414546042166442,414546042166552
11,44554,GET,414546042170150,414546042169589
11,33033,GET,414546042193114,414546042193324
11,33801,GET,414546042204971,414546042205412
11,33031,GET,414546042207226,414546042206795
11,37632,GET,414546042208770,414546042209652
11,48650,GET,414546042218122,414546042217821
11,31246,GET,414546042220247,414546042220407
11,32523,GET,414546042227554,414546042226872
11,39424,GET,414546042233517,414546042233588
11,38156,GET,414546042235783,414546042236264
11,37389,GET,414546042246407,414546042245886
11,37122,GET,414546042253243,414546042253955
11,36623,GET,414546042257774,414546042257744
11,38669,GET,414546042259798,414546042261633
11,42753,GET,414546042263317,414546042263216
11,34574,GET,414546042264539,414546042264459
11,38402,GET,414546042267456,414546042267366
11,38914,GET,414546042270533,414546042269110
11,43521,GET,414546042274513,414546042274493
11,39170,GET,414546042276958,414546042277069
11,37895,GET,414546042278943,414546042279985
11,48388,GET,414546042284806,414546042284556
11,39682,GET,414546042286180,414546042286089
11,48900,GET,414546042294369,414546042294228
11,41477,GET,414546042296554,414546042296925
11,38153,GET,414546042303831,414546042303670
11,49668,GET,414546042308582,414546042307409
11,40707,GET,414546042327947,414546042326273
11,40967,GET,414546042329601,414546042330342
11,44544,GET,414546042335173,414546042334211
11,41479,GET,414546042337539,414546042337058
11,43532,GET,414546042338862,414546042338211
11,46849,GET,414546042344004,414546042343934
11,41987,GET,414546042349878,414546042349417
11,45824,GET,414546042351261,414546042350309
11,42759,GET,414546042354127,414546042354077
11,41486,GET,414546042356503,414546042357946
11,45580,GET,414546042371097,414546042371267
11,45573,GET,414546042372821,414546042372270
11,43267,GET,414546042374425,414546042374184
11,43523,GET,414546042376279,414546042376860
11,43535,GET,414546042379156,414546042377772
11,44295,GET,414546042380809,414546042381120
11,45062,GET,414546042383045,414546042384207
11,55044,GET,414546042387595,414546042387114
11,49152,GET,414546042388878,414546042388878
11,59402,GET,414546042393228,414546042392306
11,48904,GET,414546042397077,414546042397047
11,44047,GET,414546042402139,414546042402450
11,44046,GET,414546042404094,414546042404615
11,48396,GET,414546042408123,414546042408804
11,53505,GET,414546042411210,414546042410047
11,44809,GET,414546042420381,414546042419760
11,45321,GET,414546042423418,414546042425112
11,49932,GET,414546042446923,414546042446332
11,42507,GET,414546042449419,414546042449339
11,49154,GET,414546042452295,414546042453017
11,50956,GET,414546042456024,414546042457287
11,47363,GET,414546042459282,414546042459201
11,48646,GET,414546042461467,414546042461527
11,47373,GET,414546042467942,414546042467811
11,47629,GET,414546042470578,414546042470778
11,52736,GET,414546042472623,414546042473465
11,56065,GET,414546042476391,414546042475670
11,50949,GET,414546042478135,414546042477634
11,60676,GET,414546042491076,414546042492659
11,51458,GET,414546042494042,414546042493742
11,45579,GET,414546042497951,414546042496909
11,53255,GET,414546042506992,414546042507604
11,51471,GET,414546042510390,414546042510701
11,51727,GET,414546042513959,414546042513518
11,53767,GET,414546042515131,414546042515262
11,56064,GET,414546042520744,414546042521446
11,51974,GET,414546042526458,414546042524794
11,56332,GET,414546042529565,414546042529936
11,47883,GET,414546042534286,414546042534125
11,50445,GET,414546042537213,414546042536601
11,48395,GET,414546042539478,414546042540149
11,52998,GET,414546042549992,414546042550574
11,54031,GET,414546042553210,414546042552077
11,67082,GET,414546042554633,414546042554673
11,64516,GET,414546042557810,414546042558312
11,57600,GET,414546042560196,414546042560256
11,54277,GET,414546042562551,414546042560316
11,53507,GET,414546042567282,414546042567142
11,59916,GET,414546042573958,414546042572374
11,60172,GET,414546042575321,414546042575171
11,54022,GET,414546042579711,414546042579872
11,54286,GET,414546042585264,414546042585114
11,68618,GET,414546042587650,414546042587550
11,61708,GET,414546042591108,414546042591258
11,59912,GET,414546042594255,414546042594045
11,56326,GET,414546042602925,414546042603086
11,57615,GET,414546042607305,414546042605732
11,60423,GET,414546042609831,414546042608869
12,268,PUT,414546041070857,414546041070727
12,524,PUT,414546041071489,414546041071780
12,780,PUT,414546041072632,414546041072481
12,1036,PUT,414546041073353,414546041073233
12,1292,PUT,414546041074085,414546041073955
12,1548,PUT,414546041074817,414546041074696
12,1804,PUT,414546041075538,414546041075428
12,2060,PUT,414546041076270,414546041076170
12,2316,PUT,414546041076601,414546041076891
12,2572,PUT,414546041077222,414546041077413
12,2828,PUT,414546041077553,414546041077663
12,3084,PUT,414546041077814,414546041077914
12,3340,PUT,414546041078054,414546041078164
12,3596,PUT,414546041078305,414546041078415
12,3852,PUT,414546041078555,414546041078666
12,4108,PUT,414546041078896,414546041079006
12,4364,PUT,414546041079157,414546041079267
12,4620,PUT,414546041079407,414546041079518
12,4876,PUT,414546041079658,414546041079758
12,5132,PUT,414546041079908,414546041080019
12,5388,PUT,414546041080159,414546041080269
12,5644,PUT,414546041080410,414546041080520
12,5900,PUT,414546041080660,414546041080770
12,6156,PUT,414546041081001,414546041081111
12,6412,PUT,414546041081252,414546041081362
12,6668,PUT,414546041081502,414546041081612
12,6924,PUT,414546041081753,414546041081863
12,7180,PUT,414546041082013,414546041082124
12,7436,PUT,414546041082264,414546041082474
12,7692,PUT,414546041082725,414546041082925
12,7948,PUT,414546041083066,414546041083166
12,8204,PUT,414546041083407,414546041083517
12,8460,PUT,414546041083657,414546041083767
12,8716,PUT,414546041083908,414546041084018
12,8972,PUT,414546041084158,414546041084269
12,9228,PUT,414546041084409,414546041084519
12,9484,PUT,414546041084659,414546041084770
12,9740,PUT,414546041084910,414546041085020
12,9996,PUT,414546041085161,414546041085271
12,10252,PUT,414546041085501,414546041085612
12,10508,PUT,414546041085762,414546041085872
12,10764,PUT,414546041086013,414546041086113
12,11020,PUT,414546041086263,414546041086363
12,11276,PUT,414546041086504,414546041086614
12,11532,PUT,414546041086764,414546041086865
12,11788,PUT,414546041087015,414546041087115
12,12044,PUT,414546041087266,414546041087366
12,12300,PUT,414546041087616,414546041087717
12,12556,PUT,414546041087867,414546041087977
12,12812,PUT,414546041088117,414546041088228
12,13068,PUT,414546041088368,414546041088478
12,13324,PUT,414546041088619,414546041088729
12,13580,PUT,414546041088869,414546041088979
12,13836,PUT,414546041089120,414546041089230
12,14092,PUT,414546041089370,414546041089481
12,14348,PUT,414546041089711,414546041089821
12,14604,PUT,414546041089962,414546041090072
12,14860,PUT,414546041090212,414546041090323
12,15116,PUT,414546041090463,414546041090573
12,15372,PUT,414546041090714,414546041090824
12,15628,PUT,414546041090964,414546041091074
12,15884,PUT,414546041091215,414546041091325
12,16140,PUT,414546041091465,414546041091576
12,16396,PUT,414546041091836,414546041091946
12,16652,PUT,414546041574487,414546041574637
12,16908,PUT,414546041575870,414546041575950
12,17164,PUT,414546041592589,414546041592729
12,17420,PUT,414546041594193,414546041593040
12,17676,PUT,414546041595556,414546041594002
12,17932,PUT,414546041597841,414546041597971
12,18188,PUT,414546041604477,414546041605589
12,18444,PUT,414546041606371,414546041605379
12,18700,PUT,414546041607594,414546041607734
12,18956,PUT,414546041608476,414546041608646
12,19212,PUT,414546041611693,414546041613508
12,19468,PUT,414546041617447,414546041618309
12,19724,PUT,414546041619141,414546041619682
12,19980,PUT,414546041624152,414546041624523
12,20236,PUT,414546041627089,414546041627470
12,20492,PUT,414546041638766,414546041639067
12,20748,PUT,414546041642956,414546041643427
12,21004,PUT,414546041648549,414546041648880
12,21260,PUT,414546041649892,414546041649431
12,21516,PUT,414546041654022,414546041654312
12,21772,PUT,414546041656467,414546041656107
12,22028,PUT,414546041658061,414546041658472
12,22284,PUT,414546041659474,414546041659815
12,22540,PUT,414546041660737,414546041660447
12,22796,PUT,414546041663574,414546041664747
12,23052,PUT,414546041668195,414546041668445
12,23308,PUT,414546041673056,414546041674098
12,23564,PUT,414546041676454,414546041676785
12,23820,PUT,414546041678198,414546041677626
12,24076,PUT,414546041685244,414546041685214
12,24332,PUT,414546041689845,414546041691890
12,24588,PUT,414546041698094,414546041698044
12,24844,PUT,414546041699948,414546041699357
12,25100,PUT,414546041710914,414546041712036
12,25356,PUT,414546041712778,414546041713500
12,25612,PUT,414546041715244,414546041715053
12,25868,PUT,414546041716767,414546041717068
12,26124,PUT,414546041718080,414546041717669
12,26380,PUT,414546041720646,414546041720957
12,26636,PUT,414546041721558,414546041721889
12,26892,PUT,414546041722831,414546041722661
12,27148,PUT,414546041728865,414546041728154
12,27404,PUT,414546041730459,414546041730339
12,27660,PUT,414546041731752,414546041731722
12,27916,PUT,414546041735030,414546041734940
12,28172,PUT,414546041743630,414546041742457
12,28428,PUT,414546041745855,414546041745624
12,28684,PUT,414546041754254,414546041755106
12,28940,PUT,414546041756680,414546041756991
12,29196,PUT,414546041773208,414546041773048
12,29452,PUT,414546041779002,414546041779102
12,29708,PUT,414546041780596,414546041781027
12,29964,PUT,414546041782039,414546041781859
12,30220,PUT,414546041784585,414546041784886
12,30476,PUT,414546041787441,414546041786339
12,30732,PUT,414546041788404,414546041788704
12,30988,PUT,414546041790459,414546041790759
12,31244,PUT,414546041792102,414546041791461
12,31500,PUT,414546041793726,414546041794027
12,31756,PUT,414546041795731,414546041796533
12,32012,PUT,414546041800782,414546041800442
12,32268,PUT,414546041802196,414546041802216
12,32524,PUT,414546041804451,414546041804822
12,32780,PUT,414546041805934,414546041806045
12,33036,PUT,414546041808641,414546041806245
12,33292,PUT,414546041811317,414546041811397
12,33548,PUT,414546041838610,414546041838610
12,33804,PUT,414546041842209,414546041842529
12,34060,PUT,414546041844985,414546041843522
12,34316,PUT,414546041847391,414546041846870
12,34572,PUT,414546041862376,414546041860952
12,34828,PUT,414546041864982,414546041865783
12,35084,PUT,414546041870344,414546041869352
12,35340,PUT,414546041871607,414546041870314
12,35596,PUT,414546041872840,414546041873050
12,35852,PUT,414546041873652,414546041873942
12,36108,PUT,414546041879606,414546041879906
12,36364,PUT,414546041883194,414546041882973
12,36620,PUT,414546041884667,414546041884978
12,36876,PUT,414546041886241,414546041886572
12,37132,PUT,414546041888236,414546041888125
12,37388,PUT,414546041890070,414546041889639
12,37644,PUT,414546041893448,414546041893598
12,37900,PUT,414546041903220,414546041902118
12,38156,PUT,414546041905195,414546041904523
12,38412,PUT,414546041906899,414546041907270
12,38668,PUT,414546041915770,414546041916110
12,38924,PUT,414546041923267,414546041923086
12,39180,PUT,414546041928730,414546041928980
12,39436,PUT,414546041937079,414546041937229
12,39692,PUT,414546041939976,414546041938302
12,39948,PUT,414546041941339,414546041941700
12,40204,PUT,414546041947393,414546041946872
12,40460,PUT,414546041950400,414546041950981
12,40716,PUT,414546041957757,414546041958910
12,40972,PUT,414546041960143,414546041960243
12,41228,PUT,414546041962839,414546041963170
12,41484,PUT,414546041968602,414546041968071
12,41740,PUT,414546041976701,414546041979738
12,41996,PUT,414546041981151,414546041981091
12,42252,PUT,414546042016453,414546042016804
12,42508,PUT,414546042018177,414546042018478
12,42764,PUT,414546042019190,414546042019290
12,43020,PUT,414546042021726,414546042021475
12,43276,PUT,414546042027609,414546042026867
12,43532,PUT,414546042029403,414546042029704
12,43788,PUT,414546042040619,414546042040670
12,44044,PUT,414546042053980,414546042054301
12,44300,PUT,414546042057007,414546042056877
12,44556,PUT,414546042059654,414546042058180
12,44812,PUT,414546042061979,414546042062320
12,45068,PUT,414546042063362,414546042062721
12,45324,PUT,414546042066119,414546042067702
12,45580,PUT,414546042068604,414546042068354
12,45836,PUT,414546042070248,414546042070559
12,46092,PUT,414546042072774,414546042070449
12,46348,PUT,414546042074909,414546042075360
12,46604,PUT,414546042077365,414546042078337
12,46860,PUT,414546042079189,414546042079109
12,47116,PUT,414546042085353,414546042085654
12,47372,PUT,414546042087268,414546042086877
12,47628,PUT,414546042097612,414546042097943
12,47884,PUT,414546042103536,414546042102553
12,48140,PUT,414546042104538,414546042104678
12,48396,PUT,414546042109098,414546042109519
12,48652,PUT,414546042111123,414546042111945
12,48908,PUT,414546042113799,414546042114060
12,49164,PUT,414546042114872,414546042114912
12,49420,PUT,414546042124775,414546042124043
12,49676,PUT,414546042147798,414546042147618
12,49932,PUT,414546042148971,414546042149392
12,50188,PUT,414546042150865,414546042151166
12,50444,PUT,414546042155687,414546042153472
12,50700,PUT,414546042156298,414546042155616
12,50956,PUT,414546042158854,414546042157812
12,51212,PUT,414546042160698,414546042161400
12,51468,PUT,414546042162733,414546042162262
12,51724,PUT,414546042163715,414546042164016
12,51980,PUT,414546042165048,414546042165099
12,52236,PUT,414546042167033,414546042166482
12,52492,PUT,414546042169348,414546042171293
12,52748,PUT,414546042173849,414546042173969
12,53004,PUT,414546042175382,414546042175463
12,53260,PUT,414546042176034,414546042177136
12,53516,PUT,414546042179332,414546042179201
12,53772,PUT,414546042185456,414546042185756
12,54028,PUT,414546042187210,414546042188092
12,54284,PUT,414546042189415,414546042189686
12,54540,PUT,414546042191710,414546042191600
12,54796,PUT,414546042204520,414546042204199
12,55052,PUT,414546042210865,414546042210684
12,55308,PUT,414546042212619,414546042212920
12,55564,PUT,414546042216337,414546042216638
12,55820,PUT,414546042217440,414546042219665
12,56076,PUT,414546042224075,414546042224376
12,56332,PUT,414546042226531,414546042227313
12,56588,PUT,414546042229087,414546042229298
12,56844,PUT,414546042231062,414546042231402
12,57100,PUT,414546042232946,414546042232876
12,57356,PUT,414546042236474,414546042235271
12,57612,PUT,414546042239672,414546042238770
12,57868,PUT,414546042242198,414546042242498
12,58124,PUT,414546042246538,414546042246818
12,58380,PUT,414546042250727,414546042250447
12,58636,PUT,414546042252281,414546042252271
12,58892,PUT,414546042253404,414546042252652
12,59148,PUT,414546042264028,414546042263337
12,59404,PUT,414546042265131,414546042265421
12,59660,PUT,414546042266925,414546042266554
12,59916,PUT,414546042268007,414546042267145
12,60172,PUT,414546042270002,414546042270313
12,60428,PUT,414546042275635,414546042274753
12,60684,PUT,414546042279133,414546042279484
12,60940,PUT,414546042281058,414546042280687
12,61196,PUT,414546042281890,414546042282281
12,61452,PUT,414546042282912,414546042282932
12,61708,PUT,414546042284576,414546042284907
12,61964,PUT,414546042292494,414546042292765
12,62220,PUT,414546042295050,414546042295140
12,62476,PUT,414546042296704,414546042296554
12,62732,PUT,414546042298358,414546042297837
12,62988,PUT,414546042325301,414546042324980
12,63244,PUT,414546042328688,414546042328277
12,63500,PUT,414546042332798,414546042331515
12,63756,PUT,414546042338902,414546042339143
12,64012,PUT,414546042341167,414546042341328
12,64268,PUT,414546042344004,414546042343673
12,64524,PUT,414546042346901,414546042348023
12,64780,PUT,414546042355671,414546042355771
12,65036,PUT,414546042358287,414546042359380
12,65292,PUT,414546042360432,414546042360733
12,65548,PUT,414546042365845,414546042366135
12,65804,PUT,414546042380188,414546042380509
12,66060,PUT,414546042403492,414546042403703
12,66316,PUT,414546042406629,414546042404434
12,66572,PUT,414546042410007,414546042410308
12,66828,PUT,414546042442392,414546042442603
12,67084,PUT,414546042445770,414546042447234
12,67340,PUT,414546042451303,414546042452907
12,67596,PUT,414546042460725,414546042460895
12,67852,PUT,414546042464283,414546042463872
12,68108,PUT,414546042473404,414546042472392
12,68364,PUT,414546042477354,414546042478657
12,68620,PUT,414546042499635,414546042497360
12,68876,PUT,414546042513107,414546042513037
12,69132,PUT,414546042514330,414546042514620
12,69388,PUT,414546042521396,414546042520073
12,69644,PUT,414546042522368,414546042523290
12,69900,PUT,414546042524633,414546042524473
12,70156,PUT,414546042529104,414546042529725
12,70412,PUT,414546042530437,414546042530457
12,70668,PUT,414546042533424,414546042531800
12,70924,PUT,414546042534797,414546042535008
12,71180,PUT,414546042536591,414546042536331
12,71436,PUT,414546042537934,414546042537393
12,71692,PUT,414546042543066,414546042544179
12,71948,PUT,414546042545592,414546042545171
12,72204,PUT,414546042553761,414546042554062
12,72460,PUT,414546042554954,414546042555004
12,72716,PUT,414546042556828,414546042556908
12,72972,PUT,414546042558452,414546042558532
12,73228,PUT,414546042563995,414546042564286
12,73484,PUT,414546042565839,414546042567583
12,73740,PUT,414546042568736,414546042567453
12,73996,PUT,414546042574880,414546042574710
12,74252,PUT,414546042577005,414546042579671
12,74508,PUT,414546042580533,414546042580293
12,74764,PUT,414546042587570,414546042587219
12,75020,PUT,414546042588812,414546042589043
12,75276,PUT,414546042589284,414546042589644
12,75532,PUT,414546042590105,414546042591368
12,75788,PUT,414546042593253,414546042594125
12,10500,GET,414546041570548,414546041570407
12,12036,GET,414546041572131,414546041571700
12,264,GET,414546041577724,414546041577574
12,1544,GET,414546041579168,414546041578015
12,2056,GET,414546041580130,414546041581573
12,6152,GET,414546041585583,414546041586064
12,8968,GET,414546041587768,414546041586535
12,11528,GET,414546041590494,414546041590404
12,4875,GET,414546041600116,414546041599916
12,5899,GET,414546041601109,414546041600507
12,7435,GET,414546041602532,414546041602312
12,7433,GET,414546041621967,414546041622519
12,13833,GET,414546041629214,414546041629134
12,1292,GET,414546041631780,414546041634506
12,6156,GET,414546041636461,414546041636491
12,12044,GET,414546041641332,414546041641663
12,14348,GET,414546041645101,414546041645121
12,16396,GET,414546041647086,414546041647166
12,4103,GET,414546041651766,414546041652137
12,12551,GET,414546041662010,414546041661539
12,774,GET,414546041665989,414546041667242
12,3334,GET,414546041669638,414546041670109
12,7174,GET,414546041672595,414546041672013
12,13830,GET,414546041679671,414546041679641
12,16134,GET,414546041682648,414546041683280
12,2818,GET,414546041686166,414546041686497
12,11010,GET,414546041693363,414546041693253
12,11778,GET,414546041694365,414546041694305
12,13058,GET,414546041696480,414546041695979
12,2307,GET,414546041703035,414546041700089
12,4611,GET,414546041705581,414546041705541
12,4367,GET,414546041724455,414546041722641
12,5903,GET,414546041725979,414546041728384
12,13839,GET,414546041732965,414546041732855
12,5134,GET,414546041740984,414546041741014
12,11790,GET,414546041747609,414546041748531
12,15886,GET,414546041752761,414546041751899
12,5389,GET,414546041758524,414546041760329
12,7949,GET,414546041762323,414546041762764
12,10509,GET,414546041765300,414546041765410
12,13837,GET,414546041769259,414546041771835
12,4609,GET,414546041775013,414546041775764
12,6913,GET,414546041777609,414546041777859
12,7941,GET,414546041797415,414546041797525
12,15621,GET,414546041807478,414546041806957
12,3328,GET,414546041812690,414546041811698
12,5376,GET,414546041814284,414546041813642
12,6656,GET,414546041815577,414546041815006
12,6912,GET,414546041815928,414546041815797
12,13568,GET,414546041840745,414546041840635
12,21258,GET,414546041849676,414546041849095
12,22538,GET,414546041851981,414546041852152
12,23306,GET,414546041854116,414546041853695
12,18692,GET,414546041855840,414546041855179
12,17921,GET,414546041857955,414546041858567
12,17157,GET,414546041867758,414546041867377
12,16649,GET,414546041874915,414546041874614
12,16903,GET,414546041877711,414546041877932
12,17666,GET,414546041881771,414546041880658
12,18949,GET,414546041890731,414546041891633
12,17420,GET,414546041895382,414546041895482
12,17935,GET,414546041896395,414546041896715
12,20229,GET,414546041898710,414546041898900
12,19213,GET,414546041901186,414546041900294
12,17678,GET,414546041904403,414546041903802
12,19725,GET,414546041909054,414546041908763
12,17934,GET,414546041910457,414546041909916
12,18440,GET,414546041913043,414546041910437
12,19715,GET,414546041917363,414546041916190
12,18441,GET,414546041918716,414546041919709
12,19727,GET,414546041921413,414546041921844
12,22272,GET,414546041925983,414546041927637
12,22533,GET,414546041930604,414546041931195
12,23296,GET,414546041932609,414546041931626
12,23552,GET,414546041933761,414546041934152
12,21506,GET,414546041943434,414546041943023
12,20488,GET,414546041945088,414546041945168
12,21254,GET,414546041953467,414546041954048
12,25088,GET,414546041957176,414546041956294
12,26369,GET,414546041961947,414546041960894
12,27396,GET,414546041965475,414546041964523
12,22280,GET,414546041966377,414546041967109
12,25861,GET,414546041970156,414546041970777
12,23299,GET,414546041972601,414546041971800
12,24077,GET,414546041974416,414546041973925
12,20745,GET,414546041982865,414546041982234
12,33802,GET,414546041984990,414546041984259
12,26368,GET,414546041989030,414546041988879
12,22790,GET,414546041990222,414546041991175
12,24591,GET,414546041993390,414546041995394
12,24323,GET,414546041998772,414546041998792
12,24843,GET,414546042020382,414546042020192
12,25864,GET,414546042023119,414546042024241
12,22030,GET,414546042026537,414546042026677
12,24835,GET,414546042031228,414546042031799
12,26114,GET,414546042034636,414546042033733
12,24585,GET,414546042036029,414546042035908
12,28165,GET,414546042038053,414546042038535
12,26383,GET,414546042039727,414546042039607
12,28173,GET,414546042064806,414546042064695
12,38922,GET,414546042081304,414546042080462
12,28943,GET,414546042082847,414546042081895
12,34564,GET,414546042089132,414546042090816
12,27403,GET,414546042096108,414546042095968
12,28681,GET,414546042099667,414546042099446
12,34561,GET,414546042101070,414546042101571
12,29964,GET,414546042106713,414546042107856
12,26382,GET,414546042116496,414546042117839
12,36356,GET,414546042119873,414546042120104
12,29703,GET,414546042121818,414546042121748
12,36097,GET,414546042129917,414546042128864
12,27406,GET,414546042131571,414546042130428
12,43786,GET,414546042152529,414546042150885
12,30727,GET,414546042172175,414546042172917
12,37889,GET,414546042181376,414546042180835
12,35336,GET,414546042194868,414546042195499
12,32263,GET,414546042197343,414546042197253
12,37120,GET,414546042198446,414546042199358
12,35596,GET,414546042200842,414546042199799
12,33283,GET,414546042202084,414546042201854
12,36101,GET,414546042206565,414546042206625
12,34829,GET,414546042208970,414546042208720
12,34818,GET,414546042220858,414546042221309
12,35337,GET,414546042238379,414546042238098
12,36866,GET,414546042249023,414546042249675
12,39180,GET,414546042258395,414546042259317
12,33803,GET,414546042262184,414546042261893
12,42240,GET,414546042273891,414546042273119
12,39432,GET,414546042277490,414546042277069
12,52234,GET,414546042287503,414546042287984
12,35595,GET,414546042290881,414546042290650
12,53002,GET,414546042300744,414546042300663
12,49156,GET,414546042302548,414546042302397
12,36878,GET,414546042304592,414546042304673
12,41741,GET,414546042306627,414546042307098
12,43776,GET,414546042308662,414546042309694
12,41730,GET,414546042311509,414546042311408
12,40454,GET,414546042312661,414546042313353
12,50436,GET,414546042315137,414546042315498
12,54282,GET,414546042317041,414546042316941
12,45825,GET,414546042320149,414546042320229
12,50692,GET,414546042321381,414546042324028
12,42246,GET,414546042330322,414546042328889
12,42509,GET,414546042334702,414546042334211
12,42765,GET,414546042338010,414546042338200
12,43277,GET,414546042345678,414546042344465
12,42503,GET,414546042349527,414546042349417
12,47873,GET,414546042352424,414546042352905
12,46336,GET,414546042354308,414546042354077
12,44038,GET,414546042356944,414546042356403
12,38411,GET,414546042361896,414546042362477
12,47368,GET,414546042367188,414546042366586
12,41993,GET,414546042369142,414546042369644
12,42249,GET,414546042371307,414546042372270
12,46092,GET,414546042374715,414546042374805
12,53764,GET,414546042376650,414546042377271
12,44045,GET,414546042381641,414546042381120
12,44551,GET,414546042383836,414546042383295
12,58378,GET,414546042385641,414546042385801
12,48896,GET,414546042387194,414546042387114
12,43534,GET,414546042389951,414546042389850
12,39691,GET,414546042391945,414546042391314
12,55556,GET,414546042393008,414546042392306
12,45826,GET,414546042395363,414546042395634
12,45575,GET,414546042398541,414546042398501
12,60426,GET,414546042399874,414546042399473
12,46597,GET,414546042401427,414546042400806
12,49664,GET,414546042408043,414546042406579
12,45325,GET,414546042411982,414546042410959
12,47367,GET,414546042414267,414546042414838
12,45571,GET,414546042416703,414546042416202
12,45070,GET,414546042426866,414546042426596
12,46349,GET,414546042443475,414546042443385
12,49410,GET,414546042454972,414546042455663
12,46089,GET,414546042457658,414546042457608
12,54785,GET,414546042462780,414546042462960
12,52236,GET,414546042466308,414546042466248
12,55297,GET,414546042468914,414546042468313
12,43787,GET,414546042472071,414546042472342
12,48141,GET,414546042480952,414546042480842
12,62474,GET,414546042482776,414546042482195
12,51463,GET,414546042484570,414546042484941
12,60164,GET,414546042487026,414546042487708
12,49667,GET,414546042488961,414546042488630
12,54028,GET,414546042490785,414546042490845
12,45323,GET,414546042493611,414546042493080
12,62986,GET,414546042494634,414546042494153
12,51973,GET,414546042495837,414546042495556
12,61188,GET,414546042497180,414546042496849
12,63498,GET,414546042501881,414546042501760
12,52485,GET,414546042503514,414546042502803
12,57089,GET,414546042505930,414546042502131
12,50438,GET,414546042508927,414546042510731
12,55552,GET,414546042515823,414546042515262
12,54279,GET,414546042517567,414546042517076
12,55047,GET,414546042525465,414546042525495
12,52751,GET,414546042526538,414546042526768
12,55816,GET,414546042531850,414546042531329
12,52227,GET,414546042539097,414546042540149
12,52742,GET,414546042548469,414546042548830
12,51469,GET,414546042551516,414546042551406
12,54021,GET,414546042553100,414546042552077
12,58636,GET,414546042560326,414546042560316
12,59404,GET,414546042570480,414546042569137
12,58376,GET,414546042573567,414546042572705
12,59399,GET,414546042582718,414546042582167
12,54790,GET,414546042585044,414546042584122
12,52235,GET,414546042595428,414546042593844
12,56325,GET,414546042596480,414546042595899
12,60168,GET,414546042597643,414546042597653
12,59911,GET,414546042599427,414546042599397
12,56581,GET,414546042600429,414546042600620
12,56067,GET,414546042602494,414546042603086
12,60680,GET,414546042605792,414546042605732
12,62209,GET,414546042608007,414546042608869
13,269,PUT,414546041265319,414546041265269
13,525,PUT,414546041266532,414546041266442
13,781,PUT,414546041266943,414546041267233
13,1037,PUT,414546041267564,414546041267765
13,1293,PUT,414546041267905,414546041268005
13,1549,PUT,414546041268156,414546041268256
13,1805,PUT,414546041268406,414546041268506
13,2061,PUT,414546041268797,414546041268907
13,2317,PUT,414546041269058,414546041269168
13,2573,PUT,414546041269308,414546041269419
13,2829,PUT,414546041269559,414546041269659
13,3085,PUT,414546041269809,414546041269920
13,3341,PUT,414546041270060,414546041270170
13,3597,PUT,414546041270311,414546041270421
13,3853,PUT,414546041270561,414546041270671
13,4109,PUT,414546041270972,414546041271072
13,4365,PUT,414546041271223,414546041271333
13,4621,PUT,414546041271473,414546041271584
13,4877,PUT,414546041271724,414546041271834
13,5133,PUT,414546041271974,414546041272085
13,5389,PUT,414546041272225,414546041272335
13,5645,PUT,414546041272476,414546041272586
13,5901,PUT,414546041272726,414546041272836
13,6157,PUT,414546041273117,414546041273227
13,6413,PUT,414546041273378,414546041273488
13,6669,PUT,414546041273628,414546041273739
13,6925,PUT,414546041273879,414546041273979
13,7181,PUT,414546041274129,414546041274240
13,7437,PUT,414546041274380,414546041274490
13,7693,PUT,414546041274631,414546041274741
13,7949,PUT,414546041274881,414546041274991
13,8205,PUT,414546041275282,414546041275392
13,8461,PUT,414546041275543,414546041275653
13,8717,PUT,414546041275793,414546041275894
13,8973,PUT,414546041276044,414546041276144
13,9229,PUT,414546041276294,414546041276405
13,9485,PUT,414546041276545,414546041276655
13,9741,PUT,414546041276796,414546041276906
13,9997,PUT,414546041277046,414546041277156
13,10253,PUT,414546041277437,414546041277547
13,10509,PUT,414546041277698,414546041277798
13,10765,PUT,414546041277948,414546041278049
13,11021,PUT,414546041278199,414546041278299
13,11277,PUT,414546041278449,414546041278560
13,11533,PUT,414546041278700,414546041278810
13,11789,PUT,414546041278951,414546041279061
13,12045,PUT,414546041279201,414546041279311
13,12301,PUT,414546041279612,414546041279712
13,12557,PUT,414546041279863,414546041279973
13,12813,PUT,414546041280113,414546041280224
13,13069,PUT,414546041280364,414546041280474
13,13325,PUT,414546041280615,414546041280725
13,13581,PUT,414546041280865,414546041280975
13,13837,PUT,414546041281116,414546041281226
13,14093,PUT,414546041281366,414546041281477
13,14349,PUT,414546041281767,414546041281877
13,14605,PUT,414546041282018,414546041282128
13,14861,PUT,414546041282268,414546041282379
13,15117,PUT,414546041282519,414546041282629
13,15373,PUT,414546041282770,414546041282880
13,15629,PUT,414546041283020,414546041283130
13,15885,PUT,414546041283271,414546041283381
13,16141,PUT,414546041283521,414546041283632
13,16397,PUT,414546041283922,414546041284022
13,16653,PUT,414546041570828,414546041571129
13,16909,PUT,414546041574487,414546041574637
13,17165,PUT,414546041575870,414546041575950
13,17421,PUT,414546041577053,414546041577354
13,17677,PUT,414546041578366,414546041578737
13,17933,PUT,414546041580050,414546041580661
13,18189,PUT,414546041582215,414546041582526
13,18445,PUT,414546041590725,414546041591035
13,18701,PUT,414546041594193,414546041593040
13,18957,PUT,414546041597841,414546041597971
13,19213,PUT,414546041600517,414546041600828
13,19469,PUT,414546041602482,414546041600247
13,19725,PUT,414546041608476,414546041608646
13,19981,PUT,414546041610050,414546041609318
13,20237,PUT,414546041614430,414546041613999
13,20493,PUT,414546041621225,414546041621546
13,20749,PUT,414546041628643,414546041627300
13,21005,PUT,414546041637614,414546041637904
13,21261,PUT,414546041642956,414546041643427
13,21517,PUT,414546041644459,414546041644720
13,21773,PUT,414546041645362,414546041646484
13,22029,PUT,414546041647086,414546041647366
13,22285,PUT,414546041648549,414546041648880
13,22541,PUT,414546041649892,414546041649431
13,22797,PUT,414546041654022,414546041654312
13,23053,PUT,414546041656467,414546041656107
13,23309,PUT,414546041658061,414546041658472
13,23565,PUT,414546041659474,414546041659815
13,23821,PUT,414546041665709,414546041665158
13,24077,PUT,414546041673056,414546041674098
13,24333,PUT,414546041680593,414546041680804
13,24589,PUT,414546041689845,414546041691890
13,24845,PUT,414546041695508,414546041695358
13,25101,PUT,414546041696601,414546041696510
13,25357,PUT,414546041699948,414546041699357
13,25613,PUT,414546041702645,414546041702815
13,25869,PUT,414546041710914,414546041712036
13,26125,PUT,414546041712778,414546041713500
13,26381,PUT,414546041715244,414546041715053
13,26637,PUT,414546041716767,414546041717068
13,26893,PUT,414546041723924,414546041723002
13,27149,PUT,414546041727853,414546041726059
13,27405,PUT,414546041731331,414546041730780
13,27661,PUT,414546041731752,414546041731993
13,27917,PUT,414546041741455,414546041741455
13,28173,PUT,414546041743630,414546041742457
13,28429,PUT,414546041749082,414546041750355
13,28685,PUT,414546041758234,414546041759898
13,28941,PUT,414546041761020,414546041761070
13,29197,PUT,414546041762925,414546041761932
13,29453,PUT,414546041764829,414546041764929
13,29709,PUT,414546041776486,414546041776496
13,29965,PUT,414546041777889,414546041778130
13,30221,PUT,414546041779603,414546041779102
13,30477,PUT,414546041782640,414546041783452
13,30733,PUT,414546041784585,414546041784886
13,30989,PUT,414546041793726,414546041794027
13,31245,PUT,414546041795731,414546041796533
13,31501,PUT,414546041798267,414546041798387
13,31757,PUT,414546041800782,414546041800442
13,32013,PUT,414546041802196,414546041802216
13,32269,PUT,414546041807077,414546041806666
13,32525,PUT,414546041808641,414546041806245
13,32781,PUT,414546041838610,414546041838610
13,33037,PUT,414546041839713,414546041840014
13,33293,PUT,414546041843361,414546041842439
13,33549,PUT,414546041844985,414546041843522
13,33805,PUT,414546041849095,414546041849375
13,34061,PUT,414546041855540,414546041855409
13,34317,PUT,414546041862376,414546041860952
13,34573,PUT,414546041877310,414546041876709
13,34829,PUT,414546041879606,414546041879906
13,35085,PUT,414546041886241,414546041886572
13,35341,PUT,414546041887303,414546041887173
13,35597,PUT,414546041891794,414546041892095
13,35853,PUT,414546041893448,414546041893598
13,36109,PUT,414546041894630,414546041894590
13,36365,PUT,414546041903220,414546041902118
13,36621,PUT,414546041905195,414546041904523
13,36877,PUT,414546041906899,414546041907270
13,37133,PUT,414546041912472,414546041912291
13,37389,PUT,414546041915770,414546041916110
13,37645,PUT,414546041916902,414546041916962
13,37901,PUT,414546041922004,414546041922385
13,38157,PUT,414546041923267,414546041923086
13,38413,PUT,414546041925522,414546041925743
13,38669,PUT,414546041931656,414546041931175
13,38925,PUT,414546041932679,414546041933000
13,39181,PUT,414546041941339,414546041941700
13,39437,PUT,414546041944837,414546041943724
13,39693,PUT,414546041945829,414546041944697
13,39949,PUT,414546041948616,414546041948165
13,40205,PUT,414546041950400,414546041950981
13,40461,PUT,414546041953116,414546041954439
13,40717,PUT,414546041962839,414546041963170
13,40973,PUT,414546041967349,414546041967730
13,41229,PUT,414546041969755,414546041969735
13,41485,PUT,414546041972882,414546041971850
13,41741,PUT,414546041981151,414546041981091
13,41997,PUT,414546041992869,414546041994573
13,42253,PUT,414546041996918,414546041996407
13,42509,PUT,414546042024803,414546042025474
13,42765,PUT,414546042027609,414546042026867
13,43021,PUT,414546042029403,414546042029704
13,43277,PUT,414546042035778,414546042037402
13,43533,PUT,414546042042905,414546042044278
13,43789,PUT,414546042065016,414546042062230
13,44045,PUT,414546042079189,414546042079109
13,44301,PUT,414546042088611,414546042089523
13,44557,PUT,414546042096339,414546042096259
13,44813,PUT,414546042104538,414546042104678
13,45069,PUT,414546042111123,414546042111945
13,45325,PUT,414546042113799,414546042114060
13,45581,PUT,414546042118280,414546042116856
13,45837,PUT,414546042124775,414546042124043
13,46093,PUT,414546042144681,414546042144932
13,46349,PUT,414546042147798,414546042147698
13,46605,PUT,414546042152710,414546042152790
13,46861,PUT,414546042155687,414546042153472
13,47117,PUT,414546042162733,414546042162262
13,47373,PUT,414546042167755,414546042167975
13,47629,PUT,414546042171844,414546042169960
13,47885,PUT,414546042173849,414546042173969
13,48141,PUT,414546042179332,414546042179201
13,48397,PUT,414546042185456,414546042185756
13,48653,PUT,414546042196030,414546042196171
13,48909,PUT,414546042197995,414546042198306
13,49165,PUT,414546042205983,414546042206034
13,49421,PUT,414546042213872,414546042214162
13,49677,PUT,414546042219916,414546042219806
13,49933,PUT,414546042221369,414546042222772
13,50189,PUT,414546042229087,414546042229298
13,50445,PUT,414546042232946,414546042232224
13,50701,PUT,414546042236474,414546042235271
13,50957,PUT,414546042238038,414546042237667
13,51213,PUT,414546042242198,414546042242498
13,51469,PUT,414546042246538,414546042246818
13,51725,PUT,414546042248452,414546042248743
13,51981,PUT,414546042253404,414546042252652
13,52237,PUT,414546042257744,414546042257824
13,52493,PUT,414546042261853,414546042261973
13,52749,PUT,414546042264028,414546042263337
13,53005,PUT,414546042265131,414546042265421
13,53261,PUT,414546042268007,414546042267145
13,53517,PUT,414546042270002,414546042270313
13,53773,PUT,414546042276868,414546042277169
13,54029,PUT,414546042279133,414546042279484
13,54285,PUT,414546042282912,414546042282932
13,54541,PUT,414546042289227,414546042289527
13,54797,PUT,414546042292945,414546042293958
13,55053,PUT,414546042296704,414546042296554
13,55309,PUT,414546042298358,414546042297837
13,55565,PUT,414546042299551,414546042299100
13,55821,PUT,414546042306216,414546042305204
13,56077,PUT,414546042312411,414546042312330
13,56333,PUT,414546042324248,414546042323967
13,56589,PUT,414546042332798,414546042331515
13,56845,PUT,414546042338902,414546042339143
13,57101,PUT,414546042344004,414546042343673
13,57357,PUT,414546042345678,414546042345979
13,57613,PUT,414546042352855,414546042352413
13,57869,PUT,414546042355671,414546042355771
13,58125,PUT,414546042358287,414546042359380
13,58381,PUT,414546042360432,414546042360733
13,58637,PUT,414546042361434,414546042360813
13,58893,PUT,414546042367208,414546042367509
13,59149,PUT,414546042370596,414546042371809
13,59405,PUT,414546042372430,414546042372841
13,59661,PUT,414546042376129,414546042377742
13,59917,PUT,414546042380188,414546042380509
13,60173,PUT,414546042383476,414546042383776
13,60429,PUT,414546042392647,414546042392086
13,60685,PUT,414546042393669,414546042393980
13,60941,PUT,414546042396095,414546042394782
13,61197,PUT,414546042406629,414546042404434
13,61453,PUT,414546042408353,414546042409115
13,61709,PUT,414546042410007,414546042410308
13,61965,PUT,414546042416392,414546042415971
13,62221,PUT,414546042420712,414546042420772
13,62477,PUT,414546042441581,414546042441601
13,62733,PUT,414546042443194,414546042443375
13,62989,PUT,414546042450471,414546042449780
13,63245,PUT,414546042455994,414546042455954
13,63501,PUT,414546042466027,414546042466118
13,63757,PUT,414546042468273,414546042467691
13,64013,PUT,414546042471600,414546042469997
13,64269,PUT,414546042472603,414546042472903
13,64525,PUT,414546042487798,414546042488099
13,64781,PUT,414546042488620,414546042488910
13,65037,PUT,414546042497420,414546042498443
13,65293,PUT,414546042505579,414546042505299
13,65549,PUT,414546042508506,414546042509458
13,65805,PUT,414546042511924,414546042508576
13,66061,PUT,414546042513107,414546042513037
13,66317,PUT,414546042514330,414546042514620
13,66573,PUT,414546042515192,414546042515542
13,66829,PUT,414546042518309,414546042518379
13,67085,PUT,414546042531570,414546042531489
13,67341,PUT,414546042534797,414546042535008
13,67597,PUT,414546042536591,414546042536331
13,67853,PUT,414546042537934,414546042537393
13,68109,PUT,414546042547106,414546042547256
13,68365,PUT,414546042553761,414546042554062
13,68621,PUT,414546042558452,414546042558532
13,68877,PUT,414546042559645,414546042560006
13,69133,PUT,414546042575983,414546042575201
13,69389,PUT,414546042584673,414546042584292
13,69645,PUT,414546042593253,414546042594125
13,69901,PUT,414546042596079,414546042595207
13,70157,PUT,414546042597132,414546042596861
13,70413,PUT,414546042598585,414546042598886
13,70669,PUT,414546042601883,414546042601342
13,70925,PUT,414546042602494,414546042604038
13,71181,PUT,414546042607576,414546042608829
13,12548,GET,414546041573064,414546041572623
13,6408,GET,414546041585613,414546041586064
13,9224,GET,414546041587798,414546041586535
13,1035,GET,414546041595997,414546041595907
13,5131,GET,414546041600147,414546041599916
13,6155,GET,414546041601590,414546041601720
13,9739,GET,414546041604948,414546041605028
13,11531,GET,414546041607474,414546041606381
13,4617,GET,414546041618108,414546041618639
13,9225,GET,414546041623270,414546041623350
13,10761,GET,414546041625676,414546041626147
13,15369,GET,414546041631429,414546041631209
13,5132,GET,414546041635569,414546041635338
13,9740,GET,414546041639528,414546041640380
13,3847,GET,414546041651736,414546041652137
13,11783,GET,414546041661188,414546041660487
13,13319,GET,414546041662782,414546041661990
13,2054,GET,414546041668185,414546041666912
13,3078,GET,414546041669598,414546041670109
13,6918,GET,414546041672555,414546041672013
13,9222,GET,414546041675010,414546041675782
13,12806,GET,414546041678468,414546041678599
13,16390,GET,414546041682688,414546041683280
13,2050,GET,414546041685635,414546041684943
13,4866,GET,414546041687770,414546041688381
13,10754,GET,414546041693333,414546041693253
13,14082,GET,414546041698455,414546041697011
13,3075,GET,414546041703908,414546041704359
13,15363,GET,414546041718772,414546041719784
13,2063,GET,414546041722481,414546041721538
13,5391,GET,414546041725407,414546041724646
13,10767,GET,414546041730158,414546041728896
13,14351,GET,414546041733897,414546041733446
13,782,GET,414546041736503,414546041737014
13,10766,GET,414546041746366,414546041746647
13,16142,GET,414546041752791,414546041751899
13,1549,GET,414546041754415,414546041752961
13,2317,GET,414546041755868,414546041755888
13,13581,GET,414546041769219,414546041771835
13,3329,GET,414546041774010,414546041774371
13,10241,GET,414546041781688,414546041780125
13,14337,GET,414546041786559,414546041785818
13,517,GET,414546041789095,414546041788654
13,2053,GET,414546041791230,414546041792313
13,14085,GET,414546041804822,414546041805714
13,2816,GET,414546041811337,414546041810425
13,4352,GET,414546041813682,414546041813382
13,14592,GET,414546041841427,414546041841497
13,19210,GET,414546041847671,414546041847681
13,17156,GET,414546041851951,414546041852152
13,17668,GET,414546041854086,414546041853695
13,19460,GET,414546041857925,414546041858567
13,21508,GET,414546041865262,414546041866445
13,16642,GET,414546041868199,414546041870103
13,17669,GET,414546041872058,414546041872459
13,17411,GET,414546041873652,414546041872569
13,16909,GET,414546041874534,414546041874454
13,17158,GET,414546041881811,414546041880658
13,16654,GET,414546041883545,414546041884347
13,29194,GET,414546041890340,414546041888346
13,17676,GET,414546041896364,414546041896715
13,17673,GET,414546041898680,414546041898900
13,18447,GET,414546041901146,414546041900294
13,18959,GET,414546041904363,414546041903802
13,18184,GET,414546041909024,414546041908763
13,19981,GET,414546041910427,414546041909916
13,23553,GET,414546041918426,414546041918225
13,21765,GET,414546041920410,414546041919819
13,20495,GET,414546041928639,414546041928178
13,20236,GET,414546041929622,414546041928599
13,20742,GET,414546041935676,414546041936648
13,25601,GET,414546041938292,414546041939475
13,23301,GET,414546041943404,414546041943023
13,21516,GET,414546041955642,414546041955973
13,21510,GET,414546041957817,414546041957226
13,24325,GET,414546041960052,414546041959952
13,24581,GET,414546041961917,414546041960894
13,22795,GET,414546041965505,414546041964523
13,22535,GET,414546041972030,414546041971800
13,23308,GET,414546041974456,414546041973925
13,26373,GET,414546041977072,414546041979999
13,23823,GET,414546041982895,414546041982234
13,23563,GET,414546041985020,414546041984259
13,24076,GET,414546041989050,414546041988879
13,27649,GET,414546041990252,414546041991175
13,21262,GET,414546041998812,414546041998792
13,25090,GET,414546042019260,414546042019250
13,24583,GET,414546042020884,414546042020563
13,27653,GET,414546042022046,414546042022217
13,23558,GET,414546042026567,414546042026677
13,25607,GET,414546042031258,414546042031799
13,24326,GET,414546042034595,414546042033733
13,26637,GET,414546042039517,414546042039607
13,22798,GET,414546042041411,414546042041892
13,32004,GET,414546042046293,414546042045090
13,27149,GET,414546042048187,414546042047255
13,26631,GET,414546042051014,414546042050633
13,31233,GET,414546042052266,414546042053159
13,26121,GET,414546042056897,414546042056797
13,27394,GET,414546042058381,414546042059624
13,24078,GET,414546042061127,414546042061568
13,30208,GET,414546042063663,414546042063944
13,33284,GET,414546042076122,414546042075721
13,30213,GET,414546042081274,414546042080462
13,27401,GET,414546042082807,414546042081895
13,39434,GET,414546042086155,414546042086356
13,28423,GET,414546042092360,414546042094404
13,31749,GET,414546042098173,414546042098754
13,29442,GET,414546042099817,414546042099977
13,28171,GET,414546042102503,414546042103245
13,29708,GET,414546042106683,414546042107856
13,31496,GET,414546042109900,414546042109159
13,26126,GET,414546042115343,414546042114120
13,41482,GET,414546042119904,414546042120104
13,32512,GET,414546042121858,414546042121748
13,32264,GET,414546042129957,414546042128864
13,33792,GET,414546042145744,414546042145272
13,32776,GET,414546042146746,414546042146225
13,30729,GET,414546042149372,414546042150444
13,32781,GET,414546042157310,414546042156489
13,30471,GET,414546042159135,414546042159926
13,41220,GET,414546042163996,414546042163886
13,34565,GET,414546042165961,414546042166552
13,30987,GET,414546042175874,414546042175382
13,35333,GET,414546042181346,414546042180835
13,31499,GET,414546042186969,414546042186498
13,32015,GET,414546042189405,414546042188373
13,32771,GET,414546042192101,414546042193925
13,47114,GET,414546042200250,414546042199659
13,33545,GET,414546042201453,414546042201303
13,33539,GET,414546042202816,414546042201864
13,33795,GET,414546042207537,414546042207497
13,36869,GET,414546042209492,414546042210684
13,36360,GET,414546042212308,414546042212168
13,37381,GET,414546042217600,414546042216668
13,34563,GET,414546042224577,414546042224005
13,34567,GET,414546042226892,414546042227012
13,38149,GET,414546042230951,414546042229869
13,35331,GET,414546042239952,414546042240814
13,36614,GET,414546042250216,414546042250597
13,40192,GET,414546042252000,414546042251389
13,37382,GET,414546042260169,414546042261262
13,39948,GET,414546042267186,414546042267075
13,39949,GET,414546042273931,414546042273119
13,34827,GET,414546042275024,414546042275525
13,39688,GET,414546042281369,414546042281288
13,40716,GET,414546042284977,414546042286089
13,38663,GET,414546042291512,414546042291863
13,43520,GET,414546042301936,414546042301896
13,53258,GET,414546042303029,414546042302969
13,41989,GET,414546042307760,414546042306788
13,39687,GET,414546042310526,414546042310205
13,43016,GET,414546042315107,414546042315498
13,39695,GET,414546042317001,414546042316941
13,40199,GET,414546042320108,414546042320229
13,43013,GET,414546042325711,414546042325932
13,41219,GET,414546042329390,414546042329641
13,42758,GET,414546042334662,414546042334211
13,43276,GET,414546042337970,414546042338200
13,39945,GET,414546042341398,414546042341548
13,41991,GET,414546042346931,414546042345969
13,40457,GET,414546042349126,414546042349016
13,43010,GET,414546042350038,414546042351772
13,43778,GET,414546042354739,414546042354077
13,56074,GET,414546042356984,414546042356403
13,45061,GET,414546042363770,414546042364822
13,57098,GET,414546042369172,414546042369644
13,47616,GET,414546042374745,414546042374805
13,48128,GET,414546042379085,414546042378163
13,58122,GET,414546042381671,414546042381120
13,44546,GET,414546042385049,414546042384889
13,45830,GET,414546042398581,414546042398501
13,45831,GET,414546042399904,414546042399473
13,53249,GET,414546042401467,414546042400806
13,50184,GET,414546042403011,414546042402981
13,56836,GET,414546042412022,414546042410959
13,41227,GET,414546042414237,414546042414838
13,44302,GET,414546042418106,414546042418347
13,47366,GET,414546042422125,414546042422867
13,46351,GET,414546042426906,414546042426596
13,47878,GET,414546042444708,414546042445009
13,46595,GET,414546042452095,414546042453588
13,49671,GET,414546042459572,414546042460444
13,51456,GET,414546042462740,414546042462960
13,47875,GET,414546042464764,414546042464654
13,48399,GET,414546042473986,414546042476251
13,50946,GET,414546042479799,414546042479579
13,47630,GET,414546042481974,414546042481263
13,44299,GET,414546042483799,414546042482826
13,49411,GET,414546042486204,414546042486044
13,51202,GET,414546042490815,414546042490845
13,56577,GET,414546042493651,414546042493080
13,48654,GET,414546042494654,414546042494153
13,51975,GET,414546042495867,414546042495556
13,50191,GET,414546042500036,414546042501059
13,49422,GET,414546042502682,414546042502993
13,46859,GET,414546042521777,414546042521446
13,56320,GET,414546042524714,414546042524142
13,51459,GET,414546042526227,414546042526007
13,56576,GET,414546042528492,414546042526548
13,55560,GET,414546042530437,414546042529936
13,50189,GET,414546042532592,414546042532933
13,54018,GET,414546042539127,414546042540149
13,56327,GET,414546042542425,414546042541523
13,51470,GET,414546042545041,414546042544630
13,48907,GET,414546042548509,414546042548830
13,58124,GET,414546042551476,414546042551406
13,64004,GET,414546042553059,414546042552077
13,57096,GET,414546042555505,414546042554673
13,49675,GET,414546042557299,414546042556608
13,54799,GET,414546042563203,414546042560316
13,52750,GET,414546042566801,414546042567693
13,55311,GET,414546042569037,414546042569728
13,54019,GET,414546042572304,414546042572495
13,56066,GET,414546042574128,414546042574670
13,54787,GET,414546042577917,414546042579872
13,52745,GET,414546042582688,414546042582167
13,59656,GET,414546042585856,414546042585946
13,61196,GET,414546042587940,414546042587419
13,61452,GET,414546042589594,414546042588672
13,57103,GET,414546042591178,414546042592291
13,55302,GET,414546042595398,414546042593844
13,57359,GET,414546042600018,414546042599888
13,61953,GET,414546042605812,414546042605732
14,270,PUT,414546041244471,414546041244831
14,526,PUT,414546041245182,414546041245333
14,782,PUT,414546041245523,414546041245663
14,1038,PUT,414546041245864,414546041246014
14,1294,PUT,414546041246225,414546041246385
14,1550,PUT,414546041246575,414546041246716
14,1806,PUT,414546041246896,414546041247027
14,2062,PUT,414546041247327,414546041247447
14,2318,PUT,414546041247618,414546041247768
14,2574,PUT,414546041247969,414546041248089
14,2830,PUT,414546041248269,414546041248390
14,3086,PUT,414546041248570,414546041248720
14,3342,PUT,414546041248911,414546041249041
14,3598,PUT,414546041249232,414546041249362
14,3854,PUT,414546041249532,414546041249673
14,4110,PUT,414546041250013,414546041250154
14,4366,PUT,414546041250304,414546041250444
14,4622,PUT,414546041250605,414546041250745
14,4878,PUT,414546041250936,414546041251076
14,5134,PUT,414546041251266,414546041251417
14,5390,PUT,414546041251597,414546041251727
14,5646,PUT,414546041251918,414546041252128
14,5902,PUT,414546041252299,414546041252449
14,6158,PUT,414546041252770,414546041252930
14,6414,PUT,414546041253101,414546041253221
14,6670,PUT,414546041253421,414546041253562
14,6926,PUT,414546041253742,414546041253882
14,7182,PUT,414546041254063,414546041254213
14,7438,PUT,414546041254394,414546041254534
14,7694,PUT,414546041254694,414546041255005
14,7950,PUT,414546041255286,414546041255506
14,8206,PUT,414546041255847,414546041255967
14,8462,PUT,414546041256128,414546041256258
14,8718,PUT,414546041256428,414546041256559
14,8974,PUT,414546041256749,414546041256889
14,9230,PUT,414546041257080,414546041257220
14,9486,PUT,414546041257411,414546041257561
14,9742,PUT,414546041257741,414546041257882
14,9998,PUT,414546041258042,414546041258182
14,10254,PUT,414546041258513,414546041258643
14,10510,PUT,414546041258844,414546041258974
14,10766,PUT,414546041259185,414546041259305
14,11022,PUT,414546041259526,414546041259666
14,11278,PUT,414546041259846,414546041259997
14,11534,PUT,414546041260167,414546041260307
14,11790,PUT,414546041260478,414546041260608
14,12046,PUT,414546041260788,414546041261029
14,12302,PUT,414546041261330,414546041261450
14,12558,PUT,414546041261590,414546041261701
14,12814,PUT,414546041261841,414546041261951
14,13070,PUT,414546041262092,414546041262202
14,13326,PUT,414546041262342,414546041262452
14,13582,PUT,414546041262593,414546041262703
14,13838,PUT,414546041262843,414546041262954
14,14094,PUT,414546041263094,414546041263204
14,14350,PUT,414546041263495,414546041263595
14,14606,PUT,414546041263745,414546041263856
14,14862,PUT,414546041263996,414546041264106
14,15118,PUT,414546041264247,414546041264357
14,15374,PUT,414546041264647,414546041264758
14,15630,PUT,414546041264808,414546041265078
14,15886,PUT,414546041265319,414546041265610
14,16142,PUT,414546041266021,414546041266271
14,16398,PUT,414546041266943,414546041266833
14,16654,PUT,414546041582866,414546041582526
14,16910,PUT,414546041584631,414546041584771
14,17166,PUT,414546041589261,414546041589341
14,17422,PUT,414546041601760,414546041602061
14,17678,PUT,414546041605299,414546041605288
14,17934,PUT,414546041610050,414546041610240
14,18190,PUT,414546041611693,414546041611413
14,18446,PUT,414546041613638,414546041614520
14,18702,PUT,414546041619762,414546041620394
14,18958,PUT,414546041621847,414546041622188
14,19214,PUT,414546041640039,414546041640801
14,19470,PUT,414546041641603,414546041641843
14,19726,PUT,414546041644459,414546041644720
14,19982,PUT,414546041657790,414546041658101
14,20238,PUT,414546041661589,414546041660727
14,20494,PUT,414546041668195,414546041669949
14,20750,PUT,414546041674680,414546041674810
14,21006,PUT,414546041692321,414546041692250
14,21262,PUT,414546041695007,414546041695358
14,21518,PUT,414546041696160,414546041696631
14,21774,PUT,414546041703366,414546041702204
14,22030,PUT,414546041705802,414546041704970
14,22286,PUT,414546041706965,414546041707646
14,22542,PUT,414546041709440,414546041709591
14,22798,PUT,414546041722420,414546041724946
14,23054,PUT,414546041727121,414546041726530
14,23310,PUT,414546041728865,414546041730339
14,23566,PUT,414546041735030,414546041735451
14,23822,PUT,414546041739741,414546041739841
14,24078,PUT,414546041740563,414546041740833
14,24334,PUT,414546041742387,414546041741745
14,24590,PUT,414546041762925,414546041761932
14,24846,PUT,414546041764829,414546041764929
14,25102,PUT,414546041767666,414546041767836
14,25358,PUT,414546041769349,414546041768868
14,25614,PUT,414546041777238,414546041778130
14,25870,PUT,414546041783773,414546041784886
14,26126,PUT,414546041788404,414546041788143
14,26382,PUT,414546041789707,414546041789767
14,26638,PUT,414546041794037,414546041794027
14,26894,PUT,414546041799068,414546041798547
14,27150,PUT,414546041803218,414546041803529
14,27406,PUT,414546041806335,414546041805353
14,27662,PUT,414546041837949,414546041838360
14,27918,PUT,414546041842209,414546041842279
14,28174,PUT,414546041844985,414546041846048
14,28430,PUT,414546041850919,414546041850819
14,28686,PUT,414546041852583,414546041853826
14,28942,PUT,414546041859529,414546041860662
14,29198,PUT,414546041862376,414546041860952
14,29454,PUT,414546041864370,414546041864671
14,29710,PUT,414546041867397,414546041867187
14,29966,PUT,414546041868470,414546041868359
14,30222,PUT,414546041869773,414546041869632
14,30478,PUT,414546041874965,414546041874945
14,30734,PUT,414546041877892,414546041878202
14,30990,PUT,414546041884667,414546041884978
14,31246,PUT,414546041890521,414546041890371
14,31502,PUT,414546041896284,414546041894981
14,31758,PUT,414546041898900,414546041899001
14,32014,PUT,414546041906899,414546041907270
14,32270,PUT,414546041908914,414546041909224
14,32526,PUT,414546041911018,414546041910648
14,32782,PUT,414546041913755,414546041914076
14,33038,PUT,414546041914897,414546041914637
14,33294,PUT,414546041922966,414546041924259
14,33550,PUT,414546041925893,414546041925743
14,33806,PUT,414546041926745,414546041927056
14,34062,PUT,414546041933360,414546041933481
14,34318,PUT,414546041936107,414546041936267
14,34574,PUT,414546041938011,414546041936407
14,34830,PUT,414546041950931,414546041952074
14,35086,PUT,414546041954489,414546041954439
14,35342,PUT,414546041959271,414546041959571
14,35598,PUT,414546041960904,414546041960243
14,35854,PUT,414546041966377,414546041965465
14,36110,PUT,414546041970787,414546041969735
14,36366,PUT,414546041972652,414546041971850
14,36622,PUT,414546041975879,414546041976741
14,36878,PUT,414546041980069,414546041979558
14,37134,PUT,414546041981803,414546041981191
14,37390,PUT,414546041983828,414546041983366
14,37646,PUT,414546041984830,414546041985131
14,37902,PUT,414546041986093,414546041986113
14,38158,PUT,414546041989190,414546041987486
14,38414,PUT,414546041993630,414546041992869
14,38670,PUT,414546041994202,414546041994492
14,38926,PUT,414546041996377,414546041996317
14,39182,PUT,414546041997600,414546041997559
14,39438,PUT,414546042023871,414546042023911
14,39694,PUT,414546042025184,414546042026146
14,39950,PUT,414546042030827,414546042031137
14,40206,PUT,414546042032481,414546042031889
14,40462,PUT,414546042037663,414546042037973
14,40718,PUT,414546042042384,414546042041010
14,40974,PUT,414546042046313,414546042045481
14,41230,PUT,414546042047245,414546042047235
14,41486,PUT,414546042049340,414546042049119
14,41742,PUT,414546042050372,414546042050673
14,41998,PUT,414546042054221,414546042052838
14,42254,PUT,414546042060937,414546042059383
14,42510,PUT,414546042065016,414546042062230
14,42766,PUT,414546042066119,414546042064244
14,43022,PUT,414546042082847,414546042083048
14,43278,PUT,414546042088611,414546042088671
14,43534,PUT,414546042090164,414546042090365
14,43790,PUT,414546042092901,414546042093282
14,44046,PUT,414546042104538,414546042104678
14,44302,PUT,414546042121758,414546042123111
14,44558,PUT,414546042127551,414546042127481
14,44814,PUT,414546042143478,414546042143749
14,45070,PUT,414546042144681,414546042144932
14,45326,PUT,414546042149312,414546042149302
14,45582,PUT,414546042153291,414546042150344
14,45838,PUT,414546042159445,414546042159265
14,46094,PUT,414546042162232,414546042162142
14,46350,PUT,414546042165048,414546042165099
14,46606,PUT,414546042167294,414546042168587
14,46862,PUT,414546042172405,414546042173207
14,47118,PUT,414546042176034,414546042176295
14,47374,PUT,414546042176966,414546042177136
14,47630,PUT,414546042179332,414546042179201
14,47886,PUT,414546042184794,414546042184484
14,48142,PUT,414546042186979,414546042186548
14,48398,PUT,414546042190407,414546042191119
14,48654,PUT,414546042192181,414546042192011
14,48910,PUT,414546042193915,414546042194056
14,49166,PUT,414546042195519,414546042194888
14,49422,PUT,414546042199779,414546042201273
14,49678,PUT,414546042205422,414546042206034
14,49934,PUT,414546042219475,414546042219806
14,50190,PUT,414546042221369,414546042221570
14,50446,PUT,414546042223073,414546042222682
14,50702,PUT,414546042227102,414546042227774
14,50958,PUT,414546042229087,414546042229298
14,51214,PUT,414546042236885,414546042237256
14,51470,PUT,414546042238940,414546042238770
14,51726,PUT,414546042249013,414546042248743
14,51982,PUT,414546042251008,414546042250447
14,52238,PUT,414546042252281,414546042252271
14,52494,PUT,414546042257132,414546042257202
14,52750,PUT,414546042260650,414546042260981
14,53006,PUT,414546042264620,414546042264419
14,53262,PUT,414546042268007,414546042267145
14,53518,PUT,414546042273400,414546042274753
14,53774,PUT,414546042276868,414546042277169
14,54030,PUT,414546042278442,414546042278161
14,54286,PUT,414546042280055,414546042280687
14,54542,PUT,414546042281890,414546042282281
14,54798,PUT,414546042282912,414546042283353
14,55054,PUT,414546042285378,414546042284907
14,55310,PUT,414546042286420,414546042286089
14,55566,PUT,414546042287974,414546042287312
14,55822,PUT,414546042293617,414546042293286
14,56078,PUT,414546042297476,414546042297837
14,56334,PUT,414546042307950,414546042308331
14,56590,PUT,414546042309043,414546042309434
14,56846,PUT,414546042313062,414546042313363
14,57102,PUT,414546042313894,414546042314054
14,57358,PUT,414546042314576,414546042314676
14,57614,PUT,414546042317132,414546042316189
14,57870,PUT,414546042321642,414546042320179
14,58126,PUT,414546042330653,414546042330974
14,58382,PUT,414546042332507,414546042333139
14,58638,PUT,414546042334763,414546042336537
14,58894,PUT,414546042338902,414546042339143
14,59150,PUT,414546042341638,414546042341468
14,59406,PUT,414546042345117,414546042344956
14,59662,PUT,414546042348484,414546042348023
14,59918,PUT,414546042350940,414546042349286
14,60174,PUT,414546042361434,414546042360813
14,60430,PUT,414546042363269,414546042363630
14,60686,PUT,414546042375216,414546042374896
14,60942,PUT,414546042379146,414546042378073
14,61198,PUT,414546042381120,414546042381481
14,61454,PUT,414546042383476,414546042383776
14,61710,PUT,414546042386001,414546042385901
14,61966,PUT,414546042400525,414546042400826
14,62222,PUT,414546042403492,414546042403612
14,62478,PUT,414546042408905,414546042409215
14,62734,PUT,414546042414267,414546042415129
14,62990,PUT,414546042421273,414546042423629
14,63246,PUT,414546042424601,414546042424411
14,63502,PUT,414546042440418,414546042440588
14,63758,PUT,414546042446081,414546042446402
14,64014,PUT,414546042448236,414546042447234
14,64270,PUT,414546042450722,414546042450822
14,64526,PUT,414546042451303,414546042451423
14,64782,PUT,414546042453619,414546042452907
14,65038,PUT,414546042455994,414546042455954
14,65294,PUT,414546042467721,414546042466438
14,65550,PUT,414546042469966,414546042469475
14,65806,PUT,414546042471400,414546042469997
14,66062,PUT,414546042474136,414546042474477
14,66318,PUT,414546042483688,414546042483137
14,66574,PUT,414546042485021,414546042485182
14,66830,PUT,414546042486465,414546042486655
14,67086,PUT,414546042487798,414546042488099
14,67342,PUT,414546042493120,414546042492800
14,67598,PUT,414546042494744,414546042494012
14,67854,PUT,414546042496057,414546042496358
14,68110,PUT,414546042504346,414546042504627
14,68366,PUT,414546042508506,414546042508877
14,68622,PUT,414546042513327,414546042513037
14,68878,PUT,414546042515192,414546042515542
14,69134,PUT,414546042518720,414546042519010
14,69390,PUT,414546042521857,414546042521586
14,69646,PUT,414546042524172,414546042524182
14,69902,PUT,414546042525004,414546042525235
14,70158,PUT,414546042527911,414546042527440
14,70414,PUT,414546042529435,414546042530457
14,70670,PUT,414546042532061,414546042532191
14,70926,PUT,414546042540170,414546042538325
14,71182,PUT,414546042541853,414546042543427
14,71438,PUT,414546042544339,414546042544259
14,71694,PUT,414546042549451,414546042549752
14,71950,PUT,414546042550564,414546042550554
14,72206,PUT,414546042558452,414546042557871
14,72462,PUT,414546042563273,414546042563995
14,72718,PUT,414546042569347,414546042567453
14,72974,PUT,414546042583330,414546042583590
14,73230,PUT,414546042586958,414546042587119
14,73486,PUT,414546042589284,414546042589133
14,73742,PUT,414546042597653,414546042596861
14,73998,PUT,414546042605120,414546042605451
14,7432,GET,414546041586144,414546041585362
14,8200,GET,414546041587447,414546041587327
14,12296,GET,414546041591065,414546041591376
14,14600,GET,414546041593110,414546041591757
14,16136,GET,414546041594914,414546041594975
14,2315,GET,414546041597240,414546041596628
14,3339,GET,414546041599124,414546041600507
14,8715,GET,414546041603534,414546041602552
14,12299,GET,414546041608887,414546041608676
14,3849,GET,414546041617397,414546041616855
14,8969,GET,414546041623180,414546041620805
14,12297,GET,414546041626869,414546041627831
14,780,GET,414546041630236,414546041629134
14,2316,GET,414546041633233,414546041634025
14,4620,GET,414546041635138,414546041636491
14,16140,GET,414546041647015,414546041646915
14,3335,GET,414546041651235,414546041651576
14,5383,GET,414546041653811,414546041655004
14,10759,GET,414546041659585,414546041659855
14,14343,GET,414546041663484,414546041661990
14,15111,GET,414546041665238,414546041665117
14,5382,GET,414546041671242,414546041670400
14,7430,GET,414546041672875,414546041672464
14,11526,GET,414546041677175,414546041678599
14,13574,GET,414546041679571,414546041679641
14,15878,GET,414546041681696,414546041680724
14,1282,GET,414546041684733,414546041684783
14,4354,GET,414546041687539,414546041688061
14,6658,GET,414546041689294,414546041688161
14,7938,GET,414546041690717,414546041691178
14,11522,GET,414546041693754,414546041693824
14,1283,GET,414546041698786,414546041697011
14,3587,GET,414546041704389,414546041704298
14,8963,GET,414546041711245,414546041712768
14,11779,GET,414546041714953,414546041716617
14,12303,GET,414546041731752,414546041731311
14,2062,GET,414546041738157,414546041737085
14,9230,GET,414546041745213,414546041745274
14,13070,GET,414546041749102,414546041747579
14,14606,GET,414546041750546,414546041750095
14,781,GET,414546041753473,414546041755888
14,4877,GET,414546041758013,414546041757432
14,5901,GET,414546041759406,414546041758885
14,6413,GET,414546041760308,414546041760329
14,11533,GET,414546041766573,414546041765721
14,16141,GET,414546041770793,414546041770622
14,2561,GET,414546041773359,414546041773218
14,8193,GET,414546041779563,414546041779904
14,10497,GET,414546041782059,414546041782249
14,14593,GET,414546041786680,414546041786539
14,2821,GET,414546041791561,414546041790739
14,3845,GET,414546041792654,414546041793275
14,6661,GET,414546041795520,414546041794899
14,10245,GET,414546041800011,414546041800081
14,1024,GET,414546041809643,414546041810044
14,13824,GET,414546041841136,414546041840635
14,19466,GET,414546041848203,414546041848533
14,19204,GET,414546041856422,414546041855179
14,16896,GET,414546041858537,414546041858567
14,19200,GET,414546041870474,414546041870314
14,22532,GET,414546041872479,414546041871316
14,20481,GET,414546041876408,414546041875937
14,28682,GET,414546041881169,414546041880658
14,17161,GET,414546041883284,414546041882693
14,16651,GET,414546041886061,414546041886101
14,21505,GET,414546041888606,414546041888185
14,18435,GET,414546041892455,414546041892586
14,22273,GET,414546041900634,414546041900183
14,18188,GET,414546041902910,414546041902328
14,18187,GET,414546041904784,414546041903802
14,19215,GET,414546041908302,414546041908322
14,21509,GET,414546041917975,414546041917494
14,24580,GET,414546041919308,414546041920380
14,19464,GET,414546041921563,414546041919538
14,24577,GET,414546041928720,414546041928389
14,22784,GET,414546041930684,414546041930554
14,20232,GET,414546041939424,414546041939434
14,24064,GET,414546041941740,414546041941860
14,19726,GET,414546041943965,414546041943825
14,26372,GET,414546041947092,414546041947393
14,21000,GET,414546041949428,414546041949257
14,21772,GET,414546041956725,414546041957226
14,24837,GET,414546041963571,414546041963480
14,19465,GET,414546041964693,414546041963681
14,25605,GET,414546041968522,414546041968392
14,28676,GET,414546041977603,414546041978054
14,24584,GET,414546041991345,414546041991666
14,22793,GET,414546041999293,414546041999414
14,27909,GET,414546042027329,414546042028491
14,22542,GET,414546042030135,414546042030275
14,26127,GET,414546042036360,414546042035908
14,27405,GET,414546042052417,414546042052728
14,31489,GET,414546042055855,414546042055805
14,28680,GET,414546042057418,414546042057108
14,32516,GET,414546042063462,414546042063342
14,28429,GET,414546042067843,414546042068203
14,30216,GET,414546042069968,414546042069567
14,27395,GET,414546042071972,414546042071110
14,38154,GET,414546042073035,414546042072614
14,28175,GET,414546042074097,414546042074147
14,26889,GET,414546042075320,414546042075861
14,33796,GET,414546042080823,414546042080462
14,28941,GET,414546042084822,414546042084772
14,34308,GET,414546042087298,414546042086416
14,33793,GET,414546042091818,414546042090525
14,35073,GET,414546042106853,414546042108637
14,28683,GET,414546042110251,414546042112697
14,29954,GET,414546042115273,414546042116696
14,30989,GET,414546042118420,414546042118490
14,32256,GET,414546042119763,414546042118961
14,36612,GET,414546042124143,414546042123532
14,36868,GET,414546042125286,414546042126359
14,33541,GET,414546042144320,414546042144070
14,32525,GET,414546042145824,414546042145272
14,42506,GET,414546042146565,414546042146225
14,36609,GET,414546042147778,414546042147688
14,43274,GET,414546042151748,414546042150885
14,29707,GET,414546042155015,414546042155155
14,31746,GET,414546042157060,414546042157551
14,34060,GET,414546042170872,414546042171684
14,35584,GET,414546042180845,414546042179913
14,31751,GET,414546042189836,414546042188373
14,36864,GET,414546042197414,414546042196902
14,35852,GET,414546042202586,414546042203608
14,37376,GET,414546042207617,414546042207497
14,36364,GET,414546042210714,414546042210684
14,30990,GET,414546042213451,414546042213300
14,33295,GET,414546042214193,414546042214493
14,39425,GET,414546042217250,414546042217500
14,31502,GET,414546042225298,414546042224005
14,40193,GET,414546042230581,414546042231493
14,35079,GET,414546042234640,414546042234129
14,35087,GET,414546042240704,414546042239571
14,35343,GET,414546042243150,414546042243090
14,32782,GET,414546042244533,414546042244733
14,35335,GET,414546042245706,414546042247921
14,38157,GET,414546042253835,414546042252872
14,37126,GET,414546042255268,414546042255148
14,40704,GET,414546042256260,414546042256511
14,36615,GET,414546042258826,414546042258977
14,34318,GET,414546042262615,414546042262575
14,36873,GET,414546042265742,414546042264930
14,37891,GET,414546042270223,414546042269571
14,41728,GET,414546042271907,414546042270904
14,41228,GET,414546042289117,414546042289157
14,39171,GET,414546042291662,414546042291883
14,36110,GET,414546042294659,414546042296113
14,52746,GET,414546042300082,414546042300152
14,36107,GET,414546042301756,414546042302177
14,53514,GET,414546042304141,414546042304673
14,39939,GET,414546042311970,414546042312050
14,41222,GET,414546042318445,414546042317863
14,41478,GET,414546042323146,414546042321512
14,41986,GET,414546042325481,414546042325270
14,40963,GET,414546042328127,414546042328187
14,44037,GET,414546042340556,414546042339504
14,55306,GET,414546042343473,414546042342741
14,44293,GET,414546042352203,414546042351181
14,44549,GET,414546042353897,414546042353416
14,41225,GET,414546042356413,414546042356403
14,44044,GET,414546042358838,414546042359089
14,46856,GET,414546042361003,414546042360572
14,38667,GET,414546042364882,414546042364822
14,42255,GET,414546042366566,414546042366586
14,46848,GET,414546042368391,414546042368371
14,49665,GET,414546042370696,414546042370586
14,49921,GET,414546042371809,414546042372270
14,45836,GET,414546042373613,414546042373693
14,39179,GET,414546042376760,414546042377121
14,39435,GET,414546042384759,414546042384338
14,43273,GET,414546042389560,414546042388157
14,44303,GET,414546042402490,414546042402319
14,47109,GET,414546042406960,414546042406168
14,46594,GET,414546042410819,414546042410809
14,45827,GET,414546042419068,414546042419650
14,50944,GET,414546042443826,414546042444106
14,47631,GET,414546042459011,414546042458179
14,49927,GET,414546042461397,414546042462960
14,51968,GET,414546042465286,414546042464764
14,47885,GET,414546042475680,414546042475670
14,47118,GET,414546042477263,414546042477634
14,53260,GET,414546042479158,414546042479218
14,48902,GET,414546042480401,414546042479579
14,49923,GET,414546042490093,414546042490394
14,52487,GET,414546042499625,414546042497089
14,48393,GET,414546042501460,414546042501760
14,63754,GET,414546042505740,414546042506972
14,61700,GET,414546042509919,414546042509759
14,54792,GET,414546042512154,414546042511152
14,50950,GET,414546042516885,414546042516444
14,62212,GET,414546042520494,414546042520233
14,58881,GET,414546042533434,414546042533684
14,53253,GET,414546042537102,414546042536481
14,54530,GET,414546042546224,414546042547597
14,53254,GET,414546042553420,414546042552077
14,57607,GET,414546042554282,414546042553771
14,64260,GET,414546042555425,414546042554673
14,59905,GET,414546042560086,414546042560517
14,60161,GET,414546042561228,414546042560868
14,50187,GET,414546042564987,414546042564596
14,58119,GET,414546042566190,414546042565879
14,51977,GET,414546042570761,414546042572495
14,58375,GET,414546042573868,414546042574670
14,60929,GET,414546042577286,414546042577135
14,67850,GET,414546042579180,414546042579150
14,54789,GET,414546042581365,414546042581576
14,53001,GET,414546042588301,414546042587419
14,57090,GET,414546042592571,414546042593824
14,55814,GET,414546042599808,414546042601502
14,69130,GET,414546042603005,414546042603086
14,58626,GET,414546042608628,414546042608117
15,271,PUT,414546041196900,414546041197742
15,527,PUT,414546041198474,414546041198604
15,783,PUT,414546041198774,414546041198885
15,1039,PUT,414546041199025,414546041199135
15,1295,PUT,414546041199276,414546041199386
15,1551,PUT,414546041199526,414546041199636
15,1807,PUT,414546041199777,414546041199887
15,2063,PUT,414546041200178,414546041200288
15,2319,PUT,414546041200428,414546041200539
15,2575,PUT,414546041200679,414546041200789
15,2831,PUT,414546041200929,414546041201040
15,3087,PUT,414546041201180,414546041201290
15,3343,PUT,414546041201431,414546041201541
15,3599,PUT,414546041201681,414546041201791
15,3855,PUT,414546041201932,414546041202042
15,4111,PUT,414546041202333,414546041202433
15,4367,PUT,414546041202583,414546041202694
15,4623,PUT,414546041202834,414546041202944
15,4879,PUT,414546041203094,414546041203205
15,5135,PUT,414546041203345,414546041203455
15,5391,PUT,414546041203596,414546041203706
15,5647,PUT,414546041203846,414546041203956
15,5903,PUT,414546041204097,414546041204207
15,6159,PUT,414546041204488,414546041204598
15,6415,PUT,414546041204748,414546041204859
15,6671,PUT,414546041204999,414546041205109
15,6927,PUT,414546041205250,414546041205350
15,7183,PUT,414546041205500,414546041205610
15,7439,PUT,414546041205751,414546041205861
15,7695,PUT,414546041206001,414546041206112
15,7951,PUT,414546041206252,414546041206362
15,8207,PUT,414546041206643,414546041206753
15,8463,PUT,414546041206893,414546041207004
15,8719,PUT,414546041207144,414546041207254
15,8975,PUT,414546041207394,414546041207505
15,9231,PUT,414546041207655,414546041207755
15,9487,PUT,414546041207896,414546041208006
15,9743,PUT,414546041208146,414546041208256
15,9999,PUT,414546041208397,414546041208507
15,10255,PUT,414546041208798,414546041208908
15,10511,PUT,414546041209048,414546041209159
15,10767,PUT,414546041209299,414546041209409
15,11023,PUT,414546041209549,414546041209660
15,11279,PUT,414546041209800,414546041209910
15,11535,PUT,414546041210051,414546041210161
15,11791,PUT,414546041210301,414546041210411
15,12047,PUT,414546041210552,414546041210662
15,12303,PUT,414546041210953,414546041211053
15,12559,PUT,414546041211203,414546041211314
15,12815,PUT,414546041211454,414546041211564
15,13071,PUT,414546041211704,414546041211815
15,13327,PUT,414546041211955,414546041212065
15,13583,PUT,414546041212206,414546041212316
15,13839,PUT,414546041212456,414546041212566
15,14095,PUT,414546041212707,414546041212817
15,14351,PUT,414546041213108,414546041213218
15,14607,PUT,414546041213358,414546041213469
15,14863,PUT,414546041213619,414546041213719
15,15119,PUT,414546041213859,414546041213970
15,15375,PUT,414546041214120,414546041214230
15,15631,PUT,414546041214371,414546041214481
15,15887,PUT,414546041214621,414546041214732
15,16143,PUT,414546041214872,414546041214982
15,16399,PUT,414546041215263,414546041215373
15,16655,PUT,414546041580260,414546041580411
15,16911,PUT,414546041584631,414546041584771
15,17167,PUT,414546041585663,414546041584981
15,17423,PUT,414546041589261,414546041589341
15,17679,PUT,414546041594554,414546041593040
15,17935,PUT,414546041596929,414546041596618
15,18191,PUT,414546041598613,414546041599495
15,18447,PUT,414546041600517,414546041600828
15,18703,PUT,414546041601760,414546041601660
15,18959,PUT,414546041605299,414546041605288
15,19215,PUT,414546041608476,414546041608085
15,19471,PUT,414546041611693,414546041611413
15,19727,PUT,414546041619762,414546041620394
15,19983,PUT,414546041621847,414546041622188
15,20239,PUT,414546041622669,414546041623401
15,20495,PUT,414546041626287,414546041626628
15,20751,PUT,414546041627851,414546041627300
15,21007,PUT,414546041632792,414546041632652
15,21263,PUT,414546041637614,414546041637904
15,21519,PUT,414546041646414,414546041645622
15,21775,PUT,414546041647086,414546041649110
15,22031,PUT,414546041652238,414546041652458
15,22287,PUT,414546041653480,414546041653711
15,22543,PUT,414546041658963,414546041659815
15,22799,PUT,414546041662922,414546041662461
15,23055,PUT,414546041663574,414546041664747
15,23311,PUT,414546041672605,414546041672294
15,23567,PUT,414546041679070,414546041679391
15,23823,PUT,414546041680593,414546041680924
15,24079,PUT,414546041684292,414546041684112
15,24335,PUT,414546041688913,414546041688231
15,24591,PUT,414546041689845,414546041689564
15,24847,PUT,414546041692701,414546041692651
15,25103,PUT,414546041694506,414546041694375
15,25359,PUT,414546041698355,414546041698044
15,25615,PUT,414546041705802,414546041704970
15,25871,PUT,414546041706965,414546041707646
15,26127,PUT,414546041714402,414546041715344
15,26383,PUT,414546041717549,414546041717068
15,26639,PUT,414546041722420,414546041724946
15,26895,PUT,414546041727121,414546041726530
15,27151,PUT,414546041737646,414546041737947
15,27407,PUT,414546041740563,414546041740833
15,27663,PUT,414546041745855,414546041746206
15,27919,PUT,414546041750546,414546041751789
15,28175,PUT,414546041752961,414546041754545
15,28431,PUT,414546041756680,414546041756991
15,28687,PUT,414546041758995,414546041758384
15,28943,PUT,414546041759707,414546041760639
15,29199,PUT,414546041764829,414546041764929
15,29455,PUT,414546041780596,414546041781027
15,29711,PUT,414546041786529,414546041786339
15,29967,PUT,414546041789536,414546041789767
15,30223,PUT,414546041806335,414546041805353
15,30479,PUT,414546041808641,414546041806245
15,30735,PUT,414546041811317,414546041811397
15,30991,PUT,414546041837147,414546041837578
15,31247,PUT,414546041838610,414546041838610
15,31503,PUT,414546041844985,414546041846048
15,31759,PUT,414546041850919,414546041850819
15,32015,PUT,414546041862376,414546041860952
15,32271,PUT,414546041868470,414546041868359
15,32527,PUT,414546041873301,414546041874734
15,32783,PUT,414546041876067,414546041876378
15,33039,PUT,414546041884667,414546041884978
15,33295,PUT,414546041885539,414546041885509
15,33551,PUT,414546041886241,414546041887173
15,33807,PUT,414546041888236,414546041888436
15,34063,PUT,414546041890521,414546041890371
15,34319,PUT,414546041891794,414546041892095
15,34575,PUT,414546041893448,414546041893297
15,34831,PUT,414546041896284,414546041894981
15,35087,PUT,414546041908914,414546041909224
15,35343,PUT,414546041912472,414546041912291
15,35599,PUT,414546041918456,414546041918756
15,35855,PUT,414546041920601,414546041919558
15,36111,PUT,414546041925011,414546041923658
15,36367,PUT,414546041925893,414546041925743
15,36623,PUT,414546041928429,414546041928690
15,36879,PUT,414546041934313,414546041934112
15,37135,PUT,414546041941339,414546041941700
15,37391,PUT,414546041952866,414546041952705
15,37647,PUT,414546041954489,414546041954439
15,37903,PUT,414546041959271,414546041959571
15,38159,PUT,414546041966377,414546041965465
15,38415,PUT,414546041975879,414546041976741
15,38671,PUT,414546041977563,414546041978245
15,38927,PUT,414546041980069,414546041979558
15,39183,PUT,414546041986093,414546041986113
15,39439,PUT,414546041989190,414546041987486
15,39695,PUT,414546041990904,414546041991555
15,39951,PUT,414546041994202,414546041994492
15,40207,PUT,414546041997239,414546041997068
15,40463,PUT,414546041998401,414546042000085
15,40719,PUT,414546042023871,414546042023911
15,40975,PUT,414546042030827,414546042031137
15,41231,PUT,414546042032481,414546042031889
15,41487,PUT,414546042044569,414546042043195
15,41743,PUT,414546042054893,414546042055183
15,41999,PUT,414546042058711,414546042058721
15,42255,PUT,414546042062540,414546042062721
15,42511,PUT,414546042066119,414546042066419
15,42767,PUT,414546042067552,414546042067702
15,43023,PUT,414546042069567,414546042069837
15,43279,PUT,414546042074909,414546042075661
15,43535,PUT,414546042079189,414546042079319
15,43791,PUT,414546042088611,414546042088671
15,44047,PUT,414546042102393,414546042102694
15,44303,PUT,414546042104538,414546042104678
15,44559,PUT,414546042106462,414546042108377
15,44815,PUT,414546042109098,414546042112707
15,45071,PUT,414546042119032,414546042118580
15,45327,PUT,414546042121758,414546042121166
15,45583,PUT,414546042126338,414546042125035
15,45839,PUT,414546042127551,414546042127481
15,46095,PUT,414546042133996,414546042143278
15,46351,PUT,414546042144681,414546042144932
15,46607,PUT,414546042147969,414546042147698
15,46863,PUT,414546042150013,414546042150114
15,47119,PUT,414546042150865,414546042151166
15,47375,PUT,414546042158012,414546042157812
15,47631,PUT,414546042162232,414546042162142
15,47887,PUT,414546042167294,414546042168587
15,48143,PUT,414546042170551,414546042171293
15,48399,PUT,414546042172405,414546042173207
15,48655,PUT,414546042176034,414546042176295
15,48911,PUT,414546042182138,414546042183832
15,49167,PUT,414546042184794,414546042184484
15,49423,PUT,414546042189415,414546042189776
15,49679,PUT,414546042192632,414546042192532
15,49935,PUT,414546042193915,414546042194056
15,50191,PUT,414546042197995,414546042198306
15,50447,PUT,414546042199779,414546042201273
15,50703,PUT,414546042202084,414546042202425
15,50959,PUT,414546042203929,414546042204269
15,51215,PUT,414546042205422,414546042206034
15,51471,PUT,414546042207086,414546042207347
15,51727,PUT,414546042208349,414546042208309
15,51983,PUT,414546042210464,414546042210684
15,52239,PUT,414546042219475,414546042219806
15,52495,PUT,414546042221369,414546042221570
15,52751,PUT,414546042223073,414546042222682
15,53007,PUT,414546042229087,414546042229298
15,53263,PUT,414546042234299,414546042234460
15,53519,PUT,414546042236885,414546042237256
15,53775,PUT,414546042242198,414546042242498
15,54031,PUT,414546042245184,414546042246818
15,54287,PUT,414546042251008,414546042250447
15,54543,PUT,414546042252281,414546042252271
15,54799,PUT,414546042254376,414546042253484
15,55055,PUT,414546042257744,414546042258024
15,55311,PUT,414546042263206,414546042263517
15,55567,PUT,414546042264620,414546042264419
15,55823,PUT,414546042268007,414546042267145
15,56079,PUT,414546042273400,414546042274753
15,56335,PUT,414546042276868,414546042277169
15,56591,PUT,414546042278442,414546042278161
15,56847,PUT,414546042282912,414546042283353
15,57103,PUT,414546042285378,414546042284907
15,57359,PUT,414546042296704,414546042296935
15,57615,PUT,414546042306216,414546042305204
15,57871,PUT,414546042311589,414546042310626
15,58127,PUT,414546042313062,414546042313363
15,58383,PUT,414546042317132,414546042316189
15,58639,PUT,414546042321642,414546042320179
15,58895,PUT,414546042323045,414546042323356
15,59151,PUT,414546042327215,414546042326573
15,59407,PUT,414546042328688,414546042328999
15,59663,PUT,414546042337078,414546042337429
15,59919,PUT,414546042340295,414546042340466
15,60175,PUT,414546042341638,414546042341468
15,60431,PUT,414546042345117,414546042344956
15,60687,PUT,414546042346901,414546042347522
15,60943,PUT,414546042358287,414546042358638
15,61199,PUT,414546042359420,414546042359771
15,61455,PUT,414546042361434,414546042360813
15,61711,PUT,414546042367208,414546042367509
15,61967,PUT,414546042372430,414546042372841
15,62223,PUT,414546042376429,414546042376780
15,62479,PUT,414546042378183,414546042377742
15,62735,PUT,414546042383476,414546042383776
15,62991,PUT,414546042400525,414546042400826
15,63247,PUT,414546042418567,414546042417475
15,63503,PUT,414546042424601,414546042424411
15,63759,PUT,414546042443555,414546042444748
15,64015,PUT,414546042446943,414546042446682
15,64271,PUT,414546042450722,414546042450822
15,64527,PUT,414546042463892,414546042463872
15,64783,PUT,414546042465406,414546042464574
15,65039,PUT,414546042467721,414546042466438
15,65295,PUT,414546042471400,414546042469997
15,65551,PUT,414546042474136,414546042474477
15,65807,PUT,414546042478707,414546042478657
15,66063,PUT,414546042480100,414546042480401
15,66319,PUT,414546042485021,414546042485182
15,66575,PUT,414546042486465,414546042486655
15,66831,PUT,414546042490855,414546042489813
15,67087,PUT,414546042493120,414546042492800
15,67343,PUT,414546042494744,414546042494012
15,67599,PUT,414546042497420,414546042498443
15,67855,PUT,414546042499164,414546042499435
15,68111,PUT,414546042510761,414546042510270
15,68367,PUT,414546042511924,414546042508576
15,68623,PUT,414546042513327,414546042513037
15,68879,PUT,414546042515192,414546042515542
15,69135,PUT,414546042521857,414546042521586
15,69391,PUT,414546042525004,414546042525235
15,69647,PUT,414546042537463,414546042539628
15,69903,PUT,414546042554112,414546042554062
15,70159,PUT,414546042554954,414546042555004
15,70415,PUT,414546042556828,414546042558191
15,70671,PUT,414546042563273,414546042563995
15,70927,PUT,414546042573156,414546042573567
15,71183,PUT,414546042579290,414546042579671
15,71439,PUT,414546042583330,414546042583590
15,71695,PUT,414546042586958,414546042587119
15,71951,PUT,414546042597653,414546042596861
15,72207,PUT,414546042598585,414546042598806
15,5128,GET,414546041583598,414546041582997
15,7688,GET,414546041586605,414546041586064
15,9992,GET,414546041588018,414546041587327
15,12040,GET,414546041590995,414546041591376
15,14344,GET,414546041593060,414546041591757
15,8459,GET,414546041603504,414546041602552
15,1033,GET,414546041609879,414546041609468
15,2569,GET,414546041614099,414546041616033
15,15627,GET,414546041617397,414546041616855
15,15113,GET,414546041630256,414546041629134
15,4108,GET,414546041634617,414546041634446
15,11020,GET,414546041640450,414546041641252
15,13836,GET,414546041644229,414546041643818
15,8967,GET,414546041657550,414546041655575
15,11527,GET,414546041660868,414546041660487
15,15367,GET,414546041665599,414546041666180
15,5126,GET,414546041671212,414546041670400
15,9478,GET,414546041675411,414546041675782
15,4098,GET,414546041687499,414546041688061
15,8962,GET,414546041692100,414546041690045
15,12802,GET,414546041696400,414546041695979
15,2819,GET,414546041703757,414546041703717
15,7683,GET,414546041709992,414546041708949
15,11279,GET,414546041730319,414546041730660
15,13583,GET,414546041732865,414546041733446
15,3342,GET,414546041739530,414546041739069
15,6414,GET,414546041742878,414546041743700
15,13326,GET,414546041749133,414546041747579
15,7693,GET,414546041761802,414546041762955
15,11277,GET,414546041766533,414546041765721
15,12813,GET,414546041767716,414546041766994
15,15373,GET,414546041769750,414546041769690
15,1281,GET,414546041772256,414546041772146
15,3073,GET,414546041773930,414546041777077
15,7425,GET,414546041778761,414546041778621
15,10753,GET,414546041782089,414546041782249
15,12545,GET,414546041784064,414546041785998
15,2565,GET,414546041791531,414546041790739
15,3589,GET,414546041792614,414546041793275
15,5893,GET,414546041794348,414546041794247
15,6917,GET,414546041795550,414546041794899
15,8965,GET,414546041798587,414546041797956
15,9989,GET,414546041799981,414546041800081
15,12805,GET,414546041803539,414546041804160
15,14080,GET,414546041841156,414546041840635
15,15360,GET,414546041842630,414546041841627
15,19722,GET,414546041848233,414546041848533
15,22794,GET,414546041852062,414546041852152
15,17409,GET,414546041856392,414546041855179
15,25098,GET,414546041858497,414546041858567
15,17664,GET,414546041859950,414546041859519
15,26634,GET,414546041864811,414546041864390
15,18944,GET,414546041869883,414546041869292
15,22276,GET,414546041870925,414546041871126
15,16648,GET,414546041877330,414546041876679
15,17677,GET,414546041881139,414546041880658
15,18189,GET,414546041883254,414546041882693
15,18178,GET,414546041889148,414546041888346
15,17675,GET,414546041897297,414546041898199
15,18690,GET,414546041900604,414546041900183
15,20992,GET,414546041902880,414546041902328
15,20741,GET,414546041904744,414546041903802
15,18444,GET,414546041907400,414546041906959
15,17929,GET,414546041908332,414546041908322
15,19212,GET,414546041910868,414546041911580
15,21760,GET,414546041914106,414546041914877
15,19971,GET,414546041917945,414546041917494
15,20227,GET,414546041922365,414546041921884
15,24321,GET,414546041927146,414546041926384
15,20751,GET,414546041930063,414546041929832
15,19463,GET,414546041931235,414546041933040
15,25604,GET,414546041936468,414546041937360
15,19975,GET,414546041939394,414546041939434
15,21251,GET,414546041942933,414546041943023
15,21762,GET,414546041945589,414546041945719
15,21004,GET,414546041948175,414546041948125
15,20743,GET,414546041950310,414546041950350
15,21512,GET,414546041956755,414546041957226
15,22531,GET,414546041960523,414546041960944
15,22539,GET,414546041963200,414546041963480
15,22024,GET,414546041964663,414546041963681
15,26881,GET,414546041968482,414546041968392
15,27908,GET,414546041971288,414546041971800
15,20489,GET,414546041982785,414546041983377
15,23816,GET,414546041984579,414546041984289
15,29188,GET,414546041992758,414546041993169
15,21006,GET,414546041995495,414546041996417
15,21774,GET,414546042024783,414546042023520
15,23817,GET,414546042027299,414546042028491
15,29441,GET,414546042030105,414546042030275
15,24582,GET,414546042036319,414546042035908
15,25863,GET,414546042037683,414546042036891
15,36106,GET,414546042041902,414546042041872
15,25859,GET,414546042046684,414546042046393
15,26626,GET,414546042048628,414546042047255
15,30977,GET,414546042051475,414546042051725
15,27660,GET,414546042053590,414546042053970
15,28424,GET,414546042056446,414546042054161
15,28172,GET,414546042064405,414546042064355
15,29445,GET,414546042070930,414546042070880
15,26635,GET,414546042072724,414546042072614
15,28418,GET,414546042073345,414546042073476
15,26891,GET,414546042082196,414546042081214
15,39178,GET,414546042083579,414546042084141
15,33537,GET,414546042086356,414546042085844
15,28422,GET,414546042101240,414546042100960
15,32517,GET,414546042113789,414546042113789
15,30211,GET,414546042117247,414546042117197
15,31501,GET,414546042124113,414546042123532
15,36353,GET,414546042144150,414546042144070
15,30215,GET,414546042144541,414546042144350
15,33036,GET,414546042145864,414546042145272
15,29451,GET,414546042146666,414546042146225
15,39172,GET,414546042153672,414546042154323
15,34048,GET,414546042156408,414546042154995
15,30982,GET,414546042159776,414546042158192
15,31241,GET,414546042164367,414546042164647
15,28430,GET,414546042178119,414546042178359
15,31747,GET,414546042179632,414546042179923
15,38145,GET,414546042187130,414546042187541
15,34824,GET,414546042190868,414546042190548
15,33027,GET,414546042195900,414546042196592
15,34051,GET,414546042211827,414546042212168
15,37888,GET,414546042214032,414546042213872
15,36876,GET,414546042216448,414546042216438
15,37388,GET,414546042218633,414546042218272
15,38656,GET,414546042225268,414546042224005
15,39937,GET,414546042227463,414546042227443
15,40449,GET,414546042230611,414546042231493
15,49418,GET,414546042238750,414546042238098
15,32270,GET,414546042240674,414546042239571
15,41729,GET,414546042243501,414546042243661
15,35599,GET,414546042248592,414546042247921
15,38924,GET,414546042253815,414546042252872
15,36367,GET,414546042256090,414546042255929
15,36359,GET,414546042257032,414546042257142
15,38664,GET,414546042259879,414546042260510
15,36879,GET,414546042261713,414546042260701
15,38146,GET,414546042265782,414546042264930
15,47108,GET,414546042270193,414546042269571
15,43009,GET,414546042271866,414546042270904
15,37647,GET,414546042280306,414546042281288
15,40972,GET,414546042286711,414546042287533
15,39938,GET,414546042289086,414546042289157
15,40194,GET,414546042291622,414546042291883
15,41229,GET,414546042293938,414546042293677
15,36366,GET,414546042298478,414546042299320
15,41480,GET,414546042301124,414546042301094
15,39431,GET,414546042303119,414546042302969
15,53770,GET,414546042308251,414546042308892
15,45057,GET,414546042314536,414546042314465
15,45313,GET,414546042318415,414546042317863
15,40463,GET,414546042325511,414546042325270
15,37131,GET,414546042332507,414546042331766
15,42502,GET,414546042334041,414546042334211
15,43021,GET,414546042339363,414546042338922
15,40201,GET,414546042343443,414546042342741
15,45832,GET,414546042348765,414546042349447
15,42243,GET,414546042351602,414546042350269
15,43533,GET,414546042352965,414546042352945
15,40974,GET,414546042354218,414546042355611
15,41743,GET,414546042361034,414546042360572
15,56586,GET,414546042363660,414546042364161
15,45317,GET,414546042365694,414546042365444
15,49409,GET,414546042368431,414546042368371
15,57354,GET,414546042370726,414546042370586
15,44034,GET,414546042374625,414546042374184
15,43779,GET,414546042380258,414546042381010
15,45829,GET,414546042382523,414546042381702
15,43022,GET,414546042384719,414546042384338
15,54788,GET,414546042385721,414546042385801
15,44291,GET,414546042394371,414546042395634
15,49928,GET,414546042402450,414546042402319
15,44559,GET,414546042404204,414546042405717
15,44297,GET,414546042406990,414546042406168
15,50952,GET,414546042409596,414546042408213
15,46598,GET,414546042410849,414546042410809
15,57348,GET,414546042413074,414546042414297
15,48389,GET,414546042420502,414546042419760
15,46083,GET,414546042427187,414546042426997
15,49159,GET,414546042445800,414546042445009
15,47119,GET,414546042448647,414546042448717
15,46861,GET,414546042451985,414546042452556
15,46851,GET,414546042453498,414546042453017
15,43275,GET,414546042455954,414546042455663
15,50181,GET,414546042458690,414546042458390
15,51468,GET,414546042460615,414546042460444
15,55553,GET,414546042469606,414546042469956
15,51207,GET,414546042475650,414546042475670
15,48655,GET,414546042477233,414546042477634
15,49414,GET,414546042483959,414546042483969
15,53504,GET,414546042488449,414546042488630
15,63242,GET,414546042496207,414546042495556
15,50179,GET,414546042501019,414546042500948
15,50447,GET,414546042502973,414546042503935
15,46091,GET,414546042505709,414546042506972
15,53511,GET,414546042509278,414546042508847
15,64778,GET,414546042516926,414546042516444
15,52482,GET,414546042518740,414546042517938
15,51462,GET,414546042520464,414546042520233
15,49677,GET,414546042523601,414546042523691
15,47627,GET,414546042528172,414546042526548
15,51715,GET,414546042529956,414546042531329
15,53007,GET,414546042533394,414546042533684
15,66058,GET,414546042541563,414546042540139
15,63748,GET,414546042542806,414546042542996
15,52486,GET,414546042544951,414546042544630
15,57088,GET,414546042548960,414546042548689
15,66570,GET,414546042550674,414546042550975
15,50697,GET,414546042553390,414546042552077
15,50953,GET,414546042559284,414546042559103
15,67338,GET,414546042561028,414546042560868
15,60417,GET,414546042565017,414546042564596
15,57856,GET,414546042566220,414546042565879
15,55554,GET,414546042567724,414546042568215
15,54533,GET,414546042570730,414546042572495
15,53517,GET,414546042575612,414546042575201
15,50955,GET,414546042577767,414546042578168
15,58624,GET,414546042581405,414546042581576
15,59655,GET,414546042588261,414546042587419
15,61441,GET,414546042589755,414546042590236
15,66564,GET,414546042592601,414546042593824
15,57602,GET,414546042602394,414546042601863
15,55309,GET,414546042604078,414546042604028
15,53769,GET,414546042606163,414546042607456
