0,256,PUT,357630223709049,357630223709600
0,512,PUT,357630223710623,357630223710853
0,768,PUT,357630223711094,357630223711284
0,1024,PUT,357630223711434,357630223711625
0,1280,PUT,357630223711775,357630223711966
0,1536,PUT,357630223712116,357630223712307
0,1792,PUT,357630223712457,357630223712647
0,2048,PUT,357630223712938,357630223713138
0,2304,PUT,357630223713279,357630223713479
0,2560,PUT,357630223713620,357630223713820
0,2816,PUT,357630223713960,357630223714161
0,3072,PUT,357630223714301,357630223714502
0,3328,PUT,357630223714642,357630223714842
0,3584,PUT,357630223714983,357630223715183
0,3840,PUT,357630223715324,357630223715524
0,4096,PUT,357630223715825,357630223716025
0,4352,PUT,357630223716165,357630223716366
0,4608,PUT,357630223716506,357630223716707
0,4864,PUT,357630223716847,357630223717048
0,5120,PUT,357630223717188,357630223717388
0,5376,PUT,357630223717529,357630223717729
0,5632,PUT,357630223717869,357630223718070
0,5888,PUT,357630223718210,357630223718411
0,6144,PUT,357630223718691,357630223718892
0,6400,PUT,357630223719032,357630223719233
0,6656,PUT,357630223719373,357630223719573
0,6912,PUT,357630223719714,357630223719914
0,7168,PUT,357630223720055,357630223720255
0,7424,PUT,357630223720395,357630223720596
0,7680,PUT,357630223720736,357630223720937
0,7936,PUT,357630223721077,357630223721277
0,8192,PUT,357630223721588,357630223721789
0,8448,PUT,357630223721929,357630223722129
0,8704,PUT,357630223722270,357630223722470
0,8960,PUT,357630223722610,357630223722811
0,9216,PUT,357630223722951,357630223723152
0,9472,PUT,357630223723292,357630223723492
0,9728,PUT,357630223723633,357630223723833
0,9984,PUT,357630223723974,357630223724174
0,10240,PUT,357630223724465,357630223724655
0,10496,PUT,357630223724806,357630223724996
0,10752,PUT,357630223725146,357630223725337
0,11008,PUT,357630223725487,357630223725678
0,11264,PUT,357630223725828,357630223726018
0,11520,PUT,357630223726169,357630223726359
0,11776,PUT,357630223726509,357630223726700
0,12032,PUT,357630223726850,357630223727041
0,12288,PUT,357630223727341,357630223727542
0,12544,PUT,357630223727682,357630223727883
0,12800,PUT,357630223728023,357630223728223
0,13056,PUT,357630223728364,357630223728564
0,13312,PUT,357630223728705,357630223728905
0,13568,PUT,357630223729045,357630223729246
0,13824,PUT,357630223729386,357630223729587
0,14080,PUT,357630223729727,357630223729927
0,14336,PUT,357630223730218,357630223730409
0,14592,PUT,357630223730559,357630223730749
0,14848,PUT,357630223730900,357630223731090
0,15104,PUT,357630223731240,357630223731431
0,15360,PUT,357630223731581,357630223731772
0,15616,PUT,357630223731922,357630223732113
0,15872,PUT,357630223732263,357630223732453
0,16128,PUT,357630223732604,357630223732794
0,16384,PUT,357630223733095,357630223733295
0,16640,PUT,357630223931696,357630223932237
0,16896,PUT,357630223936176,357630223936477
0,17152,PUT,357630223945187,357630223945538
0,17408,PUT,357630223948816,357630223949177
0,17664,PUT,357630223951251,357630223951713
0,17920,PUT,357630223957326,357630223957616
0,18176,PUT,357630223959621,357630223959932
0,18432,PUT,357630223960202,357630223960503
0,18688,PUT,357630223961666,357630223961956
0,18944,PUT,357630223963099,357630223963400
0,19200,PUT,357630223963670,357630223963961
0,19456,PUT,357630223968652,357630223968943
0,19712,PUT,357630223969213,357630223969514
0,19968,PUT,357630223972381,357630223972701
0,20224,PUT,357630223979236,357630223979587
0,20480,PUT,357630223979868,357630223980169
0,20736,PUT,357630223982895,357630223983256
0,20992,PUT,357630223983526,357630223983887
0,21248,PUT,357630223985531,357630223985882
0,21504,PUT,357630223986173,357630223986473
0,21760,PUT,357630223986764,357630223987065
0,22016,PUT,357630223987315,357630223987796
0,22272,PUT,357630223990432,357630223990793
0,22528,PUT,357630223993119,357630223993339
0,22784,PUT,357630223993550,357630223993840
0,23040,PUT,357630223994111,357630223994442
0,23296,PUT,357630223994712,357630223995013
0,23552,PUT,357630223995264,357630223995554
0,23808,PUT,357630223995815,357630223996005
0,24064,PUT,357630223996166,357630223996507
0,24320,PUT,357630223996767,357630223997078
0,24576,PUT,357630223997339,357630223997709
0,24832,PUT,357630223997970,357630223998261
0,25088,PUT,357630224018628,357630224018959
0,25344,PUT,357630224019991,357630224020182
0,25600,PUT,357630224021655,357630224021886
0,25856,PUT,357630224022086,357630224022377
0,26112,PUT,357630224022637,357630224022928
0,26368,PUT,357630224023189,357630224023489
0,26624,PUT,357630224025013,357630224025303
0,26880,PUT,357630224025584,357630224025935
0,27136,PUT,357630224026907,357630224027198
0,27392,PUT,357630224027489,357630224027829
0,27648,PUT,357630224028090,357630224028391
0,27904,PUT,357630224029824,357630224030115
0,28160,PUT,357630224031458,357630224031748
0,28416,PUT,357630224032019,357630224032320
0,28672,PUT,357630224034976,357630224035277
0,28928,PUT,357630224036509,357630224036800
0,29184,PUT,357630224037091,357630224037452
0,29440,PUT,357630224037712,357630224037913
0,29696,PUT,357630224038063,357630224038264
0,29952,PUT,357630224038424,357630224038715
0,30208,PUT,357630224038975,357630224039266
0,30464,PUT,357630224039516,357630224039747
0,30720,PUT,357630224043917,357630224044257
0,30976,PUT,357630224066479,357630224066860
0,31232,PUT,357630224068063,357630224068444
0,31488,PUT,357630224068714,357630224069135
0,31744,PUT,357630224070779,357630224071090
0,32000,PUT,357630224074989,357630224075320
0,32256,PUT,357630224075600,357630224075911
0,32512,PUT,357630224077354,357630224077725
0,32768,PUT,357630224077996,357630224078297
0,33024,PUT,357630224087027,357630224087408
0,33280,PUT,357630224093041,357630224093362
0,33536,PUT,357630224096940,357630224097241
0,33792,PUT,357630224098955,357630224099305
0,34048,PUT,357630224099576,357630224099867
0,34304,PUT,357630224100117,357630224100408
0,34560,PUT,357630224100668,357630224100969
0,34816,PUT,357630224102052,357630224102282
0,35072,PUT,357630224102543,357630224102864
0,35328,PUT,357630224104327,357630224104628
0,35584,PUT,357630224104878,357630224105169
0,35840,PUT,357630224106292,357630224106592
0,36096,PUT,357630224111433,357630224111724
0,36352,PUT,357630224112005,357630224112295
0,36608,PUT,357630224114471,357630224114761
0,36864,PUT,357630224116826,357630224117177
0,37120,PUT,357630224120485,357630224120775
0,37376,PUT,357630224121046,357630224121417
0,37632,PUT,357630224124764,357630224125135
0,37888,PUT,357630224130909,357630224131209
0,38144,PUT,357630224136903,357630224137203
0,38400,PUT,357630224137474,357630224137835
0,38656,PUT,357630224138105,357630224138436
0,38912,PUT,357630224138697,357630224138998
0,39168,PUT,357630224139248,357630224139539
0,39424,PUT,357630224143578,357630224143889
0,39680,PUT,357630224144159,357630224144460
0,39936,PUT,357630224146545,357630224146856
0,40192,PUT,357630224147116,357630224147417
0,40448,PUT,357630224151647,357630224152108
0,40704,PUT,357630224152389,357630224152719
0,40960,PUT,357630224152980,357630224153301
0,41216,PUT,357630224156608,357630224156929
0,41472,PUT,357630224158483,357630224158723
0,41728,PUT,357630224161660,357630224161971
0,41984,PUT,357630224162241,357630224162542
0,42240,PUT,357630224163965,357630224164256
0,42496,PUT,357630224167023,357630224167644
0,42752,PUT,357630224173197,357630224173558
0,43008,PUT,357630224177086,357630224177417
0,43264,PUT,357630224180153,357630224180414
0,43520,PUT,357630224180694,357630224180985
0,43776,PUT,357630224181256,357630224181586
0,44032,PUT,357630224182719,357630224183020
0,44288,PUT,357630224197483,357630224198105
0,44544,PUT,357630224203227,357630224203527
0,44800,PUT,357630224203808,357630224204139
0,45056,PUT,357630224220026,357630224220447
0,45312,PUT,357630224220757,357630224221048
0,45568,PUT,357630224221299,357630224221670
0,45824,PUT,357630224221930,357630224222221
0,46080,PUT,357630224222481,357630224222772
0,46336,PUT,357630224225288,357630224225609
0,46592,PUT,357630224225869,357630224226220
0,46848,PUT,357630224226491,357630224226791
0,47104,PUT,357630224227042,357630224227353
0,47360,PUT,357630224230280,357630224230580
0,47616,PUT,357630224230831,357630224231182
0,47872,PUT,357630224232154,357630224232445
0,48128,PUT,357630224234960,357630224235321
0,48384,PUT,357630224235592,357630224235923
0,48640,PUT,357630224236183,357630224236474
0,48896,PUT,357630224239782,357630224240082
0,49152,PUT,357630224241405,357630224241736
0,49408,PUT,357630224242037,357630224242327
0,49664,PUT,357630224242588,357630224242879
0,49920,PUT,357630224243129,357630224243480
0,50176,PUT,357630224248011,357630224248372
0,50432,PUT,357630224248652,357630224249053
0,50688,PUT,357630224249314,357630224249614
0,50944,PUT,357630224251820,357630224252120
0,51200,PUT,357630224252391,357630224252591
0,51456,PUT,357630224252852,357630224253052
0,51712,PUT,357630224253203,357630224253503
0,51968,PUT,357630224253764,357630224254055
0,52224,PUT,357630224258285,357630224258595
0,52480,PUT,357630224258886,357630224259177
0,52736,PUT,357630224264900,357630224265191
0,52992,PUT,357630224265471,357630224265762
0,53248,PUT,357630224266834,357630224267125
0,53504,PUT,357630224269190,357630224269491
0,53760,PUT,357630224269771,357630224270062
0,54016,PUT,357630224271676,357630224272047
0,54272,PUT,357630224278321,357630224278642
0,54528,PUT,357630224278922,357630224279303
0,54784,PUT,357630224280276,357630224280596
0,55040,PUT,357630224285899,357630224286189
0,55296,PUT,357630224286470,357630224286761
0,55552,PUT,357630224287833,357630224288124
0,55808,PUT,357630224288405,357630224288755
0,56064,PUT,357630224289036,357630224289347
0,56320,PUT,357630224289617,357630224289918
0,56576,PUT,357630224290169,357630224290369
0,56832,PUT,357630224290529,357630224290730
0,57088,PUT,357630224290880,357630224291181
0,57344,PUT,357630224294679,357630224295010
0,57600,PUT,357630224296694,357630224297085
0,57856,PUT,357630224300021,357630224300463
0,58112,PUT,357630224300753,357630224301134
0,58368,PUT,357630224301395,357630224301836
0,58624,PUT,357630224303760,357630224304051
0,58880,PUT,357630224306416,357630224306717
0,59136,PUT,357630224306988,357630224307278
0,59392,PUT,357630224310135,357630224310426
0,59648,PUT,357630224311809,357630224312110
0,59904,PUT,357630224317392,357630224317723
0,60160,PUT,357630224320138,357630224320389
0,60416,PUT,357630224321742,357630224322053
0,60672,PUT,357630224322333,357630224322654
0,60928,PUT,357630224341969,357630224342500
0,61184,PUT,357630224342931,357630224343232
0,61440,PUT,357630224343492,357630224343833
0,61696,PUT,357630224349346,357630224349647
0,61952,PUT,357630224349917,357630224350208
0,62208,PUT,357630224350469,357630224350809
0,62464,PUT,357630224351070,357630224351361
0,62720,PUT,357630224351621,357630224351922
0,62976,PUT,357630224360271,357630224360662
0,63232,PUT,357630224364070,357630224364371
0,63488,PUT,357630224366225,357630224366546
0,63744,PUT,357630224366817,357630224367187
0,64000,PUT,357630224367468,357630224367799
0,64256,PUT,357630224368070,357630224368380
0,64512,PUT,357630224371167,357630224371467
0,64768,PUT,357630224371718,357630224372029
0,65024,PUT,357630224372289,357630224372590
0,65280,PUT,357630224372841,357630224373232
0,65536,PUT,357630224374755,357630224375076
0,65792,PUT,357630224381040,357630224381521
0,66048,PUT,357630224387655,357630224387946
0,66304,PUT,357630224393629,357630224393930
0,66560,PUT,357630224397247,357630224397698
0,66816,PUT,357630224397989,357630224398290
0,67072,PUT,357630224407862,357630224408253
0,67328,PUT,357630224408534,357630224408834
0,67584,PUT,357630224410598,357630224410899
0,67840,PUT,357630224411160,357630224411460
0,68096,PUT,357630224411741,357630224412052
0,68352,PUT,357630224417985,357630224418286
0,68608,PUT,357630224418557,357630224418857
0,68864,PUT,357630224420421,357630224420732
0,69120,PUT,357630224421002,357630224421303
0,69376,PUT,357630224421564,357630224421864
0,69632,PUT,357630224423027,357630224423318
0,69888,PUT,357630224423578,357630224423869
0,70144,PUT,357630224424130,357630224424430
0,70400,PUT,357630224424681,357630224424982
0,70656,PUT,357630224425232,357630224425533
0,70912,PUT,357630224425784,357630224426074
0,71168,PUT,357630224426335,357630224426636
0,71424,PUT,357630224430254,357630224430555
0,71680,PUT,357630224430825,357630224431136
0,71936,PUT,357630224434133,357630224434424
0,72192,PUT,357630224436639,357630224436929
0,72448,PUT,357630224439746,357630224440057
0,72704,PUT,357630224440337,357630224440628
0,72960,PUT,357630224440899,357630224441260
0,73216,PUT,357630224442061,357630224442412
0,73472,PUT,357630224442693,357630224443044
0,73728,PUT,357630224445439,357630224445730
0,73984,PUT,357630224446011,357630224446311
0,74240,PUT,357630224447604,357630224447905
0,74496,PUT,357630224450752,357630224451042
0,74752,PUT,357630224451333,357630224451624
0,75008,PUT,357630224454099,357630224454400
0,75264,PUT,357630224455513,357630224455803
0,75520,PUT,357630224457517,357630224457818
0,75776,PUT,357630224460023,357630224460344
0,76032,PUT,357630224467029,357630224467360
0,76288,PUT,357630224489913,357630224490764
0,76544,PUT,357630224491206,357630224491526
0,76800,PUT,357630224496147,357630224496438
0,77056,PUT,357630224496708,357630224497009
0,77312,PUT,357630224507473,357630224507744
0,77568,PUT,357630224508696,357630224508997
0,77824,PUT,357630224509267,357630224509588
0,78080,PUT,357630224511954,357630224512244
0,78336,PUT,357630224512525,357630224512846
0,78592,PUT,357630224513146,357630224513437
0,78848,PUT,357630224513698,357630224513988
0,79104,PUT,357630224514229,357630224514470
0,79360,PUT,357630224514730,357630224515031
0,79616,PUT,357630224517938,357630224518228
0,79872,PUT,357630224518499,357630224518800
0,80128,PUT,357630224519060,357630224519321
0,80384,PUT,357630224520383,357630224520724
0,80640,PUT,357630224524804,357630224525174
0,80896,PUT,357630224525445,357630224525756
0,81152,PUT,357630224528562,357630224528923
0,81408,PUT,357630224530166,357630224530457
0,81664,PUT,357630224533404,357630224533704
0,81920,PUT,357630224537383,357630224537673
0,82176,PUT,357630224538806,357630224539137
0,82432,PUT,357630224539407,357630224539788
0,82688,PUT,357630224547496,357630224547797
0,82944,PUT,357630224548068,357630224548358
0,83200,PUT,357630224551666,357630224551957
0,83456,PUT,357630224552237,357630224552528
0,83712,PUT,357630224552809,357630224553119
0,83968,PUT,357630224554402,357630224554703
0,84224,PUT,357630224554984,357630224555274
0,84480,PUT,357630224559093,357630224559394
0,84736,PUT,357630224561940,357630224562230
0,84992,PUT,357630224562511,357630224562802
0,85248,PUT,357630224563072,357630224563363
0,85504,PUT,357630224563624,357630224563954
0,85760,PUT,357630224571743,357630224572033
0,86016,PUT,357630224572304,357630224572595
0,86272,PUT,357630224572855,357630224573146
0,86528,PUT,357630224575060,357630224575351
0,86784,PUT,357630224575602,357630224575952
0,87040,PUT,357630224578147,357630224578438
0,87296,PUT,357630224578699,357630224579070
0,87552,PUT,357630224581375,357630224581696
0,87808,PUT,357630224581976,357630224582327
0,88064,PUT,357630224585364,357630224585996
0,88320,PUT,357630224588010,357630224588301
0,88576,PUT,357630224589885,357630224590195
0,88832,PUT,357630224592781,357630224593102
0,89088,PUT,357630224595237,357630224595528
0,89344,PUT,357630224595798,357630224596099
0,89600,PUT,357630224597282,357630224597573
0,89856,PUT,357630224597793,357630224598154
0,90112,PUT,357630224602765,357630224603055
0,90368,PUT,357630224603987,357630224604288
0,90624,PUT,357630224604559,357630224604849
0,90880,PUT,357630224605120,357630224605431
0,91136,PUT,357630224605691,357630224606022
0,91392,PUT,357630224607345,357630224607636
0,91648,PUT,357630224607897,357630224608247
0,91904,PUT,357630224611846,357630224612136
0,92160,PUT,357630224612397,357630224626820
0,92416,PUT,357630224627241,357630224627552
0,92672,PUT,357630224628986,357630224629286
0,92928,PUT,357630224629537,357630224629837
0,93184,PUT,357630224630088,357630224630379
0,93440,PUT,357630224631361,357630224631692
0,93696,PUT,357630224633326,357630224633666
0,93952,PUT,357630224633947,357630224634338
0,94208,PUT,357630224635681,357630224635972
0,94464,PUT,357630224639380,357630224639670
0,94720,PUT,357630224639951,357630224640302
0,94976,PUT,357630224642076,357630224642367
0,95232,PUT,357630224642617,357630224642918
0,95488,PUT,357630224643168,357630224643459
0,95744,PUT,357630224645624,357630224645915
0,96000,PUT,357630224647579,357630224647859
0,96256,PUT,357630224652861,357630224653162
0,96512,PUT,357630224653442,357630224653733
0,96768,PUT,357630224655477,357630224655768
0,97024,PUT,357630224656840,357630224657091
0,97280,PUT,357630224660098,357630224660388
0,97536,PUT,357630224660559,357630224660779
0,97792,PUT,357630224663195,357630224663506
0,98048,PUT,357630224663676,357630224663967
0,98304,PUT,357630224665160,357630224665460
0,98560,PUT,357630224673268,357630224673609
0,98816,PUT,357630224673890,357630224674180
0,99072,PUT,357630224674471,357630224674872
0,99328,PUT,357630224680194,357630224680535
0,99584,PUT,357630224686058,357630224686379
0,99840,PUT,357630224690919,357630224691220
0,100096,PUT,357630224691501,357630224691821
0,100352,PUT,357630224695731,357630224696021
0,100608,PUT,357630224698176,357630224698467
0,100864,PUT,357630224703920,357630224704210
0,101120,PUT,357630224706255,357630224706546
0,101376,PUT,357630224708540,357630224708831
0,101632,PUT,357630224713833,357630224714143
0,101888,PUT,357630224718002,357630224718293
0,102144,PUT,357630224723144,357630224723435
0,102400,PUT,357630224723705,357630224724157
0,102656,PUT,357630224730221,357630224730511
0,102912,PUT,357630224733127,357630224733418
0,103168,PUT,357630224733699,357630224734029
0,103424,PUT,357630224734290,357630224734591
0,103680,PUT,357630224734851,357630224735162
0,103936,PUT,357630224735423,357630224735733
0,104192,PUT,357630224738390,357630224738680
0,104448,PUT,357630224738931,357630224739282
0,104704,PUT,357630224741136,357630224741447
0,104960,PUT,357630224745045,357630224745346
0,105216,PUT,357630224745626,357630224745917
0,105472,PUT,357630224756141,357630224756472
0,105728,PUT,357630224756812,357630224757123
0,105984,PUT,357630224757374,357630224757845
0,106240,PUT,357630224758105,357630224758406
0,106496,PUT,357630224761483,357630224761774
0,106752,PUT,357630224763157,357630224763458
0,107008,PUT,357630224764631,357630224764921
0,107264,PUT,357630224787634,357630224788065
0,107520,PUT,357630224788496,357630224788967
0,107776,PUT,357630224789248,357630224789578
0,108032,PUT,357630224789839,357630224790130
0,108288,PUT,357630224790390,357630224790681
0,108544,PUT,357630224793207,357630224793498
0,108800,PUT,357630224795252,357630224795623
0,109056,PUT,357630224797918,357630224798219
0,109312,PUT,357630224798509,357630224798810
0,109568,PUT,357630224799081,357630224799401
0,109824,PUT,357630224800504,357630224800805
0,110080,PUT,357630224811299,357630224811650
0,110336,PUT,357630224813925,357630224814226
0,110592,PUT,357630224826584,357630224826875
0,110848,PUT,357630224827156,357630224827446
0,111104,PUT,357630224830995,357630224831305
0,111360,PUT,357630224833160,357630224833460
0,111616,PUT,357630224833741,357630224834072
0,111872,PUT,357630224834342,357630224834773
0,112128,PUT,357630224837239,357630224837540
0,112384,PUT,357630224837811,357630224838121
0,112640,PUT,357630224850831,357630224851192
0,112896,PUT,357630224851482,357630224851783
0,113152,PUT,357630224852044,357630224852334
0,113408,PUT,357630224853727,357630224854048
0,113664,PUT,357630224860142,357630224860493
0,113920,PUT,357630224863610,357630224863851
0,114176,PUT,357630224868612,357630224868993
0,114432,PUT,357630224877423,357630224877723
0,114688,PUT,357630224879688,357630224880029
0,114944,PUT,357630224885692,357630224885922
0,115200,PUT,357630224886203,357630224886494
0,115456,PUT,357630224886774,357630224887295
0,115712,PUT,357630224888518,357630224888809
0,115968,PUT,357630224890633,357630224890944
0,116224,PUT,357630224892006,357630224892347
0,116480,PUT,357630224895043,357630224895334
0,116736,PUT,357630224895625,357630224895925
0,116992,PUT,357630224899594,357630224899875
0,117248,PUT,357630224900145,357630224900426
0,117504,PUT,357630224902621,357630224902982
0,117760,PUT,357630224903252,357630224903553
0,118016,PUT,357630224904886,357630224905217
0,118272,PUT,357630224916213,357630224916553
0,118528,PUT,357630224933503,357630224934315
0,118784,PUT,357630224934766,357630224935056
0,119040,PUT,357630224943205,357630224943426
0,119296,PUT,357630224944508,357630224944799
0,119552,PUT,357630224945070,357630224945370
0,119808,PUT,357630224945651,357630224945972
0,120064,PUT,357630224949560,357630224949821
0,120320,PUT,357630224950091,357630224950392
0,120576,PUT,357630224952707,357630224953108
0,120832,PUT,357630224953389,357630224953700
0,121088,PUT,357630224953960,357630224954181
0,121344,PUT,357630224955754,357630224956135
0,121600,PUT,357630224956406,357630224956707
0,121856,PUT,357630224956967,357630224957258
0,122112,PUT,357630224957519,357630224957879
0,122368,PUT,357630224959313,357630224959623
0,122624,PUT,357630224962691,357630224962911
0,122880,PUT,357630224965367,357630224965667
0,123136,PUT,357630224965948,357630224966239
0,123392,PUT,357630224966509,357630224966810
0,123648,PUT,357630224967061,357630224967361
0,13317,GET,357630223930002,357630223931175
0,2051,GET,357630223932698,357630223933861
0,4099,GET,357630223934011,357630223934733
0,6915,GET,357630223934863,357630223936026
0,11523,GET,357630223936738,357630223938512
0,14083,GET,357630223938652,357630223940767
0,5122,GET,357630223940897,357630223942431
0,7170,GET,357630223942561,357630223943874
0,9474,GET,357630223944005,357630223945037
0,14594,GET,357630223945789,357630223947322
0,1288,GET,357630223947453,357630223948665
0,6152,GET,357630223949427,357630223951101
0,9480,GET,357630223951963,357630223953096
0,11016,GET,357630223953246,357630223953858
0,14088,GET,357630223953998,357630223955582
0,1289,GET,357630223955712,357630223957175
0,3593,GET,357630223957877,357630223958729
0,5129,GET,357630223958869,357630223959461
0,9481,GET,357630223960774,357630223961515
0,12809,GET,357630223962217,357630223962959
0,5382,GET,357630223964222,357630223967459
0,7430,GET,357630223967609,357630223968512
0,13830,GET,357630223969764,357630223971328
0,15366,GET,357630223971478,357630223972250
0,1802,GET,357630223972962,357630223973563
0,3594,GET,357630223973714,357630223974375
0,5386,GET,357630223974526,357630223975367
0,9738,GET,357630223975498,357630223977322
0,13066,GET,357630223977452,357630223979086
0,2318,GET,357630223980419,357630223981822
0,4110,GET,357630223981953,357630223982735
0,9742,GET,357630223984148,357630223985381
0,16142,GET,357630223988087,357630223988879
0,2828,GET,357630223989029,357630223990282
0,5900,GET,357630223991064,357630223991776
0,8460,GET,357630223991916,357630223992968
0,4609,GET,357630223998531,357630223999584
0,6401,GET,357630223999734,357630224017836
0,6657,GET,357630224018167,357630224018468
0,6913,GET,357630224019269,357630224019480
0,7169,GET,357630224019620,357630224019831
0,7681,GET,357630224020342,357630224020863
0,8193,GET,357630224020993,357630224021505
0,11009,GET,357630224023760,357630224024391
0,12289,GET,357630224024542,357630224024862
0,15361,GET,357630224026206,357630224026777
0,3851,GET,357630224028661,357630224029684
0,7435,GET,357630224030385,357630224031317
0,10763,GET,357630224032590,357630224033172
0,14859,GET,357630224033322,357630224034836
0,1031,GET,357630224035517,357630224036369
0,9479,GET,357630224039988,357630224040910
0,11015,GET,357630224041060,357630224041772
0,12807,GET,357630224041922,357630224042624
0,14855,GET,357630224042754,357630224043766
0,1280,GET,357630224044548,357630224045260
0,3840,GET,357630224045390,357630224046342
0,10752,GET,357630224067271,357630224067872
0,15104,GET,357630224069406,357630224070639
0,17409,GET,357630224072423,357630224073916
0,17158,GET,357630224074067,357630224074859
0,17417,GET,357630224076182,357630224077224
0,20481,GET,357630224084802,357630224086145
0,19209,GET,357630224086325,357630224086876
0,21004,GET,357630224087678,357630224088390
0,17924,GET,357630224088540,357630224089483
0,20238,GET,357630224089633,357630224091377
0,19721,GET,357630224091507,357630224092880
0,21766,GET,357630224093622,357630224095356
0,20745,GET,357630224095486,357630224096789
0,22022,GET,357630224097501,357630224098804
0,16904,GET,357630224101250,357630224101911
0,18439,GET,357630224103144,357630224104187
0,18440,GET,357630224105450,357630224106141
0,23311,GET,357630224106863,357630224107354
0,21769,GET,357630224107504,357630224108858
0,19211,GET,357630224109008,357630224109940
0,19719,GET,357630224110070,357630224111283
0,25602,GET,357630224112556,357630224113358
0,25094,GET,357630224113508,357630224114320
0,24078,GET,357630224115022,357630224115533
0,21763,GET,357630224115683,357630224116676
0,24847,GET,357630224117427,357630224119222
0,26113,GET,357630224119372,357630224120334
0,27137,GET,357630224121677,357630224123241
0,22795,GET,357630224123391,357630224124624
0,23044,GET,357630224125386,357630224128353
0,23047,GET,357630224128503,357630224129846
0,24323,GET,357630224129997,357630224130758
0,22282,GET,357630224131470,357630224133184
0,27407,GET,357630224133324,357630224134347
0,28930,GET,357630224134487,357630224135620
0,28174,GET,357630224135760,357630224136752
0,23306,GET,357630224139819,357630224140641
0,25355,GET,357630224140782,357630224141824
0,28933,GET,357630224141954,357630224143428
0,24839,GET,357630224144731,357630224146395
0,30469,GET,357630224147688,357630224148540
0,28687,GET,357630224148690,357630224149362
0,30978,GET,357630224149492,357630224150304
0,30220,GET,357630224150444,357630224151487
0,26378,GET,357630224153581,357630224154413
0,27146,GET,357630224154564,357630224156458
0,28171,GET,357630224157200,357630224158332
0,17677,GET,357630224158984,357630224160387
0,30735,GET,357630224160538,357630224161530
0,28683,GET,357630224162793,357630224163825
0,22016,GET,357630224164507,357630224165519
0,29194,GET,357630224165669,357630224166892
0,28169,GET,357630224167905,357630224168917
0,29706,GET,357630224169067,357630224170000
0,32015,GET,357630224170150,357630224171102
0,23040,GET,357630224171232,357630224172114
0,32780,GET,357630224172255,357630224173047
0,29451,GET,357630224173808,357630224174670
0,34561,GET,357630224174801,357630224175432
0,19981,GET,357630224175562,357630224176936
0,35073,GET,357630224177687,357630224178630
0,35585,GET,357630224178760,357630224179993
0,33294,GET,357630224181867,357630224182569
0,33036,GET,357630224198546,357630224199318
0,24840,GET,357630224199508,357630224200039
0,36609,GET,357630224200170,357630224200681
0,32783,GET,357630224200821,357630224201362
0,32011,GET,357630224201493,357630224202264
0,36865,GET,357630224202395,357630224203076
0,31751,GET,357630224204409,357630224205061
0,33806,GET,357630224205201,357630224205722
0,36610,GET,357630224211937,357630224213170
0,34574,GET,357630224213310,357630224214493
0,30720,GET,357630224214623,357630224215716
0,38402,GET,357630224217059,357630224218703
0,34831,GET,357630224218833,357630224219855
0,34571,GET,357630224223053,357630224224195
0,33028,GET,357630224224336,357630224225138
0,34308,GET,357630224227633,357630224230129
0,36111,GET,357630224231452,357630224232014
0,37902,GET,357630224232705,357630224234820
0,38156,GET,357630224236765,357630224238348
0,40961,GET,357630224238499,357630224239631
0,35338,GET,357630224240353,357630224241255
0,43010,GET,357630224243761,357630224244944
0,42241,GET,357630224245094,357630224247880
0,38671,GET,357630224249895,357630224250727
0,39950,GET,357630224250877,357630224251689
0,37386,GET,357630224254335,357630224255207
0,37637,GET,357630224255358,357630224255819
0,37898,GET,357630224255969,357630224256591
0,35072,GET,357630224256721,357630224258134
0,32264,GET,357630224259447,357630224260840
0,32520,GET,357630224260971,357630224261592
0,29197,GET,357630224261723,357630224262965
0,38411,GET,357630224263096,357630224264750
0,39173,GET,357630224266023,357630224266674
0,41740,GET,357630224267376,357630224268017
0,42252,GET,357630224268168,357630224269060
0,39435,GET,357630224270323,357630224271545
0,48130,GET,357630224272297,357630224274753
0,33800,GET,357630224274903,357630224275845
0,44041,GET,357630224275996,357630224276988
0,37632,GET,357630224277118,357630224278171
0,39942,GET,357630224279564,357630224280125
0,49410,GET,357630224280847,357630224281428
0,41733,GET,357630224281579,357630224282491
0,37888,GET,357630224282641,357630224283874
0,45582,GET,357630224284004,357630224285748
0,44804,GET,357630224287021,357630224287683
0,48641,GET,357630224291452,357630224291923
0,44559,GET,357630224292073,357630224293055
0,49665,GET,357630224293186,357630224294529
0,45063,GET,357630224295270,357630224296543
0,39680,GET,357630224297345,357630224298909
0,46852,GET,357630224299059,357630224299871
0,42506,GET,357630224302106,357630224302537
0,52482,GET,357630224302688,357630224303630
0,46351,GET,357630224304311,357630224304863
0,47620,GET,357630224305013,357630224306276
0,48910,GET,357630224307539,357630224308341
0,34061,GET,357630224308491,357630224309995
0,53762,GET,357630224310686,357630224311669
0,40451,GET,357630224312360,357630224312952
0,45829,GET,357630224313102,357630224314064
0,48137,GET,357630224314214,357630224315237
0,49668,GET,357630224315367,357630224315989
0,46597,GET,357630224316119,357630224317231
0,49934,GET,357630224317983,357630224319988
0,47365,GET,357630224320649,357630224321612
0,47115,GET,357630224322905,357630224323857
0,47371,GET,357630224324007,357630224324679
0,47623,GET,357630224324829,357630224325711
0,44806,GET,357630224325841,357630224326383
0,45062,GET,357630224326513,357630224327144
0,49420,GET,357630224344124,357630224345357
0,52996,GET,357630224345557,357630224346540
0,39944,GET,357630224346670,357630224349196
0,41731,GET,357630224352203,357630224353596
0,51209,GET,357630224353746,357630224355440
0,49669,GET,357630224357625,357630224358878
0,42499,GET,357630224359008,357630224360121
0,48390,GET,357630224360943,357630224363920
0,49414,GET,357630224364632,357630224366095
0,53255,GET,357630224368651,357630224369804
0,44803,GET,357630224369954,357630224371036
0,60161,GET,357630224373512,357630224374625
0,52486,GET,357630224381791,357630224383776
0,62465,GET,357630224383966,357630224384748
0,58116,GET,357630224384899,357630224386583
0,54537,GET,357630224386713,357630224387505
0,56588,GET,357630224388206,357630224390913
0,54539,GET,357630224391043,357630224392005
0,43277,GET,357630224392135,357630224393479
0,47112,GET,357630224394180,357630224397097
0,56075,GET,357630224398560,357630224401046
0,55305,GET,357630224401196,357630224402309
0,44557,GET,357630224402449,357630224403582
0,55813,GET,357630224403712,357630224406058
0,45581,GET,357630224406188,357630224407712
0,51200,GET,357630224409105,357630224410448
0,57097,GET,357630224412322,357630224413234
0,52224,GET,357630224413385,357630224415309
0,55567,GET,357630224415460,357630224416261
0,58118,GET,357630224416402,357630224417835
0,58633,GET,357630224419128,357630224420271
0,62980,GET,357630224422135,357630224422887
0,52227,GET,357630224426906,357630224428981
0,48141,GET,357630224429131,357630224430114
0,57871,GET,357630224431407,357630224432920
0,67841,GET,357630224433070,357630224433993
0,62990,GET,357630224434684,357630224436508
0,62214,GET,357630224437200,357630224439596
0,59407,GET,357630224441530,357630224441931
0,63749,GET,357630224443314,357630224443966
0,62982,GET,357630224444116,357630224445299
0,54787,GET,357630224446582,357630224447474
0,57600,GET,357630224448156,357630224449819
0,66050,GET,357630224449970,357630224450611
0,61961,GET,357630224451884,357630224452646
0,56067,GET,357630224452796,357630224453969
0,62729,GET,357630224454651,357630224455372
0,65285,GET,357630224456064,357630224456595
0,63241,GET,357630224456745,357630224457387
0,65543,GET,357630224458069,357630224459893
0,65030,GET,357630224460614,357630224461958
0,67074,GET,357630224462108,357630224463321
0,64523,GET,357630224463471,357630224464674
0,61455,GET,357630224464804,357630224466879
0,58627,GET,357630224467621,357630224469425
0,62735,GET,357630224469565,357630224470768
0,59651,GET,357630224470898,357630224472672
0,73729,GET,357630224472813,357630224473334
0,67842,GET,357630224473464,357630224473996
0,66828,GET,357630224474126,357630224474647
0,66821,GET,357630224491807,357630224492889
0,69127,GET,357630224493060,357630224494944
0,51981,GET,357630224495085,357630224495997
0,61699,GET,357630224498553,357630224499074
0,65546,GET,357630224504526,357630224507313
0,68101,GET,357630224508045,357630224508556
0,69894,GET,357630224509849,357630224510581
0,64003,GET,357630224510731,357630224511823
0,55053,GET,357630224515301,357630224516615
0,72462,GET,357630224516765,357630224517807
0,72198,GET,357630224519581,357630224520253
0,72967,GET,357630224521005,357630224521586
0,73218,GET,357630224521736,357630224523110
0,69643,GET,357630224523260,357630224524653
0,70665,GET,357630224526026,357630224528412
0,61704,GET,357630224529204,357630224530026
0,73742,GET,357630224530727,357630224532421
0,68618,GET,357630224532572,357630224533273
0,74503,GET,357630224533955,357630224535198
0,67855,GET,357630224535348,357630224537242
0,74254,GET,357630224537944,357630224538666
0,75266,GET,357630224540049,357630224541683
0,72969,GET,357630224541833,357630224543697
0,74758,GET,357630224543848,357630224544439
0,76295,GET,357630224544569,357630224546123
0,74245,GET,357630224546263,357630224547346
0,73483,GET,357630224548599,357630224549230
0,82177,GET,357630224549381,357630224551034
0,73993,GET,357630224551165,357630224551516
0,69903,GET,357630224553390,357630224554272
0,75275,GET,357630224555545,357630224556146
0,77068,GET,357630224556297,357630224557329
0,75530,GET,357630224557469,357630224558943
0,77314,GET,357630224559644,357630224560356
0,77582,GET,357630224560496,357630224561789
0,67584,GET,357630224564245,357630224565388
0,81159,GET,357630224565538,357630224567352
0,79116,GET,357630224567483,357630224569006
0,71951,GET,357630224569147,357630224570530
0,78085,GET,357630224570660,357630224571592
0,79628,GET,357630224573406,357630224574920
0,78341,GET,357630224576223,357630224576704
0,77065,GET,357630224576854,357630224577987
0,77066,GET,357630224579340,357630224580102
0,82183,GET,357630224580252,357630224581235
0,62477,GET,357630224582588,357630224583350
0,72975,GET,357630224583500,357630224585224
0,87809,GET,357630224586246,357630224587870
0,71939,GET,357630224588552,357630224589754
0,78858,GET,357630224590456,357630224592651
0,89089,GET,357630224593363,357630224593864
0,79110,GET,357630224594014,357630224595107
0,82690,GET,357630224596390,357630224597152
0,79878,GET,357630224598435,357630224599447
0,73987,GET,357630224599597,357630224602634
0,80394,GET,357630224603316,357630224603857
0,81668,GET,357630224606303,357630224607215
0,82186,GET,357630224608528,357630224609410
0,90625,GET,357630224609560,357630224611705
0,82948,GET,357630224627763,357630224628434
0,82190,GET,357630224628635,357630224628845
0,83723,GET,357630224630649,357630224631221
0,75535,GET,357630224631992,357630224632494
0,75791,GET,357630224632644,357630224633195
0,76559,GET,357630224634498,357630224635551
0,82181,GET,357630224636232,357630224637054
0,68109,GET,357630224637205,357630224638447
0,86786,GET,357630224638598,357630224639229
0,82949,GET,357630224640572,357630224641916
0,73736,GET,357630224643740,357630224644361
0,69645,GET,357630224644512,357630224645484
0,86027,GET,357630224646065,357630224646707
0,78095,GET,357630224646857,357630224647438
0,86539,GET,357630224648110,357630224649273
0,77056,GET,357630224649423,357630224650435
0,91905,GET,357630224650586,357630224651207
0,85508,GET,357630224651337,357630224652711
0,89095,GET,357630224654004,357630224655327
0,89607,GET,357630224656038,357630224656700
0,87561,GET,357630224657351,357630224658053
0,87301,GET,357630224658203,357630224659286
0,90892,GET,357630224659436,357630224659947
0,84230,GET,357630224660970,357630224661722
0,86532,GET,357630224661872,357630224663045
0,87054,GET,357630224664217,357630224665019
0,93452,GET,357630224671214,357630224673098
0,82191,GET,357630224675153,357630224676215
0,94476,GET,357630224676366,357630224676937
0,95745,GET,357630224677067,357630224678992
0,80387,GET,357630224679122,357630224679934
0,81152,GET,357630224680806,357630224682610
0,90382,GET,357630224682740,357630224683883
0,90116,GET,357630224684013,357630224685908
0,96263,GET,357630224686539,357630224687181
0,96519,GET,357630224687311,357630224688494
0,89867,GET,357630224688634,357630224689536
0,93954,GET,357630224689676,357630224690769
0,91918,GET,357630224692092,357630224694257
0,96780,GET,357630224694387,357630224695570
0,97036,GET,357630224696272,357630224698026
0,89606,GET,357630224698627,357630224700151
0,92420,GET,357630224700301,357630224703098
0,90891,GET,357630224703228,357630224703769
0,98305,GET,357630224704371,357630224705182
0,90886,GET,357630224705313,357630224706105
0,91403,GET,357630224706806,357630224707698
0,92170,GET,357630224707829,357630224708390
0,97794,GET,357630224709092,357630224710475
0,99591,GET,357630224710615,357630224712610
0,98050,GET,357630224712740,357630224713682
0,87311,GET,357630224714394,357630224716519
0,99596,GET,357630224716659,357630224717852
0,94981,GET,357630224718554,357630224720017
0,95237,GET,357630224720147,357630224721130
0,93449,GET,357630224721260,357630224722994
0,96004,GET,357630224724437,357630224726181
0,83464,GET,357630224726312,357630224726933
0,83720,GET,357630224727063,357630224727895
0,96014,GET,357630224728026,357630224729298
0,100865,GET,357630224729429,357630224730070
0,89091,GET,357630224730772,357630224731574
0,80909,GET,357630224731704,357630224732265
0,88591,GET,357630224732396,357630224732977
0,90115,GET,357630224736004,357630224736615
0,90371,GET,357630224736766,357630224738239
0,104460,GET,357630224739552,357630224740134
0,101378,GET,357630224740284,357630224741006
0,88576,GET,357630224741707,357630224743020
0,105740,GET,357630224743171,357630224744915
0,89088,GET,357630224746168,357630224747822
0,98565,GET,357630224747972,357630224748543
0,104455,GET,357630224748694,357630224750137
0,91919,GET,357630224755329,357630224755960
0,92675,GET,357630224758677,357630224759589
0,107788,GET,357630224759739,357630224761333
0,93443,GET,357630224762055,357630224763007
0,108556,GET,357630224763718,357630224764490
0,105991,GET,357630224766214,357630224766856
0,105986,GET,357630224767006,357630224768800
0,105473,GET,357630224791022,357630224793037
0,106241,GET,357630224793778,357630224795121
0,102405,GET,357630224795903,357630224797788
0,95747,GET,357630224799672,357630224800364
0,102409,GET,357630224801085,357630224802719
0,111116,GET,357630224802869,357630224804383
0,103434,GET,357630224804533,357630224805275
0,108033,GET,357630224805405,357630224806357
0,96271,GET,357630224806498,357630224807951
0,101131,GET,357630224808081,357630224809114
0,109569,GET,357630224809244,357630224809936
0,104452,GET,357630224810076,357630224811149
0,104462,GET,357630224811910,357630224812853
0,110593,GET,357630224812983,357630224813775
0,112652,GET,357630224814486,357630224815719
0,109314,GET,357630224815850,357630224817112
0,113420,GET,357630224817243,357630224817954
0,99075,GET,357630224818085,357630224818716
0,105221,GET,357630224818846,357630224820220
0,110338,GET,357630224820350,357630224820921
0,112647,GET,357630224821062,357630224822675
0,99843,GET,357630224822816,357630224824269
0,102662,GET,357630224824409,357630224825301
0,87053,GET,357630224825432,357630224826434
0,107013,GET,357630224827707,357630224828790
0,91400,GET,357630224828940,357630224829912
0,111873,GET,357630224830042,357630224830844
0,111618,GET,357630224831576,357630224833009
0,107530,GET,357630224835064,357630224836307
0,115207,GET,357630224836457,357630224837109
0,113153,GET,357630224838392,357630224840066
0,107278,GET,357630224840216,357630224840998
0,109828,GET,357630224841148,357630224843444
0,112898,GET,357630224843574,357630224844356
0,98831,GET,357630224844486,357630224845468
0,108814,GET,357630224845609,357630224846721
0,109326,GET,357630224846852,357630224849337
0,111108,GET,357630224849478,357630224850680
0,106763,GET,357630224852615,357630224853587
0,95752,GET,357630224854309,357630224856273
0,110857,GET,357630224856424,357630224857496
0,96008,GET,357630224857637,357630224859050
0,111113,GET,357630224859180,357630224859992
0,100111,GET,357630224860754,357630224863460
0,105990,GET,357630224864132,357630224864723
0,100879,GET,357630224864883,357630224866377
0,111881,GET,357630224866507,357630224868462
0,107526,GET,357630224869244,357630224871769
0,101903,GET,357630224871910,357630224873153
0,116228,GET,357630224873283,357630224874736
0,119559,GET,357630224874867,357630224876430
0,110853,GET,357630224876571,357630224877272
0,109571,GET,357630224877984,357630224879537
0,109318,GET,357630224880289,357630224880901
0,120839,GET,357630224881051,357630224883226
0,110851,GET,357630224883356,357630224884940
0,119810,GET,357630224885070,357630224885531
0,103951,GET,357630224887566,357630224888378
0,116996,GET,357630224889090,357630224890503
0,110598,GET,357630224891194,357630224891866
0,111627,GET,357630224892598,357630224893450
0,114702,GET,357630224893600,357630224894903
0,115722,GET,357630224896186,357630224897028
0,112389,GET,357630224897178,357630224898461
0,112139,GET,357630224898612,357630224899444
0,112651,GET,357630224900677,357630224901438
0,116490,GET,357630224901579,357630224902471
0,113669,GET,357630224903804,357630224904736
0,100616,GET,357630224905478,357630224908625
0,126220,GET,357630224908775,357630224909677
0,117770,GET,357630224909828,357630224910630
0,123394,GET,357630224910760,357630224911993
0,114435,GET,357630224913607,357630224914779
0,120833,GET,357630224914910,357630224916062
0,121601,GET,357630224916804,357630224917937
0,118542,GET,357630224935307,357630224935938
0,115717,GET,357630224936139,357630224936660
0,115715,GET,357630224936790,357630224938494
0,125703,GET,357630224938625,357630224940038
0,119049,GET,357630224940178,357630224941140
0,117251,GET,357630224941281,357630224942223
0,127500,GET,357630224942353,357630224943055
0,122116,GET,357630224943676,357630224944358
0,117259,GET,357630224946262,357630224947034
0,117515,GET,357630224947185,357630224948117
0,128268,GET,357630224948247,357630224949410
0,120586,GET,357630224950663,357630224951575
0,99341,GET,357630224951705,357630224952557
0,99597,GET,357630224954381,357630224955604
0,122638,GET,357630224958170,357630224959182
0,125442,GET,357630224959894,357630224960556
0,121347,GET,357630224960706,357630224962540
0,129548,GET,357630224963101,357630224965236
0,123147,GET,357630224967632,357630225043468
1,257,PUT,357630223611923,357630223612725
1,513,PUT,357630223613768,357630223613988
1,769,PUT,357630223614189,357630223614389
1,1025,PUT,357630223614529,357630223614730
1,1281,PUT,357630223614870,357630223615071
1,1537,PUT,357630223615211,357630223615411
1,1793,PUT,357630223615552,357630223615752
1,2049,PUT,357630223616033,357630223616233
1,2305,PUT,357630223616374,357630223616574
1,2561,PUT,357630223616714,357630223616915
1,2817,PUT,357630223617055,357630223617256
1,3073,PUT,357630223617396,357630223617597
1,3329,PUT,357630223617737,357630223617937
1,3585,PUT,357630223618078,357630223618278
1,3841,PUT,357630223618418,357630223618619
1,4097,PUT,357630223618920,357630223619120
1,4353,PUT,357630223619260,357630223619461
1,4609,PUT,357630223619601,357630223619802
1,4865,PUT,357630223619952,357630223620142
1,5121,PUT,357630223620293,357630223620483
1,5377,PUT,357630223620634,357630223620824
1,5633,PUT,357630223620974,357630223621165
1,5889,PUT,357630223621315,357630223621506
1,6145,PUT,357630223621796,357630223621997
1,6401,PUT,357630223622147,357630223622338
1,6657,PUT,357630223622488,357630223622678
1,6913,PUT,357630223622829,357630223623019
1,7169,PUT,357630223623169,357630223623360
1,7425,PUT,357630223623510,357630223623711
1,7681,PUT,357630223623851,357630223624052
1,7937,PUT,357630223624192,357630223624392
1,8193,PUT,357630223624693,357630223624893
1,8449,PUT,357630223625034,357630223625234
1,8705,PUT,357630223625375,357630223625575
1,8961,PUT,357630223625715,357630223625916
1,9217,PUT,357630223626056,357630223626257
1,9473,PUT,357630223626397,357630223626597
1,9729,PUT,357630223626738,357630223626938
1,9985,PUT,357630223627079,357630223627279
1,10241,PUT,357630223627570,357630223627760
1,10497,PUT,357630223627911,357630223628101
1,10753,PUT,357630223628251,357630223628442
1,11009,PUT,357630223628592,357630223628783
1,11265,PUT,357630223628933,357630223629123
1,11521,PUT,357630223629274,357630223629464
1,11777,PUT,357630223629614,357630223629805
1,12033,PUT,357630223629955,357630223630146
1,12289,PUT,357630223630446,357630223630647
1,12545,PUT,357630223630787,357630223630988
1,12801,PUT,357630223631128,357630223631328
1,13057,PUT,357630223631469,357630223631669
1,13313,PUT,357630223631810,357630223632010
1,13569,PUT,357630223632150,357630223632351
1,13825,PUT,357630223632491,357630223632692
1,14081,PUT,357630223632832,357630223633032
1,14337,PUT,357630223633323,357630223633524
1,14593,PUT,357630223633664,357630223633864
1,14849,PUT,357630223634005,357630223634205
1,15105,PUT,357630223634345,357630223634887
1,15361,PUT,357630223635348,357630223635548
1,15617,PUT,357630223635689,357630223635979
1,15873,PUT,357630223636280,357630223636571
1,16129,PUT,357630223636811,357630223637102
1,16385,PUT,357630223637342,357630223637633
1,16641,PUT,357630223888806,357630223889729
1,16897,PUT,357630223893578,357630223893878
1,17153,PUT,357630223894189,357630223894620
1,17409,PUT,357630223895051,357630223895402
1,17665,PUT,357630223895662,357630223895973
1,17921,PUT,357630223897016,357630223897306
1,18177,PUT,357630223898309,357630223898609
1,18433,PUT,357630223898870,357630223899181
1,18689,PUT,357630223901907,357630223902248
1,18945,PUT,357630223902518,357630223902819
1,19201,PUT,357630223903962,357630223904262
1,19457,PUT,357630223904543,357630223904874
1,19713,PUT,357630223905134,357630223905435
1,19969,PUT,357630223907851,357630223908151
1,20225,PUT,357630223909434,357630223909765
1,20481,PUT,357630223910066,357630223910377
1,20737,PUT,357630223913013,357630223913384
1,20993,PUT,357630223914336,357630223914717
1,21249,PUT,357630223915869,357630223916180
1,21505,PUT,357630223916451,357630223916801
1,21761,PUT,357630223917082,357630223917373
1,22017,PUT,357630223919949,357630223920249
1,22273,PUT,357630223920510,357630223920811
1,22529,PUT,357630223921843,357630223922154
1,22785,PUT,357630223922435,357630223922795
1,23041,PUT,357630223923056,357630223923357
1,23297,PUT,357630223925331,357630223925632
1,23553,PUT,357630223925883,357630223926213
1,23809,PUT,357630223929290,357630223929591
1,24065,PUT,357630223929912,357630223930213
1,24321,PUT,357630223933981,357630223934282
1,24577,PUT,357630223937109,357630223937409
1,24833,PUT,357630223937680,357630223937981
1,25089,PUT,357630223939484,357630223939785
1,25345,PUT,357630223941028,357630223941318
1,25601,PUT,357630223941609,357630223941910
1,25857,PUT,357630223943253,357630223943574
1,26113,PUT,357630223945207,357630223945568
1,26369,PUT,357630223947493,357630223947803
1,26625,PUT,357630223948074,357630223948375
1,26881,PUT,357630223948645,357630223948936
1,27137,PUT,357630223949187,357630223949487
1,27393,PUT,357630223951272,357630223951753
1,27649,PUT,357630223952003,357630223952294
1,27905,PUT,357630223952554,357630223952855
1,28161,PUT,357630223953958,357630223954258
1,28417,PUT,357630223956794,357630223957165
1,28673,PUT,357630223957436,357630223957777
1,28929,PUT,357630223958909,357630223959230
1,29185,PUT,357630223961676,357630223961996
1,29441,PUT,357630223962277,357630223962588
1,29697,PUT,357630223962858,357630223963159
1,29953,PUT,357630223963420,357630223963710
1,30209,PUT,357630223963971,357630223964272
1,30465,PUT,357630223964532,357630223964863
1,30721,PUT,357630223965124,357630223965414
1,30977,PUT,357630223965675,357630223965976
1,31233,PUT,357630223968351,357630223968652
1,31489,PUT,357630223970536,357630223970827
1,31745,PUT,357630223974485,357630223974896
1,32001,PUT,357630223975167,357630223975498
1,32257,PUT,357630223980259,357630223980560
1,32513,PUT,357630223982855,357630223983216
1,32769,PUT,357630223983486,357630223983847
1,33025,PUT,357630223991034,357630223991365
1,33281,PUT,357630223991655,357630223991946
1,33537,PUT,357630223992207,357630223992507
1,33793,PUT,357630223992768,357630223993149
1,34049,PUT,357630223995143,357630223995514
1,34305,PUT,357630223996747,357630223997048
1,34561,PUT,357630223997318,357630223997669
1,34817,PUT,357630223997930,357630223998231
1,35073,PUT,357630223999684,357630224000055
1,35329,PUT,357630224020322,357630224020633
1,35585,PUT,357630224020833,357630224021134
1,35841,PUT,357630224022276,357630224022497
1,36097,PUT,357630224023459,357630224023940
1,36353,PUT,357630224028391,357630224028681
1,36609,PUT,357630224029874,357630224030155
1,36865,PUT,357630224031488,357630224031789
1,37121,PUT,357630224032059,357630224032350
1,37377,PUT,357630224033332,357630224033633
1,37633,PUT,357630224033903,357630224034264
1,37889,PUT,357630224034545,357630224034876
1,38145,PUT,357630224039376,357630224039677
1,38401,PUT,357630224039957,357630224040258
1,38657,PUT,357630224041351,357630224041651
1,38913,PUT,357630224042724,357630224043015
1,39169,PUT,357630224043295,357630224043626
1,39425,PUT,357630224043927,357630224044288
1,39681,PUT,357630224065978,357630224066660
1,39937,PUT,357630224074107,357630224074418
1,40193,PUT,357630224074688,357630224074989
1,40449,PUT,357630224076482,357630224076773
1,40705,PUT,357630224079199,357630224079650
1,40961,PUT,357630224085874,357630224086165
1,41217,PUT,357630224086435,357630224086816
1,41473,PUT,357630224087097,357630224087438
1,41729,PUT,357630224088560,357630224088921
1,41985,PUT,357630224091317,357630224091607
1,42241,PUT,357630224093051,357630224093392
1,42497,PUT,357630224095517,357630224095867
1,42753,PUT,357630224097461,357630224097792
1,43009,PUT,357630224098072,357630224098423
1,43265,PUT,357630224101370,357630224101681
1,43521,PUT,357630224101951,357630224102252
1,43777,PUT,357630224102523,357630224102834
1,44033,PUT,357630224103094,357630224103385
1,44289,PUT,357630224106101,357630224106402
1,44545,PUT,357630224108988,357630224109278
1,44801,PUT,357630224109549,357630224109910
1,45057,PUT,357630224110191,357630224110491
1,45313,PUT,357630224110742,357630224111043
1,45569,PUT,357630224116796,357630224117137
1,45825,PUT,357630224119342,357630224119633
1,46081,PUT,357630224124524,357630224124905
1,46337,PUT,357630224125185,357630224125566
1,46593,PUT,357630224130037,357630224130327
1,46849,PUT,357630224130608,357630224130899
1,47105,PUT,357630224131159,357630224131460
1,47361,PUT,357630224131711,357630224132031
1,47617,PUT,357630224132292,357630224132613
1,47873,PUT,357630224132873,357630224133164
1,48129,PUT,357630224135810,357630224136101
1,48385,PUT,357630224136361,357630224136652
1,48641,PUT,357630224137785,357630224138015
1,48897,PUT,357630224138196,357630224138466
1,49153,PUT,357630224138737,357630224139028
1,49409,PUT,357630224139288,357630224139579
1,49665,PUT,357630224139839,357630224140190
1,49921,PUT,357630224141924,357630224142245
1,50177,PUT,357630224142506,357630224142826
1,50433,PUT,357630224143087,357630224143388
1,50689,PUT,357630224143638,357630224143929
1,50945,PUT,357630224144190,357630224144490
1,51201,PUT,357630224144751,357630224145092
1,51457,PUT,357630224145342,357630224145663
1,51713,PUT,357630224146715,357630224146946
1,51969,PUT,357630224147156,357630224147447
1,52225,PUT,357630224147708,357630224148079
1,52481,PUT,357630224148329,357630224148680
1,52737,PUT,357630224148941,357630224149492
1,52993,PUT,357630224149763,357630224150103
1,53249,PUT,357630224150374,357630224150675
1,53505,PUT,357630224150925,357630224151216
1,53761,PUT,357630224151476,357630224151767
1,54017,PUT,357630224153631,357630224153932
1,54273,PUT,357630224156628,357630224156959
1,54529,PUT,357630224157240,357630224157561
1,54785,PUT,357630224157831,357630224158122
1,55041,PUT,357630224158393,357630224158683
1,55297,PUT,357630224158954,357630224159255
1,55553,PUT,357630224159515,357630224159816
1,55809,PUT,357630224163023,357630224163364
1,56065,PUT,357630224165619,357630224165920
1,56321,PUT,357630224169107,357630224169398
1,56577,PUT,357630224169679,357630224170020
1,56833,PUT,357630224171293,357630224171593
1,57089,PUT,357630224172686,357630224172986
1,57345,PUT,357630224173257,357630224173588
1,57601,PUT,357630224174841,357630224175131
1,57857,PUT,357630224177106,357630224177447
1,58113,PUT,357630224177737,357630224178028
1,58369,PUT,357630224179522,357630224179812
1,58625,PUT,357630224180083,357630224180384
1,58881,PUT,357630224182729,357630224183050
1,59137,PUT,357630224201964,357630224202375
1,59393,PUT,357630224202796,357630224203157
1,59649,PUT,357630224212268,357630224212598
1,59905,PUT,357630224212909,357630224213200
1,60161,PUT,357630224214663,357630224214964
1,60417,PUT,357630224216077,357630224216528
1,60673,PUT,357630224216808,357630224217279
1,60929,PUT,357630224221048,357630224221339
1,61185,PUT,357630224221609,357630224221910
1,61441,PUT,357630224223474,357630224223804
1,61697,PUT,357630224224085,357630224224416
1,61953,PUT,357630224224676,357630224225007
1,62209,PUT,357630224225268,357630224225569
1,62465,PUT,357630224225829,357630224226180
1,62721,PUT,357630224227303,357630224227523
1,62977,PUT,357630224230300,357630224230610
1,63233,PUT,357630224230881,357630224231212
1,63489,PUT,357630224232184,357630224232475
1,63745,PUT,357630224232745,357630224233046
1,64001,PUT,357630224233327,357630224233647
1,64257,PUT,357630224233898,357630224234189
1,64513,PUT,357630224235341,357630224235702
1,64769,PUT,357630224235963,357630224236253
1,65025,PUT,357630224245054,357630224245345
1,65281,PUT,357630224248061,357630224248412
1,65537,PUT,357630224248682,357630224249083
1,65793,PUT,357630224260780,357630224261121
1,66049,PUT,357630224263086,357630224263406
1,66305,PUT,357630224266233,357630224266534
1,66561,PUT,357630224266794,357630224267095
1,66817,PUT,357630224271656,357630224272006
1,67073,PUT,357630224272277,357630224272588
1,67329,PUT,357630224277078,357630224277419
1,67585,PUT,357630224278361,357630224278682
1,67841,PUT,357630224280075,357630224280446
1,68097,PUT,357630224283994,357630224284285
1,68353,PUT,357630224285869,357630224286159
1,68609,PUT,357630224286430,357630224286731
1,68865,PUT,357630224287793,357630224288084
1,69121,PUT,357630224288354,357630224288725
1,69377,PUT,357630224288986,357630224289307
1,69633,PUT,357630224289577,357630224289878
1,69889,PUT,357630224294649,357630224294980
1,70145,PUT,357630224296624,357630224297055
1,70401,PUT,357630224297325,357630224297716
1,70657,PUT,357630224299681,357630224299981
1,70913,PUT,357630224300252,357630224300493
1,71169,PUT,357630224302638,357630224302978
1,71425,PUT,357630224304111,357630224304452
1,71681,PUT,357630224307178,357630224307539
1,71937,PUT,357630224307810,357630224308150
1,72193,PUT,357630224308441,357630224308631
1,72449,PUT,357630224308792,357630224309083
1,72705,PUT,357630224312551,357630224312841
1,72961,PUT,357630224313092,357630224313393
1,73217,PUT,357630224315427,357630224315718
1,73473,PUT,357630224315969,357630224316269
1,73729,PUT,357630224318093,357630224318384
1,73985,PUT,357630224318655,357630224319026
1,74241,PUT,357630224319286,357630224319797
1,74497,PUT,357630224320058,357630224320359
1,74753,PUT,357630224320609,357630224320940
1,75009,PUT,357630224321191,357630224321491
1,75265,PUT,357630224321752,357630224322083
1,75521,PUT,357630224323957,357630224324258
1,75777,PUT,357630224324518,357630224324809
1,76033,PUT,357630224341919,357630224342530
1,76289,PUT,357630224342941,357630224343262
1,76545,PUT,357630224343523,357630224343873
1,76801,PUT,357630224344134,357630224344455
1,77057,PUT,357630224351180,357630224351591
1,77313,PUT,357630224355540,357630224355831
1,77569,PUT,357630224356102,357630224356443
1,77825,PUT,357630224358036,357630224358407
1,78081,PUT,357630224361184,357630224361494
1,78337,PUT,357630224361765,357630224362066
1,78593,PUT,357630224362346,357630224362637
1,78849,PUT,357630224362898,357630224363198
1,79105,PUT,357630224366205,357630224366506
1,79361,PUT,357630224368180,357630224368410
1,79617,PUT,357630224376208,357630224376509
1,79873,PUT,357630224376780,357630224377070
1,80129,PUT,357630224379095,357630224379386
1,80385,PUT,357630224379656,357630224380007
1,80641,PUT,357630224383876,357630224384177
1,80897,PUT,357630224384468,357630224384768
1,81153,PUT,357630224385039,357630224385390
1,81409,PUT,357630224387996,357630224388307
1,81665,PUT,357630224392186,357630224392556
1,81921,PUT,357630224396205,357630224396506
1,82177,PUT,357630224396786,357630224397087
1,82433,PUT,357630224397358,357630224397728
1,82689,PUT,357630224401227,357630224401527
1,82945,PUT,357630224402740,357630224403041
1,83201,PUT,357630224403311,357630224403612
1,83457,PUT,357630224403883,357630224404183
1,83713,PUT,357630224404434,357630224404725
1,83969,PUT,357630224406930,357630224407251
1,84225,PUT,357630224409686,357630224409987
1,84481,PUT,357630224412483,357630224412773
1,84737,PUT,357630224416362,357630224416662
1,84993,PUT,357630224416933,357630224417244
1,85249,PUT,357630224417514,357630224417815
1,85505,PUT,357630224418066,357630224418316
1,85761,PUT,357630224420431,357630224420762
1,86017,PUT,357630224421023,357630224421343
1,86273,PUT,357630224422356,357630224422656
1,86529,PUT,357630224424721,357630224425012
1,86785,PUT,357630224427197,357630224427488
1,87041,PUT,357630224429151,357630224429502
1,87297,PUT,357630224431427,357630224431727
1,87553,PUT,357630224433091,357630224433391
1,87809,PUT,357630224433672,357630224433963
1,88065,PUT,357630224434243,357630224434614
1,88321,PUT,357630224434875,357630224435185
1,88577,PUT,357630224437340,357630224437651
1,88833,PUT,357630224439766,357630224440097
1,89089,PUT,357630224440367,357630224440658
1,89345,PUT,357630224445489,357630224445770
1,89601,PUT,357630224450010,357630224450301
1,89857,PUT,357630224452856,357630224453157
1,90113,PUT,357630224454149,357630224454430
1,90369,PUT,357630224454711,357630224455032
1,90625,PUT,357630224460013,357630224460304
1,90881,PUT,357630224462078,357630224462509
1,91137,PUT,357630224464854,357630224465145
1,91393,PUT,357630224492519,357630224492950
1,91649,PUT,357630224495175,357630224495465
1,91905,PUT,357630224497761,357630224498051
1,92161,PUT,357630224498332,357630224498773
1,92417,PUT,357630224499024,357630224499465
1,92673,PUT,357630224501850,357630224502141
1,92929,PUT,357630224502432,357630224502752
1,93185,PUT,357630224507413,357630224507704
1,93441,PUT,357630224508656,357630224508957
1,93697,PUT,357630224509949,357630224510591
1,93953,PUT,357630224510871,357630224511292
1,94209,PUT,357630224511563,357630224511994
1,94465,PUT,357630224512254,357630224512545
1,94721,PUT,357630224514139,357630224514439
1,94977,PUT,357630224514690,357630224515001
1,95233,PUT,357630224516715,357630224517046
1,95489,PUT,357630224518950,357630224519281
1,95745,PUT,357630224524784,357630224525134
1,96001,PUT,357630224525415,357630224525716
1,96257,PUT,357630224528532,357630224528893
1,96513,PUT,357630224530126,357630224530427
1,96769,PUT,357630224538355,357630224538646
1,97025,PUT,357630224540300,357630224540590
1,97281,PUT,357630224540871,357630224541242
1,97537,PUT,357630224544148,357630224544439
1,97793,PUT,357630224547526,357630224547837
1,98049,PUT,357630224548098,357630224548388
1,98305,PUT,357630224552528,357630224552829
1,98561,PUT,357630224561990,357630224562271
1,98817,PUT,357630224562551,357630224562842
1,99073,PUT,357630224563874,357630224564185
1,99329,PUT,357630224564456,357630224564756
1,99585,PUT,357630224565027,357630224565318
1,99841,PUT,357630224569197,357630224569487
1,100097,PUT,357630224570971,357630224571392
1,100353,PUT,357630224573005,357630224573296
1,100609,PUT,357630224573567,357630224573857
1,100865,PUT,357630224578107,357630224578398
1,101121,PUT,357630224578679,357630224579040
1,101377,PUT,357630224581355,357630224581666
1,101633,PUT,357630224584542,357630224584833
1,101889,PUT,357630224585104,357630224585394
1,102145,PUT,357630224585665,357630224586026
1,102401,PUT,357630224586286,357630224586607
1,102657,PUT,357630224589865,357630224590165
1,102913,PUT,357630224592761,357630224593072
1,103169,PUT,357630224595307,357630224595568
1,103425,PUT,357630224596901,357630224597192
1,103681,PUT,357630224598655,357630224598986
1,103937,PUT,357630224599256,357630224599547
1,104193,PUT,357630224605922,357630224606263
1,104449,PUT,357630224606533,357630224606824
1,104705,PUT,357630224607105,357630224607395
1,104961,PUT,357630224607656,357630224607987
1,105217,PUT,357630224632153,357630224632865
1,105473,PUT,357630224636864,357630224637154
1,105729,PUT,357630224637435,357630224637726
1,105985,PUT,357630224637986,357630224638277
1,106241,PUT,357630224639350,357630224639640
1,106497,PUT,357630224644471,357630224644762
1,106753,PUT,357630224646025,357630224646336
1,107009,PUT,357630224647438,357630224647819
1,107265,PUT,357630224649373,357630224649674
1,107521,PUT,357630224649944,357630224650235
1,107777,PUT,357630224650505,357630224650806
1,108033,PUT,357630224652831,357630224653132
1,108289,PUT,357630224653402,357630224653693
1,108545,PUT,357630224653953,357630224654244
1,108801,PUT,357630224654505,357630224654805
1,109057,PUT,357630224655066,357630224655397
1,109313,PUT,357630224655657,357630224655948
1,109569,PUT,357630224656199,357630224656570
1,109825,PUT,357630224656750,357630224657061
1,110081,PUT,357630224659386,357630224659857
1,110337,PUT,357630224660118,357630224660419
1,110593,PUT,357630224660599,357630224660829
1,110849,PUT,357630224667355,357630224667645
1,111105,PUT,357630224667836,357630224668126
1,111361,PUT,357630224677127,357630224677418
1,111617,PUT,357630224677588,357630224677929
1,111873,PUT,357630224679172,357630224679463
1,112129,PUT,357630224679773,357630224680074
1,112385,PUT,357630224680325,357630224680575
1,112641,PUT,357630224684073,357630224684384
1,112897,PUT,357630224686238,357630224686609
1,113153,PUT,357630224686880,357630224687171
1,113409,PUT,357630224687441,357630224687742
1,113665,PUT,357630224687993,357630224688193
1,113921,PUT,357630224688343,357630224688644
1,114177,PUT,357630224688905,357630224689195
1,114433,PUT,357630224700271,357630224700562
1,114689,PUT,357630224700822,357630224701143
1,114945,PUT,357630224705072,357630224705463
1,115201,PUT,357630224706516,357630224706816
1,115457,PUT,357630224707097,357630224707398
1,115713,PUT,357630224710595,357630224710886
1,115969,PUT,357630224711166,357630224711728
1,116225,PUT,357630224712790,357630224713081
1,116481,PUT,357630224713341,357630224713632
1,116737,PUT,357630224723174,357630224723465
1,116993,PUT,357630224724648,357630224724938
1,117249,PUT,357630224726723,357630224727013
1,117505,PUT,357630224729469,357630224729760
1,117761,PUT,357630224732366,357630224732736
1,118017,PUT,357630224738360,357630224738650
1,118273,PUT,357630224741116,357630224741417
1,118529,PUT,357630224760872,357630224761273
1,118785,PUT,357630224761614,357630224761924
1,119041,PUT,357630224762195,357630224762496
1,119297,PUT,357630224763498,357630224763789
1,119553,PUT,357630224764049,357630224764350
1,119809,PUT,357630224764600,357630224764891
1,120065,PUT,357630224765152,357630224765493
1,120321,PUT,357630224765763,357630224766425
1,120577,PUT,357630224784607,357630224785218
1,120833,PUT,357630224786371,357630224786702
1,121089,PUT,357630224786992,357630224787303
1,121345,PUT,357630224787554,357630224787885
1,121601,PUT,357630224788135,357630224788426
1,121857,PUT,357630224788686,357630224788997
1,122113,PUT,357630224793227,357630224793538
1,122369,PUT,357630224795302,357630224795663
1,122625,PUT,357630224795953,357630224796294
1,122881,PUT,357630224797948,357630224798259
1,123137,PUT,357630224798529,357630224798840
1,123393,PUT,357630224800103,357630224800394
1,123649,PUT,357630224800674,357630224800895
1,123905,PUT,357630224801125,357630224801436
1,124161,PUT,357630224801697,357630224802067
1,124417,PUT,357630224803060,357630224803421
1,124673,PUT,357630224805445,357630224805796
1,124929,PUT,357630224806077,357630224806367
1,125185,PUT,357630224808122,357630224808432
1,125441,PUT,357630224808723,357630224809054
1,125697,PUT,357630224822806,357630224823166
1,125953,PUT,357630224823457,357630224823818
1,126209,PUT,357630224824109,357630224824399
1,126465,PUT,357630224824650,357630224824941
1,126721,PUT,357630224825201,357630224825702
1,126977,PUT,357630224826615,357630224826915
1,127233,PUT,357630224827166,357630224827487
1,127489,PUT,357630224827737,357630224828038
1,127745,PUT,357630224829842,357630224830133
1,128001,PUT,357630224830403,357630224830794
1,128257,PUT,357630224833450,357630224833681
1,128513,PUT,357630224837209,357630224837500
1,128769,PUT,357630224839063,357630224839364
1,129025,PUT,357630224839645,357630224839935
1,129281,PUT,357630224840206,357630224840617
1,129537,PUT,357630224843955,357630224844266
1,129793,PUT,357630224845569,357630224845869
1,130049,PUT,357630224849438,357630224849738
1,130305,PUT,357630224850851,357630224851232
1,130561,PUT,357630224855852,357630224856143
1,130817,PUT,357630224856434,357630224856724
1,131073,PUT,357630224857005,357630224857306
1,131329,PUT,357630224863290,357630224863821
1,131585,PUT,357630224864102,357630224864432
1,131841,PUT,357630224864713,357630224865024
1,132097,PUT,357630224865284,357630224865585
1,132353,PUT,357630224866758,357630224867089
1,132609,PUT,357630224869183,357630224869484
1,132865,PUT,357630224871940,357630224872240
1,133121,PUT,357630224874606,357630224874967
1,133377,PUT,357630224876601,357630224876951
1,133633,PUT,357630224878154,357630224878455
1,133889,PUT,357630224878726,357630224879086
1,134145,PUT,357630224880850,357630224881141
1,134401,PUT,357630224881412,357630224881702
1,134657,PUT,357630224881983,357630224882284
1,134913,PUT,357630224882534,357630224882825
1,135169,PUT,357630224883096,357630224883447
1,135425,PUT,357630224883707,357630224883998
1,135681,PUT,357630224885521,357630224885892
1,135937,PUT,357630224888478,357630224888779
1,136193,PUT,357630224891395,357630224891796
1,136449,PUT,357630224895865,357630224896096
1,136705,PUT,357630224896387,357630224896777
1,136961,PUT,357630224897068,357630224897479
1,137217,PUT,357630224897750,357630224898101
1,137473,PUT,357630224899544,357630224899845
1,137729,PUT,357630224900095,357630224900386
1,137985,PUT,357630224902591,357630224902942
1,138241,PUT,357630224904846,357630224905177
1,138497,PUT,357630224905458,357630224905758
1,138753,PUT,357630224909848,357630224910169
1,139009,PUT,357630224914880,357630224915401
1,139265,PUT,357630224935357,357630224935928
1,139521,PUT,357630224936369,357630224936820
1,139777,PUT,357630224938715,357630224939026
1,140033,PUT,357630224941612,357630224941902
1,140289,PUT,357630224942173,357630224942464
1,140545,PUT,357630224942734,357630224943085
1,140801,PUT,357630224945942,357630224946272
1,141057,PUT,357630224946553,357630224946844
1,141313,PUT,357630224947094,357630224947435
1,141569,PUT,357630224947686,357630224948006
1,141825,PUT,357630224948257,357630224948548
1,142081,PUT,357630224948808,357630224949189
1,142337,PUT,357630224949440,357630224949781
1,142593,PUT,357630224951043,357630224951374
1,142849,PUT,357630224953680,357630224953990
1,143105,PUT,357630224954261,357630224954582
1,143361,PUT,357630224955704,357630224956105
1,143617,PUT,357630224956386,357630224956677
1,143873,PUT,357630224960676,357630224961027
1,144129,PUT,357630224961307,357630224961598
1,144385,PUT,357630224961849,357630224962139
1,144641,PUT,357630224962400,357630224962751
1,144897,PUT,357630224963011,357630224963302
1,145153,PUT,357630224965407,357630224965698
1,145409,PUT,357630224967111,357630224967391
1,145665,PUT,357630224970829,357630224971130
1,145921,PUT,357630224971401,357630224971762
1,146177,PUT,357630224973265,357630224973566
1,146433,PUT,357630224973846,357630224974147
1,146689,PUT,357630224974428,357630224974718
1,146945,PUT,357630224976142,357630224976453
1,147201,PUT,357630224976914,357630224977224
1,147457,PUT,357630224980261,357630224980612
1,147713,PUT,357630224980873,357630224981284
1,147969,PUT,357630224981544,357630224981845
1,148225,PUT,357630224989543,357630224989854
1,148481,PUT,357630224991187,357630224991477
1,148737,PUT,357630224992530,357630224992871
1,148993,PUT,357630224993141,357630224993432
1,149249,PUT,357630224995076,357630224995376
1,149505,PUT,357630224997421,357630224997732
1,271,GET,357630223860721,357630223861373
1,2063,GET,357630223890561,357630223891352
1,2831,GET,357630223891874,357630223892936
1,6415,GET,357630223896244,357630223896875
1,7695,GET,357630223897577,357630223898168
1,10511,GET,357630223899451,357630223900153
1,11279,GET,357630223900303,357630223900844
1,12303,GET,357630223900975,357630223901757
1,1037,GET,357630223903100,357630223903811
1,15375,GET,357630223905756,357630223906788
1,3597,GET,357630223907139,357630223907700
1,5645,GET,357630223908432,357630223909234
1,9485,GET,357630223910637,357630223911690
1,11021,GET,357630223911930,357630223912742
1,14093,GET,357630223913664,357630223914205
1,260,GET,357630223914977,357630223915729
1,6148,GET,357630223917643,357630223918796
1,7684,GET,357630223918946,357630223919808
1,11524,GET,357630223921081,357630223921713
1,16132,GET,357630223923637,357630223924199
1,1541,GET,357630223924349,357630223925191
1,6661,GET,357630223926484,357630223927947
1,8709,GET,357630223928098,357630223929160
1,13573,GET,357630223930493,357630223931215
1,15365,GET,357630223931365,357630223932528
1,1795,GET,357630223932688,357630223933831
1,5379,GET,357630223934543,357630223935244
1,8963,GET,357630223935385,357630223936958
1,12291,GET,357630223938251,357630223939334
1,3586,GET,357630223940055,357630223940887
1,16387,GET,357630223942170,357630223943123
1,9730,GET,357630223943824,357630223945067
1,14850,GET,357630223945819,357630223947352
1,6408,GET,357630223949758,357630223951131
1,10760,GET,357630223953146,357630223953827
1,15880,GET,357630223954539,357630223956664
1,3849,GET,357630223958047,357630223958759
1,7689,GET,357630223959511,357630223960683
1,9737,GET,357630223960834,357630223961545
1,6662,GET,357630223966246,357630223968221
1,11270,GET,357630223968923,357630223970396
1,14342,GET,357630223971078,357630223971769
1,15878,GET,357630223971919,357630223972611
1,1546,GET,357630223972761,357630223973543
1,3338,GET,357630223973684,357630223974335
1,9994,GET,357630223975748,357630223977332
1,13322,GET,357630223977472,357630223979126
1,15114,GET,357630223979257,357630223980108
1,2574,GET,357630223980810,357630223981853
1,3854,GET,357630223981993,357630223982705
1,12556,GET,357630223993439,357630223994963
1,15116,GET,357630223995795,357630223996607
1,4353,GET,357630223998501,357630223999554
1,8961,GET,357630224021444,357630224022086
1,9985,GET,357630224022697,357630224023319
1,12033,GET,357630224024241,357630224024792
1,267,GET,357630224024943,357630224026436
1,15617,GET,357630224026586,357630224027258
1,1547,GET,357630224027388,357630224028240
1,4107,GET,357630224028942,357630224029714
1,7691,GET,357630224030405,357630224031358
1,11019,GET,357630224032610,357630224033202
1,1287,GET,357630224035146,357630224036399
1,2823,GET,357630224036550,357630224037161
1,3847,GET,357630224037311,357630224037883
1,6919,GET,357630224038023,357630224039226
1,9991,GET,357630224040529,357630224041200
1,12551,GET,357630224041922,357630224042584
1,1536,GET,357630224044578,357630224045290
1,3584,GET,357630224045440,357630224046262
1,10496,GET,357630224067080,357630224067832
1,11776,GET,357630224068033,357630224068935
1,13312,GET,357630224069085,357630224069616
1,15872,GET,357630224069747,357630224071060
1,16649,GET,357630224072393,357630224073956
1,17676,GET,357630224075259,357630224076332
1,17929,GET,357630224077054,357630224079058
1,18185,GET,357630224079920,357630224081925
1,16901,GET,357630224082075,357630224083088
1,19974,GET,357630224083238,357630224084300
1,21250,GET,357630224084431,357630224085724
1,20737,GET,357630224087728,357630224088420
1,18949,GET,357630224089192,357630224091176
1,21761,GET,357630224091868,357630224092910
1,22786,GET,357630224093662,357630224095386
1,17159,GET,357630224096128,357630224097321
1,19461,GET,357630224098674,357630224100448
1,17415,GET,357630224100598,357630224101240
1,17416,GET,357630224103665,357630224104537
1,24588,GET,357630224104688,357630224105951
1,22286,GET,357630224106682,357630224107324
1,20997,GET,357630224107454,357630224108827
1,25346,GET,357630224111313,357630224113198
1,25858,GET,357630224113348,357630224113899
1,20740,GET,357630224114040,357630224115262
1,20231,GET,357630224115393,357630224116646
1,20743,GET,357630224117397,357630224119192
1,22531,GET,357630224119893,357630224120505
1,26625,GET,357630224120655,357630224122589
1,23555,GET,357630224122720,357630224124374
1,25359,GET,357630224125837,357630224128383
1,23563,GET,357630224128523,357630224129886
1,24836,GET,357630224133445,357630224134387
1,18432,GET,357630224134537,357630224135660
1,27653,GET,357630224136923,357630224137654
1,30721,GET,357630224140481,357630224141784
1,31489,GET,357630224145944,357630224146585
1,27659,GET,357630224152038,357630224153491
1,32002,GET,357630224154213,357630224154814
1,20480,GET,357630224154965,357630224156488
1,28164,GET,357630224160097,357630224161390
1,27914,GET,357630224161540,357630224162893
1,28426,GET,357630224163625,357630224164006
1,32014,GET,357630224164156,357630224165479
1,29195,GET,357630224166191,357630224166922
1,29188,GET,357630224167073,357630224167804
1,32526,GET,357630224167955,357630224168957
1,29700,GET,357630224170310,357630224171142
1,22792,GET,357630224171864,357630224172555
1,34305,GET,357630224173848,357630224174700
1,29191,GET,357630224175392,357630224176966
1,25088,GET,357630224178289,357630224179371
1,30217,GET,357630224180644,357630224181927
1,30475,GET,357630224182078,357630224182599
1,31243,GET,357630224183320,357630224184714
1,27648,GET,357630224184874,357630224185856
1,31499,GET,357630224186007,357630224186548
1,21773,GET,357630224203437,357630224204289
1,26632,GET,357630224211145,357630224212127
1,23309,GET,357630224213450,357630224214523
1,39425,GET,357630224215215,357630224215946
1,35084,GET,357630224217540,357630224218733
1,39681,GET,357630224218883,357630224219885
1,33290,GET,357630224220036,357630224220888
1,31488,GET,357630224222171,357630224223333
1,36108,GET,357630224226471,357630224227162
1,36364,GET,357630224227724,357630224230169
1,32768,GET,357630224231492,357630224232044
1,32771,GET,357630224234459,357630224235211
1,25613,GET,357630224236534,357630224238318
1,35591,GET,357630224238469,357630224239601
1,26125,GET,357630224239752,357630224240734
1,29448,GET,357630224240874,357630224241606
1,42754,GET,357630224241736,357630224242398
1,36615,GET,357630224242538,357630224243761
1,36612,GET,357630224243891,357630224244903
1,37895,GET,357630224245605,357630224247910
1,39439,GET,357630224254937,357630224255658
1,39175,GET,357630224255849,357630224256651
1,39428,GET,357630224256781,357630224258174
1,40716,GET,357630224258305,357630224260630
1,41481,GET,357630224261392,357630224262925
1,38917,GET,357630224263657,357630224264780
1,38923,GET,357630224264930,357630224266083
1,40975,GET,357630224267366,357630224267987
1,40197,GET,357630224268117,357630224269030
1,46594,GET,357630224269160,357630224270112
1,41479,GET,357630224270242,357630224271505
1,37120,GET,357630224272858,357630224274783
1,37376,GET,357630224274913,357630224275815
1,43780,GET,357630224275946,357630224276928
1,42759,GET,357630224277670,357630224278211
1,43788,GET,357630224278943,357630224279945
1,44814,GET,357630224280697,357630224281398
1,35843,GET,357630224281549,357630224282451
1,45070,GET,357630224282601,357630224283834
1,45321,GET,357630224284546,357630224285708
1,42245,GET,357630224287001,357630224287663
1,38400,GET,357630224290149,357630224291893
1,48897,GET,357630224292043,357630224293015
1,46345,GET,357630224293166,357630224294499
1,45327,GET,357630224295230,357630224296493
1,45839,GET,357630224297967,357630224299550
1,39683,GET,357630224300763,357630224301655
1,51713,GET,357630224301806,357630224302497
1,44037,GET,357630224303239,357630224303981
1,48398,GET,357630224304712,357630224306246
1,42762,GET,357630224306396,357630224307048
1,53506,GET,357630224309353,357630224310376
1,40960,GET,357630224310526,357630224311709
1,44550,GET,357630224311859,357630224312400
1,48900,GET,357630224313663,357630224314094
1,49412,GET,357630224314245,357630224315267
1,47111,GET,357630224316550,357630224317943
1,50692,GET,357630224322373,357630224323827
1,48133,GET,357630224325080,357630224325741
1,48389,GET,357630224325892,357630224326413
1,37896,GET,357630224326563,357630224327185
1,57089,GET,357630224344755,357630224345607
1,55810,GET,357630224345788,357630224348674
1,53006,GET,357630224348815,357630224349907
1,57857,GET,357630224350038,357630224351030
1,49157,GET,357630224351872,357630224353426
1,50699,GET,357630224353556,357630224355380
1,47622,GET,357630224356713,357630224357886
1,51207,GET,357630224358678,357630224360091
1,38157,GET,357630224360241,357630224361033
1,50693,GET,357630224363479,357630224364201
1,51461,GET,357630224364351,357630224366055
1,55812,GET,357630224366787,357630224368029
1,39949,GET,357630224368671,357630224369844
1,56324,GET,357630224369994,357630224371066
1,53767,GET,357630224371217,357630224373402
1,52997,GET,357630224373542,357630224374655
1,46083,GET,357630224374795,357630224376058
1,45056,GET,357630224377331,357630224378955
1,54283,GET,357630224380268,357630224381260
1,44296,GET,357630224381411,357630224383746
1,62721,GET,357630224385670,357630224386973
1,41997,GET,357630224387124,357630224387845
1,47363,GET,357630224388587,357630224390943
1,54534,GET,357630224391083,357630224392035
1,64257,GET,357630224392827,357630224393509
1,59906,GET,357630224393649,357630224396055
1,57612,GET,357630224398019,357630224398721
1,53519,GET,357630224398871,357630224401076
1,58124,GET,357630224401798,357630224402610
1,65281,GET,357630224405005,357630224406789
1,56331,GET,357630224407521,357630224408143
1,58894,GET,357630224408293,357630224409546
1,54799,GET,357630224410237,357630224410979
1,50435,GET,357630224411130,357630224412342
1,62722,GET,357630224413034,357630224415269
1,50947,GET,357630224415420,357630224416231
1,58121,GET,357630224418597,357630224419329
1,52736,GET,357630224419479,357630224420291
1,59141,GET,357630224421614,357630224422225
1,63236,GET,357630224422927,357630224424581
1,60165,GET,357630224425272,357630224427067
1,60933,GET,357630224427748,357630224429011
1,59657,GET,357630224429753,357630224430324
1,67585,GET,357630224430474,357630224431296
1,61966,GET,357630224431978,357630224432950
1,65282,GET,357630224435456,357630224437210
1,62469,GET,357630224437922,357630224439636
1,62220,GET,357630224440929,357630224441891
1,58890,GET,357630224442041,357630224443324
1,69377,GET,357630224443475,357630224443996
1,64526,GET,357630224444136,357630224445339
1,63500,GET,357630224446031,357630224446923
1,57344,GET,357630224447063,357630224447735
1,64517,GET,357630224447865,357630224449849
1,62219,GET,357630224450561,357630224451714
1,66306,GET,357630224451844,357630224452706
1,66818,GET,357630224453408,357630224453999
1,61194,GET,357630224455302,357630224456435
1,53256,GET,357630224456585,357630224457357
1,71425,GET,357630224457487,357630224459853
1,64009,GET,357630224460574,357630224461928
1,54280,GET,357630224462800,357630224463351
1,66574,GET,357630224463501,357630224464694
1,66054,GET,357630224465396,357630224466909
1,67598,GET,357630224467059,357630224467791
1,67586,GET,357630224467921,357630224469465
1,67854,GET,357630224469595,357630224470798
1,55816,GET,357630224470928,357630224472713
1,60675,GET,357630224493340,357630224494984
1,61187,GET,357630224495726,357630224496748
1,66315,GET,357630224496899,357630224497610
1,52493,GET,357630224499745,357630224500337
1,76033,GET,357630224500497,357630224501720
1,76801,GET,357630224503043,357630224504256
1,70660,GET,357630224504406,357630224507273
1,71431,GET,357630224507964,357630224508526
1,67337,GET,357630224509217,357630224509819
1,71438,GET,357630224512826,357630224514008
1,59912,GET,357630224515271,357630224516574
1,69129,GET,357630224517326,357630224518810
1,72711,GET,357630224519531,357630224520213
1,72962,GET,357630224520363,357630224521556
1,69131,GET,357630224521706,357630224523080
1,67082,GET,357630224523210,357630224524633
1,60936,GET,357630224525976,357630224528372
1,73991,GET,357630224529144,357630224529996
1,71948,GET,357630224530697,357630224532401
1,75010,GET,357630224532552,357630224533243
1,71689,GET,357630224533393,357630224535178
1,72197,GET,357630224535308,357630224537283
1,70922,GET,357630224537413,357630224538205
1,68111,GET,357630224538916,357630224540149
1,73988,GET,357630224541492,357630224543166
1,73477,GET,357630224543317,357630224543988
1,72971,GET,357630224544690,357630224546163
1,75012,GET,357630224546314,357630224547376
1,73482,GET,357630224548639,357630224549270
1,74250,GET,357630224549421,357630224551065
1,69391,GET,357630224551195,357630224551556
1,74249,GET,357630224551686,357630224552378
1,68355,GET,357630224559053,357630224560326
1,76550,GET,357630224560496,357630224561820
1,76036,GET,357630224563082,357630224563724
1,76292,GET,357630224565598,357630224567382
1,84993,GET,357630224567533,357630224569046
1,69635,GET,357630224569758,357630224570820
1,78850,GET,357630224571652,357630224572865
1,66312,GET,357630224574118,357630224575852
1,66568,GET,357630224576002,357630224576674
1,76810,GET,357630224576824,357630224577957
1,80386,GET,357630224579290,357630224580072
1,80908,GET,357630224580222,357630224581205
1,79364,GET,357630224581926,357630224583109
1,62989,GET,357630224583259,357630224584412
1,71171,GET,357630224586878,357630224587810
1,82444,GET,357630224587960,357630224589714
1,83468,GET,357630224590436,357630224592611
1,72704,GET,357630224593333,357630224593824
1,79881,GET,357630224593974,357630224595157
1,80137,GET,357630224595818,357630224596761
1,72707,GET,357630224597553,357630224598525
1,85516,GET,357630224599808,357630224602664
1,81156,GET,357630224602815,357630224603486
1,73743,GET,357630224603637,357630224604880
1,70408,GET,357630224605010,357630224605772
1,65805,GET,357630224608267,357630224609370
1,71688,GET,357630224609510,357630224611675
1,67085,GET,357630224611806,357630224613008
1,76032,GET,357630224633285,357630224635511
1,83214,GET,357630224635691,357630224636693
1,86791,GET,357630224638548,357630224639199
1,76815,GET,357630224639911,357630224640853
1,86537,GET,357630224641003,357630224643088
1,76288,GET,357630224643229,357630224644321
1,84238,GET,357630224645023,357630224645865
1,85770,GET,357630224646616,357630224647308
1,91649,GET,357630224648080,357630224649233
1,86021,GET,357630224651077,357630224652691
1,75272,GET,357630224657331,357630224658023
1,78851,GET,357630224658173,357630224659246
1,77568,GET,357630224661030,357630224661691
1,86798,GET,357630224661842,357630224663015
1,88841,GET,357630224663165,357630224664608
1,80655,GET,357630224664739,357630224665791
1,81167,GET,357630224665921,357630224667204
1,93191,GET,357630224668407,357630224670091
1,95233,GET,357630224670221,357630224670893
1,94471,GET,357630224671023,357630224673058
1,87812,GET,357630224673198,357630224674150
1,77832,GET,357630224674281,357630224675143
1,91138,GET,357630224675273,357630224676255
1,89358,GET,357630224676386,357630224676967
1,80640,GET,357630224678200,357630224679022
1,79112,GET,357630224680856,357630224682650
1,73741,GET,357630224682800,357630224683913
1,80899,GET,357630224684665,357630224686108
1,89610,GET,357630224689456,357630224690739
1,90117,GET,357630224690889,357630224691862
1,80648,GET,357630224692012,357630224694227
1,91913,GET,357630224694357,357630224695540
1,82691,GET,357630224695670,357630224696873
1,81160,GET,357630224697003,357630224698427
1,83715,GET,357630224698557,357630224700121
1,92681,GET,357630224701414,357630224703468
1,97804,GET,357630224703599,357630224704922
1,91914,GET,357630224705764,357630224706365
1,83968,GET,357630224707668,357630224708350
1,92932,GET,357630224708500,357630224710445
1,98572,GET,357630224712018,357630224712640
1,100615,GET,357630224713903,357630224716489
1,99585,GET,357630224716639,357630224717812
1,101127,GET,357630224717962,357630224718684
1,100364,GET,357630224718814,357630224720047
1,94222,GET,357630224720177,357630224721160
1,87811,GET,357630224721300,357630224723024
1,100609,GET,357630224723726,357630224724497
1,99842,GET,357630224725189,357630224726582
1,95502,GET,357630224727274,357630224727935
1,88835,GET,357630224728086,357630224729329
1,94219,GET,357630224730020,357630224731423
1,101644,GET,357630224731574,357630224732225
1,97029,GET,357630224732997,357630224734029
1,93958,GET,357630224734180,357630224735623
1,89359,GET,357630224735774,357630224736575
1,97802,GET,357630224736716,357630224738199
1,98062,GET,357630224738901,357630224739863
1,94726,GET,357630224739993,357630224740966
1,102657,GET,357630224741667,357630224742990
1,82957,GET,357630224743121,357630224744885
1,95497,GET,357630224745015,357630224746518
1,97035,GET,357630224746659,357630224748253
1,99082,GET,357630224748383,357630224750007
1,97291,GET,357630224750137,357630224751400
1,97803,GET,357630224751530,357630224752663
1,99594,GET,357630224752793,357630224753946
1,91663,GET,357630224754076,357630224755078
1,105735,GET,357630224762776,357630224763358
1,93184,GET,357630224766705,357630224768770
1,101124,GET,357630224785639,357630224786191
1,101898,GET,357630224789268,357630224789909
1,98310,GET,357630224790060,357630224791052
1,99849,GET,357630224791182,357630224793067
1,94464,GET,357630224793798,357630224795151
1,102148,GET,357630224796565,357630224797808
1,99846,GET,357630224799101,357630224799973
1,97027,GET,357630224802358,357630224802929
1,103178,GET,357630224803691,357630224804573
1,103694,GET,357630224804724,357630224805305
1,103177,GET,357630224806628,357630224807981
1,103690,GET,357630224809314,357630224809976
1,112140,GET,357630224810126,357630224811179
1,101638,GET,357630224811329,357630224811950
1,101894,GET,357630224812081,357630224812883
1,104718,GET,357630224813023,357630224813805
1,97792,GET,357630224813935,357630224815679
1,104709,GET,357630224815809,357630224817082
1,109570,GET,357630224817213,357630224817914
1,89864,GET,357630224818055,357630224818686
1,106500,GET,357630224818816,357630224820180
1,110082,GET,357630224820320,357630224820891
1,110594,GET,357630224821022,357630224822645
1,110850,GET,357630224825983,357630224826464
1,113927,GET,357630224828318,357630224829702
1,112385,GET,357630224831085,357630224831977
1,91912,GET,357630224832127,357630224833320
1,115468,GET,357630224833881,357630224836137
1,104198,GET,357630224836287,357630224837069
1,112130,GET,357630224837760,357630224838923
1,106761,GET,357630224840898,357630224842491
1,102915,GET,357630224842642,357630224843824
1,109066,GET,357630224844536,357630224845438
1,105739,GET,357630224846130,357630224846751
1,108809,GET,357630224846902,357630224849307
1,94728,GET,357630224849999,357630224850710
1,113666,GET,357630224851492,357630224853557
1,105475,GET,357630224853707,357630224855722
1,101888,GET,357630224865856,357630224866587
1,117250,GET,357630224867369,357630224869043
1,116993,GET,357630224869735,357630224871809
1,112393,GET,357630224872491,357630224874476
1,102927,GET,357630224875237,357630224876470
1,103168,GET,357630224877202,357630224878024
1,116484,GET,357630224879337,357630224880720
1,121095,GET,357630224884278,357630224885391
1,114186,GET,357630224886163,357630224887326
1,98568,GET,357630224887476,357630224888348
1,113678,GET,357630224889029,357630224890463
1,122892,GET,357630224890613,357630224891255
1,110854,GET,357630224892056,357630224893249
1,114953,GET,357630224893400,357630224894873
1,114958,GET,357630224895023,357630224895715
1,116238,GET,357630224898391,357630224899414
1,116233,GET,357630224900656,357630224901408
1,124940,GET,357630224901559,357630224902441
1,122626,GET,357630224903222,357630224904696
1,106511,GET,357630224906029,357630224908655
1,114437,GET,357630224908805,357630224909707
1,112646,GET,357630224910429,357630224911802
1,117518,GET,357630224913576,357630224914739
1,119300,GET,357630224915661,357630224916433
1,108559,GET,357630224916583,357630224917907
1,118281,GET,357630224937101,357630224938524
1,119054,GET,357630224939286,357630224940880
1,108800,GET,357630224941030,357630224941471
1,127239,GET,357630224943366,357630224944318
1,123905,GET,357630224944468,357630224945811
1,119561,GET,357630224950061,357630224950913
1,105480,GET,357630224951645,357630224952587
1,110080,GET,357630224952737,357630224953539
1,128775,GET,357630224954842,357630224955574
1,120841,GET,357630224956927,357630224958631
1,123652,GET,357630224958781,357630224959333
1,121097,GET,357630224959483,357630224960526
1,121859,GET,357630224963583,357630224965267
1,126721,GET,357630224965978,357630224966981
1,120075,GET,357630224967662,357630224968885
1,131591,GET,357630224969035,357630224969807
1,123662,GET,357630224969937,357630224970679
1,124932,GET,357630224972012,357630224973135
1,114703,GET,357630224974999,357630224976001
1,112128,GET,357630224977565,357630224978768
1,109320,GET,357630224978918,357630224980111
1,102669,GET,357630224982126,357630224983118
1,124675,GET,357630224983268,357630224983900
1,130050,GET,357630224984030,357630224987127
1,126980,GET,357630224987258,357630224989393
1,122635,GET,357630224990114,357630224991036
1,112640,GET,357630224991738,357630224992390
1,119558,GET,357630224993693,357630224994945
1,121605,GET,357630224995637,357630224997291
1,120582,GET,357630224997993,357630224999025
2,258,PUT,357630223293434,357630223293905
2,514,PUT,357630223294496,357630223294737
2,770,PUT,357630223294957,357630223295178
2,1026,PUT,357630223295468,357630223295689
2,1282,PUT,357630223295869,357630223296090
2,1538,PUT,357630223296260,357630223296481
2,1794,PUT,357630223296651,357630223296872
2,2050,PUT,357630223297162,357630223297383
2,2306,PUT,357630223297553,357630223297784
2,2562,PUT,357630223297954,357630223298175
2,2818,PUT,357630223298345,357630223298566
2,3074,PUT,357630223298856,357630223299077
2,3330,PUT,357630223299257,357630223299478
2,3586,PUT,357630223299648,357630223299869
2,3842,PUT,357630223300039,357630223300260
2,4098,PUT,357630223300560,357630223300781
2,4354,PUT,357630223300951,357630223301172
2,4610,PUT,357630223301342,357630223301573
2,4866,PUT,357630223301743,357630223301963
2,5122,PUT,357630223302254,357630223302475
2,5378,PUT,357630223302645,357630223302876
2,5634,PUT,357630223303046,357630223303267
2,5890,PUT,357630223303437,357630223303667
2,6146,PUT,357630223303958,357630223304159
2,6402,PUT,357630223304299,357630223304499
2,6658,PUT,357630223304640,357630223304840
2,6914,PUT,357630223304980,357630223305181
2,7170,PUT,357630223305321,357630223305522
2,7426,PUT,357630223305662,357630223305863
2,7682,PUT,357630223306003,357630223306203
2,7938,PUT,357630223306344,357630223306544
2,8194,PUT,357630223306835,357630223307035
2,8450,PUT,357630223307176,357630223307376
2,8706,PUT,357630223307516,357630223307717
2,8962,PUT,357630223307857,357630223308058
2,9218,PUT,357630223308198,357630223308398
2,9474,PUT,357630223308539,357630223308739
2,9730,PUT,357630223308880,357630223309080
2,9986,PUT,357630223309220,357630223309421
2,10242,PUT,357630223309711,357630223309902
2,10498,PUT,357630223310052,357630223310243
2,10754,PUT,357630223310393,357630223310584
2,11010,PUT,357630223310734,357630223310924
2,11266,PUT,357630223311075,357630223311265
2,11522,PUT,357630223311415,357630223311606
2,11778,PUT,357630223311756,357630223311947
2,12034,PUT,357630223312097,357630223312287
2,12290,PUT,357630223312578,357630223312779
2,12546,PUT,357630223312919,357630223313119
2,12802,PUT,357630223313260,357630223313460
2,13058,PUT,357630223313601,357630223313801
2,13314,PUT,357630223313941,357630223314142
2,13570,PUT,357630223314282,357630223314483
2,13826,PUT,357630223314623,357630223314823
2,14082,PUT,357630223314964,357630223315164
2,14338,PUT,357630223315445,357630223315645
2,14594,PUT,357630223315786,357630223315986
2,14850,PUT,357630223316136,357630223316327
2,15106,PUT,357630223316477,357630223316668
2,15362,PUT,357630223316818,357630223317008
2,15618,PUT,357630223317159,357630223317349
2,15874,PUT,357630223317500,357630223317690
2,16130,PUT,357630223317840,357630223318031
2,16386,PUT,357630223318321,357630223318522
2,16642,PUT,357630223862856,357630223887954
2,16898,PUT,357630223888486,357630223888756
2,17154,PUT,357630223890029,357630223890340
2,17410,PUT,357630223890721,357630223891082
2,17666,PUT,357630223891362,357630223891563
2,17922,PUT,357630223891783,357630223891974
2,18178,PUT,357630223893287,357630223893648
2,18434,PUT,357630223895402,357630223895783
2,18690,PUT,357630223896043,357630223896354
2,18946,PUT,357630223896615,357630223896905
2,19202,PUT,357630223897066,357630223897386
2,19458,PUT,357630223899201,357630223899491
2,19714,PUT,357630223899752,357630223900043
2,19970,PUT,357630223901165,357630223901466
2,20226,PUT,357630223901626,357630223901927
2,20482,PUT,357630223902177,357630223902478
2,20738,PUT,357630223904232,357630223904543
2,20994,PUT,357630223908943,357630223909294
2,21250,PUT,357630223909575,357630223909845
2,21506,PUT,357630223910126,357630223910457
2,21762,PUT,357630223910757,357630223911048
2,22018,PUT,357630223911309,357630223911529
2,22274,PUT,357630223913524,357630223913815
2,22530,PUT,357630223916511,357630223916892
2,22786,PUT,357630223919688,357630223919989
2,23042,PUT,357630223920259,357630223920550
2,23298,PUT,357630223920801,357630223921091
2,23554,PUT,357630223922745,357630223923046
2,23810,PUT,357630223924539,357630223924930
2,24066,PUT,357630223925201,357630223925492
2,24322,PUT,357630223927587,357630223927967
2,24578,PUT,357630223928248,357630223928539
2,24834,PUT,357630223930193,357630223930563
2,25090,PUT,357630223930844,357630223931145
2,25346,PUT,357630223937449,357630223937750
2,25602,PUT,357630223937921,357630223938221
2,25858,PUT,357630223938492,357630223938853
2,26114,PUT,357630223941348,357630223941639
2,26370,PUT,357630223941900,357630223942361
2,26626,PUT,357630223946781,357630223947082
2,26882,PUT,357630223948275,357630223948605
2,27138,PUT,357630223950239,357630223950460
2,27394,PUT,357630223950680,357630223950951
2,27650,PUT,357630223951241,357630223951632
2,27906,PUT,357630223956173,357630223956474
2,28162,PUT,357630223956654,357630223957015
2,28418,PUT,357630223959080,357630223959380
2,28674,PUT,357630223959551,357630223959841
2,28930,PUT,357630223960092,357630223960393
2,29186,PUT,357630223963269,357630223963570
2,29442,PUT,357630223963831,357630223964121
2,29698,PUT,357630223964382,357630223964703
2,29954,PUT,357630223964963,357630223965254
2,30210,PUT,357630223968742,357630223969043
2,30466,PUT,357630223969303,357630223969604
2,30722,PUT,357630223971148,357630223971438
2,30978,PUT,357630223973894,357630223974195
2,31234,PUT,357630223974465,357630223974786
2,31490,PUT,357630223975969,357630223976320
2,31746,PUT,357630223976590,357630223976891
2,32002,PUT,357630223978074,357630223978525
2,32258,PUT,357630223980319,357630223980630
2,32514,PUT,357630223980900,357630223981191
2,32770,PUT,357630223982163,357630223982464
2,33026,PUT,357630223989390,357630223989821
2,33282,PUT,357630223990102,357630223990392
2,33538,PUT,357630223993951,357630223994291
2,33794,PUT,357630223994582,357630223994873
2,34050,PUT,357630223995143,357630223995444
2,34306,PUT,357630223997298,357630223997599
2,34562,PUT,357630224023279,357630224023730
2,34818,PUT,357630224027779,357630224028090
2,35074,PUT,357630224035387,357630224035738
2,35330,PUT,357630224036008,357630224036299
2,35586,PUT,357630224036570,357630224036880
2,35842,PUT,357630224039136,357630224039476
2,36098,PUT,357630224039737,357630224040088
2,36354,PUT,357630224040258,357630224040639
2,36610,PUT,357630224040900,357630224041200
2,36866,PUT,357630224041381,357630224041802
2,37122,PUT,357630224042072,357630224042373
2,37378,PUT,357630224062269,357630224063091
2,37634,PUT,357630224063512,357630224063813
2,37890,PUT,357630224064073,357630224064414
2,38146,PUT,357630224064745,357630224064946
2,38402,PUT,357630224065096,357630224065467
2,38658,PUT,357630224066579,357630224067000
2,38914,PUT,357630224067291,357630224067622
2,39170,PUT,357630224072383,357630224073054
2,39426,PUT,357630224073335,357630224073626
2,39682,PUT,357630224073886,357630224074177
2,39938,PUT,357630224076252,357630224076542
2,40194,PUT,357630224078216,357630224078517
2,40450,PUT,357630224080061,357630224080361
2,40706,PUT,357630224081404,357630224081714
2,40962,PUT,357630224081985,357630224082286
2,41218,PUT,357630224082556,357630224082927
2,41474,PUT,357630224083188,357630224083489
2,41730,PUT,357630224083759,357630224084070
2,41986,PUT,357630224085583,357630224085884
2,42242,PUT,357630224086135,357630224086435
2,42498,PUT,357630224086696,357630224087077
2,42754,PUT,357630224087338,357630224087638
2,43010,PUT,357630224089873,357630224090234
2,43266,PUT,357630224090485,357630224090806
2,43522,PUT,357630224095667,357630224095958
2,43778,PUT,357630224097220,357630224097561
2,44034,PUT,357630224097842,357630224098133
2,44290,PUT,357630224098383,357630224098674
2,44546,PUT,357630224098924,357630224099215
2,44802,PUT,357630224099476,357630224099696
2,45058,PUT,357630224099937,357630224100328
2,45314,PUT,357630224100588,357630224100899
2,45570,PUT,357630224102884,357630224103174
2,45826,PUT,357630224109088,357630224109419
2,46082,PUT,357630224113037,357630224113388
2,46338,PUT,357630224113689,357630224113979
2,46594,PUT,357630224114260,357630224114551
2,46850,PUT,357630224116485,357630224116786
2,47106,PUT,357630224117047,357630224117337
2,47362,PUT,357630224117598,357630224117888
2,47618,PUT,357630224118139,357630224118440
2,47874,PUT,357630224119673,357630224120104
2,48130,PUT,357630224120374,357630224120675
2,48386,PUT,357630224121717,357630224122008
2,48642,PUT,357630224127190,357630224127481
2,48898,PUT,357630224127751,357630224128082
2,49154,PUT,357630224128343,357630224128643
2,49410,PUT,357630224128904,357630224129195
2,49666,PUT,357630224129465,357630224129806
2,49922,PUT,357630224130077,357630224130398
2,50178,PUT,357630224130658,357630224130969
2,50434,PUT,357630224131229,357630224131530
2,50690,PUT,357630224132733,357630224133094
2,50946,PUT,357630224135229,357630224135590
2,51202,PUT,357630224137163,357630224137414
2,51458,PUT,357630224141353,357630224141654
2,51714,PUT,357630224143749,357630224144039
2,51970,PUT,357630224144320,357630224144681
2,52226,PUT,357630224144951,357630224145272
2,52482,PUT,357630224147317,357630224147618
2,52738,PUT,357630224147868,357630224148159
2,52994,PUT,357630224148419,357630224148750
2,53250,PUT,357630224151717,357630224152028
2,53506,PUT,357630224152308,357630224152649
2,53762,PUT,357630224152910,357630224153381
2,54018,PUT,357630224155115,357630224155406
2,54274,PUT,357630224155666,357630224155957
2,54530,PUT,357630224158563,357630224158854
2,54786,PUT,357630224159114,357630224159425
2,55042,PUT,357630224162763,357630224163053
2,55298,PUT,357630224164607,357630224164958
2,55554,PUT,357630224174620,357630224174911
2,55810,PUT,357630224175182,357630224175522
2,56066,PUT,357630224175813,357630224176104
2,56322,PUT,357630224176374,357630224176745
2,56578,PUT,357630224177016,357630224177306
2,56834,PUT,357630224177577,357630224177898
2,57090,PUT,357630224178168,357630224178479
2,57346,PUT,357630224180334,357630224180724
2,57602,PUT,357630224180985,357630224181296
2,57858,PUT,357630224212378,357630224212819
2,58114,PUT,357630224213310,357630224213611
2,58370,PUT,357630224215716,357630224215956
2,58626,PUT,357630224216217,357630224216738
2,58882,PUT,357630224219745,357630224220106
2,59138,PUT,357630224230630,357630224231111
2,59394,PUT,357630224231412,357630224231643
2,59650,PUT,357630224233026,357630224233347
2,59906,PUT,357630224236564,357630224236875
2,60162,PUT,357630224238238,357630224238529
2,60418,PUT,357630224238799,357630224239150
2,60674,PUT,357630224240473,357630224240794
2,60930,PUT,357630224243490,357630224243841
2,61186,PUT,357630224244112,357630224244412
2,61442,PUT,357630224244683,357630224244903
2,61698,PUT,357630224247941,357630224248301
2,61954,PUT,357630224248572,357630224248973
2,62210,PUT,357630224250096,357630224250406
2,62466,PUT,357630224254125,357630224254385
2,62722,PUT,357630224258204,357630224258525
2,62978,PUT,357630224261292,357630224261642
2,63234,PUT,357630224261913,357630224262214
2,63490,PUT,357630224262484,357630224262775
2,63746,PUT,357630224263036,357630224263326
2,64002,PUT,357630224269420,357630224269711
2,64258,PUT,357630224274723,357630224275033
2,64514,PUT,357630224275314,357630224275605
2,64770,PUT,357630224276778,357630224277068
2,65026,PUT,357630224279564,357630224279885
2,65282,PUT,357630224283072,357630224283393
2,65538,PUT,357630224283663,357630224283954
2,65794,PUT,357630224296473,357630224296904
2,66050,PUT,357630224297195,357630224297496
2,66306,PUT,357630224298749,357630224299029
2,66562,PUT,357630224299300,357630224299661
2,66818,PUT,357630224299911,357630224300202
2,67074,PUT,357630224306597,357630224306998
2,67330,PUT,357630224309965,357630224310255
2,67586,PUT,357630224314736,357630224315006
2,67842,PUT,357630224318404,357630224318625
2,68098,PUT,357630224318845,357630224319136
2,68354,PUT,357630224319386,357630224319717
2,68610,PUT,357630224320940,357630224321331
2,68866,PUT,357630224321602,357630224321892
2,69122,PUT,357630224322153,357630224322504
2,69378,PUT,357630224322774,357630224323105
2,69634,PUT,357630224325601,357630224325851
2,69890,PUT,357630224326102,357630224338751
2,70146,PUT,357630224340786,357630224341127
2,70402,PUT,357630224341829,357630224342410
2,70658,PUT,357630224342701,357630224343031
2,70914,PUT,357630224343292,357630224343593
2,71170,PUT,357630224347412,357630224347702
2,71426,PUT,357630224347983,357630224348274
2,71682,PUT,357630224348534,357630224348835
2,71938,PUT,357630224349085,357630224349286
2,72194,PUT,357630224353115,357630224353415
2,72450,PUT,357630224360472,357630224360923
2,72706,PUT,357630224362817,357630224363108
2,72962,PUT,357630224363288,357630224363589
2,73218,PUT,357630224365854,357630224366155
2,73474,PUT,357630224366426,357630224366726
2,73730,PUT,357630224369834,357630224370124
2,73986,PUT,357630224370395,357630224370696
2,74242,PUT,357630224370966,357630224371257
2,74498,PUT,357630224375928,357630224376218
2,74754,PUT,357630224376499,357630224376840
2,75010,PUT,357630224377090,357630224377391
2,75266,PUT,357630224387014,357630224387314
2,75522,PUT,357630224390642,357630224390943
2,75778,PUT,357630224394671,357630224394962
2,76034,PUT,357630224395884,357630224396195
2,76290,PUT,357630224398470,357630224398771
2,76546,PUT,357630224399062,357630224399362
2,76802,PUT,357630224399643,357630224399934
2,77058,PUT,357630224402840,357630224403131
2,77314,PUT,357630224404614,357630224404895
2,77570,PUT,357630224406308,357630224406609
2,77826,PUT,357630224406880,357630224407180
2,78082,PUT,357630224417905,357630224418196
2,78338,PUT,357630224418477,357630224418777
2,78594,PUT,357630224419058,357630224419349
2,78850,PUT,357630224420602,357630224420912
2,79106,PUT,357630224421183,357630224421564
2,79362,PUT,357630224421824,357630224422115
2,79618,PUT,357630224422366,357630224422736
2,79874,PUT,357630224424821,357630224425112
2,80130,PUT,357630224425363,357630224425663
2,80386,PUT,357630224425904,357630224426305
2,80642,PUT,357630224426565,357630224426866
2,80898,PUT,357630224428129,357630224428420
2,81154,PUT,357630224431336,357630224431637
2,81410,PUT,357630224434203,357630224434504
2,81666,PUT,357630224434784,357630224435075
2,81922,PUT,357630224436037,357630224436258
2,82178,PUT,357630224437270,357630224437571
2,82434,PUT,357630224442673,357630224442963
2,82690,PUT,357630224443244,357630224443535
2,82946,PUT,357630224447534,357630224447825
2,83202,PUT,357630224449038,357630224449338
2,83458,PUT,357630224452295,357630224452686
2,83714,PUT,357630224455092,357630224455382
2,83970,PUT,357630224460444,357630224460905
2,84226,PUT,357630224461176,357630224461486
2,84482,PUT,357630224463732,357630224464012
2,84738,PUT,357630224464283,357630224464584
2,84994,PUT,357630224464854,357630224465225
2,85250,PUT,357630224465476,357630224465696
2,85506,PUT,357630224465877,357630224466107
2,85762,PUT,357630224467370,357630224467661
2,86018,PUT,357630224469665,357630224469966
2,86274,PUT,357630224470237,357630224470538
2,86530,PUT,357630224470828,357630224471119
2,86786,PUT,357630224471379,357630224471690
2,87042,PUT,357630224486023,357630224486675
2,87298,PUT,357630224487918,357630224488219
2,87554,PUT,357630224491165,357630224491446
2,87810,PUT,357630224495285,357630224495616
2,88066,PUT,357630224495896,357630224496187
2,88322,PUT,357630224497500,357630224497841
2,88578,PUT,357630224498122,357630224498512
2,88834,PUT,357630224499946,357630224500337
2,89090,PUT,357630224501930,357630224502221
2,89346,PUT,357630224504156,357630224504486
2,89602,PUT,357630224504767,357630224505048
2,89858,PUT,357630224505328,357630224505619
2,90114,PUT,357630224507333,357630224507624
2,90370,PUT,357630224509879,357630224510240
2,90626,PUT,357630224519351,357630224519732
2,90882,PUT,357630224520042,357630224520333
2,91138,PUT,357630224521596,357630224521887
2,91394,PUT,357630224522157,357630224522458
2,91650,PUT,357630224523320,357630224523621
2,91906,PUT,357630224524693,357630224524984
2,92162,PUT,357630224525766,357630224526117
2,92418,PUT,357630224530056,357630224530356
2,92674,PUT,357630224530637,357630224530928
2,92930,PUT,357630224531198,357630224531499
2,93186,PUT,357630224534506,357630224534837
2,93442,PUT,357630224536962,357630224537252
2,93698,PUT,357630224537523,357630224537804
2,93954,PUT,357630224538064,357630224538355
2,94210,PUT,357630224538606,357630224538986
2,94466,PUT,357630224539247,357630224539528
2,94722,PUT,357630224541011,357630224541392
2,94978,PUT,357630224541653,357630224541933
2,95234,PUT,357630224543036,357630224543377
2,95490,PUT,357630224543637,357630224543938
2,95746,PUT,357630224545752,357630224546043
2,96002,PUT,357630224546293,357630224546594
2,96258,PUT,357630224546855,357630224547135
2,96514,PUT,357630224547396,357630224547677
2,96770,PUT,357630224550343,357630224550654
2,97026,PUT,357630224553480,357630224553771
2,97282,PUT,357630224554041,357630224554332
2,97538,PUT,357630224554603,357630224554893
2,97794,PUT,357630224557229,357630224557520
2,98050,PUT,357630224561078,357630224561389
2,98306,PUT,357630224563193,357630224563513
2,98562,PUT,357630224569126,357630224569568
2,98818,PUT,357630224569868,357630224570149
2,99074,PUT,357630224572053,357630224572354
2,99330,PUT,357630224573878,357630224574188
2,99586,PUT,357630224574459,357630224574800
2,99842,PUT,357630224575080,357630224575421
2,100098,PUT,357630224575682,357630224576033
2,100354,PUT,357630224577185,357630224577476
2,100610,PUT,357630224584653,357630224584993
2,100866,PUT,357630224585264,357630224585585
2,101122,PUT,357630224586948,357630224587229
2,101378,PUT,357630224587509,357630224587800
2,101634,PUT,357630224592200,357630224592501
2,101890,PUT,357630224592781,357630224593253
2,102146,PUT,357630224595508,357630224595829
2,102402,PUT,357630224598956,357630224599246
2,102658,PUT,357630224599627,357630224599918
2,102914,PUT,357630224600189,357630224600479
2,103170,PUT,357630224601652,357630224601943
2,103426,PUT,357630224603256,357630224603546
2,103682,PUT,357630224604388,357630224604699
2,103938,PUT,357630224609049,357630224609340
2,104194,PUT,357630224609611,357630224609921
2,104450,PUT,357630224610182,357630224610493
2,104706,PUT,357630224611585,357630224611946
2,104962,PUT,357630224627472,357630224628124
2,105218,PUT,357630224628595,357630224628895
2,105474,PUT,357630224629156,357630224629447
2,105730,PUT,357630224629697,357630224629988
2,105986,PUT,357630224630248,357630224630539
2,106242,PUT,357630224632905,357630224633255
2,106498,PUT,357630224634468,357630224634769
2,106754,PUT,357630224635040,357630224635340
2,107010,PUT,357630224638097,357630224638397
2,107266,PUT,357630224638668,357630224638959
2,107522,PUT,357630224642637,357630224643078
2,107778,PUT,357630224643339,357630224643710
2,108034,PUT,357630224647930,357630224648150
2,108290,PUT,357630224653122,357630224653412
2,108546,PUT,357630224653693,357630224653984
2,108802,PUT,357630224655216,357630224655507
2,109058,PUT,357630224656509,357630224656800
2,109314,PUT,357630224664959,357630224665250
2,109570,PUT,357630224665520,357630224665821
2,109826,PUT,357630224666092,357630224666382
2,110082,PUT,357630224668347,357630224668658
2,110338,PUT,357630224668928,357630224669129
2,110594,PUT,357630224670682,357630224670973
2,110850,PUT,357630224674481,357630224674802
2,111106,PUT,357630224676185,357630224676466
2,111362,PUT,357630224680495,357630224680716
2,111618,PUT,357630224680966,357630224681257
2,111874,PUT,357630224682259,357630224682550
2,112130,PUT,357630224686138,357630224686529
2,112386,PUT,357630224689777,357630224690067
2,112642,PUT,357630224690348,357630224690639
2,112898,PUT,357630224691691,357630224692052
2,113154,PUT,357630224692333,357630224692693
2,113410,PUT,357630224696542,357630224696933
2,113666,PUT,357630224702877,357630224703168
2,113922,PUT,357630224703448,357630224703739
2,114178,PUT,357630224704020,357630224704310
2,114434,PUT,357630224704561,357630224704782
2,114690,PUT,357630224705032,357630224705393
2,114946,PUT,357630224705674,357630224705994
2,115202,PUT,357630224706265,357630224706616
2,115458,PUT,357630224706886,357630224707227
2,115714,PUT,357630224707488,357630224707789
2,115970,PUT,357630224708039,357630224708330
2,116226,PUT,357630224711116,357630224711507
2,116482,PUT,357630224713382,357630224713702
2,116738,PUT,357630224716779,357630224717070
2,116994,PUT,357630224720468,357630224720769
2,117250,PUT,357630224721039,357630224721330
2,117506,PUT,357630224723746,357630224724056
2,117762,PUT,357630224725861,357630224726151
2,118018,PUT,357630224726432,357630224726723
2,118274,PUT,357630224727013,357630224727304
2,118530,PUT,357630224732917,357630224733208
2,118786,PUT,357630224733478,357630224733709
2,119042,PUT,357630224734791,357630224735092
2,119298,PUT,357630224736034,357630224736325
2,119554,PUT,357630224741226,357630224741517
2,119810,PUT,357630224741798,357630224742098
2,120066,PUT,357630224742369,357630224742660
2,120322,PUT,357630224742920,357630224743211
2,120578,PUT,357630224743471,357630224743762
2,120834,PUT,357630224744013,357630224744363
2,121090,PUT,357630224747290,357630224747581
2,121346,PUT,357630224747832,357630224748132
2,121602,PUT,357630224748383,357630224748673
2,121858,PUT,357630224749776,357630224750077
2,122114,PUT,357630224750327,357630224750628
2,122370,PUT,357630224757684,357630224758005
2,122626,PUT,357630224759158,357630224759449
2,122882,PUT,357630224760401,357630224760701
2,123138,PUT,357630224766605,357630224767658
2,123394,PUT,357630224767928,357630224768490
2,123650,PUT,357630224790531,357630224791032
2,123906,PUT,357630224798760,357630224798980
2,124162,PUT,357630224799231,357630224799522
2,124418,PUT,357630224800885,357630224801185
2,124674,PUT,357630224802589,357630224802879
2,124930,PUT,357630224809515,357630224809815
2,125186,PUT,357630224813263,357630224813544
2,125442,PUT,357630224818476,357630224818796
2,125698,PUT,357630224820731,357630224821052
2,125954,PUT,357630224822174,357630224822445
2,126210,PUT,357630224822725,357630224823016
2,126466,PUT,357630224825071,357630224825362
2,126722,PUT,357630224828810,357630224829100
2,126978,PUT,357630224829381,357630224829682
2,127234,PUT,357630224831586,357630224831877
2,127490,PUT,357630224832187,357630224832478
2,127746,PUT,357630224833982,357630224834282
2,128002,PUT,357630224836066,357630224836367
2,128258,PUT,357630224837750,357630224838041
2,128514,PUT,357630224838322,357630224838612
2,128770,PUT,357630224838883,357630224839184
2,129026,PUT,357630224839444,357630224839755
2,129282,PUT,357630224840006,357630224840467
2,129538,PUT,357630224842712,357630224843003
2,129794,PUT,357630224843273,357630224843564
2,130050,PUT,357630224844676,357630224844967
2,130306,PUT,357630224846000,357630224846300
2,130562,PUT,357630224852304,357630224852595
2,130818,PUT,357630224855091,357630224855451
2,131074,PUT,357630224855732,357630224856023
2,131330,PUT,357630224861846,357630224862237
2,131586,PUT,357630224862508,357630224862799
2,131842,PUT,357630224863921,357630224864222
2,132098,PUT,357630224873724,357630224874015
2,132354,PUT,357630224876881,357630224877172
2,132610,PUT,357630224880660,357630224880961
2,132866,PUT,357630224885020,357630224885311
2,133122,PUT,357630224887947,357630224888238
2,133378,PUT,357630224888508,357630224888889
2,133634,PUT,357630224893119,357630224893339
2,133890,PUT,357630224897108,357630224897409
2,134146,PUT,357630224898461,357630224898762
2,134402,PUT,357630224899033,357630224899323
2,134658,PUT,357630224899614,357630224899955
2,134914,PUT,357630224903142,357630224903433
2,135170,PUT,357630224911622,357630224911913
2,135426,PUT,357630224914328,357630224914669
2,135682,PUT,357630224915972,357630224916443
2,135938,PUT,357630224932721,357630224933282
2,136194,PUT,357630224933743,357630224934054
2,136450,PUT,357630224934335,357630224934635
2,136706,PUT,357630224934886,357630224935277
2,136962,PUT,357630224935537,357630224935848
2,137218,PUT,357630224936109,357630224936430
2,137474,PUT,357630224937713,357630224938003
2,137730,PUT,357630224940519,357630224940820
2,137986,PUT,357630224944087,357630224944448
2,138242,PUT,357630224946393,357630224946683
2,138498,PUT,357630224951234,357630224951525
2,138754,PUT,357630224951795,357630224952096
2,139010,PUT,357630224952367,357630224952657
2,139266,PUT,357630224952918,357630224953259
2,139522,PUT,357630224953519,357630224953810
2,139778,PUT,357630224954071,357630224954361
2,140034,PUT,357630224958150,357630224958451
2,140290,PUT,357630224959643,357630224959964
2,140546,PUT,357630224963803,357630224964104
2,140802,PUT,357630224964384,357630224964705
2,141058,PUT,357630224978347,357630224978638
2,141314,PUT,357630224980642,357630224981023
2,141570,PUT,357630224981324,357630224981625
2,141826,PUT,357630224985694,357630224985985
2,142082,PUT,357630224986255,357630224986546
2,142338,PUT,357630224986807,357630224987097
2,142594,PUT,357630224990415,357630224990716
2,142850,PUT,357630224990986,357630224991287
2,143106,PUT,357630224993282,357630224993582
2,143362,PUT,357630224995457,357630224995737
2,143618,PUT,357630224996018,357630224996309
2,143874,PUT,357630224996569,357630224996860
2,144130,PUT,357630224997110,357630224997411
2,144386,PUT,357630224997672,357630224997952
2,1807,GET,357630223889097,357630223889668
2,3343,GET,357630223892154,357630223892936
2,4111,GET,357630223893938,357630223894580
2,4879,GET,357630223894730,357630223895241
2,7951,GET,357630223897647,357630223898369
2,8975,GET,357630223898519,357630223899050
2,11535,GET,357630223900333,357630223901025
2,13327,GET,357630223902749,357630223903350
2,1293,GET,357630223903501,357630223904082
2,14607,GET,357630223904864,357630223905425
2,15119,GET,357630223905646,357630223906287
2,3341,GET,357630223906437,357630223907259
2,16399,GET,357630223907390,357630223907921
2,4621,GET,357630223908051,357630223908793
2,12045,GET,357630223911730,357630223913384
2,15629,GET,357630223914085,357630223915238
2,1284,GET,357630223915398,357630223916350
2,5636,GET,357630223917162,357630223918576
2,7428,GET,357630223918726,357630223919538
2,13316,GET,357630223921272,357630223922615
2,517,GET,357630223923307,357630223924409
2,3589,GET,357630223925762,357630223926233
2,5893,GET,357630223926384,357630223927436
2,11525,GET,357630223928809,357630223930062
2,15877,GET,357630223931425,357630223932628
2,3331,GET,357630223932779,357630223934202
2,4355,GET,357630223934352,357630223934964
2,6659,GET,357630223935094,357630223935956
2,9475,GET,357630223936086,357630223937299
2,2306,GET,357630223939123,357630223939955
2,3842,GET,357630223940106,357630223941198
2,8706,GET,357630223942631,357630223944345
2,13314,GET,357630223944496,357630223946631
2,16386,GET,357630223947362,357630223948124
2,3592,GET,357630223948856,357630223950109
2,8456,GET,357630223951813,357630223952685
2,12296,GET,357630223952835,357630223954750
2,14856,GET,357630223954900,357630223956023
2,2825,GET,357630223957296,357630223957967
2,4361,GET,357630223958097,357630223958929
2,11273,GET,357630223960663,357630223962397
2,13065,GET,357630223962548,357630223963119
2,1798,GET,357630223965525,357630223966026
2,3846,GET,357630223966176,357630223966858
2,7686,GET,357630223967008,357630223968592
2,12806,GET,357630223969875,357630223970987
2,16134,GET,357630223971689,357630223972671
2,2058,GET,357630223972822,357630223973764
2,6666,GET,357630223975047,357630223975829
2,11018,GET,357630223977142,357630223977933
2,15370,GET,357630223978675,357630223980189
2,2830,GET,357630223981442,357630223982033
2,4364,GET,357630223990643,357630223991294
2,7692,GET,357630223991485,357630223992427
2,10508,GET,357630223992577,357630223993790
2,257,GET,357630223995715,357630223997158
2,2561,GET,357630223997870,357630223998601
2,4097,GET,357630223998752,357630223999363
2,5633,GET,357630223999514,357630224022928
2,11777,GET,357630224024101,357630224024692
2,14081,GET,357630224024842,357630224025805
2,15105,GET,357630224025935,357630224026697
2,1035,GET,357630224026827,357630224027619
2,4363,GET,357630224028351,357630224029884
2,6155,GET,357630224030014,357630224030906
2,8715,GET,357630224031037,357630224032009
2,13067,GET,357630224032139,357630224033913
2,15371,GET,357630224034044,357630224035237
2,5895,GET,357630224037171,357630224039005
2,15367,GET,357630224042664,357630224043917
2,512,GET,357630224044067,357630224044648
2,8192,GET,357630224065767,357630224066389
2,13824,GET,357630224067942,357630224070057
2,16384,GET,357630224070208,357630224071421
2,16898,GET,357630224071571,357630224072232
2,17670,GET,357630224074448,357630224076121
2,17678,GET,357630224076813,357630224078086
2,18702,GET,357630224078768,357630224079930
2,17679,GET,357630224080612,357630224081273
2,20225,GET,357630224084351,357630224085453
2,18437,GET,357630224087919,357630224089743
2,19465,GET,357630224091076,357630224092069
2,22796,GET,357630224092219,357630224093001
2,23308,GET,357630224093141,357630224094404
2,22017,GET,357630224094534,357630224095517
2,18187,GET,357630224096218,357630224097070
2,18443,GET,357630224101170,357630224102743
2,19722,GET,357630224103445,357630224104808
2,20485,GET,357630224104958,357630224106312
2,20483,GET,357630224106462,357630224108938
2,24321,GET,357630224109689,357630224110461
2,22277,GET,357630224110592,357630224112887
2,21002,GET,357630224114821,357630224116355
2,20999,GET,357630224118710,357630224119532
2,22283,GET,357630224120936,357630224121577
2,21511,GET,357630224122279,357630224124183
2,22279,GET,357630224124333,357630224127040
2,28673,GET,357630224131811,357630224132593
2,24587,GET,357630224133364,357630224135088
2,24329,GET,357630224135850,357630224137023
2,29697,GET,357630224137664,357630224138947
2,29442,GET,357630224139098,357630224140160
2,28421,GET,357630224140311,357630224141203
2,26115,GET,357630224141914,357630224142526
2,24841,GET,357630224142676,357630224143598
2,30722,GET,357630224145543,357630224147187
2,21256,GET,357630224149031,357630224149642
2,26883,GET,357630224149793,357630224150384
2,27142,GET,357630224150534,357630224151567
2,30734,GET,357630224153652,357630224154975
2,22280,GET,357630224156228,357630224156829
2,16909,GET,357630224156979,357630224158403
2,30479,GET,357630224159696,357630224160718
2,27651,GET,357630224160868,357630224162612
2,31237,GET,357630224163334,357630224164457
2,32270,GET,357630224165208,357630224168526
2,22528,GET,357630224168676,357630224170511
2,30726,GET,357630224170661,357630224171754
2,24064,GET,357630224171894,357630224174470
2,25600,GET,357630224178750,357630224180193
2,30980,GET,357630224181566,357630224182669
2,30985,GET,357630224182819,357630224183822
2,39169,GET,357630224213891,357630224215525
2,34830,GET,357630224217019,357630224217740
2,33034,GET,357630224217891,357630224219595
2,33541,GET,357630224220377,357630224221078
2,33797,GET,357630224221208,357630224222802
2,24333,GET,357630224222932,357630224224576
2,36876,GET,357630224231913,357630224232876
2,35077,GET,357630224233637,357630224234950
2,40962,GET,357630224235101,357630224236414
2,36356,GET,357630224237135,357630224238098
2,35847,GET,357630224239411,357630224240343
2,36106,GET,357630224241055,357630224243360
2,38415,GET,357630224245174,357630224245846
2,33280,GET,357630224245996,357630224247800
2,43522,GET,357630224249254,357630224249965
2,43778,GET,357630224250667,357630224252140
2,38660,GET,357630224252291,357630224253995
2,43777,GET,357630224254636,357630224258064
2,40207,GET,357630224258796,357630224259868
2,41742,GET,357630224260019,357630224261151
2,41993,GET,357630224263597,357630224264008
2,42505,GET,357630224264158,357630224265251
2,39685,GET,357630224265401,357630224267807
2,40455,GET,357630224267937,357630224269270
2,36864,GET,357630224269982,357630224272457
2,40202,GET,357630224272598,357630224274562
2,43785,GET,357630224275875,357630224276627
2,30733,GET,357630224277339,357630224278672
2,39686,GET,357630224278822,357630224279414
2,49154,GET,357630224280135,357630224281138
2,36099,GET,357630224281268,357630224282922
2,37123,GET,357630224289327,357630224289978
2,44039,GET,357630224290149,357630224291151
2,41482,GET,357630224291281,357630224294278
2,46857,GET,357630224294408,357630224295431
2,42757,GET,357630224295571,357630224296323
2,42502,GET,357630224297756,357630224298598
2,45580,GET,357630224300483,357630224301575
2,39936,GET,357630224301725,357630224302297
2,48142,GET,357630224302447,357630224303720
2,43019,GET,357630224303850,357630224305404
2,43275,GET,357630224305534,357630224306446
2,46348,GET,357630224307258,357630224308241
2,45061,GET,357630224308381,357630224309804
2,44555,GET,357630224310506,357630224313362
2,46860,GET,357630224313503,357630224314585
2,47116,GET,357630224315257,357630224316560
2,48393,GET,357630224316690,357630224317452
2,49924,GET,357630224317582,357630224318254
2,46603,GET,357630224319998,357630224320800
2,42240,GET,357630224323396,357630224324358
2,49161,GET,357630224324508,357630224325451
2,56321,GET,357630224339192,357630224339784
2,49935,GET,357630224339984,357630224340195
2,48140,GET,357630224340345,357630224340626
2,45578,GET,357630224341388,357630224341668
2,42752,GET,357630224343873,357630224346078
2,49671,GET,357630224346229,357630224347271
2,49419,GET,357630224349456,357630224351742
2,53518,GET,357630224351892,357630224352984
2,47882,GET,357630224353586,357630224354318
2,50183,GET,357630224356934,357630224357585
2,54532,GET,357630224357736,357630224360322
2,49925,GET,357630224361184,357630224362667
2,38925,GET,357630224363860,357630224365714
2,52491,GET,357630224366977,357630224368110
2,44547,GET,357630224368260,357630224369693
2,59649,GET,357630224371538,357630224372119
2,52485,GET,357630224372269,357630224373221
2,54542,GET,357630224373372,357630224374324
2,58626,GET,357630224374454,357630224375777
2,46080,GET,357630224377662,357630224381310
2,51466,GET,357630224381451,357630224382343
2,52742,GET,357630224382473,357630224384438
2,46595,GET,357630224384568,357630224386863
2,47360,GET,357630224387485,357630224388758
2,63233,GET,357630224388888,357630224389680
2,45832,GET,357630224389810,357630224390492
2,56590,GET,357630224391193,357630224394521
2,46856,GET,357630224395233,357630224395744
2,59652,GET,357630224396465,357630224397307
2,55819,GET,357630224397458,357630224398340
2,60420,GET,357630224400204,357630224401607
2,49920,GET,357630224401758,357630224402690
2,57614,GET,357630224403412,357630224404464
2,56582,GET,357630224405146,357630224406178
2,54282,GET,357630224407431,357630224408343
2,49667,GET,357630224408493,357630224410017
2,62468,GET,357630224410167,357630224410869
2,62466,GET,357630224411009,357630224412663
2,59143,GET,357630224412793,357630224415620
2,63234,GET,357630224415750,357630224417755
2,58889,GET,357630224419529,357630224420451
2,48136,GET,357630224423007,357630224423609
2,60686,GET,357630224423759,357630224424661
2,61454,GET,357630224427137,357630224427989
2,54272,GET,357630224428690,357630224431206
2,60684,GET,357630224431888,357630224433030
2,57098,GET,357630224433181,357630224434063
2,58383,GET,357630224435336,357630224435897
2,52995,GET,357630224436438,357630224437140
2,59151,GET,357630224437832,357630224439054
2,62476,GET,357630224439215,357630224442532
2,64519,GET,357630224443795,357630224446371
2,59402,GET,357630224446522,357630224447394
2,48653,GET,357630224447985,357630224448897
2,49165,GET,357630224449599,357630224450541
2,65550,GET,357630224450691,357630224452165
2,65036,GET,357630224452836,357630224454079
2,65292,GET,357630224454230,357630224454951
2,60687,GET,357630224455633,357630224457056
2,63499,GET,357630224457207,357630224458770
2,64011,GET,357630224458921,357630224459612
2,64518,GET,357630224459742,357630224460294
2,66311,GET,357630224461737,357630224463581
2,59648,GET,357630224466308,357630224467240
2,66310,GET,357630224467941,357630224469525
2,67847,GET,357630224487146,357630224487717
2,67340,GET,357630224488489,357630224489371
2,67078,GET,357630224489522,357630224490153
2,63242,GET,357630224490293,357630224491015
2,69122,GET,357630224491707,357630224492619
2,51213,GET,357630224492759,357630224493751
2,51725,GET,357630224493882,357630224495135
2,64010,GET,357630224496438,357630224497370
2,64271,GET,357630224498763,357630224499805
2,68364,GET,357630224500597,357630224501790
2,69902,GET,357630224502492,357630224503384
2,62467,GET,357630224503534,357630224504025
2,69126,GET,357630224505890,357630224507193
2,63235,GET,357630224507894,357630224509749
2,59400,GET,357630224510480,357630224510881
2,67593,GET,357630224511032,357630224512184
2,68613,GET,357630224512335,357630224513638
2,64771,GET,357630224520594,357630224521446
2,65283,GET,357630224522709,357630224523190
2,64000,GET,357630224523871,357630224524553
2,70661,GET,357630224525235,357630224525635
2,67594,GET,357630224526367,357630224527720
2,65024,GET,357630224527871,357630224528743
2,68106,GET,357630224528893,357630224529905
2,71435,GET,357630224531770,357630224533343
2,71691,GET,357630224533474,357630224534356
2,65792,GET,357630224535107,357630224536811
2,72459,GET,357630224539808,357630224540871
2,57357,GET,357630224542204,357630224542906
2,76039,GET,357630224544209,357630224545612
2,58893,GET,357630224547957,357630224549030
2,76034,GET,357630224549180,357630224550193
2,66560,GET,357630224550924,357630224551917
2,75269,GET,357630224552047,357630224552658
2,76038,GET,357630224552799,357630224553330
2,75019,GET,357630224555164,357630224555786
2,68099,GET,357630224555936,357630224557079
2,65032,GET,357630224557790,357630224558472
2,78599,GET,357630224558622,357630224559584
2,76805,GET,357630224559715,357630224560927
2,77836,GET,357630224561639,357630224562220
2,78092,GET,357630224562361,357630224563032
2,77316,GET,357630224570440,357630224571873
2,61709,GET,357630224572605,357630224573737
2,76554,GET,357630224576293,357630224577045
2,86529,GET,357630224577747,357630224578769
2,78347,GET,357630224578919,357630224579982
2,77577,GET,357630224580112,357630224581134
2,82439,GET,357630224581265,357630224582016
2,79374,GET,357630224582147,357630224583179
2,77833,GET,357630224583309,357630224584502
2,68616,GET,357630224585835,357630224586808
2,79113,GET,357630224588060,357630224589233
2,80907,GET,357630224589384,357630224590075
2,80132,GET,357630224590225,357630224591138
2,64013,GET,357630224591268,357630224592040
2,84236,GET,357630224593523,357630224595367
2,73472,GET,357630224596129,357630224596680
2,82699,GET,357630224596831,357630224598825
2,85260,GET,357630224600750,357630224601522
2,82953,GET,357630224602203,357630224603115
2,83465,GET,357630224603797,357630224604258
2,90113,GET,357630224604970,357630224605932
2,84233,GET,357630224606082,357630224607285
2,71176,GET,357630224607435,357630224608889
2,81924,GET,357630224610763,357630224611435
2,85257,GET,357630224612217,357630224612938
2,85767,GET,357630224630820,357630224631331
2,91137,GET,357630224631531,357630224632043
2,76035,GET,357630224632183,357630224632754
2,72712,GET,357630224633516,357630224634318
2,84747,GET,357630224635611,357630224636593
2,85003,GET,357630224636744,357630224637946
2,68365,GET,357630224639740,357630224640252
2,87047,GET,357630224640402,357630224642507
2,85771,GET,357630224643970,357630224645293
2,86793,GET,357630224645444,357630224646677
2,74248,GET,357630224646827,357630224647769
2,86795,GET,357630224648391,357630224650706
2,92161,GET,357630224650856,357630224652199
2,88834,GET,357630224652330,357630224652971
2,89090,GET,357630224654244,357630224655076
2,78863,GET,357630224655748,357630224656369
2,79119,GET,357630224657051,357630224658243
2,75528,GET,357630224658394,357630224659677
2,90887,GET,357630224659827,357630224660659
2,93441,GET,357630224660799,357630224661671
2,91399,GET,357630224661802,357630224662914
2,93697,GET,357630224663045,357630224663957
2,79107,GET,357630224664097,357630224664809
2,89097,GET,357630224666653,357630224667335
2,87562,GET,357630224667465,357630224668197
2,81423,GET,357630224669299,357630224670532
2,93959,GET,357630224671254,357630224671835
2,88586,GET,357630224671985,357630224672807
2,81935,GET,357630224672938,357630224674331
2,78088,GET,357630224675053,357630224676035
2,82703,GET,357630224676716,357630224678100
2,80896,GET,357630224678250,357630224679383
2,86790,GET,357630224679523,357630224680325
2,78856,GET,357630224681528,357630224682119
2,89098,GET,357630224682811,357630224684675
2,73997,GET,357630224684825,357630224685998
2,81155,GET,357630224686780,357630224687842
2,93442,GET,357630224687993,357630224689646
2,91150,GET,357630224690899,357630224691551
2,88838,GET,357630224692944,357630224695320
2,75533,GET,357630224695470,357630224696412
2,97292,GET,357630224697194,357630224698327
2,89350,GET,357630224698477,357630224699469
2,89862,GET,357630224699620,357630224700792
2,91658,GET,357630224700933,357630224702727
2,99335,GET,357630224708600,357630224710956
2,84480,GET,357630224711778,357630224712409
2,93957,GET,357630224712560,357630224713221
2,98817,GET,357630224713953,357630224714685
2,79373,GET,357630224714835,357630224716629
2,87299,GET,357630224717331,357630224718233
2,100620,GET,357630224718383,357630224720318
2,93705,GET,357630224721591,357630224723615
2,95498,GET,357630224724307,357630224725720
2,95754,GET,357630224727574,357630224728136
2,84232,GET,357630224728286,357630224729108
2,88335,GET,357630224729248,357630224730662
2,96782,GET,357630224730792,357630224732757
2,102668,GET,357630224733909,357630224734641
2,103180,GET,357630224735363,357630224735904
2,97546,GET,357630224736575,357630224737447
2,94470,GET,357630224737598,357630224738450
2,104204,GET,357630224738600,357630224739512
2,90627,GET,357630224739643,357630224741076
2,103687,GET,357630224744644,357630224746328
2,94982,GET,357630224746478,357630224747140
2,96265,GET,357630224748954,357630224749646
2,99338,GET,357630224750889,357630224753084
2,99850,GET,357630224753234,357630224755149
2,87304,GET,357630224755279,357630224756652
2,90880,GET,357630224756792,357630224757524
2,98315,GET,357630224758276,357630224759007
2,87816,GET,357630224759699,357630224760270
2,93187,GET,357630224760962,357630224762606
2,100356,GET,357630224762756,357630224764069
2,104962,GET,357630224765703,357630224766455
2,98825,GET,357630224768770,357630224769742
2,108812,GET,357630224769883,357630224770424
2,109836,GET,357630224791453,357630224792686
2,107010,GET,357630224792856,357630224794159
2,102410,GET,357630224794299,357630224795222
2,94976,GET,357630224795362,357630224796094
2,101129,GET,357630224796224,357630224797687
2,95744,GET,357630224797818,357630224798589
2,102666,GET,357630224799782,357630224800744
2,109063,GET,357630224801436,357630224802448
2,88584,GET,357630224803140,357630224805475
2,108546,GET,357630224805626,357630224807460
2,88840,GET,357630224807610,357630224808252
2,109313,GET,357630224808382,357630224809364
2,104714,GET,357630224810066,357630224811279
2,110081,GET,357630224811419,357630224813113
2,96783,GET,357630224813795,357630224815008
2,112908,GET,357630224815148,357630224816441
2,111111,GET,357630224816571,357630224818325
2,102150,GET,357630224819057,357630224819829
2,104457,GET,357630224819959,357630224820580
2,99587,GET,357630224821302,357630224822024
2,114444,GET,357630224823267,357630224824931
2,106506,GET,357630224825622,357630224827386
2,113671,GET,357630224827537,357630224828679
2,88333,GET,357630224829932,357630224831446
2,92168,GET,357630224832739,357630224833851
2,106510,GET,357630224834543,357630224835024
2,88589,GET,357630224835174,357630224835936
2,88845,GET,357630224836628,357630224837620
2,113921,GET,357630224840747,357630224841399
2,117260,GET,357630224841549,357630224842572
2,108302,GET,357630224843835,357630224844536
2,107529,GET,357630224845218,357630224845869
2,90125,GET,357630224846561,357630224847443
2,109070,GET,357630224847593,357630224848886
2,109833,GET,357630224849037,357630224851071
2,114689,GET,357630224851202,357630224852154
2,114434,GET,357630224852865,357630224854940
2,92429,GET,357630224863079,357630224863741
2,101135,GET,357630224864492,357630224867720
2,110085,GET,357630224867870,357630224869294
2,108291,GET,357630224869444,357630224870547
2,108547,GET,357630224870687,357630224871679
2,115972,GET,357630224871809,357630224872591
2,118018,GET,357630224872732,357630224873574
2,102656,GET,357630224874265,357630224875378
2,119815,GET,357630224875508,357630224876731
2,109579,GET,357630224877433,357630224878315
2,121100,GET,357630224878445,357630224880510
2,110091,GET,357630224881221,357630224883557
2,119554,GET,357630224883687,357630224884870
2,111363,GET,357630224885581,357630224886534
2,120578,GET,357630224886664,357630224887787
2,111115,GET,357630224889140,357630224889962
2,117252,GET,357630224890112,357630224890984
2,117508,GET,357630224891114,357630224891946
2,111371,GET,357630224892077,357630224892969
2,122119,GET,357630224893520,357630224895104
2,99336,GET,357630224895234,357630224896156
2,115470,GET,357630224896296,357630224896958
2,96013,GET,357630224897680,357630224898311
2,100104,GET,357630224900215,357630224900817
2,113157,GET,357630224900967,357630224901949
2,112907,GET,357630224902110,357630224902992
2,118788,GET,357630224903694,357630224904175
2,106496,GET,357630224904315,357630224906330
2,123911,GET,357630224906460,357630224908374
2,100872,GET,357630224908505,357630224909297
2,118026,GET,357630224909427,357630224911462
2,102408,GET,357630224913105,357630224914178
2,112902,GET,357630224914930,357630224915832
2,119556,GET,357630224916704,357630224917776
2,115973,GET,357630224936710,357630224937512
2,115979,GET,357630224938274,357630224940389
2,116995,GET,357630224941070,357630224942023
2,103944,GET,357630224942173,357630224943255
2,109568,GET,357630224943406,357630224943937
2,124161,GET,357630224944699,357630224946262
2,105224,GET,357630224946944,357630224948678
2,127495,GET,357630224948828,357630224949881
2,98829,GET,357630224950031,357630224951084
2,121870,GET,357630224954632,357630224955384
2,120579,GET,357630224955534,357630224958000
2,122894,GET,357630224958721,357630224959513
2,130567,GET,357630224960215,357630224961127
2,125954,GET,357630224961277,357630224963663
2,126466,GET,357630224964976,357630224966068
2,107272,GET,357630224966219,357630224967843
2,130060,GET,357630224967993,357630224969276
2,101133,GET,357630224969416,357630224970228
2,122633,GET,357630224970368,357630224971070
2,130572,GET,357630224971210,357630224972012
2,117254,GET,357630224972142,357630224972794
2,120843,GET,357630224972934,357630224974057
2,132615,GET,357630224974187,357630224975831
2,119045,GET,357630224975961,357630224976523
2,123651,GET,357630224976663,357630224977154
2,119301,GET,357630224977294,357630224978197
2,128769,GET,357630224979018,357630224980492
2,121867,GET,357630224981875,357630224983539
2,102925,GET,357630224983689,357630224984311
2,129794,GET,357630224984461,357630224985544
2,116495,GET,357630224987368,357630224989583
2,134151,GET,357630224989733,357630224990265
2,133132,GET,357630224991558,357630224992299
2,122891,GET,357630224992450,357630224993121
2,126730,GET,357630224993853,357630224995306
3,259,PUT,357630223277817,357630223278880
3,515,PUT,357630223279441,357630223279712
3,771,PUT,357630223279932,357630223280133
3,1027,PUT,357630223280273,357630223280474
3,1283,PUT,357630223280614,357630223280814
3,1539,PUT,357630223280955,357630223281155
3,1795,PUT,357630223281295,357630223281496
3,2051,PUT,357630223281777,357630223281977
3,2307,PUT,357630223282117,357630223282318
3,2563,PUT,357630223282458,357630223282659
3,2819,PUT,357630223282799,357630223282999
3,3075,PUT,357630223283140,357630223283340
3,3331,PUT,357630223283481,357630223283681
3,3587,PUT,357630223283821,357630223284022
3,3843,PUT,357630223284162,357630223284363
3,4099,PUT,357630223284653,357630223284854
3,4355,PUT,357630223284994,357630223285195
3,4611,PUT,357630223285335,357630223285535
3,4867,PUT,357630223285676,357630223285876
3,5123,PUT,357630223286016,357630223286217
3,5379,PUT,357630223286357,357630223286558
3,5635,PUT,357630223286698,357630223286898
3,5891,PUT,357630223287039,357630223287239
3,6147,PUT,357630223287530,357630223287720
3,6403,PUT,357630223287871,357630223288061
3,6659,PUT,357630223288212,357630223288412
3,6915,PUT,357630223288552,357630223288753
3,7171,PUT,357630223288893,357630223289094
3,7427,PUT,357630223289234,357630223289434
3,7683,PUT,357630223289575,357630223289775
3,7939,PUT,357630223289916,357630223290116
3,8195,PUT,357630223290407,357630223290597
3,8451,PUT,357630223290747,357630223290938
3,8707,PUT,357630223291088,357630223291279
3,8963,PUT,357630223291429,357630223291619
3,9219,PUT,357630223291770,357630223291960
3,9475,PUT,357630223292111,357630223292301
3,9731,PUT,357630223292451,357630223292642
3,9987,PUT,357630223292792,357630223292983
3,10243,PUT,357630223293273,357630223293474
3,10499,PUT,357630223293614,357630223293815
3,10755,PUT,357630223293955,357630223294185
3,11011,PUT,357630223294356,357630223294546
3,11267,PUT,357630223294697,357630223294917
3,11523,PUT,357630223295088,357630223295318
3,11779,PUT,357630223295508,357630223295729
3,12035,PUT,357630223295899,357630223296120
3,12291,PUT,357630223296300,357630223296521
3,12547,PUT,357630223296691,357630223296912
3,12803,PUT,357630223297192,357630223297423
3,13059,PUT,357630223297593,357630223297814
3,13315,PUT,357630223297984,357630223298215
3,13571,PUT,357630223298385,357630223298606
3,13827,PUT,357630223298896,357630223299117
3,14083,PUT,357630223299287,357630223299508
3,14339,PUT,357630223299688,357630223299909
3,14595,PUT,357630223300079,357630223300300
3,14851,PUT,357630223300590,357630223300821
3,15107,PUT,357630223300991,357630223301212
3,15363,PUT,357630223301382,357630223301603
3,15619,PUT,357630223301773,357630223302004
3,15875,PUT,357630223302294,357630223302515
3,16131,PUT,357630223302685,357630223302906
3,16387,PUT,357630223303076,357630223303307
3,16643,PUT,357630223904072,357630223904633
3,16899,PUT,357630223907380,357630223907770
3,17155,PUT,357630223907951,357630223908322
3,17411,PUT,357630223909505,357630223909805
3,17667,PUT,357630223910918,357630223911289
3,17923,PUT,357630223911579,357630223912030
3,18179,PUT,357630223912351,357630223912652
3,18435,PUT,357630223913554,357630223913855
3,18691,PUT,357630223914035,357630223914336
3,18947,PUT,357630223915408,357630223915699
3,19203,PUT,357630223918756,357630223919137
3,19459,PUT,357630223921452,357630223921743
3,19715,PUT,357630223924519,357630223924890
3,19971,PUT,357630223926253,357630223926554
3,20227,PUT,357630223930183,357630223930523
3,20483,PUT,357630223932177,357630223932478
3,20739,PUT,357630223934372,357630223934703
3,20995,PUT,357630223934974,357630223935264
3,21251,PUT,357630223935545,357630223935836
3,21507,PUT,357630223936096,357630223936397
3,21763,PUT,357630223941308,357630223941609
3,22019,PUT,357630223944536,357630223944887
3,22275,PUT,357630223945157,357630223945458
3,22531,PUT,357630223945648,357630223945999
3,22787,PUT,357630223948986,357630223949287
3,23043,PUT,357630223949537,357630223949828
3,23299,PUT,357630223950079,357630223950379
3,23555,PUT,357630223950630,357630223950921
3,23811,PUT,357630223951181,357630223951602
3,24067,PUT,357630223954940,357630223955231
3,24323,PUT,357630223956444,357630223956674
3,24579,PUT,357630223957506,357630223957857
3,24835,PUT,357630223958137,357630223958438
3,25091,PUT,357630223960062,357630223960353
3,25347,PUT,357630223960633,357630223960934
3,25603,PUT,357630223962578,357630223962919
3,25859,PUT,357630223964643,357630223964933
3,26115,PUT,357630223966136,357630223966427
3,26371,PUT,357630223966697,357630223966998
3,26627,PUT,357630223972862,357630223973162
3,26883,PUT,357630223974044,357630223974265
3,27139,PUT,357630223974505,357630223974816
3,27395,PUT,357630223978054,357630223978485
3,27651,PUT,357630223984519,357630223984870
3,27907,PUT,357630223992537,357630223992838
3,28163,PUT,357630223993119,357630223993419
3,28419,PUT,357630223993690,357630223994071
3,28675,PUT,357630224025875,357630224026276
3,28931,PUT,357630224027809,357630224028130
3,29187,PUT,357630224028401,357630224028761
3,29443,PUT,357630224029042,357630224029343
3,29699,PUT,357630224030886,357630224031187
3,29955,PUT,357630224034084,357630224034435
3,30211,PUT,357630224034705,357630224035026
3,30467,PUT,357630224036419,357630224036720
3,30723,PUT,357630224036991,357630224037291
3,30979,PUT,357630224039176,357630224039506
3,31235,PUT,357630224043255,357630224043556
3,31491,PUT,357630224043847,357630224044177
3,31747,PUT,357630224065667,357630224066068
3,32003,PUT,357630224067361,357630224067652
3,32259,PUT,357630224070228,357630224070518
3,32515,PUT,357630224077104,357630224077394
3,32771,PUT,357630224080903,357630224081193
3,33027,PUT,357630224092870,357630224093291
3,33283,PUT,357630224093572,357630224093863
3,33539,PUT,357630224094995,357630224095306
3,33795,PUT,357630224099205,357630224099636
3,34051,PUT,357630224104928,357630224105249
3,34307,PUT,357630224105520,357630224105820
3,34563,PUT,357630224106823,357630224107154
3,34819,PUT,357630224110291,357630224110582
3,35075,PUT,357630224110852,357630224111143
3,35331,PUT,357630224114811,357630224115102
3,35587,PUT,357630224123221,357630224123522
3,35843,PUT,357630224129536,357630224129846
3,36099,PUT,357630224130127,357630224130438
3,36355,PUT,357630224130708,357630224131009
3,36611,PUT,357630224132302,357630224132683
3,36867,PUT,357630224133856,357630224134146
3,37123,PUT,357630224135870,357630224136181
3,37379,PUT,357630224136452,357630224136812
3,37635,PUT,357630224137083,357630224137374
3,37891,PUT,357630224140280,357630224140581
3,38147,PUT,357630224140842,357630224141132
3,38403,PUT,357630224141393,357630224141684
3,38659,PUT,357630224141944,357630224142325
3,38915,PUT,357630224142596,357630224142907
3,39171,PUT,357630224143177,357630224143468
3,39427,PUT,357630224144550,357630224144771
3,39683,PUT,357630224145944,357630224146284
3,39939,PUT,357630224150574,357630224150865
3,40195,PUT,357630224151136,357630224151497
3,40451,PUT,357630224153571,357630224154012
3,40707,PUT,357630224159966,357630224160257
3,40963,PUT,357630224163334,357630224163635
3,41219,PUT,357630224168646,357630224168937
3,41475,PUT,357630224176906,357630224177347
3,41731,PUT,357630224179351,357630224179662
3,41987,PUT,357630224199097,357630224199869
3,42243,PUT,357630224200420,357630224200771
3,42499,PUT,357630224201062,357630224201372
3,42755,PUT,357630224201633,357630224202074
3,43011,PUT,357630224202335,357630224202635
3,43267,PUT,357630224202896,357630224203377
3,43523,PUT,357630224206615,357630224206905
3,43779,PUT,357630224207888,357630224208228
3,44035,PUT,357630224208499,357630224208790
3,44291,PUT,357630224209872,357630224210163
3,44547,PUT,357630224210413,357630224210704
3,44803,PUT,357630224210965,357630224211325
3,45059,PUT,357630224212478,357630224212779
3,45315,PUT,357630224213029,357630224213350
3,45571,PUT,357630224215625,357630224215916
3,45827,PUT,357630224216177,357630224216698
3,46083,PUT,357630224216969,357630224217400
3,46339,PUT,357630224226390,357630224226701
3,46595,PUT,357630224226972,357630224227273
3,46851,PUT,357630224229558,357630224229959
3,47107,PUT,357630224231272,357630224231603
3,47363,PUT,357630224231873,357630224232274
3,47619,PUT,357630224232545,357630224233126
3,47875,PUT,357630224235061,357630224235391
3,48131,PUT,357630224235662,357630224235993
3,48387,PUT,357630224240523,357630224240834
3,48643,PUT,357630224241115,357630224241405
3,48899,PUT,357630224241666,357630224242017
3,49155,PUT,357630224244523,357630224244813
3,49411,PUT,357630224250086,357630224250376
3,49667,PUT,357630224250647,357630224250998
3,49923,PUT,357630224251278,357630224251569
3,50179,PUT,357630224253423,357630224253734
3,50435,PUT,357630224253995,357630224254345
3,50691,PUT,357630224258164,357630224258485
3,50947,PUT,357630224259968,357630224260259
3,51203,PUT,357630224264038,357630224264339
3,51459,PUT,357630224264599,357630224264940
3,51715,PUT,357630224265221,357630224265511
3,51971,PUT,357630224269380,357630224269671
3,52227,PUT,357630224276086,357630224276377
3,52483,PUT,357630224277950,357630224278241
3,52739,PUT,357630224278512,357630224278862
3,52995,PUT,357630224283032,357630224283353
3,53251,PUT,357630224283633,357630224283924
3,53507,PUT,357630224285438,357630224285738
3,53763,PUT,357630224286009,357630224286340
3,54019,PUT,357630224286620,357630224287001
3,54275,PUT,357630224291271,357630224291562
3,54531,PUT,357630224291832,357630224292133
3,54787,PUT,357630224294459,357630224294749
3,55043,PUT,357630224295010,357630224295301
3,55299,PUT,357630224295561,357630224295842
3,55555,PUT,357630224298698,357630224298989
3,55811,PUT,357630224299260,357630224299621
3,56067,PUT,357630224299881,357630224300172
3,56323,PUT,357630224300432,357630224300793
3,56579,PUT,357630224301054,357630224301345
3,56835,PUT,357630224302407,357630224302718
3,57091,PUT,357630224302978,357630224303269
3,57347,PUT,357630224303530,357630224303820
3,57603,PUT,357630224304081,357630224304372
3,57859,PUT,357630224304632,357630224304933
3,58115,PUT,357630224313483,357630224313854
3,58371,PUT,357630224314124,357630224314415
3,58627,PUT,357630224314676,357630224314966
3,58883,PUT,357630224315227,357630224315517
3,59139,PUT,357630224315778,357630224316079
3,59395,PUT,357630224316339,357630224316640
3,59651,PUT,357630224317632,357630224317933
3,59907,PUT,357630224318184,357630224318545
3,60163,PUT,357630224320569,357630224320860
3,60419,PUT,357630224323706,357630224323997
3,60675,PUT,357630224324278,357630224324589
3,60931,PUT,357630224324859,357630224325160
3,61187,PUT,357630224325431,357630224325821
3,61443,PUT,357630224338701,357630224339082
3,61699,PUT,357630224339443,357630224339644
3,61955,PUT,357630224339794,357630224339994
3,62211,PUT,357630224341568,357630224341869
3,62467,PUT,357630224344084,357630224344385
3,62723,PUT,357630224344665,357630224345016
3,62979,PUT,357630224349436,357630224349727
3,63235,PUT,357630224350008,357630224350398
3,63491,PUT,357630224350659,357630224351020
3,63747,PUT,357630224351271,357630224351661
3,64003,PUT,357630224351932,357630224352223
3,64259,PUT,357630224353927,357630224354227
3,64515,PUT,357630224361524,357630224361895
3,64771,PUT,357630224363068,357630224363359
3,65027,PUT,357630224363639,357630224363940
3,65283,PUT,357630224365884,357630224366185
3,65539,PUT,357630224369864,357630224370164
3,65795,PUT,357630224379566,357630224379937
3,66051,PUT,357630224380208,357630224380508
3,66307,PUT,357630224380789,357630224381080
3,66563,PUT,357630224381260,357630224381591
3,66819,PUT,357630224387054,357630224387344
3,67075,PUT,357630224388928,357630224389219
3,67331,PUT,357630224395864,357630224396165
3,67587,PUT,357630224397428,357630224397879
3,67843,PUT,357630224398169,357630224398470
3,68099,PUT,357630224401708,357630224401998
3,68355,PUT,357630224404564,357630224404855
3,68611,PUT,357630224407661,357630224407952
3,68867,PUT,357630224408223,357630224408574
3,69123,PUT,357630224415770,357630224416071
3,69379,PUT,357630224418066,357630224418396
3,69635,PUT,357630224418677,357630224419008
3,69891,PUT,357630224419278,357630224419579
3,70147,PUT,357630224421263,357630224421594
3,70403,PUT,357630224421854,357630224422145
3,70659,PUT,357630224422406,357630224422767
3,70915,PUT,357630224424831,357630224425142
3,71171,PUT,357630224433772,357630224434063
3,71427,PUT,357630224434263,357630224434544
3,71683,PUT,357630224434795,357630224435115
3,71939,PUT,357630224435366,357630224435667
3,72195,PUT,357630224435847,357630224436148
3,72451,PUT,357630224444587,357630224444938
3,72707,PUT,357630224445209,357630224445549
3,72963,PUT,357630224445820,357630224446111
3,73219,PUT,357630224447504,357630224447795
3,73475,PUT,357630224448055,357630224448356
3,73731,PUT,357630224449669,357630224449970
3,73987,PUT,357630224450240,357630224450531
3,74243,PUT,357630224452335,357630224452716
3,74499,PUT,357630224455142,357630224455422
3,74755,PUT,357630224457227,357630224457517
3,75011,PUT,357630224457798,357630224458119
3,75267,PUT,357630224459572,357630224459983
3,75523,PUT,357630224460274,357630224460564
3,75779,PUT,357630224463682,357630224463972
3,76035,PUT,357630224465125,357630224465416
3,76291,PUT,357630224465686,357630224465977
3,76547,PUT,357630224489301,357630224489832
3,76803,PUT,357630224490293,357630224490694
3,77059,PUT,357630224490975,357630224491256
3,77315,PUT,357630224491516,357630224491867
3,77571,PUT,357630224496979,357630224497270
3,77827,PUT,357630224499996,357630224500377
3,78083,PUT,357630224500647,357630224500848
3,78339,PUT,357630224501008,357630224501419
3,78595,PUT,357630224504146,357630224504446
3,78851,PUT,357630224506180,357630224506471
3,79107,PUT,357630224510851,357630224511142
3,79363,PUT,357630224512365,357630224512695
3,79619,PUT,357630224514069,357630224514359
3,79875,PUT,357630224514630,357630224514921
3,80131,PUT,357630224521636,357630224521927
3,80387,PUT,357630224525746,357630224526077
3,80643,PUT,357630224526347,357630224526638
3,80899,PUT,357630224532842,357630224533133
3,81155,PUT,357630224534476,357630224534797
3,81411,PUT,357630224535077,357630224535428
3,81667,PUT,357630224536982,357630224537283
3,81923,PUT,357630224537553,357630224537844
3,82179,PUT,357630224538114,357630224538385
3,82435,PUT,357630224543026,357630224543347
3,82691,PUT,357630224543617,357630224543908
3,82947,PUT,357630224544158,357630224544509
3,83203,PUT,357630224544770,357630224544970
3,83459,PUT,357630224545121,357630224545462
3,83715,PUT,357630224546875,357630224547165
3,83971,PUT,357630224547426,357630224547717
3,84227,PUT,357630224547977,357630224548278
3,84483,PUT,357630224550353,357630224550694
3,84739,PUT,357630224550944,357630224551235
3,84995,PUT,357630224551486,357630224551686
3,85251,PUT,357630224551836,357630224552127
3,85507,PUT,357630224553270,357630224553560
3,85763,PUT,357630224553811,357630224554102
3,86019,PUT,357630224555976,357630224556267
3,86275,PUT,357630224556527,357630224556818
3,86531,PUT,357630224558141,357630224558422
3,86787,PUT,357630224559755,357630224560045
3,87043,PUT,357630224562331,357630224562621
3,87299,PUT,357630224566280,357630224566571
3,87555,PUT,357630224569578,357630224569858
3,87811,PUT,357630224571973,357630224572314
3,88067,PUT,357630224575371,357630224575802
3,88323,PUT,357630224576063,357630224576433
3,88579,PUT,357630224576714,357630224577075
3,88835,PUT,357630224577336,357630224577626
3,89091,PUT,357630224578939,357630224579230
3,89347,PUT,357630224580312,357630224580603
3,89603,PUT,357630224582317,357630224582688
3,89859,PUT,357630224582979,357630224583269
3,90115,PUT,357630224583540,357630224583831
3,90371,PUT,357630224585144,357630224585545
3,90627,PUT,357630224587650,357630224587870
3,90883,PUT,357630224590256,357630224590556
3,91139,PUT,357630224592230,357630224592531
3,91395,PUT,357630224595488,357630224595798
3,91651,PUT,357630224604368,357630224604659
3,91907,PUT,357630224604960,357630224605250
3,92163,PUT,357630224605521,357630224605872
3,92419,PUT,357630224606122,357630224606433
3,92675,PUT,357630224606694,357630224606984
3,92931,PUT,357630224607245,357630224607546
3,93187,PUT,357630224609079,357630224609370
3,93443,PUT,357630224609631,357630224609951
3,93699,PUT,357630224611395,357630224611675
3,93955,PUT,357630224632013,357630224632474
3,94211,PUT,357630224634528,357630224634799
3,94467,PUT,357630224635080,357630224635370
3,94723,PUT,357630224638127,357630224638437
3,94979,PUT,357630224640352,357630224641254
3,95235,PUT,357630224645414,357630224645704
3,95491,PUT,357630224645975,357630224646436
3,95747,PUT,357630224646707,357630224647007
3,96003,PUT,357630224647258,357630224647559
3,96259,PUT,357630224647819,357630224648110
3,96515,PUT,357630224648361,357630224648721
3,96771,PUT,357630224648982,357630224649303
3,97027,PUT,357630224649553,357630224649854
3,97283,PUT,357630224650115,357630224650465
3,97539,PUT,357630224650726,357630224651037
3,97795,PUT,357630224651287,357630224651588
3,98051,PUT,357630224652751,357630224653041
3,98307,PUT,357630224654826,357630224655126
3,98563,PUT,357630224661361,357630224661792
3,98819,PUT,357630224664989,357630224665290
3,99075,PUT,357630224666663,357630224666954
3,99331,PUT,357630224669480,357630224669780
3,99587,PUT,357630224670051,357630224670352
3,99843,PUT,357630224672908,357630224673198
3,100099,PUT,357630224673469,357630224673950
3,100355,PUT,357630224674231,357630224674642
3,100611,PUT,357630224676135,357630224676436
3,100867,PUT,357630224676686,357630224677037
3,101123,PUT,357630224680164,357630224680645
3,101379,PUT,357630224680926,357630224681227
3,101635,PUT,357630224682229,357630224682520
3,101891,PUT,357630224682790,357630224683091
3,102147,PUT,357630224687962,357630224688253
3,102403,PUT,357630224688524,357630224688875
3,102659,PUT,357630224689155,357630224689446
3,102915,PUT,357630224691340,357630224691631
3,103171,PUT,357630224692593,357630224692814
3,103427,PUT,357630224696572,357630224696973
3,103683,PUT,357630224697244,357630224697535
3,103939,PUT,357630224698748,357630224699048
3,104195,PUT,357630224699329,357630224699620
3,104451,PUT,357630224699890,357630224700191
3,104707,PUT,357630224700451,357630224700752
3,104963,PUT,357630224701013,357630224701313
3,105219,PUT,357630224704391,357630224704741
3,105475,PUT,357630224705012,357630224705353
3,105731,PUT,357630224705634,357630224705954
3,105987,PUT,357630224711056,357630224711467
3,106243,PUT,357630224711748,357630224712038
3,106499,PUT,357630224716749,357630224717040
3,106755,PUT,357630224718353,357630224718644
3,107011,PUT,357630224718914,357630224719285
3,107267,PUT,357630224719546,357630224719837
3,107523,PUT,357630224720097,357630224720388
3,107779,PUT,357630224720658,357630224721029
3,108035,PUT,357630224721290,357630224721591
3,108291,PUT,357630224723786,357630224724086
3,108547,PUT,357630224724347,357630224724638
3,108803,PUT,357630224728236,357630224728537
3,109059,PUT,357630224733198,357630224733488
3,109315,PUT,357630224733769,357630224734110
3,109571,PUT,357630224735012,357630224735373
3,109827,PUT,357630224735643,357630224736014
3,110083,PUT,357630224736295,357630224736585
3,110339,PUT,357630224736846,357630224737157
3,110595,PUT,357630224739612,357630224739903
3,110851,PUT,357630224741246,357630224741557
3,111107,PUT,357630224741838,357630224742128
3,111363,PUT,357630224742399,357630224742700
3,111619,PUT,357630224742950,357630224743251
3,111875,PUT,357630224743491,357630224743792
3,112131,PUT,357630224744053,357630224744394
3,112387,PUT,357630224744664,357630224744955
3,112643,PUT,357630224745215,357630224745506
3,112899,PUT,357630224747310,357630224747611
3,113155,PUT,357630224749185,357630224749556
3,113411,PUT,357630224758356,357630224758747
3,113667,PUT,357630224762716,357630224763007
3,113923,PUT,357630224763277,357630224763608
3,114179,PUT,357630224784196,357630224784787
3,114435,PUT,357630224785228,357630224785529
3,114691,PUT,357630224785790,357630224786090
3,114947,PUT,357630224786341,357630224786632
3,115203,PUT,357630224788696,357630224789077
3,115459,PUT,357630224790230,357630224790591
3,115715,PUT,357630224791844,357630224792144
3,115971,PUT,357630224792425,357630224792726
3,116227,PUT,357630224792996,357630224793287
3,116483,PUT,357630224794330,357630224794620
3,116739,PUT,357630224794891,357630224795182
3,116995,PUT,357630224796264,357630224796555
3,117251,PUT,357630224796815,357630224797006
3,117507,PUT,357630224798589,357630224798920
3,117763,PUT,357630224801907,357630224802198
3,118019,PUT,357630224803601,357630224803892
3,118275,PUT,357630224804172,357630224804513
3,118531,PUT,357630224807099,357630224807460
3,118787,PUT,357630224807751,357630224808081
3,119043,PUT,357630224808352,357630224808663
3,119299,PUT,357630224811389,357630224811730
3,119555,PUT,357630224813213,357630224813504
3,119811,PUT,357630224813775,357630224814075
3,120067,PUT,357630224814346,357630224814647
3,120323,PUT,357630224814897,357630224815268
3,120579,PUT,357630224815549,357630224815839
3,120835,PUT,357630224816100,357630224816391
3,121091,PUT,357630224816651,357630224816942
3,121347,PUT,357630224820721,357630224821011
3,121603,PUT,357630224822124,357630224822415
3,121859,PUT,357630224823998,357630224824289
3,122115,PUT,357630224824570,357630224824860
3,122371,PUT,357630224825131,357630224825402
3,122627,PUT,357630224830904,357630224831195
3,122883,PUT,357630224832919,357630224833230
3,123139,PUT,357630224833521,357630224833811
3,123395,PUT,357630224835134,357630224835425
3,123651,PUT,357630224835706,357630224835996
3,123907,PUT,357630224836257,357630224836558
3,124163,PUT,357630224839755,357630224840166
3,124419,PUT,357630224841559,357630224841860
3,124675,PUT,357630224842131,357630224842431
3,124931,PUT,357630224844636,357630224844937
3,125187,PUT,357630224851262,357630224851552
3,125443,PUT,357630224851823,357630224852114
3,125699,PUT,357630224855131,357630224855482
3,125955,PUT,357630224862157,357630224862448
3,126211,PUT,357630224862728,357630224863089
3,126467,PUT,357630224864072,357630224864663
3,126723,PUT,357630224864944,357630224865324
3,126979,PUT,357630224865595,357630224865896
3,127235,PUT,357630224869464,357630224869755
3,127491,PUT,357630224870717,357630224871018
3,127747,PUT,357630224874796,357630224875117
3,128003,PUT,357630224875398,357630224875709
3,128259,PUT,357630224875989,357630224876320
3,128515,PUT,357630224876571,357630224876871
3,128771,PUT,357630224878415,357630224878705
3,129027,PUT,357630224878966,357630224879307
3,129283,PUT,357630224879578,357630224879878
3,129539,PUT,357630224883076,357630224883376
3,129795,PUT,357630224886403,357630224886754
3,130051,PUT,357630224887025,357630224887476
3,130307,PUT,357630224889070,357630224889370
3,130563,PUT,357630224890713,357630224891024
3,130819,PUT,357630224892117,357630224892417
3,131075,PUT,357630224892688,357630224892979
3,131331,PUT,357630224898953,357630224899353
3,131587,PUT,357630224899644,357630224899985
3,131843,PUT,357630224900246,357630224900566
3,132099,PUT,357630224900827,357630224901138
3,132355,PUT,357630224902160,357630224902481
3,132611,PUT,357630224904295,357630224904656
3,132867,PUT,357630224904926,357630224905287
3,133123,PUT,357630224905558,357630224905909
3,133379,PUT,357630224908475,357630224908896
3,133635,PUT,357630224914539,357630224914910
3,133891,PUT,357630224916022,357630224916473
3,134147,PUT,357630224933904,357630224934385
3,134403,PUT,357630224936359,357630224936670
3,134659,PUT,357630224940569,357630224940850
3,134915,PUT,357630224941120,357630224941321
3,135171,PUT,357630224941491,357630224941782
3,135427,PUT,357630224942043,357630224942333
3,135683,PUT,357630224942584,357630224942935
3,135939,PUT,357630224945060,357630224945440
3,136195,PUT,357630224945711,357630224946192
3,136451,PUT,357630224948778,357630224949340
3,136707,PUT,357630224949620,357630224949971
3,136963,PUT,357630224954471,357630224954762
3,137219,PUT,357630224955033,357630224955333
3,137475,PUT,357630224959623,357630224959924
3,137731,PUT,357630224963783,357630224964074
3,137987,PUT,357630224966189,357630224966479
3,138243,PUT,357630224968013,357630224968304
3,138499,PUT,357630224968584,357630224968885
3,138755,PUT,357630224969156,357630224969466
3,139011,PUT,357630224972984,357630224973275
3,139267,PUT,357630224973536,357630224973826
3,139523,PUT,357630224974087,357630224974378
3,139779,PUT,357630224980823,357630224981063
3,140035,PUT,357630224989693,357630224990044
3,140291,PUT,357630224991688,357630224991979
3,140547,PUT,357630224992259,357630224992660
3,140803,PUT,357630224992911,357630224993272
3,141059,PUT,357630224995467,357630224995777
3,141315,PUT,357630224997040,357630224997371
3,1551,GET,357630223883023,357630223883805
3,14863,GET,357630223905325,357630223906036
3,15887,GET,357630223906247,357630223907229
3,5901,GET,357630223908602,357630223909344
3,7693,GET,357630223910106,357630223910777
3,12301,GET,357630223912852,357630223913424
3,15885,GET,357630223914596,357630223915278
3,1540,GET,357630223915980,357630223916391
3,2820,GET,357630223916541,357630223917132
3,5892,GET,357630223917263,357630223918606
3,8708,GET,357630223919397,357630223920430
3,11012,GET,357630223920570,357630223921302
3,13572,GET,357630223921994,357630223922735
3,261,GET,357630223922866,357630223924369
3,3333,GET,357630223925151,357630223926103
3,7941,GET,357630223926805,357630223928489
3,11269,GET,357630223928639,357630223930022
3,14853,GET,357630223930794,357630223932027
3,3587,GET,357630223932658,357630223934242
3,9731,GET,357630223936577,357630223937329
3,1282,GET,357630223937479,357630223938803
3,12803,GET,357630223938953,357630223939915
3,14339,GET,357630223940055,357630223941158
3,15875,GET,357630223941880,357630223942611
3,8962,GET,357630223942752,357630223944386
3,13826,GET,357630223946270,357630223946911
3,16130,GET,357630223947042,357630223948094
3,1544,GET,357630223948224,357630223948836
3,8712,GET,357630223951873,357630223952725
3,12552,GET,357630223952855,357630223954780
3,15112,GET,357630223955411,357630223956293
3,1545,GET,357630223956854,357630223957366
3,6665,GET,357630223958619,357630223959922
3,11529,GET,357630223961195,357630223962437
3,15881,GET,357630223963169,357630223964512
3,1542,GET,357630223965194,357630223965996
3,7942,GET,357630223967239,357630223968622
3,11526,GET,357630223968772,357630223970486
3,14086,GET,357630223970636,357630223971559
3,16390,GET,357630223971699,357630223972711
3,2314,GET,357630223973413,357630223973894
3,6410,GET,357630223975007,357630223975798
3,8202,GET,357630223975949,357630223976771
3,10762,GET,357630223976901,357630223977903
3,15626,GET,357630223978815,357630223980219
3,1038,GET,357630223980359,357630223981341
3,3086,GET,357630223981472,357630223982063
3,4366,GET,357630223982193,357630223982815
3,6414,GET,357630223982945,357630223983466
3,7694,GET,357630223983597,357630223984368
3,13582,GET,357630223985130,357630223987355
3,15630,GET,357630223987486,357630223988368
3,1036,GET,357630223988508,357630223989280
3,3596,GET,357630223989410,357630223990773
3,4620,GET,357630223990904,357630223991335
3,7436,GET,357630223991465,357630223992387
3,12812,GET,357630223994352,357630223995103
3,16396,GET,357630223995234,357630223997128
3,2049,GET,357630223997258,357630223998261
3,3841,GET,357630223998391,357630223999333
3,5377,GET,357630223999463,357630224022487
3,10241,GET,357630224023108,357630224023840
3,11521,GET,357630224024020,357630224024662
3,13825,GET,357630224024792,357630224025714
3,16129,GET,357630224026586,357630224027659
3,5899,GET,357630224029623,357630224030756
3,8971,GET,357630224031458,357630224032039
3,13323,GET,357630224032189,357630224033944
3,775,GET,357630224035287,357630224036289
3,6151,GET,357630224037552,357630224039035
3,9223,GET,357630224039767,357630224040659
3,11527,GET,357630224040809,357630224041942
3,13831,GET,357630224042092,357630224043105
3,3072,GET,357630224044428,357630224045921
3,4864,GET,357630224046072,357630224046843
3,9216,GET,357630224066529,357630224067181
3,14080,GET,357630224067963,357630224070097
3,16642,GET,357630224071511,357630224072202
3,16655,GET,357630224072353,357630224074548
3,18177,GET,357630224074698,357630224076152
3,19458,GET,357630224076282,357630224076953
3,18190,GET,357630224077655,357630224078577
3,19201,GET,357630224078707,357630224079960
3,19457,GET,357630224080091,357630224080742
3,21516,GET,357630224087708,357630224089703
3,20239,GET,357630224089873,357630224091708
3,20495,GET,357630224091838,357630224092690
3,19203,GET,357630224094113,357630224094845
3,18186,GET,357630224095567,357630224097030
3,19460,GET,357630224097180,357630224099075
3,21513,GET,357630224099897,357630224100799
3,19971,GET,357630224100949,357630224102783
3,17672,GET,357630224102934,357630224104778
3,20227,GET,357630224106081,357630224106672
3,24326,GET,357630224107414,357630224108968
3,21765,GET,357630224109118,357630224110151
3,22533,GET,357630224111403,357630224112917
3,20484,GET,357630224113067,357630224114671
3,21003,GET,357630224115363,357630224116375
3,20996,GET,357630224116525,357630224117468
3,21508,GET,357630224117618,357630224119502
3,26626,GET,357630224119633,357630224121547
3,17408,GET,357630224121677,357630224123071
3,27394,GET,357630224123792,357630224124454
3,27406,GET,357630224124594,357630224127070
3,23051,GET,357630224127200,357630224127741
3,25349,GET,357630224127872,357630224129385
3,23561,GET,357630224131280,357630224132152
3,24580,GET,357630224132953,357630224133725
3,28684,GET,357630224134397,357630224135730
3,25099,GET,357630224137644,357630224138917
3,19200,GET,357630224139068,357630224140130
3,24842,GET,357630224143749,357630224144420
3,30466,GET,357630224144991,357630224145813
3,29454,GET,357630224146565,357630224147477
3,29966,GET,357630224147628,357630224148901
3,25865,GET,357630224149051,357630224149702
3,26377,GET,357630224149843,357630224150414
3,27398,GET,357630224151747,357630224153421
3,26633,GET,357630224154273,357630224155967
3,27652,GET,357630224156117,357630224156879
3,30990,GET,357630224157029,357630224158443
3,17421,GET,357630224158573,357630224159806
3,31756,GET,357630224160517,357630224162241
3,28676,GET,357630224162372,357630224163184
3,28682,GET,357630224163885,357630224164587
3,22536,GET,357630224164717,357630224168496
3,28425,GET,357630224169198,357630224171313
3,29959,GET,357630224177647,357630224179201
3,26112,GET,357630224179923,357630224180664
3,34562,GET,357630224180815,357630224181456
3,26624,GET,357630224181586,357630224182619
3,28675,GET,357630224182749,357630224183792
3,20749,GET,357630224183922,357630224184633
3,28931,GET,357630224184774,357630224185526
3,29187,GET,357630224185666,357630224186358
3,37633,GET,357630224203658,357630224205532
3,32007,GET,357630224205722,357630224206454
3,34060,GET,357630224207176,357630224207727
3,25864,GET,357630224209060,357630224209732
3,38401,GET,357630224211616,357630224212348
3,31235,GET,357630224213611,357630224215495
3,33542,GET,357630224217680,357630224219555
3,38658,GET,357630224219705,357630224220818
3,33547,GET,357630224220968,357630224221830
3,34059,GET,357630224221960,357630224222983
3,35854,GET,357630224223113,357630224224606
3,27400,GET,357630224224737,357630224225508
3,34055,GET,357630224225639,357630224226240
3,34311,GET,357630224227553,357630224229397
3,36878,GET,357630224230209,357630224231142
3,37391,GET,357630224233417,357630224234920
3,37897,GET,357630224236283,357630224237607
3,41730,GET,357630224237757,357630224238529
3,28936,GET,357630224238679,357630224239331
3,38665,GET,357630224239461,357630224240373
3,41729,GET,357630224242287,357630224243390
3,36107,GET,357630224243540,357630224244372
3,29704,GET,357630224245084,357630224245806
3,33027,GET,357630224245946,357630224247770
3,37380,GET,357630224247900,357630224248652
3,42497,GET,357630224248782,357630224249935
3,44546,GET,357630224251840,357630224253293
3,39951,GET,357630224254626,357630224258034
3,37643,GET,357630224258776,357630224259838
3,34307,GET,357630224260520,357630224261191
3,41998,GET,357630224261342,357630224262244
3,42766,GET,357630224262394,357630224263888
3,38922,GET,357630224265782,357630224267777
3,41476,GET,357630224267927,357630224269230
3,45569,GET,357630224269942,357630224272427
3,43012,GET,357630224272558,357630224274532
3,30221,GET,357630224274663,357630224275936
3,46081,GET,357630224276637,357630224277790
3,30989,GET,357630224279113,357630224279624
3,31501,GET,357630224279774,357630224281098
3,49922,GET,357630224281248,357630224282882
3,40971,GET,357630224284175,357630224285307
3,45060,GET,357630224287282,357630224288515
3,48129,GET,357630224288665,357630224289938
3,38144,GET,357630224290078,357630224291121
3,44807,GET,357630224292404,357630224294308
3,39171,GET,357630224296112,357630224297496
3,51714,GET,357630224297646,357630224298568
3,45836,GET,357630224301625,357630224302267
3,44549,GET,357630224305204,357630224305865
3,52737,GET,357630224306015,357630224306637
3,43782,GET,357630224306787,357630224307308
3,36872,GET,357630224307439,357630224308421
3,53250,GET,357630224308551,357630224309844
3,47119,GET,357630224309975,357630224313332
3,54529,GET,357630224316911,357630224317482
3,54786,GET,357630224318815,357630224319557
3,50436,GET,357630224319707,357630224320419
3,48649,GET,357630224321131,357630224321792
3,40963,GET,357630224321932,357630224323556
3,52228,GET,357630224340175,357630224340586
3,51470,GET,357630224340786,357630224341067
3,56577,GET,357630224341207,357630224341418
3,51726,GET,357630224342049,357630224342620
3,56833,GET,357630224342751,357630224343933
3,49932,GET,357630224345297,357630224346369
3,46858,GET,357630224346499,357630224347301
3,56066,GET,357630224347442,357630224349286
3,49931,GET,357630224352503,357630224353786
3,44288,GET,357630224356974,357630224357615
3,37901,GET,357630224357766,357630224360352
3,59137,GET,357630224360482,357630224361374
3,52236,GET,357630224362166,357630224362918
3,51979,GET,357630224364120,357630224365754
3,50186,GET,357630224366446,357630224368140
3,50182,GET,357630224368290,357630224369733
3,42760,GET,357630224376058,357630224376970
3,57348,GET,357630224377151,357630224379436
3,61697,GET,357630224381862,357630224382363
3,55815,GET,357630224382513,357630224384468
3,47104,GET,357630224384618,357630224386893
3,62977,GET,357630224387545,357630224388788
3,54789,GET,357630224389479,357630224390462
3,64001,GET,357630224390612,357630224393188
3,64513,GET,357630224393338,357630224394721
3,48640,GET,357630224394862,357630224395714
3,55301,GET,357630224396435,357630224397277
3,49408,GET,357630224398751,357630224401567
3,55561,GET,357630224402259,357630224403181
3,65025,GET,357630224403331,357630224404424
3,61956,GET,357630224405116,357630224406138
3,61954,GET,357630224406288,357630224407521
3,59150,GET,357630224408764,357630224410057
3,56837,GET,357630224410207,357630224410909
3,54538,GET,357630224411059,357630224412673
3,57867,GET,357630224412813,357630224415620
3,55818,GET,357630224416322,357630224417905
3,59655,GET,357630224419860,357630224421123
3,59142,GET,357630224423047,357630224423639
3,60679,GET,357630224423789,357630224424701
3,58891,GET,357630224425393,357630224427137
3,60677,GET,357630224427287,357630224428029
3,61446,GET,357630224428179,357630224430705
3,60428,GET,357630224430835,357630224432168
3,58127,GET,357630224432299,357630224433622
3,61449,GET,357630224436418,357630224437100
3,61964,GET,357630224437250,357630224439024
3,58634,GET,357630224439155,357630224442502
3,69633,GET,357630224442633,357630224444437
3,65284,GET,357630224446381,357630224447364
3,64012,GET,357630224448627,357630224449529
3,63750,GET,357630224450812,357630224452195
3,52488,GET,357630224452917,357630224454109
3,52744,GET,357630224454260,357630224454991
3,66052,GET,357630224455673,357630224457086
3,49421,GET,357630224458389,357630224459432
3,66062,GET,357630224460835,357630224461396
3,61450,GET,357630224461547,357630224463551
3,49933,GET,357630224464233,357630224464985
3,64779,GET,357630224466238,357630224467200
3,59907,GET,357630224472923,357630224473605
3,67591,GET,357630224473755,357630224474296
3,68615,GET,357630224492148,357630224492819
3,56840,GET,357630224493000,357630224493781
3,75777,GET,357630224493912,357630224495165
3,69634,GET,357630224495305,357630224496829
3,69134,GET,357630224499014,357630224499836
3,76289,GET,357630224501700,357630224503013
3,53005,GET,357630224503163,357630224503985
3,67081,GET,357630224504727,357630224506050
3,59144,GET,357630224506732,357630224507604
3,68620,GET,357630224507754,357630224509719
3,62464,GET,357630224509869,357630224510701
3,68876,GET,357630224511402,357630224512214
3,59656,GET,357630224512976,357630224513928
3,77825,GET,357630224515171,357630224516063
3,66570,GET,357630224516214,357630224517998
3,72455,GET,357630224518148,357630224519130
3,78337,GET,357630224519261,357630224519782
3,78593,GET,357630224519922,357630224520714
3,69900,GET,357630224520844,357630224521476
3,69641,GET,357630224522167,357630224522889
3,73223,GET,357630224523019,357630224524523
3,72710,GET,357630224524653,357630224525595
3,73486,GET,357630224526898,357630224527981
3,70668,GET,357630224528131,357630224529254
3,70921,GET,357630224529384,357630224530186
3,62216,GET,357630224530326,357630224531168
3,79873,GET,357630224531309,357630224532692
3,71433,GET,357630224533393,357630224534326
3,66563,GET,357630224535699,357630224536842
3,73734,GET,357630224538656,357630224539718
3,71946,GET,357630224539869,357630224540901
3,72458,GET,357630224541051,357630224541983
3,72714,GET,357630224542114,357630224542876
3,73227,GET,357630224545742,357630224546734
3,75534,GET,357630224548539,357630224549341
3,75790,GET,357630224549491,357630224550203
3,76302,GET,357630224552398,357630224553139
3,76802,GET,357630224554382,357630224555154
3,76293,GET,357630224555304,357630224555826
3,64776,GET,357630224557089,357630224558001
3,75017,GET,357630224558692,357630224559614
3,79111,GET,357630224560296,357630224560968
3,60173,GET,357630224561118,357630224562190
3,84225,GET,357630224562892,357630224564205
3,67840,GET,357630224564355,357630224566140
3,76555,GET,357630224566821,357630224569437
3,61453,GET,357630224570119,357630224571843
3,79372,GET,357630224572574,357630224573707
3,78340,GET,357630224573857,357630224575231
3,79874,GET,357630224577897,357630224578799
3,71168,GET,357630224579501,357630224580182
3,67336,GET,357630224580864,357630224581425
3,78859,GET,357630224581575,357630224582187
3,71680,GET,357630224584101,357630224585013
3,78345,GET,357630224585825,357630224586777
3,87553,GET,357630224586928,357630224587499
3,81666,GET,357630224588091,357630224589263
3,82700,GET,357630224589414,357630224590105
3,83212,GET,357630224590797,357630224591278
3,81419,GET,357630224591408,357630224592080
3,68872,GET,357630224592791,357630224593383
3,64781,GET,357630224593513,357630224595337
3,82434,GET,357630224596089,357630224596650
3,89345,GET,357630224596781,357630224598785
3,81417,GET,357630224598926,357630224600660
3,83202,GET,357630224600790,357630224601552
3,80138,GET,357630224601692,357630224603085
3,80650,GET,357630224603216,357630224604218
3,81930,GET,357630224607816,357630224608929
3,75267,GET,357630224610222,357630224611254
3,71944,GET,357630224611956,357630224612908
3,72456,GET,357630224613059,357630224613900
3,82954,GET,357630224614031,357630224614692
3,74767,GET,357630224614823,357630224615364
3,82446,GET,357630224632915,357630224633596
3,83979,GET,357630224633777,357630224634348
3,84234,GET,357630224635641,357630224636623
3,83716,GET,357630224636774,357630224637976
3,87820,GET,357630224639700,357630224640212
3,77071,GET,357630224641515,357630224642537
3,87559,GET,357630224642687,357630224643569
3,76544,GET,357630224643720,357630224645263
3,88327,GET,357630224651859,357630224652620
3,90124,GET,357630224653322,357630224654695
3,88329,GET,357630224662052,357630224662944
3,86788,GET,357630224663125,357630224663997
3,87044,GET,357630224664147,357630224664839
3,79363,GET,357630224665540,357630224666523
3,88075,GET,357630224667214,357630224667986
3,94977,GET,357630224668136,357630224669349
3,71949,GET,357630224670612,357630224671795
3,79872,GET,357630224671945,357630224672767
3,85510,GET,357630224674922,357630224676005
3,72973,GET,357630224677308,357630224678681
3,92162,GET,357630224678831,357630224680014
3,95239,GET,357630224681507,357630224682089
3,79624,GET,357630224683342,357630224684705
3,91401,GET,357630224684855,357630224686028
3,89861,GET,357630224686178,357630224687812
3,96524,GET,357630224689717,357630224691200
3,84239,GET,357630224691892,357630224692453
3,85263,GET,357630224692994,357630224695360
3,91653,GET,357630224695510,357630224696432
3,95746,GET,357630224697795,357630224698617
3,85775,GET,357630224701584,357630224702757
3,84739,GET,357630224702907,357630224704250
3,98316,GET,357630224706245,357630224706816
3,91654,GET,357630224706967,357630224710926
3,99847,GET,357630224712309,357630224713191
3,87043,GET,357630224713341,357630224714294
3,99073,GET,357630224714444,357630224716599
3,94724,GET,357630224717291,357630224718203
3,94730,GET,357630224721851,357630224723645
3,86784,GET,357630224724898,357630224727214
3,88323,GET,357630224727364,357630224728106
3,87040,GET,357630224728787,357630224730140
3,87296,GET,357630224730291,357630224731233
3,102156,GET,357630224731383,357630224733047
3,97285,GET,357630224734390,357630224734861
3,100866,GET,357630224737437,357630224738410
3,94731,GET,357630224738560,357630224739482
3,94729,GET,357630224740164,357630224741106
3,96523,GET,357630224745787,357630224746358
3,95753,GET,357630224746508,357630224747170
3,104199,GET,357630224747872,357630224749054
3,98830,GET,357630224749806,357630224752502
3,104705,GET,357630224759058,357630224760300
3,103938,GET,357630224760451,357630224762576
3,100366,GET,357630224763859,357630224765132
3,105218,GET,357630224766154,357630224767046
3,105730,GET,357630224767197,357630224768379
3,107527,GET,357630224786912,357630224787624
3,109324,GET,357630224787804,357630224788546
3,107783,GET,357630224789338,357630224790080
3,94467,GET,357630224790882,357630224791713
3,94723,GET,357630224793558,357630224794199
3,108295,GET,357630224795462,357630224796134
3,94735,GET,357630224797186,357630224798449
3,96003,GET,357630224799191,357630224800534
3,95247,GET,357630224800684,357630224801767
3,100358,GET,357630224802458,357630224803461
3,111628,GET,357630224804764,357630224806969
3,101387,GET,357630224808943,357630224809515
3,101643,GET,357630224809665,357630224811249
3,109831,GET,357630224811991,357630224813083
3,102667,GET,357630224817213,357630224818796
3,110849,GET,357630224818947,357630224819799
3,111105,GET,357630224819949,357630224820560
3,112135,GET,357630224821302,357630224821984
3,86285,GET,357630224822675,357630224823868
3,106757,GET,357630224825672,357630224827396
3,107018,GET,357630224827547,357630224828709
3,107780,GET,357630224828860,357630224830754
3,98063,GET,357630224831486,357630224832769
3,98319,GET,357630224834082,357630224834994
3,108293,GET,357630224836828,357630224837650
3,93192,GET,357630224837800,357630224839615
3,107786,GET,357630224840437,357630224841429
3,107790,GET,357630224842682,357630224843634
3,108554,GET,357630224843784,357630224844506
3,89869,GET,357630224845188,357630224845839
3,117516,GET,357630224845990,357630224847373
3,99087,GET,357630224847523,357630224848846
3,114433,GET,357630224848986,357630224851101
3,110602,GET,357630224852394,357630224852986
3,95496,GET,357630224853116,357630224854980
3,112644,GET,357630224855742,357630224857677
3,91917,GET,357630224857807,357630224860754
3,108299,GET,357630224860884,357630224862007
3,114692,GET,357630224863370,357630224863921
3,118279,GET,357630224866166,357630224867971
3,112137,GET,357630224868121,357630224869334
3,102400,GET,357630224870005,357630224870587
3,120332,GET,357630224871268,357630224872461
3,102159,GET,357630224872611,357630224873544
3,108550,GET,357630224873694,357630224874646
3,109315,GET,357630224877142,357630224878285
3,112906,GET,357630224880149,357630224882945
3,104704,GET,357630224883647,357630224884830
3,122636,GET,357630224884980,357630224886253
3,113166,GET,357630224887757,357630224888939
3,105216,GET,357630224889611,357630224890573
3,114441,GET,357630224891275,357630224891976
3,96781,GET,357630224901428,357630224901990
3,125452,GET,357630224902761,357630224903172
3,106240,GET,357630224903323,357630224904145
3,112390,GET,357630224906189,357630224908344
3,114443,GET,357630224909166,357630224911431
3,97293,GET,357630224911582,357630224912334
3,107791,GET,357630224913496,357630224914388
3,114947,GET,357630224915210,357630224915872
3,107264,GET,357630224916734,357630224917706
3,119812,GET,357630224917856,357630224918448
3,115211,GET,357630224934826,357630224935357
3,98061,GET,357630224935537,357630224936199
3,118025,GET,357630224936941,357630224938123
3,118794,GET,357630224938274,357630224940419
3,104200,GET,357630224943205,357630224943897
3,119566,GET,357630224944047,357630224944919
3,110095,GET,357630224946473,357630224948648
3,118787,GET,357630224950252,357630224951114
3,120842,GET,357630224951264,357630224952858
3,121358,GET,357630224953008,357630224954321
3,100109,GET,357630224955604,357630224958040
3,117509,GET,357630224958170,357630224959473
3,118283,GET,357630224960175,357630224961097
3,121603,GET,357630224961227,357630224963633
3,113679,GET,357630224964324,357630224966038
3,110592,GET,357630224966730,357630224967883
3,131847,GET,357630224969747,357630224970268
3,130316,GET,357630224970418,357630224971110
3,132103,GET,357630224971260,357630224972042
3,122627,GET,357630224972183,357630224972834
3,132871,GET,357630224974648,357630224976352
3,122889,GET,357630224976483,357630224977124
3,125188,GET,357630224977254,357630224978166
3,121611,GET,357630224978297,357630224979901
3,109576,GET,357630224980031,357630224980672
3,131596,GET,357630224981364,357630224983509
3,123657,GET,357630224983639,357630224984271
3,125956,GET,357630224984401,357630224985574
3,110344,GET,357630224985704,357630224986366
3,103437,GET,357630224986496,357630224987197
3,126218,GET,357630224987328,357630224989543
3,103949,GET,357630224990305,357630224991538
3,111880,GET,357630224993542,357630224995336
3,112136,GET,357630224996048,357630224996900
3,122117,GET,357630224997632,357630224999185
4,260,PUT,357630223204507,357630223205399
4,516,PUT,357630223205920,357630223206201
4,772,PUT,357630223206402,357630223206602
4,1028,PUT,357630223206742,357630223206943
4,1284,PUT,357630223207083,357630223207284
4,1540,PUT,357630223207424,357630223207624
4,1796,PUT,357630223207765,357630223207965
4,2052,PUT,357630223208256,357630223208446
4,2308,PUT,357630223208597,357630223208787
4,2564,PUT,357630223208937,357630223209128
4,2820,PUT,357630223209278,357630223209469
4,3076,PUT,357630223209619,357630223209809
4,3332,PUT,357630223209960,357630223210150
4,3588,PUT,357630223210301,357630223210491
4,3844,PUT,357630223210641,357630223210832
4,4100,PUT,357630223211133,357630223211333
4,4356,PUT,357630223211473,357630223211674
4,4612,PUT,357630223211814,357630223212015
4,4868,PUT,357630223212155,357630223212355
4,5124,PUT,357630223212496,357630223212696
4,5380,PUT,357630223212847,357630223213047
4,5636,PUT,357630223213187,357630223213388
4,5892,PUT,357630223213528,357630223213729
4,6148,PUT,357630223214019,357630223214210
4,6404,PUT,357630223214360,357630223214550
4,6660,PUT,357630223214701,357630223214891
4,6916,PUT,357630223215042,357630223215232
4,7172,PUT,357630223215382,357630223215573
4,7428,PUT,357630223215723,357630223215914
4,7684,PUT,357630223216064,357630223216254
4,7940,PUT,357630223216405,357630223216595
4,8196,PUT,357630223216896,357630223217096
4,8452,PUT,357630223217237,357630223217437
4,8708,PUT,357630223217577,357630223217778
4,8964,PUT,357630223217918,357630223218119
4,9220,PUT,357630223218259,357630223218460
4,9476,PUT,357630223218600,357630223218800
4,9732,PUT,357630223218941,357630223219141
4,9988,PUT,357630223219281,357630223219482
4,10244,PUT,357630223219773,357630223219973
4,10500,PUT,357630223220113,357630223220314
4,10756,PUT,357630223220454,357630223220655
4,11012,PUT,357630223220795,357630223220995
4,11268,PUT,357630223221136,357630223221336
4,11524,PUT,357630223221477,357630223221677
4,11780,PUT,357630223221817,357630223222018
4,12036,PUT,357630223222158,357630223222359
4,12292,PUT,357630223222649,357630223222850
4,12548,PUT,357630223222990,357630223223191
4,12804,PUT,357630223223331,357630223223531
4,13060,PUT,357630223223682,357630223223882
4,13316,PUT,357630223224022,357630223224223
4,13572,PUT,357630223224363,357630223224564
4,13828,PUT,357630223224704,357630223224905
4,14084,PUT,357630223225045,357630223225245
4,14340,PUT,357630223225536,357630223225736
4,14596,PUT,357630223225877,357630223226077
4,14852,PUT,357630223226218,357630223226418
4,15108,PUT,357630223226558,357630223226759
4,15364,PUT,357630223226899,357630223227100
4,15620,PUT,357630223227240,357630223227440
4,15876,PUT,357630223227581,357630223227781
4,16132,PUT,357630223227922,357630223228122
4,16388,PUT,357630223228423,357630223228613
4,16644,PUT,357630223906417,357630223906949
4,16900,PUT,357630223908542,357630223908863
4,17156,PUT,357630223910858,357630223911218
4,17412,PUT,357630223911489,357630223911950
4,17668,PUT,357630223912281,357630223912572
4,17924,PUT,357630223913664,357630223914035
4,18180,PUT,357630223914316,357630223914646
4,18436,PUT,357630223915699,357630223916020
4,18692,PUT,357630223916892,357630223917192
4,18948,PUT,357630223920941,357630223921402
4,19204,PUT,357630223921753,357630223922084
4,19460,PUT,357630223923447,357630223923788
4,19716,PUT,357630223924068,357630223924359
4,19972,PUT,357630223927476,357630223927777
4,20228,PUT,357630223929651,357630223929952
4,20484,PUT,357630223939675,357630223939965
4,20740,PUT,357630223940236,357630223940607
4,20996,PUT,357630223941890,357630223942281
4,21252,PUT,357630223942561,357630223942862
4,21508,PUT,357630223944215,357630223944516
4,21764,PUT,357630223944786,357630223945087
4,22020,PUT,357630223951141,357630223951492
4,22276,PUT,357630223951763,357630223952214
4,22532,PUT,357630223952484,357630223952785
4,22788,PUT,357630223953046,357630223953346
4,23044,PUT,357630223953607,357630223953898
4,23300,PUT,357630223954168,357630223954459
4,23556,PUT,357630223954709,357630223954930
4,23812,PUT,357630223956504,357630223956824
4,24068,PUT,357630223957085,357630223957436
4,24324,PUT,357630223957686,357630223957987
4,24580,PUT,357630223958258,357630223958548
4,24836,PUT,357630223958829,357630223959120
4,25092,PUT,357630223962157,357630223962668
4,25348,PUT,357630223962919,357630223963239
4,25604,PUT,357630223963490,357630223963791
4,25860,PUT,357630223964051,357630223964352
4,26116,PUT,357630223965745,357630223966046
4,26372,PUT,357630223974806,357630223975097
4,26628,PUT,357630223975367,357630223975688
4,26884,PUT,357630223975939,357630223976250
4,27140,PUT,357630223977342,357630223977643
4,27396,PUT,357630223978866,357630223979156
4,27652,PUT,357630223979898,357630223980309
4,27908,PUT,357630223980590,357630223980890
4,28164,PUT,357630223983787,357630223984078
4,28420,PUT,357630223984348,357630223984649
4,28676,PUT,357630223984920,357630223985260
4,28932,PUT,357630223987867,357630223988167
4,29188,PUT,357630223989350,357630223989721
4,29444,PUT,357630223989991,357630223990292
4,29700,PUT,357630223993369,357630223993680
4,29956,PUT,357630223993961,357630223994362
4,30212,PUT,357630223999353,357630223999674
4,30468,PUT,357630223999955,357630224021886
4,30724,PUT,357630224024071,357630224024381
4,30980,PUT,357630224024652,357630224024943
4,31236,PUT,357630224025223,357630224025514
4,31492,PUT,357630224028200,357630224028491
4,31748,PUT,357630224030275,357630224030626
4,32004,PUT,357630224034425,357630224034725
4,32260,PUT,357630224041852,357630224042143
4,32516,PUT,357630224042423,357630224042714
4,32772,PUT,357630224042985,357630224043275
4,33028,PUT,357630224070909,357630224071220
4,33284,PUT,357630224071701,357630224072463
4,33540,PUT,357630224072734,357630224073205
4,33796,PUT,357630224073465,357630224073786
4,34052,PUT,357630224074047,357630224074337
4,34308,PUT,357630224075680,357630224076101
4,34564,PUT,357630224076372,357630224076663
4,34820,PUT,357630224076923,357630224077224
4,35076,PUT,357630224077485,357630224077805
4,35332,PUT,357630224080602,357630224080883
4,35588,PUT,357630224081143,357630224081454
4,35844,PUT,357630224081714,357630224082015
4,36100,PUT,357630224082957,357630224083258
4,36356,PUT,357630224083519,357630224083819
4,36612,PUT,357630224089783,357630224090154
4,36868,PUT,357630224090425,357630224090725
4,37124,PUT,357630224093412,357630224093712
4,37380,PUT,357630224093983,357630224094284
4,37636,PUT,357630224094544,357630224094845
4,37892,PUT,357630224095867,357630224096168
4,38148,PUT,357630224096419,357630224096759
4,38404,PUT,357630224097020,357630224097321
4,38660,PUT,357630224099285,357630224099556
4,38916,PUT,357630224099817,357630224100127
4,39172,PUT,357630224102222,357630224102523
4,39428,PUT,357630224102783,357630224103074
4,39684,PUT,357630224105049,357630224105470
4,39940,PUT,357630224105740,357630224106061
4,40196,PUT,357630224106322,357630224106662
4,40452,PUT,357630224106933,357630224107224
4,40708,PUT,357630224108396,357630224108687
4,40964,PUT,357630224108948,357630224109168
4,41220,PUT,357630224109379,357630224109679
4,41476,PUT,357630224113268,357630224113558
4,41732,PUT,357630224113829,357630224114130
4,41988,PUT,357630224114380,357630224114671
4,42244,PUT,357630224114932,357630224115262
4,42500,PUT,357630224115513,357630224115814
4,42756,PUT,357630224116064,357630224116355
4,43012,PUT,357630224120043,357630224120344
4,43268,PUT,357630224121818,357630224122118
4,43524,PUT,357630224123291,357630224123592
4,43780,PUT,357630224123882,357630224124183
4,44036,PUT,357630224124454,357630224124754
4,44292,PUT,357630224131340,357630224131711
4,44548,PUT,357630224132943,357630224133274
4,44804,PUT,357630224133575,357630224133866
4,45060,PUT,357630224135048,357630224135339
4,45316,PUT,357630224135620,357630224135920
4,45572,PUT,357630224136181,357630224136512
4,45828,PUT,357630224137444,357630224137755
4,46084,PUT,357630224138015,357630224138356
4,46340,PUT,357630224140882,357630224141213
4,46596,PUT,357630224144230,357630224144570
4,46852,PUT,357630224144841,357630224145162
4,47108,PUT,357630224147698,357630224147998
4,47364,PUT,357630224148269,357630224148610
4,47620,PUT,357630224148880,357630224149271
4,47876,PUT,357630224149542,357630224150033
4,48132,PUT,357630224150294,357630224150594
4,48388,PUT,357630224152489,357630224152890
4,48644,PUT,357630224153150,357630224153481
4,48900,PUT,357630224154473,357630224154694
4,49156,PUT,357630224154935,357630224155235
4,49412,PUT,357630224155496,357630224155797
4,49668,PUT,357630224156047,357630224156348
4,49924,PUT,357630224157871,357630224158272
4,50180,PUT,357630224158563,357630224158934
4,50436,PUT,357630224160157,357630224160528
4,50692,PUT,357630224163384,357630224163715
4,50948,PUT,357630224163986,357630224164326
4,51204,PUT,357630224164587,357630224164878
4,51460,PUT,357630224165138,357630224165439
4,51716,PUT,357630224167113,357630224167494
4,51972,PUT,357630224168757,357630224169117
4,52228,PUT,357630224169388,357630224169689
4,52484,PUT,357630224172606,357630224172906
4,52740,PUT,357630224173177,357630224173478
4,52996,PUT,357630224173738,357630224174039
4,53252,PUT,357630224174289,357630224174600
4,53508,PUT,357630224174861,357630224175212
4,53764,PUT,357630224179071,357630224179371
4,54020,PUT,357630224198526,357630224199288
4,54276,PUT,357630224199789,357630224200079
4,54532,PUT,357630224201122,357630224201453
4,54788,PUT,357630224201703,357630224202004
4,55044,PUT,357630224202254,357630224202545
4,55300,PUT,357630224207046,357630224207366
4,55556,PUT,357630224207657,357630224208028
4,55812,PUT,357630224209130,357630224209431
4,56068,PUT,357630224210624,357630224210955
4,56324,PUT,357630224211235,357630224211526
4,56580,PUT,357630224218993,357630224219404
4,56836,PUT,357630224219735,357630224219966
4,57092,PUT,357630224220246,357630224220557
4,57348,PUT,357630224220818,357630224221158
4,57604,PUT,357630224221419,357630224221770
4,57860,PUT,357630224225549,357630224225839
4,58116,PUT,357630224226912,357630224227202
4,58372,PUT,357630224231051,357630224231342
4,58628,PUT,357630224232946,357630224233266
4,58884,PUT,357630224234379,357630224234670
4,59140,PUT,357630224234950,357630224235241
4,59396,PUT,357630224236394,357630224236724
4,59652,PUT,357630224238769,357630224239080
4,59908,PUT,357630224239351,357630224239641
4,60164,PUT,357630224239922,357630224240233
4,60420,PUT,357630224242147,357630224242438
4,60676,PUT,357630224242698,357630224242989
4,60932,PUT,357630224243250,357630224243550
4,61188,PUT,357630224245555,357630224245846
4,61444,PUT,357630224246106,357630224246397
4,61700,PUT,357630224246658,357630224246878
4,61956,PUT,357630224247069,357630224247349
4,62212,PUT,357630224247610,357630224247900
4,62468,PUT,357630224252822,357630224253113
4,62724,PUT,357630224258525,357630224258756
4,62980,PUT,357630224268819,357630224269110
4,63236,PUT,357630224270683,357630224270974
4,63492,PUT,357630224272087,357630224272367
4,63748,PUT,357630224278742,357630224279193
4,64004,PUT,357630224279484,357630224279774
4,64260,PUT,357630224282822,357630224283112
4,64516,PUT,357630224288415,357630224288645
4,64772,PUT,357630224291853,357630224292203
4,65028,PUT,357630224292474,357630224292765
4,65284,PUT,357630224294028,357630224294318
4,65540,PUT,357630224294599,357630224294890
4,65796,PUT,357630224301114,357630224301505
4,66052,PUT,357630224301786,357630224302076
4,66308,PUT,357630224302347,357630224302648
4,66564,PUT,357630224304462,357630224304752
4,66820,PUT,357630224305735,357630224306035
4,67076,PUT,357630224306306,357630224306637
4,67332,PUT,357630224307780,357630224308080
4,67588,PUT,357630224310055,357630224310345
4,67844,PUT,357630224310616,357630224310907
4,68100,PUT,357630224311177,357630224311498
4,68356,PUT,357630224314435,357630224314736
4,68612,PUT,357630224316991,357630224317282
4,68868,PUT,357630224317552,357630224317843
4,69124,PUT,357630224318093,357630224318464
4,69380,PUT,357630224319838,357630224320128
4,69636,PUT,357630224320389,357630224320689
4,69892,PUT,357630224320940,357630224321251
4,70148,PUT,357630224322664,357630224322965
4,70404,PUT,357630224342550,357630224343142
4,70660,PUT,357630224346329,357630224346680
4,70916,PUT,357630224349146,357630224349436
4,71172,PUT,357630224360572,357630224361003
4,71428,PUT,357630224365945,357630224366255
4,71684,PUT,357630224366536,357630224366827
4,71940,PUT,357630224371949,357630224372329
4,72196,PUT,357630224372600,357630224372891
4,72452,PUT,357630224375447,357630224375737
4,72708,PUT,357630224376008,357630224376299
4,72964,PUT,357630224378193,357630224378514
4,73220,PUT,357630224380990,357630224381300
4,73476,PUT,357630224383545,357630224383876
4,73732,PUT,357630224384137,357630224384488
4,73988,PUT,357630224388417,357630224388707
4,74244,PUT,357630224388978,357630224389299
4,74500,PUT,357630224389559,357630224389850
4,74756,PUT,357630224391805,357630224392095
4,75012,PUT,357630224393168,357630224393398
4,75268,PUT,357630224403662,357630224404043
4,75524,PUT,357630224405797,357630224406088
4,75780,PUT,357630224406368,357630224406679
4,76036,PUT,357630224408634,357630224408985
4,76292,PUT,357630224413445,357630224413746
4,76548,PUT,357630224414016,357630224414217
4,76804,PUT,357630224417043,357630224417354
4,77060,PUT,357630224417625,357630224417915
4,77316,PUT,357630224419719,357630224420010
4,77572,PUT,357630224420281,357630224420581
4,77828,PUT,357630224420852,357630224421143
4,78084,PUT,357630224421393,357630224421784
4,78340,PUT,357630224422045,357630224422566
4,78596,PUT,357630224423478,357630224423769
4,78852,PUT,357630224426385,357630224426936
4,79108,PUT,357630224427217,357630224427578
4,79364,PUT,357630224429332,357630224429653
4,79620,PUT,357630224431066,357630224431357
4,79876,PUT,357630224433842,357630224434143
4,80132,PUT,357630224436719,357630224437010
4,80388,PUT,357630224438012,357630224438303
4,80644,PUT,357630224444677,357630224445018
4,80900,PUT,357630224450832,357630224451132
4,81156,PUT,357630224451403,357630224451694
4,81412,PUT,357630224454560,357630224454851
4,81668,PUT,357630224455132,357630224455493
4,81924,PUT,357630224459843,357630224460133
4,82180,PUT,357630224460424,357630224460825
4,82436,PUT,357630224461106,357630224461406
4,82692,PUT,357630224462619,357630224462910
4,82948,PUT,357630224463170,357630224463461
4,83204,PUT,357630224468643,357630224468984
4,83460,PUT,357630224469275,357630224469565
4,83716,PUT,357630224469826,357630224470127
4,83972,PUT,357630224470387,357630224470708
4,84228,PUT,357630224470989,357630224471279
4,84484,PUT,357630224486805,357630224487457
4,84740,PUT,357630224494503,357630224494844
4,84996,PUT,357630224495165,357630224495395
4,85252,PUT,357630224499485,357630224499715
4,85508,PUT,357630224499966,357630224500267
4,85764,PUT,357630224502361,357630224502682
4,86020,PUT,357630224503594,357630224503885
4,86276,PUT,357630224509027,357630224509328
4,86532,PUT,357630224509598,357630224510089
4,86788,PUT,357630224510370,357630224510661
4,87044,PUT,357630224510921,357630224511222
4,87300,PUT,357630224513387,357630224513678
4,87556,PUT,357630224517537,357630224517827
4,87812,PUT,357630224519581,357630224519972
4,88068,PUT,357630224520243,357630224520574
4,88324,PUT,357630224520844,357630224521145
4,88580,PUT,357630224524182,357630224524473
4,88836,PUT,357630224524733,357630224525064
4,89092,PUT,357630224527039,357630224527380
4,89348,PUT,357630224527630,357630224527871
4,89604,PUT,357630224529514,357630224529815
4,89860,PUT,357630224531700,357630224532010
4,90116,PUT,357630224532291,357630224532582
4,90372,PUT,357630224540029,357630224540310
4,90628,PUT,357630224541522,357630224541813
4,90884,PUT,357630224543587,357630224543808
4,91140,PUT,357630224544078,357630224544349
4,91396,PUT,357630224546694,357630224547035
4,91652,PUT,357630224548479,357630224548769
4,91908,PUT,357630224549050,357630224549341
4,92164,PUT,357630224549621,357630224549912
4,92420,PUT,357630224550172,357630224550473
4,92676,PUT,357630224550734,357630224551034
4,92932,PUT,357630224556948,357630224557249
4,93188,PUT,357630224562230,357630224562521
4,93444,PUT,357630224562802,357630224563092
4,93700,PUT,357630224563353,357630224563704
4,93956,PUT,357630224563954,357630224564335
4,94212,PUT,357630224564586,357630224564907
4,94468,PUT,357630224565157,357630224565478
4,94724,PUT,357630224565739,357630224565929
4,94980,PUT,357630224569658,357630224569958
4,95236,PUT,357630224570209,357630224570500
4,95492,PUT,357630224570750,357630224571051
4,95748,PUT,357630224573216,357630224573507
4,96004,PUT,357630224574790,357630224575080
4,96260,PUT,357630224575351,357630224575652
4,96516,PUT,357630224586206,357630224586447
4,96772,PUT,357630224590937,357630224591228
4,97028,PUT,357630224592691,357630224593182
4,97284,PUT,357630224593463,357630224593754
4,97540,PUT,357630224595027,357630224595387
4,97796,PUT,357630224596400,357630224596691
4,98052,PUT,357630224596971,357630224597262
4,98308,PUT,357630224598455,357630224598745
4,98564,PUT,357630224604950,357630224605361
4,98820,PUT,357630224605631,357630224605952
4,99076,PUT,357630224607566,357630224607876
4,99332,PUT,357630224608157,357630224608448
4,99588,PUT,357630224608728,357630224609019
4,99844,PUT,357630224609280,357630224609570
4,100100,PUT,357630224609831,357630224610122
4,100356,PUT,357630224610382,357630224610713
4,100612,PUT,357630224628895,357630224629527
4,100868,PUT,357630224629938,357630224630289
4,101124,PUT,357630224631742,357630224632053
4,101380,PUT,357630224632333,357630224632704
4,101636,PUT,357630224634749,357630224635040
4,101892,PUT,357630224642276,357630224642567
4,102148,PUT,357630224644722,357630224645013
4,102404,PUT,357630224645283,357630224645614
4,102660,PUT,357630224645875,357630224646185
4,102916,PUT,357630224646446,357630224646767
4,103172,PUT,357630224648361,357630224648651
4,103428,PUT,357630224652420,357630224652650
4,103684,PUT,357630224652921,357630224653242
4,103940,PUT,357630224653502,357630224653803
4,104196,PUT,357630224657622,357630224657913
4,104452,PUT,357630224658183,357630224658474
4,104708,PUT,357630224658735,357630224659025
4,104964,PUT,357630224659276,357630224659567
4,105220,PUT,357630224663596,357630224663887
4,105476,PUT,357630224664157,357630224664448
4,105732,PUT,357630224665731,357630224666042
4,105988,PUT,357630224666322,357630224666663
4,106244,PUT,357630224666914,357630224667264
4,106500,PUT,357630224667535,357630224667826
4,106756,PUT,357630224668908,357630224669199
4,107012,PUT,357630224674140,357630224674491
4,107268,PUT,357630224678100,357630224678330
4,107524,PUT,357630224678531,357630224678721
4,107780,PUT,357630224678901,357630224679192
4,108036,PUT,357630224679443,357630224679834
4,108292,PUT,357630224680094,357630224680375
4,108548,PUT,357630224680635,357630224680946
4,108804,PUT,357630224683211,357630224683522
4,109060,PUT,357630224683783,357630224684114
4,109316,PUT,357630224686489,357630224686850
4,109572,PUT,357630224687131,357630224687421
4,109828,PUT,357630224690969,357630224691290
4,110084,PUT,357630224691571,357630224691892
4,110340,PUT,357630224694869,357630224695159
4,110596,PUT,357630224698307,357630224698587
4,110852,PUT,357630224698868,357630224699148
4,111108,PUT,357630224699429,357630224699720
4,111364,PUT,357630224701133,357630224701424
4,111620,PUT,357630224703809,357630224704100
4,111876,PUT,357630224704381,357630224704661
4,112132,PUT,357630224704922,357630224705213
4,112388,PUT,357630224705473,357630224705884
4,112644,PUT,357630224706145,357630224706445
4,112900,PUT,357630224706696,357630224707067
4,113156,PUT,357630224707307,357630224707618
4,113412,PUT,357630224708911,357630224709222
4,113668,PUT,357630224709482,357630224709773
4,113924,PUT,357630224710024,357630224710314
4,114180,PUT,357630224710575,357630224710966
4,114436,PUT,357630224711227,357630224711658
4,114692,PUT,357630224713873,357630224714213
4,114948,PUT,357630224716308,357630224716599
4,115204,PUT,357630224721851,357630224722142
4,115460,PUT,357630224724167,357630224724497
4,115716,PUT,357630224724758,357630224725049
4,115972,PUT,357630224725319,357630224725660
4,116228,PUT,357630224729158,357630224729449
4,116484,PUT,357630224735693,357630224736164
4,116740,PUT,357630224743030,357630224743321
4,116996,PUT,357630224745336,357630224745656
4,117252,PUT,357630224745947,357630224746248
4,117508,PUT,357630224746508,357630224746879
4,117764,PUT,357630224747130,357630224747431
4,118020,PUT,357630224748894,357630224749185
4,118276,PUT,357630224751831,357630224752162
4,118532,PUT,357630224752442,357630224752883
4,118788,PUT,357630224758176,357630224758496
4,119044,PUT,357630224758767,357630224759058
4,119300,PUT,357630224786782,357630224787223
4,119556,PUT,357630224787644,357630224787955
4,119812,PUT,357630224788235,357630224788526
4,120068,PUT,357630224788777,357630224789258
4,120324,PUT,357630224789518,357630224789819
4,120580,PUT,357630224790070,357630224790370
4,120836,PUT,357630224790621,357630224790922
4,121092,PUT,357630224791182,357630224791433
4,121348,PUT,357630224791693,357630224791994
4,121604,PUT,357630224795452,357630224795753
4,121860,PUT,357630224799451,357630224799742
4,122116,PUT,357630224800023,357630224800313
4,122372,PUT,357630224801346,357630224801636
4,122628,PUT,357630224801917,357630224802278
4,122884,PUT,357630224804142,357630224804433
4,123140,PUT,357630224806718,357630224807009
4,123396,PUT,357630224812341,357630224812632
4,123652,PUT,357630224817122,357630224817443
4,123908,PUT,357630224819428,357630224819718
4,124164,PUT,357630224819999,357630224820290
4,124420,PUT,357630224820560,357630224820861
4,124676,PUT,357630224827346,357630224827817
4,124932,PUT,357630224831085,357630224831376
4,125188,PUT,357630224836367,357630224836658
4,125444,PUT,357630224842211,357630224842511
4,125700,PUT,357630224842782,357630224843073
4,125956,PUT,357630224843343,357630224843634
4,126212,PUT,357630224843895,357630224844185
4,126468,PUT,357630224845478,357630224845769
4,126724,PUT,357630224846030,357630224846370
4,126980,PUT,357630224846631,357630224846922
4,127236,PUT,357630224850761,357630224851051
4,127492,PUT,357630224853317,357630224853617
4,127748,PUT,357630224853898,357630224854169
4,128004,PUT,357630224859100,357630224859401
4,128260,PUT,357630224866447,357630224866738
4,128516,PUT,357630224867961,357630224868251
4,128772,PUT,357630224868532,357630224868823
4,129028,PUT,357630224871619,357630224871940
4,129284,PUT,357630224876941,357630224877322
4,129540,PUT,357630224877603,357630224877894
4,129796,PUT,357630224882805,357630224883096
4,130052,PUT,357630224883376,357630224883707
4,130308,PUT,357630224883998,357630224884288
4,130564,PUT,357630224885351,357630224885652
4,130820,PUT,357630224887185,357630224887556
4,131076,PUT,357630224890453,357630224890743
4,131332,PUT,357630224897750,357630224898030
4,131588,PUT,357630224899464,357630224899714
4,131844,PUT,357630224904064,357630224904355
4,132100,PUT,357630224904626,357630224905017
4,132356,PUT,357630224905287,357630224905578
4,132612,PUT,357630224905839,357630224906169
4,132868,PUT,357630224906430,357630224906650
4,133124,PUT,357630224907593,357630224907883
4,133380,PUT,357630224908144,357630224908435
4,133636,PUT,357630224908685,357630224908976
4,133892,PUT,357630224910680,357630224910970
4,134148,PUT,357630224911231,357630224911602
4,134404,PUT,357630224911852,357630224912223
4,134660,PUT,357630224912484,357630224912785
4,134916,PUT,357630224913045,357630224913827
4,135172,PUT,357630224930275,357630224930857
4,135428,PUT,357630224931729,357630224932019
4,135684,PUT,357630224932300,357630224932591
4,135940,PUT,357630224932851,357630224933142
4,136196,PUT,357630224934265,357630224934565
4,136452,PUT,357630224934816,357630224935127
4,136708,PUT,357630224937442,357630224937783
4,136964,PUT,357630224938965,357630224939256
4,137220,PUT,357630224941110,357630224941401
4,137476,PUT,357630224941672,357630224941972
4,137732,PUT,357630224942253,357630224942544
4,137988,PUT,357630224944939,357630224945300
4,138244,PUT,357630224945571,357630224945902
4,138500,PUT,357630224948167,357630224948457
4,138756,PUT,357630224948728,357630224949109
4,139012,PUT,357630224949380,357630224949891
4,139268,PUT,357630224950151,357630224950462
4,139524,PUT,357630224950703,357630224951003
4,139780,PUT,357630224951254,357630224951605
4,140036,PUT,357630224951855,357630224952166
4,140292,PUT,357630224953599,357630224953920
4,140548,PUT,357630224956677,357630224956967
4,140804,PUT,357630224957248,357630224957539
4,141060,PUT,357630224957799,357630224958090
4,141316,PUT,357630224958350,357630224958641
4,141572,PUT,357630224958892,357630224959283
4,141828,PUT,357630224959523,357630224959854
4,142084,PUT,357630224964545,357630224964906
4,142340,PUT,357630224965166,357630224965497
4,142596,PUT,357630224968243,357630224968534
4,142852,PUT,357630224968795,357630224969075
4,143108,PUT,357630224969326,357630224969577
4,143364,PUT,357630224971130,357630224971421
4,143620,PUT,357630224971671,357630224971972
4,143876,PUT,357630224973065,357630224973355
4,144132,PUT,357630224974999,357630224975310
4,144388,PUT,357630224980342,357630224980843
4,144644,PUT,357630224981113,357630224981514
4,144900,PUT,357630224986305,357630224986616
4,145156,PUT,357630224986887,357630224987177
4,145412,PUT,357630224989312,357630224989613
4,145668,PUT,357630224989894,357630224990224
4,145924,PUT,357630224990485,357630224990856
4,146180,PUT,357630224991979,357630224992349
4,146436,PUT,357630224992600,357630224992981
4,146692,PUT,357630224996950,357630224997301
4,4109,GET,357630223907570,357630223908322
4,6669,GET,357630223909144,357630223910036
4,7437,GET,357630223910226,357630223910707
4,12813,GET,357630223912842,357630223913534
4,16141,GET,357630223914907,357630223915559
4,2308,GET,357630223916290,357630223916761
4,4356,GET,357630223917453,357630223917834
4,6660,GET,357630223917994,357630223918906
4,7940,GET,357630223919067,357630223920129
4,9988,GET,357630223920270,357630223920791
4,14596,GET,357630223922354,357630223923297
4,2565,GET,357630223924630,357630223925802
4,3845,GET,357630223925953,357630223926474
4,5381,GET,357630223926614,357630223927326
4,9733,GET,357630223928028,357630223929501
4,12805,GET,357630223930203,357630223930964
4,15621,GET,357630223931095,357630223932548
4,1539,GET,357630223932688,357630223933651
4,3843,GET,357630223933801,357630223934663
4,7427,GET,357630223934793,357630223936307
4,9987,GET,357630223936437,357630223937650
4,770,GET,357630223937780,357630223938422
4,1794,GET,357630223938552,357630223939514
4,15107,GET,357630223940867,357630223941759
4,7682,GET,357630223943103,357630223944085
4,12802,GET,357630223945338,357630223946460
4,15106,GET,357630223946611,357630223947423
4,264,GET,357630223947573,357630223948204
4,3080,GET,357630223948335,357630223949718
4,5640,GET,357630223949848,357630223950991
4,15368,GET,357630223955130,357630223956373
4,7433,GET,357630223959400,357630223960403
4,10505,GET,357630223960553,357630223962006
4,1030,GET,357630223964623,357630223965605
4,5894,GET,357630223966316,357630223967630
4,7174,GET,357630223967780,357630223968321
4,12294,GET,357630223968461,357630223970807
4,522,GET,357630223970937,357630223972862
4,4106,GET,357630223973002,357630223974656
4,9226,GET,357630223976520,357630223977212
4,12554,GET,357630223977923,357630223978725
4,14602,GET,357630223979407,357630223979768
4,4622,GET,357630223981141,357630223982885
4,6670,GET,357630223983035,357630223983657
4,11790,GET,357630223985531,357630223986614
4,14094,GET,357630223986764,357630223987716
4,780,GET,357630223988438,357630223989200
4,5132,GET,357630223990563,357630223991445
4,8972,GET,357630223991595,357630223993219
4,13068,GET,357630223994652,357630223995364
4,15372,GET,357630223995514,357630223996687
4,769,GET,357630223996817,357630223997509
4,2305,GET,357630223997649,357630223998421
4,3585,GET,357630223998551,357630223999203
4,9473,GET,357630224022377,357630224023038
4,10497,GET,357630224023249,357630224023910
4,14849,GET,357630224025785,357630224026346
4,16385,GET,357630224026496,357630224028050
4,5387,GET,357630224028772,357630224030135
4,9483,GET,357630224030876,357630224032270
4,13835,GET,357630224032420,357630224034294
4,2311,GET,357630224034976,357630224036830
4,7175,GET,357630224036981,357630224039296
4,8967,GET,357630224039446,357630224040579
4,10759,GET,357630224040719,357630224041702
4,5888,GET,357630224055634,357630224056305
4,17164,GET,357630224074638,357630224075500
4,18700,GET,357630224078066,357630224079810
4,20738,GET,357630224079960,357630224080452
4,19468,GET,357630224082286,357630224082817
4,20236,GET,357630224084090,357630224084812
4,17667,GET,357630224084962,357630224086425
4,17412,GET,357630224086566,357630224087267
4,19727,GET,357630224087398,357630224088600
4,16651,GET,357630224088731,357630224089633
4,20494,GET,357630224091006,357630224092249
4,19977,GET,357630224092379,357630224093261
4,22273,GET,357630224095126,357630224095737
4,21519,GET,357630224097591,357630224099155
4,23820,GET,357630224100408,357630224102092
4,20229,GET,357630224103345,357630224104908
4,20741,GET,357630224107504,357630224108256
4,23310,GET,357630224109950,357630224110531
4,23566,GET,357630224110682,357630224112055
4,24577,GET,357630224112185,357630224113117
4,25857,GET,357630224116626,357630224118871
4,22275,GET,357630224119021,357630224119893
4,26382,GET,357630224120625,357630224121687
4,22787,GET,357630224122369,357630224123161
4,24837,GET,357630224125025,357630224125496
4,22276,GET,357630224125647,357630224126779
4,22791,GET,357630224126929,357630224128092
4,26118,GET,357630224128222,357630224129004
4,26127,GET,357630224129135,357630224130137
4,28162,GET,357630224130267,357630224131189
4,24324,GET,357630224131971,357630224132793
4,28674,GET,357630224134126,357630224134908
4,29185,GET,357630224136802,357630224137304
4,28942,GET,357630224138637,357630224140752
4,28677,GET,357630224141483,357630224142696
4,27919,GET,357630224142846,357630224144089
4,26635,GET,357630224145422,357630224146675
4,28431,GET,357630224146826,357630224147567
4,31490,GET,357630224150865,357630224152359
4,30732,GET,357630224153762,357630224154333
4,26889,GET,357630224156618,357630224157731
4,29190,GET,357630224159204,357630224160016
4,31502,GET,357630224160798,357630224161670
4,28427,GET,357630224161821,357630224163254
4,30470,GET,357630224165710,357630224166972
4,32005,GET,357630224167774,357630224168616
4,28163,GET,357630224169959,357630224170721
4,28681,GET,357630224170872,357630224172465
4,31750,GET,357630224175492,357630224177046
4,30212,GET,357630224177196,357630224178058
4,31242,GET,357630224178209,357630224178920
4,35841,GET,357630224179642,357630224180554
4,30215,GET,357630224180704,357630224181627
4,30729,GET,357630224181757,357630224183130
4,33292,GET,357630224200370,357630224200941
4,31239,GET,357630224202816,357630224203688
4,31495,GET,357630224203838,357630224204460
4,32262,GET,357630224204610,357630224205251
4,29955,GET,357630224205382,357630224205963
4,32778,GET,357630224206103,357630224206895
4,30467,GET,357630224208319,357630224208980
4,34825,GET,357630224209682,357630224210484
4,35081,GET,357630224211777,357630224213100
4,35596,GET,357630224222050,357630224224235
4,35852,GET,357630224224386,357630224225408
4,34827,GET,357630224226090,357630224226771
4,35590,GET,357630224227463,357630224228866
4,34314,GET,357630224229017,357630224229808
4,36620,GET,357630224229959,357630224230891
4,34821,GET,357630224231583,357630224232795
4,36617,GET,357630224233557,357630224234249
4,35844,GET,357630224235502,357630224236263
4,34826,GET,357630224236975,357630224238639
4,36103,GET,357630224240503,357630224241345
4,26381,GET,357630224241496,357630224242017
4,38159,GET,357630224243841,357630224245425
4,30216,GET,357630224248171,357630224248843
4,38407,GET,357630224248993,357630224250146
4,44034,GET,357630224250296,357630224252672
4,37642,GET,357630224253383,357630224255899
4,41486,GET,357630224256029,357630224257463
4,37131,GET,357630224257593,357630224258375
4,37899,GET,357630224258976,357630224260289
4,39684,GET,357630224260420,357630224260981
4,38666,GET,357630224261111,357630224262665
4,44545,GET,357630224262795,357630224265161
4,41228,GET,357630224265301,357630224266273
4,40719,GET,357630224266403,357630224267175
4,43273,GET,357630224267306,357630224268669
4,35331,GET,357630224269370,357630224270533
4,38662,GET,357630224271235,357630224271956
4,43529,GET,357630224272628,357630224273750
4,39174,GET,357630224273901,357630224276126
4,43015,GET,357630224276276,357630224278592
4,34312,GET,357630224280055,357630224282671
4,43791,GET,357630224283383,357630224284626
4,34824,GET,357630224284776,357630224286350
4,35336,GET,357630224286480,357630224288264
4,35592,GET,357630224288906,357630224290149
4,45828,GET,357630224290279,357630224291702
4,42507,GET,357630224293015,357630224293897
4,42763,GET,357630224300332,357630224300934
4,52225,GET,357630224302918,357630224304321
4,43526,GET,357630224305033,357630224305604
4,46087,GET,357630224306907,357630224307639
4,39939,GET,357630224308331,357630224308902
4,40448,GET,357630224309052,357630224309914
4,34317,GET,357630224311769,357630224312671
4,47375,GET,357630224312821,357630224314285
4,54273,GET,357630224315006,357630224316831
4,55553,GET,357630224318745,357630224319707
4,41984,GET,357630224321531,357630224322534
4,51460,GET,357630224323255,357630224325370
4,47879,GET,357630224325521,357630224326192
4,48135,GET,357630224326343,357630224327064
4,38152,GET,357630224327205,357630224327816
4,49164,GET,357630224343573,357630224344625
4,57345,GET,357630224344816,357630224346169
4,55554,GET,357630224346940,357630224347993
4,49927,GET,357630224348123,357630224348995
4,56578,GET,357630224349697,357630224350719
4,58625,GET,357630224350850,357630224353897
4,48394,GET,357630224354027,357630224356032
4,51468,GET,357630224357555,357630224359079
4,54788,GET,357630224359209,357630224360422
4,51463,GET,357630224361264,357630224361965
4,44544,GET,357630224362106,357630224363058
4,48646,GET,357630224363188,357630224364501
4,49158,GET,357630224364632,357630224365784
4,49930,GET,357630224367087,357630224368009
4,52229,GET,357630224368160,357630224368721
4,52999,GET,357630224368851,357630224369503
4,53003,GET,357630224369643,357630224370686
4,54028,GET,357630224370816,357630224371798
4,40205,GET,357630224373151,357630224373893
4,45571,GET,357630224374043,357630224375286
4,54791,GET,357630224376559,357630224378063
4,60929,GET,357630224378764,357630224379506
4,45824,GET,357630224379656,357630224380849
4,43784,GET,357630224381561,357630224382002
4,61953,GET,357630224382152,357630224383415
4,46848,GET,357630224384758,357630224385901
4,53254,GET,357630224386051,357630224387414
4,55566,GET,357630224387565,357630224388266
4,46088,GET,357630224390121,357630224391664
4,43021,GET,357630224392366,357630224393038
4,56839,GET,357630224393579,357630224394872
4,52495,GET,357630224395022,357630224396305
4,60162,GET,357630224396455,357630224397207
4,57356,GET,357630224397338,357630224397899
4,60674,GET,357630224398039,357630224399633
4,55558,GET,357630224399763,357630224400585
4,60676,GET,357630224400715,357630224402119
4,61186,GET,357630224402249,357630224403512
4,61700,GET,357630224404294,357630224405647
4,54287,GET,357630224406930,357630224408493
4,47624,GET,357630224409235,357630224412102
4,55311,GET,357630224412252,357630224413315
4,57865,GET,357630224414367,357630224415009
4,54794,GET,357630224415159,357630224416081
4,55823,GET,357630224416231,357630224416893
4,58373,GET,357630224418166,357630224419579
4,64002,GET,357630224422837,357630224423338
4,59397,GET,357630224424040,357630224425112
4,67073,GET,357630224425262,357630224426245
4,61189,GET,357630224427828,357630224429202
4,59147,GET,357630224429913,357630224430936
4,59403,GET,357630224431607,357630224432770
4,60940,GET,357630224432920,357630224433702
4,62478,GET,357630224434394,357630224435396
4,62215,GET,357630224435556,357630224436579
4,58122,GET,357630224437270,357630224437872
4,55040,GET,357630224438553,357630224440187
4,54019,GET,357630224440337,357630224441189
4,68865,GET,357630224441340,357630224442392
4,56320,GET,357630224442522,357630224444527
4,64005,GET,357630224445269,357630224445770
4,55043,GET,357630224445910,357630224448025
4,65794,GET,357630224448156,357630224449639
4,60426,GET,357630224449779,357630224450681
4,52232,GET,357630224451964,357630224453428
4,57856,GET,357630224453568,357630224454400
4,66308,GET,357630224455743,357630224457798
4,65287,GET,357630224457928,357630224458660
4,57603,GET,357630224458800,357630224459692
4,66318,GET,357630224461677,357630224462469
4,65289,GET,357630224463732,357630224465596
4,65804,GET,357630224465746,357630224467090
4,65291,GET,357630224467230,357630224468493
4,68868,GET,357630224471550,357630224472602
4,74241,GET,357630224487898,357630224488640
4,68622,GET,357630224495676,357630224497260
4,61955,GET,357630224498402,357630224499334
4,70402,GET,357630224500527,357630224501469
4,70151,GET,357630224501620,357630224502211
4,61440,GET,357630224502953,357630224503464
4,70663,GET,357630224504146,357630224505509
4,53517,GET,357630224505659,357630224507393
4,69638,GET,357630224507543,357630224508877
4,72194,GET,357630224511493,357630224512555
4,64259,GET,357630224512695,357630224513237
4,67851,GET,357630224513948,357630224515482
4,69125,GET,357630224515612,357630224517376
4,71172,GET,357630224518088,357630224518639
4,64515,GET,357630224518770,357630224519421
4,63232,GET,357630224521416,357630224522268
4,66831,GET,357630224522398,357630224524032
4,65539,GET,357630224525335,357630224526888
4,67087,GET,357630224528171,357630224529374
4,72452,GET,357630224530096,357630224531569
4,72964,GET,357630224532852,357630224533754
4,80385,GET,357630224533905,357630224535097
4,71945,GET,357630224535228,357630224535659
4,70410,GET,357630224535799,357630224537573
4,80897,GET,357630224537714,357630224539007
4,71434,GET,357630224539137,357630224539879
4,72202,GET,357630224540580,357630224541372
4,72970,GET,357630224542064,357630224543447
4,73226,GET,357630224544600,357630224545802
4,74756,GET,357630224545953,357630224546564
4,75270,GET,357630224547296,357630224548338
4,69647,GET,357630224551305,357630224552297
4,67843,GET,357630224552448,357630224553069
4,77575,GET,357630224553220,357630224555425
4,77831,GET,357630224555565,357630224556798
4,78343,GET,357630224557520,357630224558863
4,83713,GET,357630224559003,357630224560065
4,83969,GET,357630224560196,357630224562080
4,78348,GET,357630224566109,357630224566871
4,77317,GET,357630224567002,357630224568144
4,77830,GET,357630224568275,357630224569507
4,78086,GET,357630224571332,357630224572103
4,69120,GET,357630224572234,357630224573066
4,70403,GET,357630224573787,357630224574629
4,61965,GET,357630224575922,357630224576433
4,66824,GET,357630224576584,357630224577516
4,80130,GET,357630224577646,357630224579060
4,79108,GET,357630224579200,357630224581024
4,87041,GET,357630224581154,357630224582939
4,87297,GET,357630224583079,357630224585344
4,68360,GET,357630224585474,357630224586056
4,82188,GET,357630224586697,357630224587609
4,88321,GET,357630224587750,357630224589374
4,78598,GET,357630224589504,357630224590787
4,78602,GET,357630224591488,357630224592541
4,83980,GET,357630224594004,357630224594886
4,81675,GET,357630224595648,357630224596260
4,80644,GET,357630224597472,357630224598314
4,83458,GET,357630224604228,357630224604769
4,75264,GET,357630224606203,357630224607425
4,66829,GET,357630224610984,357630224611936
4,82436,GET,357630224612086,357630224613279
4,75279,GET,357630224630569,357630224631572
4,67853,GET,357630224632975,357630224634609
4,83460,GET,357630224635300,357630224637505
4,87042,GET,357630224640222,357630224641174
4,87298,GET,357630224641324,357630224642126
4,89100,GET,357630224642818,357630224643680
4,77583,GET,357630224643810,357630224644572
4,84485,GET,357630224647047,357630224648220
4,88322,GET,357630224648922,357630224651107
4,85006,GET,357630224651257,357630224652270
4,70413,GET,357630224654074,357630224654795
4,87819,GET,357630224654946,357630224655968
4,89346,GET,357630224656119,357630224657462
4,91148,GET,357630224659837,357630224660950
4,70925,GET,357630224661100,357630224662042
4,79887,GET,357630224662173,357630224663446
4,94209,GET,357630224664729,357630224665581
4,79619,GET,357630224668106,357630224668778
4,77064,GET,357630224669470,357630224670171
4,87556,GET,357630224670322,357630224671604
4,88590,GET,357630224671755,357630224672577
4,93708,GET,357630224672707,357630224673990
4,88324,GET,357630224674752,357630224675453
4,80131,GET,357630224675594,357630224676496
4,86022,GET,357630224676626,357630224677949
4,87558,GET,357630224681227,357630224681768
4,95751,GET,357630224681918,357630224683061
4,90889,GET,357630224684374,357630224685256
4,80136,GET,357630224685407,357630224686349
4,97031,GET,357630224687692,357630224689215
4,82179,GET,357630224689366,357630224690829
4,90372,GET,357630224692152,357630224692894
4,90885,GET,357630224693044,357630224694738
4,90884,GET,357630224695420,357630224696693
4,82947,GET,357630224696843,357630224697414
4,80904,GET,357630224697565,357630224698146
4,91146,GET,357630224699980,357630224700993
4,85519,GET,357630224701694,357630224702376
4,96770,GET,357630224702526,357630224703659
4,77581,GET,357630224707909,357630224708771
4,100359,GET,357630224711938,357630224713742
4,92683,GET,357630224714484,357630224716178
4,99852,GET,357630224716860,357630224719576
4,98818,GET,357630224719726,357630224720849
4,80141,GET,357630224720999,357630224721701
4,99074,GET,357630224722392,357630224723084
4,94734,GET,357630224723214,357630224724006
4,88067,GET,357630224725941,357630224727103
4,88579,GET,357630224727234,357630224729008
4,81165,GET,357630224729719,357630224732446
4,88847,GET,357630224732576,357630224733729
4,89103,GET,357630224733859,357630224734641
4,97541,GET,357630224734771,357630224735543
4,101633,GET,357630224736445,357630224737377
4,97806,GET,357630224737508,357630224738931
4,102401,GET,357630224739071,357630224739953
4,82189,GET,357630224740084,357630224741507
4,82445,GET,357630224741637,357630224742880
4,102913,GET,357630224743572,357630224745175
4,83981,GET,357630224747701,357630224748764
4,89856,GET,357630224749465,357630224751701
4,90112,GET,357630224753134,357630224754978
4,99598,GET,357630224755128,357630224755770
4,91651,GET,357630224755910,357630224756852
4,92175,GET,357630224756983,357630224758025
4,91392,GET,357630224759308,357630224760451
4,88072,GET,357630224760601,357630224762075
4,98571,GET,357630224767718,357630224768910
4,92943,GET,357630224769041,357630224770023
4,98822,GET,357630224792275,357630224793237
4,94720,GET,357630224793427,357630224795302
4,110348,GET,357630224796023,357630224796695
4,95235,GET,357630224796825,357630224798529
4,102670,GET,357630224798660,357630224799301
4,96000,GET,357630224800584,357630224801195
4,95503,GET,357630224802549,357630224804012
4,103684,GET,357630224804704,357630224806578
4,108801,GET,357630224807280,357630224808332
4,109825,GET,357630224808482,357630224810236
4,89096,GET,357630224810387,357630224812191
4,110599,GET,357630224812893,357630224814406
4,105226,GET,357630224814557,357630224815870
4,113164,GET,357630224816000,357630224816972
4,106244,GET,357630224817704,357630224819277
4,105733,GET,357630224821142,357630224821914
4,104969,GET,357630224822064,357630224823598
4,114700,GET,357630224823738,357630224825462
4,97551,GET,357630224825592,357630224827196
4,111617,GET,357630224828078,357630224830093
4,97807,GET,357630224830223,357630224830925
4,91656,GET,357630224831656,357630224832458
4,101635,GET,357630224832598,357630224834252
4,114695,GET,357630224834383,357630224836217
4,89101,GET,357630224836908,357630224838071
4,109316,GET,357630224838211,357630224839695
4,102147,GET,357630224839825,357630224840747
4,108042,GET,357630224840878,357630224842060
4,108810,GET,357630224844456,357630224845328
4,103683,GET,357630224847192,357630224848616
4,104195,GET,357630224848766,357630224850600
4,110090,GET,357630224851322,357630224851893
4,109573,GET,357630224852024,357630224853166
4,91149,GET,357630224854419,357630224855532
4,107531,GET,357630224855682,357630224857586
4,116743,GET,357630224857717,357630224858950
4,113668,GET,357630224859651,357630224860563
4,105987,GET,357630224860694,357630224861716
4,106243,GET,357630224861856,357630224862668
4,105734,GET,357630224862799,357630224864272
4,108811,GET,357630224864402,357630224865214
4,96776,GET,357630224865344,357630224866297
4,107267,GET,357630224866988,357630224867810
4,115460,GET,357630224869083,357630224871479
4,102671,GET,357630224872200,357630224875899
4,98312,GET,357630224876049,357630224876811
4,103936,GET,357630224878144,357630224879808
4,120583,GET,357630224879958,357630224880981
4,122124,GET,357630224881131,357630224882655
4,110603,GET,357630224884569,357630224885221
4,116740,GET,357630224885922,357630224887045
4,110859,GET,357630224887807,357630224889330
4,114185,GET,357630224889481,357630224890312
4,118276,GET,357630224896647,357630224897579
4,112645,GET,357630224898301,357630224899333
4,122375,GET,357630224899975,357630224900977
4,122370,GET,357630224901128,357630224903934
4,116750,GET,357630224906851,357630224907452
4,114187,GET,357630224909246,357630224910549
4,121089,GET,357630224914098,357630224916624
4,115203,GET,357630224931298,357630224931558
4,118538,GET,357630224933423,357630224934134
4,115459,GET,357630224935397,357630224936129
4,109071,GET,357630224936279,357630224937302
4,118798,GET,357630224938033,357630224938835
4,116739,GET,357630224939517,357630224940980
4,123393,GET,357630224942814,357630224944809
4,104968,GET,357630224946182,357630224946944
4,118019,GET,357630224947094,357630224948037
4,114950,GET,357630224952437,357630224953469
4,115206,GET,357630224954211,357630224954872
4,117253,GET,357630224955023,357630224956546
4,130823,GET,357630224960125,357630224961778
4,118795,GET,357630224961929,357630224963372
4,121865,GET,357630224963522,357630224964395
4,129804,GET,357630224965778,357630224968103
4,122890,GET,357630224969857,357630224970990
4,111104,GET,357630224972243,357630224972934
4,123918,GET,357630224973636,357630224974859
4,123395,GET,357630224975661,357630224976843
4,128002,GET,357630224976994,357630224977966
4,117766,GET,357630224978116,357630224980191
4,133383,GET,357630224981795,357630224983609
4,118278,GET,357630224983749,357630224984571
4,129537,GET,357630224984702,357630224986155
4,125706,GET,357630224987448,357630224988150
4,133895,GET,357630224988290,357630224989162
4,119302,GET,357630224991147,357630224991838
4,125443,GET,357630224993252,357630224993883
4,119814,GET,357630224994033,357630224995407
4,117263,GET,357630224995547,357630224996800
4,112392,GET,357630224997552,357630224997972
5,261,PUT,357630223236451,357630223236922
5,517,PUT,357630223237253,357630223237474
5,773,PUT,357630223237674,357630223237865
5,1029,PUT,357630223238015,357630223238205
5,1285,PUT,357630223238356,357630223238546
5,1541,PUT,357630223238697,357630223238887
5,1797,PUT,357630223239037,357630223239228
5,2053,PUT,357630223239528,357630223239719
5,2309,PUT,357630223239869,357630223240060
5,2565,PUT,357630223240210,357630223240401
5,2821,PUT,357630223240551,357630223240741
5,3077,PUT,357630223240892,357630223241082
5,3333,PUT,357630223241232,357630223241423
5,3589,PUT,357630223241573,357630223241764
5,3845,PUT,357630223241914,357630223242104
5,4101,PUT,357630223242395,357630223242586
5,4357,PUT,357630223242736,357630223242926
5,4613,PUT,357630223243077,357630223243267
5,4869,PUT,357630223243418,357630223243608
5,5125,PUT,357630223243758,357630223243949
5,5381,PUT,357630223244099,357630223244290
5,5637,PUT,357630223244440,357630223244630
5,5893,PUT,357630223244781,357630223244971
5,6149,PUT,357630223245262,357630223245462
5,6405,PUT,357630223245613,357630223245803
5,6661,PUT,357630223245953,357630223246144
5,6917,PUT,357630223246294,357630223246485
5,7173,PUT,357630223246635,357630223246825
5,7429,PUT,357630223246976,357630223247166
5,7685,PUT,357630223247317,357630223247507
5,7941,PUT,357630223247657,357630223247848
5,8197,PUT,357630223248138,357630223248329
5,8453,PUT,357630223248479,357630223248670
5,8709,PUT,357630223248820,357630223249011
5,8965,PUT,357630223249161,357630223249351
5,9221,PUT,357630223249502,357630223249692
5,9477,PUT,357630223249842,357630223250033
5,9733,PUT,357630223250183,357630223250374
5,9989,PUT,357630223250524,357630223250724
5,10245,PUT,357630223251005,357630223251206
5,10501,PUT,357630223251346,357630223251546
5,10757,PUT,357630223251697,357630223251887
5,11013,PUT,357630223252038,357630223252228
5,11269,PUT,357630223252378,357630223252569
5,11525,PUT,357630223252719,357630223252910
5,11781,PUT,357630223253060,357630223253250
5,12037,PUT,357630223253401,357630223253591
5,12293,PUT,357630223253882,357630223254072
5,12549,PUT,357630223254223,357630223254413
5,12805,PUT,357630223254563,357630223254754
5,13061,PUT,357630223254904,357630223255095
5,13317,PUT,357630223255245,357630223255435
5,13573,PUT,357630223255586,357630223255776
5,13829,PUT,357630223255927,357630223256117
5,14085,PUT,357630223256267,357630223256458
5,14341,PUT,357630223256748,357630223256949
5,14597,PUT,357630223257089,357630223257290
5,14853,PUT,357630223257430,357630223257631
5,15109,PUT,357630223257771,357630223257971
5,15365,PUT,357630223258112,357630223258312
5,15621,PUT,357630223258452,357630223258653
5,15877,PUT,357630223258793,357630223258994
5,16133,PUT,357630223259134,357630223259334
5,16389,PUT,357630223259615,357630223259816
5,16645,PUT,357630223904242,357630223904974
5,16901,PUT,357630223907440,357630223907841
5,17157,PUT,357630223908101,357630223908412
5,17413,PUT,357630223908673,357630223908903
5,17669,PUT,357630223909164,357630223909545
5,17925,PUT,357630223911900,357630223912191
5,18181,PUT,357630223913644,357630223913995
5,18437,PUT,357630223914266,357630223914606
5,18693,PUT,357630223914947,357630223915238
5,18949,PUT,357630223915498,357630223915869
5,19205,PUT,357630223919027,357630223919317
5,19461,PUT,357630223924740,357630223925041
5,19717,PUT,357630223927516,357630223927817
5,19973,PUT,357630223928068,357630223928368
5,20229,PUT,357630223928619,357630223928910
5,20485,PUT,357630223930012,357630223930373
5,20741,PUT,357630223931415,357630223931716
5,20997,PUT,357630223931987,357630223932287
5,21253,PUT,357630223932608,357630223932959
5,21509,PUT,357630223933210,357630223933510
5,21765,PUT,357630223933761,357630223934072
5,22021,PUT,357630223934332,357630223934623
5,22277,PUT,357630223936477,357630223936798
5,22533,PUT,357630223937059,357630223937259
5,22789,PUT,357630223941870,357630223942251
5,23045,PUT,357630223942521,357630223942822
5,23301,PUT,357630223945618,357630223945919
5,23557,PUT,357630223946190,357630223946480
5,23813,PUT,357630223947593,357630223947954
5,24069,PUT,357630223948234,357630223948525
5,24325,PUT,357630223948796,357630223949096
5,24581,PUT,357630223949989,357630223950289
5,24837,PUT,357630223951151,357630223951522
5,25093,PUT,357630223952625,357630223952935
5,25349,PUT,357630223954519,357630223954820
5,25605,PUT,357630223955090,357630223955391
5,25861,PUT,357630223956544,357630223956854
5,26117,PUT,357630223957135,357630223957466
5,26373,PUT,357630223957747,357630223958017
5,26629,PUT,357630223958288,357630223958589
5,26885,PUT,357630223958859,357630223959160
5,27141,PUT,357630223959420,357630223959711
5,27397,PUT,357630223961365,357630223961676
5,27653,PUT,357630223961946,357630223962257
5,27909,PUT,357630223962518,357630223962848
5,28165,PUT,357630223963901,357630223964202
5,28421,PUT,357630223964452,357630223964783
5,28677,PUT,357630223966457,357630223966778
5,28933,PUT,357630223967038,357630223967339
5,29189,PUT,357630223968421,357630223968812
5,29445,PUT,357630223969063,357630223969404
5,29701,PUT,357630223969654,357630223969955
5,29957,PUT,357630223971218,357630223971519
5,30213,PUT,357630223971769,357630223972070
5,30469,PUT,357630223972330,357630223972621
5,30725,PUT,357630223972872,357630223973233
5,30981,PUT,357630223983075,357630223983366
5,31237,PUT,357630223986193,357630223986543
5,31493,PUT,357630223986844,357630223987135
5,31749,PUT,357630223989320,357630223989691
5,32005,PUT,357630223989961,357630223990262
5,32261,PUT,357630223991545,357630223991836
5,32517,PUT,357630223992116,357630223992417
5,32773,PUT,357630223993750,357630223994141
5,33029,PUT,357630224064334,357630224065056
5,33285,PUT,357630224065517,357630224065828
5,33541,PUT,357630224067171,357630224067471
5,33797,PUT,357630224068614,357630224068915
5,34053,PUT,357630224070859,357630224071160
5,34309,PUT,357630224076552,357630224076853
5,34565,PUT,357630224078467,357630224078768
5,34821,PUT,357630224079038,357630224079389
5,35077,PUT,357630224080552,357630224080852
5,35333,PUT,357630224083930,357630224084260
5,35589,PUT,357630224087448,357630224087799
5,35845,PUT,357630224091938,357630224092239
5,36101,PUT,357630224092520,357630224092810
5,36357,PUT,357630224097301,357630224097641
5,36613,PUT,357630224097912,357630224098213
5,36869,PUT,357630224098473,357630224098854
5,37125,PUT,357630224099115,357630224099526
5,37381,PUT,357630224099796,357630224100097
5,37637,PUT,357630224100358,357630224100668
5,37893,PUT,357630224102272,357630224102553
5,38149,PUT,357630224104738,357630224105079
5,38405,PUT,357630224105349,357630224105570
5,38661,PUT,357630224105770,357630224106091
5,38917,PUT,357630224108797,357630224109088
5,39173,PUT,357630224110521,357630224110812
5,39429,PUT,357630224111083,357630224111373
5,39685,PUT,357630224111634,357630224111935
5,39941,PUT,357630224112185,357630224112486
5,40197,PUT,357630224112737,357630224113238
5,40453,PUT,357630224113508,357630224113819
5,40709,PUT,357630224114080,357630224114370
5,40965,PUT,357630224119051,357630224119352
5,41221,PUT,357630224119643,357630224119943
5,41477,PUT,357630224129115,357630224129415
5,41733,PUT,357630224129686,357630224129987
5,41989,PUT,357630224132913,357630224133244
5,42245,PUT,357630224133535,357630224133836
5,42501,PUT,357630224137424,357630224137725
5,42757,PUT,357630224141864,357630224142155
5,43013,PUT,357630224142435,357630224142746
5,43269,PUT,357630224144280,357630224144611
5,43525,PUT,357630224144881,357630224145202
5,43781,PUT,357630224146846,357630224147166
5,44037,PUT,357630224147447,357630224147798
5,44293,PUT,357630224148079,357630224148369
5,44549,PUT,357630224148620,357630224149011
5,44805,PUT,357630224151025,357630224151316
5,45061,PUT,357630224151577,357630224151948
5,45317,PUT,357630224153080,357630224153451
5,45573,PUT,357630224153712,357630224154083
5,45829,PUT,357630224154353,357630224154644
5,46085,PUT,357630224154904,357630224155195
5,46341,PUT,357630224156518,357630224156859
5,46597,PUT,357630224157110,357630224157400
5,46853,PUT,357630224157661,357630224157962
5,47109,PUT,357630224158222,357630224158443
5,47365,PUT,357630224161349,357630224161640
5,47621,PUT,357630224161901,357630224162211
5,47877,PUT,357630224162472,357630224162783
5,48133,PUT,357630224165549,357630224165850
5,48389,PUT,357630224166121,357630224166441
5,48645,PUT,357630224170070,357630224170410
5,48901,PUT,357630224175232,357630224175683
5,49157,PUT,357630224179201,357630224179421
5,49413,PUT,357630224198907,357630224199338
5,49669,PUT,357630224199819,357630224200109
5,49925,PUT,357630224202916,357630224203227
5,50181,PUT,357630224203527,357630224203818
5,50437,PUT,357630224204109,357630224204399
5,50693,PUT,357630224204650,357630224204941
5,50949,PUT,357630224205221,357630224205512
5,51205,PUT,357630224205763,357630224206063
5,51461,PUT,357630224206314,357630224206615
5,51717,PUT,357630224207677,357630224208058
5,51973,PUT,357630224209150,357630224209471
5,52229,PUT,357630224209742,357630224210032
5,52485,PUT,357630224212969,357630224213270
5,52741,PUT,357630224213541,357630224213901
5,52997,PUT,357630224214864,357630224215154
5,53253,PUT,357630224219073,357630224219364
5,53509,PUT,357630224219635,357630224219935
5,53765,PUT,357630224220206,357630224220527
5,54021,PUT,357630224220777,357630224221128
5,54277,PUT,357630224221389,357630224221740
5,54533,PUT,357630224222000,357630224222301
5,54789,PUT,357630224231532,357630224231963
5,55045,PUT,357630224232274,357630224232565
5,55301,PUT,357630224238749,357630224239040
5,55557,PUT,357630224246457,357630224246748
5,55813,PUT,357630224247028,357630224247319
5,56069,PUT,357630224247580,357630224247860
5,56325,PUT,357630224248121,357630224248482
5,56581,PUT,357630224250476,357630224250767
5,56837,PUT,357630224252852,357630224253143
5,57093,PUT,357630224256069,357630224256360
5,57349,PUT,357630224258385,357630224258675
5,57605,PUT,357630224260460,357630224260750
5,57861,PUT,357630224262765,357630224263096
5,58117,PUT,357630224263396,357630224263687
5,58373,PUT,357630224263958,357630224264248
5,58629,PUT,357630224267366,357630224267656
5,58885,PUT,357630224267917,357630224268218
5,59141,PUT,357630224268478,357630224268769
5,59397,PUT,357630224271485,357630224271786
5,59653,PUT,357630224272047,357630224272337
5,59909,PUT,357630224272598,357630224272909
5,60165,PUT,357630224273169,357630224273460
5,60421,PUT,357630224273720,357630224274011
5,60677,PUT,357630224274272,357630224274562
5,60933,PUT,357630224276236,357630224276527
5,61189,PUT,357630224276778,357630224276978
5,61445,PUT,357630224277128,357630224277489
5,61701,PUT,357630224279003,357630224279233
5,61957,PUT,357630224279504,357630224279815
5,62213,PUT,357630224280075,357630224280366
5,62469,PUT,357630224284796,357630224285087
5,62725,PUT,357630224286530,357630224286831
5,62981,PUT,357630224287112,357630224287452
5,63237,PUT,357630224287713,357630224288004
5,63493,PUT,357630224288254,357630224288615
5,63749,PUT,357630224288866,357630224289226
5,64005,PUT,357630224291361,357630224291652
5,64261,PUT,357630224293997,357630224294288
5,64517,PUT,357630224296644,357630224297155
5,64773,PUT,357630224297435,357630224297796
5,65029,PUT,357630224299250,357630224299550
5,65285,PUT,357630224301375,357630224301756
5,65541,PUT,357630224304492,357630224304793
5,65797,PUT,357630224312300,357630224312661
5,66053,PUT,357630224314455,357630224314766
5,66309,PUT,357630224317001,357630224317312
5,66565,PUT,357630224319196,357630224319567
5,66821,PUT,357630224322634,357630224322925
5,67077,PUT,357630224342490,357630224343132
5,67333,PUT,357630224343593,357630224344024
5,67589,PUT,357630224345698,357630224346038
5,67845,PUT,357630224346319,357630224346640
5,68101,PUT,357630224348093,357630224348434
5,68357,PUT,357630224354017,357630224354378
5,68613,PUT,357630224354658,357630224354949
5,68869,PUT,357630224356212,357630224356603
5,69125,PUT,357630224360021,357630224360322
5,69381,PUT,357630224361615,357630224361965
5,69637,PUT,357630224362266,357630224362557
5,69893,PUT,357630224364150,357630224364441
5,70149,PUT,357630224364722,357630224364922
5,70405,PUT,357630224367829,357630224368130
5,70661,PUT,357630224368400,357630224368751
5,70917,PUT,357630224369673,357630224369964
5,71173,PUT,357630224371387,357630224371688
5,71429,PUT,357630224377301,357630224377602
5,71685,PUT,357630224377872,357630224378073
5,71941,PUT,357630224379396,357630224379767
5,72197,PUT,357630224381992,357630224382283
5,72453,PUT,357630224384678,357630224384979
5,72709,PUT,357630224385259,357630224385550
5,72965,PUT,357630224385831,357630224386121
5,73221,PUT,357630224386382,357630224386683
5,73477,PUT,357630224389650,357630224389880
5,73733,PUT,357630224391855,357630224392125
5,73989,PUT,357630224392406,357630224392697
5,74245,PUT,357630224392947,357630224393248
5,74501,PUT,357630224393499,357630224393789
5,74757,PUT,357630224394050,357630224394341
5,75013,PUT,357630224397317,357630224397618
5,75269,PUT,357630224397889,357630224398220
5,75525,PUT,357630224398470,357630224398851
5,75781,PUT,357630224399122,357630224399432
5,76037,PUT,357630224399683,357630224400004
5,76293,PUT,357630224400264,357630224400555
5,76549,PUT,357630224403622,357630224404003
5,76805,PUT,357630224405837,357630224406128
5,77061,PUT,357630224411480,357630224411771
5,77317,PUT,357630224414608,357630224414898
5,77573,PUT,357630224416993,357630224417324
5,77829,PUT,357630224418888,357630224419178
5,78085,PUT,357630224419449,357630224419760
5,78341,PUT,357630224423288,357630224423578
5,78597,PUT,357630224423849,357630224424140
5,78853,PUT,357630224428259,357630224428550
5,79109,PUT,357630224428821,357630224429111
5,79365,PUT,357630224430184,357630224430474
5,79621,PUT,357630224431998,357630224432289
5,79877,PUT,357630224432569,357630224432860
5,80133,PUT,357630224434404,357630224434694
5,80389,PUT,357630224441380,357630224441670
5,80645,PUT,357630224452235,357630224452606
5,80901,PUT,357630224452876,357630224453227
5,81157,PUT,357630224454520,357630224454821
5,81413,PUT,357630224458850,357630224459171
5,81669,PUT,357630224459462,357630224459833
5,81925,PUT,357630224461928,357630224462218
5,82181,PUT,357630224468613,357630224468944
5,82437,PUT,357630224469245,357630224469535
5,82693,PUT,357630224486755,357630224487427
5,82949,PUT,357630224487848,357630224488148
5,83205,PUT,357630224490243,357630224490534
5,83461,PUT,357630224490805,357630224491175
5,83717,PUT,357630224491436,357630224491797
5,83973,PUT,357630224492047,357630224492368
5,84229,PUT,357630224493852,357630224494142
5,84485,PUT,357630224494403,357630224494804
5,84741,PUT,357630224495064,357630224495365
5,84997,PUT,357630224495616,357630224495906
5,85253,PUT,357630224497430,357630224497771
5,85509,PUT,357630224498031,357630224498422
5,85765,PUT,357630224498683,357630224499645
5,86021,PUT,357630224499916,357630224500236
5,86277,PUT,357630224501570,357630224501930
5,86533,PUT,357630224502191,357630224502532
5,86789,PUT,357630224504496,357630224504797
5,87045,PUT,357630224505940,357630224506240
5,87301,PUT,357630224506521,357630224506812
5,87557,PUT,357630224507062,357630224507363
5,87813,PUT,357630224509047,357630224509358
5,88069,PUT,357630224512425,357630224512766
5,88325,PUT,357630224522368,357630224522739
5,88581,PUT,357630224524192,357630224524513
5,88837,PUT,357630224527500,357630224527841
5,89093,PUT,357630224529484,357630224529785
5,89349,PUT,357630224531680,357630224531980
5,89605,PUT,357630224533855,357630224534155
5,89861,PUT,357630224534426,357630224534727
5,90117,PUT,357630224539127,357630224539417
5,90373,PUT,357630224540450,357630224540751
5,90629,PUT,357630224541021,357630224541472
5,90885,PUT,357630224541753,357630224542044
5,91141,PUT,357630224542294,357630224542585
5,91397,PUT,357630224542845,357630224543196
5,91653,PUT,357630224543447,357630224543768
5,91909,PUT,357630224544028,357630224544319
5,92165,PUT,357630224545903,357630224546193
5,92421,PUT,357630224546454,357630224546745
5,92677,PUT,357630224548438,357630224548739
5,92933,PUT,357630224553189,357630224553480
5,93189,PUT,357630224553761,357630224554182
5,93445,PUT,357630224555605,357630224555896
5,93701,PUT,357630224556166,357630224556457
5,93957,PUT,357630224560166,357630224560456
5,94213,PUT,357630224562251,357630224562561
5,94469,PUT,357630224564185,357630224564496
5,94725,PUT,357630224567042,357630224567342
5,94981,PUT,357630224568415,357630224568706
5,95237,PUT,357630224570279,357630224570540
5,95493,PUT,357630224570810,357630224571091
5,95749,PUT,357630224574359,357630224574649
5,96005,PUT,357630224574930,357630224575231
5,96261,PUT,357630224575501,357630224575882
5,96517,PUT,357630224576694,357630224576995
5,96773,PUT,357630224577255,357630224577696
5,97029,PUT,357630224581215,357630224581585
5,97285,PUT,357630224581846,357630224582167
5,97541,PUT,357630224582427,357630224582778
5,97797,PUT,357630224585444,357630224585845
5,98053,PUT,357630224586096,357630224586417
5,98309,PUT,357630224589484,357630224589784
5,98565,PUT,357630224595468,357630224595929
5,98821,PUT,357630224596199,357630224596500
5,99077,PUT,357630224596751,357630224597051
5,99333,PUT,357630224597412,357630224597723
5,99589,PUT,357630224597994,357630224598334
5,99845,PUT,357630224601492,357630224601792
5,100101,PUT,357630224602043,357630224602394
5,100357,PUT,357630224602654,357630224602845
5,100613,PUT,357630224604960,357630224605321
5,100869,PUT,357630224607616,357630224607917
5,101125,PUT,357630224608197,357630224608488
5,101381,PUT,357630224608759,357630224609059
5,101637,PUT,357630224631391,357630224631812
5,101893,PUT,357630224633025,357630224633326
5,102149,PUT,357630224637626,357630224637916
5,102405,PUT,357630224644692,357630224644983
5,102661,PUT,357630224650014,357630224650305
5,102917,PUT,357630224651548,357630224651839
5,103173,PUT,357630224652109,357630224652430
5,103429,PUT,357630224653783,357630224654074
5,103685,PUT,357630224656129,357630224656489
5,103941,PUT,357630224656760,357630224657161
5,104197,PUT,357630224659737,357630224660028
5,104453,PUT,357630224662213,357630224662503
5,104709,PUT,357630224664478,357630224664819
5,104965,PUT,357630224667134,357630224667355
5,105221,PUT,357630224667585,357630224667856
5,105477,PUT,357630224668948,357630224669239
5,105733,PUT,357630224669510,357630224669870
5,105989,PUT,357630224672677,357630224673048
5,106245,PUT,357630224673318,357630224673699
5,106501,PUT,357630224674652,357630224675022
5,106757,PUT,357630224675293,357630224675584
5,107013,PUT,357630224676666,357630224676957
5,107269,PUT,357630224677228,357630224677518
5,107525,PUT,357630224677789,357630224678080
5,107781,PUT,357630224681888,357630224682219
5,108037,PUT,357630224682490,357630224682800
5,108293,PUT,357630224685146,357630224685437
5,108549,PUT,357630224691020,357630224691320
5,108805,PUT,357630224692683,357630224692974
5,109061,PUT,357630224696252,357630224696542
5,109317,PUT,357630224696813,357630224697124
5,109573,PUT,357630224702115,357630224702406
5,109829,PUT,357630224716358,357630224716639
5,110085,PUT,357630224721039,357630224721410
5,110341,PUT,357630224722843,357630224723134
5,110597,PUT,357630224725580,357630224725881
5,110853,PUT,357630224732566,357630224732847
5,111109,PUT,357630224743070,357630224743361
5,111365,PUT,357630224743632,357630224743953
5,111621,PUT,357630224744203,357630224744544
5,111877,PUT,357630224744815,357630224745105
5,112133,PUT,357630224751821,357630224752132
5,112389,PUT,357630224752402,357630224752843
5,112645,PUT,357630224753084,357630224753435
5,112901,PUT,357630224755149,357630224755439
5,113157,PUT,357630224755690,357630224756071
5,113413,PUT,357630224757374,357630224757684
5,113669,PUT,357630224759218,357630224759519
5,113925,PUT,357630224761012,357630224761343
5,114181,PUT,357630224763067,357630224763388
5,114437,PUT,357630224765112,357630224765422
5,114693,PUT,357630224766906,357630224767407
5,114949,PUT,357630224785850,357630224786421
5,115205,PUT,357630224787504,357630224787794
5,115461,PUT,357630224789027,357630224789288
5,115717,PUT,357630224790451,357630224790761
5,115973,PUT,357630224791042,357630224791393
5,116229,PUT,357630224806698,357630224807069
5,116485,PUT,357630224812371,357630224812662
5,116741,PUT,357630224812943,357630224813233
5,116997,PUT,357630224813504,357630224813875
5,117253,PUT,357630224814146,357630224814456
5,117509,PUT,357630224817153,357630224817473
5,117765,PUT,357630224817754,357630224818075
5,118021,PUT,357630224818335,357630224818626
5,118277,PUT,357630224818887,357630224819177
5,118533,PUT,357630224821753,357630224822044
5,118789,PUT,357630224827376,357630224827857
5,119045,PUT,357630224834373,357630224834693
5,119301,PUT,357630224836638,357630224836868
5,119557,PUT,357630224839875,357630224840246
5,119813,PUT,357630224840537,357630224840838
5,120069,PUT,357630224847192,357630224847543
5,120325,PUT,357630224847824,357630224848124
5,120581,PUT,357630224852575,357630224852865
5,120837,PUT,357630224853136,357630224853467
5,121093,PUT,357630224853727,357630224854128
5,121349,PUT,357630224854379,357630224854670
5,121605,PUT,357630224854930,357630224855221
5,121861,PUT,357630224855482,357630224855822
5,122117,PUT,357630224856083,357630224856464
5,122373,PUT,357630224859391,357630224859611
5,122629,PUT,357630224859792,357630224860092
5,122885,PUT,357630224862849,357630224863169
5,123141,PUT,357630224865966,357630224866257
5,123397,PUT,357630224866547,357630224866778
5,123653,PUT,357630224867028,357630224867319
5,123909,PUT,357630224867580,357630224867870
5,124165,PUT,357630224868131,357630224868422
5,124421,PUT,357630224869654,357630224869945
5,124677,PUT,357630224870206,357630224870506
5,124933,PUT,357630224870757,357630224871088
5,125189,PUT,357630224871338,357630224871639
5,125445,PUT,357630224875678,357630224875969
5,125701,PUT,357630224876981,357630224877362
5,125957,PUT,357630224877633,357630224877924
5,126213,PUT,357630224881161,357630224881452
5,126469,PUT,357630224884719,357630224885010
5,126725,PUT,357630224887235,357630224887586
5,126981,PUT,357630224887867,357630224888157
5,127237,PUT,357630224889511,357630224889801
5,127493,PUT,357630224890082,357630224890373
5,127749,PUT,357630224890643,357630224891094
5,128005,PUT,357630224891355,357630224891646
5,128261,PUT,357630224891896,357630224892197
5,128517,PUT,357630224894031,357630224894332
5,128773,PUT,357630224894582,357630224894883
5,129029,PUT,357630224897700,357630224897990
5,129285,PUT,357630224898271,357630224898562
5,129541,PUT,357630224898822,357630224899113
5,129797,PUT,357630224899373,357630224899684
5,130053,PUT,357630224899945,357630224900306
5,130309,PUT,357630224900566,357630224900867
5,130565,PUT,357630224904104,357630224904395
5,130821,PUT,357630224906209,357630224906430
5,131077,PUT,357630224908324,357630224908675
5,131333,PUT,357630224914168,357630224914859
5,131589,PUT,357630224936089,357630224936540
5,131845,PUT,357630224939036,357630224939296
5,132101,PUT,357630224939577,357630224939868
5,132357,PUT,357630224942674,357630224943015
5,132613,PUT,357630224947064,357630224947355
5,132869,PUT,357630224947626,357630224947926
5,133125,PUT,357630224953589,357630224953880
5,133381,PUT,357630224954171,357630224954512
5,133637,PUT,357630224954782,357630224955103
5,133893,PUT,357630224963482,357630224963783
5,134149,PUT,357630224969226,357630224969546
5,134405,PUT,357630224969817,357630224970118
5,134661,PUT,357630224970378,357630224970679
5,134917,PUT,357630224974979,357630224975270
5,135173,PUT,357630224980372,357630224980873
5,135429,PUT,357630224982226,357630224982637
5,135685,PUT,357630224986095,357630224986386
5,135941,PUT,357630224986666,357630224986957
5,136197,PUT,357630224987238,357630224987538
5,136453,PUT,357630224987799,357630224988090
5,136709,PUT,357630224991959,357630224992309
5,136965,PUT,357630224992580,357630224992951
5,137221,PUT,357630224993201,357630224993512
5,137477,PUT,357630224993773,357630224994063
5,137733,PUT,357630224994314,357630224994675
5,137989,PUT,357630224998083,357630224998383
5,15631,GET,357630223905766,357630223907049
5,7181,GET,357630223909885,357630223910677
5,9741,GET,357630223910828,357630223911720
5,12557,GET,357630223912461,357630223913494
5,2052,GET,357630223916140,357630223916731
5,4100,GET,357630223916882,357630223917714
5,6404,GET,357630223917844,357630223918876
5,9476,GET,357630223919578,357630223920620
5,11780,GET,357630223920761,357630223921783
5,12804,GET,357630223921913,357630223922455
5,14852,GET,357630223922585,357630223923327
5,773,GET,357630223923457,357630223924590
5,2821,GET,357630223925291,357630223925842
5,4101,GET,357630223925973,357630223926514
5,5637,GET,357630223926644,357630223927366
5,10501,GET,357630223929180,357630223929872
5,13829,GET,357630223930654,357630223931285
5,7683,GET,357630223934903,357630223936337
5,258,GET,357630223937429,357630223937951
5,12035,GET,357630223938101,357630223938983
5,13059,GET,357630223939113,357630223940025
5,3330,GET,357630223940156,357630223940677
5,4354,GET,357630223940817,357630223941719
5,7426,GET,357630223943103,357630223944045
5,10498,GET,357630223944175,357630223945468
5,15362,GET,357630223946741,357630223947463
5,3336,GET,357630223949367,357630223949858
5,5896,GET,357630223950550,357630223951011
5,8200,GET,357630223951783,357630223952494
5,11784,GET,357630223953206,357630223954379
5,15624,GET,357630223955642,357630223956403
5,9225,GET,357630223959982,357630223961235
5,13833,GET,357630223963119,357630223963761
5,3078,GET,357630223965054,357630223966316
5,6918,GET,357630223967619,357630223968291
5,13062,GET,357630223970236,357630223971078
5,7690,GET,357630223973513,357630223976440
5,9482,GET,357630223976590,357630223977242
5,11530,GET,357630223977382,357630223978294
5,14346,GET,357630223978425,357630223979647
5,782,GET,357630223979788,357630223981161
5,4878,GET,357630223981301,357630223982925
5,9230,GET,357630223983627,357630223985220
5,10766,GET,357630223985351,357630223986042
5,14350,GET,357630223987405,357630223987836
5,524,GET,357630223987977,357630223989170
5,4876,GET,357630223990513,357630223991405
5,9996,GET,357630223992678,357630223993610
5,2816,GET,357630224044879,357630224045841
5,4608,GET,357630224046062,357630224046773
5,5120,GET,357630224046904,357630224047435
5,8960,GET,357630224066158,357630224066980
5,11264,GET,357630224067782,357630224068474
5,13568,GET,357630224069165,357630224069817
5,15360,GET,357630224069967,357630224070729
5,17922,GET,357630224071421,357630224072924
5,19202,GET,357630224073074,357630224075470
5,17926,GET,357630224075620,357630224076402
5,19970,GET,357630224077124,357630224078317
5,16643,GET,357630224079650,357630224080411
5,18191,GET,357630224081113,357630224081704
5,18703,GET,357630224081855,357630224082667
5,17157,GET,357630224082817,357630224083779
5,17669,GET,357630224084511,357630224085353
5,16906,GET,357630224085493,357630224086676
5,17923,GET,357630224086806,357630224087297
5,18181,GET,357630224088059,357630224089382
5,16907,GET,357630224089513,357630224091788
5,20751,GET,357630224093071,357630224093933
5,17675,GET,357630224094073,357630224095697
5,19204,GET,357630224095837,357630224097150
5,23046,GET,357630224100939,357630224102122
5,19973,GET,357630224102834,357630224104608
5,24070,GET,357630224106372,357630224107905
5,19207,GET,357630224108056,357630224108647
5,19463,GET,357630224109359,357630224110361
5,24335,GET,357630224114641,357630224115433
5,25345,GET,357630224115583,357630224116275
5,25102,GET,357630224116425,357630224118901
5,26636,GET,357630224120214,357630224121657
5,24325,GET,357630224121788,357630224122980
5,21767,GET,357630224123111,357630224125336
5,19208,GET,357630224125466,357630224126759
5,27916,GET,357630224126889,357630224128052
5,28161,GET,357630224128182,357630224128964
5,23305,GET,357630224130237,357630224131149
5,24579,GET,357630224131300,357630224132763
5,27141,GET,357630224134086,357630224134878
5,25347,GET,357630224135028,357630224136091
5,18688,GET,357630224136241,357630224137274
5,24071,GET,357630224137975,357630224138546
5,24327,GET,357630224138697,357630224140722
5,29954,GET,357630224140852,357630224141704
5,25097,GET,357630224143007,357630224144129
5,29198,GET,357630224145452,357630224146705
5,26121,GET,357630224149291,357630224150053
5,31234,GET,357630224150204,357630224150875
5,22024,GET,357630224152238,357630224152940
5,28166,GET,357630224155476,357630224156388
5,26375,GET,357630224158643,357630224159986
5,27402,GET,357630224160137,357630224161199
5,21504,GET,357630224163063,357630224164376
5,31247,GET,357630224164527,357630224165399
5,31749,GET,357630224166722,357630224167594
5,29444,GET,357630224167744,357630224168656
5,28167,GET,357630224168787,357630224169919
5,28419,GET,357630224170681,357630224171403
5,28423,GET,357630224171543,357630224172646
5,23552,GET,357630224172786,357630224173698
5,19469,GET,357630224173828,357630224175081
5,23816,GET,357630224175943,357630224177246
5,28937,GET,357630224177377,357630224178539
5,30468,GET,357630224178670,357630224179051
5,29705,GET,357630224179682,357630224180594
5,31498,GET,357630224180724,357630224181657
5,30727,GET,357630224181787,357630224183160
5,27136,GET,357630224183300,357630224184443
5,32521,GET,357630224200400,357630224200971
5,32777,GET,357630224201152,357630224201894
5,30983,GET,357630224202024,357630224202766
5,28672,GET,357630224206895,357630224207547
5,28928,GET,357630224208329,357630224209010
5,22797,GET,357630224210293,357630224211265
5,36354,GET,357630224211416,357630224212819
5,37122,GET,357630224214162,357630224214733
5,33285,GET,357630224216778,357630224218933
5,34058,GET,357630224222582,357630224224937
5,35849,GET,357630224225087,357630224225579
5,36879,GET,357630224232845,357630224233728
5,36873,GET,357630224233878,357630224234640
5,37129,GET,357630224234780,357630224235472
5,25101,GET,357630224235612,357630224236835
5,35595,GET,357630224236965,357630224238599
5,38158,GET,357630224239300,357630224241085
5,41473,GET,357630224241215,357630224241987
5,37903,GET,357630224242117,357630224243079
5,43266,GET,357630224243210,357630224245385
5,27661,GET,357630224245525,357630224246307
5,36874,GET,357630224248762,357630224249364
5,37892,GET,357630224249494,357630224250326
5,36613,GET,357630224251038,357630224252702
5,45314,GET,357630224253403,357630224255929
5,45570,GET,357630224256601,357630224258244
5,38149,GET,357630224258946,357630224260329
5,40196,GET,357630224261001,357630224262625
5,45826,GET,357630224264519,357630224265582
5,45057,GET,357630224265732,357630224266313
5,43278,GET,357630224266444,357630224267205
5,40967,GET,357630224269040,357630224270513
5,41223,GET,357630224270663,357630224271335
5,43268,GET,357630224274833,357630224276096
5,42255,GET,357630224277760,357630224278862
5,46593,GET,357630224280636,357630224282691
5,46849,GET,357630224282842,357630224283543
5,44292,GET,357630224283684,357630224284646
5,45577,GET,357630224285357,357630224286380
5,37635,GET,357630224289507,357630224291221
5,46084,GET,357630224291923,357630224292865
5,44815,GET,357630224293015,357630224293857
5,41738,GET,357630224294549,357630224296513
5,50945,GET,357630224298047,357630224299119
5,51457,GET,357630224299801,357630224300643
5,47374,GET,357630224300793,357630224301244
5,47886,GET,357630224302026,357630224302938
5,52738,GET,357630224303089,357630224304352
5,48644,GET,357630224310586,357630224312130
5,44811,GET,357630224312931,357630224314315
5,37384,GET,357630224315026,357630224316871
5,50180,GET,357630224317562,357630224319056
5,47372,GET,357630224319817,357630224320720
5,48905,GET,357630224320870,357630224322504
5,50446,GET,357630224323195,357630224325340
5,47883,GET,357630224325491,357630224326162
5,48139,GET,357630224326313,357630224327034
5,51716,GET,357630224327165,357630224327776
5,45574,GET,357630224327906,357630224328598
5,52484,GET,357630224344294,357630224345517
5,48907,GET,357630224346910,357630224347953
5,49673,GET,357630224348695,357630224349717
5,41475,GET,357630224349867,357630224350749
5,51212,GET,357630224350900,357630224353867
5,44032,GET,357630224355210,357630224356062
5,54020,GET,357630224356864,357630224358187
5,50955,GET,357630224358337,357630224359881
5,51467,GET,357630224360572,357630224361484
5,51975,GET,357630224362817,357630224364010
5,52235,GET,357630224365083,357630224365975
5,43779,GET,357630224366125,357630224367699
5,51977,GET,357630224369012,357630224369543
5,53772,GET,357630224370225,357630224371247
5,53771,GET,357630224371949,357630224372941
5,52741,GET,357630224373091,357630224373923
5,58370,GET,357630224374073,357630224375316
5,53253,GET,357630224375447,357630224377151
5,45312,GET,357630224378323,357630224379245
5,61441,GET,357630224380027,357630224381862
5,51722,GET,357630224382543,357630224383375
5,41741,GET,357630224383525,357630224384548
5,54793,GET,357630224386943,357630224387595
5,54022,GET,357630224387745,357630224389499
5,42765,GET,357630224390151,357630224391694
5,57351,GET,357630224394611,357630224396155
5,43533,GET,357630224396305,357630224397167
5,49664,GET,357630224400826,357630224402089
5,56070,GET,357630224402239,357630224403472
5,58636,GET,357630224404284,357630224405677
5,58638,GET,357630224406389,357630224408443
5,50179,GET,357630224408594,357630224411340
5,57099,GET,357630224412032,357630224413345
5,46861,GET,357630224413495,357630224414467
5,52480,GET,357630224415159,357630224416051
5,55050,GET,357630224416201,357630224416853
5,58123,GET,357630224417575,357630224418747
5,66561,GET,357630224420020,357630224421584
5,56330,GET,357630224421734,357630224423147
5,59654,GET,357630224424390,357630224425152
5,57103,GET,357630224425302,357630224426285
5,61191,GET,357630224426435,357630224428109
5,61190,GET,357630224429362,357630224430043
5,57615,GET,357630224430735,357630224431858
5,54784,GET,357630224433111,357630224434263
5,61196,GET,357630224434945,357630224435436
5,61958,GET,357630224435586,357630224436619
5,49928,GET,357630224436769,357630224437691
5,50440,GET,357630224437822,357630224440217
5,63758,GET,357630224440347,357630224441219
5,55552,GET,357630224441931,357630224442422
5,56576,GET,357630224442553,357630224444557
5,54275,GET,357630224444698,357630224445740
5,51464,GET,357630224445870,357630224447985
5,48909,GET,357630224448125,357630224449609
5,63494,GET,357630224449739,357630224450721
5,60175,GET,357630224450852,357630224452085
5,62473,GET,357630224453478,357630224454370
5,62985,GET,357630224455072,357630224456345
5,56835,GET,357630224456495,357630224457948
5,71169,GET,357630224458099,357630224458700
5,63753,GET,357630224460103,357630224460985
5,65799,GET,357630224461116,357630224461777
5,65542,GET,357630224462489,357630224465626
5,50701,GET,357630224465756,357630224467130
5,55048,GET,357630224467260,357630224468463
5,73473,GET,357630224469796,357630224470568
5,62218,GET,357630224470698,357630224472312
5,65801,GET,357630224488399,357630224488920
5,62986,GET,357630224489101,357630224490083
5,68871,GET,357630224492639,357630224493701
5,52237,GET,357630224496177,357630224497290
5,69646,GET,357630224500507,357630224501439
5,76545,GET,357630224502802,357630224503494
5,64522,GET,357630224503644,357630224504346
5,58632,GET,357630224505068,357630224505789
5,71682,GET,357630224507644,357630224508917
5,63491,GET,357630224509628,357630224510651
5,65551,GET,357630224510801,357630224512284
5,69132,GET,357630224513046,357630224514650
5,68875,GET,357630224520784,357630224522238
5,69897,GET,357630224523029,357630224524062
5,60680,GET,357630224524763,357630224526197
5,70412,GET,357630224526347,357630224527370
5,67850,GET,357630224528111,357630224529344
5,71179,GET,357630224530046,357630224531549
5,73222,GET,357630224532231,357630224533714
5,73998,GET,357630224534987,357630224535629
5,70154,GET,357630224535779,357630224537543
5,73740,GET,357630224537693,357630224538966
5,72203,GET,357630224539688,357630224540300
5,58125,GET,357630224544590,357630224545772
5,76551,GET,357630224547025,357630224548308
5,76044,GET,357630224549010,357630224550954
5,67587,GET,357630224551105,357630224552267
5,74762,GET,357630224552418,357630224553039
5,76294,GET,357630224554442,357630224555465
5,83201,GET,357630224556718,357630224558552
5,70415,GET,357630224558702,357630224560025
5,77838,GET,357630224560717,357630224562110
5,79623,GET,357630224562822,357630224564055
5,80135,GET,357630224564746,357630224566069
5,84481,GET,357630224566220,357630224566901
5,81415,GET,357630224567593,357630224568275
5,81671,GET,357630224568966,357630224570139
5,77572,GET,357630224571352,357630224572164
5,86017,GET,357630224572314,357630224573116
5,78342,GET,357630224573266,357630224574198
5,69632,GET,357630224576153,357630224576534
5,72719,GET,357630224577977,357630224579080
5,67080,GET,357630224579230,357630224581054
5,81154,GET,357630224583029,357630224585304
5,78601,GET,357630224586687,357630224587579
5,71683,GET,357630224587730,357630224589333
5,82946,GET,357630224598635,357630224600199
5,81929,GET,357630224600379,357630224601341
5,86284,GET,357630224603025,357630224604048
5,74243,GET,357630224604198,357630224604809
5,83977,GET,357630224605591,357630224606293
5,80390,GET,357630224606423,357630224607456
5,71432,GET,357630224609330,357630224610462
5,75776,GET,357630224610613,357630224611906
5,82442,GET,357630224612036,357630224613249
5,85250,GET,357630224632193,357630224632844
5,76303,GET,357630224633576,357630224634649
5,82437,GET,357630224634799,357630224637475
5,68877,GET,357630224640252,357630224641204
5,82694,GET,357630224641354,357630224642156
5,76547,GET,357630224642296,357630224643640
5,85515,GET,357630224643780,357630224644542
5,91393,GET,357630224645243,357630224646626
5,84494,GET,357630224646767,357630224648190
5,87049,GET,357630224648320,357630224649864
5,84750,GET,357630224650566,357630224651398
5,70157,GET,357630224652721,357630224653643
5,86277,GET,357630224654334,357630224654826
5,86794,GET,357630224654976,357630224655998
5,90119,GET,357630224657422,357630224658735
5,90631,GET,357630224658885,357630224659597
5,91143,GET,357630224660278,357630224660980
5,86276,GET,357630224661130,357630224662072
5,71437,GET,357630224662754,357630224663476
5,76552,GET,357630224663626,357630224664348
5,92167,GET,357630224665099,357630224666994
5,94721,GET,357630224668126,357630224668808
5,88587,GET,357630224670131,357630224671574
5,93196,GET,357630224671725,357630224672547
5,90882,GET,357630224673950,357630224674511
5,85766,GET,357630224675834,357630224676526
5,73229,GET,357630224678350,357630224679092
5,89099,GET,357630224679242,357630224680796
5,95244,GET,357630224680946,357630224681738
5,90633,GET,357630224683071,357630224684996
5,74253,GET,357630224685727,357630224686389
5,74765,GET,357630224686539,357630224687622
5,88070,GET,357630224687752,357630224689245
5,90894,GET,357630224689386,357630224690859
5,91657,GET,357630224691591,357630224692533
5,85007,GET,357630224693235,357630224694768
5,89094,GET,357630224694919,357630224696101
5,92169,GET,357630224697394,357630224698116
5,91396,GET,357630224698266,357630224699940
5,84227,GET,357630224700071,357630224701033
5,92677,GET,357630224701163,357630224701965
5,84483,GET,357630224702657,357630224703689
5,98311,GET,357630224703819,357630224704762
5,92686,GET,357630224704892,357630224705433
5,93189,GET,357630224705563,357630224707849
5,84224,GET,357630224707979,357630224708811
5,91659,GET,357630224708941,357630224709452
5,86531,GET,357630224709583,357630224711257
5,92166,GET,357630224711387,357630224711978
5,78605,GET,357630224712119,357630224713772
5,84992,GET,357630224713903,357630224714624
5,92422,GET,357630224714765,357630224716208
5,92934,GET,357630224716890,357630224719606
5,95236,GET,357630224719736,357630224720889
5,85760,GET,357630224721661,357630224722693
5,95748,GET,357630224723395,357630224724046
5,102151,GET,357630224724197,357630224725430
5,96261,GET,357630224726131,357630224727133
5,93702,GET,357630224727284,357630224729038
5,101900,GET,357630224729168,357630224732406
5,101377,GET,357630224733107,357630224734110
5,97034,GET,357630224734240,357630224735282
5,97294,GET,357630224735423,357630224736976
5,100610,GET,357630224737107,357630224737628
5,88064,GET,357630224737768,357630224738971
5,85768,GET,357630224739101,357630224739983
5,98318,GET,357630224740124,357630224741537
5,86280,GET,357630224741667,357630224742920
5,97284,GET,357630224745386,357630224746438
5,96779,GET,357630224746589,357630224747541
5,106508,GET,357630224747681,357630224748724
5,106764,GET,357630224748864,357630224751670
5,99342,GET,357630224753715,357630224755008
5,91907,GET,357630224756351,357630224757233
5,104193,GET,357630224757975,357630224759078
5,100869,GET,357630224759769,357630224760872
5,104194,GET,357630224761634,357630224762937
5,93699,GET,357630224763638,357630224764971
5,97286,GET,357630224765683,357630224766776
5,100874,GET,357630224767658,357630224768880
5,93955,GET,357630224786802,357630224787333
5,106242,GET,357630224788055,357630224788897
5,98054,GET,357630224789558,357630224790310
5,101134,GET,357630224791653,357630224792415
5,105985,GET,357630224792565,357630224793838
5,101897,GET,357630224799812,357630224801025
5,107265,GET,357630224801155,357630224802519
5,100619,GET,357630224802659,357630224804042
5,96256,GET,357630224804172,357630224806548
5,98307,GET,357630224807350,357630224808362
5,97024,GET,357630224808492,357630224810267
5,101899,GET,357630224810397,357630224812221
5,103945,GET,357630224814737,357630224815900
5,97039,GET,357630224816050,357630224817002
5,97295,GET,357630224819458,357630224820290
5,102923,GET,357630224820440,357630224821623
5,86541,GET,357630224822325,357630224824429
5,107012,GET,357630224824580,357630224825592
5,105486,GET,357630224825742,357630224827226
5,107525,GET,357630224828108,357630224830123
5,106254,GET,357630224830263,357630224830965
5,105737,GET,357630224831095,357630224832428
5,107781,GET,357630224832558,357630224834222
5,103942,GET,357630224834964,357630224836487
5,104971,GET,357630224837049,357630224838111
5,89613,GET,357630224838262,357630224839725
5,115719,GET,357630224841118,357630224842421
5,107017,GET,357630224842572,357630224844426
5,108805,GET,357630224844566,357630224845358
5,108297,GET,357630224845498,357630224847042
5,109321,GET,357630224848395,357630224850570
5,95240,GET,357630224850700,357630224851623
5,110346,GET,357630224851763,357630224852424
5,101120,GET,357630224856734,357630224858078
5,113156,GET,357630224858228,357630224859230
5,114180,GET,357630224860363,357630224861235
5,116226,GET,357630224861385,357630224861856
5,92173,GET,357630224862007,357630224862698
5,106246,GET,357630224863420,357630224864883
5,106499,GET,357630224865024,357630224865816
5,108035,GET,357630224868702,357630224869524
5,112905,GET,357630224871910,357630224875538
5,120071,GET,357630224876240,357630224876841
5,109062,GET,357630224878204,357630224879838
5,112394,GET,357630224879988,357630224881011
5,109835,GET,357630224881702,357630224882685
5,110595,GET,357630224882835,357630224883747
5,118273,GET,357630224883898,357630224884559
5,113674,GET,357630224885261,357630224886053
5,111109,GET,357630224886193,357630224887085
5,113929,GET,357630224888418,357630224889370
5,114697,GET,357630224892467,357630224893901
5,122114,GET,357630224895164,357630224896316
5,112133,GET,357630224896467,357630224897549
5,125708,GET,357630224901138,357630224903964
5,117514,GET,357630224904666,357630224906069
5,105999,GET,357630224906620,357630224907422
5,106255,GET,357630224907583,357630224908184
5,103176,GET,357630224915130,357630224916654
5,113158,GET,357630224916844,357630224917786
5,118282,GET,357630224917937,357630224918718
5,113414,GET,357630224918849,357630224919380
5,121857,GET,357630224919510,357630224920122
5,103688,GET,357630224936911,357630224937933
5,115723,GET,357630224938113,357630224938865
5,122881,GET,357630224940128,357630224942524
5,116747,GET,357630224943275,357630224944839
5,122372,GET,357630224944989,357630224945882
5,127756,GET,357630224946032,357630224946914
5,125185,GET,357630224948177,357630224951645
5,120846,GET,357630224951785,357630224953429
5,120073,GET,357630224955394,357630224956576
5,111631,GET,357630224956717,357630224957629
5,121091,GET,357630224957769,357630224959032
5,118539,GET,357630224959162,357630224961748
5,121610,GET,357630224961879,357630224963332
5,126209,GET,357630224964054,357630224965447
5,126977,GET,357630224965587,357630224968073
5,100877,GET,357630224968203,357630224969075
5,101389,GET,357630224970950,357630224971501
5,130828,GET,357630224971641,357630224972604
5,120587,GET,357630224972734,357630224973315
5,108040,GET,357630224973456,357630224974829
5,115215,GET,357630224975651,357630224976803
5,123145,GET,357630224976934,357630224978006
5,101901,GET,357630224978136,357630224980221
5,123401,GET,357630224981133,357630224982076
5,122123,GET,357630224982897,357630224984050
5,126212,GET,357630224984201,357630224985965
5,125962,GET,357630224988370,357630224989102
5,110600,GET,357630224989252,357630224989864
5,130049,GET,357630224989994,357630224990966
5,134663,GET,357630224991097,357630224991808
5,127748,GET,357630224994945,357630224996289
5,127498,GET,357630224996439,357630224997100
5,125699,GET,357630224997231,357630224997932
6,262,PUT,357630223458617,357630223459570
6,518,PUT,357630223460281,357630223460492
6,774,PUT,357630223460692,357630223460883
6,1030,PUT,357630223461033,357630223461223
6,1286,PUT,357630223461374,357630223461564
6,1542,PUT,357630223461715,357630223461905
6,1798,PUT,357630223462055,357630223462246
6,2054,PUT,357630223462536,357630223462737
6,2310,PUT,357630223462877,357630223463078
6,2566,PUT,357630223463228,357630223463428
6,2822,PUT,357630223463569,357630223463769
6,3078,PUT,357630223463910,357630223464110
6,3334,PUT,357630223464250,357630223464451
6,3590,PUT,357630223464591,357630223464792
6,3846,PUT,357630223464932,357630223465122
6,4102,PUT,357630223465413,357630223465614
6,4358,PUT,357630223465754,357630223465954
6,4614,PUT,357630223466105,357630223466305
6,4870,PUT,357630223466445,357630223466646
6,5126,PUT,357630223466786,357630223466987
6,5382,PUT,357630223467127,357630223467328
6,5638,PUT,357630223467468,357630223467668
6,5894,PUT,357630223467809,357630223468009
6,6150,PUT,357630223468300,357630223468490
6,6406,PUT,357630223468641,357630223468831
6,6662,PUT,357630223468981,357630223469172
6,6918,PUT,357630223469322,357630223469523
6,7174,PUT,357630223469663,357630223469863
6,7430,PUT,357630223470004,357630223470204
6,7686,PUT,357630223470345,357630223470545
6,7942,PUT,357630223470685,357630223470886
6,8198,PUT,357630223471166,357630223471367
6,8454,PUT,357630223471507,357630223471708
6,8710,PUT,357630223471848,357630223472049
6,8966,PUT,357630223472189,357630223472389
6,9222,PUT,357630223472530,357630223472730
6,9478,PUT,357630223472870,357630223473071
6,9734,PUT,357630223473211,357630223473412
6,9990,PUT,357630223473552,357630223473752
6,10246,PUT,357630223474043,357630223474234
6,10502,PUT,357630223474384,357630223474584
6,10758,PUT,357630223474725,357630223474925
6,11014,PUT,357630223475066,357630223475266
6,11270,PUT,357630223475406,357630223475607
6,11526,PUT,357630223475747,357630223475948
6,11782,PUT,357630223476088,357630223476288
6,12038,PUT,357630223476429,357630223476629
6,12294,PUT,357630223476910,357630223477110
6,12550,PUT,357630223477251,357630223477451
6,12806,PUT,357630223477591,357630223477792
6,13062,PUT,357630223477932,357630223478133
6,13318,PUT,357630223478273,357630223478473
6,13574,PUT,357630223478614,357630223478814
6,13830,PUT,357630223478955,357630223479155
6,14086,PUT,357630223479295,357630223479496
6,14342,PUT,357630223479786,357630223479987
6,14598,PUT,357630223480127,357630223480328
6,14854,PUT,357630223480478,357630223480679
6,15110,PUT,357630223480819,357630223481019
6,15366,PUT,357630223481160,357630223481360
6,15622,PUT,357630223481500,357630223481701
6,15878,PUT,357630223481841,357630223482042
6,16134,PUT,357630223482182,357630223482383
6,16390,PUT,357630223482673,357630223482864
6,16646,PUT,357630223890009,357630223890631
6,16902,PUT,357630223893618,357630223893958
6,17158,PUT,357630223896314,357630223896615
6,17414,PUT,357630223896885,357630223897176
6,17670,PUT,357630223898138,357630223898429
6,17926,PUT,357630223898679,357630223898970
6,18182,PUT,357630223899932,357630223900233
6,18438,PUT,357630223900484,357630223900774
6,18694,PUT,357630223901967,357630223902328
6,18950,PUT,357630223902578,357630223902899
6,19206,PUT,357630223904022,357630223904343
6,19462,PUT,357630223906628,357630223906979
6,19718,PUT,357630223907319,357630223907610
6,19974,PUT,357630223908592,357630223908973
6,20230,PUT,357630223910006,357630223910296
6,20486,PUT,357630223910567,357630223910868
6,20742,PUT,357630223912091,357630223912381
6,20998,PUT,357630223912652,357630223912942
6,21254,PUT,357630223917353,357630223917653
6,21510,PUT,357630223917924,357630223918215
6,21766,PUT,357630223919357,357630223919648
6,22022,PUT,357630223923327,357630223923627
6,22278,PUT,357630223923888,357630223924189
6,22534,PUT,357630223924449,357630223924810
6,22790,PUT,357630223925071,357630223925361
6,23046,PUT,357630223925612,357630223926103
6,23302,PUT,357630223926354,357630223926714
6,23558,PUT,357630223926965,357630223927266
6,23814,PUT,357630223929581,357630223929862
6,24070,PUT,357630223931035,357630223931365
6,24326,PUT,357630223932287,357630223932588
6,24582,PUT,357630223935565,357630223935916
6,24838,PUT,357630223936197,357630223936557
6,25094,PUT,357630223938732,357630223939023
6,25350,PUT,357630223940557,357630223940978
6,25606,PUT,357630223946310,357630223946591
6,25862,PUT,357630223951472,357630223951823
6,26118,PUT,357630223954088,357630223954379
6,26374,PUT,357630223962077,357630223962437
6,26630,PUT,357630223970256,357630223970556
6,26886,PUT,357630223973192,357630223973493
6,27142,PUT,357630223975127,357630223975428
6,27398,PUT,357630223976981,357630223977272
6,27654,PUT,357630223977543,357630223977833
6,27910,PUT,357630223978114,357630223978405
6,28166,PUT,357630223979587,357630223979818
6,28422,PUT,357630223981201,357630223981502
6,28678,PUT,357630223981762,357630223981993
6,28934,PUT,357630223982253,357630223982584
6,29190,PUT,357630223982835,357630223983146
6,29446,PUT,357630223983406,357630223983707
6,29702,PUT,357630223987215,357630223987506
6,29958,PUT,357630223987756,357630223988057
6,30214,PUT,357630223988318,357630223988608
6,30470,PUT,357630223988869,357630223989160
6,30726,PUT,357630223993850,357630223994211
6,30982,PUT,357630223996918,357630223997208
6,31238,PUT,357630223997479,357630223997780
6,31494,PUT,357630223998040,357630223998341
6,31750,PUT,357630223998591,357630223998822
6,32006,PUT,357630224033202,357630224033583
6,32262,PUT,357630224033853,357630224034114
6,32518,PUT,357630224036179,357630224036469
6,32774,PUT,357630224036750,357630224037041
6,33030,PUT,357630224041431,357630224041722
6,33286,PUT,357630224042012,357630224042453
6,33542,PUT,357630224065366,357630224066168
6,33798,PUT,357630224066619,357630224066930
6,34054,PUT,357630224067211,357630224067542
6,34310,PUT,357630224068965,357630224069246
6,34566,PUT,357630224069506,357630224069797
6,34822,PUT,357630224070047,357630224070338
6,35078,PUT,357630224073686,357630224074017
6,35334,PUT,357630224074297,357630224074608
6,35590,PUT,357630224074869,357630224075179
6,35846,PUT,357630224077014,357630224077304
6,36102,PUT,357630224079690,357630224079990
6,36358,PUT,357630224084160,357630224084451
6,36614,PUT,357630224089011,357630224089302
6,36870,PUT,357630224091708,357630224092008
6,37126,PUT,357630224092279,357630224092570
6,37382,PUT,357630224092850,357630224093141
6,37638,PUT,357630224095777,357630224096068
6,37894,PUT,357630224096328,357630224096679
6,38150,PUT,357630224098022,357630224098313
6,38406,PUT,357630224106903,357630224107304
6,38662,PUT,357630224116345,357630224116565
6,38918,PUT,357630224118169,357630224118510
6,39174,PUT,357630224121868,357630224122188
6,39430,PUT,357630224124243,357630224124574
6,39686,PUT,357630224126118,357630224126418
6,39942,PUT,357630224126689,357630224126990
6,40198,PUT,357630224129716,357630224130097
6,40454,PUT,357630224130377,357630224130658
6,40710,PUT,357630224130929,357630224131290
6,40966,PUT,357630224131540,357630224131861
6,41222,PUT,357630224132122,357630224132452
6,41478,PUT,357630224135118,357630224135419
6,41734,PUT,357630224135680,357630224136001
6,41990,PUT,357630224140611,357630224140912
6,42246,PUT,357630224143418,357630224143708
6,42502,PUT,357630224143979,357630224144270
6,42758,PUT,357630224144540,357630224144921
6,43014,PUT,357630224145182,357630224145513
6,43270,PUT,357630224145773,357630224146134
6,43526,PUT,357630224148299,357630224148901
6,43782,PUT,357630224149161,357630224149763
6,44038,PUT,357630224152288,357630224152579
6,44294,PUT,357630224152850,357630224153150
6,44550,PUT,357630224153411,357630224153702
6,44806,PUT,357630224166121,357630224166391
6,45062,PUT,357630224166642,357630224166862
6,45318,PUT,357630224167123,357630224167424
6,45574,PUT,357630224167674,357630224168005
6,45830,PUT,357630224170571,357630224170872
6,46086,PUT,357630224171122,357630224171413
6,46342,PUT,357630224171673,357630224172054
6,46598,PUT,357630224175041,357630224175372
6,46854,PUT,357630224176444,357630224176815
6,47110,PUT,357630224182158,357630224182448
6,47366,PUT,357630224182729,357630224183130
6,47622,PUT,357630224198265,357630224198686
6,47878,PUT,357630224200530,357630224200871
6,48134,PUT,357630224203688,357630224203978
6,48390,PUT,357630224204249,357630224204540
6,48646,PUT,357630224204800,357630224205101
6,48902,PUT,357630224205352,357630224205642
6,49158,PUT,357630224205903,357630224206194
6,49414,PUT,357630224206444,357630224206735
6,49670,PUT,357630224206995,357630224207276
6,49926,PUT,357630224207467,357630224207687
6,50182,PUT,357630224210453,357630224210774
6,50438,PUT,357630224211797,357630224212087
6,50694,PUT,357630224212358,357630224212669
6,50950,PUT,357630224212939,357630224213420
6,51206,PUT,357630224217510,357630224217891
6,51462,PUT,357630224218773,357630224219144
6,51718,PUT,357630224221128,357630224221419
6,51974,PUT,357630224221700,357630224221990
6,52230,PUT,357630224224536,357630224224827
6,52486,PUT,357630224225097,357630224225388
6,52742,PUT,357630224225659,357630224225949
6,52998,PUT,357630224227383,357630224227673
6,53254,PUT,357630224227934,357630224228225
6,53510,PUT,357630224229087,357630224229307
6,53766,PUT,357630224229508,357630224229798
6,54022,PUT,357630224230731,357630224231021
6,54278,PUT,357630224231212,357630224231502
6,54534,PUT,357630224232645,357630224232976
6,54790,PUT,357630224233246,357630224233567
6,55046,PUT,357630224237166,357630224237456
6,55302,PUT,357630224237707,357630224237997
6,55558,PUT,357630224241155,357630224241476
6,55814,PUT,357630224243400,357630224243761
6,56070,PUT,357630224244051,357630224244342
6,56326,PUT,357630224246808,357630224247099
6,56582,PUT,357630224247369,357630224247660
6,56838,PUT,357630224247931,357630224248221
6,57094,PUT,357630224248472,357630224248762
6,57350,PUT,357630224250637,357630224250927
6,57606,PUT,357630224253644,357630224253934
6,57862,PUT,357630224260329,357630224260630
6,58118,PUT,357630224262113,357630224262404
6,58374,PUT,357630224262675,357630224263026
6,58630,PUT,357630224264569,357630224264860
6,58886,PUT,357630224266043,357630224266343
6,59142,PUT,357630224269531,357630224269861
6,59398,PUT,357630224271074,357630224271365
6,59654,PUT,357630224271646,357630224271936
6,59910,PUT,357630224272207,357630224272498
6,60166,PUT,357630224272748,357630224273059
6,60422,PUT,357630224273319,357630224273640
6,60678,PUT,357630224274673,357630224274963
6,60934,PUT,357630224277058,357630224277339
6,61190,PUT,357630224277539,357630224277810
6,61446,PUT,357630224278060,357630224278351
6,61702,PUT,357630224278612,357630224279053
6,61958,PUT,357630224282751,357630224283022
6,62214,PUT,357630224284706,357630224285027
6,62470,PUT,357630224285297,357630224285588
6,62726,PUT,357630224285778,357630224286069
6,62982,PUT,357630224291091,357630224291361
6,63238,PUT,357630224295100,357630224295391
6,63494,PUT,357630224297335,357630224297646
6,63750,PUT,357630224298508,357630224298849
6,64006,PUT,357630224301876,357630224302267
6,64262,PUT,357630224303369,357630224303660
6,64518,PUT,357630224305073,357630224305364
6,64774,PUT,357630224305635,357630224305925
6,65030,PUT,357630224306196,357630224306497
6,65286,PUT,357630224306677,357630224306928
6,65542,PUT,357630224310396,357630224310706
6,65798,PUT,357630224310897,357630224311197
6,66054,PUT,357630224311448,357630224311759
6,66310,PUT,357630224314796,357630224315086
6,66566,PUT,357630224316770,357630224317061
6,66822,PUT,357630224317252,357630224317572
6,67078,PUT,357630224320218,357630224320549
6,67334,PUT,357630224324198,357630224324488
6,67590,PUT,357630224324769,357630224324999
6,67846,PUT,357630224325270,357630224325641
6,68102,PUT,357630224325902,357630224326212
6,68358,PUT,357630224341498,357630224342159
6,68614,PUT,357630224343643,357630224344104
6,68870,PUT,357630224345557,357630224345958
6,69126,PUT,357630224346229,357630224346570
6,69382,PUT,357630224346840,357630224347141
6,69638,PUT,357630224348454,357630224348745
6,69894,PUT,357630224350649,357630224350940
6,70150,PUT,357630224351210,357630224351511
6,70406,PUT,357630224352844,357630224353125
6,70662,PUT,357630224353405,357630224353696
6,70918,PUT,357630224353957,357630224354157
6,71174,PUT,357630224355380,357630224355671
6,71430,PUT,357630224355931,357630224356272
6,71686,PUT,357630224359951,357630224360241
6,71942,PUT,357630224360502,357630224360843
6,72198,PUT,357630224362186,357630224362406
6,72454,PUT,357630224363489,357630224363790
6,72710,PUT,357630224368380,357630224368681
6,72966,PUT,357630224376790,357630224377151
6,73222,PUT,357630224378133,357630224378434
6,73478,PUT,357630224381581,357630224381872
6,73734,PUT,357630224385019,357630224385320
6,73990,PUT,357630224385600,357630224385891
6,74246,PUT,357630224386162,357630224386462
6,74502,PUT,357630224387906,357630224388196
6,74758,PUT,357630224389710,357630224390031
6,75014,PUT,357630224390311,357630224390592
6,75270,PUT,357630224394280,357630224394581
6,75526,PUT,357630224397137,357630224397428
6,75782,PUT,357630224397728,357630224398109
6,76038,PUT,357630224398400,357630224398701
6,76294,PUT,357630224399873,357630224400174
6,76550,PUT,357630224406629,357630224406930
6,76806,PUT,357630224410498,357630224410789
6,77062,PUT,357630224411069,357630224411360
6,77318,PUT,357630224411651,357630224411941
6,77574,PUT,357630224416783,357630224417083
6,77830,PUT,357630224417354,357630224417705
6,78086,PUT,357630224420030,357630224420331
6,78342,PUT,357630224421464,357630224421935
6,78598,PUT,357630224436188,357630224436599
6,78854,PUT,357630224440748,357630224441029
6,79110,PUT,357630224441300,357630224441600
6,79366,PUT,357630224443846,357630224444146
6,79622,PUT,357630224444397,357630224444687
6,79878,PUT,357630224446301,357630224446592
6,80134,PUT,357630224449589,357630224449900
6,80390,PUT,357630224455733,357630224456024
6,80646,PUT,357630224456294,357630224456585
6,80902,PUT,357630224457728,357630224458229
6,81158,PUT,357630224459382,357630224459682
6,81414,PUT,357630224461446,357630224461737
6,81670,PUT,357630224462028,357630224462369
6,81926,PUT,357630224466899,357630224467280
6,82182,PUT,357630224467551,357630224467851
6,82438,PUT,357630224470137,357630224470437
6,82694,PUT,357630224487697,357630224488349
6,82950,PUT,357630224492859,357630224493160
6,83206,PUT,357630224498813,357630224499294
6,83462,PUT,357630224500928,357630224501319
6,83718,PUT,357630224505058,357630224505368
6,83974,PUT,357630224508085,357630224508415
6,84230,PUT,357630224508686,357630224509067
6,84486,PUT,357630224509338,357630224509819
6,84742,PUT,357630224512525,357630224512916
6,84998,PUT,357630224516645,357630224516965
6,85254,PUT,357630224519211,357630224519501
6,85510,PUT,357630224521165,357630224521446
6,85766,PUT,357630224521716,357630224522007
6,86022,PUT,357630224523731,357630224524022
6,86278,PUT,357630224525144,357630224525445
6,86534,PUT,357630224525716,357630224526006
6,86790,PUT,357630224526277,357630224526568
6,87046,PUT,357630224526828,357630224527129
6,87302,PUT,357630224527390,357630224527690
6,87558,PUT,357630224527951,357630224528242
6,87814,PUT,357630224528492,357630224528783
6,88070,PUT,357630224536721,357630224536942
6,88326,PUT,357630224537182,357630224537463
6,88582,PUT,357630224537714,357630224538004
6,88838,PUT,357630224542314,357630224542665
6,89094,PUT,357630224542936,357630224543266
6,89350,PUT,357630224546574,357630224546865
6,89606,PUT,357630224547145,357630224547436
6,89862,PUT,357630224547697,357630224547937
6,90118,PUT,357630224548198,357630224548619
6,90374,PUT,357630224551846,357630224552197
6,90630,PUT,357630224552458,357630224552748
6,90886,PUT,357630224552999,357630224553290
6,91142,PUT,357630224553540,357630224553881
6,91398,PUT,357630224554142,357630224554432
6,91654,PUT,357630224557730,357630224558021
6,91910,PUT,357630224558291,357630224558642
6,92166,PUT,357630224558903,357630224559203
6,92422,PUT,357630224563513,357630224563884
6,92678,PUT,357630224567232,357630224567523
6,92934,PUT,357630224567793,357630224568094
6,93190,PUT,357630224575732,357630224576103
6,93446,PUT,357630224576373,357630224576684
6,93702,PUT,357630224576955,357630224577245
6,93958,PUT,357630224582528,357630224582848
6,94214,PUT,357630224583119,357630224583420
6,94470,PUT,357630224585284,357630224585655
6,94726,PUT,357630224587279,357630224587569
6,94982,PUT,357630224593814,357630224594145
6,95238,PUT,357630224595949,357630224596280
6,95494,PUT,357630224598846,357630224599136
6,95750,PUT,357630224601001,357630224601291
6,96006,PUT,357630224601572,357630224601863
6,96262,PUT,357630224603536,357630224603847
6,96518,PUT,357630224604118,357630224604408
6,96774,PUT,357630224606784,357630224607075
6,97030,PUT,357630224611124,357630224611415
6,97286,PUT,357630224627532,357630224628234
6,97542,PUT,357630224629928,357630224630208
6,97798,PUT,357630224631632,357630224631912
6,98054,PUT,357630224633937,357630224634268
6,98310,PUT,357630224634558,357630224634909
6,98566,PUT,357630224635190,357630224635531
6,98822,PUT,357630224637275,357630224637636
6,99078,PUT,357630224637916,357630224638207
6,99334,PUT,357630224638458,357630224638758
6,99590,PUT,357630224644953,357630224645243
6,99846,PUT,357630224646236,357630224646546
6,100102,PUT,357630224648020,357630224648330
6,100358,PUT,357630224650085,357630224650385
6,100614,PUT,357630224650666,357630224650957
6,100870,PUT,357630224653512,357630224653873
6,101126,PUT,357630224655036,357630224655327
6,101382,PUT,357630224657111,357630224657402
6,101638,PUT,357630224658765,357630224659095
6,101894,PUT,357630224659366,357630224659747
6,102150,PUT,357630224667405,357630224667725
6,102406,PUT,357630224667996,357630224668327
6,102662,PUT,357630224674030,357630224674321
6,102918,PUT,357630224674581,357630224674942
6,103174,PUT,357630224675814,357630224676145
6,103430,PUT,357630224678681,357630224678962
6,103686,PUT,357630224681016,357630224681337
6,103942,PUT,357630224683673,357630224683963
6,104198,PUT,357630224684234,357630224684525
6,104454,PUT,357630224685918,357630224686449
6,104710,PUT,357630224686720,357630224687010
6,104966,PUT,357630224698437,357630224698838
6,105222,PUT,357630224706656,357630224706987
6,105478,PUT,357630224710194,357630224710485
6,105734,PUT,357630224714153,357630224714424
6,105990,PUT,357630224714695,357630224714985
6,106246,PUT,357630224715256,357630224715547
6,106502,PUT,357630224715807,357630224716098
6,106758,PUT,357630224716358,357630224716709
6,107014,PUT,357630224721671,357630224721941
6,107270,PUT,357630224723896,357630224724267
6,107526,PUT,357630224724547,357630224724838
6,107782,PUT,357630224725099,357630224725389
6,108038,PUT,357630224726883,357630224727174
6,108294,PUT,357630224727424,357630224727725
6,108550,PUT,357630224728817,357630224729108
6,108806,PUT,357630224729369,357630224729659
6,109062,PUT,357630224735523,357630224735814
6,109318,PUT,357630224736084,357630224736405
6,109574,PUT,357630224739191,357630224739482
6,109830,PUT,357630224739753,357630224740033
6,110086,PUT,357630224740314,357630224740505
6,110342,PUT,357630224742780,357630224743080
6,110598,PUT,357630224746418,357630224746799
6,110854,PUT,357630224747872,357630224748212
6,111110,PUT,357630224748483,357630224748834
6,111366,PUT,357630224749856,357630224750147
6,111622,PUT,357630224750428,357630224750718
6,111878,PUT,357630224757283,357630224757614
6,112134,PUT,357630224762836,357630224763127
6,112390,PUT,357630224763388,357630224763688
6,112646,PUT,357630224767487,357630224767858
6,112902,PUT,357630224785950,357630224786531
6,113158,PUT,357630224787885,357630224788175
6,113414,PUT,357630224788446,357630224788807
6,113670,PUT,357630224789077,357630224789398
6,113926,PUT,357630224791974,357630224792305
6,114182,PUT,357630224804613,357630224804904
6,114438,PUT,357630224807370,357630224807660
6,114694,PUT,357630224810708,357630224810998
6,114950,PUT,357630224811289,357630224811580
6,115206,PUT,357630224812702,357630224813123
6,115462,PUT,357630224814897,357630224815198
6,115718,PUT,357630224817644,357630224818005
6,115974,PUT,357630224819658,357630224819949
6,116230,PUT,357630224820220,357630224820510
6,116486,PUT,357630224822445,357630224822735
6,116742,PUT,357630224825452,357630224825863
6,116998,PUT,357630224827647,357630224827958
6,117254,PUT,357630224830554,357630224830945
6,117510,PUT,357630224835876,357630224836157
6,117766,PUT,357630224838612,357630224838973
6,118022,PUT,357630224841950,357630224842241
6,118278,PUT,357630224842521,357630224842902
6,118534,PUT,357630224843173,357630224843464
6,118790,PUT,357630224844877,357630224845188
6,119046,PUT,357630224849919,357630224850209
6,119302,PUT,357630224850480,357630224850700
6,119558,PUT,357630224852505,357630224852785
6,119814,PUT,357630224853056,357630224853387
6,120070,PUT,357630224853677,357630224853968
6,120326,PUT,357630224855401,357630224855742
6,120582,PUT,357630224856003,357630224856313
6,120838,PUT,357630224860453,357630224860754
6,121094,PUT,357630224861044,357630224861335
6,121350,PUT,357630224861596,357630224861906
6,121606,PUT,357630224864663,357630224864954
6,121862,PUT,357630224865214,357630224865495
6,122118,PUT,357630224865745,357630224866036
6,122374,PUT,357630224866297,357630224866577
6,122630,PUT,357630224869113,357630224869404
6,122886,PUT,357630224870396,357630224870727
6,123142,PUT,357630224871008,357630224871328
6,123398,PUT,357630224872341,357630224872651
6,123654,PUT,357630224872932,357630224873223
6,123910,PUT,357630224873473,357630224873764
6,124166,PUT,357630224877673,357630224877994
6,124422,PUT,357630224878274,357630224878565
6,124678,PUT,357630224878816,357630224879227
6,124934,PUT,357630224882214,357630224882574
6,125190,PUT,357630224882845,357630224883176
6,125446,PUT,357630224889681,357630224889972
6,125702,PUT,357630224890242,357630224890533
6,125958,PUT,357630224890814,357630224891174
6,126214,PUT,357630224891425,357630224891716
6,126470,PUT,357630224891976,357630224892267
6,126726,PUT,357630224894863,357630224895154
6,126982,PUT,357630224895424,357630224895655
6,127238,PUT,357630224903473,357630224903764
6,127494,PUT,357630224905137,357630224905428
6,127750,PUT,357630224905698,357630224905989
6,128006,PUT,357630224907663,357630224907963
6,128262,PUT,357630224908234,357630224908525
6,128518,PUT,357630224909738,357630224910058
6,128774,PUT,357630224931137,357630224931498
6,129030,PUT,357630224933132,357630224933423
6,129286,PUT,357630224935788,357630224936029
6,129542,PUT,357630224938575,357630224938885
6,129798,PUT,357630224939066,357630224939366
6,130054,PUT,357630224939637,357630224939938
6,130310,PUT,357630224943486,357630224943777
6,130566,PUT,357630224944047,357630224944338
6,130822,PUT,357630224945601,357630224946042
6,131078,PUT,357630224949299,357630224949590
6,131334,PUT,357630224949871,357630224950161
6,131590,PUT,357630224950432,357630224950723
6,131846,PUT,357630224951885,357630224952246
6,132102,PUT,357630224954582,357630224954872
6,132358,PUT,357630224955073,357630224955404
6,132614,PUT,357630224955654,357630224956035
6,132870,PUT,357630224956296,357630224956586
6,133126,PUT,357630224956847,357630224957178
6,133382,PUT,357630224957438,357630224957729
6,133638,PUT,357630224959243,357630224959463
6,133894,PUT,357630224959724,357630224960064
6,134150,PUT,357630224960325,357630224960636
6,134406,PUT,357630224960816,357630224961107
6,134662,PUT,357630224961357,357630224961668
6,134918,PUT,357630224962741,357630224963031
6,135174,PUT,357630224971250,357630224971651
6,135430,PUT,357630224971962,357630224972253
6,135686,PUT,357630224975621,357630224975921
6,135942,PUT,357630224976212,357630224976523
6,136198,PUT,357630224979961,357630224980261
6,136454,PUT,357630224983369,357630224983669
6,136710,PUT,357630224983940,357630224984241
6,136966,PUT,357630224989202,357630224989503
6,137222,PUT,357630224989783,357630224990114
6,137478,PUT,357630224991277,357630224991658
6,137734,PUT,357630224991938,357630224992229
6,137990,PUT,357630224992500,357630224992790
6,138246,PUT,357630224993041,357630224993352
6,138502,PUT,357630224996730,357630224997030
6,527,GET,357630223864781,357630223865482
6,783,GET,357630223865973,357630223866224
6,2319,GET,357630223891122,357630223891683
6,2575,GET,357630223891964,357630223892194
6,3599,GET,357630223892325,357630223893006
6,3855,GET,357630223893136,357630223893447
6,4623,GET,357630223894229,357630223894810
6,5135,GET,357630223894941,357630223895512
6,5647,GET,357630223895642,357630223896164
6,7439,GET,357630223897457,357630223897978
6,9999,GET,357630223899251,357630223899802
6,12559,GET,357630223901055,357630223901837
6,13839,GET,357630223903180,357630223903881
6,1805,GET,357630223904623,357630223905194
6,2573,GET,357630223905345,357630223906488
6,4365,GET,357630223907871,357630223908462
6,6413,GET,357630223909234,357630223909875
6,9997,GET,357630223911118,357630223911960
6,13837,GET,357630223913193,357630223914015
6,15373,GET,357630223914165,357630223914957
6,1796,GET,357630223915108,357630223916461
6,3076,GET,357630223916591,357630223917202
6,6916,GET,357630223918475,357630223919207
6,11268,GET,357630223919899,357630223921552
6,14084,GET,357630223921703,357630223923176
6,7173,GET,357630223927536,357630223928318
6,9477,GET,357630223928469,357630223929431
6,12549,GET,357630223930132,357630223930884
6,15109,GET,357630223931626,357630223932157
6,1283,GET,357630223932889,357630223933580
6,5635,GET,357630223933731,357630223935425
6,1026,GET,357630223936808,357630223938592
6,3074,GET,357630223939274,357630223940416
6,4866,GET,357630223941238,357630223942180
6,5890,GET,357630223942331,357630223943193
6,7938,GET,357630223943343,357630223944145
6,10242,GET,357630223944275,357630223945217
6,12034,GET,357630223945358,357630223946150
6,15618,GET,357630223946851,357630223947653
6,2568,GET,357630223947783,357630223949447
6,5128,GET,357630223949578,357630223950590
6,6664,GET,357630223950730,357630223951322
6,11272,GET,357630223952073,357630223953938
6,13832,GET,357630223954639,357630223955521
6,521,GET,357630223955672,357630223956985
6,2313,GET,357630223957115,357630223957747
6,4105,GET,357630223957877,357630223958849
6,5641,GET,357630223958989,357630223959721
6,8457,GET,357630223959851,357630223960864
6,10249,GET,357630223960994,357630223961926
6,14601,GET,357630223962708,357630223963971
6,16137,GET,357630223964111,357630223964823
6,2566,GET,357630223964963,357630223966216
6,4870,GET,357630223966347,357630223967339
6,8454,GET,357630223967469,357630223969083
6,10502,GET,357630223969213,357630223970105
6,14854,GET,357630223970807,357630223972030
6,778,GET,357630223972170,357630223973042
6,4874,GET,357630223973744,357630223974977
6,8458,GET,357630223975678,357630223976841
6,14090,GET,357630223978755,357630223979457
6,526,GET,357630223979998,357630223981071
6,8718,GET,357630223983977,357630223984970
6,11022,GET,357630223985120,357630223986303
6,12302,GET,357630223986453,357630223987055
6,2316,GET,357630223989430,357630223990172
6,6412,GET,357630223990322,357630223992066
6,10252,GET,357630223992197,357630223993700
6,13324,GET,357630223994502,357630223995444
6,15628,GET,357630223995574,357630223996767
6,5121,GET,357630223999022,357630223999874
6,7179,GET,357630224000025,357630224031528
6,10251,GET,357630224031899,357630224033041
6,15627,GET,357630224034395,357630224035427
6,519,GET,357630224035557,357630224036028
6,4103,GET,357630224037321,357630224037973
6,5639,GET,357630224038103,357630224038935
6,8199,GET,357630224039065,357630224040188
6,10247,GET,357630224040328,357630224041281
6,16135,GET,357630224042744,357630224044197
6,11520,GET,357630224067892,357630224068764
6,16641,GET,357630224071671,357630224072313
6,17153,GET,357630224072463,357630224073545
6,18433,GET,357630224075450,357630224076873
6,20226,GET,357630224077575,357630224078427
6,18945,GET,357630224078577,357630224079549
6,17935,GET,357630224080241,357630224081384
6,16899,GET,357630224081534,357630224083007
6,19980,GET,357630224083158,357630224084010
6,19215,GET,357630224084701,357630224086606
6,20742,GET,357630224086746,357630224087718
6,19982,GET,357630224087849,357630224088861
6,21772,GET,357630224089563,357630224090264
6,21249,GET,357630224090405,357630224091547
6,17163,GET,357630224093422,357630224094484
6,17674,GET,357630224094634,357630224095627
6,23564,GET,357630224096950,357630224097882
6,22534,GET,357630224098584,357630224099957
6,22790,GET,357630224100107,357630224100969
6,19466,GET,357630224101120,357630224101992
6,18183,GET,357630224102122,357630224103405
6,17928,GET,357630224103535,357630224105069
6,24834,GET,357630224105209,357630224106753
6,25356,GET,357630224107565,357630224108336
6,18955,GET,357630224108477,357630224109439
6,20234,GET,357630224109569,357630224111474
6,19979,GET,357630224111604,357630224112626
6,25612,GET,357630224112757,357630224114380
6,25350,GET,357630224114511,357630224116195
6,21515,GET,357630224116806,357630224118009
6,25614,GET,357630224118771,357630224119602
6,22539,GET,357630224119753,357630224121717
6,26894,GET,357630224122449,357630224124103
6,27393,GET,357630224124845,357630224125977
6,25871,GET,357630224127240,357630224129576
6,23303,GET,357630224132733,357630224133304
6,18176,GET,357630224133455,357630224134988
6,28430,GET,357630224136261,357630224137394
6,25092,GET,357630224137544,357630224138476
6,28686,GET,357630224138627,357630224139529
6,25860,GET,357630224139659,357630224140461
6,23818,GET,357630224141183,357630224142185
6,25611,GET,357630224142325,357630224143267
6,29957,GET,357630224146415,357630224147267
6,27147,GET,357630224147417,357630224148149
6,27139,GET,357630224150033,357630224150935
6,25354,GET,357630224151086,357630224152148
6,27395,GET,357630224153972,357630224154644
6,27399,GET,357630224161740,357630224165178
6,28932,GET,357630224165329,357630224165980
6,33793,GET,357630224168276,357630224170441
6,23296,GET,357630224172325,357630224172866
6,23808,GET,357630224173017,357630224173879
6,24320,GET,357630224174029,357630224174891
6,34817,GET,357630224175633,357630224176304
6,20237,GET,357630224177096,357630224178720
6,29449,GET,357630224178870,357630224180283
6,30724,GET,357630224180434,357630224182007
6,32265,GET,357630224199107,357630224199668
6,27904,GET,357630224199869,357630224200380
6,33548,GET,357630224201082,357630224201813
6,28160,GET,357630224201944,357630224202836
6,33289,GET,357630224202966,357630224203537
6,34313,GET,357630224207888,357630224208268
6,32774,GET,357630224208469,357630224209181
6,29952,GET,357630224209311,357630224210303
6,38145,GET,357630224211035,357630224211556
6,33286,GET,357630224213691,357630224214904
6,37378,GET,357630224216668,357630224217370
6,35086,GET,357630224218071,357630224218632
6,33291,GET,357630224219394,357630224220998
6,34310,GET,357630224222241,357630224223664
6,34822,GET,357630224223814,357630224224396
6,33796,GET,357630224226230,357630224227242
6,35083,GET,357630224228425,357630224228946
6,34309,GET,357630224230079,357630224230600
6,34570,GET,357630224231773,357630224232515
6,35332,GET,357630224233898,357630224235031
6,28424,GET,357630224235181,357630224236344
6,37644,GET,357630224236494,357630224237015
6,38668,GET,357630224238198,357630224241004
6,39177,GET,357630224241756,357630224243270
6,41985,GET,357630224244593,357630224246036
6,35845,GET,357630224246186,357630224246678
6,39694,GET,357630224249033,357630224250496
6,36357,GET,357630224251198,357630224252230
6,33792,GET,357630224252381,357630224253513
6,38916,GET,357630224254195,357630224255087
6,34560,GET,357630224255237,357630224256190
6,34816,GET,357630224256340,357630224257854
6,39948,GET,357630224257984,357630224258786
6,32008,GET,357630224258916,357630224260179
6,38410,GET,357630224260891,357630224261963
6,39687,GET,357630224263306,357630224264439
6,39943,GET,357630224265120,357630224265902
6,39178,GET,357630224266604,357630224268127
6,46338,GET,357630224268278,357630224269400
6,42244,GET,357630224270132,357630224270944
6,47874,GET,357630224273841,357630224274542
6,43524,GET,357630224275244,357630224276918
6,44558,GET,357630224279323,357630224280195
6,48898,GET,357630224280346,357630224280927
6,40198,GET,357630224281077,357630224282591
6,45326,GET,357630224283202,357630224284556
6,36867,GET,357630224286340,357630224288024
6,44556,GET,357630224288174,357630224288896
6,41734,GET,357630224289046,357630224289738
6,41483,GET,357630224289868,357630224290940
6,46350,GET,357630224291542,357630224292785
6,44295,GET,357630224292915,357630224293426
6,41990,GET,357630224293566,357630224294950
6,38915,GET,357630224295641,357630224297185
6,50689,GET,357630224297826,357630224298378
6,45068,GET,357630224299109,357630224299701
6,47118,GET,357630224299861,357630224300312
6,46095,GET,357630224300463,357630224301725
6,40192,GET,357630224302527,357630224303219
6,33293,GET,357630224303921,357630224304933
6,43787,GET,357630224307208,357630224310265
6,46855,GET,357630224312039,357630224314665
6,46341,GET,357630224315287,357630224316640
6,55041,GET,357630224317853,357630224318865
6,40707,GET,357630224319016,357630224320078
6,44042,GET,357630224320800,357630224321331
6,47621,GET,357630224321481,357630224322303
6,47884,GET,357630224322454,357630224324047
6,36365,GET,357630224326493,357630224327405
6,48652,GET,357630224342590,357630224343442
6,51982,GET,357630224344354,357630224345417
6,46598,GET,357630224347412,357630224348324
6,37133,GET,357630224349005,357630224350509
6,50697,GET,357630224351792,357630224352704
6,50953,GET,357630224354328,357630224355250
6,48650,GET,357630224358277,357630224359810
6,51980,GET,357630224361123,357630224362046
6,50181,GET,357630224362607,357630224363349
6,55556,GET,357630224364050,357630224367338
6,51973,GET,357630224367488,357630224368250
6,53515,GET,357630224368932,357630224371939
6,50950,GET,357630224372089,357630224373332
6,50703,GET,357630224373482,357630224374735
6,60673,GET,357630224374865,357630224375848
6,54279,GET,357630224375978,357630224376639
6,56836,GET,357630224377411,357630224377983
6,54277,GET,357630224378674,357630224380348
6,43272,GET,357630224380498,357630224381421
6,55308,GET,357630224382122,357630224384067
6,55564,GET,357630224384207,357630224384859
6,53510,GET,357630224386723,357630224387775
6,59138,GET,357630224388447,357630224389579
6,63745,GET,357630224390842,357630224392005
6,48128,GET,357630224392155,357630224394150
6,57100,GET,357630224394832,357630224395824
6,52751,GET,357630224395974,357630224396997
6,57607,GET,357630224398981,357630224399743
6,53514,GET,357630224400435,357630224401467
6,54026,GET,357630224401617,357630224402530
6,60930,GET,357630224402660,357630224403281
6,54031,GET,357630224403412,357630224404534
6,55557,GET,357630224404665,357630224405376
6,56838,GET,357630224405506,357630224406469
6,50688,GET,357630224407180,357630224408032
6,59148,GET,357630224408173,357630224408894
6,46093,GET,357630224409035,357630224410348
6,57093,GET,357630224412212,357630224413645
6,58887,GET,357630224413796,357630224414838
6,57605,GET,357630224414968,357630224416632
6,63746,GET,357630224417985,357630224419108
6,58377,GET,357630224419238,357630224419880
6,56591,GET,357630224420581,357630224421313
6,51971,GET,357630224422195,357630224423198
6,60423,GET,357630224423348,357630224424160
6,54016,GET,357630224424290,357630224425373
6,56842,GET,357630224425513,357630224426355
6,48392,GET,357630224426495,357630224427698
6,48904,GET,357630224427828,357630224428710
6,49672,GET,357630224434995,357630224436007
6,63502,GET,357630224436909,357630224438172
6,53507,GET,357630224438303,357630224439766
6,68609,GET,357630224439906,357630224440588
6,59663,GET,357630224441871,357630224443695
6,51208,GET,357630224444968,357630224446171
6,55299,GET,357630224446873,357630224448346
6,51720,GET,357630224448496,357630224449459
6,60682,GET,357630224450160,357630224451233
6,65029,GET,357630224451383,357630224452957
6,70913,GET,357630224453107,357630224454600
6,60938,GET,357630224454741,357630224455583
6,63243,GET,357630224456846,357630224457597
6,57347,GET,357630224458490,357630224459251
6,66820,GET,357630224459943,357630224461316
6,71937,GET,357630224462639,357630224463922
6,66830,GET,357630224464072,357630224465506
6,68100,GET,357630224465656,357630224466749
6,58883,GET,357630224468112,357630224469986
6,62474,GET,357630224470688,357630224472783
6,60160,GET,357630224488840,357630224489762
6,68610,GET,357630224489963,357630224491506
6,63247,GET,357630224491657,357630224492709
6,75521,GET,357630224493411,357630224494543
6,60931,GET,357630224494674,357630224495786
6,69890,GET,357630224498152,357630224498663
6,52749,GET,357630224499555,357630224500778
6,70658,GET,357630224501570,357630224502472
6,66571,GET,357630224502622,357630224503574
6,64778,GET,357630224503725,357630224504907
6,67845,GET,357630224505629,357630224507122
6,69382,GET,357630224507253,357630224507934
6,63747,GET,357630224510099,357630224511382
6,70406,GET,357630224511513,357630224512375
6,71174,GET,357630224513227,357630224514159
6,68105,GET,357630224514289,357630224515081
6,68617,GET,357630224515221,357630224516494
6,78081,GET,357630224517226,357630224519050
6,78849,GET,357630224519762,357630224521035
6,63488,GET,357630224522258,357630224523591
6,64256,GET,357630224524282,357630224525014
6,71180,GET,357630224529053,357630224530106
6,70923,GET,357630224530256,357630224531098
6,72708,GET,357630224531228,357630224531960
6,71685,GET,357630224532090,357630224533614
6,72716,GET,357630224533744,357630224535268
6,69386,GET,357630224535408,357630224536571
6,81153,GET,357630224538265,357630224539798
6,73221,GET,357630224539949,357630224540981
6,57101,GET,357630224541111,357630224542164
6,57613,GET,357630224543537,357630224544690
6,74508,GET,357630224544830,357630224545672
6,58381,GET,357630224545812,357630224546424
6,73994,GET,357630224548889,357630224550603
6,75526,GET,357630224550754,357630224551696
6,76558,GET,357630224554703,357630224555896
6,59405,GET,357630224556046,357630224557590
6,75524,GET,357630224559474,357630224560697
6,67328,GET,357630224560847,357630224563383
6,70927,GET,357630224564145,357630224564776
6,77318,GET,357630224564927,357630224566310
6,71439,GET,357630224566460,357630224567082
6,76804,GET,357630224568365,357630224569237
6,77060,GET,357630224569367,357630224570059
6,85761,GET,357630224570189,357630224572514
6,79106,GET,357630224572645,357630224573436
6,70659,GET,357630224573567,357630224575581
6,62221,GET,357630224577516,357630224578959
6,80396,GET,357630224579110,357630224580252
6,86785,GET,357630224580383,357630224580954
6,67592,GET,357630224581084,357630224582377
6,80142,GET,357630224583680,357630224585134
6,80139,GET,357630224585926,357630224587138
6,80651,GET,357630224587830,357630224589614
6,78346,GET,357630224589764,357630224591498
6,72448,GET,357630224591649,357630224592962
6,83724,GET,357630224593092,357630224593663
6,84492,GET,357630224594415,357630224595798
6,80649,GET,357630224596540,357630224597733
6,73728,GET,357630224597883,357630224598695
6,81673,GET,357630224599477,357630224600870
6,74752,GET,357630224602123,357630224603406
6,83721,GET,357630224604659,357630224605691
6,86540,GET,357630224605842,357630224606644
6,74255,GET,357630224607325,357630224608127
6,74755,GET,357630224608277,357630224609109
6,81413,GET,357630224609260,357630224610182
6,81669,GET,357630224610312,357630224610974
6,75523,GET,357630224611665,357630224612136
6,75779,GET,357630224628695,357630224629336
6,84482,GET,357630224629557,357630224629767
6,85769,GET,357630224630459,357630224630679
6,84738,GET,357630224630830,357630224631481
6,67341,GET,357630224632193,357630224633015
6,67597,GET,357630224633165,357630224633787
6,72968,GET,357630224635811,357630224636192
6,83470,GET,357630224636343,357630224637134
6,83726,GET,357630224639620,357630224640442
6,88588,GET,357630224640592,357630224641895
6,77327,GET,357630224642046,357630224642798
6,83205,GET,357630224642928,357630224643960
6,77059,GET,357630224644091,357630224644802
6,89612,GET,357630224645504,357630224646085
6,86026,GET,357630224646807,357630224647879
6,84996,GET,357630224648571,357630224649142
6,76800,GET,357630224649293,357630224649944
6,85252,GET,357630224651207,357630224652540
6,89868,GET,357630224652691,357630224653372
6,88839,GET,357630224654134,357630224654896
6,90380,GET,357630224655577,357630224656981
6,87050,GET,357630224657652,357630224658624
6,86286,GET,357630224660008,357630224661250
6,88585,GET,357630224661401,357630224663877
6,78080,GET,357630224664027,357630224666142
6,76808,GET,357630224666272,357630224667254
6,79360,GET,357630224668598,357630224669540
6,93703,GET,357630224669670,357630224671494
6,85254,GET,357630224671625,357630224673880
6,89102,GET,357630224675203,357630224675664
6,91650,GET,357630224676416,357630224677478
6,88581,GET,357630224677628,357630224678521
6,89092,GET,357630224679222,357630224680886
6,83471,GET,357630224681598,357630224682740
6,89604,GET,357630224682891,357630224683532
6,96007,GET,357630224684775,357630224685787
6,90638,GET,357630224687251,357630224688865
6,81667,GET,357630224689015,357630224689717
6,96769,GET,357630224689867,357630224691020
6,90890,GET,357630224697094,357630224698256
6,82944,GET,357630224699148,357630224701103
6,91908,GET,357630224701233,357630224702627
6,84995,GET,357630224702757,357630224704431
6,77069,GET,357630224704561,357630224705624
6,91147,GET,357630224705754,357630224706506
6,91915,GET,357630224707237,357630224710044
6,92171,GET,357630224710745,357630224711637
6,98561,GET,357630224711788,357630224713993
6,92937,GET,357630224716980,357630224719365
6,87555,GET,357630224719516,357630224720588
6,95493,GET,357630224720739,357630224721520
6,101639,GET,357630224722192,357630224723746
6,96260,GET,357630224725660,357630224726743
6,96517,GET,357630224727995,357630224728687
6,96526,GET,357630224729930,357630224730481
6,89347,GET,357630224730632,357630224732516
6,102924,GET,357630224732666,357630224735373
6,97550,GET,357630224736676,357630224737808
6,102145,GET,357630224737949,357630224739041
6,104972,GET,357630224740765,357630224741687
6,98309,GET,357630224741838,357630224742629
6,95755,GET,357630224743351,357630224743943
6,91407,GET,357630224744093,357630224744704
6,105996,GET,357630224744835,357630224746268
6,83725,GET,357630224747060,357630224747711
6,98821,GET,357630224749084,357630224749726
6,99589,GET,357630224750969,357630224751831
6,102402,GET,357630224751981,357630224752793
6,86792,GET,357630224752943,357630224754056
6,100357,GET,357630224754186,357630224754908
6,90624,GET,357630224755038,357630224757133
6,98820,GET,357630224757875,357630224758667
6,96774,GET,357630224758797,357630224759839
6,104961,GET,357630224759970,357630224760942
6,97801,GET,357630224761082,357630224761814
6,99844,GET,357630224761944,357630224762686
6,98313,GET,357630224763939,357630224764681
6,92416,GET,357630224765773,357630224766385
6,92672,GET,357630224766515,357630224767337
6,99339,GET,357630224786962,357630224787664
6,106498,GET,357630224789669,357630224790631
6,98566,GET,357630224790781,357630224791824
6,102154,GET,357630224792585,357630224795031
6,94479,GET,357630224795161,357630224795823
6,102158,GET,357630224795953,357630224797226
6,102414,GET,357630224797357,357630224798359
6,95491,GET,357630224798489,357630224799672
6,95759,GET,357630224799802,357630224804463
6,98051,GET,357630224805155,357630224806267
6,96512,GET,357630224806398,357630224807219
6,108802,GET,357630224807921,357630224809004
6,101382,GET,357630224809144,357630224810557
6,104964,GET,357630224811850,357630224812572
6,103689,GET,357630224813384,357630224814767
6,98048,GET,357630224815459,357630224816361
6,98304,GET,357630224816511,357630224817513
6,104965,GET,357630224818255,357630224819518
6,90376,GET,357630224820761,357630224822315
6,90632,GET,357630224822996,357630224824349
6,98816,GET,357630224824500,357630224825322
6,113415,GET,357630224826123,357630224827507
6,91144,GET,357630224828218,357630224829080
6,114183,GET,357630224829231,357630224830413
6,99328,GET,357630224831215,357630224831897
6,103686,GET,357630224832047,357630224833230
6,92424,GET,357630224833380,357630224834423
6,106249,GET,357630224834553,357630224835716
6,92936,GET,357630224836417,357630224838462
6,116492,GET,357630224839234,357630224840316
6,116748,GET,357630224840467,357630224841800
6,113154,GET,357630224843734,357630224844737
6,110340,GET,357630224845438,357630224846170
6,106251,GET,357630224846320,357630224847693
6,118028,GET,357630224847844,357630224849768
6,111364,GET,357630224850901,357630224852354
6,112132,GET,357630224854239,357630224855261
6,110350,GET,357630224856584,357630224857426
6,107787,GET,357630224857576,357630224858458
6,91661,GET,357630224858599,357630224860303
6,119820,GET,357630224862187,357630224863310
6,110858,GET,357630224863460,357630224864513
6,97288,GET,357630224866848,357630224867459
6,111118,GET,357630224867610,357630224868963
6,101391,GET,357630224869675,357630224870246
6,107782,GET,357630224871609,357630224872210
6,102415,GET,357630224874035,357630224875448
6,102912,GET,357630224875598,357630224877543
6,110083,GET,357630224879517,357630224881081
6,121612,GET,357630224881231,357630224882073
6,111619,GET,357630224883447,357630224886935
6,94733,GET,357630224887085,357630224888458
6,112387,GET,357630224888608,357630224889521
6,95501,GET,357630224892548,357630224893791
6,114954,GET,357630224893941,357630224894713
6,115465,GET,357630224895925,357630224897279
6,124172,GET,357630224897429,357630224899694
6,96269,GET,357630224899825,357630224900466
6,124684,GET,357630224900596,357630224901869
6,111878,GET,357630224902000,357630224903313
6,116745,GET,357630224904014,357630224904987
6,113667,GET,357630224906259,357630224907532
6,101128,GET,357630224908775,357630224909597
6,114693,GET,357630224910319,357630224911532
6,107279,GET,357630224912724,357630224913727
6,102664,GET,357630224913877,357630224915240
6,118030,GET,357630224915371,357630224917065
6,97549,GET,357630224931829,357630224932360
6,120068,GET,357630224932561,357630224932951
6,114955,GET,357630224933603,357630224934204
6,108815,GET,357630224934335,357630224934856
6,120580,GET,357630224934996,357630224935628
6,117769,GET,357630224936299,357630224937001
6,121092,GET,357630224937131,357630224937733
6,115467,GET,357630224937863,357630224938414
6,126727,GET,357630224940218,357630224942293
6,109312,GET,357630224942433,357630224943326
6,124418,GET,357630224944609,357630224945451
6,120078,GET,357630224946333,357630224947114
6,119818,GET,357630224947265,357630224948187
6,110607,GET,357630224948317,357630224949149
6,99085,GET,357630224950993,357630224951755
6,128263,GET,357630224952507,357630224953068
6,116485,GET,357630224953219,357630224954431
6,130311,GET,357630224958000,357630224959102
6,125698,GET,357630224961939,357630224962610
6,113167,GET,357630224963312,357630224964164
6,125953,GET,357630224964314,357630224965046
6,101645,GET,357630224972523,357630224973566
6,128257,GET,357630224973716,357630224975470
6,128513,GET,357630224976823,357630224978688
6,109064,GET,357630224978828,357630224979810
6,129026,GET,357630224980522,357630224981113
6,124170,GET,357630224981244,357630224982386
6,124942,GET,357630224982517,357630224983218
6,123913,GET,357630224984491,357630224986566
6,126724,GET,357630224986696,357630224989052
6,119046,GET,357630224990375,357630224991127
6,120837,GET,357630224993622,357630224995497
6,127242,GET,357630224995647,357630224996579
6,120326,GET,357630224997311,357630224998303
7,263,PUT,357630223676153,357630223676995
7,519,PUT,357630223677826,357630223678057
7,775,PUT,357630223678267,357630223678458
7,1031,PUT,357630223678608,357630223678799
7,1287,PUT,357630223678949,357630223679139
7,1543,PUT,357630223679290,357630223679480
7,1799,PUT,357630223679631,357630223679821
7,2055,PUT,357630223680112,357630223680312
7,2311,PUT,357630223680453,357630223680653
7,2567,PUT,357630223680793,357630223680994
7,2823,PUT,357630223681134,357630223681335
7,3079,PUT,357630223681475,357630223681675
7,3335,PUT,357630223681816,357630223682016
7,3591,PUT,357630223682156,357630223682357
7,3847,PUT,357630223682497,357630223682698
7,4103,PUT,357630223682978,357630223683179
7,4359,PUT,357630223683319,357630223683520
7,4615,PUT,357630223683660,357630223683860
7,4871,PUT,357630223684001,357630223684201
7,5127,PUT,357630223684342,357630223684542
7,5383,PUT,357630223684682,357630223684883
7,5639,PUT,357630223685023,357630223685224
7,5895,PUT,357630223685364,357630223685564
7,6151,PUT,357630223685855,357630223686056
7,6407,PUT,357630223686196,357630223686396
7,6663,PUT,357630223686537,357630223686737
7,6919,PUT,357630223686877,357630223687078
7,7175,PUT,357630223687218,357630223687419
7,7431,PUT,357630223687559,357630223687760
7,7687,PUT,357630223687900,357630223688100
7,7943,PUT,357630223688241,357630223688441
7,8199,PUT,357630223688722,357630223688922
7,8455,PUT,357630223689063,357630223689263
7,8711,PUT,357630223689403,357630223689604
7,8967,PUT,357630223689744,357630223689945
7,9223,PUT,357630223690085,357630223690285
7,9479,PUT,357630223690426,357630223690626
7,9735,PUT,357630223690766,357630223690967
7,9991,PUT,357630223691107,357630223691308
7,10247,PUT,357630223691588,357630223691789
7,10503,PUT,357630223691929,357630223692130
7,10759,PUT,357630223692270,357630223692470
7,11015,PUT,357630223692611,357630223692811
7,11271,PUT,357630223692952,357630223693152
7,11527,PUT,357630223693292,357630223693493
7,11783,PUT,357630223693633,357630223693834
7,12039,PUT,357630223693974,357630223694174
7,12295,PUT,357630223694475,357630223694676
7,12551,PUT,357630223694816,357630223695016
7,12807,PUT,357630223695157,357630223695357
7,13063,PUT,357630223695497,357630223695698
7,13319,PUT,357630223695838,357630223696039
7,13575,PUT,357630223696179,357630223696380
7,13831,PUT,357630223696520,357630223696720
7,14087,PUT,357630223696861,357630223697061
7,14343,PUT,357630223697352,357630223697542
7,14599,PUT,357630223697693,357630223697883
7,14855,PUT,357630223698033,357630223698224
7,15111,PUT,357630223698374,357630223698565
7,15367,PUT,357630223698715,357630223698905
7,15623,PUT,357630223699056,357630223699246
7,15879,PUT,357630223699397,357630223699587
7,16135,PUT,357630223699737,357630223699928
7,16391,PUT,357630223700228,357630223700429
7,16647,PUT,357630223917974,357630223918616
7,16903,PUT,357630223921432,357630223921823
7,17159,PUT,357630223922114,357630223922404
7,17415,PUT,357630223925171,357630223925391
7,17671,PUT,357630223925672,357630223926133
7,17927,PUT,357630223926394,357630223926745
7,18183,PUT,357630223927005,357630223927296
7,18439,PUT,357630223927556,357630223927887
7,18695,PUT,357630223929531,357630223929822
7,18951,PUT,357630223930082,357630223930443
7,19207,PUT,357630223931836,357630223932197
7,19463,PUT,357630223933701,357630223934152
7,19719,PUT,357630223934422,357630223934783
7,19975,PUT,357630223940537,357630223940938
7,20231,PUT,357630223941218,357630223941509
7,20487,PUT,357630223941769,357630223942431
7,20743,PUT,357630223943824,357630223944125
7,20999,PUT,357630223944375,357630223944666
7,21255,PUT,357630223948525,357630223948816
7,21511,PUT,357630223950550,357630223950841
7,21767,PUT,357630223951121,357630223951422
7,22023,PUT,357630223951672,357630223951983
7,22279,PUT,357630223952244,357630223952534
7,22535,PUT,357630223952795,357630223953086
7,22791,PUT,357630223953346,357630223953667
7,23047,PUT,357630223955110,357630223955461
7,23303,PUT,357630223957927,357630223958248
7,23559,PUT,357630223958518,357630223958809
7,23815,PUT,357630223961044,357630223961345
7,24071,PUT,357630223962478,357630223962768
7,24327,PUT,357630223964141,357630223964492
7,24583,PUT,357630223964773,357630223965064
7,24839,PUT,357630223970296,357630223970586
7,25095,PUT,357630223972220,357630223972511
7,25351,PUT,357630223979347,357630223979667
7,25607,PUT,357630223979948,357630223980239
7,25863,PUT,357630223981652,357630223981943
7,26119,PUT,357630223982213,357630223982544
7,26375,PUT,357630223982815,357630223983105
7,26631,PUT,357630223983366,357630223983667
7,26887,PUT,357630223983947,357630223984258
7,27143,PUT,357630223984519,357630223984950
7,27399,PUT,357630223987245,357630223987536
7,27655,PUT,357630223987796,357630223988097
7,27911,PUT,357630223988348,357630223988638
7,28167,PUT,357630223992247,357630223992587
7,28423,PUT,357630223994412,357630223994793
7,28679,PUT,357630223995073,357630223995364
7,28935,PUT,357630223996928,357630223997238
7,29191,PUT,357630223998321,357630223998692
7,29447,PUT,357630223998962,357630223999253
7,29703,PUT,357630223999534,357630223999824
7,29959,PUT,357630224000075,357630224022106
7,30215,PUT,357630224023429,357630224023780
7,30471,PUT,357630224024091,357630224024451
7,30727,PUT,357630224025514,357630224025865
7,30983,PUT,357630224031207,357630224031518
7,31239,PUT,357630224031789,357630224032169
7,31495,PUT,357630224033222,357630224033523
7,31751,PUT,357630224033793,357630224034084
7,32007,PUT,357630224034344,357630224034645
7,32263,PUT,357630224040198,357630224040489
7,32519,PUT,357630224041712,357630224042002
7,32775,PUT,357630224043806,357630224044097
7,33031,PUT,357630224068554,357630224069075
7,33287,PUT,357630224069516,357630224069827
7,33543,PUT,357630224070108,357630224070378
7,33799,PUT,357630224070639,357630224070929
7,34055,PUT,357630224072764,357630224073135
7,34311,PUT,357630224075520,357630224075841
7,34567,PUT,357630224076121,357630224076412
7,34823,PUT,357630224076673,357630224077004
7,35079,PUT,357630224079660,357630224079950
7,35335,PUT,357630224081484,357630224081785
7,35591,PUT,357630224085784,357630224086075
7,35847,PUT,357630224086335,357630224086626
7,36103,PUT,357630224086886,357630224087227
7,36359,PUT,357630224087498,357630224087879
7,36615,PUT,357630224089031,357630224089342
7,36871,PUT,357630224089593,357630224089893
7,37127,PUT,357630224090144,357630224090485
7,37383,PUT,357630224090745,357630224091046
7,37639,PUT,357630224092640,357630224092931
7,37895,PUT,357630224093191,357630224093482
7,38151,PUT,357630224093742,357630224094033
7,38407,PUT,357630224095727,357630224096038
7,38663,PUT,357630224098082,357630224098353
7,38919,PUT,357630224100117,357630224100478
7,39175,PUT,357630224100759,357630224101240
7,39431,PUT,357630224103575,357630224103936
7,39687,PUT,357630224108316,357630224108617
7,39943,PUT,357630224109619,357630224109990
7,40199,PUT,357630224112726,357630224113087
7,40455,PUT,357630224113368,357630224113669
7,40711,PUT,357630224113939,357630224114230
7,40967,PUT,357630224114491,357630224114831
7,41223,PUT,357630224115102,357630224115423
7,41479,PUT,357630224115673,357630224115964
7,41735,PUT,357630224116215,357630224116515
7,41991,PUT,357630224116776,357630224117067
7,42247,PUT,357630224121918,357630224122229
7,42503,PUT,357630224122509,357630224122800
7,42759,PUT,357630224124965,357630224125256
7,43015,PUT,357630224125526,357630224125817
7,43271,PUT,357630224129696,357630224130057
7,43527,PUT,357630224130337,357630224130628
7,43783,PUT,357630224133415,357630224133705
7,44039,PUT,357630224136983,357630224137284
7,44295,PUT,357630224138597,357630224138887
7,44551,PUT,357630224139158,357630224139449
7,44807,PUT,357630224139709,357630224140000
7,45063,PUT,357630224142365,357630224142676
7,45319,PUT,357630224142947,357630224143257
7,45575,PUT,357630224143518,357630224143739
7,45831,PUT,357630224148329,357630224148941
7,46087,PUT,357630224149211,357630224149793
7,46343,PUT,357630224151116,357630224151416
7,46599,PUT,357630224152830,357630224153120
7,46855,PUT,357630224154744,357630224155035
7,47111,PUT,357630224157701,357630224158032
7,47367,PUT,357630224160237,357630224160608
7,47623,PUT,357630224165349,357630224165649
7,47879,PUT,357630224165920,357630224166241
7,48135,PUT,357630224166521,357630224166812
7,48391,PUT,357630224167073,357630224167383
7,48647,PUT,357630224167644,357630224167975
7,48903,PUT,357630224170541,357630224170831
7,49159,PUT,357630224172966,357630224173267
7,49415,PUT,357630224173538,357630224173838
7,49671,PUT,357630224174099,357630224174400
7,49927,PUT,357630224175392,357630224175763
7,50183,PUT,357630224183040,357630224197353
7,50439,PUT,357630224199237,357630224199568
7,50695,PUT,357630224199839,357630224200270
7,50951,PUT,357630224200530,357630224200841
7,51207,PUT,357630224201002,357630224201292
7,51463,PUT,357630224202345,357630224202705
7,51719,PUT,357630224202966,357630224203297
7,51975,PUT,357630224204339,357630224204570
7,52231,PUT,357630224204820,357630224205131
7,52487,PUT,357630224207126,357630224207446
7,52743,PUT,357630224209321,357630224209672
7,52999,PUT,357630224209952,357630224210343
7,53255,PUT,357630224210504,357630224210814
7,53511,PUT,357630224211767,357630224212057
7,53767,PUT,357630224213160,357630224213450
7,54023,PUT,357630224213721,357630224214022
7,54279,PUT,357630224218542,357630224218833
7,54535,PUT,357630224219104,357630224219464
7,54791,PUT,357630224219735,357630224220036
7,55047,PUT,357630224220306,357630224220627
7,55303,PUT,357630224224586,357630224224857
7,55559,PUT,357630224225138,357630224225428
7,55815,PUT,357630224225679,357630224225990
7,56071,PUT,357630224226250,357630224226571
7,56327,PUT,357630224228926,357630224229217
7,56583,PUT,357630224231212,357630224231532
7,56839,PUT,357630224235552,357630224235832
7,57095,PUT,357630224236113,357630224236404
7,57351,PUT,357630224236684,357630224236975
7,57607,PUT,357630224240483,357630224240904
7,57863,PUT,357630224242338,357630224242628
7,58119,PUT,357630224244693,357630224244984
7,58375,PUT,357630224249324,357630224249685
7,58631,PUT,357630224253975,357630224254265
7,58887,PUT,357630224258034,357630224258325
7,59143,PUT,357630224258505,357630224258826
7,59399,PUT,357630224263767,357630224264058
7,59655,PUT,357630224266023,357630224266313
7,59911,PUT,357630224268228,357630224268518
7,60167,PUT,357630224269902,357630224270192
7,60423,PUT,357630224270463,357630224270754
7,60679,PUT,357630224271034,357630224271325
7,60935,PUT,357630224273029,357630224273249
7,61191,PUT,357630224274643,357630224274933
7,61447,PUT,357630224277018,357630224277309
7,61703,PUT,357630224277479,357630224277770
7,61959,PUT,357630224280366,357630224280677
7,62215,PUT,357630224282691,357630224282982
7,62471,PUT,357630224284656,357630224284987
7,62727,PUT,357630224286169,357630224286460
7,62983,PUT,357630224286630,357630224286921
7,63239,PUT,357630224287202,357630224287603
7,63495,PUT,357630224288575,357630224288906
7,63751,PUT,357630224289176,357630224289467
7,64007,PUT,357630224291041,357630224291331
7,64263,PUT,357630224291602,357630224291893
7,64519,PUT,357630224292143,357630224292434
7,64775,PUT,357630224300432,357630224300723
7,65031,PUT,357630224302046,357630224302297
7,65287,PUT,357630224302587,357630224302898
7,65543,PUT,357630224304291,357630224304582
7,65799,PUT,357630224305925,357630224306216
7,66055,PUT,357630224306497,357630224306897
7,66311,PUT,357630224307168,357630224307459
7,66567,PUT,357630224314846,357630224315127
7,66823,PUT,357630224315327,357630224315618
7,67079,PUT,357630224316800,357630224317101
7,67335,PUT,357630224317993,357630224318294
7,67591,PUT,357630224318575,357630224318865
7,67847,PUT,357630224319136,357630224319497
7,68103,PUT,357630224320399,357630224320619
7,68359,PUT,357630224320830,357630224321191
7,68615,PUT,357630224322413,357630224322734
7,68871,PUT,357630224322985,357630224323275
7,69127,PUT,357630224324218,357630224324518
7,69383,PUT,357630224324679,357630224324969
7,69639,PUT,357630224325952,357630224326242
7,69895,PUT,357630224341658,357630224342189
7,70151,PUT,357630224342610,357630224342961
7,70407,PUT,357630224344655,357630224344946
7,70663,PUT,357630224345216,357630224345507
7,70919,PUT,357630224345778,357630224346109
7,71175,PUT,357630224347512,357630224347812
7,71431,PUT,357630224348063,357630224348364
7,71687,PUT,357630224351681,357630224351992
7,71943,PUT,357630224352874,357630224353165
7,72199,PUT,357630224354197,357630224354498
7,72455,PUT,357630224361374,357630224361665
7,72711,PUT,357630224361945,357630224362246
7,72967,PUT,357630224363469,357630224363760
7,73223,PUT,357630224367438,357630224367729
7,73479,PUT,357630224367999,357630224368290
7,73735,PUT,357630224368581,357630224368871
7,73991,PUT,357630224373432,357630224373763
7,74247,PUT,357630224375076,357630224375366
7,74503,PUT,357630224379817,357630224380158
7,74759,PUT,357630224384979,357630224385280
7,75015,PUT,357630224387384,357630224387675
7,75271,PUT,357630224387946,357630224388236
7,75527,PUT,357630224389750,357630224390061
7,75783,PUT,357630224390341,357630224390632
7,76039,PUT,357630224390883,357630224391213
7,76295,PUT,357630224391464,357630224391755
7,76551,PUT,357630224394250,357630224394541
7,76807,PUT,357630224394792,357630224395092
7,77063,PUT,357630224397157,357630224397468
7,77319,PUT,357630224397758,357630224398139
7,77575,PUT,357630224399843,357630224400134
7,77831,PUT,357630224401637,357630224401928
7,78087,PUT,357630224402199,357630224402489
7,78343,PUT,357630224403392,357630224403682
7,78599,PUT,357630224403953,357630224404264
7,78855,PUT,357630224405306,357630224405597
7,79111,PUT,357630224405867,357630224406198
7,79367,PUT,357630224408203,357630224408493
7,79623,PUT,357630224408764,357630224409065
7,79879,PUT,357630224410518,357630224410829
7,80135,PUT,357630224411099,357630224411390
7,80391,PUT,357630224411681,357630224411971
7,80647,PUT,357630224412242,357630224412533
7,80903,PUT,357630224412793,357630224413084
7,81159,PUT,357630224413335,357630224413625
7,81415,PUT,357630224415009,357630224415309
7,81671,PUT,357630224417715,357630224418006
7,81927,PUT,357630224421193,357630224421484
7,82183,PUT,357630224427878,357630224428169
7,82439,PUT,357630224428450,357630224428740
7,82695,PUT,357630224433953,357630224434303
7,82951,PUT,357630224440778,357630224441069
7,83207,PUT,357630224443555,357630224443856
7,83463,PUT,357630224449579,357630224449870
7,83719,PUT,357630224455773,357630224456064
7,83975,PUT,357630224456335,357630224456625
7,84231,PUT,357630224457718,357630224458189
7,84487,PUT,357630224458480,357630224458770
7,84743,PUT,357630224459041,357630224459331
7,84999,PUT,357630224459592,357630224459913
7,85255,PUT,357630224460173,357630224460484
7,85511,PUT,357630224460765,357630224461166
7,85767,PUT,357630224464113,357630224464403
7,86023,PUT,357630224467751,357630224468042
7,86279,PUT,357630224470167,357630224470467
7,86535,PUT,357630224470748,357630224471049
7,86791,PUT,357630224471319,357630224471610
7,87047,PUT,357630224487898,357630224488369
7,87303,PUT,357630224488850,357630224489141
7,87559,PUT,357630224489401,357630224489752
7,87815,PUT,357630224490013,357630224490303
7,88071,PUT,357630224494132,357630224494433
7,88327,PUT,357630224499866,357630224500156
7,88583,PUT,357630224501119,357630224501349
7,88839,PUT,357630224501630,357630224502001
7,89095,PUT,357630224502271,357630224502602
7,89351,PUT,357630224502863,357630224503163
7,89607,PUT,357630224503424,357630224503765
7,89863,PUT,357630224504025,357630224504376
7,90119,PUT,357630224505469,357630224505759
7,90375,PUT,357630224506020,357630224506321
7,90631,PUT,357630224506581,357630224506882
7,90887,PUT,357630224507143,357630224507443
7,91143,PUT,357630224507704,357630224507995
7,91399,PUT,357630224509388,357630224509859
7,91655,PUT,357630224511553,357630224511843
7,91911,PUT,357630224512114,357630224512405
7,92167,PUT,357630224512665,357630224512956
7,92423,PUT,357630224513247,357630224513537
7,92679,PUT,357630224513788,357630224514079
7,92935,PUT,357630224514339,357630224514630
7,93191,PUT,357630224514881,357630224515261
7,93447,PUT,357630224515522,357630224515813
7,93703,PUT,357630224517086,357630224517386
7,93959,PUT,357630224517637,357630224517978
7,94215,PUT,357630224518258,357630224518559
7,94471,PUT,357630224518810,357630224519120
7,94727,PUT,357630224521115,357630224521416
7,94983,PUT,357630224525114,357630224525405
7,95239,PUT,357630224528031,357630224528272
7,95495,PUT,357630224528542,357630224528813
7,95751,PUT,357630224529094,357630224529384
7,96007,PUT,357630224531890,357630224532211
7,96263,PUT,357630224533784,357630224534075
7,96519,PUT,357630224535438,357630224535739
7,96775,PUT,357630224536010,357630224536310
7,97031,PUT,357630224536581,357630224536872
7,97287,PUT,357630224537132,357630224537423
7,97543,PUT,357630224540911,357630224541312
7,97799,PUT,357630224544790,357630224545091
7,98055,PUT,357630224547607,357630224547907
7,98311,PUT,357630224551876,357630224552227
7,98567,PUT,357630224553480,357630224553841
7,98823,PUT,357630224555004,357630224555344
7,99079,PUT,357630224555625,357630224555966
7,99335,PUT,357630224557760,357630224558051
7,99591,PUT,357630224559454,357630224559745
7,99847,PUT,357630224560015,357630224560306
7,100103,PUT,357630224560587,357630224560937
7,100359,PUT,357630224561198,357630224561489
7,100615,PUT,357630224563704,357630224564035
7,100871,PUT,357630224564937,357630224565237
7,101127,PUT,357630224566480,357630224566781
7,101383,PUT,357630224569347,357630224569638
7,101639,PUT,357630224572855,357630224573216
7,101895,PUT,357630224573487,357630224573777
7,102151,PUT,357630224574048,357630224574339
7,102407,PUT,357630224574589,357630224574880
7,102663,PUT,357630224577356,357630224577777
7,102919,PUT,357630224580413,357630224580743
7,103175,PUT,357630224581024,357630224581305
7,103431,PUT,357630224588702,357630224589053
7,103687,PUT,357630224593142,357630224593533
7,103943,PUT,357630224593814,357630224594115
7,104199,PUT,357630224595919,357630224596239
7,104455,PUT,357630224596500,357630224596841
7,104711,PUT,357630224603526,357630224603817
7,104967,PUT,357630224604078,357630224604368
7,105223,PUT,357630224607516,357630224607806
7,105479,PUT,357630224608077,357630224608368
7,105735,PUT,357630224609851,357630224610202
7,105991,PUT,357630224627582,357630224628284
7,106247,PUT,357630224628755,357630224629046
7,106503,PUT,357630224629336,357630224629627
7,106759,PUT,357630224629878,357630224630178
7,107015,PUT,357630224630970,357630224631261
7,107271,PUT,357630224631521,357630224631882
7,107527,PUT,357630224632153,357630224632544
7,107783,PUT,357630224633887,357630224634238
7,108039,PUT,357630224634498,357630224634869
7,108295,PUT,357630224642086,357630224642437
7,108551,PUT,357630224644923,357630224645213
7,108807,PUT,357630224646206,357630224646516
7,109063,PUT,357630224649022,357630224649373
7,109319,PUT,357630224657161,357630224657442
7,109575,PUT,357630224658815,357630224659126
7,109831,PUT,357630224659406,357630224659777
7,110087,PUT,357630224661421,357630224661712
7,110343,PUT,357630224661982,357630224662283
7,110599,PUT,357630224662553,357630224662844
7,110855,PUT,357630224663105,357630224663395
7,111111,PUT,357630224666242,357630224666583
7,111367,PUT,357630224666843,357630224667184
7,111623,PUT,357630224667455,357630224667756
7,111879,PUT,357630224668016,357630224668357
7,112135,PUT,357630224669710,357630224670001
7,112391,PUT,357630224670251,357630224670542
7,112647,PUT,357630224670803,357630224671093
7,112903,PUT,357630224671354,357630224671645
7,113159,PUT,357630224671895,357630224672236
7,113415,PUT,357630224675674,357630224675985
7,113671,PUT,357630224676255,357630224676616
7,113927,PUT,357630224676867,357630224677338
7,114183,PUT,357630224678711,357630224679002
7,114439,PUT,357630224682841,357630224683161
7,114695,PUT,357630224683442,357630224683733
7,114951,PUT,357630224684013,357630224684304
7,115207,PUT,357630224684555,357630224684775
7,115463,PUT,357630224689215,357630224689526
7,115719,PUT,357630224689797,357630224690158
7,115975,PUT,357630224692262,357630224692603
7,116231,PUT,357630224701534,357630224701825
7,116487,PUT,357630224705804,357630224706095
7,116743,PUT,357630224707157,357630224707468
7,116999,PUT,357630224707738,357630224708029
7,117255,PUT,357630224711006,357630224711297
7,117511,PUT,357630224714103,357630224714384
7,117767,PUT,357630224717852,357630224718153
7,118023,PUT,357630224718423,357630224718724
7,118279,PUT,357630224719897,357630224720197
7,118535,PUT,357630224721621,357630224721911
7,118791,PUT,357630224723856,357630224724237
7,119047,PUT,357630224726231,357630224726512
7,119303,PUT,357630224730602,357630224730892
7,119559,PUT,357630224731163,357630224731464
7,119815,PUT,357630224731724,357630224732015
7,120071,PUT,357630224732275,357630224732566
7,120327,PUT,357630224735543,357630224735854
7,120583,PUT,357630224736104,357630224736435
7,120839,PUT,357630224739222,357630224739512
7,121095,PUT,357630224741547,357630224741938
7,121351,PUT,357630224742218,357630224742509
7,121607,PUT,357630224747902,357630224748242
7,121863,PUT,357630224748513,357630224748864
7,122119,PUT,357630224749145,357630224749475
7,122375,PUT,357630224755028,357630224755329
7,122631,PUT,357630224755610,357630224755910
7,122887,PUT,357630224758256,357630224758576
7,123143,PUT,357630224760030,357630224760331
7,123399,PUT,357630224762315,357630224762606
7,123655,PUT,357630224762876,357630224763157
7,123911,PUT,357630224763408,357630224763718
7,124167,PUT,357630224763979,357630224764270
7,124423,PUT,357630224767437,357630224767818
7,124679,PUT,357630224768109,357630224768770
7,124935,PUT,357630224787053,357630224787494
7,125191,PUT,357630224788997,357630224789358
7,125447,PUT,357630224792746,357630224793057
7,125703,PUT,357630224793327,357630224793688
7,125959,PUT,357630224793959,357630224794249
7,126215,PUT,357630224794500,357630224794851
7,126471,PUT,357630224795923,357630224796224
7,126727,PUT,357630224797397,357630224797677
7,126983,PUT,357630224797948,357630224798329
7,127239,PUT,357630224799842,357630224800133
7,127495,PUT,357630224806859,357630224807149
7,127751,PUT,357630224807420,357630224807701
7,128007,PUT,357630224807971,357630224808282
7,128263,PUT,357630224810748,357630224811038
7,128519,PUT,357630224812672,357630224813093
7,128775,PUT,357630224813364,357630224813705
7,129031,PUT,357630224813985,357630224814296
7,129287,PUT,357630224814567,357630224814857
7,129543,PUT,357630224815118,357630224815439
7,129799,PUT,357630224815699,357630224815990
7,130055,PUT,357630224816250,357630224816541
7,130311,PUT,357630224816812,357630224817092
7,130567,PUT,357630224819207,357630224819508
7,130823,PUT,357630224819769,357630224820089
7,131079,PUT,357630224823287,357630224823587
7,131335,PUT,357630224825251,357630224825552
7,131591,PUT,357630224827607,357630224827928
7,131847,PUT,357630224828208,357630224828499
7,132103,PUT,357630224830123,357630224830413
7,132359,PUT,357630224831997,357630224832288
7,132615,PUT,357630224833701,357630224833992
7,132871,PUT,357630224834262,357630224834543
7,133127,PUT,357630224835886,357630224836197
7,133383,PUT,357630224841920,357630224842211
7,133639,PUT,357630224844747,357630224845148
7,133895,PUT,357630224846280,357630224846581
7,134151,PUT,357630224847864,357630224848195
7,134407,PUT,357630224848475,357630224848766
7,134663,PUT,357630224850300,357630224850610
7,134919,PUT,357630224852455,357630224852745
7,135175,PUT,357630224857546,357630224857837
7,135431,PUT,357630224858108,357630224858308
7,135687,PUT,357630224860423,357630224860724
7,135943,PUT,357630224865806,357630224866066
7,136199,PUT,357630224870106,357630224870396
7,136455,PUT,357630224872331,357630224872621
7,136711,PUT,357630224872892,357630224873183
7,136967,PUT,357630224875779,357630224876079
7,137223,PUT,357630224877703,357630224878034
7,137479,PUT,357630224878305,357630224878595
7,137735,PUT,357630224881251,357630224881552
7,137991,PUT,357630224884238,357630224884539
7,138247,PUT,357630224884810,357630224885171
7,138503,PUT,357630224885451,357630224885812
7,138759,PUT,357630224890543,357630224890834
7,139015,PUT,357630224891094,357630224891445
7,139271,PUT,357630224892498,357630224892778
7,139527,PUT,357630224893961,357630224894252
7,139783,PUT,357630224895314,357630224895605
7,140039,PUT,357630224895885,357630224896186
7,140295,PUT,357630224896457,357630224896858
7,140551,PUT,357630224897790,357630224898171
7,140807,PUT,357630224899855,357630224900145
7,141063,PUT,357630224901970,357630224902260
7,141319,PUT,357630224902531,357630224902862
7,141575,PUT,357630224903884,357630224904195
7,141831,PUT,357630224905157,357630224905468
7,142087,PUT,357630224905738,357630224906029
7,142343,PUT,357630224907703,357630224907994
7,142599,PUT,357630224909256,357630224909547
7,142855,PUT,357630224909818,357630224910088
7,143111,PUT,357630224910369,357630224910660
7,143367,PUT,357630224911702,357630224911983
7,143623,PUT,357630224912253,357630224912544
7,143879,PUT,357630224912805,357630224913496
7,144135,PUT,357630224913757,357630224914178
7,144391,PUT,357630224914449,357630224914990
7,144647,PUT,357630224915290,357630224915852
7,144903,PUT,357630224916112,357630224930235
7,145159,PUT,357630224930706,357630224931047
7,145415,PUT,357630224931298,357630224931658
7,145671,PUT,357630224931919,357630224932220
7,145927,PUT,357630224933803,357630224934234
7,146183,PUT,357630224935137,357630224935417
7,146439,PUT,357630224935698,357630224935999
7,146695,PUT,357630224936259,357630224936740
7,146951,PUT,357630224937011,357630224937312
7,147207,PUT,357630224938524,357630224938845
7,147463,PUT,357630224939888,357630224940108
7,147719,PUT,357630224943496,357630224943807
7,147975,PUT,357630224944077,357630224944368
7,148231,PUT,357630224944649,357630224944939
7,148487,PUT,357630224945190,357630224945511
7,148743,PUT,357630224946653,357630224946944
7,148999,PUT,357630224948357,357630224948648
7,149255,PUT,357630224949400,357630224949630
7,149511,PUT,357630224949901,357630224950192
7,149767,PUT,357630224954552,357630224954842
7,150023,PUT,357630224955113,357630224955434
7,150279,PUT,357630224959092,357630224959433
7,150535,PUT,357630224959704,357630224960034
7,150791,PUT,357630224960305,357630224960596
7,151047,PUT,357630224962370,357630224962670
7,151303,PUT,357630224962931,357630224963222
7,151559,PUT,357630224964324,357630224964635
7,151815,PUT,357630224966088,357630224966379
7,152071,PUT,357630224969857,357630224970188
7,152327,PUT,357630224971441,357630224971681
7,152583,PUT,357630224976422,357630224976643
7,152839,PUT,357630224976863,357630224977154
7,153095,PUT,357630224977495,357630224977796
7,153351,PUT,357630224978056,357630224978247
7,153607,PUT,357630224978407,357630224978718
7,153863,PUT,357630224978878,357630224979169
7,154119,PUT,357630224980722,357630224981204
7,154375,PUT,357630224989242,357630224989533
7,154631,PUT,357630224989814,357630224990154
7,154887,PUT,357630224990425,357630224990786
7,155143,PUT,357630224991056,357630224991357
7,155399,PUT,357630224992911,357630224993201
7,155655,PUT,357630224993452,357630224993843
7,155911,PUT,357630224994114,357630224994464
7,156167,PUT,357630224994725,357630224995066
7,10500,GET,357630223919087,357630223921001
7,14340,GET,357630223922665,357630223923216
7,15876,GET,357630223923367,357630223924028
7,1285,GET,357630223924159,357630223925021
7,9221,GET,357630223928148,357630223929401
7,14341,GET,357630223930734,357630223931696
7,1027,GET,357630223932468,357630223933550
7,5891,GET,357630223935054,357630223935565
7,8195,GET,357630223935725,357630223936718
7,11779,GET,357630223936848,357630223938632
7,13571,GET,357630223938762,357630223940386
7,6658,GET,357630223942702,357630223943694
7,11778,GET,357630223944937,357630223945759
7,14082,GET,357630223945909,357630223946972
7,776,GET,357630223947102,357630223948365
7,4360,GET,357630223949066,357630223950389
7,12808,GET,357630223953948,357630223954970
7,777,GET,357630223955742,357630223957015
7,2569,GET,357630223957175,357630223957777
7,5897,GET,357630223959080,357630223959741
7,8713,GET,357630223959892,357630223960894
7,11017,GET,357630223961616,357630223962327
7,14857,GET,357630223963019,357630223964011
7,2822,GET,357630223965324,357630223966246
7,5126,GET,357630223966397,357630223967379
7,8710,GET,357630223967529,357630223969113
7,10758,GET,357630223969253,357630223970145
7,15110,GET,357630223970837,357630223972070
7,3850,GET,357630223972771,357630223974556
7,6922,GET,357630223974706,357630223975909
7,8714,GET,357630223976039,357630223976881
7,11786,GET,357630223977011,357630223978374
7,13578,GET,357630223978515,357630223979196
7,1806,GET,357630223980499,357630223981512
7,11278,GET,357630223985230,357630223986333
7,12558,GET,357630223986483,357630223987095
7,1292,GET,357630223988919,357630223989460
7,2572,GET,357630223989611,357630223990212
7,6668,GET,357630223990362,357630223992096
7,11532,GET,357630223992838,357630223994261
7,15884,GET,357630223995635,357630223996797
7,1793,GET,357630223997489,357630223998190
7,9729,GET,357630224022597,357630224023239
7,13057,GET,357630224024722,357630224025374
7,523,GET,357630224026135,357630224026857
7,2059,GET,357630224027007,357630224028481
7,3083,GET,357630224028631,357630224029293
7,6923,GET,357630224029423,357630224031057
7,10507,GET,357630224032430,357630224033071
7,263,GET,357630224034916,357630224035708
7,1799,GET,357630224035858,357630224036670
7,3591,GET,357630224036800,357630224037712
7,5383,GET,357630224037843,357630224038895
7,7943,GET,357630224039035,357630224040048
7,10503,GET,357630224040749,357630224041551
7,14599,GET,357630224042263,357630224043666
7,2048,GET,357630224044358,357630224045430
7,4352,GET,357630224045581,357630224046693
7,17154,GET,357630224072142,357630224072593
7,18434,GET,357630224073405,357630224074187
7,17921,GET,357630224074337,357630224075390
7,17934,GET,357630224077294,357630224078397
7,17167,GET,357630224078547,357630224079519
7,19713,GET,357630224080221,357630224081344
7,18697,GET,357630224082045,357630224083278
7,16900,GET,357630224083428,357630224084040
7,17411,GET,357630224084190,357630224085634
7,22274,GET,357630224088149,357630224088891
7,21505,GET,357630224091317,357630224092510
7,23042,GET,357630224094314,357630224095597
7,22785,GET,357630224096318,357630224097942
7,19715,GET,357630224098604,357630224099987
7,22030,GET,357630224101500,357630224102022
7,17160,GET,357630224102172,357630224103435
7,18184,GET,357630224104187,357630224105329
7,18699,GET,357630224105480,357630224106783
7,23567,GET,357630224106933,357630224108166
7,21509,GET,357630224108878,357630224109469
7,21251,GET,357630224110251,357630224111504
7,24838,GET,357630224111654,357630224112586
7,23045,GET,357630224117337,357630224118149
7,25358,GET,357630224118299,357630224119292
7,21258,GET,357630224119432,357630224121757
7,27404,GET,357630224123071,357630224124073
7,27660,GET,357630224124203,357630224124815
7,27649,GET,357630224126088,357630224126859
7,24067,GET,357630224126990,357630224129546
7,17920,GET,357630224130899,357630224132412
7,23817,GET,357630224132543,357630224133264
7,28428,GET,357630224133966,357630224135018
7,27397,GET,357630224135149,357630224136832
7,29441,GET,357630224137534,357630224138436
7,29698,GET,357630224140270,357630224141132
7,29196,GET,357630224141283,357630224142225
7,25867,GET,357630224144019,357630224145192
7,26630,GET,357630224145342,357630224146315
7,26891,GET,357630224146465,357630224147307
7,29710,GET,357630224147437,357630224148179
7,31745,GET,357630224150073,357630224150965
7,28943,GET,357630224151687,357630224152689
7,27910,GET,357630224153371,357630224154604
7,16653,GET,357630224155295,357630224155887
7,30988,GET,357630224156037,357630224157571
7,32770,GET,357630224158302,357630224159154
7,32513,GET,357630224159305,357630224160097
7,26887,GET,357630224160858,357630224161750
7,28939,GET,357630224161901,357630224165208
7,32782,GET,357630224168245,357630224170400
7,33538,GET,357630224171102,357630224171834
7,33794,GET,357630224171984,357630224172836
7,34306,GET,357630224174670,357630224175262
7,24832,GET,357630224176044,357630224176485
7,29447,GET,357630224176635,357630224177687
7,25344,GET,357630224177838,357630224179572
7,25856,GET,357630224179712,357630224180414
7,30471,GET,357630224180544,357630224182037
7,31236,GET,357630224182168,357630224182879
7,31755,GET,357630224197854,357630224198436
7,21261,GET,357630224198686,357630224199037
7,29699,GET,357630224201573,357630224202194
7,33545,GET,357630224203477,357630224204199
7,34057,GET,357630224205402,357630224206153
7,37889,GET,357630224206304,357630224206965
7,35074,GET,357630224207727,357630224208238
7,35586,GET,357630224208409,357630224209140
7,30464,GET,357630224211085,357630224211626
7,26888,GET,357630224212328,357630224213029
7,38913,GET,357630224214292,357630224215114
7,34319,GET,357630224216698,357630224217400
7,38146,GET,357630224217540,357630224218392
7,32003,GET,357630224220898,357630224221499
7,33802,GET,357630224221649,357630224222291
7,35598,GET,357630224222421,357630224223694
7,33543,GET,357630224223835,357630224224426
7,24589,GET,357630224226832,357630224227413
7,36622,GET,357630224227563,357630224228776
7,34564,GET,357630224229488,357630224230350
7,34823,GET,357630224230500,357630224231061
7,36623,GET,357630224231793,357630224232545
7,37646,GET,357630224232695,357630224234449
7,37647,GET,357630224234579,357630224235391
7,29192,GET,357630224237256,357630224240353
7,38924,GET,357630224241185,357630224242197
7,26893,GET,357630224242879,357630224244553
7,36870,GET,357630224245234,357630224246497
7,37124,GET,357630224246648,357630224248101
7,38926,GET,357630224248251,357630224249173
7,28429,GET,357630224249955,357630224250537
7,40206,GET,357630224250687,357630224251940
7,40201,GET,357630224252080,357630224253092
7,37125,GET,357630224253223,357630224253824
7,36619,GET,357630224254526,357630224255117
7,31496,GET,357630224255258,357630224256220
7,39172,GET,357630224256350,357630224257874
7,41225,GET,357630224259076,357630224260219
7,38661,GET,357630224260369,357630224261933
7,41737,GET,357630224262063,357630224263607
7,44801,GET,357630224264309,357630224265872
7,36352,GET,357630224266564,357630224268097
7,41732,GET,357630224268679,357630224269751
7,33032,GET,357630224271605,357630224272888
7,39946,GET,357630224273430,357630224274512
7,35587,GET,357630224275184,357630224276878
7,40714,GET,357630224278020,357630224279133
7,42767,GET,357630224279283,357630224280226
7,43271,GET,357630224280927,357630224282561
7,50434,GET,357630224283142,357630224284525
7,44044,GET,357630224285247,357630224286029
7,41227,GET,357630224287883,357630224288435
7,37379,GET,357630224289738,357630224290900
7,42251,GET,357630224292704,357630224293396
7,46601,GET,357630224293546,357630224294920
7,50177,GET,357630224295070,357630224297155
7,45575,GET,357630224297285,357630224297967
7,39427,GET,357630224298107,357630224299450
7,52226,GET,357630224299590,357630224300272
7,47369,GET,357630224300984,357630224301896
7,33037,GET,357630224303179,357630224304161
7,45831,GET,357630224304843,357630224305795
7,44038,GET,357630224307729,357630224310295
7,44043,GET,357630224310456,357630224311047
7,45317,GET,357630224311197,357630224311929
7,47881,GET,357630224312059,357630224314696
7,41216,GET,357630224315888,357630224316640
7,46853,GET,357630224317282,357630224317863
7,46347,GET,357630224319667,357630224320269
7,35341,GET,357630224321461,357630224322273
7,36109,GET,357630224323556,357630224324077
7,56065,GET,357630224325230,357630224325811
7,50958,GET,357630224326423,357630224327375
7,42496,GET,357630224327525,357630224328027
7,46346,GET,357630224343222,357630224344475
7,53252,GET,357630224346389,357630224347381
7,52750,GET,357630224348634,357630224349366
7,37389,GET,357630224349516,357630224351551
7,47114,GET,357630224352253,357630224352734
7,43264,GET,357630224353426,357630224354067
7,43776,GET,357630224354749,357630224355280
7,47366,GET,357630224355430,357630224356653
7,47878,GET,357630224356803,357630224359780
7,51724,GET,357630224359911,357630224361224
7,38413,GET,357630224362517,357630224363318
7,50191,GET,357630224364010,357630224367298
7,50698,GET,357630224369142,357630224371888
7,45315,GET,357630224372039,357630224373302
7,54798,GET,357630224374013,357630224374946
7,52745,GET,357630224375627,357630224376249
7,56580,GET,357630224376399,357630224377151
7,53509,GET,357630224377301,357630224377952
7,53769,GET,357630224378083,357630224379666
7,51727,GET,357630224380418,357630224381390
7,46336,GET,357630224381521,357630224384037
7,46592,GET,357630224384167,357630224384828
7,52998,GET,357630224385540,357630224387234
7,47616,GET,357630224388507,357630224389610
7,59140,GET,357630224392025,357630224394110
7,55307,GET,357630224395353,357630224395984
7,55302,GET,357630224396135,357630224397017
7,48387,GET,357630224398410,357630224399703
7,53775,GET,357630224400395,357630224401497
7,55814,GET,357630224402750,357630224403251
7,57870,GET,357630224404514,357630224405166
7,58892,GET,357630224406459,357630224407331
7,58375,GET,357630224407481,357630224408072
7,50944,GET,357630224409315,357630224410388
7,59406,GET,357630224413896,357630224414878
7,55562,GET,357630224415580,357630224417585
7,66049,GET,357630224418256,357630224419138
7,58630,GET,357630224419288,357630224419920
7,58379,GET,357630224420070,357630224421043
7,56847,GET,357630224421744,357630224422416
7,53504,GET,357630224422566,357630224423238
7,47885,GET,357630224423368,357630224424100
7,66817,GET,357630224424240,357630224425343
7,59909,GET,357630224425473,357630224426395
7,57359,GET,357630224426525,357630224427728
7,61445,GET,357630224429001,357630224429683
7,52739,GET,357630224429823,357630224431667
7,63748,GET,357630224431798,357630224432589
7,62213,GET,357630224432720,357630224433802
7,60937,GET,357630224434554,357630224435977
7,63246,GET,357630224436108,357630224437411
7,61708,GET,357630224437541,357630224438623
7,60427,GET,357630224438754,357630224439916
7,55296,GET,357630224440057,357630224440628
7,63495,GET,357630224441320,357630224443404
7,64007,GET,357630224444106,357630224445108
7,60939,GET,357630224445259,357630224446452
7,59914,GET,357630224446602,357630224448306
7,61451,GET,357630224448446,357630224449428
7,64524,GET,357630224450120,357630224451193
7,60431,GET,357630224451333,357630224452927
7,62731,GET,357630224453057,357630224454631
7,58112,GET,357630224454761,357630224455613
7,60943,GET,357630224456876,357630224457567
7,58880,GET,357630224461436,357630224462268
7,72193,GET,357630224462429,357630224463952
7,50189,GET,357630224464674,357630224465706
7,67342,GET,357630224465837,357630224466779
7,72705,GET,357630224466909,357630224467601
7,66823,GET,357630224468292,357630224470016
7,67335,GET,357630224471881,357630224472813
7,69124,GET,357630224472963,357630224473414
7,75009,GET,357630224490584,357630224491546
7,60672,GET,357630224491737,357630224492659
7,51469,GET,357630224492809,357630224493982
7,63503,GET,357630224494694,357630224495806
7,61443,GET,357630224498152,357630224498693
7,68878,GET,357630224498823,357630224499715
7,68358,GET,357630224500417,357630224500968
7,64783,GET,357630224504647,357630224505328
7,70916,GET,357630224508265,357630224509247
7,62720,GET,357630224510129,357630224511412
7,65807,GET,357630224516083,357630224516955
7,72706,GET,357630224519391,357630224520985
7,79105,GET,357630224521676,357630224523561
7,73479,GET,357630224523711,357630224524974
7,70917,GET,357630224525666,357630224526357
7,71173,GET,357630224526508,357630224527901
7,61960,GET,357630224529665,357630224530637
7,74498,GET,357630224530787,357630224531760
7,56845,GET,357630224532461,357630224533644
7,68874,GET,357630224534336,357630224535308
7,71178,GET,357630224537693,357630224539077
7,74246,GET,357630224539227,357630224540771
7,66048,GET,357630224541593,357630224542284
7,74244,GET,357630224542434,357630224543617
7,68623,GET,357630224543768,357630224544640
7,74764,GET,357630224545341,357630224546233
7,69135,GET,357630224546364,357630224547456
7,76807,GET,357630224548158,357630224548839
7,73737,GET,357630224548970,357630224550634
7,77063,GET,357630224550764,357630224551726
7,63752,GET,357630224552498,357630224553330
7,74763,GET,357630224554102,357630224554863
7,74761,GET,357630224556227,357630224557630
7,75268,GET,357630224558311,357630224559314
7,75786,GET,357630224561759,357630224563574
7,60685,GET,357630224564325,357630224564806
7,80391,GET,357630224565488,357630224566340
7,77573,GET,357630224567042,357630224569217
7,76811,GET,357630224569918,357630224571502
7,77323,GET,357630224571652,357630224572725
7,79884,GET,357630224575150,357630224576023
7,78091,GET,357630224576173,357630224577225
7,70656,GET,357630224578037,357630224578989
7,78603,GET,357630224579140,357630224580282
7,79115,GET,357630224581565,357630224582868
7,81676,GET,357630224583019,357630224584201
7,78089,GET,357630224584352,357630224585875
7,77834,GET,357630224586006,357630224587178
7,81410,GET,357630224587309,357630224588552
7,63501,GET,357630224589313,357630224590576
7,82178,GET,357630224590717,357630224591689
7,88833,GET,357630224591819,357630224592992
7,81422,GET,357630224594395,357630224595768
7,72451,GET,357630224597212,357630224598144
7,84748,GET,357630224598294,357630224599116
7,69128,GET,357630224599266,357630224600840
7,73487,GET,357630224600970,357630224603376
7,83467,GET,357630224604639,357630224605661
7,90369,GET,357630224605792,357630224606614
7,86796,GET,357630224606744,357630224607365
7,84231,GET,357630224608638,357630224609691
7,84999,GET,357630224610473,357630224611004
7,85255,GET,357630224611154,357630224612106
7,75023,GET,357630224630449,357630224630790
7,85506,GET,357630224632844,357630224633747
7,82182,GET,357630224635150,357630224636082
7,86025,GET,357630224636232,357630224637205
7,84746,GET,357630224637355,357630224638057
7,86535,GET,357630224638187,357630224638768
7,68621,GET,357630224639620,357630224640472
7,69389,GET,357630224640613,357630224641936
7,87815,GET,357630224642697,357630224643920
7,83461,GET,357630224644050,357630224644772
7,69901,GET,357630224645474,357630224646055
7,84229,GET,357630224646767,357630224647849
7,74760,GET,357630224648000,357630224648872
7,85253,GET,357630224649633,357630224650926
7,85765,GET,357630224651077,357630224652510
7,87307,GET,357630224652640,357630224653342
7,78351,GET,357630224653472,357630224654334
7,85518,GET,357630224654475,357630224655517
7,70669,GET,357630224655647,357630224657011
7,89858,GET,357630224657692,357630224658654
7,91660,GET,357630224660068,357630224661281
7,87310,GET,357630224663666,357630224666112
7,88074,GET,357630224668628,357630224669570
7,90626,GET,357630224672527,357630224673920
7,89353,GET,357630224674070,357630224675534
7,88580,GET,357630224677628,357630224678571
7,94988,GET,357630224679272,357630224680916
7,89870,GET,357630224681066,357630224682700
7,91145,GET,357630224684976,357630224685818
7,89605,GET,357630224685968,357630224687441
7,89611,GET,357630224687592,357630224689055
7,91406,GET,357630224690428,357630224692132
7,90629,GET,357630224692854,357630224694147
7,75277,GET,357630224694297,357630224695761
7,90635,GET,357630224695911,357630224697064
7,83459,GET,357630224697194,357630224698226
7,76045,GET,357630224698357,357630224699740
7,98049,GET,357630224699880,357630224701384
7,92164,GET,357630224702075,357630224702827
7,83200,GET,357630224702967,357630224704461
7,98060,GET,357630224704601,357630224705654
7,97026,GET,357630224706345,357630224707007
7,93701,GET,357630224708300,357630224710084
7,92682,GET,357630224710234,357630224710856
7,84736,GET,357630224711557,357630224713963
7,100871,GET,357630224714644,357630224717722
7,79629,GET,357630224718985,357630224719756
7,95492,GET,357630224720448,357630224721480
7,86272,GET,357630224722162,357630224723716
7,102407,GET,357630224724497,357630224726091
7,95758,GET,357630224726773,357630224728487
7,102663,GET,357630224728637,357630224729609
7,80397,GET,357630224729760,357630224730451
7,94217,GET,357630224732837,357630224735403
7,103692,GET,357630224736706,357630224737838
7,89615,GET,357630224737989,357630224739071
7,104716,GET,357630224739783,357630224741397
7,90895,GET,357630224742770,357630224743642
7,91139,GET,357630224743792,357630224744664
7,83213,GET,357630224744815,357630224746228
7,103943,GET,357630224746368,357630224746949
7,97540,GET,357630224747090,357630224747751
7,84493,GET,357630224749756,357630224751771
7,95494,GET,357630224751921,357630224752763
7,95750,GET,357630224752893,357630224754016
7,100101,GET,357630224754156,357630224754878
7,107276,GET,357630224756181,357630224757163
7,98059,GET,357630224757294,357630224758105
7,97545,GET,357630224758827,357630224759880
7,99332,GET,357630224760591,357630224761503
7,99588,GET,357630224761654,357630224762165
7,92160,GET,357630224765743,357630224766355
7,106247,GET,357630224766505,357630224767307
7,99595,GET,357630224787895,357630224788817
7,93711,GET,357630224789629,357630224790601
7,100878,GET,357630224790751,357630224791794
7,99851,GET,357630224791944,357630224792595
7,100617,GET,357630224795121,357630224795783
7,107778,GET,357630224796485,357630224797256
7,108807,GET,357630224798609,357630224799702
7,102665,GET,357630224800384,357630224804503
7,103173,GET,357630224804654,357630224805566
7,104206,GET,357630224805716,357630224806708
7,96768,GET,357630224808563,357630224809034
7,109319,GET,357630224809184,357630224810597
7,104970,GET,357630224811319,357630224812542
7,111367,GET,357630224817363,357630224819067
7,112391,GET,357630224820370,357630224822274
7,86029,GET,357630224822425,357630224823146
7,100099,GET,357630224823868,357630224825121
7,87565,GET,357630224825813,357630224827477
7,105998,GET,357630224828749,357630224829992
7,103691,GET,357630224830684,357630224831857
7,107274,GET,357630224832548,357630224833571
7,108804,GET,357630224834804,357630224835756
7,89357,GET,357630224836457,357630224838492
7,93448,GET,357630224838642,357630224840146
7,114177,GET,357630224840296,357630224841770
7,98575,GET,357630224842461,357630224843013
7,115975,GET,357630224843153,357630224844596
7,108558,GET,357630224845408,357630224846130
7,113410,GET,357630224846831,357630224847724
7,103939,GET,357630224849017,357630224850159
7,104963,GET,357630224850871,357630224852314
7,107019,GET,357630224853006,357630224854038
7,118540,GET,357630224854189,357630224855231
7,110094,GET,357630224855381,357630224856193
7,116487,GET,357630224856334,357630224857396
7,113412,GET,357630224858479,357630224860273
7,116482,GET,357630224861014,357630224863260
7,108555,GET,357630224863410,357630224864482
7,109829,GET,357630224864613,357630224865655
7,107011,GET,357630224866327,357630224867419
7,107779,GET,357630224867560,357630224868923
7,110341,GET,357630224869063,357630224869955
7,111370,GET,357630224870657,357630224872180
7,108806,GET,357630224873453,357630224874816
7,119303,GET,357630224874967,357630224875628
7,109059,GET,357630224876330,357630224877563
7,103439,GET,357630224878846,357630224879457
7,112142,GET,357630224879608,357630224881121
7,118017,GET,357630224881793,357630224882494
7,113417,GET,357630224882645,357630224884108
7,111365,GET,357630224886093,357630224888137
7,111621,GET,357630224888288,357630224889120
7,112643,GET,357630224889270,357630224890393
7,117764,GET,357630224891716,357630224892347
7,121602,GET,357630224893049,357630224893821
7,113155,GET,357630224894502,357630224895184
7,115726,GET,357630224897148,357630224897660
7,105231,GET,357630224898471,357630224899724
7,122631,GET,357630224900396,357630224901839
7,117002,GET,357630224903122,357630224903754
7,105743,GET,357630224904455,357630224905027
7,112134,GET,357630224906280,357630224907563
7,124167,GET,357630224908254,357630224909116
7,123138,GET,357630224910930,357630224911562
7,126988,GET,357630224932500,357630224932921
7,125191,GET,357630224933102,357630224933673
7,120324,GET,357630224934515,357630224934996
7,121348,GET,357630224937582,357630224938384
7,122113,GET,357630224939126,357630224939747
7,116235,GET,357630224940289,357630224942333
7,123137,GET,357630224942484,357630224943366
7,122628,GET,357630224945781,357630224946523
7,122884,GET,357630224947215,357630224948217
7,124673,GET,357630224948909,357630224949259
7,119817,GET,357630224950452,357630224951715
7,114694,GET,357630224951865,357630224952928
7,123396,GET,357630224953078,357630224954401
7,120329,GET,357630224955704,357630224956987
7,122382,GET,357630224957138,357630224958942
7,124420,GET,357630224960876,357630224962239
7,125697,GET,357630224963492,357630224964194
7,119307,GET,357630224964896,357630224965958
7,107016,GET,357630224966529,357630224967271
7,118789,GET,357630224967422,357630224969717
7,126978,GET,357630224970459,357630224971301
7,131084,GET,357630224971942,357630224973536
7,111360,GET,357630224973686,357630224975440
7,127746,GET,357630224975591,357630224976272
7,124430,GET,357630224979439,357630224980582
7,129281,GET,357630224981484,357630224982416
7,124426,GET,357630224982567,357630224983198
7,124682,GET,357630224983349,357630224984491
7,103181,GET,357630224984632,357630224986596
7,125966,GET,357630224986736,357630224989092
7,130305,GET,357630224991628,357630224992770
7,117007,GET,357630224995336,357630224996369
7,127754,GET,357630224996519,357630224998133
8,264,PUT,357630223358094,357630223358906
8,520,PUT,357630223359748,357630223359968
8,776,PUT,357630223360169,357630223360369
8,1032,PUT,357630223360509,357630223360710
8,1288,PUT,357630223360850,357630223361051
8,1544,PUT,357630223361191,357630223361392
8,1800,PUT,357630223361532,357630223361732
8,2056,PUT,357630223362023,357630223362213
8,2312,PUT,357630223362364,357630223362554
8,2568,PUT,357630223362705,357630223362895
8,2824,PUT,357630223363035,357630223363246
8,3080,PUT,357630223363386,357630223363587
8,3336,PUT,357630223363727,357630223363927
8,3592,PUT,357630223364068,357630223364268
8,3848,PUT,357630223364409,357630223364609
8,4104,PUT,357630223364890,357630223365090
8,4360,PUT,357630223365230,357630223365431
8,4616,PUT,357630223365571,357630223365772
8,4872,PUT,357630223365912,357630223366112
8,5128,PUT,357630223366253,357630223366453
8,5384,PUT,357630223366594,357630223366794
8,5640,PUT,357630223366934,357630223367135
8,5896,PUT,357630223367275,357630223367476
8,6152,PUT,357630223367766,357630223367967
8,6408,PUT,357630223368107,357630223368308
8,6664,PUT,357630223368448,357630223368648
8,6920,PUT,357630223368789,357630223368989
8,7176,PUT,357630223369129,357630223369330
8,7432,PUT,357630223369470,357630223369671
8,7688,PUT,357630223369811,357630223370012
8,7944,PUT,357630223370152,357630223370352
8,8200,PUT,357630223370633,357630223370833
8,8456,PUT,357630223370974,357630223371174
8,8712,PUT,357630223371315,357630223371515
8,8968,PUT,357630223371655,357630223371856
8,9224,PUT,357630223371996,357630223372197
8,9480,PUT,357630223372337,357630223372537
8,9736,PUT,357630223372688,357630223372878
8,9992,PUT,357630223373029,357630223373219
8,10248,PUT,357630223373520,357630223373710
8,10504,PUT,357630223373860,357630223374061
8,10760,PUT,357630223374201,357630223374402
8,11016,PUT,357630223374542,357630223374743
8,11272,PUT,357630223374883,357630223375083
8,11528,PUT,357630223375224,357630223375424
8,11784,PUT,357630223375564,357630223375765
8,12040,PUT,357630223375905,357630223376106
8,12296,PUT,357630223376386,357630223376587
8,12552,PUT,357630223376727,357630223376928
8,12808,PUT,357630223377068,357630223377268
8,13064,PUT,357630223377409,357630223377609
8,13320,PUT,357630223377750,357630223377950
8,13576,PUT,357630223378090,357630223378291
8,13832,PUT,357630223378431,357630223378632
8,14088,PUT,357630223378772,357630223378972
8,14344,PUT,357630223379263,357630223379463
8,14600,PUT,357630223379604,357630223379804
8,14856,PUT,357630223379945,357630223380145
8,15112,PUT,357630223380285,357630223380486
8,15368,PUT,357630223380626,357630223380827
8,15624,PUT,357630223380967,357630223381167
8,15880,PUT,357630223381308,357630223381508
8,16136,PUT,357630223381649,357630223381849
8,16392,PUT,357630223382140,357630223382340
8,16648,PUT,357630223922755,357630223923266
8,16904,PUT,357630223925411,357630223925782
8,17160,PUT,357630223927035,357630223927376
8,17416,PUT,357630223927627,357630223928038
8,17672,PUT,357630223928298,357630223928619
8,17928,PUT,357630223928869,357630223929160
8,18184,PUT,357630223929421,357630223929731
8,18440,PUT,357630223929982,357630223930293
8,18696,PUT,357630223939775,357630223940065
8,18952,PUT,357630223943554,357630223943854
8,19208,PUT,357630223951753,357630223952134
8,19464,PUT,357630223956985,357630223957275
8,19720,PUT,357630223960934,357630223961265
8,19976,PUT,357630223961545,357630223961816
8,20232,PUT,357630223962077,357630223962367
8,20488,PUT,357630223963500,357630223963871
8,20744,PUT,357630223967309,357630223967599
8,21000,PUT,357630223967870,357630223968151
8,21256,PUT,357630223973293,357630223973583
8,21512,PUT,357630223975307,357630223975608
8,21768,PUT,357630223975879,357630223976169
8,22024,PUT,357630223976440,357630223976731
8,22280,PUT,357630223980159,357630223980449
8,22536,PUT,357630223989801,357630223990022
8,22792,PUT,357630223994492,357630223994722
8,23048,PUT,357630223996136,357630223996436
8,23304,PUT,357630223997559,357630223997860
8,23560,PUT,357630223998150,357630223998441
8,23816,PUT,357630223998712,357630223999012
8,24072,PUT,357630224022667,357630224023018
8,24328,PUT,357630224023329,357630224023630
8,24584,PUT,357630224027559,357630224027980
8,24840,PUT,357630224029543,357630224029844
8,25096,PUT,357630224031117,357630224031408
8,25352,PUT,357630224031688,357630224031979
8,25608,PUT,357630224034344,357630224034575
8,25864,PUT,357630224037041,357630224037371
8,26120,PUT,357630224038644,357630224038875
8,26376,PUT,357630224039106,357630224039396
8,26632,PUT,357630224039667,357630224040008
8,26888,PUT,357630224040278,357630224040719
8,27144,PUT,357630224040980,357630224041281
8,27400,PUT,357630224071160,357630224071892
8,27656,PUT,357630224072403,357630224072914
8,27912,PUT,357630224075430,357630224075731
8,28168,PUT,357630224081243,357630224081534
8,28424,PUT,357630224081805,357630224082105
8,28680,PUT,357630224082356,357630224082586
8,28936,PUT,357630224085243,357630224085463
8,29192,PUT,357630224086405,357630224086736
8,29448,PUT,357630224087027,357630224087338
8,29704,PUT,357630224091076,357630224091367
8,29960,PUT,357630224093592,357630224093933
8,30216,PUT,357630224094213,357630224094504
8,30472,PUT,357630224094775,357630224095075
8,30728,PUT,357630224095336,357630224095627
8,30984,PUT,357630224098473,357630224098784
8,31240,PUT,357630224099055,357630224099375
8,31496,PUT,357630224100739,357630224101049
8,31752,PUT,357630224101310,357630224101601
8,32008,PUT,357630224104417,357630224104788
8,32264,PUT,357630224105059,357630224105399
8,32520,PUT,357630224105660,357630224105981
8,32776,PUT,357630224109509,357630224109810
8,33032,PUT,357630224117287,357630224117638
8,33288,PUT,357630224117909,357630224118209
8,33544,PUT,357630224120555,357630224120855
8,33800,PUT,357630224121136,357630224121497
8,34056,PUT,357630224127711,357630224128012
8,34312,PUT,357630224129806,357630224130167
8,34568,PUT,357630224131901,357630224132192
8,34824,PUT,357630224132462,357630224132753
8,35080,PUT,357630224134186,357630224134477
8,35336,PUT,357630224134748,357630224135048
8,35592,PUT,357630224136151,357630224136442
8,35848,PUT,357630224138336,357630224138697
8,36104,PUT,357630224141413,357630224141764
8,36360,PUT,357630224148870,357630224149352
8,36616,PUT,357630224149622,357630224149953
8,36872,PUT,357630224150204,357630224150514
8,37128,PUT,357630224156177,357630224156478
8,37384,PUT,357630224156749,357630224157039
8,37640,PUT,357630224162492,357630224162863
8,37896,PUT,357630224166662,357630224166952
8,38152,PUT,357630224167223,357630224167574
8,38408,PUT,357630224167834,357630224168125
8,38664,PUT,357630224168386,357630224168576
8,38920,PUT,357630224168737,357630224169027
8,39176,PUT,357630224171373,357630224171673
8,39432,PUT,357630224171944,357630224172235
8,39688,PUT,357630224175101,357630224175452
8,39944,PUT,357630224175713,357630224176013
8,40200,PUT,357630224176264,357630224176495
8,40456,PUT,357630224176675,357630224176946
8,40712,PUT,357630224177206,357630224177557
8,40968,PUT,357630224177798,357630224178138
8,41224,PUT,357630224182448,357630224182669
8,41480,PUT,357630224199448,357630224200190
8,41736,PUT,357630224201352,357630224201643
8,41992,PUT,357630224209221,357630224209601
8,42248,PUT,357630224210844,357630224211065
8,42504,PUT,357630224211336,357630224211636
8,42760,PUT,357630224218683,357630224218973
8,43016,PUT,357630224222191,357630224222481
8,43272,PUT,357630224222752,357630224223053
8,43528,PUT,357630224223323,357630224223524
8,43784,PUT,357630224223674,357630224223965
8,44040,PUT,357630224224215,357630224224596
8,44296,PUT,357630224224857,357630224225188
8,44552,PUT,357630224225448,357630224225759
8,44808,PUT,357630224226010,357630224226360
8,45064,PUT,357630224226621,357630224226942
8,45320,PUT,357630224230550,357630224230841
8,45576,PUT,357630224231101,357630224231412
8,45832,PUT,357630224231673,357630224232014
8,46088,PUT,357630224232314,357630224232635
8,46344,PUT,357630224232896,357630224233196
8,46600,PUT,357630224233477,357630224233778
8,46856,PUT,357630224236173,357630224236574
8,47112,PUT,357630224237857,357630224238148
8,47368,PUT,357630224244272,357630224244623
8,47624,PUT,357630224253874,357630224254155
8,47880,PUT,357630224255919,357630224256210
8,48136,PUT,357630224269491,357630224269781
8,48392,PUT,357630224273801,357630224274091
8,48648,PUT,357630224275124,357630224275414
8,48904,PUT,357630224275685,357630224275986
8,49160,PUT,357630224277850,357630224278161
8,49416,PUT,357630224278441,357630224278792
8,49672,PUT,357630224281899,357630224282220
8,49928,PUT,357630224283232,357630224283543
8,50184,PUT,357630224283814,357630224284105
8,50440,PUT,357630224285949,357630224286260
8,50696,PUT,357630224287081,357630224287372
8,50952,PUT,357630224291492,357630224291782
8,51208,PUT,357630224292053,357630224292344
8,51464,PUT,357630224294849,357630224295190
8,51720,PUT,357630224296343,357630224296634
8,51976,PUT,357630224297556,357630224297947
8,52232,PUT,357630224299410,357630224299731
8,52488,PUT,357630224300001,357630224300352
8,52744,PUT,357630224300643,357630224300944
8,53000,PUT,357630224301204,357630224301575
8,53256,PUT,357630224301836,357630224302156
8,53512,PUT,357630224302417,357630224302798
8,53768,PUT,357630224305444,357630224305735
8,54024,PUT,357630224305985,357630224306296
8,54280,PUT,357630224306567,357630224307078
8,54536,PUT,357630224307328,357630224307619
8,54792,PUT,357630224310997,357630224311348
8,55048,PUT,357630224313814,357630224314094
8,55304,PUT,357630224314365,357630224314655
8,55560,PUT,357630224317081,357630224317382
8,55816,PUT,357630224317662,357630224318003
8,56072,PUT,357630224319116,357630224319427
8,56328,PUT,357630224322123,357630224322434
8,56584,PUT,357630224322714,357630224323035
8,56840,PUT,357630224323326,357630224323616
8,57096,PUT,357630224323877,357630224324168
8,57352,PUT,357630224325360,357630224325711
8,57608,PUT,357630224325972,357630224326323
8,57864,PUT,357630224340826,357630224341388
8,58120,PUT,357630224341879,357630224342260
8,58376,PUT,357630224342520,357630224342891
8,58632,PUT,357630224345387,357630224345728
8,58888,PUT,357630224345978,357630224346349
8,59144,PUT,357630224346610,357630224346920
8,59400,PUT,357630224351090,357630224351441
8,59656,PUT,357630224354929,357630224355230
8,59912,PUT,357630224359339,357630224359720
8,60168,PUT,357630224367087,357630224367378
8,60424,PUT,357630224368671,357630224368982
8,60680,PUT,357630224369252,357630224369543
8,60936,PUT,357630224371838,357630224372129
8,61192,PUT,357630224372410,357630224372700
8,61448,PUT,357630224372951,357630224373322
8,61704,PUT,357630224373592,357630224373883
8,61960,PUT,357630224374144,357630224374434
8,62216,PUT,357630224374695,357630224374996
8,62472,PUT,357630224379486,357630224379847
8,62728,PUT,357630224384067,357630224384417
8,62984,PUT,357630224388707,357630224389008
8,63240,PUT,357630224391283,357630224391574
8,63496,PUT,357630224396596,357630224396886
8,63752,PUT,357630224398300,357630224398631
8,64008,PUT,357630224398901,357630224399192
8,64264,PUT,357630224401397,357630224401708
8,64520,PUT,357630224401968,357630224402249
8,64776,PUT,357630224402510,357630224402800
8,65032,PUT,357630224403061,357630224403351
8,65288,PUT,357630224403612,357630224403933
8,65544,PUT,357630224407752,357630224408042
8,65800,PUT,357630224414187,357630224414578
8,66056,PUT,357630224421935,357630224422225
8,66312,PUT,357630224422496,357630224422847
8,66568,PUT,357630224423117,357630224423408
8,66824,PUT,357630224423669,357630224423959
8,67080,PUT,357630224427457,357630224427748
8,67336,PUT,357630224427999,357630224428289
8,67592,PUT,357630224428550,357630224428931
8,67848,PUT,357630224429191,357630224429572
8,68104,PUT,357630224430695,357630224431066
8,68360,PUT,357630224432229,357630224432519
8,68616,PUT,357630224432790,357630224433081
8,68872,PUT,357630224439846,357630224440167
8,69128,PUT,357630224448055,357630224448426
8,69384,PUT,357630224450080,357630224450371
8,69640,PUT,357630224450651,357630224450872
8,69896,PUT,357630224451774,357630224452004
8,70152,PUT,357630224452255,357630224452526
8,70408,PUT,357630224454019,357630224454320
8,70664,PUT,357630224454590,357630224454951
8,70920,PUT,357630224456405,357630224456806
8,71176,PUT,357630224457086,357630224457357
8,71432,PUT,357630224459311,357630224459602
8,71688,PUT,357630224459873,357630224460214
8,71944,PUT,357630224460504,357630224460985
8,72200,PUT,357630224461246,357630224461557
8,72456,PUT,357630224461817,357630224462108
8,72712,PUT,357630224466238,357630224466528
8,72968,PUT,357630224467601,357630224467921
8,73224,PUT,357630224471149,357630224471440
8,73480,PUT,357630224489712,357630224490183
8,73736,PUT,357630224490594,357630224490895
8,73992,PUT,357630224492178,357630224492468
8,74248,PUT,357630224493711,357630224494062
8,74504,PUT,357630224494343,357630224494644
8,74760,PUT,357630224494914,357630224495215
8,75016,PUT,357630224496297,357630224496588
8,75272,PUT,357630224504857,357630224505178
8,75528,PUT,357630224506641,357630224506962
8,75784,PUT,357630224507243,357630224507533
8,76040,PUT,357630224507804,357630224508105
8,76296,PUT,357630224510150,357630224510480
8,76552,PUT,357630224510741,357630224511042
8,76808,PUT,357630224512966,357630224513267
8,77064,PUT,357630224515312,357630224515612
8,77320,PUT,357630224519451,357630224519892
8,77576,PUT,357630224520173,357630224520494
8,77832,PUT,357630224520774,357630224521055
8,78088,PUT,357630224521315,357630224521606
8,78344,PUT,357630224521867,357630224522157
8,78600,PUT,357630224527420,357630224527760
8,78856,PUT,357630224528041,357630224528342
8,79112,PUT,357630224528602,357630224528993
8,79368,PUT,357630224529264,357630224529555
8,79624,PUT,357630224530527,357630224530818
8,79880,PUT,357630224531078,357630224531369
8,80136,PUT,357630224532912,357630224533213
8,80392,PUT,357630224538275,357630224538566
8,80648,PUT,357630224541312,357630224541603
8,80904,PUT,357630224545091,357630224545391
8,81160,PUT,357630224545662,357630224545963
8,81416,PUT,357630224550233,357630224550543
8,81672,PUT,357630224553641,357630224553951
8,81928,PUT,357630224557961,357630224558261
8,82184,PUT,357630224564666,357630224564977
8,82440,PUT,357630224571352,357630224571642
8,82696,PUT,357630224571923,357630224572214
8,82952,PUT,357630224572464,357630224572825
8,83208,PUT,357630224574860,357630224575150
8,83464,PUT,357630224575411,357630224575722
8,83720,PUT,357630224575992,357630224576283
8,83976,PUT,357630224576544,357630224576844
8,84232,PUT,357630224577095,357630224577386
8,84488,PUT,357630224578649,357630224578949
8,84744,PUT,357630224579200,357630224579501
8,85000,PUT,357630224579751,357630224580052
8,85256,PUT,357630224580312,357630224580673
8,85512,PUT,357630224581906,357630224582247
8,85768,PUT,357630224586457,357630224586747
8,86024,PUT,357630224589163,357630224589454
8,86280,PUT,357630224589724,357630224590055
8,86536,PUT,357630224592992,357630224593323
8,86792,PUT,357630224601201,357630224601492
8,87048,PUT,357630224601782,357630224602073
8,87304,PUT,357630224604108,357630224604519
8,87560,PUT,357630224606353,357630224606664
8,87816,PUT,357630224606934,357630224607225
8,88072,PUT,357630224608548,357630224608879
8,88328,PUT,357630224610924,357630224611244
8,88584,PUT,357630224651939,357630224652370
8,88840,PUT,357630224654425,357630224654735
8,89096,PUT,357630224659035,357630224659336
8,89352,PUT,357630224659607,357630224659937
8,89608,PUT,357630224663947,357630224664237
8,89864,PUT,357630224666583,357630224666874
8,90120,PUT,357630224667154,357630224667445
8,90376,PUT,357630224670422,357630224670722
8,90632,PUT,357630224673138,357630224673439
8,90888,PUT,357630224673709,357630224674030
8,91144,PUT,357630224676756,357630224677117
8,91400,PUT,357630224677388,357630224677679
8,91656,PUT,357630224680585,357630224680876
8,91912,PUT,357630224681147,357630224681437
8,92168,PUT,357630224681718,357630224682009
8,92424,PUT,357630224682259,357630224682630
8,92680,PUT,357630224685316,357630224685607
8,92936,PUT,357630224685868,357630224686218
8,93192,PUT,357630224686479,357630224686770
8,93448,PUT,357630224687030,357630224687321
8,93704,PUT,357630224688454,357630224688794
8,93960,PUT,357630224694588,357630224694808
8,94216,PUT,357630224695009,357630224695269
8,94472,PUT,357630224698958,357630224699249
8,94728,PUT,357630224699519,357630224699810
8,94984,PUT,357630224700081,357630224700371
8,95240,PUT,357630224700622,357630224700993
8,95496,PUT,357630224704671,357630224704972
8,95752,PUT,357630224705223,357630224705624
8,96008,PUT,357630224707227,357630224707538
8,96264,PUT,357630224707819,357630224708109
8,96520,PUT,357630224711487,357630224711798
8,96776,PUT,357630224717060,357630224717351
8,97032,PUT,357630224718624,357630224718914
8,97288,PUT,357630224719195,357630224719486
8,97544,PUT,357630224722212,357630224722503
8,97800,PUT,357630224723675,357630224723966
8,98056,PUT,357630224727835,357630224728126
8,98312,PUT,357630224732045,357630224732336
8,98568,PUT,357630224743682,357630224744033
8,98824,PUT,357630224745677,357630224745987
8,99080,PUT,357630224749385,357630224749706
8,99336,PUT,357630224749977,357630224750267
8,99592,PUT,357630224752713,357630224753044
8,99848,PUT,357630224754307,357630224754597
8,100104,PUT,357630224754888,357630224755179
8,100360,PUT,357630224763007,357630224763297
8,100616,PUT,357630224763568,357630224763859
8,100872,PUT,357630224764139,357630224764440
8,101128,PUT,357630224764701,357630224765001
8,101384,PUT,357630224765262,357630224765573
8,101640,PUT,357630224765833,357630224766695
8,101896,PUT,357630224766956,357630224767748
8,102152,PUT,357630224783615,357630224784226
8,102408,PUT,357630224784707,357630224784998
8,102664,PUT,357630224785248,357630224785609
8,102920,PUT,357630224786592,357630224786882
8,103176,PUT,357630224787133,357630224787423
8,103432,PUT,357630224789238,357630224789649
8,103688,PUT,357630224791112,357630224791503
8,103944,PUT,357630224798279,357630224798680
8,104200,PUT,357630224798990,357630224799321
8,104456,PUT,357630224801065,357630224801356
8,104712,PUT,357630224801626,357630224801917
8,104968,PUT,357630224802198,357630224802529
8,105224,PUT,357630224804353,357630224804674
8,105480,PUT,357630224808883,357630224809204
8,105736,PUT,357630224810808,357630224811108
8,105992,PUT,357630224814206,357630224814557
8,106248,PUT,357630224814847,357630224815128
8,106504,PUT,357630224816441,357630224816722
8,106760,PUT,357630224825161,357630224825472
8,107016,PUT,357630224825753,357630224826043
8,107272,PUT,357630224826324,357630224826665
8,107528,PUT,357630224826925,357630224827236
8,107784,PUT,357630224830343,357630224830644
8,108040,PUT,357630224832488,357630224832779
8,108296,PUT,357630224833059,357630224833350
8,108552,PUT,357630224836698,357630224836989
8,108808,PUT,357630224837259,357630224837610
8,109064,PUT,357630224837881,357630224838272
8,109320,PUT,357630224838542,357630224838893
8,109576,PUT,357630224839154,357630224839514
8,109832,PUT,357630224839785,357630224840086
8,110088,PUT,357630224843484,357630224843774
8,110344,PUT,357630224844035,357630224844336
8,110600,PUT,357630224847493,357630224847784
8,110856,PUT,357630224848044,357630224848345
8,111112,PUT,357630224850480,357630224850811
8,111368,PUT,357630224851081,357630224851362
8,111624,PUT,357630224851623,357630224851933
8,111880,PUT,357630224852976,357630224853317
8,112136,PUT,357630224854559,357630224854880
8,112392,PUT,357630224855151,357630224855562
8,112648,PUT,357630224861205,357630224861445
8,112904,PUT,357630224862728,357630224863009
8,113160,PUT,357630224863290,357630224863590
8,113416,PUT,357630224869925,357630224870206
8,113672,PUT,357630224870486,357630224870807
8,113928,PUT,357630224876310,357630224876601
8,114184,PUT,357630224878535,357630224878826
8,114440,PUT,357630224879096,357630224879387
8,114696,PUT,357630224879648,357630224879948
8,114952,PUT,357630224883186,357630224883517
8,115208,PUT,357630224883787,357630224884078
8,115464,PUT,357630224885271,357630224885551
8,115720,PUT,357630224885812,357630224886103
8,115976,PUT,357630224886353,357630224886684
8,116232,PUT,357630224886935,357630224887366
8,116488,PUT,357630224887636,357630224887927
8,116744,PUT,357630224893309,357630224893600
8,117000,PUT,357630224894933,357630224895234
8,117256,PUT,357630224896417,357630224896707
8,117512,PUT,357630224898091,357630224898381
8,117768,PUT,357630224898652,357630224898973
8,118024,PUT,357630224899273,357630224899574
8,118280,PUT,357630224902481,357630224902771
8,118536,PUT,357630224903042,357630224903333
8,118792,PUT,357630224907202,357630224907492
8,119048,PUT,357630224907763,357630224908064
8,119304,PUT,357630224908354,357630224908825
8,119560,PUT,357630224909076,357630224909367
8,119816,PUT,357630224909617,357630224909908
8,120072,PUT,357630224910169,357630224910449
8,120328,PUT,357630224911852,357630224912143
8,120584,PUT,357630224912404,357630224912704
8,120840,PUT,357630224912965,357630224913576
8,121096,PUT,357630224913847,357630224914459
8,121352,PUT,357630224915681,357630224916052
8,121608,PUT,357630224930987,357630224931588
8,121864,PUT,357630224932009,357630224932300
8,122120,PUT,357630224935698,357630224936109
8,122376,PUT,357630224939276,357630224939567
8,122632,PUT,357630224943596,357630224943887
8,122888,PUT,357630224945491,357630224945791
8,123144,PUT,357630224946062,357630224946463
8,123400,PUT,357630224948087,357630224948387
8,123656,PUT,357630224948658,357630224948949
8,123912,PUT,357630224949931,357630224950262
8,124168,PUT,357630224950542,357630224950873
8,124424,PUT,357630224955103,357630224955504
8,124680,PUT,357630224957599,357630224957950
8,124936,PUT,357630224963893,357630224964184
8,125192,PUT,357630224968925,357630224969276
8,125448,PUT,357630224969556,357630224969847
8,125704,PUT,357630224971852,357630224972142
8,125960,PUT,357630224972403,357630224972704
8,126216,PUT,357630224973776,357630224974077
8,126472,PUT,357630224976743,357630224977044
8,126728,PUT,357630224977415,357630224977715
8,126984,PUT,357630224979139,357630224979419
8,127240,PUT,357630224979690,357630224979991
8,127496,PUT,357630224980241,357630224980542
8,127752,PUT,357630224980793,357630224981133
8,128008,PUT,357630224981394,357630224981695
8,128264,PUT,357630224982897,357630224983228
8,128520,PUT,357630224983489,357630224983930
8,128776,PUT,357630224987027,357630224987328
8,129032,PUT,357630224988801,357630224989092
8,129288,PUT,357630224990595,357630224990936
8,129544,PUT,357630224991227,357630224991548
8,129800,PUT,357630224993372,357630224993773
8,130056,PUT,357630224995737,357630224996038
8,130312,PUT,357630224996309,357630224996720
8,10244,GET,357630223919919,357630223920921
8,13060,GET,357630223921552,357630223922545
8,1797,GET,357630223923617,357630223925261
8,4613,GET,357630223926073,357630223926905
8,14085,GET,357630223930563,357630223931496
8,16389,GET,357630223931646,357630223932849
8,2563,GET,357630223932979,357630223933971
8,6147,GET,357630223934112,357630223935635
8,9219,GET,357630223935765,357630223937038
8,11267,GET,357630223937169,357630223938352
8,12547,GET,357630223938482,357630223939614
8,4610,GET,357630223940316,357630223941830
8,5378,GET,357630223941960,357630223942692
8,6146,GET,357630223942822,357630223943403
8,11266,GET,357630223944115,357630223945648
8,13058,GET,357630223945789,357630223946551
8,15874,GET,357630223946691,357630223947914
8,5384,GET,357630223948054,357630223950670
8,7176,GET,357630223950800,357630223951602
8,9992,GET,357630223952404,357630223953437
8,11528,GET,357630223953567,357630223954188
8,14344,GET,357630223954319,357630223955802
8,16392,GET,357630223955932,357630223956834
8,3337,GET,357630223957526,357630223958488
8,6409,GET,357630223958619,357630223959851
8,8201,GET,357630223959982,357630223960784
8,13577,GET,357630223962648,357630223963370
8,518,GET,357630223964141,357630223965084
8,2310,GET,357630223965234,357630223966136
8,4614,GET,357630223966266,357630223967158
8,8966,GET,357630223968411,357630223969303
8,11014,GET,357630223969454,357630223970216
8,13574,GET,357630223970346,357630223971238
8,1034,GET,357630223971378,357630223973142
8,5130,GET,357630223973844,357630223975157
8,11274,GET,357630223977001,357630223978224
8,14858,GET,357630223978384,357630223980018
8,2062,GET,357630223980700,357630223981612
8,6926,GET,357630223981762,357630223983927
8,8462,GET,357630223984098,357630223984890
8,9998,GET,357630223985030,357630223985551
8,12046,GET,357630223985691,357630223986794
8,14606,GET,357630223986924,357630223987997
8,268,GET,357630223988127,357630223988999
8,1548,GET,357630223989129,357630223989641
8,5388,GET,357630223990272,357630223991675
8,9484,GET,357630223991806,357630223993520
8,11788,GET,357630223993650,357630223994342
8,14092,GET,357630223994973,357630223995985
8,513,GET,357630223996687,357630223997429
8,5889,GET,357630223999283,357630224020332
8,7937,GET,357630224020703,357630224021304
8,8705,GET,357630224021465,357630224021875
8,9217,GET,357630224022006,357630224022517
8,11265,GET,357630224023900,357630224024472
8,12545,GET,357630224024602,357630224025263
8,14593,GET,357630224025404,357630224026165
8,15873,GET,357630224026326,357630224027408
8,3595,GET,357630224028240,357630224029393
8,6667,GET,357630224030095,357630224030987
8,11275,GET,357630224032230,357630224033272
8,13579,GET,357630224033422,357630224034214
8,16139,GET,357630224034816,357630224035547
8,2567,GET,357630224035698,357630224036900
8,5127,GET,357630224037632,357630224038514
8,12039,GET,357630224041571,357630224042203
8,13319,GET,357630224042353,357630224042884
8,15623,GET,357630224043035,357630224043997
8,2304,GET,357630224044127,357630224045500
8,17665,GET,357630224073195,357630224074267
8,16905,GET,357630224074448,357630224075280
8,16911,GET,357630224076001,357630224077906
8,18188,GET,357630224078046,357630224079660
8,16645,GET,357630224079800,357630224081083
8,17413,GET,357630224082787,357630224084120
8,18959,GET,357630224084250,357630224085092
8,20486,GET,357630224085664,357630224086255
8,20998,GET,357630224087608,357630224088240
8,19983,GET,357630224088390,357630224090084
8,22028,GET,357630224090224,357630224090926
8,23052,GET,357630224091627,357630224093432
8,16903,GET,357630224095897,357630224096609
8,21262,GET,357630224096759,357630224097541
8,16648,GET,357630224097692,357630224098323
8,19210,GET,357630224099646,357630224100588
8,22799,GET,357630224101871,357630224103295
8,24322,GET,357630224103445,357630224104277
8,19978,GET,357630224106251,357630224106973
8,22542,GET,357630224107123,357630224108096
8,23823,GET,357630224108246,357630224109359
8,21259,GET,357630224116164,357630224117117
8,25870,GET,357630224118470,357630224119793
8,23301,GET,357630224119943,357630224120424
8,26638,GET,357630224121757,357630224122890
8,23043,GET,357630224123040,357630224123642
8,27650,GET,357630224123792,357630224125626
8,25103,GET,357630224125757,357630224126679
8,22535,GET,357630224126819,357630224127561
8,25605,GET,357630224128263,357630224129656
8,28172,GET,357630224130428,357630224131761
8,26629,GET,357630224133034,357630224134056
8,27663,GET,357630224135299,357630224136011
8,23050,GET,357630224136702,357630224138196
8,29953,GET,357630224138947,357630224139719
8,30465,GET,357630224139870,357630224141273
8,30210,GET,357630224142025,357630224145122
8,26379,GET,357630224145272,357630224146124
8,25609,GET,357630224146274,357630224147116
8,25098,GET,357630224147247,357630224148720
8,30476,GET,357630224150785,357630224152068
8,29199,GET,357630224152218,357630224153241
8,29711,GET,357630224153381,357630224154012
8,29967,GET,357630224154153,357630224154894
8,26890,GET,357630224155025,357630224156027
8,27915,GET,357630224157310,357630224158042
8,32769,GET,357630224158182,357630224161269
8,31758,GET,357630224161400,357630224162342
8,21248,GET,357630224163134,357630224163645
8,29702,GET,357630224163775,357630224165098
8,30214,GET,357630224165228,357630224166511
8,18957,GET,357630224169298,357630224171242
8,30982,GET,357630224172505,357630224174971
8,33038,GET,357630224178419,357630224180815
8,30473,GET,357630224180965,357630224182298
8,20493,GET,357630224182920,357630224183932
8,32266,GET,357630224184082,357630224184924
8,32522,GET,357630224200601,357630224201182
8,33033,GET,357630224201904,357630224202685
8,26376,GET,357630224209892,357630224210704
8,32263,GET,357630224211887,357630224212528
8,32772,GET,357630224212679,357630224215184
8,33807,GET,357630224216247,357630224217059
8,33029,GET,357630224217189,357630224218532
8,30976,GET,357630224219224,357630224220156
8,35087,GET,357630224220296,357630224222040
8,36366,GET,357630224227212,357630224228114
8,32256,GET,357630224228265,357630224229478
8,39938,GET,357630224229608,357630224230390
8,37388,GET,357630224234038,357630224236043
8,25357,GET,357630224236845,357630224237727
8,35082,GET,357630224238408,357630224240092
8,36359,GET,357630224240243,357630224242708
8,36618,GET,357630224242859,357630224244112
8,37383,GET,357630224244883,357630224245485
8,38670,GET,357630224245635,357630224247349
8,30472,GET,357630224247479,357630224249454
8,37638,GET,357630224249584,357630224250246
8,36363,GET,357630224250376,357630224251579
8,43009,GET,357630224251709,357630224252892
8,31240,GET,357630224253022,357630224253714
8,40974,GET,357630224254416,357630224255769
8,40457,GET,357630224256470,357630224257282
8,40969,GET,357630224257433,357630224259638
8,40972,GET,357630224259768,357630224261251
8,44289,GET,357630224261382,357630224262434
8,42510,GET,357630224262564,357630224263426
8,40964,GET,357630224263557,357630224264970
8,39429,GET,357630224265100,357630224266975
8,39179,GET,357630224267105,357630224269340
8,42500,GET,357630224270052,357630224271405
8,41487,GET,357630224271545,357630224272598
8,42764,GET,357630224272728,357630224273650
8,33544,GET,357630224274342,357630224274973
8,40459,GET,357630224276236,357630224277720
8,31245,GET,357630224279043,357630224280306
8,41477,GET,357630224280456,357630224281759
8,43527,GET,357630224282481,357630224283102
8,32013,GET,357630224284365,357630224285808
8,50690,GET,357630224286530,357630224286951
8,45316,GET,357630224287633,357630224289467
8,44047,GET,357630224289617,357630224291351
8,44812,GET,357630224292594,357630224294709
8,45071,GET,357630224295451,357630224296213
8,50433,GET,357630224296894,357630224297415
8,43269,GET,357630224298197,357630224299280
8,52481,GET,357630224303069,357630224305304
8,53761,GET,357630224307900,357630224309634
8,48388,GET,357630224309784,357630224310867
8,34573,GET,357630224311598,357630224313673
8,47887,GET,357630224314906,357630224316941
8,54530,GET,357630224318264,357630224318976
8,41728,GET,357630224319677,357630224321982
8,55298,GET,357630224324438,357630224325220
8,48908,GET,357630224343172,357630224343853
8,46602,GET,357630224344034,357630224345257
8,53508,GET,357630224347201,357630224348183
8,48901,GET,357630224348334,357630224348915
8,46854,GET,357630224349065,357630224350128
8,43008,GET,357630224350258,357630224350940
8,40968,GET,357630224351722,357630224352173
8,47370,GET,357630224352313,357630224353516
8,57602,GET,357630224353646,357630224354779
8,58881,GET,357630224355480,357630224356312
8,50695,GET,357630224357896,357630224359189
8,42755,GET,357630224359981,357630224360753
8,51719,GET,357630224360883,357630224362807
8,52231,GET,357630224362948,357630224364581
8,43523,GET,357630224364722,357630224366245
8,39437,GET,357630224366386,357630224366937
8,52743,GET,357630224367639,357630224368521
8,42248,GET,357630224369814,357630224370495
8,53511,GET,357630224370646,357630224371688
8,58882,GET,357630224375276,357630224378053
8,54021,GET,357630224378203,357630224379346
8,51974,GET,357630224380107,357630224380769
8,51978,GET,357630224380919,357630224383926
8,54025,GET,357630224384678,357630224385139
8,55820,GET,357630224385290,357630224386302
8,56327,GET,357630224386452,357630224387675
8,56332,GET,357630224387805,357630224388557
8,59394,GET,357630224389269,357630224390371
8,63489,GET,357630224390512,357630224391123
8,56078,GET,357630224391825,357630224392947
8,52239,GET,357630224393078,357630224393879
8,52490,GET,357630224394020,357630224395603
8,55563,GET,357630224395744,357630224396445
8,59908,GET,357630224397157,357630224398149
8,44045,GET,357630224399462,357630224400094
8,48899,GET,357630224400244,357630224401247
8,61188,GET,357630224404203,357630224405086
8,56069,GET,357630224405236,357630224406248
8,50432,GET,357630224406399,357630224407601
8,56335,GET,357630224414868,357630224417665
8,59399,GET,357630224417835,357630224419399
8,52992,GET,357630224419529,357630224420932
8,53248,GET,357630224421063,357630224421784
8,60422,GET,357630224424230,357630224427317
8,52483,GET,357630224429853,357630224430555
8,61702,GET,357630224431336,357630224432088
8,59659,GET,357630224433351,357630224434684
8,61452,GET,357630224434835,357630224436168
8,53251,GET,357630224436308,357630224438052
8,68097,GET,357630224438192,357630224438824
8,62470,GET,357630224438964,357630224439696
8,62983,GET,357630224440428,357630224440859
8,64014,GET,357630224440999,357630224442733
8,62732,GET,357630224442863,357630224444186
8,64772,GET,357630224444317,357630224446071
8,64261,GET,357630224446201,357630224447113
8,59658,GET,357630224447243,357630224447905
8,61707,GET,357630224448687,357630224449930
8,65294,GET,357630224451062,357630224451644
8,62475,GET,357630224452786,357630224453889
8,53000,GET,357630224455222,357630224456264
8,63755,GET,357630224457628,357630224459181
8,71681,GET,357630224462379,357630224463652
8,65033,GET,357630224463802,357630224464894
8,65798,GET,357630224465045,357630224466087
8,65797,GET,357630224466779,357630224467450
8,66053,GET,357630224468182,357630224469214
8,59395,GET,357630224469365,357630224470999
8,66822,GET,357630224471690,357630224472161
8,60416,GET,357630224491155,357630224492007
8,69378,GET,357630224492719,357630224493571
8,66059,GET,357630224495485,357630224496157
8,69639,GET,357630224496859,357630224497711
8,66569,GET,357630224503775,357630224504717
8,68870,GET,357630224505479,357630224506501
8,62979,GET,357630224508375,357630224509358
8,67083,GET,357630224509508,357630224510019
8,71182,GET,357630224511312,357630224512074
8,70662,GET,357630224512224,357630224512826
8,77313,GET,357630224513527,357630224514409
8,77569,GET,357630224514560,357630224515181
8,72206,GET,357630224515863,357630224517166
8,66575,GET,357630224517316,357630224519321
8,63744,GET,357630224522428,357630224524252
8,67338,GET,357630224524403,357630224525225
8,69899,GET,357630224525375,357630224526006
8,73986,GET,357630224526137,357630224527269
8,68362,GET,357630224529825,357630224530376
8,72966,GET,357630224531639,357630224532782
8,72460,GET,357630224533494,357630224534456
8,73220,GET,357630224534606,357630224536180
8,80641,GET,357630224536330,357630224538114
8,74759,GET,357630224538836,357630224539438
8,72457,GET,357630224539568,357630224541162
8,72713,GET,357630224541853,357630224543367
8,57869,GET,357630224543497,357630224544940
8,75276,GET,357630224546233,357630224547276
8,75778,GET,357630224547406,357630224548519
8,73481,GET,357630224548649,357630224550072
8,82433,GET,357630224550804,357630224551997
8,76290,GET,357630224552127,357630224553490
8,76812,GET,357630224554212,357630224554723
8,82689,GET,357630224554853,357630224556357
8,77324,GET,357630224556497,357630224557810
8,76549,GET,357630224558512,357630224559123
8,77570,GET,357630224559264,357630224561519
8,68867,GET,357630224561659,357630224563223
8,78094,GET,357630224563353,357630224564516
8,80647,GET,357630224565237,357630224566781
8,76548,GET,357630224566911,357630224567573
8,78860,GET,357630224567713,357630224568816
8,85505,GET,357630224568956,357630224570319
8,78594,GET,357630224570450,357630224571201
8,78084,GET,357630224573096,357630224573918
8,66056,GET,357630224574068,357630224574709
8,70400,GET,357630224577656,357630224578518
8,78853,GET,357630224580944,357630224581766
8,79371,GET,357630224582518,357630224583801
8,80398,GET,357630224583951,357630224585525
8,80654,GET,357630224585675,357630224586306
8,78857,GET,357630224586998,357630224588251
8,88065,GET,357630224588391,357630224589013
8,81163,GET,357630224590316,357630224591589
8,79625,GET,357630224591739,357630224592832
8,72960,GET,357630224593593,357630224594967
8,73216,GET,357630224595117,357630224595869
8,81931,GET,357630224596019,357630224596951
8,72963,GET,357630224597091,357630224599006
8,85004,GET,357630224599136,357630224601041
8,69896,GET,357630224602344,357630224603967
8,81412,GET,357630224604779,357630224606223
8,70920,GET,357630224607486,357630224608418
8,84487,GET,357630224609129,357630224610031
8,66573,GET,357630224610182,357630224610793
8,81934,GET,357630224611505,357630224612708
8,78339,GET,357630224652921,357630224654224
8,89351,GET,357630224654986,357630224655778
8,89863,GET,357630224655928,357630224657121
8,79375,GET,357630224657271,357630224658885
8,93185,GET,357630224660188,357630224660850
8,77824,GET,357630224660980,357630224662684
8,76296,GET,357630224662824,357630224663796
8,91655,GET,357630224664488,357630224665360
8,80911,GET,357630224665490,357630224666432
8,92679,GET,357630224667695,357630224668447
8,93447,GET,357630224668577,357630224670271
8,94215,GET,357630224670973,357630224672196
8,72461,GET,357630224672326,357630224672978
8,88068,GET,357630224674291,357630224674952
8,78344,GET,357630224675093,357630224676606
8,86278,GET,357630224677929,357630224679192
8,88843,GET,357630224679322,357630224680435
8,90377,GET,357630224682901,357630224683713
8,92930,GET,357630224683843,357630224685166
8,96268,GET,357630224687592,357630224688303
8,88326,GET,357630224689065,357630224689787
8,80392,GET,357630224689937,357630224690939
8,82176,GET,357630224691070,357630224691751
8,82432,GET,357630224691882,357630224692613
8,91662,GET,357630224692744,357630224693616
8,84751,GET,357630224693746,357630224694428
8,95490,GET,357630224695530,357630224696963
8,92165,GET,357630224697114,357630224698808
8,91402,GET,357630224701263,357630224702306
8,85251,GET,357630224702456,357630224704521
8,98567,GET,357630224705904,357630224707087
8,98823,GET,357630224708380,357630224708891
8,86275,GET,357630224709041,357630224710334
8,86287,GET,357630224710465,357630224711327
8,78349,GET,357630224712048,357630224713532
8,79117,GET,357630224713662,357630224715627
8,94469,GET,357630224715757,357630224716910
8,93966,GET,357630224717611,357630224718473
8,98562,GET,357630224719756,357630224720428
8,93193,GET,357630224720578,357630224722062
8,82952,GET,357630224722753,357630224723545
8,83208,GET,357630224724227,357630224726392
8,93190,GET,357630224726542,357630224727705
8,96773,GET,357630224728376,357630224729509
8,101388,GET,357630224729659,357630224731915
8,98058,GET,357630224738440,357630224740214
8,89871,GET,357630224740404,357630224741607
8,90127,GET,357630224741757,357630224742449
8,94985,GET,357630224742579,357630224743532
8,97028,GET,357630224744303,357630224745526
8,98570,GET,357630224746248,357630224747350
8,102146,GET,357630224747501,357630224748363
8,95238,GET,357630224748493,357630224749235
8,103681,GET,357630224750528,357630224752583
8,96006,GET,357630224753314,357630224754176
8,97033,GET,357630224755429,357630224756582
8,92163,GET,357630224756732,357630224758216
8,92419,GET,357630224758366,357630224759188
8,91648,GET,357630224759328,357630224761393
8,100362,GET,357630224761523,357630224762856
8,107015,GET,357630224768028,357630224768981
8,99081,GET,357630224785900,357630224786421
8,101386,GET,357630224787694,357630224788205
8,101893,GET,357630224788356,357630224789077
8,108039,GET,357630224789929,357630224790962
8,94208,GET,357630224791764,357630224792335
8,100107,GET,357630224799582,357630224800925
8,107521,GET,357630224802799,357630224803290
8,100614,GET,357630224803441,357630224804223
8,100875,GET,357630224804924,357630224807059
8,109057,GET,357630224807209,357630224808743
8,104202,GET,357630224809465,357630224810677
8,96527,GET,357630224811379,357630224812642
8,97536,GET,357630224812792,357630224813514
8,98563,GET,357630224813664,357630224814055
8,105220,GET,357630224815408,357630224816281
8,113676,GET,357630224816992,357630224818255
8,111623,GET,357630224818405,357630224820089
8,106756,GET,357630224820220,357630224821312
8,114188,GET,357630224821453,357630224822756
8,103435,GET,357630224822886,357630224825011
8,106762,GET,357630224827507,357630224828068
8,107268,GET,357630224828218,357630224830193
8,111362,GET,357630224830925,357630224832348
8,101891,GET,357630224833601,357630224835245
8,106505,GET,357630224835395,357630224836568
8,102659,GET,357630224840386,357630224842151
8,99840,GET,357630224842301,357630224843343
8,107273,GET,357630224844606,357630224845548
8,109322,GET,357630224845699,357630224847363
8,110852,GET,357630224848626,357630224850350
8,99343,GET,357630224852204,357630224852845
8,100864,GET,357630224853597,357630224854429
8,107275,GET,357630224855812,357630224856995
8,91405,GET,357630224857145,357630224858639
8,96264,GET,357630224858789,357630224859782
8,105478,GET,357630224859912,357630224861054
8,119564,GET,357630224861706,357630224862578
8,100367,GET,357630224863871,357630224865094
8,116738,GET,357630224865244,357630224866006
8,118023,GET,357630224866136,357630224867119
8,110862,GET,357630224867249,357630224868231
8,97544,GET,357630224868361,357630224869765
8,110597,GET,357630224871078,357630224872952
8,108038,GET,357630224873082,357630224873964
8,117505,GET,357630224874095,357630224875037
8,113161,GET,357630224875177,357630224876160
8,118530,GET,357630224876871,357630224877352
8,103424,GET,357630224877483,357630224878385
8,112650,GET,357630224880219,357630224881402
8,104448,GET,357630224881552,357630224883036
8,113418,GET,357630224884349,357630224885130
8,111877,GET,357630224888198,357630224889641
8,113934,GET,357630224889791,357630224890854
8,114446,GET,357630224891004,357630224892026
8,121346,GET,357630224892157,357630224893159
8,118020,GET,357630224893861,357630224894783
8,115214,GET,357630224895505,357630224896276
8,111883,GET,357630224896978,357630224897950
8,105472,GET,357630224899855,357630224902350
8,123143,GET,357630224903603,357630224905097
8,123399,GET,357630224905247,357630224907061
8,124423,GET,357630224910720,357630224911722
8,108047,GET,357630224914739,357630224915541
8,115461,GET,357630224932581,357630224933152
8,113670,GET,357630224933332,357630224933854
8,107776,GET,357630224934004,357630224934585
8,108032,GET,357630224934716,357630224935548
8,120836,GET,357630224936399,357630224937081
8,118537,GET,357630224937221,357630224939116
8,116483,GET,357630224939827,357630224940730
8,126471,GET,357630224940860,357630224941722
8,117507,GET,357630224941852,357630224943446
8,109824,GET,357630224944147,357630224945340
8,119562,GET,357630224946733,357630224947956
8,116229,GET,357630224949219,357630224949801
8,111119,GET,357630224951154,357630224952316
8,105736,GET,357630224952467,357630224953339
8,116741,GET,357630224953489,357630224954953
8,120067,GET,357630224955764,357630224956687
8,120323,GET,357630224956817,357630224957448
8,115718,GET,357630224958200,357630224959593
8,112143,GET,357630224959724,357630224960626
8,115974,GET,357630224960756,357630224961418
8,121353,GET,357630224961558,357630224962169
8,112911,GET,357630224962300,357630224963733
8,126465,GET,357630224964425,357630224965768
8,116742,GET,357630224965898,357630224967191
8,110848,GET,357630224967321,357630224968765
8,123146,GET,357630224970118,357630224971701
8,114447,GET,357630224972974,357630224973646
8,111872,GET,357630224974338,357630224976613
8,123914,GET,357630224977986,357630224979008
8,124686,GET,357630224981965,357630224982767
8,124938,GET,357630224984211,357630224985423
8,125450,GET,357630224985574,357630224986897
8,129793,GET,357630224987588,357630224988671
8,110856,GET,357630224989352,357630224990455
8,133388,GET,357630224991808,357630224993231
8,127492,GET,357630224994033,357630224995607
8,130818,GET,357630224996970,357630224997582
8,131074,GET,357630224997732,357630224998654
9,265,PUT,357630223411879,357630223412300
9,521,PUT,357630223412791,357630223413021
9,777,PUT,357630223413212,357630223413402
9,1033,PUT,357630223413553,357630223413743
9,1289,PUT,357630223413893,357630223414084
9,1545,PUT,357630223414234,357630223414425
9,1801,PUT,357630223414575,357630223414765
9,2057,PUT,357630223415066,357630223415257
9,2313,PUT,357630223415407,357630223415597
9,2569,PUT,357630223415748,357630223415938
9,2825,PUT,357630223416089,357630223416289
9,3081,PUT,357630223416439,357630223416630
9,3337,PUT,357630223416780,357630223416981
9,3593,PUT,357630223417121,357630223417321
9,3849,PUT,357630223417472,357630223417672
9,4105,PUT,357630223417963,357630223418153
9,4361,PUT,357630223418304,357630223418494
9,4617,PUT,357630223418644,357630223418835
9,4873,PUT,357630223418985,357630223419176
9,5129,PUT,357630223419326,357630223419517
9,5385,PUT,357630223419667,357630223419857
9,5641,PUT,357630223420008,357630223420198
9,5897,PUT,357630223420348,357630223420539
9,6153,PUT,357630223420830,357630223421030
9,6409,PUT,357630223421170,357630223421371
9,6665,PUT,357630223421511,357630223421712
9,6921,PUT,357630223421852,357630223422052
9,7177,PUT,357630223422193,357630223422393
9,7433,PUT,357630223422534,357630223422734
9,7689,PUT,357630223422874,357630223423075
9,7945,PUT,357630223423215,357630223423416
9,8201,PUT,357630223423706,357630223423907
9,8457,PUT,357630223424047,357630223424247
9,8713,PUT,357630223424388,357630223424588
9,8969,PUT,357630223424729,357630223424929
9,9225,PUT,357630223425069,357630223425270
9,9481,PUT,357630223425410,357630223425611
9,9737,PUT,357630223425751,357630223425951
9,9993,PUT,357630223426092,357630223426292
9,10249,PUT,357630223426603,357630223426803
9,10505,PUT,357630223426944,357630223427144
9,10761,PUT,357630223427285,357630223427485
9,11017,PUT,357630223427625,357630223427826
9,11273,PUT,357630223427966,357630223428167
9,11529,PUT,357630223428307,357630223428507
9,11785,PUT,357630223428648,357630223428848
9,12041,PUT,357630223428989,357630223429189
9,12297,PUT,357630223429470,357630223429670
9,12553,PUT,357630223429810,357630223430011
9,12809,PUT,357630223430151,357630223435083
9,13065,PUT,357630223435383,357630223435584
9,13321,PUT,357630223435734,357630223435925
9,13577,PUT,357630223436075,357630223436265
9,13833,PUT,357630223436416,357630223436606
9,14089,PUT,357630223436757,357630223436947
9,14345,PUT,357630223437238,357630223437438
9,14601,PUT,357630223437578,357630223437779
9,14857,PUT,357630223437919,357630223438120
9,15113,PUT,357630223438260,357630223438461
9,15369,PUT,357630223438601,357630223438801
9,15625,PUT,357630223438942,357630223439142
9,15881,PUT,357630223439282,357630223439483
9,16137,PUT,357630223439623,357630223439824
9,16393,PUT,357630223440124,357630223440315
9,16649,PUT,357630223894139,357630223894901
9,16905,PUT,357630223896765,357630223897066
9,17161,PUT,357630223897326,357630223897697
9,17417,PUT,357630223899591,357630223899882
9,17673,PUT,357630223900153,357630223900524
9,17929,PUT,357630223902067,357630223902398
9,18185,PUT,357630223906257,357630223906558
9,18441,PUT,357630223906949,357630223907249
9,18697,PUT,357630223907530,357630223907911
9,18953,PUT,357630223909003,357630223909374
9,19209,PUT,357630223911449,357630223911870
9,19465,PUT,357630223916330,357630223916641
9,19721,PUT,357630223916912,357630223917273
9,19977,PUT,357630223917543,357630223917834
9,20233,PUT,357630223918084,357630223918385
9,20489,PUT,357630223920921,357630223921282
9,20745,PUT,357630223921593,357630223921893
9,21001,PUT,357630223922154,357630223922485
9,21257,PUT,357630223924409,357630223924730
9,21513,PUT,357630223924980,357630223925281
9,21769,PUT,357630223932027,357630223932368
9,22025,PUT,357630223934092,357630223934432
9,22281,PUT,357630223938472,357630223938762
9,22537,PUT,357630223940236,357630223940527
9,22793,PUT,357630223943594,357630223943894
9,23049,PUT,357630223945839,357630223946150
9,23305,PUT,357630223956464,357630223956935
9,23561,PUT,357630223957245,357630223957536
9,23817,PUT,357630223957817,357630223958168
9,24073,PUT,357630223960884,357630223961235
9,24329,PUT,357630223961495,357630223961786
9,24585,PUT,357630223962037,357630223962337
9,24841,PUT,357630223967279,357630223967569
9,25097,PUT,357630223967820,357630223968121
9,25353,PUT,357630223968371,357630223968722
9,25609,PUT,357630223971047,357630223971338
9,25865,PUT,357630223973323,357630223973623
9,26121,PUT,357630223973894,357630223974095
9,26377,PUT,357630223974255,357630223974566
9,26633,PUT,357630223979026,357630223979397
9,26889,PUT,357630223980700,357630223980991
9,27145,PUT,357630223984579,357630223985100
9,27401,PUT,357630223985952,357630223986243
9,27657,PUT,357630223989099,357630223989400
9,27913,PUT,357630223989671,357630223989961
9,28169,PUT,357630223990232,357630223990533
9,28425,PUT,357630223993690,357630223993991
9,28681,PUT,357630223994251,357630223994682
9,28937,PUT,357630223999564,357630223999975
9,29193,PUT,357630224020693,357630224021034
9,29449,PUT,357630224021976,357630224022266
9,29705,PUT,357630224022537,357630224022828
9,29961,PUT,357630224023108,357630224023399
9,30217,PUT,357630224023660,357630224024010
9,30473,PUT,357630224024261,357630224024602
9,30729,PUT,357630224025434,357630224025785
9,30985,PUT,357630224026045,357630224026346
9,31241,PUT,357630224026596,357630224026897
9,31497,PUT,357630224027148,357630224027438
9,31753,PUT,357630224027689,357630224028010
9,32009,PUT,357630224028280,357630224028571
9,32265,PUT,357630224029493,357630224029814
9,32521,PUT,357630224030075,357630224030385
9,32777,PUT,357630224030636,357630224030957
9,33033,PUT,357630224031217,357630224031448
9,33289,PUT,357630224031708,357630224032009
9,33545,PUT,357630224032280,357630224032570
9,33801,PUT,357630224033703,357630224033994
9,34057,PUT,357630224034244,357630224034535
9,34313,PUT,357630224035647,357630224035948
9,34569,PUT,357630224036209,357630224036550
9,34825,PUT,357630224038454,357630224038795
9,35081,PUT,357630224040529,357630224040759
9,35337,PUT,357630224041030,357630224041321
9,35593,PUT,357630224044177,357630224044478
9,35849,PUT,357630224071230,357630224071922
9,36105,PUT,357630224072413,357630224072954
9,36361,PUT,357630224075470,357630224075771
9,36617,PUT,357630224079780,357630224080081
9,36873,PUT,357630224080361,357630224080652
9,37129,PUT,357630224080923,357630224081344
9,37385,PUT,357630224081604,357630224081895
9,37641,PUT,357630224082155,357630224082436
9,37897,PUT,357630224082707,357630224082997
9,38153,PUT,357630224083268,357630224083569
9,38409,PUT,357630224084541,357630224084832
9,38665,PUT,357630224086355,357630224086706
9,38921,PUT,357630224086977,357630224087297
9,39177,PUT,357630224088350,357630224088651
9,39433,PUT,357630224091778,357630224092089
9,39689,PUT,357630224092359,357630224092650
9,39945,PUT,357630224092920,357630224093221
9,40201,PUT,357630224098443,357630224098744
9,40457,PUT,357630224101460,357630224101751
9,40713,PUT,357630224103485,357630224103776
9,40969,PUT,357630224104046,357630224104337
9,41225,PUT,357630224104598,357630224104818
9,41481,PUT,357630224106632,357630224106933
9,41737,PUT,357630224107194,357630224107494
9,41993,PUT,357630224107745,357630224108056
9,42249,PUT,357630224108316,357630224108767
9,42505,PUT,357630224109028,357630224109349
9,42761,PUT,357630224109609,357630224109840
9,43017,PUT,357630224111243,357630224111554
9,43273,PUT,357630224112646,357630224113017
9,43529,PUT,357630224118911,357630224119212
9,43785,PUT,357630224123010,357630224123311
9,44041,PUT,357630224123592,357630224123882
9,44297,PUT,357630224124163,357630224124494
9,44553,PUT,357630224125827,357630224126128
9,44809,PUT,357630224128403,357630224128714
9,45065,PUT,357630224128994,357630224129285
9,45321,PUT,357630224131931,357630224132222
9,45577,PUT,357630224132502,357630224132793
9,45833,PUT,357630224136111,357630224136412
9,46089,PUT,357630224138296,357630224138657
9,46345,PUT,357630224139819,357630224140110
9,46601,PUT,357630224140401,357630224140691
9,46857,PUT,357630224140972,357630224141283
9,47113,PUT,357630224141543,357630224141794
9,47369,PUT,357630224146244,357630224146595
9,47625,PUT,357630224154133,357630224154453
9,47881,PUT,357630224154754,357630224155125
9,48137,PUT,357630224155396,357630224155696
9,48393,PUT,357630224157120,357630224157480
9,48649,PUT,357630224161460,357630224161750
9,48905,PUT,357630224162021,357630224162312
9,49161,PUT,357630224165218,357630224165509
9,49417,PUT,357630224165780,357630224166080
9,49673,PUT,357630224176044,357630224176344
9,49929,PUT,357630224176615,357630224176906
9,50185,PUT,357630224177186,357630224177527
9,50441,PUT,357630224177798,357630224178108
9,50697,PUT,357630224178369,357630224178660
9,50953,PUT,357630224181216,357630224181516
9,51209,PUT,357630224181777,357630224182068
9,51465,PUT,357630224182318,357630224182619
9,51721,PUT,357630224201803,357630224202254
9,51977,PUT,357630224209932,357630224210413
9,52233,PUT,357630224210724,357630224211035
9,52489,PUT,357630224211285,357630224211596
9,52745,PUT,357630224217169,357630224217660
9,53001,PUT,357630224219464,357630224219795
9,53257,PUT,357630224220066,357630224220366
9,53513,PUT,357630224220617,357630224220928
9,53769,PUT,357630224221178,357630224221499
9,54025,PUT,357630224226190,357630224226421
9,54281,PUT,357630224226651,357630224226972
9,54537,PUT,357630224228285,357630224228576
9,54793,PUT,357630224228836,357630224229037
9,55049,PUT,357630224231953,357630224232354
9,55305,PUT,357630224242829,357630224243119
9,55561,PUT,357630224243400,357630224243691
9,55817,PUT,357630224245355,357630224245655
9,56073,PUT,357630224249624,357630224249915
9,56329,PUT,357630224250176,357630224250486
9,56585,PUT,357630224253904,357630224254195
9,56841,PUT,357630224254476,357630224254796
9,57097,PUT,357630224255067,357630224255358
9,57353,PUT,357630224257012,357630224257302
9,57609,PUT,357630224257573,357630224257864
9,57865,PUT,357630224258114,357630224258405
9,58121,PUT,357630224263547,357630224263837
9,58377,PUT,357630224264098,357630224264409
9,58633,PUT,357630224264669,357630224265010
9,58889,PUT,357630224265271,357630224265582
9,59145,PUT,357630224265842,357630224266133
9,59401,PUT,357630224268699,357630224268999
9,59657,PUT,357630224277840,357630224278131
9,59913,PUT,357630224278401,357630224278752
9,60169,PUT,357630224279033,357630224279454
9,60425,PUT,357630224280787,357630224281088
9,60681,PUT,357630224281348,357630224281639
9,60937,PUT,357630224281889,357630224282180
9,61193,PUT,357630224282441,357630224282731
9,61449,PUT,357630224282992,357630224283283
9,61705,PUT,357630224298368,357630224298658
9,61961,PUT,357630224298939,357630224299230
9,62217,PUT,357630224299480,357630224299761
9,62473,PUT,357630224300021,357630224300392
9,62729,PUT,357630224300663,357630224300984
9,62985,PUT,357630224301244,357630224301615
9,63241,PUT,357630224301876,357630224302197
9,63497,PUT,357630224302457,357630224302828
9,63753,PUT,357630224305474,357630224305775
9,64009,PUT,357630224306025,357630224306326
9,64265,PUT,357630224306607,357630224307108
9,64521,PUT,357630224308692,357630224308972
9,64777,PUT,357630224309233,357630224309524
9,65033,PUT,357630224309774,357630224310065
9,65289,PUT,357630224310315,357630224310626
9,65545,PUT,357630224319096,357630224319396
9,65801,PUT,357630224319677,357630224319988
9,66057,PUT,357630224322103,357630224322393
9,66313,PUT,357630224325390,357630224325741
9,66569,PUT,357630224344084,357630224344605
9,66825,PUT,357630224345016,357630224345307
9,67081,PUT,357630224345567,357630224345878
9,67337,PUT,357630224350248,357630224350539
9,67593,PUT,357630224352293,357630224352584
9,67849,PUT,357630224352864,357630224353235
9,68105,PUT,357630224355981,357630224356352
9,68361,PUT,357630224356623,357630224357014
9,68617,PUT,357630224359289,357630224359690
9,68873,PUT,357630224359961,357630224360482
9,69129,PUT,357630224360753,357630224361083
9,69385,PUT,357630224362978,357630224363268
9,69641,PUT,357630224364762,357630224365053
9,69897,PUT,357630224366817,357630224367107
9,70153,PUT,357630224368621,357630224368952
9,70409,PUT,357630224370275,357630224370555
9,70665,PUT,357630224371858,357630224372169
9,70921,PUT,357630224373943,357630224374234
9,71177,PUT,357630224378544,357630224378835
9,71433,PUT,357630224379105,357630224379466
9,71689,PUT,357630224379737,357630224380077
9,71945,PUT,357630224380348,357630224380659
9,72201,PUT,357630224380929,357630224381220
9,72457,PUT,357630224386422,357630224386753
9,72713,PUT,357630224388497,357630224388798
9,72969,PUT,357630224389068,357630224389379
9,73225,PUT,357630224389630,357630224389950
9,73481,PUT,357630224395794,357630224396085
9,73737,PUT,357630224396375,357630224396676
9,73993,PUT,357630224396957,357630224397247
9,74249,PUT,357630224397508,357630224398029
9,74505,PUT,357630224401377,357630224401668
9,74761,PUT,357630224401918,357630224402219
9,75017,PUT,357630224404003,357630224404334
9,75273,PUT,357630224404594,357630224404965
9,75529,PUT,357630224407782,357630224408072
9,75785,PUT,357630224408333,357630224408654
9,76041,PUT,357630224418587,357630224418938
9,76297,PUT,357630224419218,357630224419509
9,76553,PUT,357630224421965,357630224422255
9,76809,PUT,357630224422536,357630224422877
9,77065,PUT,357630224423979,357630224424300
9,77321,PUT,357630224424571,357630224424871
9,77577,PUT,357630224427488,357630224427778
9,77833,PUT,357630224430635,357630224431026
9,78089,PUT,357630224432188,357630224432489
9,78345,PUT,357630224432760,357630224433050
9,78601,PUT,357630224433321,357630224433612
9,78857,PUT,357630224433872,357630224434223
9,79113,PUT,357630224434484,357630224434774
9,79369,PUT,357630224438243,357630224438533
9,79625,PUT,357630224439525,357630224439816
9,79881,PUT,357630224440969,357630224441330
9,80137,PUT,357630224442893,357630224443194
9,80393,PUT,357630224443465,357630224443755
9,80649,PUT,357630224444026,357630224444317
9,80905,PUT,357630224444567,357630224444858
9,81161,PUT,357630224445108,357630224445409
9,81417,PUT,357630224447694,357630224447985
9,81673,PUT,357630224448256,357630224448476
9,81929,PUT,357630224448717,357630224449008
9,82185,PUT,357630224449268,357630224449559
9,82441,PUT,357630224449819,357630224450110
9,82697,PUT,357630224450371,357630224450721
9,82953,PUT,357630224450982,357630224451363
9,83209,PUT,357630224451634,357630224451934
9,83465,PUT,357630224452205,357630224452496
9,83721,PUT,357630224453989,357630224454280
9,83977,PUT,357630224454540,357630224454921
9,84233,PUT,357630224455182,357630224455573
9,84489,PUT,357630224455823,357630224456134
9,84745,PUT,357630224456385,357630224456766
9,85001,PUT,357630224457026,357630224457327
9,85257,PUT,357630224460715,357630224461015
9,85513,PUT,357630224461988,357630224462298
9,85769,PUT,357630224463822,357630224464113
9,86025,PUT,357630224469044,357630224469335
9,86281,PUT,357630224488339,357630224488990
9,86537,PUT,357630224489371,357630224489672
9,86793,PUT,357630224492188,357630224492499
9,87049,PUT,357630224496047,357630224496337
9,87305,PUT,357630224496618,357630224496839
9,87561,PUT,357630224504907,357630224505218
9,87817,PUT,357630224505529,357630224505829
9,88073,PUT,357630224506671,357630224507002
9,88329,PUT,357630224509458,357630224509929
9,88585,PUT,357630224510210,357630224510510
9,88841,PUT,357630224510791,357630224511072
9,89097,PUT,357630224512996,357630224513297
9,89353,PUT,357630224520945,357630224521235
9,89609,PUT,357630224525345,357630224525635
9,89865,PUT,357630224525906,357630224526197
9,90121,PUT,357630224527700,357630224527991
9,90377,PUT,357630224529585,357630224529885
9,90633,PUT,357630224531038,357630224531339
9,90889,PUT,357630224531609,357630224531900
9,91145,PUT,357630224532171,357630224532461
9,91401,PUT,357630224532722,357630224533023
9,91657,PUT,357630224539317,357630224539718
9,91913,PUT,357630224542595,357630224542916
9,92169,PUT,357630224545061,357630224545361
9,92425,PUT,357630224548068,357630224548458
9,92681,PUT,357630224550263,357630224550583
9,92937,PUT,357630224567312,357630224567603
9,93193,PUT,357630224571392,357630224571682
9,93449,PUT,357630224571953,357630224572244
9,93705,PUT,357630224572494,357630224572855
9,93961,PUT,357630224575662,357630224576253
9,94217,PUT,357630224582257,357630224582618
9,94473,PUT,357630224583981,357630224584272
9,94729,PUT,357630224587840,357630224588131
9,94985,PUT,357630224590656,357630224590947
9,95241,PUT,357630224593022,357630224593353
9,95497,PUT,357630224593643,357630224593944
9,95753,PUT,357630224594195,357630224594485
9,96009,PUT,357630224594756,357630224595047
9,96265,PUT,357630224596029,357630224596350
9,96521,PUT,357630224596620,357630224596921
9,96777,PUT,357630224597332,357630224597643
9,97033,PUT,357630224604088,357630224604479
9,97289,PUT,357630224606333,357630224606634
9,97545,PUT,357630224606894,357630224607195
9,97801,PUT,357630224608518,357630224608839
9,98057,PUT,357630224610132,357630224610633
9,98313,PUT,357630224610914,357630224611204
9,98569,PUT,357630224611495,357630224611786
9,98825,PUT,357630224630639,357630224631451
9,99081,PUT,357630224631872,357630224632163
9,99337,PUT,357630224633867,357630224634158
9,99593,PUT,357630224635290,357630224635621
9,99849,PUT,357630224637104,357630224637395
9,100105,PUT,357630224637666,357630224637996
9,100361,PUT,357630224640793,357630224641174
9,100617,PUT,357630224641444,357630224641735
9,100873,PUT,357630224643980,357630224644271
9,101129,PUT,357630224644552,357630224644842
9,101385,PUT,357630224645113,357630224645424
9,101641,PUT,357630224645674,357630224645985
9,101897,PUT,357630224647358,357630224647739
9,102153,PUT,357630224648922,357630224649223
9,102409,PUT,357630224649483,357630224649784
9,102665,PUT,357630224650987,357630224651287
9,102921,PUT,357630224652490,357630224652791
9,103177,PUT,357630224654395,357630224654705
9,103433,PUT,357630224659005,357630224659306
9,103689,PUT,357630224662874,357630224663165
9,103945,PUT,357630224663436,357630224663756
9,104201,PUT,357630224665240,357630224665530
9,104457,PUT,357630224667956,357630224668247
9,104713,PUT,357630224672046,357630224672396
9,104969,PUT,357630224672667,357630224672867
9,105225,PUT,357630224674201,357630224674561
9,105481,PUT,357630224674842,357630224675163
9,105737,PUT,357630224680545,357630224680846
9,105993,PUT,357630224682460,357630224682871
9,106249,PUT,357630224683151,357630224683452
9,106505,PUT,357630224683713,357630224684033
9,106761,PUT,357630224689907,357630224690228
9,107017,PUT,357630224691942,357630224692232
9,107273,PUT,357630224693796,357630224694097
9,107529,PUT,357630224694367,357630224694668
9,107785,PUT,357630224694939,357630224695229
9,108041,PUT,357630224695490,357630224695791
9,108297,PUT,357630224696051,357630224696342
9,108553,PUT,357630224697294,357630224697615
9,108809,PUT,357630224697876,357630224698206
9,109065,PUT,357630224698467,357630224698768
9,109321,PUT,357630224699018,357630224699289
9,109577,PUT,357630224699539,357630224699840
9,109833,PUT,357630224700101,357630224700411
9,110089,PUT,357630224701925,357630224702256
9,110345,PUT,357630224704691,357630224705002
9,110601,PUT,357630224705273,357630224705654
9,110857,PUT,357630224705914,357630224706245
9,111113,PUT,357630224708851,357630224709142
9,111369,PUT,357630224710525,357630224710816
9,111625,PUT,357630224711086,357630224711387
9,111881,PUT,357630224720548,357630224720849
9,112137,PUT,357630224721119,357630224721480
9,112393,PUT,357630224728557,357630224728857
9,112649,PUT,357630224729840,357630224730130
9,112905,PUT,357630224730401,357630224730732
9,113161,PUT,357630224731002,357630224731313
9,113417,PUT,357630224740755,357630224741086
9,113673,PUT,357630224742549,357630224742840
9,113929,PUT,357630224744494,357630224744784
9,114185,PUT,357630224745065,357630224745416
9,114441,PUT,357630224746749,357630224747040
9,114697,PUT,357630224748463,357630224748754
9,114953,PUT,357630224749034,357630224749325
9,115209,PUT,357630224751189,357630224751480
9,115465,PUT,357630224751761,357630224752051
9,115721,PUT,357630224754277,357630224754567
9,115977,PUT,357630224754848,357630224755149
9,116233,PUT,357630224755419,357630224755700
9,116489,PUT,357630224755960,357630224756251
9,116745,PUT,357630224759288,357630224759589
9,117001,PUT,357630224761563,357630224761854
9,117257,PUT,357630224762125,357630224762425
9,117513,PUT,357630224787193,357630224787644
9,117769,PUT,357630224790551,357630224790841
9,118025,PUT,357630224791132,357630224791533
9,118281,PUT,357630224791794,357630224792225
9,118537,PUT,357630224792485,357630224792796
9,118793,PUT,357630224794700,357630224795001
9,119049,PUT,357630224795252,357630224795552
9,119305,PUT,357630224803411,357630224803701
9,119561,PUT,357630224807620,357630224807911
9,119817,PUT,357630224808192,357630224808512
9,120073,PUT,357630224814025,357630224814526
9,120329,PUT,357630224814807,357630224815098
9,120585,PUT,357630224815348,357630224815639
9,120841,PUT,357630224815890,357630224816180
9,121097,PUT,357630224818355,357630224818706
9,121353,PUT,357630224820500,357630224820791
9,121609,PUT,357630224821062,357630224821352
9,121865,PUT,357630224822926,357630224823237
9,122121,PUT,357630224826765,357630224827066
9,122377,PUT,357630224827336,357630224827747
9,122633,PUT,357630224829120,357630224829481
9,122889,PUT,357630224835535,357630224835826
9,123145,PUT,357630224836107,357630224836437
9,123401,PUT,357630224839945,357630224840316
9,123657,PUT,357630224842331,357630224842672
9,123913,PUT,357630224844115,357630224844376
9,124169,PUT,357630224845629,357630224846020
9,124425,PUT,357630224850470,357630224850781
9,124681,PUT,357630224855211,357630224855592
9,124937,PUT,357630224855872,357630224856233
9,125193,PUT,357630224859962,357630224860253
9,125449,PUT,357630224860523,357630224860824
9,125705,PUT,357630224861125,357630224861415
9,125961,PUT,357630224861676,357630224861987
9,126217,PUT,357630224863430,357630224863751
9,126473,PUT,357630224864001,357630224864362
9,126729,PUT,357630224866186,357630224866477
9,126985,PUT,357630224866728,357630224867018
9,127241,PUT,357630224872150,357630224872441
9,127497,PUT,357630224872712,357630224873002
9,127753,PUT,357630224874145,357630224874436
9,128009,PUT,357630224874726,357630224875047
9,128265,PUT,357630224875298,357630224875628
9,128521,PUT,357630224875909,357630224876240
9,128777,PUT,357630224877312,357630224877603
9,129033,PUT,357630224877854,357630224878184
9,129289,PUT,357630224884168,357630224884459
9,129545,PUT,357630224884729,357630224885100
9,129801,PUT,357630224886494,357630224886824
9,130057,PUT,357630224887095,357630224887406
9,130313,PUT,357630224890954,357630224891245
9,130569,PUT,357630224893851,357630224894131
9,130825,PUT,357630224894402,357630224894753
9,131081,PUT,357630224896377,357630224896667
9,131337,PUT,357630224896968,357630224897259
9,131593,PUT,357630224897529,357630224897820
9,131849,PUT,357630224899293,357630224899614
9,132105,PUT,357630224899885,357630224900225
9,132361,PUT,357630224900476,357630224900787
9,132617,PUT,357630224901047,357630224901398
9,132873,PUT,357630224903734,357630224904024
9,133129,PUT,357630224904275,357630224904566
9,133385,PUT,357630224904816,357630224905107
9,133641,PUT,357630224905367,357630224905648
9,133897,PUT,357630224908705,357630224909056
9,134153,PUT,357630224910960,357630224911251
9,134409,PUT,357630224915731,357630224916092
9,134665,PUT,357630224932420,357630224932861
9,134921,PUT,357630224933262,357630224933563
9,135177,PUT,357630224933844,357630224934134
9,135433,PUT,357630224935317,357630224935618
9,135689,PUT,357630224941902,357630224942243
9,135945,PUT,357630224943777,357630224944077
9,136201,PUT,357630224945511,357630224945821
9,136457,PUT,357630224946102,357630224946493
9,136713,PUT,357630224946774,357630224947064
9,136969,PUT,357630224947325,357630224947616
9,137225,PUT,357630224952437,357630224952737
9,137481,PUT,357630224956807,357630224957098
9,137737,PUT,357630224958591,357630224958882
9,137993,PUT,357630224959172,357630224959543
9,138249,PUT,357630224959804,357630224960145
9,138505,PUT,357630224962280,357630224962570
9,138761,PUT,357630224962831,357630224963122
9,139017,PUT,357630224963372,357630224963673
9,139273,PUT,357630224967311,357630224967602
9,139529,PUT,357630224968935,357630224969316
9,139785,PUT,357630224969587,357630224969877
9,140041,PUT,357630224972654,357630224972874
9,140297,PUT,357630224973075,357630224973436
9,140553,PUT,357630224976964,357630224977304
9,140809,PUT,357630224979099,357630224979389
9,141065,PUT,357630224982887,357630224983198
9,141321,PUT,357630224983479,357630224983890
9,141577,PUT,357630224985584,357630224985884
9,141833,PUT,357630224988771,357630224989062
9,142089,PUT,357630224989332,357630224989683
9,142345,PUT,357630224990625,357630224990976
9,142601,PUT,357630224991257,357630224991588
9,142857,PUT,357630224993332,357630224993743
9,143113,PUT,357630224997702,357630224998043
9,3087,GET,357630223891523,357630223893267
9,5391,GET,357630223895291,357630223895843
9,6159,GET,357630223895993,357630223896605
9,8463,GET,357630223897988,357630223898740
9,9487,GET,357630223898910,357630223899431
9,269,GET,357630223900814,357630223901907
9,525,GET,357630223902679,357630223903260
9,14095,GET,357630223903410,357630223904353
9,14351,GET,357630223904483,357630223905134
9,2061,GET,357630223905285,357630223906107
9,4877,GET,357630223908201,357630223908873
9,8461,GET,357630223909895,357630223911309
9,11533,GET,357630223912121,357630223912953
9,13581,GET,357630223913103,357630223913935
9,14861,GET,357630223914085,357630223914697
9,1028,GET,357630223914827,357630223916180
9,9732,GET,357630223918656,357630223920771
9,16388,GET,357630223922755,357630223924279
9,4357,GET,357630223925542,357630223926775
9,6405,GET,357630223926925,357630223927877
9,8965,GET,357630223928007,357630223929230
9,11781,GET,357630223929371,357630223930243
9,13061,GET,357630223930373,357630223931045
9,14597,GET,357630223931175,357630223931876
9,2307,GET,357630223932698,357630223933941
9,8451,GET,357630223934683,357630223936788
9,514,GET,357630223936938,357630223938321
9,2562,GET,357630223939013,357630223940096
9,15363,GET,357630223940787,357630223941860
9,16131,GET,357630223942010,357630223942722
9,6402,GET,357630223942872,357630223943443
9,11522,GET,357630223944145,357630223945689
9,14600,GET,357630223946400,357630223956173
9,6153,GET,357630223958458,357630223959821
9,7945,GET,357630223959972,357630223960744
9,13321,GET,357630223962608,357630223963340
9,16393,GET,357630223963490,357630223964913
9,2054,GET,357630223965064,357630223966106
9,4358,GET,357630223966236,357630223967128
9,9990,GET,357630223968993,357630223969825
9,12550,GET,357630223969955,357630223970897
9,1290,GET,357630223971619,357630223973172
9,5642,GET,357630223974836,357630223975448
9,7946,GET,357630223975598,357630223976510
9,10250,GET,357630223976660,357630223977613
9,12810,GET,357630223977753,357630223978876
9,16138,GET,357630223979647,357630223980550
9,5902,GET,357630223981241,357630223983236
9,7950,GET,357630223983386,357630223984429
9,10254,GET,357630223985361,357630223985812
9,13838,GET,357630223986503,357630223987616
9,16398,GET,357630223987776,357630223988959
9,5644,GET,357630223990803,357630223991705
9,9740,GET,357630223991856,357630223993550
9,3329,GET,357630223994953,357630223999283
9,7425,GET,357630224019891,357630224020482
9,8449,GET,357630224021334,357630224021835
9,12801,GET,357630224024882,357630224025303
9,3339,GET,357630224028842,357630224029363
9,11787,GET,357630224032841,357630224033573
9,15883,GET,357630224034806,357630224035517
9,4871,GET,357630224036810,357630224038314
9,7687,GET,357630224039065,357630224039687
9,8711,GET,357630224039837,357630224040399
9,12295,GET,357630224041601,357630224042243
9,13575,GET,357630224042393,357630224042914
9,15879,GET,357630224043065,357630224044027
9,2560,GET,357630224044739,357630224045641
9,4096,GET,357630224045771,357630224046613
9,16654,GET,357630224073205,357630224074297
9,17414,GET,357630224074508,357630224075320
9,18438,GET,357630224076021,357630224077946
9,18950,GET,357630224078096,357630224079630
9,16650,GET,357630224083849,357630224084381
9,21506,GET,357630224085102,357630224086215
9,19471,GET,357630224087568,357630224088200
9,20993,GET,357630224088911,357630224090054
9,18947,GET,357630224090204,357630224090896
9,22284,GET,357630224091046,357630224091627
9,17419,GET,357630224093482,357630224095286
9,19459,GET,357630224095436,357630224096569
9,21001,GET,357630224096709,357630224097511
9,21518,GET,357630224097641,357630224098293
9,21257,GET,357630224098995,357630224099786
9,24066,GET,357630224099927,357630224101310
9,23558,GET,357630224102012,357630224103335
9,18951,GET,357630224105089,357630224106492
9,20739,GET,357630224110120,357630224111113
9,16896,GET,357630224111834,357630224112506
9,20491,GET,357630224113258,357630224114240
9,20746,GET,357630224114390,357630224115603
9,24334,GET,357630224115754,357630224117087
9,26380,GET,357630224117227,357630224118761
9,17152,GET,357630224119462,357630224120054
9,22027,GET,357630224120194,357630224121086
9,26881,GET,357630224121226,357630224122860
9,23811,GET,357630224124784,357630224125677
9,22532,GET,357630224126378,357630224127140
9,23307,GET,357630224127290,357630224128263
9,23819,GET,357630224129536,357630224130317
9,24068,GET,357630224130468,357630224131801
9,23559,GET,357630224133064,357630224134086
9,24843,GET,357630224134236,357630224135981
9,26374,GET,357630224136662,357630224138166
9,29186,GET,357630224138917,357630224139689
9,19456,GET,357630224142075,357630224145092
9,29701,GET,357630224145242,357630224146094
9,27403,GET,357630224146876,357630224148690
9,26886,GET,357630224148820,357630224149542
9,26628,GET,357630224149672,357630224152038
9,31746,GET,357630224152168,357630224153211
9,27654,GET,357630224153341,357630224153982
9,32257,GET,357630224155977,357630224156979
9,28422,GET,357630224157741,357630224158252
9,20992,GET,357630224158403,357630224161309
9,18189,GET,357630224162582,357630224163605
9,31493,GET,357630224163755,357630224165068
9,32524,GET,357630224166351,357630224167183
9,22272,GET,357630224167333,357630224169027
9,22784,GET,357630224169158,357630224171212
9,29962,GET,357630224171343,357630224172385
9,28935,GET,357630224172515,357630224175001
9,31238,GET,357630224175141,357630224175893
9,24328,GET,357630224178930,357630224181085
9,33550,GET,357630224182879,357630224183892
9,31497,GET,357630224184042,357630224184884
9,31492,GET,357630224185024,357630224185927
9,28416,GET,357630224202635,357630224203768
9,34316,GET,357630224211877,357630224212558
9,23821,GET,357630224212709,357630224215225
9,33551,GET,357630224216267,357630224217019
9,34828,GET,357630224217911,357630224218562
9,31747,GET,357630224218693,357630224219314
9,33799,GET,357630224221770,357630224224676
9,39170,GET,357630224224827,357630224226040
9,35334,GET,357630224227242,357630224228155
9,34567,GET,357630224229207,357630224230360
9,35076,GET,357630224230510,357630224231823
9,35079,GET,357630224232605,357630224233968
9,40706,GET,357630224234118,357630224236073
9,36100,GET,357630224236223,357630224237697
9,35851,GET,357630224237827,357630224240062
9,35589,GET,357630224240193,357630224242678
9,36868,GET,357630224243961,357630224245204
9,37382,GET,357630224245916,357630224247379
9,39182,GET,357630224247530,357630224249484
9,37130,GET,357630224250737,357630224251599
9,44290,GET,357630224251749,357630224252922
9,40462,GET,357630224253072,357630224253754
9,31752,GET,357630224255638,357630224256871
9,38405,GET,357630224258685,357630224261051
9,38155,GET,357630224261201,357630224262033
9,38406,GET,357630224262184,357630224263386
9,39434,GET,357630224266403,357630224268568
9,41231,GET,357630224269280,357630224270733
9,46850,GET,357630224270884,357630224272036
9,33288,GET,357630224272177,357630224273179
9,41221,GET,357630224273309,357630224274342
9,29965,GET,357630224274482,357630224275013
9,48386,GET,357630224275144,357630224276006
9,44036,GET,357630224276136,357630224277690
9,43023,GET,357630224279734,357630224280657
9,40715,GET,357630224283553,357630224284355
9,41222,GET,357630224284505,357630224285849
9,32269,GET,357630224285979,357630224286911
9,32525,GET,357630224287051,357630224289437
9,51202,GET,357630224289567,357630224291321
9,49409,GET,357630224291452,357630224294188
9,38403,GET,357630224294318,357630224295701
9,46606,GET,357630224295832,357630224296243
9,45583,GET,357630224296373,357630224297255
9,46862,GET,357630224297395,357630224298217
9,52994,GET,357630224303109,357630224305344
9,53249,GET,357630224307389,357630224308551
9,46604,GET,357630224310907,357630224313563
9,45323,GET,357630224313713,357630224315558
9,48143,GET,357630224315698,357630224317672
9,41472,GET,357630224317813,357630224318945
9,44298,GET,357630224320248,357630224321952
9,50948,GET,357630224322654,357630224324438
9,47627,GET,357630224324589,357630224325260
9,50702,GET,357630224326012,357630224326613
9,45318,GET,357630224326764,357630224327586
9,48647,GET,357630224327736,357630224328518
9,38664,GET,357630224328648,357630224329239
9,41219,GET,357630224329380,357630224329901
9,38920,GET,357630224330031,357630224330252
9,51972,GET,357630224330382,357630224330603
9,50188,GET,357630224346159,357630224347011
9,57601,GET,357630224347201,357630224348153
9,52494,GET,357630224348284,357630224348885
9,56322,GET,357630224349015,357630224350098
9,40712,GET,357630224350789,357630224351351
9,50441,GET,357630224351481,357630224352143
9,50443,GET,357630224353496,357630224354749
9,41224,GET,357630224354899,357630224355831
9,41480,GET,357630224357274,357630224359159
9,43267,GET,357630224361354,357630224362847
9,49162,GET,357630224363559,357630224364632
9,55300,GET,357630224365313,357630224366686
9,41992,GET,357630224367368,357630224368480
9,56068,GET,357630224369202,357630224370134
9,50438,GET,357630224370816,357630224371728
9,58114,GET,357630224372420,357630224373803
9,40461,GET,357630224374484,357630224376549
9,41229,GET,357630224376700,357630224378414
9,62209,GET,357630224381481,357630224383966
9,44808,GET,357630224384117,357630224385109
9,54281,GET,357630224385259,357630224386272
9,46851,GET,357630224387004,357630224388347
9,47872,GET,357630224390221,357630224391093
9,47619,GET,357630224391243,357630224392176
9,54790,GET,357630224392326,357630224393118
9,56334,GET,357630224393248,357630224393920
9,57095,GET,357630224394050,357630224395644
9,53002,GET,357630224398320,357630224399813
9,57358,GET,357630224399964,357630224401227
9,61442,GET,357630224402489,357630224403873
9,62212,GET,357630224405246,357630224406288
9,65537,GET,357630224406439,357630224407631
9,51456,GET,357630224408924,357630224410538
9,58631,GET,357630224410689,357630224412272
9,57611,GET,357630224412402,357630224413856
9,65793,GET,357630224413996,357630224417103
9,56074,GET,357630224417234,357630224418437
9,59145,GET,357630224419780,357630224420962
9,58629,GET,357630224421093,357630224421814
9,53760,GET,357630224423137,357630224423849
9,60421,GET,357630224425122,357630224427357
9,67329,GET,357630224428029,357630224429492
9,49160,GET,357630224429643,357630224430495
9,61710,GET,357630224431276,357630224432058
9,57610,GET,357630224435045,357630224436208
9,65538,GET,357630224436358,357630224438092
9,62471,GET,357630224438804,357630224439375
9,62725,GET,357630224440077,357630224440829
9,63493,GET,357630224441590,357630224442763
9,65028,GET,357630224445670,357630224446712
9,65540,GET,357630224446863,357630224447554
9,70657,GET,357630224452766,357630224453859
9,64262,GET,357630224457607,357630224459141
9,49677,GET,357630224459291,357630224460584
9,54024,GET,357630224461276,357630224461857
9,54536,GET,357630224462559,357630224463692
9,67844,GET,357630224464363,357630224465776
9,65035,GET,357630224465927,357630224467300
9,58371,GET,357630224467450,357630224468894
9,50957,GET,357630224469585,357630224471029
9,66572,GET,357630224471159,357630224472001
9,67596,GET,357630224489953,357630224490594
9,69892,GET,357630224490775,357630224491436
9,75265,GET,357630224491566,357630224492037
9,63498,GET,357630224492759,357630224493611
9,67334,GET,357630224493741,357630224494754
9,68366,GET,357630224494884,357630224495896
9,57608,GET,357630224497019,357630224497771
9,70407,GET,357630224503835,357630224504757
9,67589,GET,357630224506090,357630224506531
9,53773,GET,357630224507253,357630224508035
9,61696,GET,357630224508185,357630224509328
9,65295,GET,357630224511342,357630224512104
9,70918,GET,357630224512254,357630224512856
9,71694,GET,357630224513537,357630224514449
9,71950,GET,357630224514600,357630224515211
9,66058,GET,357630224515362,357630224516133
9,71686,GET,357630224516274,357630224517196
9,55821,GET,357630224517326,357630224519351
9,68619,GET,357630224519481,357630224520794
9,71684,GET,357630224521486,357630224523942
9,79361,GET,357630224524072,357630224525194
9,74242,GET,357630224526467,357630224527550
9,65280,GET,357630224528262,357630224529454
9,71436,GET,357630224530156,357630224530898
9,67343,GET,357630224533293,357630224534426
9,72201,GET,357630224534576,357630224536140
9,73484,GET,357630224536290,357630224538084
9,72453,GET,357630224538215,357630224539167
9,72715,GET,357630224539999,357630224541192
9,74502,GET,357630224541322,357630224542445
9,74252,GET,357630224543166,357630224544910
9,73989,GET,357630224545612,357630224546925
9,66304,GET,357630224547075,357630224547917
9,67331,GET,357630224548719,357630224550112
9,74506,GET,357630224550844,357630224552027
9,75525,GET,357630224552177,357630224553520
9,75781,GET,357630224553651,357630224554533
9,75531,GET,357630224554663,357630224556327
9,78087,GET,357630224556457,357630224557780
9,65288,GET,357630224557910,357630224559093
9,59917,GET,357630224559223,357630224561489
9,79367,GET,357630224561619,357630224563203
9,76042,GET,357630224563333,357630224564486
9,77062,GET,357630224564616,357630224565668
9,80903,GET,357630224565809,357630224567162
9,84737,GET,357630224567864,357630224568856
9,69379,GET,357630224568986,357630224570349
9,76297,GET,357630224570490,357630224571241
9,69376,GET,357630224573136,357630224573938
9,76553,GET,357630224574088,357630224574750
9,79618,GET,357630224574880,357630224575501
9,78862,GET,357630224576504,357630224578248
9,70915,GET,357630224578378,357630224578879
9,80140,GET,357630224579009,357630224579641
9,80898,GET,357630224579771,357630224581495
9,77322,GET,357630224581636,357630224582107
9,79630,GET,357630224582888,357630224583831
9,73231,GET,357630224584532,357630224585555
9,79883,GET,357630224585705,357630224586336
9,80395,GET,357630224586477,357630224587690
9,80133,GET,357630224588391,357630224589033
9,82956,GET,357630224589173,357630224590496
9,88577,GET,357630224591208,357630224591939
9,79114,GET,357630224592070,357630224592872
9,79626,GET,357630224595317,357630224595889
9,73984,GET,357630224597923,357630224599036
9,83211,GET,357630224599186,357630224601081
9,89601,GET,357630224601211,357630224602163
9,83209,GET,357630224602294,357630224603937
9,81157,GET,357630224604739,357630224606183
9,84745,GET,357630224607466,357630224608378
9,66061,GET,357630224609099,357630224609991
9,82180,GET,357630224612056,357630224612738
9,82698,GET,357630224612888,357630224613820
9,81670,GET,357630224613971,357630224614512
9,90881,GET,357630224614642,357630224615183
9,82692,GET,357630224615314,357630224615825
9,83210,GET,357630224615955,357630224616256
9,76291,GET,357630224632444,357630224633676
9,81926,GET,357630224634418,357630224635150
9,84490,GET,357630224635872,357630224636974
9,73224,GET,357630224638247,357630224639129
9,88076,GET,357630224640001,357630224640653
9,73480,GET,357630224641996,357630224643850
9,86283,GET,357630224646266,357630224647228
9,86282,GET,357630224648020,357630224648792
9,87051,GET,357630224650044,357630224650846
9,83206,GET,357630224651538,357630224652350
9,87563,GET,357630224653051,357630224654264
9,78607,GET,357630224654956,357630224655748
9,86030,GET,357630224655898,357630224657081
9,87817,GET,357630224657231,357630224658845
9,87557,GET,357630224659557,357630224660118
9,77312,GET,357630224660268,357630224660890
9,79631,GET,357630224661020,357630224662724
9,92428,GET,357630224664017,357630224665089
9,84742,GET,357630224665791,357630224666813
9,87300,GET,357630224666964,357630224667826
9,88330,GET,357630224668497,357630224670251
9,92940,GET,357630224670402,357630224671905
9,77320,GET,357630224673018,357630224674060
9,94220,GET,357630224675423,357630224676646
9,82447,GET,357630224676797,357630224677759
9,94983,GET,357630224677909,357630224679172
9,80643,GET,357630224679302,357630224680395
9,87814,GET,357630224681097,357630224682309
9,89349,GET,357630224684314,357630224685497
9,74509,GET,357630224685647,357630224686910
9,93186,GET,357630224687040,357630224687912
9,89354,GET,357630224688053,357630224688664
9,97287,GET,357630224688804,357630224689757
9,89866,GET,357630224690488,357630224691120
9,90122,GET,357630224691250,357630224691781
9,90123,GET,357630224692493,357630224692964
9,84495,GET,357630224693104,357630224693646
9,91909,GET,357630224696613,357630224697134
9,76301,GET,357630224700682,357630224701795
9,90374,GET,357630224702536,357630224704561
9,85763,GET,357630224706516,357630224707768
9,97538,GET,357630224707919,357630224708701
9,92426,GET,357630224709412,357630224710365
9,100103,GET,357630224711658,357630224713492
9,98306,GET,357630224713642,357630224715597
9,92939,GET,357630224715747,357630224716880
9,94468,GET,357630224717010,357630224718113
9,87567,GET,357630224718243,357630224718864
9,99841,GET,357630224718995,357630224720398
9,94218,GET,357630224721741,357630224722342
9,100876,GET,357630224722493,357630224723505
9,101895,GET,357630224723645,357630224724307
9,96005,GET,357630224724437,357630224726422
9,93707,GET,357630224726562,357630224727735
9,83976,GET,357630224727865,357630224728406
9,96010,GET,357630224729108,357630224729689
9,102919,GET,357630224731574,357630224732686
9,101122,GET,357630224739051,357630224740615
9,105228,GET,357630224741387,357630224742409
9,96772,GET,357630224743091,357630224743572
9,101634,GET,357630224743722,357630224744353
9,106252,GET,357630224745677,357630224746609
9,91395,GET,357630224747290,357630224748323
9,89600,GET,357630224749576,357630224751059
9,103937,GET,357630224752302,357630224752994
9,99845,GET,357630224753144,357630224754136
9,85261,GET,357630224756522,357630224758176
9,85517,GET,357630224758326,357630224759158
9,105479,GET,357630224759859,357630224761423
9,108300,GET,357630224762676,357630224763909
9,98569,GET,357630224764059,357630224765052
9,106759,GET,357630224766645,357630224768570
9,93455,GET,357630224788025,357630224788476
9,101642,GET,357630224788646,357630224789117
9,93952,GET,357630224789248,357630224790390
9,101646,GET,357630224793077,357630224794570
9,95488,GET,357630224795833,357630224796966
9,102404,GET,357630224797116,357630224798609
9,103182,GET,357630224798740,357630224800444
9,100102,GET,357630224800574,357630224801687
9,100363,GET,357630224801827,357630224803260
9,96015,GET,357630224803952,357630224805385
9,100870,GET,357630224805516,357630224807470
9,103685,GET,357630224808783,357630224809846
9,104458,GET,357630224809976,357630224810878
9,109575,GET,357630224811008,357630224812021
9,104197,GET,357630224812161,357630224813263
9,110087,GET,357630224813404,357630224813875
9,109826,GET,357630224816451,357630224818215
9,105230,GET,357630224818977,357630224820370
9,112903,GET,357630224821623,357630224822786
9,106250,GET,357630224823517,357630224825041
9,102918,GET,357630224825191,357630224826635
9,100867,GET,357630224827998,357630224828990
9,103430,GET,357630224829742,357630224830333
9,101123,GET,357630224830483,357630224832318
9,111874,GET,357630224832468,357630224834342
9,114439,GET,357630224834483,357630224835375
9,92680,GET,357630224836708,357630224837811
9,104710,GET,357630224837951,357630224839785
9,115463,GET,357630224840587,357630224842181
9,100096,GET,357630224842932,357630224843975
9,105483,GET,357630224844626,357630224845488
9,109061,GET,357630224846290,357630224847393
9,109834,GET,357630224847543,357630224848766
9,94472,GET,357630224848916,357630224850310
9,116231,GET,357630224851041,357630224852635
9,111620,GET,357630224852775,357630224854229
9,110345,GET,357630224854359,357630224855051
9,112388,GET,357630224856494,357630224857025
9,115458,GET,357630224857165,357630224858669
9,115970,GET,357630224858809,357630224859812
9,116481,GET,357630224862267,357630224863280
9,106502,GET,357630224864643,357630224865134
9,100623,GET,357630224865284,357630224866036
9,116994,GET,357630224867289,357630224868171
9,115204,GET,357630224868321,357630224869735
9,115716,GET,357630224869865,357630224872000
9,118274,GET,357630224873273,357630224873995
9,117761,GET,357630224876510,357630224877182
9,111886,GET,357630224878475,357630224880129
9,110339,GET,357630224880279,357630224881432
9,122380,GET,357630224881582,357630224883066
9,110086,GET,357630224883196,357630224884018
9,120066,GET,357630224885371,357630224886343
9,113422,GET,357630224887686,357630224889601
9,98824,GET,357630224889751,357630224890814
9,112899,GET,357630224891505,357630224892668
9,123148,GET,357630224892818,357630224893710
9,95757,GET,357630224895033,357630224896246
9,123916,GET,357630224898091,357630224899153
9,97037,GET,357630224901669,357630224902641
9,105487,GET,357630224902791,357630224903593
9,113931,GET,357630224905929,357630224907101
9,100360,GET,357630224907252,357630224907823
9,119297,GET,357630224907973,357630224908555
9,120065,GET,357630224909317,357630224909998
9,120321,GET,357630224910128,357630224910810
9,124679,GET,357630224911512,357630224912594
9,114179,GET,357630224912735,357630224914098
9,117774,GET,357630224914228,357630224915571
9,117513,GET,357630224916353,357630224917255
9,97805,GET,357630224934425,357630224935147
9,108288,GET,357630224935888,357630224936399
9,123650,GET,357630224936550,357630224937121
9,125447,GET,357630224937272,357630224939156
9,98317,GET,357630224939286,357630224940689
9,122625,GET,357630224940830,357630224941752
9,119306,GET,357630224942504,357630224943626
9,123649,GET,357630224944328,357630224945370
9,128012,GET,357630224947876,357630224949069
9,123140,GET,357630224949219,357630224949761
9,127751,GET,357630224949911,357630224950663
9,119043,GET,357630224950793,357630224952286
9,119299,GET,357630224953018,357630224953619
9,125186,GET,357630224953750,357630224955133
9,105992,GET,357630224955263,357630224956657
9,129799,GET,357630224957358,357630224958431
9,123908,GET,357630224960415,357630224961277
9,116230,GET,357630224961428,357630224962129
9,122115,GET,357630224963943,357630224965728
9,100621,GET,357630224965878,357630224967161
9,127233,GET,357630224967873,357630224968805
9,127745,GET,357630224970138,357630224971732
9,128001,GET,357630224971892,357630224972513
9,108296,GET,357630224973696,357630224975340
9,115471,GET,357630224975490,357630224976833
9,108808,GET,357630224977625,357630224978958
9,102157,GET,357630224979640,357630224980913
9,124163,GET,357630224981063,357630224981685
9,116239,GET,357630224981835,357630224982727
9,118534,GET,357630224984150,357630224985453
9,124931,GET,357630224986135,357630224986927
9,126468,GET,357630224987077,357630224988631
9,134407,GET,357630224989954,357630224990495
9,125187,GET,357630224991838,357630224993201
9,127246,GET,357630224994003,357630224995577
9,121349,GET,357630224995727,357630224996710
9,117519,GET,357630224996860,357630224997552
10,266,PUT,357630223493358,357630223494210
10,522,PUT,357630223494902,357630223495152
10,778,PUT,357630223495363,357630223495613
10,1034,PUT,357630223495754,357630223495954
10,1290,PUT,357630223496094,357630223496295
10,1546,PUT,357630223496435,357630223496636
10,1802,PUT,357630223496776,357630223496976
10,2058,PUT,357630223497267,357630223497458
10,2314,PUT,357630223497608,357630223497798
10,2570,PUT,357630223497949,357630223498139
10,2826,PUT,357630223498289,357630223498480
10,3082,PUT,357630223498630,357630223498821
10,3338,PUT,357630223498971,357630223499161
10,3594,PUT,357630223499312,357630223499502
10,3850,PUT,357630223499653,357630223499843
10,4106,PUT,357630223500134,357630223500334
10,4362,PUT,357630223500475,357630223500675
10,4618,PUT,357630223500815,357630223501016
10,4874,PUT,357630223501156,357630223501357
10,5130,PUT,357630223501497,357630223501697
10,5386,PUT,357630223501838,357630223502038
10,5642,PUT,357630223502178,357630223502379
10,5898,PUT,357630223502519,357630223502720
10,6154,PUT,357630223503010,357630223503211
10,6410,PUT,357630223503351,357630223503552
10,6666,PUT,357630223503692,357630223503892
10,6922,PUT,357630223504033,357630223504233
10,7178,PUT,357630223504374,357630223504574
10,7434,PUT,357630223504714,357630223504915
10,7690,PUT,357630223505055,357630223505256
10,7946,PUT,357630223505396,357630223505596
10,8202,PUT,357630223505887,357630223506078
10,8458,PUT,357630223506228,357630223506418
10,8714,PUT,357630223506569,357630223506759
10,8970,PUT,357630223506909,357630223507100
10,9226,PUT,357630223507250,357630223507441
10,9482,PUT,357630223507591,357630223507782
10,9738,PUT,357630223507932,357630223508122
10,9994,PUT,357630223508273,357630223508463
10,10250,PUT,357630223508754,357630223508954
10,10506,PUT,357630223509095,357630223509295
10,10762,PUT,357630223509435,357630223509636
10,11018,PUT,357630223509776,357630223509977
10,11274,PUT,357630223510117,357630223510317
10,11530,PUT,357630223510458,357630223510658
10,11786,PUT,357630223510799,357630223510999
10,12042,PUT,357630223511139,357630223511340
10,12298,PUT,357630223511630,357630223511821
10,12554,PUT,357630223511971,357630223512162
10,12810,PUT,357630223512312,357630223512502
10,13066,PUT,357630223512653,357630223512843
10,13322,PUT,357630223512994,357630223513184
10,13578,PUT,357630223513334,357630223513525
10,13834,PUT,357630223513675,357630223513866
10,14090,PUT,357630223514016,357630223514206
10,14346,PUT,357630223514507,357630223514698
10,14602,PUT,357630223514848,357630223515038
10,14858,PUT,357630223515189,357630223515379
10,15114,PUT,357630223515529,357630223515720
10,15370,PUT,357630223515870,357630223516061
10,15626,PUT,357630223516211,357630223516402
10,15882,PUT,357630223516552,357630223516752
10,16138,PUT,357630223516893,357630223517093
10,16394,PUT,357630223517384,357630223517574
10,16650,PUT,357630223908262,357630223909184
10,16906,PUT,357630223911429,357630223911780
10,17162,PUT,357630223914957,357630223915318
10,17418,PUT,357630223915569,357630223915949
10,17674,PUT,357630223920400,357630223920701
10,17930,PUT,357630223920961,357630223921342
10,18186,PUT,357630223921643,357630223921973
10,18442,PUT,357630223922234,357630223922645
10,18698,PUT,357630223923768,357630223924088
10,18954,PUT,357630223924349,357630223924650
10,19210,PUT,357630223924910,357630223925201
10,19466,PUT,357630223925462,357630223925873
10,19722,PUT,357630223928278,357630223928699
10,19978,PUT,357630223930323,357630223930674
10,20234,PUT,357630223935244,357630223935525
10,20490,PUT,357630223939865,357630223940166
10,20746,PUT,357630223940436,357630223940827
10,21002,PUT,357630223941098,357630223941399
10,21258,PUT,357630223947393,357630223947693
10,21514,PUT,357630223950640,357630223951031
10,21770,PUT,357630223951302,357630223951903
10,22026,PUT,357630223952975,357630223953256
10,22282,PUT,357630223957787,357630223958097
10,22538,PUT,357630223959290,357630223959571
10,22794,PUT,357630223959861,357630223960132
10,23050,PUT,357630223962217,357630223962518
10,23306,PUT,357630223964041,357630223964422
10,23562,PUT,357630223965414,357630223965635
10,23818,PUT,357630223965835,357630223966126
10,24074,PUT,357630223966407,357630223966697
10,24330,PUT,357630223966958,357630223967269
10,24586,PUT,357630223967529,357630223967820
10,24842,PUT,357630223968081,357630223968371
10,25098,PUT,357630223972491,357630223972812
10,25354,PUT,357630223975668,357630223975969
10,25610,PUT,357630223976240,357630223976540
10,25866,PUT,357630223976821,357630223977122
10,26122,PUT,357630223977382,357630223977723
10,26378,PUT,357630223977984,357630223978334
10,26634,PUT,357630223978665,357630223978966
10,26890,PUT,357630223979226,357630223979517
10,27146,PUT,357630223979778,357630223980068
10,27402,PUT,357630223983446,357630223983777
10,27658,PUT,357630223984038,357630223984338
10,27914,PUT,357630223984599,357630223985030
10,28170,PUT,357630223985291,357630223985531
10,28426,PUT,357630223985782,357630223986092
10,28682,PUT,357630223986343,357630223986644
10,28938,PUT,357630223988207,357630223988508
10,29194,PUT,357630223988759,357630223989059
10,29450,PUT,357630223989310,357630223989611
10,29706,PUT,357630223992337,357630223992668
10,29962,PUT,357630223994191,357630223994612
10,30218,PUT,357630223996396,357630223996687
10,30474,PUT,357630223998170,357630223998521
10,30730,PUT,357630223998802,357630223999093
10,30986,PUT,357630223999373,357630223999594
10,31242,PUT,357630223999784,357630224022848
10,31498,PUT,357630224023339,357630224023860
10,31754,PUT,357630224024171,357630224024522
10,32010,PUT,357630224025875,357630224026165
10,32266,PUT,357630224027458,357630224027759
10,32522,PUT,357630224030095,357630224030465
10,32778,PUT,357630224034505,357630224034806
10,33034,PUT,357630224065657,357630224066339
10,33290,PUT,357630224066810,357630224067101
10,33546,PUT,357630224067381,357630224067722
10,33802,PUT,357630224068043,357630224068333
10,34058,PUT,357630224070719,357630224071010
10,34314,PUT,357630224075721,357630224076021
10,34570,PUT,357630224078948,357630224079239
10,34826,PUT,357630224083859,357630224084180
10,35082,PUT,357630224086215,357630224086536
10,35338,PUT,357630224086816,357630224087157
10,35594,PUT,357630224087438,357630224087728
10,35850,PUT,357630224087989,357630224088280
10,36106,PUT,357630224088540,357630224088841
10,36362,PUT,357630224089102,357630224089422
10,36618,PUT,357630224089673,357630224089974
10,36874,PUT,357630224094695,357630224094995
10,37130,PUT,357630224096529,357630224096870
10,37386,PUT,357630224099947,357630224100258
10,37642,PUT,357630224100528,357630224100819
10,37898,PUT,357630224101099,357630224101390
10,38154,PUT,357630224103355,357630224103645
10,38410,PUT,357630224105810,357630224106171
10,38666,PUT,357630224106452,357630224106743
10,38922,PUT,357630224111514,357630224111804
10,39178,PUT,357630224112075,357630224112376
10,39434,PUT,357630224112626,357630224112937
10,39690,PUT,357630224119131,357630224119422
10,39946,PUT,357630224119713,357630224120013
10,40202,PUT,357630224120274,357630224120575
10,40458,PUT,357630224122249,357630224122549
10,40714,PUT,357630224126047,357630224126338
10,40970,PUT,357630224129425,357630224129736
10,41226,PUT,357630224132643,357630224132933
10,41482,PUT,357630224139418,357630224139719
10,41738,PUT,357630224142075,357630224142405
10,41994,PUT,357630224145663,357630224145954
10,42250,PUT,357630224146224,357630224146525
10,42506,PUT,357630224146796,357630224147086
10,42762,PUT,357630224149321,357630224149682
10,43018,PUT,357630224151557,357630224151877
10,43274,PUT,357630224152910,357630224153231
10,43530,PUT,357630224153501,357630224153862
10,43786,PUT,357630224154133,357630224154534
10,44042,PUT,357630224161109,357630224161410
10,44298,PUT,357630224161680,357630224162041
10,44554,PUT,357630224163685,357630224163986
10,44810,PUT,357630224164246,357630224164467
10,45066,PUT,357630224166942,357630224167313
10,45322,PUT,357630224167584,357630224167895
10,45578,PUT,357630224169839,357630224170140
10,45834,PUT,357630224170410,357630224170711
10,46090,PUT,357630224170982,357630224171282
10,46346,PUT,357630224171533,357630224171834
10,46602,PUT,357630224172104,357630224172405
10,46858,PUT,357630224174219,357630224174520
10,47114,PUT,357630224178610,357630224178910
10,47370,PUT,357630224179191,357630224179492
10,47626,PUT,357630224179772,357630224180063
10,47882,PUT,357630224180323,357630224180614
10,48138,PUT,357630224182007,357630224182308
10,48394,PUT,357630224182569,357630224182859
10,48650,PUT,357630224200540,357630224201132
10,48906,PUT,357630224202796,357630224203086
10,49162,PUT,357630224204911,357630224205201
10,49418,PUT,357630224206494,357630224206815
10,49674,PUT,357630224207948,357630224208298
10,49930,PUT,357630224208579,357630224208870
10,50186,PUT,357630224209140,357630224209361
10,50442,PUT,357630224211325,357630224211777
10,50698,PUT,357630224212057,357630224212348
10,50954,PUT,357630224214523,357630224214814
10,51210,PUT,357630224223394,357630224223734
10,51466,PUT,357630224224045,357630224224336
10,51722,PUT,357630224224606,357630224224927
10,51978,PUT,357630224225188,357630224225498
10,52234,PUT,357630224226571,357630224226862
10,52490,PUT,357630224236033,357630224236334
10,52746,PUT,357630224240052,357630224240343
10,53002,PUT,357630224240614,357630224240974
10,53258,PUT,357630224241255,357630224241556
10,53514,PUT,357630224241836,357630224242127
10,53770,PUT,357630224242378,357630224242708
10,54026,PUT,357630224242959,357630224243260
10,54282,PUT,357630224249434,357630224249785
10,54538,PUT,357630224254426,357630224254716
10,54794,PUT,357630224259106,357630224259397
10,55050,PUT,357630224260580,357630224260871
10,55306,PUT,357630224261141,357630224261432
10,55562,PUT,357630224261702,357630224262003
10,55818,PUT,357630224262264,357630224262554
10,56074,PUT,357630224262825,357630224263166
10,56330,PUT,357630224268889,357630224269190
10,56586,PUT,357630224271906,357630224272257
10,56842,PUT,357630224272538,357630224272838
10,57098,PUT,357630224280185,357630224280526
10,57354,PUT,357630224280797,357630224281017
10,57610,PUT,357630224282300,357630224282591
10,57866,PUT,357630224282842,357630224283192
10,58122,PUT,357630224283443,357630224283794
10,58378,PUT,357630224287182,357630224287532
10,58634,PUT,357630224287803,357630224288194
10,58890,PUT,357630224288465,357630224288825
10,59146,PUT,357630224290489,357630224290790
10,59402,PUT,357630224294268,357630224294559
10,59658,PUT,357630224294829,357630224295120
10,59914,PUT,357630224295371,357630224295671
10,60170,PUT,357630224295922,357630224296153
10,60426,PUT,357630224297215,357630224297566
10,60682,PUT,357630224297826,357630224298117
10,60938,PUT,357630224300723,357630224301054
10,61194,PUT,357630224301314,357630224301685
10,61450,PUT,357630224307018,357630224307359
10,61706,PUT,357630224307629,357630224307920
10,61962,PUT,357630224310927,357630224311268
10,62218,PUT,357630224317312,357630224317642
10,62474,PUT,357630224317923,357630224318224
10,62730,PUT,357630224319607,357630224319898
10,62986,PUT,357630224320168,357630224320469
10,63242,PUT,357630224320740,357630224321030
10,63498,PUT,357630224322744,357630224323195
10,63754,PUT,357630224325240,357630224325531
10,64010,PUT,357630224325811,357630224326102
10,64266,PUT,357630224343122,357630224343683
10,64522,PUT,357630224344104,357630224344535
10,64778,PUT,357630224344826,357630224345116
10,65034,PUT,357630224345367,357630224345657
10,65290,PUT,357630224345908,357630224346189
10,65546,PUT,357630224346449,357630224346750
10,65802,PUT,357630224353887,357630224354298
10,66058,PUT,357630224358487,357630224358908
10,66314,PUT,357630224359169,357630224359460
10,66570,PUT,357630224360482,357630224360773
10,66826,PUT,357630224361835,357630224362176
10,67082,PUT,357630224367458,357630224367879
10,67338,PUT,357630224368160,357630224368491
10,67594,PUT,357630224371287,357630224371588
10,67850,PUT,357630224372740,357630224373071
10,68106,PUT,357630224373362,357630224373673
10,68362,PUT,357630224373943,357630224374314
10,68618,PUT,357630224377191,357630224377481
10,68874,PUT,357630224380027,357630224380318
10,69130,PUT,357630224380589,357630224380879
10,69386,PUT,357630224381150,357630224381441
10,69642,PUT,357630224381691,357630224381992
10,69898,PUT,357630224382252,357630224382543
10,70154,PUT,357630224382804,357630224382994
10,70410,PUT,357630224383155,357630224383355
10,70666,PUT,357630224383505,357630224383796
10,70922,PUT,357630224384057,357630224384347
10,71178,PUT,357630224384608,357630224384909
10,71434,PUT,357630224385169,357630224385470
10,71690,PUT,357630224385731,357630224386001
10,71946,PUT,357630224386262,357630224386573
10,72202,PUT,357630224386823,357630224387134
10,72458,PUT,357630224387384,357630224387745
10,72714,PUT,357630224388006,357630224388387
10,72970,PUT,357630224388637,357630224388928
10,73226,PUT,357630224391153,357630224391444
10,73482,PUT,357630224395122,357630224395423
10,73738,PUT,357630224395694,357630224395974
10,73994,PUT,357630224396265,357630224396606
10,74250,PUT,357630224396886,357630224397177
10,74506,PUT,357630224397428,357630224397809
10,74762,PUT,357630224398079,357630224398400
10,75018,PUT,357630224399503,357630224399733
10,75274,PUT,357630224402920,357630224403211
10,75530,PUT,357630224403492,357630224403772
10,75786,PUT,357630224408604,357630224408904
10,76042,PUT,357630224409987,357630224410258
10,76298,PUT,357630224422636,357630224423027
10,76554,PUT,357630224423298,357630224423649
10,76810,PUT,357630224423929,357630224424220
10,77066,PUT,357630224426054,357630224426375
10,77322,PUT,357630224428540,357630224428821
10,77578,PUT,357630224429101,357630224429392
10,77834,PUT,357630224433000,357630224433271
10,78090,PUT,357630224434905,357630224435266
10,78346,PUT,357630224436939,357630224437230
10,78602,PUT,357630224438533,357630224438824
10,78858,PUT,357630224439094,357630224439425
10,79114,PUT,357630224439696,357630224439977
10,79370,PUT,357630224441660,357630224441951
10,79626,PUT,357630224442212,357630224442502
10,79882,PUT,357630224447153,357630224447444
10,80138,PUT,357630224450952,357630224451293
10,80394,PUT,357630224451573,357630224451864
10,80650,PUT,357630224452125,357630224452415
10,80906,PUT,357630224452676,357630224452967
10,81162,PUT,357630224453227,357630224453528
10,81418,PUT,357630224456024,357630224456314
10,81674,PUT,357630224456565,357630224456876
10,81930,PUT,357630224457146,357630224457427
10,82186,PUT,357630224457708,357630224458028
10,82442,PUT,357630224460925,357630224461316
10,82698,PUT,357630224461587,357630224461877
10,82954,PUT,357630224462128,357630224462439
10,83210,PUT,357630224462719,357630224463020
10,83466,PUT,357630224466568,357630224466789
10,83722,PUT,357630224466979,357630224467210
10,83978,PUT,357630224467480,357630224467771
10,84234,PUT,357630224468042,357630224468332
10,84490,PUT,357630224468583,357630224468874
10,84746,PUT,357630224469886,357630224470207
10,85002,PUT,357630224490193,357630224490614
10,85258,PUT,357630224491035,357630224491336
10,85514,PUT,357630224492679,357630224493060
10,85770,PUT,357630224493330,357630224493631
10,86026,PUT,357630224493892,357630224494223
10,86282,PUT,357630224494483,357630224494904
10,86538,PUT,357630224496788,357630224497089
10,86794,PUT,357630224503304,357630224503574
10,87050,PUT,357630224505168,357630224505459
10,87306,PUT,357630224510420,357630224510741
10,87562,PUT,357630224513598,357630224513888
10,87818,PUT,357630224514169,357630224514550
10,88074,PUT,357630224514820,357630224515111
10,88330,PUT,357630224515362,357630224515682
10,88586,PUT,357630224518599,357630224518890
10,88842,PUT,357630224520273,357630224520644
10,89098,PUT,357630224530006,357630224530537
10,89354,PUT,357630224535528,357630224535829
10,89610,PUT,357630224537794,357630224538094
10,89866,PUT,357630224538375,357630224538726
10,90122,PUT,357630224538997,357630224539297
10,90378,PUT,357630224540360,357630224540670
10,90634,PUT,357630224542003,357630224542344
10,90890,PUT,357630224545401,357630224545692
10,91146,PUT,357630224547907,357630224548198
10,91402,PUT,357630224548469,357630224548849
10,91658,PUT,357630224549120,357630224549421
10,91914,PUT,357630224553059,357630224553370
10,92170,PUT,357630224554482,357630224554773
10,92426,PUT,357630224556688,357630224556988
10,92682,PUT,357630224557269,357630224557600
10,92938,PUT,357630224560567,357630224560857
10,93194,PUT,357630224563243,357630224563774
10,93450,PUT,357630224566551,357630224566861
10,93706,PUT,357630224567132,357630224567423
10,93962,PUT,357630224570861,357630224571241
10,94218,PUT,357630224571512,357630224571843
10,94474,PUT,357630224572123,357630224572424
10,94730,PUT,357630224572675,357630224572975
10,94986,PUT,357630224573226,357630224573587
10,95242,PUT,357630224573847,357630224574108
10,95498,PUT,357630224574369,357630224574719
10,95754,PUT,357630224576313,357630224576614
10,96010,PUT,357630224577576,357630224577877
10,96266,PUT,357630224578147,357630224578508
10,96522,PUT,357630224580643,357630224581084
10,96778,PUT,357630224581365,357630224581766
10,97034,PUT,357630224582026,357630224582397
10,97290,PUT,357630224584071,357630224584372
10,97546,PUT,357630224584633,357630224584923
10,97802,PUT,357630224585174,357630224585474
10,98058,PUT,357630224586727,357630224587028
10,98314,PUT,357630224587279,357630224587499
10,98570,PUT,357630224594315,357630224594646
10,98826,PUT,357630224595829,357630224596169
10,99082,PUT,357630224596410,357630224596761
10,99338,PUT,357630224599497,357630224599788
10,99594,PUT,357630224600900,357630224601191
10,99850,PUT,357630224603145,357630224603466
10,100106,PUT,357630224607696,357630224608067
10,100362,PUT,357630224609470,357630224609761
10,100618,PUT,357630224610031,357630224610342
10,100874,PUT,357630224629958,357630224630619
10,101130,PUT,357630224631050,357630224631341
10,101386,PUT,357630224632454,357630224632774
10,101642,PUT,357630224633055,357630224633406
10,101898,PUT,357630224633676,357630224633977
10,102154,PUT,357630224639179,357630224639470
10,102410,PUT,357630224639740,357630224640131
10,102666,PUT,357630224647268,357630224647639
10,102922,PUT,357630224647909,357630224648220
10,103178,PUT,357630224650926,357630224651357
10,103434,PUT,357630224651628,357630224651919
10,103690,PUT,357630224656339,357630224656650
10,103946,PUT,357630224656920,357630224657241
10,104202,PUT,357630224657502,357630224657802
10,104458,PUT,357630224658053,357630224658354
10,104714,PUT,357630224658614,357630224658905
10,104970,PUT,357630224659156,357630224659476
10,105226,PUT,357630224663375,357630224663686
10,105482,PUT,357630224669149,357630224669439
10,105738,PUT,357630224671424,357630224671725
10,105994,PUT,357630224671995,357630224672316
10,106250,PUT,357630224673639,357630224673880
10,106506,PUT,357630224675203,357630224675494
10,106762,PUT,357630224675774,357630224676075
10,107018,PUT,357630224676335,357630224676686
10,107274,PUT,357630224681257,357630224681548
10,107530,PUT,357630224683502,357630224683813
10,107786,PUT,357630224688353,357630224688714
10,108042,PUT,357630224688995,357630224689346
10,108298,PUT,357630224691441,357630224691731
10,108554,PUT,357630224691992,357630224692313
10,108810,PUT,357630224692573,357630224692884
10,109066,PUT,357630224693145,357630224693435
10,109322,PUT,357630224696162,357630224696452
10,109578,PUT,357630224696723,357630224697044
10,109834,PUT,357630224697304,357630224697695
10,110090,PUT,357630224700762,357630224701063
10,110346,PUT,357630224701344,357630224701634
10,110602,PUT,357630224701885,357630224702186
10,110858,PUT,357630224714254,357630224714544
10,111114,PUT,357630224718914,357630224719205
10,111370,PUT,357630224725089,357630224725309
10,111626,PUT,357630224725510,357630224725800
10,111882,PUT,357630224730000,357630224730301
10,112138,PUT,357630224734711,357630224735012
10,112394,PUT,357630224736104,357630224736515
10,112650,PUT,357630224736776,357630224737077
10,112906,PUT,357630224738881,357630224739201
10,113162,PUT,357630224740875,357630224741166
10,113418,PUT,357630224741457,357630224741747
10,113674,PUT,357630224742008,357630224742299
10,113930,PUT,357630224742549,357630224742920
10,114186,PUT,357630224743181,357630224743471
10,114442,PUT,357630224747591,357630224747882
10,114698,PUT,357630224748142,357630224748443
10,114954,PUT,357630224748694,357630224749004
10,115210,PUT,357630224749255,357630224749626
10,115466,PUT,357630224750899,357630224751189
10,115722,PUT,357630224751450,357630224751741
10,115978,PUT,357630224752001,357630224752312
10,116234,PUT,357630224754587,357630224754878
10,116490,PUT,357630224756361,357630224756652
10,116746,PUT,357630224756933,357630224757223
10,117002,PUT,357630224757474,357630224757915
10,117258,PUT,357630224760832,357630224761132
10,117514,PUT,357630224761403,357630224761694
10,117770,PUT,357630224765653,357630224766345
10,118026,PUT,357630224766625,357630224767337
10,118282,PUT,357630224788125,357630224788696
10,118538,PUT,357630224789117,357630224789468
10,118794,PUT,357630224793808,357630224794089
10,119050,PUT,357630224794360,357630224794690
10,119306,PUT,357630224798960,357630224799241
10,119562,PUT,357630224803521,357630224803822
10,119818,PUT,357630224804092,357630224804313
10,120074,PUT,357630224804513,357630224804814
10,120330,PUT,357630224807460,357630224807771
10,120586,PUT,357630224808021,357630224808362
10,120842,PUT,357630224810307,357630224810607
10,121098,PUT,357630224820450,357630224820941
10,121354,PUT,357630224821262,357630224821553
10,121610,PUT,357630224821823,357630224822124
10,121866,PUT,357630224823387,357630224823738
10,122122,PUT,357630224826294,357630224826594
10,122378,PUT,357630224826865,357630224827156
10,122634,PUT,357630224828539,357630224828830
10,122890,PUT,357630224829110,357630224829411
10,123146,PUT,357630224829662,357630224829952
10,123402,PUT,357630224831656,357630224831957
10,123658,PUT,357630224836788,357630224837069
10,123914,PUT,357630224837339,357630224837690
10,124170,PUT,357630224840106,357630224840537
10,124426,PUT,357630224840828,357630224841118
10,124682,PUT,357630224842481,357630224842832
10,124938,PUT,357630224843103,357630224843323
10,125194,PUT,357630224843604,357630224843895
10,125450,PUT,357630224844155,357630224844626
10,125706,PUT,357630224844887,357630224845258
10,125962,PUT,357630224846531,357630224846821
10,126218,PUT,357630224847082,357630224847393
10,126474,PUT,357630224852384,357630224852675
10,126730,PUT,357630224852956,357630224853246
10,126986,PUT,357630224853497,357630224853798
10,127242,PUT,357630224854048,357630224854339
10,127498,PUT,357630224854610,357630224854950
10,127754,PUT,357630224855211,357630224855672
10,128010,PUT,357630224859010,357630224859320
10,128266,PUT,357630224859571,357630224859872
10,128522,PUT,357630224860122,357630224860413
10,128778,PUT,357630224861616,357630224861836
10,129034,PUT,357630224862087,357630224862368
10,129290,PUT,357630224862618,357630224862899
10,129546,PUT,357630224863159,357630224863450
10,129802,PUT,357630224864934,357630224865254
10,130058,PUT,357630224866908,357630224867199
10,130314,PUT,357630224868191,357630224868502
10,130570,PUT,357630224870276,357630224870587
10,130826,PUT,357630224870857,357630224871168
10,131082,PUT,357630224871439,357630224871789
10,131338,PUT,357630224877683,357630224878104
10,131594,PUT,357630224881873,357630224882153
10,131850,PUT,357630224882414,357630224882715
10,132106,PUT,357630224884589,357630224884880
10,132362,PUT,357630224888869,357630224889160
10,132618,PUT,357630224897038,357630224897329
10,132874,PUT,357630224903824,357630224904115
10,133130,PUT,357630224905798,357630224906099
10,133386,PUT,357630224907773,357630224908144
10,133642,PUT,357630224908435,357630224908745
10,133898,PUT,357630224911291,357630224911672
10,134154,PUT,357630224915671,357630224916162
10,134410,PUT,357630224936540,357630224936981
10,134666,PUT,357630224937412,357630224937703
10,134922,PUT,357630224939116,357630224939437
10,135178,PUT,357630224941201,357630224941501
10,135434,PUT,357630224941772,357630224942163
10,135690,PUT,357630224942444,357630224942744
10,135946,PUT,357630224946302,357630224946603
10,136202,PUT,357630224952547,357630224952848
10,136458,PUT,357630224954111,357630224954441
10,136714,PUT,357630224954702,357630224955033
10,136970,PUT,357630224957509,357630224957809
10,137226,PUT,357630224958080,357630224958371
10,137482,PUT,357630224960566,357630224960866
10,137738,PUT,357630224963031,357630224963382
10,137994,PUT,357630224965096,357630224965427
10,138250,PUT,357630224965698,357630224965988
10,138506,PUT,357630224973997,357630224974298
10,138762,PUT,357630224975220,357630224975510
10,139018,PUT,357630224975881,357630224976182
10,139274,PUT,357630224976453,357630224976753
10,139530,PUT,357630224977014,357630224977385
10,139786,PUT,357630224979219,357630224979570
10,140042,PUT,357630224979830,357630224980151
10,140298,PUT,357630224980412,357630224980773
10,140554,PUT,357630224981023,357630224981354
10,140810,PUT,357630224981625,357630224981925
10,141066,PUT,357630224982186,357630224982476
10,141322,PUT,357630224983429,357630224983820
10,141578,PUT,357630224984080,357630224984401
10,141834,PUT,357630224984662,357630224984962
10,142090,PUT,357630224985223,357630224985413
10,142346,PUT,357630224988480,357630224988771
10,142602,PUT,357630224991447,357630224991818
10,142858,PUT,357630224992099,357630224992580
10,143114,PUT,357630224994705,357630224994996
10,143370,PUT,357630224996349,357630224996649
10,143626,PUT,357630224996920,357630224997211
10,8205,GET,357630223909845,357630223911048
10,13325,GET,357630223912050,357630223913815
10,15117,GET,357630223914065,357630223914777
10,2564,GET,357630223916220,357630223916832
10,3844,GET,357630223916982,357630223917633
10,5380,GET,357630223917764,357630223918395
10,7172,GET,357630223918525,357630223919418
10,8196,GET,357630223919548,357630223920219
10,15364,GET,357630223922936,357630223923617
10,5125,GET,357630223926143,357630223927246
10,6917,GET,357630223927396,357630223928128
10,11013,GET,357630223928970,357630223930173
10,515,GET,357630223930934,357630223932999
10,3075,GET,357630223933179,357630223934132
10,4867,GET,357630223934262,357630223935094
10,8707,GET,357630223935786,357630223936878
10,10499,GET,357630223937018,357630223937880
10,2050,GET,357630223938011,357630223939715
10,15619,GET,357630223941689,357630223942261
10,8194,GET,357630223942411,357630223944245
10,10754,GET,357630223944375,357630223945538
10,14338,GET,357630223945679,357630223947242
10,2056,GET,357630223947964,357630223949337
10,4616,GET,357630223949477,357630223950490
10,9224,GET,357630223952174,357630223952825
10,12040,GET,357630223953517,357630223954449
10,13576,GET,357630223954599,357630223955271
10,16136,GET,357630223955421,357630223956744
10,1801,GET,357630223956885,357630223957636
10,4873,GET,357630223958368,357630223959140
10,10761,GET,357630223960393,357630223962077
10,14089,GET,357630223962798,357630223963901
10,774,GET,357630223964673,357630223965274
10,9734,GET,357630223968642,357630223969754
10,15622,GET,357630223969905,357630223972350
10,2826,GET,357630223973072,357630223974074
10,6154,GET,357630223974225,357630223975538
10,3342,GET,357630223980349,357630223982133
10,6158,GET,357630223982284,357630223983316
10,14862,GET,357630223986914,357630223988077
10,4108,GET,357630223989881,357630223990863
10,7180,GET,357630223991014,357630223992197
10,11020,GET,357630223992938,357630223994051
10,14604,GET,357630223994863,357630223996256
10,1281,GET,357630223996948,357630223998040
10,13313,GET,357630224024832,357630224025664
10,779,GET,357630224026436,357630224027328
10,2571,GET,357630224028030,357630224028721
10,4619,GET,357630224028872,357630224029954
10,9227,GET,357630224030716,357630224032169
10,11531,GET,357630224032320,357630224033362
10,14091,GET,357630224033513,357630224034354
10,5376,GET,357630224048076,357630224048738
10,5632,GET,357630224048908,357630224049129
10,12288,GET,357630224068604,357630224069235
10,14848,GET,357630224069436,357630224070559
10,17410,GET,357630224072052,357630224072824
10,16908,GET,357630224072974,357630224074087
10,17161,GET,357630224074227,357630224075570
10,18182,GET,357630224076292,357630224077334
10,18694,GET,357630224077465,357630224078798
10,19206,GET,357630224079499,357630224080091
10,19214,GET,357630224080231,357630224081193
10,17155,GET,357630224081334,357630224083709
10,20230,GET,357630224084431,357630224086065
10,17418,GET,357630224090234,357630224091267
10,21007,GET,357630224091417,357630224094554
10,18948,GET,357630224095246,357630224096379
10,21263,GET,357630224097110,357630224098624
10,18954,GET,357630224098774,357630224099806
10,23553,GET,357630224101671,357630224102392
10,17927,GET,357630224102543,357630224103214
10,24578,GET,357630224103916,357630224104698
10,23814,GET,357630224104848,357630224105670
10,16640,GET,357630224107003,357630224108447
10,21253,GET,357630224108597,357630224109278
10,20995,GET,357630224109429,357630224111363
10,20747,GET,357630224113208,357630224115784
10,22789,GET,357630224115934,357630224117367
10,18952,GET,357630224117508,357630224118981
10,26369,GET,357630224120845,357630224122118
10,27148,GET,357630224122820,357630224123722
10,17664,GET,357630224123872,357630224125897
10,25093,GET,357630224126589,357630224127381
10,25615,GET,357630224127531,357630224129275
10,24075,GET,357630224129987,357630224130839
10,19464,GET,357630224130989,357630224131691
10,26895,GET,357630224131821,357630224132482
10,24835,GET,357630224133194,357630224133635
10,28418,GET,357630224133765,357630224134607
10,22794,GET,357630224134738,357630224135279
10,23815,GET,357630224135419,357630224136672
10,20232,GET,357630224136802,357630224138085
10,25348,GET,357630224138226,357630224139268
10,30977,GET,357630224139970,357630224141924
10,20744,GET,357630224142676,357630224143859
10,31233,GET,357630224144009,357630224144731
10,29445,GET,357630224144861,357630224145513
10,29708,GET,357630224147357,357630224148259
10,30725,GET,357630224148409,357630224149171
10,30222,GET,357630224149943,357630224151416
10,30478,GET,357630224152138,357630224152780
10,26634,GET,357630224154824,357630224155396
10,32258,GET,357630224155546,357630224157180
10,26119,GET,357630224157330,357630224159365
10,31246,GET,357630224159495,357630224160959
10,30991,GET,357630224162322,357630224163524
10,29958,GET,357630224164717,357630224165700
10,32268,GET,357630224165860,357630224166802
10,33537,GET,357630224168165,357630224169709
10,32271,GET,357630224172676,357630224174079
10,23304,GET,357630224174801,357630224176094
10,30474,GET,357630224176244,357630224176865
10,29707,GET,357630224177016,357630224177768
10,29963,GET,357630224177898,357630224178459
10,36097,GET,357630224180895,357630224181857
10,31241,GET,357630224183130,357630224184363
10,21005,GET,357630224184513,357630224185145
10,25096,GET,357630224201563,357630224202605
10,37121,GET,357630224203337,357630224204029
10,32006,GET,357630224204179,357630224204780
10,25608,GET,357630224205462,357630224206364
10,32523,GET,357630224207066,357630224207807
10,32779,GET,357630224209561,357630224210153
10,30979,GET,357630224210303,357630224211195
10,35337,GET,357630224212618,357630224213460
10,32519,GET,357630224213611,357630224214383
10,31491,GET,357630224215074,357630224215636
10,33031,GET,357630224222030,357630224223233
10,33540,GET,357630224225769,357630224226431
10,39682,GET,357630224227132,357630224227754
10,32000,GET,357630224227904,357630224229127
10,40449,GET,357630224229277,357630224230420
10,32515,GET,357630224230560,357630224231502
10,40705,GET,357630224231643,357630224233327
10,35588,GET,357630224233457,357630224235883
10,38153,GET,357630224236594,357630224237917
10,25869,GET,357630224238048,357630224239902
10,36871,GET,357630224243530,357630224244041
10,39436,GET,357630224244172,357630224245605
10,37639,GET,357630224245735,357630224247169
10,37636,GET,357630224247299,357630224249284
10,38927,GET,357630224250086,357630224251769
10,30984,GET,357630224251900,357630224253183
10,44802,GET,357630224253323,357630224254275
10,38919,GET,357630224254977,357630224255588
10,43265,GET,357630224255719,357630224257092
10,40713,GET,357630224257222,357630224258956
10,34051,GET,357630224259658,357630224260430
10,40708,GET,357630224263426,357630224264519
10,32776,GET,357630224264669,357630224265762
10,40199,GET,357630224265892,357630224268739
10,41735,GET,357630224269440,357630224271756
10,42503,GET,357630224273109,357630224276347
10,43532,GET,357630224276497,357630224278081
10,44553,GET,357630224278221,357630224278943
10,42511,GET,357630224279073,357630224280025
10,43535,GET,357630224281218,357630224282140
10,31757,GET,357630224284074,357630224284967
10,34568,GET,357630224285117,357630224285528
10,47873,GET,357630224285678,357630224287021
10,45572,GET,357630224289096,357630224290359
10,46089,GET,357630224291061,357630224293125
10,39168,GET,357630224293276,357630224294108
10,43013,GET,357630224296353,357630224297075
10,51970,GET,357630224298388,357630224299360
10,45324,GET,357630224299510,357630224300573
10,43781,GET,357630224301966,357630224302708
10,47108,GET,357630224302858,357630224304231
10,33549,GET,357630224304362,357630224305965
10,33805,GET,357630224306106,357630224306857
10,44805,GET,357630224308190,357630224309263
10,46863,GET,357630224309393,357630224310776
10,44299,GET,357630224311528,357630224312210
10,47625,GET,357630224312340,357630224313844
10,54274,GET,357630224313974,357630224315347
10,47631,GET,357630224315477,357630224316369
10,45835,GET,357630224316500,357630224317161
10,55297,GET,357630224318474,357630224319477
10,35597,GET,357630224321301,357630224322614
10,49679,GET,357630224323476,357630224325110
10,45066,GET,357630224326383,357630224327475
10,51214,GET,357630224327626,357630224328227
10,38408,GET,357630224328357,357630224328858
10,48395,GET,357630224328989,357630224329510
10,47626,GET,357630224352584,357630224353696
10,48138,GET,357630224354578,357630224355581
10,50439,GET,357630224356813,357630224358337
10,51211,GET,357630224359730,357630224360342
10,43011,GET,357630224361043,357630224361705
10,51723,GET,357630224362426,357630224363800
10,38669,GET,357630224363950,357630224364922
10,51205,GET,357630224365073,357630224365704
10,51717,GET,357630224365844,357630224367298
10,52747,GET,357630224368741,357630224369613
10,52489,GET,357630224369743,357630224371137
10,57858,GET,357630224371838,357630224372590
10,60417,GET,357630224374595,357630224375617
10,40717,GET,357630224375767,357630224377040
10,53765,GET,357630224377752,357630224379035
10,51471,GET,357630224379165,357630224379877
10,55049,GET,357630224389209,357630224391013
10,59650,GET,357630224391714,357630224392617
10,58884,GET,357630224392767,357630224393809
10,48131,GET,357630224393950,357630224394972
10,53007,GET,357630224398671,357630224399372
10,49152,GET,357630224399934,357630224401156
10,60932,GET,357630224401307,357630224402770
10,55817,GET,357630224404043,357630224404985
10,50176,GET,357630224405136,357630224406579
10,45837,GET,357630224406729,357630224408453
10,56581,GET,357630224409165,357630224409837
10,47880,GET,357630224410508,357630224413585
10,62724,GET,357630224413736,357630224415409
10,56079,GET,357630224415550,357630224417214
10,59916,GET,357630224417354,357630224419218
10,59918,GET,357630224419349,357630224421383
10,60174,GET,357630224421514,357630224422486
10,59910,GET,357630224424491,357630224425914
10,64258,GET,357630224426656,357630224428400
10,59913,GET,357630224429663,357630224431367
10,60169,GET,357630224431517,357630224432850
10,57354,GET,357630224433522,357630224434774
10,64260,GET,357630224435526,357630224436799
10,50184,GET,357630224437481,357630224438403
10,62981,GET,357630224440257,357630224441520
10,56832,GET,357630224442773,357630224444637
10,59919,GET,357630224444788,357630224447023
10,63756,GET,357630224447704,357630224448827
10,70145,GET,357630224448977,357630224449659
10,70401,GET,357630224449809,357630224450792
10,56579,GET,357630224453809,357630224455883
10,57859,GET,357630224458319,357630224460083
10,53768,GET,357630224460234,357630224460775
10,67086,GET,357630224463281,357630224465877
10,54792,GET,357630224466027,357630224466418
10,66060,GET,357630224469164,357630224469756
10,55560,GET,357630224470477,357630224471810
10,66057,GET,357630224491616,357630224492509
10,57352,GET,357630224495175,357630224496658
10,64015,GET,357630224498472,357630224499535
10,64527,GET,357630224499685,357630224500567
10,60928,GET,357630224500698,357630224501650
10,64266,GET,357630224501780,357630224503153
10,66825,GET,357630224503825,357630224505008
10,70919,GET,357630224505719,357630224506611
10,71170,GET,357630224506762,357630224508115
10,61952,GET,357630224508245,357630224509428
10,70926,GET,357630224509558,357630224510270
10,67849,GET,357630224511001,357630224512485
10,72199,GET,357630224512625,357630224513437
10,68873,GET,357630224515953,357630224517547
10,72450,GET,357630224517697,357630224518449
10,66826,GET,357630224519160,357630224520143
10,72718,GET,357630224520915,357630224522137
10,69387,GET,357630224522288,357630224523661
10,71177,GET,357630224530838,357630224533824
10,66051,GET,357630224533975,357630224535378
10,73228,GET,357630224536090,357630224537643
10,73990,GET,357630224539558,357630224540229
10,66819,GET,357630224540951,357630224541873
10,67075,GET,357630224542615,357630224543557
10,75522,GET,357630224543707,357630224545261
10,68879,GET,357630224545943,357630224547186
10,74501,GET,357630224547336,357630224547777
10,81921,GET,357630224549691,357630224550413
10,66816,GET,357630224550563,357630224552919
10,76546,GET,357630224553620,357630224554352
10,75787,GET,357630224555034,357630224556557
10,76814,GET,357630224557860,357630224559023
10,75273,GET,357630224559173,357630224560436
10,77826,GET,357630224561118,357630224562000
10,67072,GET,357630224562150,357630224563113
10,76806,GET,357630224564035,357630224564997
10,68096,GET,357630224565147,357630224566420
10,77574,GET,357630224567673,357630224568926
10,76041,GET,357630224569076,357630224570730
10,77835,GET,357630224575000,357630224576183
10,69888,GET,357630224576874,357630224577446
10,70912,GET,357630224578789,357630224579310
10,80652,GET,357630224579460,357630224580513
10,62733,GET,357630224582668,357630224583941
10,79877,GET,357630224585745,357630224586597
10,81166,GET,357630224593202,357630224594135
10,79370,GET,357630224594926,357630224595688
10,80905,GET,357630224597041,357630224597913
10,65037,GET,357630224598064,357630224599367
10,73475,GET,357630224600068,357630224600770
10,69384,GET,357630224601442,357630224602233
10,85772,GET,357630224602384,357630224603015
10,80906,GET,357630224603717,357630224604960
10,75008,GET,357630224605110,357630224605852
10,83719,GET,357630224606002,357630224607546
10,75520,GET,357630224608328,357630224609310
10,83970,GET,357630224610613,357630224612818
10,84994,GET,357630224631602,357630224632273
10,82958,GET,357630224634248,357630224634899
10,84491,GET,357630224635050,357630224635751
10,82438,GET,357630224635902,357630224638127
10,86530,GET,357630224638267,357630224639029
10,84484,GET,357630224640402,357630224641595
10,86281,GET,357630224641735,357630224642607
10,85002,GET,357630224642747,357630224644211
10,89356,GET,357630224644351,357630224645574
10,83973,GET,357630224645704,357630224646276
10,82950,GET,357630224646406,357630224647118
10,87810,GET,357630224648501,357630224649343
10,77571,GET,357630224649473,357630224650776
10,83462,GET,357630224652189,357630224653723
10,92929,GET,357630224653853,357630224655447
10,85774,GET,357630224655577,357630224656189
10,90114,GET,357630224659747,357630224660779
10,86542,GET,357630224660910,357630224662183
10,92172,GET,357630224662323,357630224663225
10,80399,GET,357630224663957,357630224664949
10,78336,GET,357630224665089,357630224666633
10,87566,GET,357630224666763,357630224667906
10,92935,GET,357630224668036,357630224668998
10,88078,GET,357630224669700,357630224670612
10,88331,GET,357630224670742,357630224671274
10,88846,GET,357630224672587,357630224673489
10,80384,GET,357630224674140,357630224675073
10,89614,GET,357630224676957,357630224677669
10,91906,GET,357630224677819,357630224678771
10,89865,GET,357630224678911,357630224679964
10,87302,GET,357630224680094,357630224681107
10,89093,GET,357630224681798,357630224683352
10,95500,GET,357630224684073,357630224684915
10,95756,GET,357630224685066,357630224685617
10,81664,GET,357630224685747,357630224686449
10,83727,GET,357630224686589,357630224688203
10,75021,GET,357630224689636,357630224691290
10,90634,GET,357630224693706,357630224695099
10,91397,GET,357630224695249,357630224696021
10,75789,GET,357630224697966,357630224698908
10,98055,GET,357630224699058,357630224700622
10,90630,GET,357630224702456,357630224705092
10,83712,GET,357630224705243,357630224705914
10,97282,GET,357630224706065,357630224707919
10,99079,GET,357630224708049,357630224709663
10,81928,GET,357630224709803,357630224711066
10,86543,GET,357630224711196,357630224711908
10,94213,GET,357630224712038,357630224714103
10,93194,GET,357630224714805,357630224715917
10,93710,GET,357630224716058,357630224717100
10,93450,GET,357630224717230,357630224718754
10,94980,GET,357630224719456,357630224720769
10,100097,GET,357630224720909,357630224721881
10,94474,GET,357630224722012,357630224723164
10,94986,GET,357630224723295,357630224724227
10,93451,GET,357630224724357,357630224724938
10,88079,GET,357630224726081,357630224729850
10,85256,GET,357630224730551,357630224732506
10,96778,GET,357630224732656,357630224734561
10,89859,GET,357630224735262,357630224735974
10,97797,GET,357630224737347,357630224738750
10,95243,GET,357630224739452,357630224740735
10,96011,GET,357630224743742,357630224744093
10,88832,GET,357630224744243,357630224745256
10,83469,GET,357630224745406,357630224747431
10,103425,GET,357630224749886,357630224750758
10,102658,GET,357630224752603,357630224753264
10,103170,GET,357630224753414,357630224754437
10,90368,GET,357630224755159,357630224756211
10,87560,GET,357630224758196,357630224759298
10,99076,GET,357630224759449,357630224760701
10,100100,GET,357630224761964,357630224763277
10,98057,GET,357630224763428,357630224763999
10,91904,GET,357630224764149,357630224765503
10,100868,GET,357630224767587,357630224768700
10,101636,GET,357630224789729,357630224791292
10,93967,GET,357630224791483,357630224792846
10,110092,GET,357630224792996,357630224793658
10,107522,GET,357630224794961,357630224796755
10,108551,GET,357630224796885,357630224797888
10,101641,GET,357630224798018,357630224798810
10,96259,GET,357630224799492,357630224801516
10,102661,GET,357630224801647,357630224803371
10,111372,GET,357630224805085,357630224806077
10,103940,GET,357630224806207,357630224807310
10,109058,GET,357630224808643,357630224810156
10,103433,GET,357630224810878,357630224812111
10,89352,GET,357630224812261,357630224813193
10,102155,GET,357630224813324,357630224814326
10,105994,GET,357630224822405,357630224823257
10,100355,GET,357630224824029,357630224826163
10,103174,GET,357630224827426,357630224828399
10,108292,GET,357630224830233,357630224831526
10,101379,GET,357630224832258,357630224832939
10,104459,GET,357630224833090,357630224834413
10,109060,GET,357630224834553,357630224836628
10,116236,GET,357630224837941,357630224839976
10,112386,GET,357630224841369,357630224842341
10,94216,GET,357630224845528,357630224846400
10,108553,GET,357630224847663,357630224848686
10,110596,GET,357630224848836,357630224849448
10,104451,GET,357630224849578,357630224850981
10,90893,GET,357630224851111,357630224852234
10,110601,GET,357630224855943,357630224856604
10,115457,GET,357630224856755,357630224858859
10,111625,GET,357630224860694,357630224861455
10,92685,GET,357630224863721,357630224864803
10,106755,GET,357630224865535,357630224866778
10,107523,GET,357630224867459,357630224868051
10,102144,GET,357630224868752,357630224870136
10,120844,GET,357630224878405,357630224879738
10,121356,GET,357630224879918,357630224881712
10,113162,GET,357630224883005,357630224884459
10,110342,GET,357630224885150,357630224886724
10,111875,GET,357630224886874,357630224887867
10,120834,GET,357630224887997,357630224888719
10,104463,GET,357630224889420,357630224891796
10,114698,GET,357630224891936,357630224893380
10,99080,GET,357630224893510,357630224895384
10,115209,GET,357630224895515,357630224896878
10,99592,GET,357630224897599,357630224899083
10,116234,GET,357630224899213,357630224900215
10,112901,GET,357630224900356,357630224901298
10,125196,GET,357630224901428,357630224902751
10,105984,GET,357630224902882,357630224903673
10,118529,GET,357630224904375,357630224905648
10,123655,GET,357630224906350,357630224907633
10,126476,GET,357630224909016,357630224910169
10,126732,GET,357630224910319,357630224911161
10,107535,GET,357630224913316,357630224914208
10,114691,GET,357630224914358,357630224915541
10,115205,GET,357630224916423,357630224917325
10,115971,GET,357630224937963,357630224938935
10,119310,GET,357630224939697,357630224941070
10,117003,GET,357630224943015,357630224946172
10,124929,GET,357630224946854,357630224949680
10,120590,GET,357630224949831,357630224951204
10,128524,GET,357630224951354,357630224952397
10,121102,GET,357630224953098,357630224953960
10,110336,GET,357630224955303,357630224956125
10,115462,GET,357630224956276,357630224957368
10,118021,GET,357630224958631,357630224960435
10,121609,GET,357630224961127,357630224962891
10,126210,GET,357630224963643,357630224964014
10,121866,GET,357630224964164,357630224964966
10,123406,GET,357630224966249,357630224967642
10,122377,GET,357630224967792,357630224969607
10,123402,GET,357630224969757,357630224973846
10,122883,GET,357630224974548,357630224975079
10,128258,GET,357630224977715,357630224979089
10,124419,GET,357630224982747,357630224983298
10,125454,GET,357630224985594,357630224988340
10,120325,GET,357630224989052,357630224990064
10,116751,GET,357630224990214,357630224991307
10,104205,GET,357630224992841,357630224993683
10,126474,GET,357630224993833,357630224994565
10,121093,GET,357630224995246,357630224996208
10,130561,GET,357630224997471,357630224998845
11,267,PUT,357630223633945,357630223634616
11,523,PUT,357630223635538,357630223635839
11,779,PUT,357630223636150,357630223636440
11,1035,PUT,357630223636681,357630223636972
11,1291,PUT,357630223637222,357630223637513
11,1547,PUT,357630223637753,357630223638044
11,1803,PUT,357630223638295,357630223638495
11,2059,PUT,357630223638786,357630223638976
11,2315,PUT,357630223639127,357630223639317
11,2571,PUT,357630223639467,357630223639658
11,2827,PUT,357630223639808,357630223639999
11,3083,PUT,357630223640149,357630223640339
11,3339,PUT,357630223640490,357630223640680
11,3595,PUT,357630223640831,357630223641021
11,3851,PUT,357630223641171,357630223641362
11,4107,PUT,357630223641652,357630223641843
11,4363,PUT,357630223641993,357630223642184
11,4619,PUT,357630223642334,357630223642524
11,4875,PUT,357630223642675,357630223642865
11,5131,PUT,357630223643016,357630223643216
11,5387,PUT,357630223643356,357630223643557
11,5643,PUT,357630223643697,357630223643898
11,5899,PUT,357630223644038,357630223644238
11,6155,PUT,357630223644529,357630223644720
11,6411,PUT,357630223644870,357630223645060
11,6667,PUT,357630223645211,357630223645401
11,6923,PUT,357630223645551,357630223645742
11,7179,PUT,357630223645892,357630223646083
11,7435,PUT,357630223646233,357630223646423
11,7691,PUT,357630223646574,357630223646764
11,7947,PUT,357630223646915,357630223647105
11,8203,PUT,357630223647396,357630223647596
11,8459,PUT,357630223647737,357630223647937
11,8715,PUT,357630223648077,357630223648278
11,8971,PUT,357630223648418,357630223648619
11,9227,PUT,357630223648769,357630223648969
11,9483,PUT,357630223649110,357630223649310
11,9739,PUT,357630223649451,357630223649651
11,9995,PUT,357630223649791,357630223649992
11,10251,PUT,357630223650292,357630223650483
11,10507,PUT,357630223650633,357630223650824
11,10763,PUT,357630223650974,357630223651165
11,11019,PUT,357630223651315,357630223651505
11,11275,PUT,357630223651656,357630223651846
11,11531,PUT,357630223651996,357630223652187
11,11787,PUT,357630223652337,357630223652528
11,12043,PUT,357630223652678,357630223652868
11,12299,PUT,357630223653179,357630223653370
11,12555,PUT,357630223653520,357630223653710
11,12811,PUT,357630223653861,357630223654051
11,13067,PUT,357630223654202,357630223654392
11,13323,PUT,357630223654542,357630223654733
11,13579,PUT,357630223654883,357630223655074
11,13835,PUT,357630223655224,357630223655414
11,14091,PUT,357630223655565,357630223655755
11,14347,PUT,357630223656046,357630223656246
11,14603,PUT,357630223656397,357630223656587
11,14859,PUT,357630223656737,357630223656928
11,15115,PUT,357630223657078,357630223657269
11,15371,PUT,357630223657419,357630223657609
11,15627,PUT,357630223657760,357630223657950
11,15883,PUT,357630223658101,357630223658291
11,16139,PUT,357630223658441,357630223658632
11,16395,PUT,357630223658943,357630223659133
11,16651,PUT,357630223914015,357630223914516
11,16907,PUT,357630223916260,357630223916571
11,17163,PUT,357630223918515,357630223918806
11,17419,PUT,357630223919137,357630223919428
11,17675,PUT,357630223920410,357630223920731
11,17931,PUT,357630223920981,357630223921382
11,18187,PUT,357630223921693,357630223922004
11,18443,PUT,357630223926173,357630223926474
11,18699,PUT,357630223930283,357630223930634
11,18955,PUT,357630223933119,357630223933420
11,19211,PUT,357630223933701,357630223934001
11,19467,PUT,357630223935194,357630223935495
11,19723,PUT,357630223935765,357630223936056
11,19979,PUT,357630223936317,357630223936628
11,20235,PUT,357630223937981,357630223938301
11,20491,PUT,357630223938552,357630223938923
11,20747,PUT,357630223940627,357630223940867
11,21003,PUT,357630223941128,357630223941439
11,21259,PUT,357630223941689,357630223942170
11,21515,PUT,357630223942431,357630223942752
11,21771,PUT,357630223945709,357630223946069
11,22027,PUT,357630223946340,357630223946671
11,22283,PUT,357630223946931,357630223947222
11,22539,PUT,357630223947483,357630223947733
11,22795,PUT,357630223950650,357630223951061
11,23051,PUT,357630223952925,357630223953216
11,23307,PUT,357630223953497,357630223953787
11,23563,PUT,357630223955271,357630223955571
11,23819,PUT,357630223955842,357630223956143
11,24075,PUT,357630223956413,357630223956744
11,24331,PUT,357630223959240,357630223959541
11,24587,PUT,357630223959801,357630223960102
11,24843,PUT,357630223960363,357630223960663
11,25099,PUT,357630223962648,357630223962999
11,25355,PUT,357630223965134,357630223965495
11,25611,PUT,357630223966938,357630223967239
11,25867,PUT,357630223969023,357630223969323
11,26123,PUT,357630223969584,357630223969885
11,26379,PUT,357630223970165,357630223970456
11,26635,PUT,357630223970707,357630223971007
11,26891,PUT,357630223971258,357630223971599
11,27147,PUT,357630223971849,357630223972140
11,27403,PUT,357630223972401,357630223972771
11,27659,PUT,357630223977102,357630223977392
11,27915,PUT,357630223980780,357630223981081
11,28171,PUT,357630223981351,357630223981652
11,28427,PUT,357630223985200,357630223985491
11,28683,PUT,357630223985762,357630223986062
11,28939,PUT,357630223987315,357630223987616
11,29195,PUT,357630223988829,357630223989089
11,29451,PUT,357630223996617,357630223996837
11,29707,PUT,357630223999012,357630223999333
11,29963,PUT,357630223999604,357630223999894
11,30219,PUT,357630224000165,357630224023850
11,30475,PUT,357630224024391,357630224024782
11,30731,PUT,357630224025905,357630224026206
11,30987,PUT,357630224026456,357630224026807
11,31243,PUT,357630224027068,357630224027368
11,31499,PUT,357630224028551,357630224028852
11,31755,PUT,357630224029102,357630224029413
11,32011,PUT,357630224030967,357630224031257
11,32267,PUT,357630224034645,357630224034956
11,32523,PUT,357630224035226,357630224035527
11,32779,PUT,357630224038314,357630224038614
11,33035,PUT,357630224065968,357630224066389
11,33291,PUT,357630224066830,357630224067131
11,33547,PUT,357630224067421,357630224067752
11,33803,PUT,357630224068073,357630224068363
11,34059,PUT,357630224068624,357630224068985
11,34315,PUT,357630224069235,357630224069546
11,34571,PUT,357630224069807,357630224070097
11,34827,PUT,357630224073054,357630224073365
11,35083,PUT,357630224074909,357630224075249
11,35339,PUT,357630224075530,357630224075991
11,35595,PUT,357630224083819,357630224084140
11,35851,PUT,357630224086185,357630224086506
11,36107,PUT,357630224089703,357630224090004
11,36363,PUT,357630224096499,357630224096830
11,36619,PUT,357630224099927,357630224100217
11,36875,PUT,357630224101530,357630224101911
11,37131,PUT,357630224102994,357630224103285
11,37387,PUT,357630224103555,357630224103856
11,37643,PUT,357630224104137,357630224104447
11,37899,PUT,357630224104708,357630224104999
11,38155,PUT,357630224105841,357630224106201
11,38411,PUT,357630224108547,357630224108847
11,38667,PUT,357630224109118,357630224109499
11,38923,PUT,357630224109770,357630224110070
11,39179,PUT,357630224113428,357630224113739
11,39435,PUT,357630224115954,357630224116255
11,39691,PUT,357630224119141,357630224119462
11,39947,PUT,357630224122369,357630224122599
11,40203,PUT,357630224123882,357630224124263
11,40459,PUT,357630224124534,357630224124835
11,40715,PUT,357630224131019,357630224131380
11,40971,PUT,357630224131650,357630224131951
11,41227,PUT,357630224134808,357630224135118
11,41483,PUT,357630224136792,357630224137083
11,41739,PUT,357630224137354,357630224137654
11,41995,PUT,357630224137905,357630224138206
11,42251,PUT,357630224138466,357630224138767
11,42507,PUT,357630224139028,357630224139328
11,42763,PUT,357630224145693,357630224145984
11,43019,PUT,357630224148439,357630224148830
11,43275,PUT,357630224149101,357630224149422
11,43531,PUT,357630224151537,357630224151837
11,43787,PUT,357630224152098,357630224152409
11,44043,PUT,357630224152669,357630224152970
11,44299,PUT,357630224153231,357630224153561
11,44555,PUT,357630224153822,357630224154273
11,44811,PUT,357630224154534,357630224154854
11,45067,PUT,357630224155115,357630224155476
11,45323,PUT,357630224155736,357630224156127
11,45579,PUT,357630224156388,357630224156689
11,45835,PUT,357630224156949,357630224157250
11,46091,PUT,357630224159535,357630224159896
11,46347,PUT,357630224160147,357630224160447
11,46603,PUT,357630224160698,357630224160999
11,46859,PUT,357630224162923,357630224163214
11,47115,PUT,357630224163464,357630224163795
11,47371,PUT,357630224164056,357630224164407
11,47627,PUT,357630224164667,357630224165028
11,47883,PUT,357630224165870,357630224166171
11,48139,PUT,357630224166421,357630224166722
11,48395,PUT,357630224168466,357630224168767
11,48651,PUT,357630224173738,357630224174109
11,48907,PUT,357630224174390,357630224174791
11,49163,PUT,357630224176264,357630224176565
11,49419,PUT,357630224177527,357630224177828
11,49675,PUT,357630224178108,357630224178409
11,49931,PUT,357630224179882,357630224180103
11,50187,PUT,357630224180374,357630224180654
11,50443,PUT,357630224180925,357630224181216
11,50699,PUT,357630224181476,357630224181767
11,50955,PUT,357630224200581,357630224201172
11,51211,PUT,357630224201633,357630224201924
11,51467,PUT,357630224202174,357630224202465
11,51723,PUT,357630224203818,357630224204209
11,51979,PUT,357630224205582,357630224205943
11,52235,PUT,357630224206214,357630224206514
11,52491,PUT,357630224208699,357630224208930
11,52747,PUT,357630224210173,357630224210494
11,53003,PUT,357630224210764,357630224211255
11,53259,PUT,357630224211536,357630224211817
11,53515,PUT,357630224212077,357630224212388
11,53771,PUT,357630224212649,357630224212959
11,54027,PUT,357630224217971,357630224218262
11,54283,PUT,357630224222251,357630224222572
11,54539,PUT,357630224232505,357630224232906
11,54795,PUT,357630224235241,357630224235542
11,55051,PUT,357630224235822,357630224236113
11,55307,PUT,357630224236384,357630224236795
11,55563,PUT,357630224237055,357630224237346
11,55819,PUT,357630224239541,357630224239832
11,56075,PUT,357630224241305,357630224241586
11,56331,PUT,357630224249404,357630224249755
11,56587,PUT,357630224253373,357630224253664
11,56843,PUT,357630224254736,357630224255037
11,57099,PUT,357630224255308,357630224255598
11,57355,PUT,357630224255879,357630224256079
11,57611,PUT,357630224256240,357630224256530
11,57867,PUT,357630224258645,357630224258946
11,58123,PUT,357630224262865,357630224263196
11,58379,PUT,357630224265932,357630224266223
11,58635,PUT,357630224272688,357630224272989
11,58891,PUT,357630224273269,357630224273560
11,59147,PUT,357630224278201,357630224278491
11,59403,PUT,357630224278772,357630224279374
11,59659,PUT,357630224280536,357630224280827
11,59915,PUT,357630224281098,357630224281398
11,60171,PUT,357630224284094,357630224284425
11,60427,PUT,357630224285618,357630224285909
11,60683,PUT,357630224286189,357630224286530
11,60939,PUT,357630224292324,357630224292614
11,61195,PUT,357630224295671,357630224295962
11,61451,PUT,357630224296233,357630224296523
11,61707,PUT,357630224296794,357630224297235
11,61963,PUT,357630224297496,357630224297866
11,62219,PUT,357630224298127,357630224298418
11,62475,PUT,357630224299791,357630224300082
11,62731,PUT,357630224300332,357630224300623
11,62987,PUT,357630224300883,357630224301204
11,63243,PUT,357630224302207,357630224302567
11,63499,PUT,357630224302828,357630224303119
11,63755,PUT,357630224303379,357630224303740
11,64011,PUT,357630224303991,357630224304291
11,64267,PUT,357630224306236,357630224306567
11,64523,PUT,357630224309383,357630224309684
11,64779,PUT,357630224311598,357630224311979
11,65035,PUT,357630224312260,357630224312551
11,65291,PUT,357630224314004,357630224314295
11,65547,PUT,357630224315517,357630224315808
11,65803,PUT,357630224323516,357630224323857
11,66059,PUT,357630224325270,357630224325571
11,66315,PUT,357630224325841,357630224326142
11,66571,PUT,357630224343422,357630224343954
11,66827,PUT,357630224346088,357630224346489
11,67083,PUT,357630224350338,357630224350629
11,67339,PUT,357630224354749,357630224355039
11,67595,PUT,357630224355901,357630224356192
11,67851,PUT,357630224356463,357630224356753
11,68107,PUT,357630224357024,357630224357495
11,68363,PUT,357630224361815,357630224362146
11,68619,PUT,357630224362416,357630224362717
11,68875,PUT,357630224363980,357630224364271
11,69131,PUT,357630224365654,357630224365945
11,69387,PUT,357630224366215,357630224366616
11,69643,PUT,357630224367468,357630224367909
11,69899,PUT,357630224369082,357630224369373
11,70155,PUT,357630224371307,357630224371618
11,70411,PUT,357630224371898,357630224372239
11,70667,PUT,357630224374134,357630224374354
11,70923,PUT,357630224374625,357630224374915
11,71179,PUT,357630224375196,357630224375487
11,71435,PUT,357630224377211,357630224377521
11,71691,PUT,357630224379195,357630224379536
11,71947,PUT,357630224383626,357630224383956
11,72203,PUT,357630224385640,357630224385961
11,72459,PUT,357630224386242,357630224386532
11,72715,PUT,357630224386813,357630224387094
11,72971,PUT,357630224391484,357630224391835
11,73227,PUT,357630224392105,357630224392406
11,73483,PUT,357630224395092,357630224395383
11,73739,PUT,357630224395654,357630224395944
11,73995,PUT,357630224396215,357630224396576
11,74251,PUT,357630224397799,357630224398370
11,74507,PUT,357630224398620,357630224399001
11,74763,PUT,357630224399272,357630224399583
11,75019,PUT,357630224399853,357630224400244
11,75275,PUT,357630224400495,357630224400816
11,75531,PUT,357630224401076,357630224401277
11,75787,PUT,357630224401427,357630224401778
11,76043,PUT,357630224409365,357630224409656
11,76299,PUT,357630224409927,357630224410217
11,76555,PUT,357630224417334,357630224417625
11,76811,PUT,357630224419399,357630224419689
11,77067,PUT,357630224419960,357630224420251
11,77323,PUT,357630224420531,357630224420832
11,77579,PUT,357630224422035,357630224422406
11,77835,PUT,357630224422666,357630224423057
11,78091,PUT,357630224423318,357630224423689
11,78347,PUT,357630224425924,357630224426225
11,78603,PUT,357630224426485,357630224426786
11,78859,PUT,357630224428570,357630224428861
11,79115,PUT,357630224429121,357630224429422
11,79371,PUT,357630224429683,357630224429973
11,79627,PUT,357630224431727,357630224432098
11,79883,PUT,357630224432369,357630224432670
11,80139,PUT,357630224432930,357630224433231
11,80395,PUT,357630224433491,357630224433782
11,80651,PUT,357630224434945,357630224435296
11,80907,PUT,357630224435556,357630224435847
11,81163,PUT,357630224436970,357630224437260
11,81419,PUT,357630224437521,357630224437812
11,81675,PUT,357630224442462,357630224442753
11,81931,PUT,357630224443024,357630224443314
11,82187,PUT,357630224443565,357630224443926
11,82443,PUT,357630224445169,357630224445479
11,82699,PUT,357630224445740,357630224446031
11,82955,PUT,357630224447785,357630224448075
11,83211,PUT,357630224448336,357630224448617
11,83467,PUT,357630224453929,357630224454159
11,83723,PUT,357630224463982,357630224464273
11,83979,PUT,357630224466318,357630224466608
11,84235,PUT,357630224466889,357630224467170
11,84491,PUT,357630224467450,357630224467741
11,84747,PUT,357630224468002,357630224468292
11,85003,PUT,357630224469736,357630224470036
11,85259,PUT,357630224488730,357630224489381
11,85515,PUT,357630224490704,357630224491005
11,85771,PUT,357630224491276,357630224491606
11,86027,PUT,357630224492679,357630224493020
11,86283,PUT,357630224493290,357630224493591
11,86539,PUT,357630224495195,357630224495546
11,86795,PUT,357630224496829,357630224497119
11,87051,PUT,357630224497390,357630224497691
11,87307,PUT,357630224500667,357630224500958
11,87563,PUT,357630224501229,357630224501519
11,87819,PUT,357630224503243,357630224503544
11,88075,PUT,357630224513557,357630224513858
11,88331,PUT,357630224516835,357630224517126
11,88587,PUT,357630224517396,357630224517697
11,88843,PUT,357630224526437,357630224526738
11,89099,PUT,357630224526999,357630224527299
11,89355,PUT,357630224534416,357630224534917
11,89611,PUT,357630224536220,357630224536521
11,89867,PUT,357630224536831,357630224537122
11,90123,PUT,357630224540189,357630224540490
11,90379,PUT,357630224540761,357630224541051
11,90635,PUT,357630224543667,357630224544018
11,90891,PUT,357630224550533,357630224550824
11,91147,PUT,357630224553109,357630224553400
11,91403,PUT,357630224553681,357630224554031
11,91659,PUT,357630224555475,357630224555765
11,91915,PUT,357630224556046,357630224556337
11,92171,PUT,357630224558321,357630224558722
11,92427,PUT,357630224558993,357630224559284
11,92683,PUT,357630224563453,357630224563814
11,92939,PUT,357630224564085,357630224564416
11,93195,PUT,357630224566611,357630224566891
11,93451,PUT,357630224573777,357630224574078
11,93707,PUT,357630224575561,357630224576183
11,93963,PUT,357630224578298,357630224578548
11,94219,PUT,357630224578819,357630224579140
11,94475,PUT,357630224580613,357630224581044
11,94731,PUT,357630224585966,357630224586256
11,94987,PUT,357630224586537,357630224586828
11,95243,PUT,357630224587098,357630224587399
11,95499,PUT,357630224588902,357630224589193
11,95755,PUT,357630224591559,357630224591849
11,96011,PUT,357630224592130,357630224592431
11,96267,PUT,357630224592701,357630224592992
11,96523,PUT,357630224593253,357630224593613
11,96779,PUT,357630224594846,357630224595147
11,97035,PUT,357630224595398,357630224595718
11,97291,PUT,357630224597583,357630224597883
11,97547,PUT,357630224598224,357630224598515
11,97803,PUT,357630224598775,357630224599066
11,98059,PUT,357630224605140,357630224605611
11,98315,PUT,357630224605892,357630224606183
11,98571,PUT,357630224630058,357630224630659
11,98827,PUT,357630224631080,357630224631381
11,99083,PUT,357630224631642,357630224631982
11,99339,PUT,357630224632243,357630224632624
11,99595,PUT,357630224632885,357630224633175
11,99851,PUT,357630224635872,357630224636172
11,100107,PUT,357630224647308,357630224647669
11,100363,PUT,357630224649814,357630224650105
11,100619,PUT,357630224650375,357630224650716
11,100875,PUT,357630224653272,357630224653563
11,101131,PUT,357630224655547,357630224655848
11,101387,PUT,357630224656109,357630224656409
11,101643,PUT,357630224658564,357630224658875
11,101899,PUT,357630224659146,357630224659446
11,102155,PUT,357630224662283,357630224662584
11,102411,PUT,357630224663315,357630224663646
11,102667,PUT,357630224666733,357630224667034
11,102923,PUT,357630224669319,357630224669550
11,103179,PUT,357630224671444,357630224671755
11,103435,PUT,357630224673489,357630224673840
11,103691,PUT,357630224680144,357630224680455
11,103947,PUT,357630224681287,357630224681578
11,104203,PUT,357630224681858,357630224682149
11,104459,PUT,357630224682430,357630224682720
11,104715,PUT,357630224682981,357630224683272
11,104971,PUT,357630224685737,357630224686028
11,105227,PUT,357630224686279,357630224686680
11,105483,PUT,357630224693876,357630224694167
11,105739,PUT,357630224695279,357630224695650
11,105995,PUT,357630224695931,357630224696222
11,106251,PUT,357630224696472,357630224696853
11,106507,PUT,357630224702606,357630224702907
11,106763,PUT,357630224703178,357630224703479
11,107019,PUT,357630224703729,357630224704020
11,107275,PUT,357630224705323,357630224705804
11,107531,PUT,357630224706065,357630224706355
11,107787,PUT,357630224706616,357630224706906
11,108043,PUT,357630224707167,357630224707688
11,108299,PUT,357630224711186,357630224711577
11,108555,PUT,357630224714223,357630224714514
11,108811,PUT,357630224716018,357630224716318
11,109067,PUT,357630224720658,357630224720949
11,109323,PUT,357630224724818,357630224725129
11,109579,PUT,357630224734080,357630224734380
11,109835,PUT,357630224738861,357630224739171
11,110091,PUT,357630224739442,357630224739743
11,110347,PUT,357630224740925,357630224741206
11,110603,PUT,357630224741487,357630224741777
11,110859,PUT,357630224744173,357630224744614
11,111115,PUT,357630224744875,357630224745185
11,111371,PUT,357630224747601,357630224747912
11,111627,PUT,357630224748182,357630224748473
11,111883,PUT,357630224752091,357630224752352
11,112139,PUT,357630224753435,357630224753725
11,112395,PUT,357630224754928,357630224755249
11,112651,PUT,357630224755529,357630224755830
11,112907,PUT,357630224757073,357630224757304
11,113163,PUT,357630224760802,357630224761092
11,113419,PUT,357630224761373,357630224761664
11,113675,PUT,357630224761934,357630224762225
11,113931,PUT,357630224762486,357630224762776
11,114187,PUT,357630224765613,357630224766314
11,114443,PUT,357630224766565,357630224767297
11,114699,PUT,357630224788185,357630224788737
11,114955,PUT,357630224789168,357630224789498
11,115211,PUT,357630224789759,357630224790050
11,115467,PUT,357630224791774,357630224792064
11,115723,PUT,357630224792335,357630224792626
11,115979,PUT,357630224793768,357630224794059
11,116235,PUT,357630224797487,357630224797778
11,116491,PUT,357630224799752,357630224800043
11,116747,PUT,357630224800313,357630224800604
11,117003,PUT,357630224801677,357630224801997
11,117259,PUT,357630224802268,357630224802599
11,117515,PUT,357630224803691,357630224803982
11,117771,PUT,357630224811950,357630224812331
11,118027,PUT,357630224812652,357630224812943
11,118283,PUT,357630224819147,357630224819438
11,118539,PUT,357630224819708,357630224820019
11,118795,PUT,357630224821873,357630224822164
11,119051,PUT,357630224824209,357630224824500
11,119307,PUT,357630224824770,357630224825061
11,119563,PUT,357630224825332,357630224825622
11,119819,PUT,357630224825893,357630224826184
11,120075,PUT,357630224827176,357630224827557
11,120331,PUT,357630224830423,357630224830714
11,120587,PUT,357630224831005,357630224831456
11,120843,PUT,357630224831726,357630224831987
11,121099,PUT,357630224832278,357630224832568
11,121355,PUT,357630224832829,357630224833150
11,121611,PUT,357630224838051,357630224838342
11,121867,PUT,357630224841740,357630224842030
11,122123,PUT,357630224842301,357630224842602
11,122379,PUT,357630224842852,357630224843153
11,122635,PUT,357630224849568,357630224849858
11,122891,PUT,357630224851162,357630224851452
11,123147,PUT,357630224856173,357630224856534
11,123403,PUT,357630224856815,357630224857105
11,123659,PUT,357630224857386,357630224857677
11,123915,PUT,357630224861485,357630224861776
11,124171,PUT,357630224862037,357630224862327
11,124427,PUT,357630224863350,357630224863671
11,124683,PUT,357630224868041,357630224868331
11,124939,PUT,357630224868612,357630224868903
11,125195,PUT,357630224874215,357630224874516
11,125451,PUT,357630224874796,357630224875197
11,125707,PUT,357630224875478,357630224875879
11,125963,PUT,357630224876130,357630224876420
11,126219,PUT,357630224876671,357630224877022
11,126475,PUT,357630224878716,357630224879006
11,126731,PUT,357630224879267,357630224879557
11,126987,PUT,357630224879818,357630224880109
11,127243,PUT,357630224880369,357630224880570
11,127499,PUT,357630224882434,357630224882755
11,127755,PUT,357630224884629,357630224884920
11,128011,PUT,357630224886895,357630224887215
11,128267,PUT,357630224887496,357630224887817
11,128523,PUT,357630224898532,357630224898832
11,128779,PUT,357630224900336,357630224900636
11,129035,PUT,357630224901468,357630224901759
11,129291,PUT,357630224903633,357630224903924
11,129547,PUT,357630224906891,357630224907182
11,129803,PUT,357630224910209,357630224910529
11,130059,PUT,357630224910800,357630224911091
11,130315,PUT,357630224914308,357630224914749
11,130571,PUT,357630224935989,357630224936590
11,130827,PUT,357630224938474,357630224938775
11,131083,PUT,357630224949129,357630224949420
11,131339,PUT,357630224955554,357630224955955
11,131595,PUT,357630224963964,357630224964254
11,131851,PUT,357630224964535,357630224964826
11,132107,PUT,357630224965096,357630224965397
11,132363,PUT,357630224967853,357630224968153
11,132619,PUT,357630224975901,357630224976212
11,132875,PUT,357630224976513,357630224976793
11,133131,PUT,357630224979359,357630224979610
11,133387,PUT,357630224979880,357630224980181
11,133643,PUT,357630224981444,357630224981765
11,133899,PUT,357630224985804,357630224986115
11,134155,PUT,357630224986386,357630224986696
11,134411,PUT,357630224989804,357630224990305
11,134667,PUT,357630224991497,357630224991858
11,134923,PUT,357630224994093,357630224994384
11,135179,PUT,357630224994665,357630224994955
11,135435,PUT,357630224996309,357630224996609
11,7949,GET,357630223909815,357630223911028
11,10509,GET,357630223911519,357630223912251
11,13069,GET,357630223912662,357630223913774
11,772,GET,357630223914897,357630223916100
11,3588,GET,357630223916832,357630223917613
11,5124,GET,357630223917744,357630223918355
11,8452,GET,357630223919748,357630223920259
11,15108,GET,357630223922284,357630223923587
11,1029,GET,357630223923738,357630223924940
11,3077,GET,357630223925091,357630223926023
11,6149,GET,357630223926725,357630223927777
11,8197,GET,357630223927907,357630223928679
11,10757,GET,357630223928819,357630223930132
11,259,GET,357630223930904,357630223932969
11,4611,GET,357630223934262,357630223935054
11,10243,GET,357630223936908,357630223937850
11,13827,GET,357630223939193,357630223940496
11,8450,GET,357630223943022,357630223944275
11,11010,GET,357630223944426,357630223945578
11,2312,GET,357630223948004,357630223949377
11,4872,GET,357630223949527,357630223950520
11,7432,GET,357630223951322,357630223951833
11,8968,GET,357630223951983,357630223952795
11,13320,GET,357630223954058,357630223955140
11,2057,GET,357630223957015,357630223957666
11,4617,GET,357630223957817,357630223959110
11,11785,GET,357630223960944,357630223962508
11,14345,GET,357630223963269,357630223964091
11,262,GET,357630223964242,357630223964993
11,3590,GET,357630223965745,357630223966808
11,8198,GET,357630223967489,357630223968892
11,2570,GET,357630223973052,357630223974044
11,5898,GET,357630223974195,357630223975498
11,8970,GET,357630223975648,357630223976951
11,12298,GET,357630223977663,357630223978655
11,13834,GET,357630223978805,357630223979407
11,16394,GET,357630223979537,357630223980630
11,5134,GET,357630223981923,357630223983045
11,7182,GET,357630223983176,357630223984018
11,8974,GET,357630223984148,357630223985050
11,12814,GET,357630223986323,357630223987165
11,15886,GET,357630223987897,357630223988698
11,3852,GET,357630223989350,357630223990833
11,6924,GET,357630223990984,357630223992166
11,8716,GET,357630223992317,357630223993149
11,11276,GET,357630223993279,357630223994081
11,13580,GET,357630223994221,357630223995625
11,14860,GET,357630223995755,357630223996466
11,1537,GET,357630223997028,357630223998070
11,3073,GET,357630223998201,357630223998862
11,13569,GET,357630224025083,357630224025694
11,1803,GET,357630224027639,357630224028411
11,6411,GET,357630224029684,357630224030826
11,9739,GET,357630224031528,357630224032450
11,12811,GET,357630224032600,357630224033833
11,14347,GET,357630224033964,357630224034495
11,3079,GET,357630224035778,357630224037432
11,4359,GET,357630224037582,357630224038163
11,17666,GET,357630224071872,357630224072854
11,18690,GET,357630224073636,357630224074768
11,19714,GET,357630224076272,357630224077294
11,18689,GET,357630224077445,357630224078758
11,18444,GET,357630224078908,357630224079730
11,18956,GET,357630224079870,357630224080271
11,19212,GET,357630224080401,357630224081163
11,19724,GET,357630224081293,357630224083669
11,19726,GET,357630224084401,357630224086035
11,17925,GET,357630224086766,357630224087478
11,18691,GET,357630224087628,357630224089553
11,18436,GET,357630224090254,357630224091297
11,21006,GET,357630224091447,357630224094594
11,17931,GET,357630224094725,357630224096348
11,23041,GET,357630224097090,357630224098584
11,21775,GET,357630224098724,357630224099776
11,23297,GET,357630224100478,357630224101380
11,24076,GET,357630224102172,357630224102864
11,20228,GET,357630224105279,357630224105710
11,22798,GET,357630224106482,357630224108416
11,19467,GET,357630224110341,357630224111393
11,21507,GET,357630224111544,357630224112115
11,24833,GET,357630224112265,357630224113278
11,19975,GET,357630224113999,357630224115824
11,26370,GET,357630224116505,357630224117538
11,22793,GET,357630224117688,357630224119011
11,26126,GET,357630224119733,357630224121347
11,26892,GET,357630224121497,357630224122239
11,24581,GET,357630224122860,357630224123752
11,21770,GET,357630224125085,357630224126138
11,27905,GET,357630224126288,357630224127350
11,27918,GET,357630224127501,357630224129305
11,23812,GET,357630224129435,357630224130869
11,27151,GET,357630224132222,357630224133605
11,28929,GET,357630224133735,357630224134657
11,19720,GET,357630224135379,357630224136642
11,23562,GET,357630224139609,357630224141894
11,24074,GET,357630224142045,357630224142626
11,24586,GET,357630224142776,357630224143899
11,25353,GET,357630224144029,357630224144761
11,19712,GET,357630224144891,357630224145543
11,28175,GET,357630224146244,357630224147036
11,25095,GET,357630224147166,357630224148289
11,26372,GET,357630224149702,357630224151386
11,28934,GET,357630224157521,357630224159395
11,27143,GET,357630224161269,357630224162793
11,27655,GET,357630224165299,357630224165740
11,33026,GET,357630224166983,357630224168326
11,27907,GET,357630224169027,357630224170240
11,34049,GET,357630224170390,357630224173598
11,19725,GET,357630224175051,357630224176134
11,30730,GET,357630224176825,357630224177387
11,29193,GET,357630224178660,357630224179752
11,26880,GET,357630224182037,357630224183240
11,30987,GET,357630224183391,357630224184323
11,27392,GET,357630224184473,357630224185115
11,21517,GET,357630224202766,357630224203628
11,33804,GET,357630224204490,357630224205452
11,22029,GET,357630224206785,357630224207457
11,22285,GET,357630224207607,357630224207888
11,35330,GET,357630224208038,357630224208549
11,29696,GET,357630224209160,357630224210022
11,34318,GET,357630224213240,357630224213641
11,32260,GET,357630224213791,357630224214413
11,32775,GET,357630224214563,357630224215605
11,34572,GET,357630224217139,357630224217821
11,33035,GET,357630224218512,357630224219685
11,33798,GET,357630224219815,357630224220537
11,35340,GET,357630224220677,357630224222101
11,32259,GET,357630224222822,357630224224506
11,40194,GET,357630224231021,357630224232304
11,37132,GET,357630224233206,357630224235111
11,41986,GET,357630224237637,357630224239411
11,42498,GET,357630224240102,357630224241165
11,36362,GET,357630224241866,357630224243841
11,27405,GET,357630224243991,357630224245575
11,36101,GET,357630224245725,357630224247129
11,28173,GET,357630224247269,357630224249254
11,33536,GET,357630224250025,357630224251799
11,36869,GET,357630224251930,357630224253223
11,39183,GET,357630224253914,357630224254586
11,44033,GET,357630224256801,357630224258515
11,35584,GET,357630224259227,357630224260389
11,42254,GET,357630224260540,357630224262735
11,42249,GET,357630224263447,357630224264559
11,42761,GET,357630224264709,357630224265802
11,29709,GET,357630224266484,357630224268769
11,42756,GET,357630224268919,357630224271726
11,47106,GET,357630224271876,357630224272538
11,39947,GET,357630224273811,357630224276316
11,41743,GET,357630224276467,357630224278050
11,48642,GET,357630224279644,357630224280406
11,40970,GET,357630224281659,357630224282180
11,40710,GET,357630224282330,357630224283954
11,47361,GET,357630224284706,357630224285488
11,44300,GET,357630224286791,357630224288184
11,45833,GET,357630224288334,357630224290048
11,44303,GET,357630224290199,357630224292173
11,44551,GET,357630224292875,357630224294078
11,51458,GET,357630224294208,357630224295521
11,42758,GET,357630224298688,357630224299641
11,47630,GET,357630224301475,357630224302076
11,46607,GET,357630224304562,357630224306096
11,48654,GET,357630224306837,357630224307719
11,53505,GET,357630224307870,357630224309233
11,43274,GET,357630224309945,357630224311468
11,43786,GET,357630224312811,357630224313864
11,49422,GET,357630224314545,357630224315377
11,47877,GET,357630224321822,357630224322644
11,35853,GET,357630224322834,357630224323366
11,51204,GET,357630224324117,357630224325140
11,48391,GET,357630224326403,357630224327515
11,45322,GET,357630224327666,357630224328257
11,52740,GET,357630224344435,357630224345898
11,49929,GET,357630224346750,357630224350208
11,53262,GET,357630224350890,357630224352634
11,58369,GET,357630224352784,357630224353666
11,57346,GET,357630224353816,357630224354598
11,51465,GET,357630224355280,357630224355751
11,54276,GET,357630224357776,357630224358678
11,42243,GET,357630224358828,357630224359510
11,41736,GET,357630224359640,357630224360312
11,55044,GET,357630224360442,357630224361665
11,50437,GET,357630224362998,357630224363830
11,53004,GET,357630224364531,357630224365514
11,54030,GET,357630224366877,357630224367338
11,44291,GET,357630224368170,357630224368942
11,42504,GET,357630224369623,357630224371177
11,54023,GET,357630224372500,357630224373993
11,51462,GET,357630224375777,357630224377080
11,57092,GET,357630224377792,357630224379065
11,57604,GET,357630224379787,357630224380438
11,41485,GET,357630224380589,357630224382453
11,55052,GET,357630224382603,357630224383475
11,56071,GET,357630224384207,357630224385510
11,53766,GET,357630224387364,357630224388186
11,56583,GET,357630224388337,357630224389960
11,55045,GET,357630224390111,357630224391334
11,56844,GET,357630224392687,357630224393779
11,48384,GET,357630224393930,357630224394942
11,56846,GET,357630224396866,357630224397668
11,58119,GET,357630224402048,357630224403953
11,45069,GET,357630224404103,357630224405015
11,61698,GET,357630224405156,357630224406549
11,56073,GET,357630224406679,357630224408423
11,56329,GET,357630224408554,357630224409215
11,57355,GET,357630224410488,357630224413545
11,57349,GET,357630224413675,357630224415379
11,55306,GET,357630224415510,357630224417184
11,58117,GET,357630224417895,357630224419248
11,47629,GET,357630224421113,357630224421895
11,63492,GET,357630224423959,357630224425784
11,48648,GET,357630224427057,357630224428430
11,49416,GET,357630224430244,357630224431597
11,60425,GET,357630224434063,357630224434805
11,57866,GET,357630224436118,357630224436839
11,53763,GET,357630224438082,357630224440287
11,58378,GET,357630224440438,357630224441560
11,63237,GET,357630224441711,357630224442312
11,57088,GET,357630224444196,357630224445038
11,69889,GET,357630224446301,357630224447654
11,65038,GET,357630224448887,357630224449719
11,64773,GET,357630224449870,357630224450832
11,61705,GET,357630224450962,357630224452004
11,55811,GET,357630224452145,357630224453037
11,62217,GET,357630224453167,357630224453779
11,65548,GET,357630224454400,357630224455924
11,58368,GET,357630224456054,357630224456866
11,57091,GET,357630224456996,357630224459041
11,65806,GET,357630224459171,357630224460374
11,64774,GET,357630224460504,357630224461055
11,67332,GET,357630224461196,357630224463832
11,61962,GET,357630224464544,357630224466167
11,66567,GET,357630224468563,357630224469605
11,66309,GET,357630224470307,357630224471770
11,69636,GET,357630224489832,357630224490514
11,56328,GET,357630224491857,357630224492539
11,67852,GET,357630224493852,357630224495054
11,66313,GET,357630224495806,357630224496688
11,57864,GET,357630224498833,357630224500527
11,70914,GET,357630224501780,357630224503113
11,70158,GET,357630224503795,357630224504978
11,70414,GET,357630224505128,357630224505970
11,65290,GET,357630224506120,357630224506641
11,71175,GET,357630224506782,357630224508145
11,54285,GET,357630224508285,357630224509458
11,62208,GET,357630224509598,357630224510300
11,71943,GET,357630224510440,357630224512455
11,68357,GET,357630224512585,357630224513407
11,68869,GET,357630224514119,357630224515281
11,69388,GET,357630224515412,357630224516685
11,55565,GET,357630224517948,357630224518960
11,68363,GET,357630224519090,357630224520103
11,72454,GET,357630224520233,357630224521666
11,69893,GET,357630224521797,357630224522528
11,60168,GET,357630224522669,357630224524322
11,72974,GET,357630224524463,357630224526287
11,70411,GET,357630224527550,357630224528482
11,66307,GET,357630224535218,357630224536060
11,70666,GET,357630224537383,357630224537834
11,72709,GET,357630224537984,357630224540059
11,75015,GET,357630224541312,357630224541903
11,62984,GET,357630224542054,357630224543527
11,74766,GET,357630224544269,357630224545301
11,73733,GET,357630224545452,357630224546644
11,75022,GET,357630224546795,357630224547647
11,59149,GET,357630224547777,357630224549421
11,75788,GET,357630224549561,357630224550383
11,74251,GET,357630224551085,357630224552959
11,76037,GET,357630224554292,357630224555334
11,75274,GET,357630224556597,357630224558191
11,78855,GET,357630224559534,357630224560466
11,75780,GET,357630224560617,357630224561579
11,65544,GET,357630224561729,357630224562601
11,75785,GET,357630224562732,357630224563303
11,79879,GET,357630224564676,357630224565137
11,60941,GET,357630224565268,357630224566460
11,65800,GET,357630224567152,357630224567884
11,85249,GET,357630224568014,357630224569858
11,77829,GET,357630224569988,357630224570891
11,77067,GET,357630224571021,357630224571943
11,70147,GET,357630224572073,357630224573627
11,86273,GET,357630224574329,357630224575411
11,78596,GET,357630224576433,357630224577406
11,70144,GET,357630224577556,357630224578167
11,79118,GET,357630224579400,357630224580473
11,79109,GET,357630224581305,357630224582457
11,81420,GET,357630224582608,357630224583901
11,68104,GET,357630224584051,357630224584933
11,79621,GET,357630224585064,357630224585805
11,71427,GET,357630224587660,357630224588752
11,72195,GET,357630224589464,357630224590185
11,63757,GET,357630224590336,357630224591418
11,64525,GET,357630224593884,357630224594706
11,82187,GET,357630224596029,357630224597442
11,82955,GET,357630224599407,357630224600730
11,82441,GET,357630224600880,357630224601943
11,82697,GET,357630224602083,357630224602745
11,86028,GET,357630224602875,357630224603797
11,89857,GET,357630224603927,357630224604990
11,87564,GET,357630224612397,357630224613179
11,83466,GET,357630224633456,357630224634438
11,85762,GET,357630224634619,357630224635721
11,86279,GET,357630224636443,357630224638157
11,84228,GET,357630224638287,357630224639059
11,69133,GET,357630224640633,357630224641635
11,87303,GET,357630224641765,357630224642647
11,76803,GET,357630224642778,357630224644251
11,83717,GET,357630224644381,357630224645614
11,73992,GET,357630224645754,357630224646306
11,77839,GET,357630224646446,357630224647148
11,84741,GET,357630224647919,357630224649052
11,88066,GET,357630224649182,357630224649664
11,78083,GET,357630224650977,357630224653142
11,85764,GET,357630224653833,357630224655407
11,86789,GET,357630224656660,357630224657622
11,83718,GET,357630224657772,357630224658434
11,75784,GET,357630224659697,357630224660739
11,87813,GET,357630224660890,357630224662153
11,90370,GET,357630224662834,357630224663175
11,93953,GET,357630224663907,357630224664919
11,88069,GET,357630224665069,357630224666603
11,92684,GET,357630224667294,357630224668527
11,79875,GET,357630224668678,357630224669189
11,81679,GET,357630224669800,357630224670642
11,88334,GET,357630224670793,357630224671314
11,80128,GET,357630224672005,357630224673349
11,88842,GET,357630224674100,357630224675032
11,94727,GET,357630224675183,357630224675915
11,94732,GET,357630224676065,357630224677147
11,72717,GET,357630224677278,357630224678029
11,88836,GET,357630224678160,357630224678811
11,82959,GET,357630224678942,357630224679994
11,78600,GET,357630224680716,357630224681137
11,92674,GET,357630224683552,357630224684885
11,89860,GET,357630224685036,357630224685577
11,81411,GET,357630224686950,357630224688233
11,93698,GET,357630224688383,357630224690278
11,94210,GET,357630224690408,357630224691421
11,97281,GET,357630224691551,357630224693716
11,91141,GET,357630224694438,357630224695129
11,97548,GET,357630224697124,357630224698878
11,97793,GET,357630224699028,357630224700592
11,92174,GET,357630224700722,357630224702456
11,86031,GET,357630224704300,357630224705162
11,93445,GET,357630224707989,357630224709633
11,78093,GET,357630224709783,357630224711036
11,93188,GET,357630224711858,357630224714073
11,93700,GET,357630224714765,357630224715887
11,99329,GET,357630224716569,357630224717130
11,93195,GET,357630224717281,357630224718794
11,101383,GET,357630224718944,357630224720508
11,82696,GET,357630224721210,357630224722783
11,100353,GET,357630224722934,357630224723816
11,94990,GET,357630224723946,357630224724668
11,86528,GET,357630224725379,357630224726502
11,80653,GET,357630224726632,357630224731714
11,102412,GET,357630224731844,357630224733929
11,97038,GET,357630224734631,357630224735713
11,103436,GET,357630224735854,357630224737057
11,103948,GET,357630224737187,357630224738710
11,98314,GET,357630224740003,357630224740775
11,90383,GET,357630224742018,357630224743101
11,91151,GET,357630224743251,357630224744043
11,96009,GET,357630224745446,357630224747471
11,99077,GET,357630224748724,357630224750568
11,97547,GET,357630224750718,357630224751951
11,99086,GET,357630224752613,357630224753304
11,85005,GET,357630224753986,357630224754798
11,103682,GET,357630224756081,357630224756943
11,97289,GET,357630224757504,357630224759268
11,105223,GET,357630224759418,357630224760661
11,104450,GET,357630224763047,357630224763819
11,104706,GET,357630224763969,357630224765462
11,97542,GET,357630224767567,357630224768660
11,101130,GET,357630224768810,357630224769362
11,106754,GET,357630224790340,357630224791573
11,100105,GET,357630224792906,357630224793628
11,101902,GET,357630224794320,357630224795893
11,100873,GET,357630224796044,357630224797337
11,94991,GET,357630224798028,357630224798840
11,106753,GET,357630224798990,357630224799602
11,108034,GET,357630224800855,357630224801546
11,97283,GET,357630224802859,357630224803551
11,97795,GET,357630224804233,357630224804774
11,102921,GET,357630224804924,357630224806047
11,104453,GET,357630224813193,357630224814296
11,104974,GET,357630224814446,357630224815208
11,98819,GET,357630224815338,357630224817433
11,113932,GET,357630224817574,357630224818997
11,99331,GET,357630224820280,357630224821723
11,113159,GET,357630224822425,357630224823217
11,105989,GET,357630224823367,357630224824069
11,114956,GET,357630224826454,357630224827035
11,87821,GET,357630224827827,357630224828599
11,107524,GET,357630224828749,357630224830273
11,108037,GET,357630224833440,357630224834463
11,114951,GET,357630224834613,357630224836668
11,115980,GET,357630224836798,357630224837901
11,113665,GET,357630224838612,357630224840477
11,102403,GET,357630224840607,357630224841589
11,103171,GET,357630224843424,357630224845148
11,107785,GET,357630224845278,357630224846360
11,109317,GET,357630224846501,357630224848415
11,100608,GET,357630224848545,357630224849417
11,94984,GET,357630224850129,357630224851011
11,110089,GET,357630224851713,357630224853066
11,105219,GET,357630224853216,357630224854770
11,114945,GET,357630224854920,357630224856023
11,116999,GET,357630224857937,357630224859701
11,117255,GET,357630224859832,357630224861335
11,99855,GET,357630224862598,357630224863199
11,106758,GET,357630224863951,357630224865735
11,93197,GET,357630224865886,357630224867890
11,116737,GET,357630224869183,357630224870166
11,107270,GET,357630224870316,357630224871038
11,108294,GET,357630224871178,357630224874065
11,103183,GET,357630224877302,357630224878575
11,121868,GET,357630224880740,357630224882304
11,110347,GET,357630224883036,357630224884489
11,120322,GET,357630224885171,357630224886764
11,112131,GET,357630224888087,357630224888749
11,114190,GET,357630224888899,357630224891766
11,121607,GET,357630224891916,357630224893349
11,115210,GET,357630224893480,357630224895354
11,123404,GET,357630224895484,357630224896848
11,123660,GET,357630224896978,357630224898381
11,99848,GET,357630224899093,357630224900185
11,96525,GET,357630224900897,357630224901328
11,113413,GET,357630224902010,357630224903503
11,117258,GET,357630224904175,357630224905618
11,113675,GET,357630224905768,357630224906751
11,113923,GET,357630224907432,357630224908264
11,101384,GET,357630224908414,357630224910068
11,102152,GET,357630224913286,357630224914168
11,108303,GET,357630224915010,357630224916353
11,109327,GET,357630224937021,357630224938204
11,119050,GET,357630224939036,357630224940800
11,126983,GET,357630224940950,357630224942814
11,104712,GET,357630224942965,357630224946132
11,110351,GET,357630224946272,357630224948979
11,106248,GET,357630224956216,357630224957338
11,123150,GET,357630224957519,357630224960064
11,118277,GET,357630224960195,357630224960826
11,121354,GET,357630224960957,357630224962931
11,116486,GET,357630224963061,357630224963813
11,122371,GET,357630224965667,357630224966259
11,122122,GET,357630224966409,357630224967702
11,124676,GET,357630224968404,357630224969556
11,127234,GET,357630224969707,357630224973816
11,121355,GET,357630224973947,357630224974939
11,123139,GET,357630224975069,357630224975751
11,123907,GET,357630224977044,357630224978066
11,112384,GET,357630224978217,357630224979209
11,129025,GET,357630224980442,357630224981314
11,119813,GET,357630224982025,357630224982847
11,118022,GET,357630224982998,357630224983699
11,110088,GET,357630224983850,357630224985654
11,132620,GET,357630224986947,357630224988490
11,120069,GET,357630224988621,357630224989653
11,132876,GET,357630224990555,357630224991347
11,112896,GET,357630224992109,357630224993312
11,113152,GET,357630224993462,357630224993953
11,113408,GET,357630224995216,357630224996178
11,124937,GET,357630224996860,357630224998885
12,268,PUT,357630223565195,357630223565896
12,524,PUT,357630223566728,357630223566939
12,780,PUT,357630223567159,357630223567360
12,1036,PUT,357630223567500,357630223567701
12,1292,PUT,357630223567841,357630223568041
12,1548,PUT,357630223568182,357630223568382
12,1804,PUT,357630223568523,357630223568723
12,2060,PUT,357630223569004,357630223569204
12,2316,PUT,357630223569344,357630223569545
12,2572,PUT,357630223569685,357630223569886
12,2828,PUT,357630223570026,357630223570227
12,3084,PUT,357630223570367,357630223570567
12,3340,PUT,357630223570708,357630223570908
12,3596,PUT,357630223571048,357630223571249
12,3852,PUT,357630223571389,357630223571590
12,4108,PUT,357630223571880,357630223572081
12,4364,PUT,357630223572221,357630223572422
12,4620,PUT,357630223572562,357630223572762
12,4876,PUT,357630223572903,357630223573103
12,5132,PUT,357630223573244,357630223573444
12,5388,PUT,357630223573584,357630223573785
12,5644,PUT,357630223573925,357630223574126
12,5900,PUT,357630223574266,357630223574466
12,6156,PUT,357630223574757,357630223574958
12,6412,PUT,357630223575098,357630223575298
12,6668,PUT,357630223575439,357630223575639
12,6924,PUT,357630223575779,357630223575980
12,7180,PUT,357630223576120,357630223576321
12,7436,PUT,357630223576461,357630223576661
12,7692,PUT,357630223576802,357630223577002
12,7948,PUT,357630223577143,357630223577343
12,8204,PUT,357630223577634,357630223577834
12,8460,PUT,357630223577975,357630223578175
12,8716,PUT,357630223578315,357630223578516
12,8972,PUT,357630223578656,357630223578857
12,9228,PUT,357630223578997,357630223579197
12,9484,PUT,357630223579338,357630223579538
12,9740,PUT,357630223579678,357630223579879
12,9996,PUT,357630223580019,357630223580220
12,10252,PUT,357630223580500,357630223580701
12,10508,PUT,357630223580841,357630223581042
12,10764,PUT,357630223581182,357630223581382
12,11020,PUT,357630223581523,357630223581723
12,11276,PUT,357630223581864,357630223582064
12,11532,PUT,357630223582204,357630223582405
12,11788,PUT,357630223582545,357630223582746
12,12044,PUT,357630223582886,357630223583086
12,12300,PUT,357630223583387,357630223583588
12,12556,PUT,357630223583728,357630223583928
12,12812,PUT,357630223584069,357630223584269
12,13068,PUT,357630223584409,357630223584610
12,13324,PUT,357630223584750,357630223584951
12,13580,PUT,357630223585091,357630223585292
12,13836,PUT,357630223585432,357630223585632
12,14092,PUT,357630223585773,357630223585973
12,14348,PUT,357630223586264,357630223586454
12,14604,PUT,357630223586605,357630223586795
12,14860,PUT,357630223586945,357630223587136
12,15116,PUT,357630223587286,357630223587477
12,15372,PUT,357630223587627,357630223587817
12,15628,PUT,357630223587968,357630223588158
12,15884,PUT,357630223588309,357630223588499
12,16140,PUT,357630223588649,357630223588840
12,16396,PUT,357630223589150,357630223589341
12,16652,PUT,357630223892756,357630223893507
12,16908,PUT,357630223895091,357630223895442
12,17164,PUT,357630223897206,357630223897507
12,17420,PUT,357630223897757,357630223898068
12,17676,PUT,357630223898319,357630223898699
12,17932,PUT,357630223902238,357630223902558
12,18188,PUT,357630223902829,357630223903120
12,18444,PUT,357630223903370,357630223903571
12,18700,PUT,357630223903731,357630223903922
12,18956,PUT,357630223904082,357630223904423
12,19212,PUT,357630223904683,357630223905034
12,19468,PUT,357630223907350,357630223907690
12,19724,PUT,357630223907951,357630223908242
12,19980,PUT,357630223908502,357630223908793
12,20236,PUT,357630223909053,357630223909394
12,20492,PUT,357630223909715,357630223910006
12,20748,PUT,357630223911519,357630223911880
12,21004,PUT,357630223913023,357630223913313
12,21260,PUT,357630223913584,357630223913925
12,21516,PUT,357630223914246,357630223914536
12,21772,PUT,357630223914867,357630223915158
12,22028,PUT,357630223915418,357630223915789
12,22284,PUT,357630223916050,357630223916330
12,22540,PUT,357630223916591,357630223916972
12,22796,PUT,357630223917222,357630223917513
12,23052,PUT,357630223917774,357630223918064
12,23308,PUT,357630223918325,357630223918636
12,23564,PUT,357630223922425,357630223922715
12,23820,PUT,357630223925692,357630223926023
12,24076,PUT,357630223926294,357630223926624
12,24332,PUT,357630223929220,357630223929511
12,24588,PUT,357630223929782,357630223930072
12,24844,PUT,357630223930343,357630223930744
12,25100,PUT,357630223930994,357630223931285
12,25356,PUT,357630223931546,357630223931826
12,25612,PUT,357630223939404,357630223939695
12,25868,PUT,357630223939955,357630223940246
12,26124,PUT,357630223941689,357630223941980
12,26380,PUT,357630223943193,357630223943483
12,26636,PUT,357630223946962,357630223947292
12,26892,PUT,357630223947573,357630223947884
12,27148,PUT,357630223949688,357630223949989
12,27404,PUT,357630223950259,357630223950550
12,27660,PUT,357630223950830,357630223951141
12,27916,PUT,357630223953306,357630223953587
12,28172,PUT,357630223957045,357630223957346
12,28428,PUT,357630223959681,357630223960002
12,28684,PUT,357630223960292,357630223960583
12,28940,PUT,357630223960854,357630223961144
12,29196,PUT,357630223965956,357630223966256
12,29452,PUT,357630223968081,357630223968451
12,29708,PUT,357630223972100,357630223972391
12,29964,PUT,357630223974415,357630223974706
12,30220,PUT,357630223974977,357630223975267
12,30476,PUT,357630223975528,357630223975819
12,30732,PUT,357630223977964,357630223978324
12,30988,PUT,357630223980429,357630223980720
12,31244,PUT,357630223980991,357630223981281
12,31500,PUT,357630223982524,357630223982855
12,31756,PUT,357630223984408,357630223984719
12,32012,PUT,357630223986664,357630223986954
12,32268,PUT,357630223988428,357630223988749
12,32524,PUT,357630223989029,357630223989320
12,32780,PUT,357630223994803,357630223995093
12,33036,PUT,357630224029383,357630224029774
12,33292,PUT,357630224030014,357630224030305
12,33548,PUT,357630224030576,357630224030866
12,33804,PUT,357630224033813,357630224034194
12,34060,PUT,357630224035066,357630224035357
12,34316,PUT,357630224040268,357630224040569
12,34572,PUT,357630224063703,357630224064394
12,34828,PUT,357630224064825,357630224065116
12,35084,PUT,357630224065417,357630224065717
12,35340,PUT,357630224067672,357630224067983
12,35596,PUT,357630224069606,357630224069977
12,35852,PUT,357630224071471,357630224071801
12,36108,PUT,357630224073375,357630224073706
12,36364,PUT,357630224075971,357630224076262
12,36620,PUT,357630224076532,357630224076923
12,36876,PUT,357630224079118,357630224079469
12,37132,PUT,357630224080772,357630224081063
12,37388,PUT,357630224081334,357630224081634
12,37644,PUT,357630224082536,357630224082847
12,37900,PUT,357630224083128,357630224083418
12,38156,PUT,357630224083699,357630224084000
12,38412,PUT,357630224084260,357630224084561
12,38668,PUT,357630224086666,357630224086927
12,38924,PUT,357630224087187,357630224087548
12,39180,PUT,357630224089252,357630224089553
12,39436,PUT,357630224090946,357630224091217
12,39692,PUT,357630224097381,357630224097722
12,39948,PUT,357630224103275,357630224103575
12,40204,PUT,357630224103836,357630224104137
12,40460,PUT,357630224104407,357630224104708
12,40716,PUT,357630224104958,357630224105319
12,40972,PUT,357630224105580,357630224105901
12,41228,PUT,357630224109800,357630224110151
12,41484,PUT,357630224110401,357630224110692
12,41740,PUT,357630224111875,357630224112175
12,41996,PUT,357630224112426,357630224112726
12,42252,PUT,357630224112977,357630224113308
12,42508,PUT,357630224115002,357630224115343
12,42764,PUT,357630224118550,357630224118841
12,43020,PUT,357630224120775,357630224121086
12,43276,PUT,357630224124113,357630224124414
12,43532,PUT,357630224124704,357630224125055
12,43788,PUT,357630224126198,357630224126539
12,44044,PUT,357630224132212,357630224132532
12,44300,PUT,357630224134627,357630224134928
12,44556,PUT,357630224135209,357630224135519
12,44812,PUT,357630224140060,357630224140361
12,45068,PUT,357630224144671,357630224145001
12,45324,PUT,357630224145282,357630224145583
12,45580,PUT,357630224145863,357630224146214
12,45836,PUT,357630224146475,357630224146776
12,46092,PUT,357630224149131,357630224149572
12,46348,PUT,357630224149843,357630224150173
12,46604,PUT,357630224153932,357630224154353
12,46860,PUT,357630224154604,357630224154935
12,47116,PUT,357630224156438,357630224156759
12,47372,PUT,357630224160457,357630224160758
12,47628,PUT,357630224161029,357630224161329
12,47884,PUT,357630224163484,357630224163875
12,48140,PUT,357630224169448,357630224169759
12,48396,PUT,357630224170040,357630224170330
12,48652,PUT,357630224170621,357630224170942
12,48908,PUT,357630224171202,357630224171503
12,49164,PUT,357630224171754,357630224171974
12,49420,PUT,357630224172235,357630224172555
12,49676,PUT,357630224172816,357630224173117
12,49932,PUT,357630224173367,357630224173668
12,50188,PUT,357630224173929,357630224174229
12,50444,PUT,357630224174490,357630224174720
12,50700,PUT,357630224174971,357630224175292
12,50956,PUT,357630224176765,357630224177066
12,51212,PUT,357630224179822,357630224180183
12,51468,PUT,357630224200029,357630224200661
12,51724,PUT,357630224201934,357630224202184
12,51980,PUT,357630224202465,357630224202786
12,52236,PUT,357630224203066,357630224203457
12,52492,PUT,357630224203718,357630224204059
12,52748,PUT,357630224204991,357630224205281
12,53004,PUT,357630224205542,357630224205833
12,53260,PUT,357630224207517,357630224207817
12,53516,PUT,357630224209932,357630224210233
12,53772,PUT,357630224211245,357630224211706
12,54028,PUT,357630224211987,357630224212278
12,54284,PUT,357630224212548,357630224212889
12,54540,PUT,357630224214212,357630224214503
12,54796,PUT,357630224224165,357630224224526
12,55052,PUT,357630224224827,357630224225118
12,55308,PUT,357630224225398,357630224225689
12,55564,PUT,357630224225939,357630224226290
12,55820,PUT,357630224226571,357630224227042
12,56076,PUT,357630224229367,357630224229678
12,56332,PUT,357630224229939,357630224230249
12,56588,PUT,357630224231883,357630224232194
12,56844,PUT,357630224234179,357630224234469
12,57100,PUT,357630224236324,357630224236654
12,57356,PUT,357630224239240,357630224239541
12,57612,PUT,357630224239812,357630224240162
12,57868,PUT,357630224240433,357630224240724
12,58124,PUT,357630224243109,357630224243400
12,58380,PUT,357630224243651,357630224243951
12,58636,PUT,357630224246708,357630224246998
12,58892,PUT,357630224248602,357630224248893
12,59148,PUT,357630224249985,357630224250286
12,59404,PUT,357630224250557,357630224250847
12,59660,PUT,357630224262655,357630224262945
12,59916,PUT,357630224263236,357630224263527
12,60172,PUT,357630224263787,357630224264128
12,60428,PUT,357630224278662,357630224279123
12,60684,PUT,357630224279404,357630224279694
12,60940,PUT,357630224279955,357630224280256
12,61196,PUT,357630224281448,357630224281809
12,61452,PUT,357630224282070,357630224282360
12,61708,PUT,357630224283904,357630224284195
12,61964,PUT,357630224284455,357630224284756
12,62220,PUT,357630224287282,357630224287673
12,62476,PUT,357630224287963,357630224288274
12,62732,PUT,357630224289236,357630224289537
12,62988,PUT,357630224292684,357630224292975
12,63244,PUT,357630224293246,357630224293446
12,63500,PUT,357630224293597,357630224293797
12,63756,PUT,357630224295962,357630224296253
12,64012,PUT,357630224296503,357630224296794
12,64268,PUT,357630224297055,357630224297345
12,64524,PUT,357630224297606,357630224298017
12,64780,PUT,357630224298277,357630224298568
12,65036,PUT,357630224299921,357630224300282
12,65292,PUT,357630224300543,357630224300873
12,65548,PUT,357630224301124,357630224301425
12,65804,PUT,357630224311538,357630224311869
12,66060,PUT,357630224314906,357630224315197
12,66316,PUT,357630224316640,357630224316931
12,66572,PUT,357630224317201,357630224317502
12,66828,PUT,357630224318615,357630224318945
12,67084,PUT,357630224319226,357630224319647
12,67340,PUT,357630224319898,357630224320208
12,67596,PUT,357630224320469,357630224320770
12,67852,PUT,357630224324288,357630224324669
12,68108,PUT,357630224340686,357630224341277
12,68364,PUT,357630224342510,357630224342811
12,68620,PUT,357630224349978,357630224350318
12,68876,PUT,357630224352453,357630224352744
12,69132,PUT,357630224355821,357630224356112
12,69388,PUT,357630224359570,357630224359830
12,69644,PUT,357630224362527,357630224362827
12,69900,PUT,357630224363098,357630224363429
12,70156,PUT,357630224363719,357630224364010
12,70412,PUT,357630224370736,357630224371026
12,70668,PUT,357630224372670,357630224373001
12,70924,PUT,357630224373282,357630224373582
12,71180,PUT,357630224373833,357630224374124
12,71436,PUT,357630224374384,357630224374675
12,71692,PUT,357630224375828,357630224376058
12,71948,PUT,357630224376259,357630224376619
12,72204,PUT,357630224378825,357630224379125
12,72460,PUT,357630224379396,357630224379687
12,72716,PUT,357630224379947,357630224380238
12,72972,PUT,357630224381310,357630224381661
12,73228,PUT,357630224383245,357630224383535
12,73484,PUT,357630224383806,357630224384107
12,73740,PUT,357630224384367,357630224384658
12,73996,PUT,357630224384909,357630224385209
12,74252,PUT,357630224390331,357630224390702
12,74508,PUT,357630224390993,357630224391283
12,74764,PUT,357630224391544,357630224391905
12,75020,PUT,357630224392165,357630224392476
12,75276,PUT,357630224392757,357630224393048
12,75532,PUT,357630224394401,357630224394681
12,75788,PUT,357630224396034,357630224396345
12,76044,PUT,357630224396626,357630224396967
12,76300,PUT,357630224397217,357630224397538
12,76556,PUT,357630224398590,357630224398931
12,76812,PUT,357630224399192,357630224399513
12,77068,PUT,357630224401818,357630224402109
12,77324,PUT,357630224402359,357630224402650
12,77580,PUT,357630224405446,357630224405747
12,77836,PUT,357630224407321,357630224407611
12,78092,PUT,357630224407882,357630224408183
12,78348,PUT,357630224412332,357630224412633
12,78604,PUT,357630224414287,357630224414648
12,78860,PUT,357630224416292,357630224416582
12,79116,PUT,357630224416863,357630224417164
12,79372,PUT,357630224421353,357630224421674
12,79628,PUT,357630224421955,357630224422336
12,79884,PUT,357630224422606,357630224422947
12,80140,PUT,357630224425854,357630224426154
12,80396,PUT,357630224426405,357630224426706
12,80652,PUT,357630224426966,357630224427257
12,80908,PUT,357630224427518,357630224427858
12,81164,PUT,357630224429502,357630224429803
12,81420,PUT,357630224430064,357630224430364
12,81676,PUT,357630224430625,357630224430915
12,81932,PUT,357630224432810,357630224433161
12,82188,PUT,357630224433411,357630224433712
12,82444,PUT,357630224435015,357630224435366
12,82700,PUT,357630224435626,357630224435927
12,82956,PUT,357630224436188,357630224436478
12,83212,PUT,357630224436739,357630224437090
12,83468,PUT,357630224439044,357630224439345
12,83724,PUT,357630224440237,357630224440548
12,83980,PUT,357630224440818,357630224441179
12,84236,PUT,357630224441430,357630224441791
12,84492,PUT,357630224442041,357630224442332
12,84748,PUT,357630224446121,357630224446422
12,85004,PUT,357630224448256,357630224448546
12,85260,PUT,357630224448827,357630224449118
12,85516,PUT,357630224450351,357630224450641
12,85772,PUT,357630224450922,357630224451223
12,86028,PUT,357630224451493,357630224451784
12,86284,PUT,357630224452035,357630224452335
12,86540,PUT,357630224454841,357630224455142
12,86796,PUT,357630224455412,357630224455703
12,87052,PUT,357630224459662,357630224460063
12,87308,PUT,357630224460344,357630224460635
12,87564,PUT,357630224460925,357630224461236
12,87820,PUT,357630224471700,357630224484981
12,88076,PUT,357630224486174,357630224486444
12,88332,PUT,357630224487076,357630224487296
12,88588,PUT,357630224487497,357630224487717
12,88844,PUT,357630224489241,357630224489532
12,89100,PUT,357630224489802,357630224490103
12,89356,PUT,357630224491366,357630224491717
12,89612,PUT,357630224491987,357630224492288
12,89868,PUT,357630224500868,357630224501209
12,90124,PUT,357630224501519,357630224501820
12,90380,PUT,357630224503895,357630224504186
12,90636,PUT,357630224504356,357630224504657
12,90892,PUT,357630224506982,357630224507283
12,91148,PUT,357630224507553,357630224507844
12,91404,PUT,357630224508025,357630224508325
12,91660,PUT,357630224508576,357630224508887
12,91916,PUT,357630224509147,357630224509518
12,92172,PUT,357630224509769,357630224510160
12,92428,PUT,357630224511252,357630224511543
12,92684,PUT,357630224513818,357630224514159
12,92940,PUT,357630224517757,357630224518058
12,93196,PUT,357630224518349,357630224518649
12,93452,PUT,357630224518920,357630224519211
12,93708,PUT,357630224519471,357630224519822
12,93964,PUT,357630224520073,357630224520413
12,94220,PUT,357630224522057,357630224522348
12,94476,PUT,357630224522608,357630224522899
12,94732,PUT,357630224523160,357630224523460
12,94988,PUT,357630224527149,357630224527460
12,95244,PUT,357630224527720,357630224528061
12,95500,PUT,357630224530717,357630224531008
12,95756,PUT,357630224531840,357630224532131
12,96012,PUT,357630224533684,357630224533975
12,96268,PUT,357630224535158,357630224535508
12,96524,PUT,357630224538586,357630224538876
12,96780,PUT,357630224542785,357630224543076
12,97036,PUT,357630224544940,357630224545231
12,97292,PUT,357630224545502,357630224545792
12,97548,PUT,357630224545963,357630224546273
12,97804,PUT,357630224551987,357630224552337
12,98060,PUT,357630224552618,357630224553049
12,98316,PUT,357630224553310,357630224553630
12,98572,PUT,357630224559554,357630224559945
12,98828,PUT,357630224562661,357630224562982
12,99084,PUT,357630224563243,357630224563624
12,99340,PUT,357630224564526,357630224564827
12,99596,PUT,357630224565087,357630224565398
12,99852,PUT,357630224567402,357630224567703
12,100108,PUT,357630224567954,357630224568254
12,100364,PUT,357630224568515,357630224568806
12,100620,PUT,357630224569056,357630224569287
12,100876,PUT,357630224572464,357630224572755
12,101132,PUT,357630224578488,357630224578809
12,101388,PUT,357630224579080,357630224579340
12,101644,PUT,357630224579501,357630224579791
12,101900,PUT,357630224580052,357630224580343
12,102156,PUT,357630224580603,357630224580944
12,102412,PUT,357630224581195,357630224581515
12,102668,PUT,357630224581766,357630224582087
12,102924,PUT,357630224582247,357630224582538
12,103180,PUT,357630224582798,357630224583099
12,103436,PUT,357630224584222,357630224584522
12,103692,PUT,357630224584783,357630224585154
12,103948,PUT,357630224585314,357630224585765
12,104204,PUT,357630224586026,357630224586336
12,104460,PUT,357630224586597,357630224586908
12,104716,PUT,357630224588221,357630224588512
12,104972,PUT,357630224588672,357630224588983
12,105228,PUT,357630224589233,357630224589534
12,105484,PUT,357630224591208,357630224591488
12,105740,PUT,357630224592481,357630224592781
12,105996,PUT,357630224593052,357630224593463
12,106252,PUT,357630224593744,357630224594034
12,106508,PUT,357630224595398,357630224595979
12,106764,PUT,357630224597783,357630224598074
12,107020,PUT,357630224598374,357630224598665
12,107276,PUT,357630224604619,357630224604930
12,107532,PUT,357630224606604,357630224606904
12,107788,PUT,357630224607887,357630224608177
12,108044,PUT,357630224608458,357630224608749
12,108300,PUT,357630224610232,357630224610563
12,108556,PUT,357630224610833,357630224611134
12,108812,PUT,357630224630820,357630224631612
12,109068,PUT,357630224632063,357630224632393
12,109324,PUT,357630224632674,357630224633005
12,109580,PUT,357630224633296,357630224633596
12,109836,PUT,357630224636142,357630224636443
12,110092,PUT,357630224637826,357630224638117
12,110348,PUT,357630224642557,357630224642998
12,110604,PUT,357630224645935,357630224646266
12,110860,PUT,357630224646536,357630224646837
12,111116,PUT,357630224650766,357630224651107
12,111372,PUT,357630224652580,357630224652871
12,111628,PUT,357630224653142,357630224653492
12,111884,PUT,357630224657843,357630224658133
12,112140,PUT,357630224658404,357630224658705
12,112396,PUT,357630224662654,357630224662954
12,112652,PUT,357630224663215,357630224663576
12,112908,PUT,357630224663826,357630224664117
12,113164,PUT,357630224664368,357630224664658
12,113420,PUT,357630224665661,357630224665951
12,113676,PUT,357630224666212,357630224666513
12,113932,PUT,357630224666763,357630224667114
12,114188,PUT,357630224670863,357630224671173
12,114444,PUT,357630224673429,357630224673770
12,114700,PUT,357630224674040,357630224674401
12,114956,PUT,357630224674672,357630224675093
12,115212,PUT,357630224679794,357630224680144
12,115468,PUT,357630224683312,357630224683632
12,115724,PUT,357630224684705,357630224684996
12,115980,PUT,357630224685276,357630224685687
12,116236,PUT,357630224686770,357630224687090
12,116492,PUT,357630224687361,357630224687652
12,116748,PUT,357630224688925,357630224689266
12,117004,PUT,357630224689536,357630224689837
12,117260,PUT,357630224690107,357630224690398
12,117516,PUT,357630224696452,357630224696743
12,117772,PUT,357630224697805,357630224698096
12,118028,PUT,357630224698377,357630224698667
12,118284,PUT,357630224704110,357630224704411
12,118540,PUT,357630224704681,357630224705082
12,118796,PUT,357630224705343,357630224705734
12,119052,PUT,357630224708420,357630224708721
12,119308,PUT,357630224709984,357630224710214
12,119564,PUT,357630224711547,357630224711878
12,119820,PUT,357630224713432,357630224713782
12,120076,PUT,357630224719195,357630224719566
12,120332,PUT,357630224725289,357630224725580
12,120588,PUT,357630224731043,357630224731383
12,120844,PUT,357630224735152,357630224735453
12,121100,PUT,357630224735723,357630224736094
12,121356,PUT,357630224737026,357630224737347
12,121612,PUT,357630224737608,357630224737848
12,121868,PUT,357630224738049,357630224738249
12,122124,PUT,357630224738400,357630224738750
12,122380,PUT,357630224739011,357630224739362
12,122636,PUT,357630224742239,357630224742589
12,122892,PUT,357630224746017,357630224746328
12,123148,PUT,357630224748182,357630224748543
12,123404,PUT,357630224751059,357630224751360
12,123660,PUT,357630224752452,357630224752773
12,123916,PUT,357630224753074,357630224753364
12,124172,PUT,357630224753635,357630224753936
12,124428,PUT,357630224754186,357630224754487
12,124684,PUT,357630224755660,357630224755980
12,124940,PUT,357630224756241,357630224756552
12,125196,PUT,357630224756822,357630224757043
12,125452,PUT,357630224757233,357630224757524
12,125708,PUT,357630224757785,357630224758085
12,125964,PUT,357630224758346,357630224758647
12,126220,PUT,357630224765052,357630224765342
12,126476,PUT,357630224765603,357630224766044
12,126732,PUT,357630224766314,357630224766946
12,126988,PUT,357630224788526,357630224789178
12,127244,PUT,357630224797587,357630224797878
12,127500,PUT,357630224798158,357630224798459
12,127756,PUT,357630224802158,357630224802458
12,128012,PUT,357630224805335,357630224805626
12,128268,PUT,357630224805906,357630224806197
12,128524,PUT,357630224808683,357630224808984
12,128780,PUT,357630224817864,357630224818195
12,129036,PUT,357630224820801,357630224821122
12,129292,PUT,357630224823207,357630224823517
12,129548,PUT,357630224823798,357630224824099
12,129804,PUT,357630224826675,357630224826985
12,130060,PUT,357630224827266,357630224827667
12,130316,PUT,357630224829311,357630224829601
12,130572,PUT,357630224829882,357630224830213
12,130828,PUT,357630224830504,357630224830864
12,131084,PUT,357630224831145,357630224831536
12,131340,PUT,357630224839675,357630224840026
12,131596,PUT,357630224841649,357630224841940
12,131852,PUT,357630224843674,357630224843975
12,132108,PUT,357630224844255,357630224844476
12,132364,PUT,357630224844757,357630224845067
12,132620,PUT,357630224845328,357630224845629
12,132876,PUT,357630224850209,357630224850500
12,133132,PUT,357630224850761,357630224851121
12,133388,PUT,357630224851382,357630224851673
12,133644,PUT,357630224854730,357630224855031
12,133900,PUT,357630224862347,357630224862638
12,134156,PUT,357630224862919,357630224863240
12,134412,PUT,357630224864142,357630224864513
12,134668,PUT,357630224864783,357630224865104
12,134924,PUT,357630224866597,357630224866898
12,135180,PUT,357630224867149,357630224867439
12,135436,PUT,357630224873012,357630224873303
12,135692,PUT,357630224875448,357630224875799
12,135948,PUT,357630224878796,357630224879157
12,136204,PUT,357630224881743,357630224882043
12,136460,PUT,357630224882314,357630224882645
12,136716,PUT,357630224886764,357630224887065
12,136972,PUT,357630224887336,357630224887656
12,137228,PUT,357630224887937,357630224888318
12,137484,PUT,357630224891074,357630224891375
12,137740,PUT,357630224892558,357630224892858
12,137996,PUT,357630224893129,357630224893420
12,138252,PUT,357630224893690,357630224893991
12,138508,PUT,357630224894242,357630224894542
12,138764,PUT,357630224896537,357630224897008
12,139020,PUT,357630224900887,357630224901208
12,139276,PUT,357630224901498,357630224901839
12,139532,PUT,357630224902110,357630224902411
12,139788,PUT,357630224904616,357630224904906
12,140044,PUT,357630224932430,357630224933012
12,140300,PUT,357630224933473,357630224933773
12,140556,PUT,357630224934856,357630224935197
12,140812,PUT,357630224935477,357630224935778
12,141068,PUT,357630224936049,357630224936349
12,141324,PUT,357630224936610,357630224936901
12,141580,PUT,357630224941812,357630224942083
12,141836,PUT,357630224944268,357630224944568
12,142092,PUT,357630224945741,357630224946353
12,142348,PUT,357630224951615,357630224951916
12,142604,PUT,357630224952186,357630224952487
12,142860,PUT,357630224952737,357630224953178
12,143116,PUT,357630224958872,357630224959172
12,143372,PUT,357630224960135,357630224960365
12,143628,PUT,357630224960636,357630224960946
12,143884,PUT,357630224961197,357630224961498
12,144140,PUT,357630224961748,357630224961979
12,144396,PUT,357630224970489,357630224970789
12,144652,PUT,357630224972273,357630224972573
12,144908,PUT,357630224972844,357630224973145
12,145164,PUT,357630224974739,357630224975029
12,145420,PUT,357630224975410,357630224975711
12,145676,PUT,357630224975961,357630224976292
12,145932,PUT,357630224976573,357630224976863
12,146188,PUT,357630224982456,357630224982747
12,146444,PUT,357630224985504,357630224985804
12,146700,PUT,357630224986957,357630224987258
12,146956,PUT,357630224989603,357630224989964
12,147212,PUT,357630224994294,357630224994595
12,4367,GET,357630223893968,357630223894670
12,5903,GET,357630223895753,357630223896384
12,6671,GET,357630223896534,357630223897056
12,9743,GET,357630223898960,357630223899732
12,10767,GET,357630223899882,357630223900474
12,11791,GET,357630223900604,357630223901295
12,12815,GET,357630223901426,357630223902087
12,2317,GET,357630223905295,357630223906137
12,3085,GET,357630223906287,357630223907149
12,9229,GET,357630223910276,357630223911389
12,11277,GET,357630223912221,357630223912882
12,10756,GET,357630223918977,357630223921071
12,12548,GET,357630223921222,357630223922274
12,15620,GET,357630223922986,357630223923958
12,2309,GET,357630223924088,357630223925542
12,8453,GET,357630223926885,357630223929080
12,2819,GET,357630223932107,357630223934052
12,7171,GET,357630223934202,357630223936126
12,1538,GET,357630223936257,357630223939254
12,14595,GET,357630223940527,357630223941529
12,5634,GET,357630223942261,357630223943042
12,9218,GET,357630223943754,357630223944766
12,13570,GET,357630223944917,357630223946831
12,2824,GET,357630223948134,357630223949558
12,7688,GET,357630223951422,357630223952093
12,9736,GET,357630223952244,357630223953166
12,13064,GET,357630223953847,357630223955060
12,265,GET,357630223955211,357630223956915
12,3081,GET,357630223957606,357630223958228
12,5385,GET,357630223958378,357630223959541
12,12041,GET,357630223961415,357630223962678
12,15625,GET,357630223962828,357630223964432
12,1286,GET,357630223964582,357630223965805
12,6406,GET,357630223966537,357630223967930
12,10246,GET,357630223968702,357630223970035
12,13318,GET,357630223970185,357630223971168
12,14598,GET,357630223971308,357630223971950
12,3082,GET,357630223972651,357630223974265
12,10506,GET,357630223976089,357630223977833
12,15882,GET,357630223978615,357630223980299
12,3598,GET,357630223981552,357630223982374
12,7438,GET,357630223983136,357630223984278
12,11534,GET,357630223984970,357630223986523
12,15374,GET,357630223987215,357630223988287
12,6156,GET,357630223989580,357630223991856
12,10764,GET,357630223992006,357630223993870
12,12044,GET,357630223994021,357630223994652
12,8459,GET,357630224031157,357630224031929
12,9995,GET,357630224032250,357630224032971
12,12299,GET,357630224033102,357630224033663
12,15115,GET,357630224034445,357630224034916
12,1543,GET,357630224035607,357630224036580
12,3335,GET,357630224036740,357630224037632
12,6663,GET,357630224037762,357630224039146
12,8455,GET,357630224039286,357630224040118
12,11783,GET,357630224040830,357630224042133
12,14087,GET,357630224042263,357630224043405
12,16391,GET,357630224043536,357630224044288
12,8448,GET,357630224065998,357630224066660
12,9984,GET,357630224066880,357630224067522
12,13056,GET,357630224068263,357630224069466
12,16128,GET,357630224070248,357630224071320
12,16652,GET,357630224072052,357630224073245
12,16910,GET,357630224073966,357630224075841
12,17932,GET,357630224077194,357630224078988
12,18958,GET,357630224079730,357630224080632
12,19462,GET,357630224081895,357630224082396
12,22018,GET,357630224084842,357630224086526
12,21260,GET,357630224087839,357630224089122
12,17162,GET,357630224089823,357630224090816
12,18692,GET,357630224091467,357630224092790
12,21510,GET,357630224092941,357630224093712
12,19205,GET,357630224093863,357630224095045
12,20489,GET,357630224095176,357630224095948
12,22529,GET,357630224096078,357630224097231
12,22278,GET,357630224097982,357630224099365
12,23810,GET,357630224099496,357630224100237
12,22287,GET,357630224100378,357630224101460
12,23302,GET,357630224101601,357630224103124
12,25090,GET,357630224106171,357630224107434
12,24079,GET,357630224107565,357630224109649
12,19723,GET,357630224110962,357630224111724
12,25868,GET,357630224113609,357630224114871
12,26114,GET,357630224115613,357630224116866
12,20487,GET,357630224117016,357630224117718
12,21252,GET,357630224117848,357630224118400
12,23049,GET,357630224119101,357630224120625
12,23813,GET,357630224121357,357630224122399
12,23299,GET,357630224122549,357630224123963
12,25862,GET,357630224125316,357630224126067
12,22026,GET,357630224126789,357630224127942
12,23556,GET,357630224128092,357630224129455
12,25861,GET,357630224129606,357630224131059
12,26117,GET,357630224131189,357630224132061
12,26885,GET,357630224132793,357630224134477
12,27909,GET,357630224135770,357630224138627
12,25604,GET,357630224138777,357630224139910
12,26116,GET,357630224140611,357630224141994
12,26371,GET,357630224142145,357630224142877
12,29452,GET,357630224143007,357630224144520
12,26627,GET,357630224147046,357630224148981
12,21512,GET,357630224150464,357630224151807
12,25610,GET,357630224151958,357630224152840
12,26122,GET,357630224152970,357630224153782
12,25351,GET,357630224155205,357630224156288
12,31244,GET,357630224157039,357630224158092
12,28678,GET,357630224158242,357630224158884
12,30981,GET,357630224159024,357630224160307
12,28170,GET,357630224161610,357630224163334
12,32012,GET,357630224164156,357630224164848
12,27911,GET,357630224164998,357630224166692
12,27657,GET,357630224166822,357630224167444
12,32261,GET,357630224167574,357630224169298
12,31494,GET,357630224175562,357630224176635
12,30986,GET,357630224177347,357630224177968
12,35329,GET,357630224178118,357630224179672
12,26368,GET,357630224180434,357630224181005
12,30731,GET,357630224181155,357630224183461
12,34818,GET,357630224183611,357630224185335
12,31748,GET,357630224201122,357630224201733
12,37377,GET,357630224204329,357630224204850
12,32004,GET,357630224206103,357630224206625
12,30211,GET,357630224206775,357630224207386
12,32518,GET,357630224208098,357630224208830
12,29184,GET,357630224208980,357630224209792
12,35842,GET,357630224210494,357630224211115
12,36866,GET,357630224213160,357630224214072
12,35593,GET,357630224214784,357630224216117
12,33287,GET,357630224222511,357630224224005
12,39937,GET,357630224227323,357630224227884
12,27912,GET,357630224228034,357630224229237
12,32512,GET,357630224230520,357630224231753
12,24845,GET,357630224232475,357630224233056
12,36102,GET,357630224233206,357630224234048
12,37385,GET,357630224234720,357630224236183
12,41474,GET,357630224236905,357630224237837
12,38412,GET,357630224237987,357630224239110
12,33024,GET,357630224240994,357630224241786
12,35850,GET,357630224241937,357630224242979
12,27149,GET,357630224244222,357630224245124
12,39433,GET,357630224245274,357630224246567
12,29960,GET,357630224247269,357630224248472
12,39438,GET,357630224249153,357630224249855
12,38404,GET,357630224251108,357630224251870
12,42753,GET,357630224252020,357630224252581
12,34048,GET,357630224252732,357630224254396
12,34304,GET,357630224254536,357630224255508
12,41230,GET,357630224255638,357630224256581
12,37893,GET,357630224256711,357630224257954
12,39431,GET,357630224258094,357630224259217
12,28941,GET,357630224259347,357630224262504
12,38667,GET,357630224264409,357630224265652
12,45313,GET,357630224265802,357630224266864
12,43017,GET,357630224266995,357630224267666
12,46082,GET,357630224267797,357630224269140
12,41988,GET,357630224269270,357630224270302
12,42508,GET,357630224270433,357630224271265
12,47618,GET,357630224271395,357630224273259
12,39691,GET,357630224273390,357630224274242
12,43020,GET,357630224274372,357630224275264
12,30477,GET,357630224275394,357630224276427
12,40203,GET,357630224276557,357630224277469
12,46337,GET,357630224277609,357630224278512
12,44809,GET,357630224280536,357630224281308
12,36355,GET,357630224282651,357630224283774
12,36611,GET,357630224285017,357630224286139
12,44548,GET,357630224286290,357630224287132
12,50946,GET,357630224288555,357630224289106
12,42501,GET,357630224289818,357630224291632
12,41995,GET,357630224291782,357630224292524
12,37891,GET,357630224293967,357630224294839
12,47113,GET,357630224294990,357630224295802
12,51201,GET,357630224298839,357630224299791
12,48132,GET,357630224307338,357630224308501
12,43018,GET,357630224308692,357630224309724
12,44294,GET,357630224309864,357630224311378
12,45573,GET,357630224312130,357630224313222
12,46085,GET,357630224313352,357630224314756
12,45579,GET,357630224315457,357630224316490
12,34829,GET,357630224317773,357630224318474
12,55042,GET,357630224321040,357630224323005
12,44554,GET,357630224323155,357630224324158
12,49417,GET,357630224324939,357630224326082
12,48396,GET,357630224341698,357630224342340
12,46090,GET,357630224343061,357630224343633
12,36621,GET,357630224343783,357630224344545
12,49159,GET,357630224344695,357630224345808
12,48651,GET,357630224345948,357630224346810
12,50700,GET,357630224346940,357630224348254
12,49163,GET,357630224348384,357630224349827
12,57090,GET,357630224350579,357630224352303
12,50187,GET,357630224353005,357630224354488
12,47110,GET,357630224354638,357630224355671
12,37645,GET,357630224357705,357630224359429
12,51721,GET,357630224360091,357630224361304
12,59393,GET,357630224361454,357630224362396
12,48902,GET,357630224364281,357630224365233
12,49926,GET,357630224365383,357630224366857
12,49674,GET,357630224367007,357630224367789
12,50447,GET,357630224367919,357630224370575
12,45059,GET,357630224371277,357630224372510
12,45827,GET,357630224374956,357630224375697
12,53001,GET,357630224376890,357630224377752
12,53257,GET,357630224377902,357630224378694
12,43016,GET,357630224380508,357630224381170
12,55303,GET,357630224381932,357630224383104
12,45064,GET,357630224385480,357630224386142
12,56076,GET,357630224386292,357630224388106
12,45320,GET,357630224388256,357630224389068
12,47107,GET,357630224389199,357630224390181
12,54795,GET,357630224393318,357630224394250
12,59396,GET,357630224394962,357630224395904
12,48896,GET,357630224397829,357630224398450
12,57863,GET,357630224399783,357630224401678
12,49155,GET,357630224402920,357630224403803
12,58126,GET,357630224403953,357630224405296
12,57094,GET,357630224406018,357630224407170
12,49923,GET,357630224408463,357630224410157
12,56587,GET,357630224410308,357630224411250
12,56585,GET,357630224411400,357630224412182
12,46349,GET,357630224412884,357630224414137
12,47117,GET,357630224414918,357630224416151
12,58374,GET,357630224417414,357630224418346
12,47373,GET,357630224418497,357630224419499
12,58886,GET,357630224419649,357630224421203
12,59398,GET,357630224423228,357630224424881
12,59653,GET,357630224425032,357630224425703
12,61447,GET,357630224428129,357630224429372
12,54528,GET,357630224431186,357630224432680
12,62222,GET,357630224433973,357630224434885
12,58895,GET,357630224437360,357630224438914
12,68353,GET,357630224439616,357630224440097
12,55808,GET,357630224442613,357630224443134
12,59146,GET,357630224443284,357630224444928
12,64782,GET,357630224445058,357630224445970
12,63238,GET,357630224446682,357630224448105
12,64268,GET,357630224449388,357630224450220
12,66562,GET,357630224452606,357630224453227
12,64775,GET,357630224453378,357630224454711
12,65031,GET,357630224455984,357630224457497
12,58624,GET,357630224457648,357630224459532
12,66055,GET,357630224461527,357630224462709
12,59136,GET,357630224462860,357630224463471
12,72449,GET,357630224463621,357630224464193
12,67588,GET,357630224464333,357630224465355
12,50445,GET,357630224465486,357630224466679
12,61711,GET,357630224466819,357630224468002
12,68356,GET,357630224468132,357630224469024
12,65547,GET,357630224469154,357630224470127
12,67079,GET,357630224470257,357630224471550
12,73985,GET,357630224485392,357630224485983
12,68098,GET,357630224486725,357630224486936
12,68354,GET,357630224487908,357630224488429
12,69380,GET,357630224488579,357630224489111
12,68359,GET,357630224490354,357630224491236
12,60419,GET,357630224492549,357630224493912
12,62211,GET,357630224499725,357630224500708
12,70404,GET,357630224502071,357630224502913
12,67333,GET,357630224503063,357630224503755
12,70670,GET,357630224504907,357630224506852
12,77057,GET,357630224510440,357630224511112
12,67339,GET,357630224511723,357630224513688
12,54797,GET,357630224514419,357630224516214
12,66063,GET,357630224516364,357630224517627
12,65027,GET,357630224520694,357630224521917
12,70405,GET,357630224523631,357630224524733
12,73735,GET,357630224524884,357630224525696
12,73230,GET,357630224525846,357630224526999
12,72196,GET,357630224528332,357630224529053
12,61448,GET,357630224529204,357630224529785
12,70667,GET,357630224529915,357630224530567
12,71692,GET,357630224531168,357630224531680
12,71429,GET,357630224532381,357630224533544
12,65795,GET,357630224534225,357630224535027
12,72972,GET,357630224535769,357630224536922
12,62728,GET,357630224537072,357630224538445
12,71690,GET,357630224539137,357630224540380
12,75271,GET,357630224540530,357630224542645
12,75014,GET,357630224543337,357630224544800
12,75278,GET,357630224546544,357630224548017
12,73739,GET,357630224548168,357630224549501
12,63496,GET,357630224549651,357630224550884
12,75013,GET,357630224551014,357630224551826
12,70671,GET,357630224560236,357630224562491
12,76299,GET,357630224563804,357630224564396
12,71695,GET,357630224565668,357630224567262
12,68608,GET,357630224569457,357630224570660
12,72207,GET,357630224570810,357630224572314
12,79362,GET,357630224573026,357630224574288
12,76809,GET,357630224574429,357630224575942
12,77321,GET,357630224576073,357630224578338
12,71424,GET,357630224583370,357630224584081
12,79876,GET,357630224587178,357630224588081
12,81922,GET,357630224589714,357630224590426
12,72192,GET,357630224590576,357630224591057
12,79369,GET,357630224591759,357630224592350
12,80389,GET,357630224594305,357630224595267
12,79366,GET,357630224596290,357630224597643
12,79882,GET,357630224598946,357630224599728
12,80134,GET,357630224599878,357630224601852
12,69640,GET,357630224602003,357630224602835
12,80645,GET,357630224602965,357630224604469
12,70664,GET,357630224605180,357630224606453
12,81418,GET,357630224607165,357630224607756
12,66317,GET,357630224609009,357630224610102
12,84226,GET,357630224611395,357630224613359
12,83722,GET,357630224633877,357630224635070
12,83978,GET,357630224635250,357630224636002
12,86018,GET,357630224636713,357630224637686
12,83982,GET,357630224640442,357630224642427
12,77315,GET,357630224643249,357630224645795
12,84740,GET,357630224647108,357630224648431
12,84997,GET,357630224648581,357630224649593
12,86538,GET,357630224649744,357630224650616
12,92417,GET,357630224651357,357630224652420
12,85262,GET,357630224653773,357630224655166
12,89602,GET,357630224655317,357630224657692
12,88073,GET,357630224658975,357630224659747
12,76040,GET,357630224659897,357630224661070
12,91916,GET,357630224661200,357630224662503
12,71693,GET,357630224664929,357630224665510
12,78848,GET,357630224667395,357630224668367
12,87822,GET,357630224668517,357630224669760
12,84998,GET,357630224669901,357630224670712
12,95489,GET,357630224671444,357630224673278
12,73485,GET,357630224675363,357630224679593
12,88837,GET,357630224680405,357630224681317
12,90126,GET,357630224681467,357630224683171
12,96513,GET,357630224683903,357630224684565
12,96012,GET,357630224685948,357630224686639
12,96775,GET,357630224687912,357630224688784
12,90378,GET,357630224690669,357630224693084
12,94722,GET,357630224693235,357630224694077
12,82435,GET,357630224694227,357630224696302
12,83203,GET,357630224696983,357630224697655
12,96258,GET,357630224698918,357630224700010
12,91652,GET,357630224700161,357630224702216
12,92430,GET,357630224702366,357630224703950
12,85507,GET,357630224706004,357630224706616
12,81672,GET,357630224706766,357630224707628
12,77325,GET,357630224707758,357630224708270
12,86019,GET,357630224708971,357630224709833
12,93198,GET,357630224710395,357630224711407
12,92938,GET,357630224712129,357630224713301
12,78861,GET,357630224714033,357630224714765
12,99084,GET,357630224714915,357630224715687
12,82184,GET,357630224715837,357630224717531
12,94725,GET,357630224717661,357630224719045
12,93962,GET,357630224719826,357630224721771
12,95242,GET,357630224721911,357630224725139
12,95246,GET,357630224725840,357630224726662
12,93961,GET,357630224726793,357630224727815
12,96270,GET,357630224727945,357630224729750
12,84488,GET,357630224729890,357630224730892
12,85000,GET,357630224731644,357630224732336
12,81421,GET,357630224732466,357630224733288
12,85512,GET,357630224733428,357630224735002
12,97290,GET,357630224736365,357630224736896
12,81933,GET,357630224739632,357630224741296
12,86024,GET,357630224741447,357630224742078
12,105484,GET,357630224742860,357630224743872
12,96267,GET,357630224744023,357630224744995
12,86536,GET,357630224745125,357630224745867
12,103169,GET,357630224746589,357630224748032
12,84237,GET,357630224748804,357630224749896
12,98052,GET,357630224750047,357630224750909
12,84749,GET,357630224751610,357630224752322
12,96262,GET,357630224754758,357630224755519
12,108044,GET,357630224758927,357630224761734
12,92431,GET,357630224761884,357630224763638
12,97030,GET,357630224763789,357630224764891
12,92928,GET,357630224767217,357630224768239
12,98827,GET,357630224768389,357630224769562
12,102149,GET,357630224789619,357630224793548
12,94223,GET,357630224793728,357630224794490
12,94979,GET,357630224794620,357630224795713
12,106497,GET,357630224795843,357630224797427
12,102926,GET,357630224798740,357630224800063
12,107009,GET,357630224800203,357630224801115
12,96515,GET,357630224801246,357630224802007
12,102917,GET,357630224802699,357630224805185
12,108289,GET,357630224806468,357630224807149
12,101126,GET,357630224807300,357630224808533
12,103941,GET,357630224809234,357630224810457
12,104201,GET,357630224816381,357630224817704
12,102406,GET,357630224818496,357630224820671
12,103179,GET,357630224821382,357630224823076
12,86797,GET,357630224824349,357630224825241
12,99072,GET,357630224825392,357630224826544
12,88077,GET,357630224827928,357630224829170
12,99584,GET,357630224837329,357630224838632
12,105227,GET,357630224838823,357630224839545
12,93704,GET,357630224840306,357630224841509
12,108549,GET,357630224842191,357630224843534
12,108041,GET,357630224845899,357630224846841
12,103427,GET,357630224846992,357630224848195
12,104966,GET,357630224848345,357630224850049
12,99599,GET,357630224851943,357630224853447
12,114178,GET,357630224853597,357630224854579
12,105731,GET,357630224855311,357630224857286
12,105222,GET,357630224857416,357630224858539
12,119052,GET,357630224858669,357630224859882
12,119308,GET,357630224860022,357630224860824
12,114436,GET,357630224860954,357630224862197
12,117511,GET,357630224863510,357630224863991
12,92941,GET,357630224865385,357630224866467
12,109067,GET,357630224867710,357630224868662
12,118535,GET,357630224868813,357630224869624
12,118791,GET,357630224869775,357630224870847
12,111626,GET,357630224870988,357630224872852
12,108803,GET,357630224873554,357630224874375
12,111882,GET,357630224874506,357630224875298
12,112138,GET,357630224876069,357630224878645
12,109827,GET,357630224879417,357630224880319
12,93965,GET,357630224880470,357630224881592
12,109830,GET,357630224882925,357630224883948
12,111107,GET,357630224884098,357630224885792
12,113673,GET,357630224885932,357630224886614
12,104960,GET,357630224888588,357630224890052
12,104207,GET,357630224890202,357630224890924
12,121090,GET,357630224891646,357630224892417
12,111622,GET,357630224894813,357630224896407
12,118532,GET,357630224897299,357630224898662
12,116494,GET,357630224898812,357630224899935
12,115977,GET,357630224900085,357630224900737
12,113411,GET,357630224902681,357630224904485
12,113925,GET,357630224905177,357630224905849
12,117257,GET,357630224905999,357630224906831
12,119809,GET,357630224906981,357630224909497
12,106767,GET,357630224909627,357630224911883
12,102920,GET,357630224913677,357630224916132
12,103432,GET,357630224934034,357630224934675
12,113926,GET,357630224937191,357630224938605
12,125959,GET,357630224938755,357630224940499
12,121604,GET,357630224940629,357630224941652
12,116491,GET,357630224942343,357630224944117
12,104456,GET,357630224944819,357630224945601
12,124674,GET,357630224946613,357630224947305
12,120074,GET,357630224947455,357630224948748
12,98573,GET,357630224948899,357630224950081
12,110863,GET,357630224950212,357630224951464
12,117771,GET,357630224953449,357630224954221
12,128519,GET,357630224954371,357630224954722
12,119811,GET,357630224954852,357630224955704
12,111375,GET,357630224955845,357630224956877
12,129543,GET,357630224957007,357630224957699
12,122126,GET,357630224957839,357630224958721
12,128780,GET,357630224959433,357630224959984
12,118533,GET,357630224962179,357630224963142
12,113423,GET,357630224963292,357630224964896
12,131335,GET,357630224965046,357630224966620
12,119819,GET,357630224966750,357630224967462
12,113935,GET,357630224967592,357630224968434
12,122634,GET,357630224968564,357630224970338
12,107784,GET,357630224971040,357630224972122
12,127490,GET,357630224973415,357630224974608
12,133127,GET,357630224977134,357630224977575
12,124174,GET,357630224977725,357630224980031
12,109832,GET,357630224980181,357630224981424
12,129282,GET,357630224981564,357630224982306
12,122379,GET,357630224983008,357630224985353
12,125198,GET,357630224986055,357630224986827
12,118790,GET,357630224987508,357630224987999
12,103693,GET,357630224988150,357630224989463
12,127236,GET,357630224990224,357630224992029
12,111624,GET,357630224992179,357630224993582
12,130562,GET,357630224993733,357630224994144
12,126986,GET,357630224994855,357630224995878
12,133644,GET,357630224996018,357630224997181
12,121861,GET,357630224997311,357630224998564
13,269,PUT,357630223163151,357630223163973
13,525,PUT,357630223164524,357630223164855
13,781,PUT,357630223165156,357630223165446
13,1037,PUT,357630223165737,357630223166038
13,1293,PUT,357630223166278,357630223166579
13,1549,PUT,357630223166820,357630223167120
13,1805,PUT,357630223167361,357630223167662
13,2061,PUT,357630223167962,357630223168263
13,2317,PUT,357630223168514,357630223168814
13,2573,PUT,357630223169065,357630223169366
13,2829,PUT,357630223169606,357630223169907
13,3085,PUT,357630223170197,357630223170498
13,3341,PUT,357630223170739,357630223171039
13,3597,PUT,357630223171280,357630223171581
13,3853,PUT,357630223171821,357630223172132
13,4109,PUT,357630223172413,357630223172613
13,4365,PUT,357630223172753,357630223172954
13,4621,PUT,357630223173094,357630223173295
13,4877,PUT,357630223173435,357630223173635
13,5133,PUT,357630223173776,357630223173976
13,5389,PUT,357630223174117,357630223174317
13,5645,PUT,357630223174457,357630223174658
13,5901,PUT,357630223174798,357630223174999
13,6157,PUT,357630223175289,357630223175490
13,6413,PUT,357630223175630,357630223175831
13,6669,PUT,357630223175971,357630223176171
13,6925,PUT,357630223176312,357630223176512
13,7181,PUT,357630223176652,357630223176853
13,7437,PUT,357630223176993,357630223177194
13,7693,PUT,357630223177334,357630223177534
13,7949,PUT,357630223177675,357630223177875
13,8205,PUT,357630223178176,357630223178376
13,8461,PUT,357630223178517,357630223178717
13,8717,PUT,357630223178858,357630223179058
13,8973,PUT,357630223179198,357630223179399
13,9229,PUT,357630223179539,357630223179740
13,9485,PUT,357630223179880,357630223180080
13,9741,PUT,357630223180221,357630223180421
13,9997,PUT,357630223180562,357630223180762
13,10253,PUT,357630223181053,357630223181243
13,10509,PUT,357630223181393,357630223181584
13,10765,PUT,357630223181734,357630223181925
13,11021,PUT,357630223182075,357630223182265
13,11277,PUT,357630223182416,357630223182606
13,11533,PUT,357630223182757,357630223182947
13,11789,PUT,357630223183097,357630223183288
13,12045,PUT,357630223183438,357630223183629
13,12301,PUT,357630223183929,357630223184130
13,12557,PUT,357630223184270,357630223184471
13,12813,PUT,357630223184611,357630223184811
13,13069,PUT,357630223184952,357630223185152
13,13325,PUT,357630223185293,357630223185493
13,13581,PUT,357630223185633,357630223185834
13,13837,PUT,357630223185974,357630223186175
13,14093,PUT,357630223186315,357630223186515
13,14349,PUT,357630223186806,357630223186996
13,14605,PUT,357630223187147,357630223187337
13,14861,PUT,357630223187488,357630223187678
13,15117,PUT,357630223187828,357630223188019
13,15373,PUT,357630223188169,357630223188360
13,15629,PUT,357630223188510,357630223188700
13,15885,PUT,357630223188851,357630223189041
13,16141,PUT,357630223189192,357630223189382
13,16397,PUT,357630223189693,357630223189883
13,16653,PUT,357630223978765,357630223979367
13,16909,PUT,357630223981361,357630223981722
13,17165,PUT,357630223982003,357630223982374
13,17421,PUT,357630223982664,357630223982955
13,17677,PUT,357630223983146,357630223983446
13,17933,PUT,357630223984779,357630223985180
13,18189,PUT,357630223985441,357630223985802
13,18445,PUT,357630223986062,357630223986353
13,18701,PUT,357630223988388,357630223988718
13,18957,PUT,357630223993580,357630223993911
13,19213,PUT,357630223994191,357630223994522
13,19469,PUT,357630223997198,357630223997489
13,19725,PUT,357630223997749,357630223998040
13,19981,PUT,357630223998301,357630223998601
13,20237,PUT,357630223999804,357630224025694
13,20493,PUT,357630224026366,357630224026737
13,20749,PUT,357630224026987,357630224027278
13,21005,PUT,357630224027549,357630224027910
13,21261,PUT,357630224029132,357630224029493
13,21517,PUT,357630224031748,357630224032089
13,21773,PUT,357630224032350,357630224032651
13,22029,PUT,357630224034795,357630224035106
13,22285,PUT,357630224035367,357630224035657
13,22541,PUT,357630224036890,357630224037181
13,22797,PUT,357630224039246,357630224039587
13,23053,PUT,357630224039857,357630224040168
13,23309,PUT,357630224041982,357630224042293
13,23565,PUT,357630224042584,357630224042874
13,23821,PUT,357630224043135,357630224043426
13,24077,PUT,357630224066279,357630224066750
13,24333,PUT,357630224070458,357630224070749
13,24589,PUT,357630224073636,357630224073946
13,24845,PUT,357630224079138,357630224079499
13,25101,PUT,357630224082516,357630224082817
13,25357,PUT,357630224083098,357630224083388
13,25613,PUT,357630224083669,357630224083960
13,25869,PUT,357630224085954,357630224086245
13,26125,PUT,357630224086506,357630224086886
13,26381,PUT,357630224087147,357630224087518
13,26637,PUT,357630224089222,357630224089513
13,26893,PUT,357630224089773,357630224090074
13,27149,PUT,357630224090334,357630224090625
13,27405,PUT,357630224090886,357630224091186
13,27661,PUT,357630224091437,357630224091748
13,27917,PUT,357630224093903,357630224094193
13,28173,PUT,357630224094454,357630224094755
13,28429,PUT,357630224096048,357630224096409
13,28685,PUT,357630224099466,357630224099766
13,28941,PUT,357630224106211,357630224106502
13,29197,PUT,357630224106783,357630224107073
13,29453,PUT,357630224107344,357630224107645
13,29709,PUT,357630224112847,357630224113157
13,29965,PUT,357630224120745,357630224121046
13,30221,PUT,357630224121336,357630224121637
13,30477,PUT,357630224122830,357630224123131
13,30733,PUT,357630224125576,357630224125897
13,30989,PUT,357630224126168,357630224126509
13,31245,PUT,357630224126779,357630224127180
13,31501,PUT,357630224128112,357630224128413
13,31757,PUT,357630224131400,357630224131791
13,32013,PUT,357630224132061,357630224132382
13,32269,PUT,357630224132653,357630224133014
13,32525,PUT,357630224135519,357630224135810
13,32781,PUT,357630224140070,357630224140391
13,33037,PUT,357630224147447,357630224147888
13,33293,PUT,357630224148169,357630224148530
13,33549,PUT,357630224148790,357630224149091
13,33805,PUT,357630224149352,357630224149602
13,34061,PUT,357630224151958,357630224152258
13,34317,PUT,357630224153451,357630224153782
13,34573,PUT,357630224154062,357630224154383
13,34829,PUT,357630224158302,357630224158593
13,35085,PUT,357630224161269,357630224161570
13,35341,PUT,357630224161841,357630224162141
13,35597,PUT,357630224162412,357630224162713
13,35853,PUT,357630224162963,357630224163294
13,36109,PUT,357630224163555,357630224163905
13,36365,PUT,357630224166882,357630224167233
13,36621,PUT,357630224171643,357630224171944
13,36877,PUT,357630224174320,357630224174680
13,37133,PUT,357630224176815,357630224177096
13,37389,PUT,357630224177387,357630224177677
13,37645,PUT,357630224200049,357630224200701
13,37901,PUT,357630224201172,357630224201533
13,38157,PUT,357630224201813,357630224202144
13,38413,PUT,357630224203327,357630224203628
13,38669,PUT,357630224205031,357630224205312
13,38925,PUT,357630224205592,357630224205863
13,39181,PUT,357630224206143,357630224206434
13,39437,PUT,357630224207487,357630224207787
13,39693,PUT,357630224209982,357630224210273
13,39949,PUT,357630224210544,357630224210884
13,40205,PUT,357630224213531,357630224213821
13,40461,PUT,357630224218161,357630224218452
13,40717,PUT,357630224218743,357630224219053
13,40973,PUT,357630224219324,357630224219635
13,41229,PUT,357630224219895,357630224220186
13,41485,PUT,357630224224195,357630224224486
13,41741,PUT,357630224225809,357630224226110
13,41997,PUT,357630224229347,357630224229648
13,42253,PUT,357630224229919,357630224230209
13,42509,PUT,357630224231873,357630224232164
13,42765,PUT,357630224232424,357630224232715
13,43021,PUT,357630224232976,357630224233497
13,43277,PUT,357630224233798,357630224234098
13,43533,PUT,357630224237947,357630224238238
13,43789,PUT,357630224239280,357630224239571
13,44045,PUT,357630224240784,357630224241125
13,44301,PUT,357630224243711,357630224243981
13,44557,PUT,357630224244252,357630224244543
13,44813,PUT,357630224244823,357630224245114
13,45069,PUT,357630224245365,357630224245735
13,45325,PUT,357630224248572,357630224248863
13,45581,PUT,357630224249133,357630224249424
13,45837,PUT,357630224249675,357630224249995
13,46093,PUT,357630224251449,357630224251739
13,46349,PUT,357630224256691,357630224256992
13,46605,PUT,357630224257262,357630224257553
13,46861,PUT,357630224257834,357630224258124
13,47117,PUT,357630224259397,357630224259698
13,47373,PUT,357630224263857,357630224264168
13,47629,PUT,357630224267847,357630224268147
13,47885,PUT,357630224270483,357630224270834
13,48141,PUT,357630224277660,357630224277950
13,48397,PUT,357630224278221,357630224278572
13,48653,PUT,357630224295922,357630224296283
13,48909,PUT,357630224296594,357630224296834
13,49165,PUT,357630224297105,357630224297385
13,49421,PUT,357630224303459,357630224303890
13,49677,PUT,357630224305274,357630224305604
13,49933,PUT,357630224309864,357630224310155
13,50189,PUT,357630224310426,357630224310776
13,50445,PUT,357630224311047,357630224311428
13,50701,PUT,357630224311679,357630224311909
13,50957,PUT,357630224316600,357630224316901
13,51213,PUT,357630224323185,357630224323486
13,51469,PUT,357630224323767,357630224324077
13,51725,PUT,357630224324338,357630224324699
13,51981,PUT,357630224324969,357630224325340
13,52237,PUT,357630224325601,357630224326032
13,52493,PUT,357630224340696,357630224341317
13,52749,PUT,357630224341768,357630224342079
13,53005,PUT,357630224343813,357630224344174
13,53261,PUT,357630224345918,357630224346269
13,53517,PUT,357630224346540,357630224346840
13,53773,PUT,357630224347111,357630224347412
13,54029,PUT,357630224347662,357630224347953
13,54285,PUT,357630224349927,357630224350288
13,54541,PUT,357630224354819,357630224355119
13,54797,PUT,357630224358728,357630224359119
13,55053,PUT,357630224359399,357630224359800
13,55309,PUT,357630224360071,357630224360402
13,55565,PUT,357630224360652,357630224361234
13,55821,PUT,357630224361494,357630224361815
13,56077,PUT,357630224372630,357630224372971
13,56333,PUT,357630224375677,357630224375968
13,56589,PUT,357630224376249,357630224376579
13,56845,PUT,357630224377852,357630224378153
13,57101,PUT,357630224387475,357630224387825
13,57357,PUT,357630224388096,357630224388467
13,57613,PUT,357630224389910,357630224390201
13,57869,PUT,357630224390462,357630224390742
13,58125,PUT,357630224391013,357630224391314
13,58381,PUT,357630224391574,357630224391935
13,58637,PUT,357630224394351,357630224394651
13,58893,PUT,357630224394912,357630224395203
13,59149,PUT,357630224395463,357630224395754
13,59405,PUT,357630224401868,357630224402139
13,59661,PUT,357630224405416,357630224405717
13,59917,PUT,357630224405988,357630224406358
13,60173,PUT,357630224407281,357630224407571
13,60429,PUT,357630224407842,357630224408143
13,60685,PUT,357630224410268,357630224410558
13,60941,PUT,357630224411781,357630224412122
13,61197,PUT,357630224415339,357630224415640
13,61453,PUT,357630224419619,357630224419920
13,61709,PUT,357630224421383,357630224421714
13,61965,PUT,357630224422827,357630224423127
13,62221,PUT,357630224425052,357630224425343
13,62477,PUT,357630224429552,357630224429833
13,62733,PUT,357630224430114,357630224430404
13,62989,PUT,357630224430675,357630224430956
13,63245,PUT,357630224433582,357630224433882
13,63501,PUT,357630224436248,357630224436519
13,63757,PUT,357630224436789,357630224437120
13,64013,PUT,357630224437391,357630224437731
13,64269,PUT,357630224440217,357630224440508
13,64525,PUT,357630224440768,357630224441139
13,64781,PUT,357630224441400,357630224441751
13,65037,PUT,357630224446161,357630224446452
13,65293,PUT,357630224446732,357630224447023
13,65549,PUT,357630224447284,357630224447574
13,65805,PUT,357630224457618,357630224457968
13,66061,PUT,357630224458249,357630224458550
13,66317,PUT,357630224458800,357630224459101
13,66573,PUT,357630224459352,357630224459752
13,66829,PUT,357630224460023,357630224460414
13,67085,PUT,357630224460685,357630224461096
13,67341,PUT,357630224465466,357630224465766
13,67597,PUT,357630224466047,357630224466348
13,67853,PUT,357630224466598,357630224466899
13,68109,PUT,357630224470247,357630224470618
13,68365,PUT,357630224485322,357630224485703
13,68621,PUT,357630224486074,357630224486414
13,68877,PUT,357630224486665,357630224486966
13,69133,PUT,357630224487226,357630224487527
13,69389,PUT,357630224487798,357630224488028
13,69645,PUT,357630224491356,357630224491687
13,69901,PUT,357630224491957,357630224492258
13,70157,PUT,357630224500998,357630224501239
13,70413,PUT,357630224501519,357630224501850
13,70669,PUT,357630224503955,357630224504216
13,70925,PUT,357630224508786,357630224509147
13,71181,PUT,357630224509418,357630224509739
13,71437,PUT,357630224510009,357630224510400
13,71693,PUT,357630224511623,357630224511924
13,71949,PUT,357630224517617,357630224517908
13,72205,PUT,357630224518198,357630224518489
13,72461,PUT,357630224518749,357630224519040
13,72717,PUT,357630224523901,357630224524192
13,72973,PUT,357630224524463,357630224524753
13,73229,PUT,357630224525014,357630224525305
13,73485,PUT,357630224525555,357630224525846
13,73741,PUT,357630224529966,357630224530276
13,73997,PUT,357630224532652,357630224532952
13,74253,PUT,357630224533223,357630224533514
13,74509,PUT,357630224533774,357630224534005
13,74765,PUT,357630224534266,357630224534556
13,75021,PUT,357630224538636,357630224538906
13,75277,PUT,357630224542825,357630224543116
13,75533,PUT,357630224543387,357630224543687
13,75789,PUT,357630224546033,357630224546303
13,76045,PUT,357630224546584,357630224546955
13,76301,PUT,357630224548188,357630224548539
13,76557,PUT,357630224550042,357630224550343
13,76813,PUT,357630224551947,357630224552307
13,77069,PUT,357630224552578,357630224553019
13,77325,PUT,357630224554142,357630224554513
13,77581,PUT,357630224554783,357630224555084
13,77837,PUT,357630224555284,357630224555585
13,78093,PUT,357630224557840,357630224558141
13,78349,PUT,357630224560677,357630224561018
13,78605,PUT,357630224561308,357630224561599
13,78861,PUT,357630224562661,357630224562952
13,79117,PUT,357630224563223,357630224563594
13,79373,PUT,357630224563854,357630224564265
13,79629,PUT,357630224568204,357630224568425
13,79885,PUT,357630224568625,357630224568846
13,80141,PUT,357630224570760,357630224571161
13,80397,PUT,357630224578178,357630224578629
13,80653,PUT,357630224578939,357630224579310
13,80909,PUT,357630224579581,357630224579831
13,81165,PUT,357630224580082,357630224580383
13,81421,PUT,357630224580643,357630224580974
13,81677,PUT,357630224585234,357630224585725
13,81933,PUT,357630224587910,357630224588211
13,82189,PUT,357630224588481,357630224588712
13,82445,PUT,357630224589684,357630224589975
13,82701,PUT,357630224591158,357630224591458
13,82957,PUT,357630224592451,357630224592751
13,83213,PUT,357630224593022,357630224593433
13,83469,PUT,357630224594445,357630224594746
13,83725,PUT,357630224595007,357630224595307
13,83981,PUT,357630224595578,357630224596009
13,84237,PUT,357630224596310,357630224596610
13,84493,PUT,357630224597973,357630224598254
13,84749,PUT,357630224598535,357630224598835
13,85005,PUT,357630224602023,357630224602314
13,85261,PUT,357630224605501,357630224605792
13,85517,PUT,357630224606062,357630224606353
13,85773,PUT,357630224607766,357630224608137
13,86029,PUT,357630224671725,357630224672186
13,86285,PUT,357630224672667,357630224672968
13,86541,PUT,357630224673228,357630224673519
13,86797,PUT,357630224673780,357630224674110
13,87053,PUT,357630224674381,357630224674722
13,87309,PUT,357630224674982,357630224675353
13,87565,PUT,357630224675614,357630224675915
13,87821,PUT,357630224676165,357630224676546
13,88077,PUT,357630224676797,357630224677187
13,88333,PUT,357630224680024,357630224680255
13,88589,PUT,357630224683292,357630224683592
13,88845,PUT,357630224684755,357630224685036
13,89101,PUT,357630224685306,357630224685727
13,89357,PUT,357630224685988,357630224686299
13,89613,PUT,357630224686559,357630224686920
13,89869,PUT,357630224694197,357630224694488
13,90125,PUT,357630224696482,357630224696783
13,90381,PUT,357630224697825,357630224698136
13,90637,PUT,357630224700361,357630224700652
13,90893,PUT,357630224700913,357630224701213
13,91149,PUT,357630224704972,357630224705283
13,91405,PUT,357630224706716,357630224707147
13,91661,PUT,357630224709232,357630224709523
13,91917,PUT,357630224709793,357630224710084
13,92173,PUT,357630224712299,357630224712590
13,92429,PUT,357630224713742,357630224714033
13,92685,PUT,357630224715085,357630224715376
13,92941,PUT,357630224717631,357630224717932
13,93197,PUT,357630224719816,357630224720117
13,93453,PUT,357630224732285,357630224732646
13,93709,PUT,357630224736325,357630224736736
13,93965,PUT,357630224737016,357630224737317
13,94221,PUT,357630224737588,357630224737808
13,94477,PUT,357630224741477,357630224741858
13,94733,PUT,357630224743993,357630224744283
13,94989,PUT,357630224744564,357630224744865
13,95245,PUT,357630224746027,357630224746358
13,95501,PUT,357630224748192,357630224748583
13,95757,PUT,357630224750067,357630224750367
13,96013,PUT,357630224752442,357630224752733
13,96269,PUT,357630224754667,357630224754968
13,96525,PUT,357630224755239,357630224755539
13,96781,PUT,357630224755810,357630224756141
13,97037,PUT,357630224756401,357630224756732
13,97293,PUT,357630224768189,357630224768680
13,97549,PUT,357630224788506,357630224789158
13,97805,PUT,357630224789578,357630224789889
13,98061,PUT,357630224790140,357630224790661
13,98317,PUT,357630224793979,357630224794330
13,98573,PUT,357630224807059,357630224807400
13,98829,PUT,357630224807650,357630224807991
13,99085,PUT,357630224808252,357630224808583
13,99341,PUT,357630224808843,357630224809134
13,99597,PUT,357630224813504,357630224813795
13,99853,PUT,357630224814045,357630224814386
13,100109,PUT,357630224815559,357630224815910
13,100365,PUT,357630224823197,357630224823487
13,100621,PUT,357630224825362,357630224825773
13,100877,PUT,357630224827256,357630224827637
13,101133,PUT,357630224827908,357630224828198
13,101389,PUT,357630224829521,357630224829812
13,101645,PUT,357630224831275,357630224831566
13,101901,PUT,357630224838823,357630224839114
13,102157,PUT,357630224839374,357630224839675
13,102413,PUT,357630224839925,357630224840397
13,102669,PUT,357630224840677,357630224840968
13,102925,PUT,357630224842391,357630224842762
13,103181,PUT,357630224844035,357630224844446
13,103437,PUT,357630224844707,357630224845037
13,103693,PUT,357630224847022,357630224847323
13,103949,PUT,357630224850239,357630224850530
13,104205,PUT,357630224851693,357630224852003
13,104461,PUT,357630224854760,357630224855071
13,104717,PUT,357630224863981,357630224864292
13,104973,PUT,357630224867800,357630224868091
13,105229,PUT,357630224868361,357630224868662
13,105485,PUT,357630224869795,357630224870085
13,105741,PUT,357630224870356,357630224870657
13,105997,PUT,357630224870937,357630224871248
13,106253,PUT,357630224871509,357630224871860
13,106509,PUT,357630224874496,357630224874786
13,106765,PUT,357630224875037,357630224875338
13,107021,PUT,357630224876370,357630224876691
13,107277,PUT,357630224876941,357630224877252
13,107533,PUT,357630224877503,357630224877803
13,107789,PUT,357630224885451,357630224885742
13,108045,PUT,357630224888218,357630224888438
13,108301,PUT,357630224888639,357630224888969
13,108557,PUT,357630224889220,357630224889511
13,108813,PUT,357630224889771,357630224890062
13,109069,PUT,357630224890322,357630224890623
13,109325,PUT,357630224894382,357630224894602
13,109581,PUT,357630224898953,357630224899243
13,109837,PUT,357630224900256,357630224900717
13,110093,PUT,357630224904666,357630224904946
13,110349,PUT,357630224909677,357630224909988
13,110605,PUT,357630224937071,357630224937512
13,110861,PUT,357630224940038,357630224940329
13,111117,PUT,357630224941762,357630224942053
13,111373,PUT,357630224945130,357630224945591
13,111629,PUT,357630224945861,357630224946383
13,111885,PUT,357630224948919,357630224949259
13,112141,PUT,357630224952617,357630224952918
13,112397,PUT,357630224953198,357630224953499
13,112653,PUT,357630224955825,357630224956216
13,112909,PUT,357630224958902,357630224959202
13,113165,PUT,357630224959483,357630224959774
13,113421,PUT,357630224960024,357630224960325
13,113677,PUT,357630224961337,357630224961738
13,113933,PUT,357630224966730,357630224967031
13,114189,PUT,357630224968444,357630224968745
13,114445,PUT,357630224969025,357630224969396
13,114701,PUT,357630224969667,357630224969957
13,114957,PUT,357630224970218,357630224970509
13,115213,PUT,357630224970769,357630224970990
13,115469,PUT,357630224971250,357630224971541
13,115725,PUT,357630224972383,357630224972604
13,115981,PUT,357630224972854,357630224973175
13,116237,PUT,357630224974769,357630224975069
13,116493,PUT,357630224982426,357630224982717
13,116749,PUT,357630224985473,357630224985774
13,117005,PUT,357630224989002,357630224989302
13,117261,PUT,357630224989583,357630224989934
13,117517,PUT,357630224990214,357630224990515
13,117773,PUT,357630224990776,357630224991167
13,118029,PUT,357630224991417,357630224991738
13,118285,PUT,357630224991999,357630224992420
13,118541,PUT,357630224997361,357630224997662
13,270,GET,357630223980058,357630223980880
13,8206,GET,357630223983717,357630223984639
13,15118,GET,357630223986624,357630223988257
13,3084,GET,357630223988989,357630223990362
13,9228,GET,357630223990513,357630223993429
13,14348,GET,357630223994793,357630223996186
13,16140,GET,357630223996336,357630223997048
13,4865,GET,357630223998882,357630223999664
13,2827,GET,357630224028210,357630224028932
13,5643,GET,357630224029764,357630224030465
13,7947,GET,357630224030616,357630224031598
13,12043,GET,357630224032921,357630224033623
13,14603,GET,357630224033773,357630224034645
13,2055,GET,357630224035928,357630224036750
13,6407,GET,357630224037452,357630224039116
13,11271,GET,357630224040429,357630224041852
13,256,GET,357630224043686,357630224044318
13,1024,GET,357630224044468,357630224045049
13,10240,GET,357630224067211,357630224067672
13,12544,GET,357630224067872,357630224069306
13,14336,GET,357630224069446,357630224070298
13,16646,GET,357630224071571,357630224072754
13,16902,GET,357630224072904,357630224073475
13,17420,GET,357630224074207,357630224075861
13,17422,GET,357630224076001,357630224077024
13,20482,GET,357630224077164,357630224078988
13,17423,GET,357630224079770,357630224080672
13,16644,GET,357630224080802,357630224082366
13,20492,GET,357630224084240,357630224085814
13,18435,GET,357630224087799,357630224089082
13,21254,GET,357630224092018,357630224093081
13,20233,GET,357630224093231,357630224093752
13,23298,GET,357630224095035,357630224095917
13,18442,GET,357630224096679,357630224097792
13,18698,GET,357630224097942,357630224099335
13,22031,GET,357630224100017,357630224100518
13,22543,GET,357630224100668,357630224102473
13,19972,GET,357630224102623,357630224103826
13,24332,GET,357630224103956,357630224105169
13,24065,GET,357630224105299,357630224106061
13,23054,GET,357630224107925,357630224109679
13,24582,GET,357630224109830,357630224111584
13,23822,GET,357630224111714,357630224112696
13,20490,GET,357630224113428,357630224114831
13,25601,GET,357630224114972,357630224116906
13,24590,GET,357630224117037,357630224117758
13,24846,GET,357630224117888,357630224118430
13,21771,GET,357630224118560,357630224120595
13,24069,GET,357630224121908,357630224122680
13,27138,GET,357630224123401,357630224124003
13,22020,GET,357630224124153,357630224125416
13,22788,GET,357630224127451,357630224127972
13,26383,GET,357630224128684,357630224130398
13,26639,GET,357630224130548,357630224131260
13,25091,GET,357630224133294,357630224135379
13,25603,GET,357630224136081,357630224138667
13,20488,GET,357630224138817,357630224139940
13,32001,GET,357630224149893,357630224151777
13,25866,GET,357630224152529,357630224153321
13,30223,GET,357630224154664,357630224155696
13,25607,GET,357630224155847,357630224156689
13,32514,GET,357630224156839,357630224158142
13,20736,GET,357630224158854,357630224160267
13,29446,GET,357630224160417,357630224161119
13,21760,GET,357630224164186,357630224164878
13,18701,GET,357630224165028,357630224166722
13,33281,GET,357630224167504,357630224169328
13,31759,GET,357630224169468,357630224170320
13,32773,GET,357630224170451,357630224171493
13,23048,GET,357630224172205,357630224174159
13,24576,GET,357630224174941,357630224175713
13,23560,GET,357630224175863,357630224176665
13,30219,GET,357630224177938,357630224179281
13,24072,GET,357630224179431,357630224180744
13,32010,GET,357630224180895,357630224183320
13,31753,GET,357630224183451,357630224185295
13,36353,GET,357630224185435,357630224186277
13,25352,GET,357630224202435,357630224203157
13,33801,GET,357630224203878,357630224204901
13,32267,GET,357630224206705,357630224207356
13,34569,GET,357630224208058,357630224208910
13,29440,GET,357630224209060,357630224209832
13,34062,GET,357630224211165,357630224211987
13,27144,GET,357630224212137,357630224213380
13,33039,GET,357630224214072,357630224216087
13,33295,GET,357630224216237,357630224216939
13,37890,GET,357630224217069,357630224218011
13,38914,GET,357630224220457,357630224221249
13,35343,GET,357630224221399,357630224222602
13,35599,GET,357630224222732,357630224224035
13,33284,GET,357630224224757,357630224225659
13,39426,GET,357630224226380,357630224226962
13,34052,GET,357630224227102,357630224227854
13,35855,GET,357630224227984,357630224229197
13,37134,GET,357630224230490,357630224231713
13,35335,GET,357630224234369,357630224236153
13,37900,GET,357630224236304,357630224237807
13,38409,GET,357630224238499,357630224239140
13,41217,GET,357630224239832,357630224240654
13,35594,GET,357630224241375,357630224242488
13,36614,GET,357630224242638,357630224243570
13,39689,GET,357630224246006,357630224247048
13,33283,GET,357630224247199,357630224248432
13,38148,GET,357630224250266,357630224251308
13,39692,GET,357630224252010,357630224252551
13,28685,GET,357630224252702,357630224254365
13,45058,GET,357630224254516,357630224255478
13,39695,GET,357630224255608,357630224256541
13,40204,GET,357630224258395,357630224259247
13,35840,GET,357630224259978,357630224262534
13,29453,GET,357630224262685,357630224263707
13,41220,GET,357630224264429,357630224265692
13,35075,GET,357630224265842,357630224266895
13,36096,GET,357630224267035,357630224267696
13,40453,GET,357630224268398,357630224269410
13,36608,GET,357630224269551,357630224270333
13,43534,GET,357630224271094,357630224272808
13,38918,GET,357630224272949,357630224273390
13,45825,GET,357630224273530,357630224274272
13,43790,GET,357630224274412,357630224275294
13,44046,GET,357630224275434,357630224276457
13,43276,GET,357630224276597,357630224277509
13,43279,GET,357630224278832,357630224280997
13,49666,GET,357630224281148,357630224282360
13,50178,GET,357630224282501,357630224283734
13,47105,GET,357630224283874,357630224284435
13,47617,GET,357630224284576,357630224286109
13,41989,GET,357630224286239,357630224287101
13,32781,GET,357630224293757,357630224294819
13,36104,GET,357630224294960,357630224295772
13,46596,GET,357630224297656,357630224299200
13,43525,GET,357630224299350,357630224299951
13,41994,GET,357630224300082,357630224300833
13,42250,GET,357630224300974,357630224301806
13,51969,GET,357630224301946,357630224303309
13,47364,GET,357630224304161,357630224305123
13,46092,GET,357630224305885,357630224306777
13,52993,GET,357630224306928,357630224308160
13,43531,GET,357630224308291,357630224309714
13,49166,GET,357630224312190,357630224313252
13,49156,GET,357630224313403,357630224314786
13,49678,GET,357630224314926,357630224316450
13,47109,GET,357630224317151,357630224318434
13,48655,GET,357630224318575,357630224319627
13,47628,GET,357630224319767,357630224320990
13,46859,GET,357630224321131,357630224323035
13,45834,GET,357630224342360,357630224342941
13,46086,GET,357630224343152,357630224343663
13,49676,GET,357630224344445,357630224345778
13,40200,GET,357630224348223,357630224349787
13,49675,GET,357630224350559,357630224352263
13,53764,GET,357630224352413,357630224353325
13,43520,GET,357630224353476,357630224354668
13,41987,GET,357630224357224,357630224358598
13,48134,GET,357630224362096,357630224363429
13,52748,GET,357630224363579,357630224364712
13,49418,GET,357630224364862,357630224366165
13,53260,GET,357630224366295,357630224367017
13,44035,GET,357630224367157,357630224367819
13,54286,GET,357630224367959,357630224370615
13,50694,GET,357630224370746,357630224372480
13,50959,GET,357630224373242,357630224375527
13,51215,GET,357630224376860,357630224377722
13,51718,GET,357630224378404,357630224379586
13,54533,GET,357630224379737,357630224381140
13,54796,GET,357630224381290,357630224382633
13,55559,GET,357630224382774,357630224383856
13,52234,GET,357630224383986,357630224385981
13,55310,GET,357630224386111,357630224387324
13,58372,GET,357630224388738,357630224389760
13,47875,GET,357630224392216,357630224394220
13,60418,GET,357630224396034,357630224397388
13,57102,GET,357630224397538,357630224398420
13,52746,GET,357630224398570,357630224399292
13,53263,GET,357630224399422,357630224400044
13,53770,GET,357630224400174,357630224401718
13,47368,GET,357630224402399,357630224403772
13,61444,GET,357630224403903,357630224405266
13,56325,GET,357630224406639,357630224407130
13,54543,GET,357630224408423,357630224410127
13,55055,GET,357630224410819,357630224411641
13,56843,GET,357630224412382,357630224413164
13,57353,GET,357630224413315,357630224414167
13,50691,GET,357630224414317,357630224415189
13,62978,GET,357630224415891,357630224417304
13,57861,GET,357630224417454,357630224418376
13,60172,GET,357630224418517,357630224419469
13,66305,GET,357630224420171,357630224421223
13,59401,GET,357630224421965,357630224422696
13,60942,GET,357630224423388,357630224424912
13,60935,GET,357630224425613,357630224426986
13,60678,GET,357630224427137,357630224428309
13,60934,GET,357630224428460,357630224429402
13,61701,GET,357630224431226,357630224432690
13,64004,GET,357630224432840,357630224433431
13,59915,GET,357630224434133,357630224434915
13,62734,GET,357630224435065,357630224436088
13,60171,GET,357630224438002,357630224438944
13,62726,GET,357630224439094,357630224440067
13,64516,GET,357630224442021,357630224442963
13,64270,GET,357630224443114,357630224444968
13,54531,GET,357630224445098,357630224446011
13,56323,GET,357630224453809,357630224454741
13,62987,GET,357630224454941,357630224455683
13,64006,GET,357630224455813,357630224457457
13,61199,GET,357630224461366,357630224462679
13,64265,GET,357630224462830,357630224463441
13,64521,GET,357630224463571,357630224464163
13,67330,GET,357630224464293,357630224465315
13,72961,GET,357630224467170,357630224468032
13,55304,GET,357630224468182,357630224468994
13,73217,GET,357630224469124,357630224470086
13,68612,GET,357630224470898,357630224471580
13,62730,GET,357630224488239,357630224488850
13,68103,GET,357630224489040,357630224490233
13,68110,GET,357630224490384,357630224491206
13,65803,GET,357630224492529,357630224493882
13,67590,GET,357630224494012,357630224495596
13,63759,GET,357630224495726,357630224497039
13,69390,GET,357630224499204,357630224500848
13,61184,GET,357630224502131,357630224502953
13,68614,GET,357630224503083,357630224503805
13,58888,GET,357630224504406,357630224506812
13,65039,GET,357630224506942,357630224508626
13,71687,GET,357630224510671,357630224511483
13,54541,GET,357630224512194,357630224513718
13,68361,GET,357630224513868,357630224515562
13,55309,GET,357630224515692,357630224517456
13,69637,GET,357630224519321,357630224520634
13,70156,GET,357630224520784,357630224521957
13,73474,GET,357630224522087,357630224523751
13,70409,GET,357630224526127,357630224527029
13,64768,GET,357630224527179,357630224528292
13,56077,GET,357630224528422,357630224529083
13,70924,GET,357630224529224,357630224529815
13,56333,GET,357630224530537,357630224531649
13,74754,GET,357630224531780,357630224532501
13,69130,GET,357630224534827,357630224535919
13,73478,GET,357630224536070,357630224536952
13,73732,GET,357630224537092,357630224538485
13,72965,GET,357630224539167,357630224540420
13,81409,GET,357630224540550,357630224542665
13,75783,GET,357630224543958,357630224544840
13,63240,GET,357630224544970,357630224545883
13,74757,GET,357630224547206,357630224548048
13,73738,GET,357630224548789,357630224549912
13,76300,GET,357630224550593,357630224551806
13,64008,GET,357630224553270,357630224554001
13,64520,GET,357630224555856,357630224557700
13,83457,GET,357630224558412,357630224559394
13,59661,GET,357630224559544,357630224560527
13,68611,GET,357630224561870,357630224562521
13,78606,GET,357630224564526,357630224567242
13,78604,GET,357630224567392,357630224568064
13,78338,GET,357630224569106,357630224570620
13,68864,GET,357630224571422,357630224572344
13,67848,GET,357630224581255,357630224583029
13,79886,GET,357630224583179,357630224584121
13,79620,GET,357630224584272,357630224585084
13,63245,GET,357630224585986,357630224587770
13,78090,GET,357630224588892,357630224589544
13,80910,GET,357630224590225,357630224591017
13,80388,GET,357630224591709,357630224592310
13,78854,GET,357630224593704,357630224594315
13,79622,GET,357630224596881,357630224597833
13,65549,GET,357630224599036,357630224599768
13,73731,GET,357630224599918,357630224601883
13,70152,GET,357630224602594,357630224604428
13,81162,GET,357630224604579,357630224605361
13,84489,GET,357630224606614,357630224607626
13,75011,GET,357630224608408,357630224609600
13,81158,GET,357630224609761,357630224610543
13,85511,GET,357630224610693,357630224613089
13,81925,GET,357630224613219,357630224613991
13,86534,GET,357630224677498,357630224679804
13,89348,GET,357630224680455,357630224681347
13,79368,GET,357630224681497,357630224683141
13,81408,GET,357630224683883,357630224684595
13,83983,GET,357630224687201,357630224688754
13,81920,GET,357630224688905,357630224690198
13,97025,GET,357630224690348,357630224693044
13,97543,GET,357630224693185,357630224694037
13,95234,GET,357630224694738,357630224696332
13,97799,GET,357630224697024,357630224697685
13,92421,GET,357630224698397,357630224699349
13,96514,GET,357630224699499,357630224700221
13,81416,GET,357630224701464,357630224703178
13,76813,GET,357630224703328,357630224704832
13,92933,GET,357630224705543,357630224706576
13,91398,GET,357630224707418,357630224708240
13,92942,GET,357630224708390,357630224709092
13,91910,GET,357630224710334,357630224711447
13,92427,GET,357630224711597,357630224712159
13,86799,GET,357630224712840,357630224713602
13,93444,GET,357630224714294,357630224714945
13,94212,GET,357630224715637,357630224717491
13,100108,GET,357630224718183,357630224719686
13,94478,GET,357630224720368,357630224721811
13,99330,GET,357630224721961,357630224725169
13,99586,GET,357630224725319,357630224725911
13,100098,GET,357630224726041,357630224727294
13,100354,GET,357630224727434,357630224729208
13,101132,GET,357630224729339,357630224730762
13,84744,GET,357630224730892,357630224732135
13,94475,GET,357630224732897,357630224733328
13,87808,GET,357630224733458,357630224735032
13,94214,GET,357630224735172,357630224736174
13,81677,GET,357630224738009,357630224738640
13,98053,GET,357630224738791,357630224739582
13,88320,GET,357630224739723,357630224741326
13,82701,GET,357630224742108,357630224743842
13,95241,GET,357630224745135,357630224745897
13,98574,GET,357630224746629,357630224748062
13,97796,GET,357630224748834,357630224749926
13,98308,GET,357630224750628,357630224752312
13,87048,GET,357630224753014,357630224754527
13,99854,GET,357630224756993,357630224757845
13,91136,GET,357630224757995,357630224758737
13,101125,GET,357630224758887,357630224761704
13,100618,GET,357630224761834,357630224763608
13,88328,GET,357630224763738,357630224764861
13,106503,GET,357630224766715,357630224768038
13,99078,GET,357630224790952,357630224793758
13,103172,GET,357630224801035,357630224801977
13,103438,GET,357630224802148,357630224803751
13,103950,GET,357630224803882,357630224805866
13,108290,GET,357630224806007,357630224806879
13,103946,GET,357630224809405,357630224810487
13,97280,GET,357630224810617,357630224813354
13,110855,GET,357630224814657,357630224815408
13,105476,GET,357630224816190,357630224816772
13,105988,GET,357630224816922,357630224818606
13,111879,GET,357630224818736,357630224820701
13,105738,GET,357630224820831,357630224823036
13,90888,GET,357630224823748,357630224825201
13,105481,GET,357630224826043,357630224827116
13,105742,GET,357630224828459,357630224829381
13,108036,GET,357630224830063,357630224831145
13,104203,GET,357630224831847,357630224834032
13,104715,GET,357630224834182,357630224835525
13,115724,GET,357630224835676,357630224837299
13,104454,GET,357630224837430,357630224838662
13,117004,GET,357630224841228,357630224842261
13,108298,GET,357630224843033,357630224843895
13,93960,GET,357630224845308,357630224845939
13,100352,GET,357630224846090,357630224846872
13,109578,GET,357630224847593,357630224848225
13,109582,GET,357630224848355,357630224850089
13,109838,GET,357630224850791,357630224851542
13,106507,GET,357630224852264,357630224853477
13,118284,GET,357630224853627,357630224854610
13,114946,GET,357630224855331,357630224857316
13,112900,GET,357630224857466,357630224858569
13,101376,GET,357630224858699,357630224859922
13,113924,GET,357630224860052,357630224860864
13,115969,GET,357630224860994,357630224862227
13,101632,GET,357630224862368,357630224863821
13,117767,GET,357630224864543,357630224866497
13,120076,GET,357630224866627,357630224867650
13,107014,GET,357630224868903,357630224869654
13,117762,GET,357630224872140,357630224873243
13,98056,GET,357630224873393,357630224874345
13,120588,GET,357630224875618,357630224876240
13,119042,GET,357630224878074,357630224878936
13,120327,GET,357630224879086,357630224879918
13,119298,GET,357630224880069,357630224880810
13,94221,GET,357630224880941,357630224881893
13,109574,GET,357630224882023,357630224883146
13,94477,GET,357630224883276,357630224885301
13,113930,GET,357630224886002,357630224886654
13,112910,GET,357630224886784,357630224888067
13,104719,GET,357630224890894,357630224892137
13,114442,GET,357630224892287,357630224892888
13,111110,GET,357630224893019,357630224894232
13,115466,GET,357630224894823,357630224896437
13,115978,GET,357630224896567,357630224897740
13,115982,GET,357630224897870,357630224898792
13,115721,GET,357630224899514,357630224900105
13,105728,GET,357630224900977,357630224902832
13,119044,GET,357630224902982,357630224904515
13,113419,GET,357630224905197,357630224905879
13,119041,GET,357630224906029,357630224906861
13,107008,GET,357630224907001,357630224909527
13,117006,GET,357630224910239,357630224911913
13,114699,GET,357630224917766,357630224918839
13,118286,GET,357630224918969,357630224919470
13,107520,GET,357630224919600,357630224919931
13,109583,GET,357630224937933,357630224939817
13,122369,GET,357630224940589,357630224941622
13,121860,GET,357630224942313,357630224944077
13,109839,GET,357630224944228,357630224944999
13,120334,GET,357630224946653,357630224947335
13,114182,GET,357630224947485,357630224948788
13,118531,GET,357630224949510,357630224950111
13,128007,GET,357630224950262,357630224951495
13,125441,GET,357630224951645,357630224952467
13,121614,GET,357630224953760,357630224954592
13,116997,GET,357630224954722,357630224955674
13,129287,GET,357630224956476,357630224956907
13,120585,GET,357630224957047,357630224957739
13,120835,GET,357630224957869,357630224958751
13,112399,GET,357630224960606,357630224961197
13,112655,GET,357630224962019,357630224963101
13,131079,GET,357630224963252,357630224964856
13,106760,GET,357630224964986,357630224966580
13,107528,GET,357630224967281,357630224968294
13,120331,GET,357630224971822,357630224972243
13,121099,GET,357630224973446,357630224974638
13,114959,GET,357630224975440,357630224976442
13,117510,GET,357630224976593,357630224977545
13,128514,GET,357630224977695,357630224979991
13,131340,GET,357630224980131,357630224981394
13,102413,GET,357630224981524,357630224982276
13,125700,GET,357630224982978,357630224985323
13,132108,GET,357630224986025,357630224986787
13,133639,GET,357630224986937,357630224987669
13,130306,GET,357630224987809,357630224988851
13,126734,GET,357630224992700,357630224994033
13,120581,GET,357630224994184,357630224995026
13,120070,GET,357630224995156,357630224995918
13,104461,GET,357630224996048,357630224997211
13,127502,GET,357630224997912,357630224999105
14,270,PUT,357630223526264,357630223526866
14,526,PUT,357630223527457,357630223527658
14,782,PUT,357630223527858,357630223528129
14,1038,PUT,357630223528279,357630223528480
14,1294,PUT,357630223528620,357630223528820
14,1550,PUT,357630223528961,357630223529161
14,1806,PUT,357630223529301,357630223529502
14,2062,PUT,357630223529793,357630223529993
14,2318,PUT,357630223530133,357630223530334
14,2574,PUT,357630223530474,357630223530675
14,2830,PUT,357630223530815,357630223531015
14,3086,PUT,357630223531156,357630223531356
14,3342,PUT,357630223531507,357630223531707
14,3598,PUT,357630223531847,357630223532048
14,3854,PUT,357630223532188,357630223532389
14,4110,PUT,357630223532669,357630223532870
14,4366,PUT,357630223533010,357630223533211
14,4622,PUT,357630223533351,357630223533551
14,4878,PUT,357630223533692,357630223533892
14,5134,PUT,357630223534032,357630223534233
14,5390,PUT,357630223534373,357630223534574
14,5646,PUT,357630223534714,357630223534915
14,5902,PUT,357630223535055,357630223535255
14,6158,PUT,357630223535546,357630223535746
14,6414,PUT,357630223535887,357630223536087
14,6670,PUT,357630223536228,357630223536428
14,6926,PUT,357630223536568,357630223536769
14,7182,PUT,357630223536909,357630223537110
14,7438,PUT,357630223537250,357630223537450
14,7694,PUT,357630223537591,357630223537791
14,7950,PUT,357630223537932,357630223538132
14,8206,PUT,357630223538423,357630223538613
14,8462,PUT,357630223538763,357630223538954
14,8718,PUT,357630223539104,357630223539295
14,8974,PUT,357630223539445,357630223539635
14,9230,PUT,357630223539786,357630223539976
14,9486,PUT,357630223540127,357630223540317
14,9742,PUT,357630223540467,357630223540658
14,9998,PUT,357630223540808,357630223540999
14,10254,PUT,357630223541289,357630223541490
14,10510,PUT,357630223541630,357630223541831
14,10766,PUT,357630223541971,357630223542171
14,11022,PUT,357630223542312,357630223542512
14,11278,PUT,357630223542652,357630223542853
14,11534,PUT,357630223542993,357630223543194
14,11790,PUT,357630223543334,357630223543535
14,12046,PUT,357630223543675,357630223543875
14,12302,PUT,357630223544166,357630223544356
14,12558,PUT,357630223544507,357630223544697
14,12814,PUT,357630223544848,357630223545038
14,13070,PUT,357630223545188,357630223545379
14,13326,PUT,357630223545529,357630223545720
14,13582,PUT,357630223545870,357630223546060
14,13838,PUT,357630223546211,357630223546411
14,14094,PUT,357630223546552,357630223546752
14,14350,PUT,357630223547043,357630223547233
14,14606,PUT,357630223547383,357630223547574
14,14862,PUT,357630223547724,357630223547925
14,15118,PUT,357630223548065,357630223548266
14,15374,PUT,357630223548406,357630223548606
14,15630,PUT,357630223548747,357630223548947
14,15886,PUT,357630223549087,357630223549288
14,16142,PUT,357630223549428,357630223549629
14,16398,PUT,357630223549909,357630223550110
14,16654,PUT,357630223895291,357630223896073
14,16910,PUT,357630223897607,357630223897898
14,17166,PUT,357630223898800,357630223899090
14,17422,PUT,357630223899361,357630223899652
14,17678,PUT,357630223900744,357630223901055
14,17934,PUT,357630223901315,357630223901606
14,18190,PUT,357630223901867,357630223902167
14,18446,PUT,357630223902418,357630223902719
14,18702,PUT,357630223903721,357630223904022
14,18958,PUT,357630223904272,357630223904613
14,19214,PUT,357630223904874,357630223905174
14,19470,PUT,357630223907750,357630223908051
14,19726,PUT,357630223909825,357630223910116
14,19982,PUT,357630223913203,357630223913494
14,20238,PUT,357630223915799,357630223916100
14,20494,PUT,357630223916370,357630223916721
14,20750,PUT,357630223918255,357630223918495
14,21006,PUT,357630223918766,357630223919057
14,21262,PUT,357630223922154,357630223922555
14,21518,PUT,357630223922835,357630223923126
14,21774,PUT,357630223923387,357630223923707
14,22030,PUT,357630223925602,357630223925943
14,22286,PUT,357630223930604,357630223930894
14,22542,PUT,357630223931175,357630223931466
14,22798,PUT,357630223931716,357630223932007
14,23054,PUT,357630223933480,357630223933761
14,23310,PUT,357630223934011,357630223934352
14,23566,PUT,357630223935886,357630223936176
14,23822,PUT,357630223936427,357630223936718
14,24078,PUT,357630223940456,357630223940757
14,24334,PUT,357630223941779,357630223942100
14,24590,PUT,357630223942381,357630223942672
14,24846,PUT,357630223942922,357630223943213
14,25102,PUT,357630223943463,357630223943754
14,25358,PUT,357630223944015,357630223944255
14,25614,PUT,357630223944506,357630223944796
14,25870,PUT,357630223945057,357630223945348
14,26126,PUT,357630223946400,357630223946751
14,26382,PUT,357630223947012,357630223947372
14,26638,PUT,357630223948726,357630223949016
14,26894,PUT,357630223950450,357630223950740
14,27150,PUT,357630223951021,357630223951312
14,27406,PUT,357630223952294,357630223952615
14,27662,PUT,357630223953878,357630223954188
14,27918,PUT,357630223954459,357630223954750
14,28174,PUT,357630223961305,357630223961606
14,28430,PUT,357630223961876,357630223962177
14,28686,PUT,357630223962989,357630223963309
14,28942,PUT,357630223964332,357630223964623
14,29198,PUT,357630223970747,357630223971088
14,29454,PUT,357630223971358,357630223971669
14,29710,PUT,357630223971950,357630223972230
14,29966,PUT,357630223972491,357630223972882
14,30222,PUT,357630223974896,357630223975187
14,30478,PUT,357630223976250,357630223976470
14,30734,PUT,357630223978585,357630223978805
14,30990,PUT,357630223981562,357630223981853
14,31246,PUT,357630223983286,357630223983597
14,31502,PUT,357630223983877,357630223984188
14,31758,PUT,357630223984469,357630223984789
14,32014,PUT,357630223987415,357630223987726
14,32270,PUT,357630223989851,357630223990142
14,32526,PUT,357630223990412,357630223990703
14,32782,PUT,357630223992758,357630223993069
14,33038,PUT,357630224022727,357630224023209
14,33294,PUT,357630224024411,357630224024692
14,33550,PUT,357630224026095,357630224026426
14,33806,PUT,357630224033903,357630224034344
14,34062,PUT,357630224039647,357630224039937
14,34318,PUT,357630224041281,357630224041571
14,34574,PUT,357630224041852,357630224042213
14,34830,PUT,357630224063723,357630224064154
14,35086,PUT,357630224065086,357630224065397
14,35342,PUT,357630224065667,357630224065958
14,35598,PUT,357630224069145,357630224069436
14,35854,PUT,357630224070528,357630224070839
14,36110,PUT,357630224073535,357630224073866
14,36366,PUT,357630224074067,357630224074488
14,36622,PUT,357630224074758,357630224075059
14,36878,PUT,357630224076613,357630224077084
14,37134,PUT,357630224077354,357630224077645
14,37390,PUT,357630224079199,357630224079580
14,37646,PUT,357630224079840,357630224080161
14,37902,PUT,357630224080411,357630224080722
14,38158,PUT,357630224086506,357630224086997
14,38414,PUT,357630224090114,357630224090405
14,38670,PUT,357630224092740,357630224093031
14,38926,PUT,357630224094344,357630224094644
14,39182,PUT,357630224094915,357630224095216
14,39438,PUT,357630224095486,357630224095787
14,39694,PUT,357630224096038,357630224096338
14,39950,PUT,357630224096589,357630224096940
14,40206,PUT,357630224097200,357630224097491
14,40462,PUT,357630224099015,357630224099446
14,40718,PUT,357630224099716,357630224099977
14,40974,PUT,357630224100237,357630224100588
14,41230,PUT,357630224100859,357630224101160
14,41486,PUT,357630224101420,357630224101831
14,41742,PUT,357630224105379,357630224105670
14,41998,PUT,357630224105931,357630224106282
14,42254,PUT,357630224106542,357630224106833
14,42510,PUT,357630224107093,357630224107384
14,42766,PUT,357630224107645,357630224107945
14,43022,PUT,357630224108206,357630224108427
14,43278,PUT,357630224111163,357630224111484
14,43534,PUT,357630224117157,357630224117447
14,43790,PUT,357630224121046,357630224121336
14,44046,PUT,357630224122910,357630224123211
14,44302,PUT,357630224125205,357630224125486
14,44558,PUT,357630224126739,357630224127070
14,44814,PUT,357630224128764,357630224129064
14,45070,PUT,357630224130708,357630224131079
14,45326,PUT,357630224131290,357630224131600
14,45582,PUT,357630224131911,357630224132302
14,45838,PUT,357630224132563,357630224132863
14,46094,PUT,357630224136442,357630224136732
14,46350,PUT,357630224137965,357630224138276
14,46606,PUT,357630224141543,357630224141904
14,46862,PUT,357630224143498,357630224143819
14,47118,PUT,357630224145142,357630224145432
14,47374,PUT,357630224145703,357630224146064
14,47630,PUT,357630224146335,357630224146675
14,47886,PUT,357630224146926,357630224147247
14,48142,PUT,357630224147437,357630224147728
14,48398,PUT,357630224148740,357630224149201
14,48654,PUT,357630224149462,357630224149873
14,48910,PUT,357630224150053,357630224150354
14,49166,PUT,357630224153802,357630224154163
14,49422,PUT,357630224155716,357630224156037
14,49678,PUT,357630224156308,357630224156578
14,49934,PUT,357630224159886,357630224160107
14,50190,PUT,357630224164417,357630224164717
14,50446,PUT,357630224164988,357630224165289
14,50702,PUT,357630224166311,357630224166612
14,50958,PUT,357630224166862,357630224167163
14,51214,PUT,357630224167414,357630224167724
14,51470,PUT,357630224169649,357630224169949
14,51726,PUT,357630224170230,357630224170521
14,51982,PUT,357630224172315,357630224172636
14,52238,PUT,357630224174730,357630224175021
14,52494,PUT,357630224175292,357630224175603
14,52750,PUT,357630224175883,357630224176174
14,53006,PUT,357630224176354,357630224176675
14,53262,PUT,357630224178269,357630224178559
14,53518,PUT,357630224178830,357630224179121
14,53774,PUT,357630224181065,357630224181376
14,54030,PUT,357630224207667,357630224208138
14,54286,PUT,357630224210774,357630224211175
14,54542,PUT,357630224213972,357630224214262
14,54798,PUT,357630224215184,357630224215475
14,55054,PUT,357630224226080,357630224226491
14,55310,PUT,357630224227643,357630224227934
14,55566,PUT,357630224229558,357630224229879
14,55822,PUT,357630224232535,357630224232825
14,56078,PUT,357630224233096,357630224233427
14,56334,PUT,357630224234700,357630224235010
14,56590,PUT,357630224235281,357630224235622
14,56846,PUT,357630224238980,357630224239280
14,57102,PUT,357630224239551,357630224239922
14,57358,PUT,357630224241646,357630224241937
14,57614,PUT,357630224245144,357630224245445
14,57870,PUT,357630224245705,357630224245996
14,58126,PUT,357630224246277,357630224246567
14,58382,PUT,357630224246828,357630224247179
14,58638,PUT,357630224249705,357630224250065
14,58894,PUT,357630224250316,357630224250617
14,59150,PUT,357630224250877,357630224251168
14,59406,PUT,357630224257894,357630224258194
14,59662,PUT,357630224260149,357630224260440
14,59918,PUT,357630224266574,357630224266875
14,60174,PUT,357630224268639,357630224268929
14,60430,PUT,357630224270172,357630224270463
14,60686,PUT,357630224270733,357630224271054
14,60942,PUT,357630224271335,357630224271626
14,61198,PUT,357630224271886,357630224272177
14,61454,PUT,357630224274121,357630224274412
14,61710,PUT,357630224278592,357630224278973
14,61966,PUT,357630224279243,357630224279574
14,62222,PUT,357630224280877,357630224281178
14,62478,PUT,357630224281438,357630224281729
14,62734,PUT,357630224281990,357630224282290
14,62990,PUT,357630224282551,357630224282852
14,63246,PUT,357630224283112,357630224283463
14,63502,PUT,357630224283724,357630224284024
14,63758,PUT,357630224286731,357630224287091
14,64014,PUT,357630224288234,357630224288535
14,64270,PUT,357630224290570,357630224290870
14,64526,PUT,357630224291141,357630224291432
14,64782,PUT,357630224291712,357630224292003
14,65038,PUT,357630224296543,357630224296974
14,65294,PUT,357630224297917,357630224298207
14,65550,PUT,357630224298488,357630224298779
14,65806,PUT,357630224305123,357630224305534
14,66062,PUT,357630224305805,357630224306106
14,66318,PUT,357630224306356,357630224306787
14,66574,PUT,357630224309694,357630224309985
14,66830,PUT,357630224310255,357630224310556
14,67086,PUT,357630224310817,357630224311107
14,67342,PUT,357630224311368,357630224311659
14,67598,PUT,357630224312881,357630224313172
14,67854,PUT,357630224316309,357630224316530
14,68110,PUT,357630224320810,357630224321110
14,68366,PUT,357630224324939,357630224325270
14,68622,PUT,357630224325541,357630224325962
14,68878,PUT,357630224339664,357630224340225
14,69134,PUT,357630224340676,357630224340896
14,69390,PUT,357630224341137,357630224341498
14,69646,PUT,357630224341778,357630224342340
14,69902,PUT,357630224343422,357630224343763
14,70158,PUT,357630224344926,357630224345216
14,70414,PUT,357630224345487,357630224345808
14,70670,PUT,357630224346058,357630224346419
14,70926,PUT,357630224350439,357630224350729
14,71182,PUT,357630224352072,357630224352373
14,71438,PUT,357630224354989,357630224355300
14,71694,PUT,357630224355571,357630224355911
14,71950,PUT,357630224356182,357630224356523
14,72206,PUT,357630224359830,357630224360051
14,72462,PUT,357630224360251,357630224360592
14,72718,PUT,357630224363749,357630224364090
14,72974,PUT,357630224369423,357630224369713
14,73230,PUT,357630224369984,357630224370275
14,73486,PUT,357630224371658,357630224371949
14,73742,PUT,357630224376459,357630224376750
14,73998,PUT,357630224380228,357630224380589
14,74254,PUT,357630224384287,357630224384578
14,74510,PUT,357630224385861,357630224386202
14,74766,PUT,357630224390842,357630224391133
14,75022,PUT,357630224393428,357630224393649
14,75278,PUT,357630224393849,357630224394140
14,75534,PUT,357630224395363,357630224395664
14,75790,PUT,357630224395934,357630224396265
14,76046,PUT,357630224396526,357630224396816
14,76302,PUT,357630224398200,357630224398550
14,76558,PUT,357630224400445,357630224400745
14,76814,PUT,357630224403532,357630224403853
14,77070,PUT,357630224404123,357630224404414
14,77326,PUT,357630224405897,357630224406278
14,77582,PUT,357630224406559,357630224406850
14,77838,PUT,357630224407120,357630224407421
14,78094,PUT,357630224410037,357630224410338
14,78350,PUT,357630224410608,357630224410979
14,78606,PUT,357630224413014,357630224413315
14,78862,PUT,357630224424190,357630224424501
14,79118,PUT,357630224426826,357630224427117
14,79374,PUT,357630224429432,357630224429723
14,79630,PUT,357630224429993,357630224430294
14,79886,PUT,357630224430545,357630224430835
14,80142,PUT,357630224431086,357630224431437
14,80398,PUT,357630224431697,357630224431988
14,80654,PUT,357630224432249,357630224432589
14,80910,PUT,357630224436559,357630224436849
14,81166,PUT,357630224440548,357630224440839
14,81422,PUT,357630224441781,357630224442081
14,81678,PUT,357630224442362,357630224442653
14,81934,PUT,357630224460204,357630224460755
14,82190,PUT,357630224463391,357630224463682
14,82446,PUT,357630224465576,357630224465907
14,82702,PUT,357630224466177,357630224466458
14,82958,PUT,357630224466709,357630224467009
14,83214,PUT,357630224468513,357630224468803
14,83470,PUT,357630224469064,357630224469415
14,83726,PUT,357630224485643,357630224486324
14,83982,PUT,357630224488219,357630224488519
14,84238,PUT,357630224491827,357630224492118
14,84494,PUT,357630224494423,357630224494724
14,84750,PUT,357630224497861,357630224498152
14,85006,PUT,357630224498432,357630224498943
14,85262,PUT,357630224502141,357630224502452
14,85518,PUT,357630224502722,357630224503013
14,85774,PUT,357630224503284,357630224503654
14,86030,PUT,357630224503905,357630224504296
14,86286,PUT,357630224508486,357630224508786
14,86542,PUT,357630224509047,357630224509438
14,86798,PUT,357630224509688,357630224510009
14,87054,PUT,357630224511182,357630224511463
14,87310,PUT,357630224511723,357630224512104
14,87566,PUT,357630224513457,357630224513748
14,87822,PUT,357630224514891,357630224515181
14,88078,PUT,357630224516444,357630224516665
14,88334,PUT,357630224516865,357630224517196
14,88590,PUT,357630224518399,357630224518719
14,88846,PUT,357630224519000,357630224519391
14,89102,PUT,357630224520995,357630224521315
14,89358,PUT,357630224522749,357630224523039
14,89614,PUT,357630224523330,357630224523691
14,89870,PUT,357630224528713,357630224529073
14,90126,PUT,357630224529344,357630224529645
14,90382,PUT,357630224529895,357630224530196
14,90638,PUT,357630224536150,357630224536441
14,90894,PUT,357630224538094,357630224538465
14,91150,PUT,357630224538736,357630224539057
14,91406,PUT,357630224539307,357630224539598
14,91662,PUT,357630224540811,357630224541131
14,91918,PUT,357630224541382,357630224541683
14,92174,PUT,357630224548599,357630224548960
14,92430,PUT,357630224550664,357630224550954
14,92686,PUT,357630224552618,357630224552939
14,92942,PUT,357630224555114,357630224555425
14,93198,PUT,357630224558241,357630224558572
14,93454,PUT,357630224559825,357630224560126
14,93710,PUT,357630224564285,357630224564576
14,93966,PUT,357630224566380,357630224566671
14,94222,PUT,357630224570369,357630224570660
14,94478,PUT,357630224570941,357630224571312
14,94734,PUT,357630224573076,357630224573376
14,94990,PUT,357630224573647,357630224573938
14,95246,PUT,357630224575181,357630224575491
14,95502,PUT,357630224575772,357630224576363
14,95758,PUT,357630224576614,357630224576925
14,96014,PUT,357630224577175,357630224577556
14,96270,PUT,357630224577807,357630224578107
14,96526,PUT,357630224578348,357630224578699
14,96782,PUT,357630224580493,357630224580824
14,97038,PUT,357630224582668,357630224582969
14,97294,PUT,357630224584151,357630224584452
14,97550,PUT,357630224584723,357630224585074
14,97806,PUT,357630224585344,357630224585915
14,98062,PUT,357630224586176,357630224586527
14,98318,PUT,357630224588572,357630224588872
14,98574,PUT,357630224595227,357630224595658
14,98830,PUT,357630224598575,357630224598906
14,99086,PUT,357630224600078,357630224600369
14,99342,PUT,357630224603065,357630224603356
14,99598,PUT,357630224603627,357630224603927
14,99854,PUT,357630224605200,357630224605501
14,100110,PUT,357630224608769,357630224609129
14,100366,PUT,357630224611505,357630224611866
14,100622,PUT,357630224631892,357630224632323
14,100878,PUT,357630224635160,357630224635461
14,101134,PUT,357630224635741,357630224636052
14,101390,PUT,357630224637265,357630224637565
14,101646,PUT,357630224638648,357630224638878
14,101902,PUT,357630224641565,357630224641865
14,102158,PUT,357630224643339,357630224643630
14,102414,PUT,357630224645253,357630224645544
14,102670,PUT,357630224645815,357630224646115
14,102926,PUT,357630224646386,357630224646687
14,103182,PUT,357630224646937,357630224647238
14,103438,PUT,357630224650305,357630224650606
14,103694,PUT,357630224651849,357630224652139
14,103950,PUT,357630224652420,357630224652721
14,104206,PUT,357630224652991,357630224653322
14,104462,PUT,357630224659326,357630224659677
14,104718,PUT,357630224661331,357630224661621
14,104974,PUT,357630224662974,357630224663295
14,105230,PUT,357630224667776,357630224668056
14,105486,PUT,357630224674782,357630224675283
14,105742,PUT,357630224676907,357630224677258
14,105998,PUT,357630224677548,357630224677849
14,106254,PUT,357630224679443,357630224679753
14,106510,PUT,357630224682680,357630224682981
14,106766,PUT,357630224685246,357630224685537
14,107022,PUT,357630224685797,357630224686128
14,107278,PUT,357630224688173,357630224688464
14,107534,PUT,357630224690538,357630224690829
14,107790,PUT,357630224691100,357630224691400
14,108046,PUT,357630224691681,357630224691982
14,108302,PUT,357630224692232,357630224692523
14,108558,PUT,357630224694698,357630224694999
14,108814,PUT,357630224695269,357630224695570
14,109070,PUT,357630224697384,357630224697805
14,109326,PUT,357630224698086,357630224698387
14,109582,PUT,357630224698647,357630224698938
14,109838,PUT,357630224700612,357630224700913
14,110094,PUT,357630224705162,357630224705543
14,110350,PUT,357630224705834,357630224706175
14,110606,PUT,357630224713011,357630224713301
14,110862,PUT,357630224720278,357630224720568
14,111118,PUT,357630224720839,357630224721140
14,111374,PUT,357630224728136,357630224728617
14,111630,PUT,357630224733659,357630224733959
14,111886,PUT,357630224735633,357630224735934
14,112142,PUT,357630224736205,357630224736666
14,112398,PUT,357630224736936,357630224737237
14,112654,PUT,357630224742028,357630224742379
14,112910,PUT,357630224743542,357630224743872
14,113166,PUT,357630224744143,357630224744474
14,113422,PUT,357630224744734,357630224745025
14,113678,PUT,357630224745286,357630224745586
14,113934,PUT,357630224745847,357630224746148
14,114190,PUT,357630224746398,357630224746689
14,114446,PUT,357630224746949,357630224747240
14,114702,PUT,357630224749074,357630224749405
14,114958,PUT,357630224749646,357630224749946
14,115214,PUT,357630224750207,357630224750508
14,115470,PUT,357630224751340,357630224751640
14,115726,PUT,357630224751891,357630224752232
14,115982,PUT,357630224752502,357630224752953
14,116238,PUT,357630224753214,357630224753505
14,116494,PUT,357630224753775,357630224754036
14,116750,PUT,357630224762536,357630224762886
14,117006,PUT,357630224767788,357630224768419
14,117262,PUT,357630224783374,357630224783765
14,117518,PUT,357630224785068,357630224785359
14,117774,PUT,357630224785659,357630224785880
14,118030,PUT,357630224787163,357630224787574
14,118286,PUT,357630224788536,357630224788887
14,118542,PUT,357630224790130,357630224790440
14,118798,PUT,357630224792144,357630224792435
14,119054,PUT,357630224794420,357630224794771
14,119310,PUT,357630224795061,357630224795352
14,119566,PUT,357630224800404,357630224800704
14,119822,PUT,357630224800975,357630224801266
14,120078,PUT,357630224802488,357630224802779
14,120334,PUT,357630224803050,357630224803340
14,120590,PUT,357630224807881,357630224808172
14,120846,PUT,357630224810918,357630224811219
14,121102,PUT,357630224811489,357630224811800
14,121358,PUT,357630224812081,357630224812401
14,121614,PUT,357630224812672,357630224813023
14,121870,PUT,357630224813274,357630224813614
14,122126,PUT,357630224815940,357630224816260
14,122382,PUT,357630224816521,357630224816812
14,122638,PUT,357630224817072,357630224817363
14,122894,PUT,357630224817634,357630224817924
14,123150,PUT,357630224818115,357630224818405
14,123406,PUT,357630224825903,357630224826264
14,123662,PUT,357630224828639,357630224828930
14,123918,PUT,357630224832779,357630224833080
14,124174,PUT,357630224838532,357630224838823
14,124430,PUT,357630224839093,357630224839444
14,124686,PUT,357630224840547,357630224840767
14,124942,PUT,357630224841008,357630224841299
14,125198,PUT,357630224844195,357630224844546
14,125454,PUT,357630224844827,357630224845338
14,125710,PUT,357630224845609,357630224845949
14,125966,PUT,357630224846210,357630224846501
14,126222,PUT,357630224849207,357630224849498
14,126478,PUT,357630224851572,357630224851863
14,126734,PUT,357630224852134,357630224852424
14,126990,PUT,357630224852705,357630224853006
14,127246,PUT,357630224853256,357630224853547
14,127502,PUT,357630224856073,357630224856384
14,127758,PUT,357630224856664,357630224856955
14,128014,PUT,357630224859461,357630224859751
14,128270,PUT,357630224865475,357630224865775
14,128526,PUT,357630224867499,357630224867780
14,128782,PUT,357630224870486,357630224870887
14,129038,PUT,357630224874596,357630224874897
14,129294,PUT,357630224878054,357630224878345
14,129550,PUT,357630224878625,357630224878916
14,129806,PUT,357630224879106,357630224879457
14,130062,PUT,357630224882725,357630224882995
14,130318,PUT,357630224883256,357630224883637
14,130574,PUT,357630224886273,357630224886574
14,130830,PUT,357630224886834,357630224887145
14,131086,PUT,357630224887406,357630224887746
14,131342,PUT,357630224894252,357630224894683
14,131598,PUT,357630224896136,357630224896397
14,131854,PUT,357630224898171,357630224898461
14,132110,PUT,357630224900145,357630224900496
14,132366,PUT,357630224900767,357630224901067
14,132622,PUT,357630224902200,357630224902561
14,132878,PUT,357630224905518,357630224905839
14,133134,PUT,357630224906741,357630224907031
14,133390,PUT,357630224911211,357630224911512
14,133646,PUT,357630224913597,357630224914378
14,133902,PUT,357630224915892,357630224916243
14,134158,PUT,357630224937522,357630224938123
14,134414,PUT,357630224938575,357630224938955
14,134670,PUT,357630224943696,357630224943997
14,134926,PUT,357630224944268,357630224944639
14,135182,PUT,357630224944919,357630224945220
14,135438,PUT,357630224948718,357630224949029
14,135694,PUT,357630224949299,357630224949700
14,135950,PUT,357630224950893,357630224951194
14,136206,PUT,357630224952788,357630224953028
14,136462,PUT,357630224953319,357630224953619
14,136718,PUT,357630224965808,357630224966108
14,136974,PUT,357630224966379,357630224966670
14,137230,PUT,357630224966950,357630224967251
14,137486,PUT,357630224968354,357630224968664
14,137742,PUT,357630224970920,357630224971210
14,137998,PUT,357630224971491,357630224971842
14,138254,PUT,357630224972102,357630224972403
14,138510,PUT,357630224972654,357630224972954
14,138766,PUT,357630224976072,357630224976372
14,139022,PUT,357630224978587,357630224978888
14,139278,PUT,357630224979159,357630224979500
14,139534,PUT,357630224979770,357630224980071
14,139790,PUT,357630224980332,357630224980692
14,140046,PUT,357630224980953,357630224981434
14,140302,PUT,357630224981705,357630224982005
14,140558,PUT,357630224982266,357630224982557
14,140814,PUT,357630224982817,357630224983118
14,141070,PUT,357630224983379,357630224983739
14,141326,PUT,357630224984000,357630224984321
14,141582,PUT,357630224984571,357630224984872
14,141838,PUT,357630224985985,357630224986285
14,142094,PUT,357630224987608,357630224987899
14,142350,PUT,357630224988911,357630224989202
14,142606,PUT,357630224989473,357630224989773
14,142862,PUT,357630224990044,357630224990385
14,143118,PUT,357630224990635,357630224991056
14,143374,PUT,357630224992059,357630224992500
14,143630,PUT,357630224994915,357630224995206
14,143886,PUT,357630224995477,357630224995848
14,144142,PUT,357630224996108,357630224996399
14,144398,PUT,357630224996659,357630224996960
14,1039,GET,357630223870283,357630223871105
14,7183,GET,357630223896685,357630223897326
14,8719,GET,357630223898178,357630223898659
14,11023,GET,357630223899922,357630223900584
14,781,GET,357630223902989,357630223903591
14,2829,GET,357630223905455,357630223906878
14,16143,GET,357630223907029,357630223907600
14,5133,GET,357630223908322,357630223908943
14,6157,GET,357630223909074,357630223909675
14,8717,GET,357630223910377,357630223911138
14,10253,GET,357630223911269,357630223912151
14,11789,GET,357630223912291,357630223913053
14,14605,GET,357630223913754,357630223914436
14,16397,GET,357630223914566,357630223915649
14,3332,GET,357630223916992,357630223917523
14,4868,GET,357630223917653,357630223918104
14,9220,GET,357630223919327,357630223920540
14,12292,GET,357630223920680,357630223922004
14,2053,GET,357630223923978,357630223925472
14,4869,GET,357630223926223,357630223927166
14,7429,GET,357630223927326,357630223928388
14,9989,GET,357630223928529,357630223929802
14,12037,GET,357630223929942,357630223930453
14,771,GET,357630223932297,357630223933340
14,6403,GET,357630223934623,357630223935745
14,11011,GET,357630223936988,357630223938241
14,2818,GET,357630223938392,357630223940306
14,14851,GET,357630223941028,357630223941649
14,12546,GET,357630223945608,357630223946270
14,1032,GET,357630223947653,357630223948595
14,4104,GET,357630223949287,357630223950319
14,7944,GET,357630223951602,357630223952164
14,10504,GET,357630223952865,357630223953747
14,1033,GET,357630223955000,357630223957085
14,6921,GET,357630223957245,357630223960112
14,8969,GET,357630223960262,357630223961154
14,12553,GET,357630223962437,357630223962858
14,15369,GET,357630223963560,357630223964202
14,4102,GET,357630223964883,357630223966938
14,6150,GET,357630223967088,357630223967730
14,9222,GET,357630223967880,357630223969394
14,11782,GET,357630223969524,357630223970586
14,4362,GET,357630223973162,357630223974746
14,7434,GET,357630223975458,357630223976109
14,12042,GET,357630223976701,357630223978455
14,1294,GET,357630223978996,357630223981422
14,5646,GET,357630223982103,357630223983156
14,10510,GET,357630223985060,357630223985962
14,13326,GET,357630223986112,357630223987285
14,1804,GET,357630223987997,357630223989711
14,8204,GET,357630223990964,357630223992628
14,10753,GET,357630224023529,357630224024171
14,14337,GET,357630224024953,357630224025955
14,1291,GET,357630224026687,357630224027849
14,2315,GET,357630224028000,357630224028641
14,4875,GET,357630224028792,357630224030034
14,8203,GET,357630224030165,357630224031688
14,12555,GET,357630224031829,357630224033753
14,16395,GET,357630224034605,357630224035627
14,4615,GET,357630224035768,357630224038244
14,7431,GET,357630224038374,357630224039486
14,9735,GET,357630224040188,357630224041120
14,14343,GET,357630224042493,357630224043476
14,768,GET,357630224043626,357630224044729
14,7424,GET,357630224064545,357630224064895
14,8704,GET,357630224066218,357630224066750
14,9728,GET,357630224066900,357630224067461
14,11008,GET,357630224067612,357630224068133
14,12032,GET,357630224068263,357630224068995
14,14592,GET,357630224069697,357630224070378
14,16897,GET,357630224072553,357630224073395
14,17166,GET,357630224075340,357630224076482
14,18446,GET,357630224077916,357630224079068
14,18447,GET,357630224080923,357630224082095
14,19718,GET,357630224082246,357630224082747
14,19969,GET,357630224082897,357630224083599
14,18953,GET,357630224083729,357630224084491
14,17156,GET,357630224084621,357630224086355
14,18179,GET,357630224087277,357630224088009
14,18180,GET,357630224088149,357630224089954
14,22530,GET,357630224090665,357630224092590
14,16647,GET,357630224093281,357630224094203
14,21774,GET,357630224097762,357630224098874
14,23055,GET,357630224102112,357630224103625
14,23809,GET,357630224103776,357630224105239
14,22021,GET,357630224108627,357630224111033
14,20235,GET,357630224111754,357630224113538
14,25089,GET,357630224113689,357630224114471
14,22537,GET,357630224114621,357630224115172
14,24591,GET,357630224115302,357630224117006
14,21764,GET,357630224117628,357630224119713
14,25606,GET,357630224119843,357630224120885
14,26882,GET,357630224121617,357630224122760
14,27150,GET,357630224123471,357630224125075
14,22023,GET,357630224125747,357630224126609
14,27662,GET,357630224127320,357630224128633
14,27906,GET,357630224129315,357630224130578
14,22538,GET,357630224133154,357630224134808
14,24073,GET,357630224134958,357630224136301
14,24585,GET,357630224137003,357630224137825
14,18944,GET,357630224138536,357630224139609
14,30209,GET,357630224139759,357630224140371
14,24583,GET,357630224140521,357630224141393
14,24330,GET,357630224142165,357630224143348
14,29189,GET,357630224144069,357630224145001
14,19968,GET,357630224147998,357630224148600
14,21768,GET,357630224150625,357630224152238
14,29455,GET,357630224152389,357630224153672
14,27396,GET,357630224154433,357630224155576
14,27908,GET,357630224156839,357630224157651
14,25863,GET,357630224157801,357630224158613
14,31500,GET,357630224158773,357630224159736
14,26631,GET,357630224160347,357630224161039
14,27658,GET,357630224161169,357630224162141
14,27145,GET,357630224162272,357630224162973
14,27401,GET,357630224163103,357630224164266
14,31503,GET,357630224165559,357630224166151
14,33282,GET,357630224167995,357630224168727
14,32517,GET,357630224168877,357630224169518
14,19213,GET,357630224170791,357630224172185
14,34050,GET,357630224172816,357630224173257
14,30218,GET,357630224173407,357630224174590
14,29703,GET,357630224176946,357630224178138
14,29961,GET,357630224179391,357630224180925
14,31754,GET,357630224181647,357630224182228
14,24584,GET,357630224182378,357630224185225
14,32009,GET,357630224185375,357630224186007
14,32527,GET,357630224186137,357630224186738
14,29443,GET,357630224193584,357630224193925
14,30723,GET,357630224208519,357630224209411
14,30208,GET,357630224209591,357630224210594
14,23053,GET,357630224211446,357630224212258
14,33030,GET,357630224212398,357630224213821
14,23565,GET,357630224214523,357630224215034
14,37634,GET,357630224216858,357630224217370
14,34575,GET,357630224217530,357630224219234
14,24077,GET,357630224219364,357630224220076
14,33546,GET,357630224220206,357630224221569
14,33803,GET,357630224221710,357630224222481
14,34315,GET,357630224222622,357630224223895
14,31744,GET,357630224224025,357630224225027
14,27656,GET,357630224225158,357630224225929
14,35078,GET,357630224226741,357630224227493
14,36361,GET,357630224228185,357630224229418
14,34820,GET,357630224230129,357630224231392
14,36367,GET,357630224231542,357630224232404
14,40450,GET,357630224233717,357630224234559
14,37641,GET,357630224235883,357630224236634
14,41218,GET,357630224236785,357630224237336
14,35333,GET,357630224237486,357630224238829
14,38921,GET,357630224240172,357630224241516
14,26637,GET,357630224242207,357630224243931
14,38414,GET,357630224244082,357630224245014
14,38151,GET,357630224247449,357630224248542
14,33539,GET,357630224248692,357630224249554
14,38150,GET,357630224251439,357630224252782
14,33795,GET,357630224252932,357630224254185
14,37381,GET,357630224254325,357630224255017
14,36875,GET,357630224255147,357630224257733
14,37387,GET,357630224258465,357630224259137
14,40460,GET,357630224259267,357630224259999
14,39940,GET,357630224260710,357630224261672
14,34563,GET,357630224261803,357630224263286
14,43022,GET,357630224263416,357630224264178
14,41484,GET,357630224264309,357630224266423
14,41996,GET,357630224267135,357630224268488
14,40709,GET,357630224269190,357630224270042
14,47362,GET,357630224272447,357630224273099
14,39690,GET,357630224273249,357630224273981
14,40458,GET,357630224274673,357630224276236
14,39430,GET,357630224276387,357630224277619
14,44302,GET,357630224277770,357630224278441
14,34056,GET,357630224279845,357630224280727
14,40966,GET,357630224284305,357630224285047
14,41226,GET,357630224285197,357630224286590
14,35080,GET,357630224287342,357630224288104
14,48385,GET,357630224288785,357630224290429
14,35848,GET,357630224292284,357630224293206
14,49153,GET,357630224293356,357630224293777
14,38147,GET,357630224293927,357630224295321
14,49921,GET,357630224295461,357630224296393
14,42246,GET,357630224297255,357630224297766
14,47876,GET,357630224307068,357630224308090
14,40195,GET,357630224308281,357630224309564
14,43530,GET,357630224311929,357630224312751
14,54018,GET,357630224313443,357630224314866
14,37128,GET,357630224315016,357630224316179
14,48399,GET,357630224316760,357630224318174
14,48911,GET,357630224318324,357630224319737
14,49167,GET,357630224319888,357630224320659
14,37640,GET,357630224321371,357630224322834
14,49423,GET,357630224322965,357630224323476
14,50190,GET,357630224323616,357630224324789
14,45830,GET,357630224342640,357630224343242
14,46342,GET,357630224344034,357630224344785
14,50444,GET,357630224346700,357630224347482
14,39688,GET,357630224347632,357630224348404
14,40456,GET,357630224348544,357630224350288
14,56834,GET,357630224350990,357630224351922
14,53774,GET,357630224352624,357630224354859
14,49413,GET,357630224356793,357630224358257
14,50951,GET,357630224358407,357630224359700
14,48906,GET,357630224360843,357630224362126
14,44800,GET,357630224362276,357630224363609
14,39181,GET,357630224364341,357630224365884
14,52487,GET,357630224366035,357630224366767
14,53516,GET,357630224366917,357630224369272
14,53259,GET,357630224370545,357630224371508
14,59905,GET,357630224372219,357630224373151
14,54540,GET,357630224373302,357630224374404
14,51206,GET,357630224374535,357630224376309
14,40973,GET,357630224377000,357630224377451
14,53513,GET,357630224377582,357630224379185
14,45568,GET,357630224379316,357630224380077
14,43528,GET,357630224380849,357630224381641
14,44040,GET,357630224381781,357630224382744
14,44552,GET,357630224382874,357630224384127
14,46339,GET,357630224384828,357630224385711
14,51983,GET,357630224386462,357630224388447
14,45576,GET,357630224388597,357630224389850
14,42509,GET,357630224389980,357630224390692
14,46344,GET,357630224391394,357630224392266
14,46600,GET,357630224392396,357630224393278
14,64769,GET,357630224394411,357630224395213
14,43789,GET,357630224397087,357630224398069
14,57868,GET,357630224398821,357630224399452
14,48643,GET,357630224399603,357630224400314
14,44301,GET,357630224401006,357630224403402
14,56326,GET,357630224404665,357630224405757
14,49411,GET,357630224407692,357630224409105
14,59404,GET,357630224409255,357630224409907
14,57606,GET,357630224411250,357630224411871
14,56841,GET,357630224412022,357630224412884
14,46605,GET,357630224413555,357630224414357
14,59662,GET,357630224414507,357630224416342
14,63490,GET,357630224416492,357630224418106
14,51203,GET,357630224418236,357630224419659
14,51715,GET,357630224419800,357630224420371
14,58885,GET,357630224420501,357630224421995
14,60167,GET,357630224422125,357630224424040
14,56586,GET,357630224424761,357630224425493
14,58635,GET,357630224425623,357630224426666
14,64770,GET,357630224427367,357630224429272
14,65026,GET,357630224432860,357630224433532
14,61959,GET,357630224433682,357630224434343
14,60681,GET,357630224434494,357630224435195
14,61193,GET,357630224435336,357630224436408
14,58639,GET,357630224437120,357630224437791
14,62727,GET,357630224437922,357630224440398
14,63239,GET,357630224441099,357630224441630
14,56064,GET,357630224442933,357630224444076
14,50952,GET,357630224444226,357630224445860
14,62988,GET,357630224445991,357630224446822
14,61195,GET,357630224446953,357630224448546
14,61963,GET,357630224448677,357630224450902
14,64780,GET,357630224451042,357630224451924
14,63497,GET,357630224457607,357630224458520
14,65541,GET,357630224458660,357630224460003
14,67076,GET,357630224461066,357630224462198
14,65286,GET,357630224462328,357630224463241
14,64777,GET,357630224463932,357630224464594
14,59392,GET,357630224464734,357630224465426
14,61967,GET,357630224467290,357630224468372
14,62479,GET,357630224469686,357630224470447
14,66316,GET,357630224470598,357630224471299
14,65545,GET,357630224486745,357630224487347
14,66565,GET,357630224487537,357630224488068
14,74497,GET,357630224488820,357630224489682
14,74753,GET,357630224489832,357630224490865
14,68866,GET,357630224490995,357630224491677
14,56584,GET,357630224492378,357630224493110
14,57096,GET,357630224493250,357630224494273
14,63754,GET,357630224494984,357630224496067
14,68102,GET,357630224496207,357630224497711
14,68108,GET,357630224499204,357630224500257
14,58120,GET,357630224500407,357630224501239
14,58376,GET,357630224501369,357630224501991
14,65034,GET,357630224504567,357630224505609
14,53261,GET,357630224505759,357630224506722
14,54029,GET,357630224506852,357630224508335
14,70150,GET,357630224510290,357630224511032
14,65802,GET,357630224512385,357630224513327
14,71430,GET,357630224514029,357630224514760
14,66314,GET,357630224515442,357630224516304
14,71942,GET,357630224517456,357630224518258
14,69644,GET,357630224519652,357630224520864
14,70149,GET,357630224521566,357630224522608
14,70153,GET,357630224523942,357630224525776
14,73730,GET,357630224525926,357630224526628
14,64512,GET,357630224526778,357630224527630
14,71940,GET,357630224527760,357630224528562
14,74247,GET,357630224530477,357630224531369
14,56589,GET,357630224531519,357630224532141
14,80129,GET,357630224532281,357630224534055
14,62472,GET,357630224534195,357630224534947
14,67599,GET,357630224535077,357630224536000
14,69898,GET,357630224536731,357630224537353
14,71947,GET,357630224537483,357630224537944
14,74510,GET,357630224539879,357630224540670
14,74500,GET,357630224541953,357630224543898
14,75527,GET,357630224544048,357630224544519
14,81665,GET,357630224544650,357630224546845
14,75532,GET,357630224546985,357630224548448
14,73995,GET,357630224549210,357630224550513
14,77319,GET,357630224551215,357630224552488
14,74507,GET,357630224553189,357630224553811
14,70159,GET,357630224553961,357630224554974
14,64264,GET,357630224555685,357630224556477
14,77058,GET,357630224556627,357630224558111
14,77070,GET,357630224558823,357630224559695
14,77326,GET,357630224560376,357630224561228
14,75529,GET,357630224561378,357630224562932
14,76043,GET,357630224563082,357630224564135
14,77061,GET,357630224564837,357630224566220
14,61197,GET,357630224566921,357630224568525
14,78082,GET,357630224568675,357630224570219
14,77828,GET,357630224571592,357630224572945
14,72463,GET,357630224574208,357630224575040
14,80642,GET,357630224578989,357630224580363
14,77578,GET,357630224581104,357630224582538
14,79365,GET,357630224583219,357630224584011
14,82695,GET,357630224586798,357630224588441
14,80393,GET,357630224595959,357630224597332
14,82443,GET,357630224597522,357630224598435
14,73219,GET,357630224599317,357630224599948
14,83463,GET,357630224600630,357630224601662
14,80900,GET,357630224601812,357630224602925
14,80901,GET,357630224604178,357630224605070
14,83714,GET,357630224605772,357630224607105
14,80646,GET,357630224607255,357630224607907
14,81674,GET,357630224608057,357630224608618
14,84743,GET,357630224609390,357630224610372
14,87052,GET,357630224610513,357630224611355
14,74511,GET,357630224612116,357630224612628
14,81414,GET,357630224612758,357630224613650
14,85513,GET,357630224613780,357630224614291
14,76047,GET,357630224632704,357630224633857
14,84235,GET,357630224634037,357630224634979
14,83204,GET,357630224636313,357630224637124
14,83972,GET,357630224637816,357630224638518
14,82693,GET,357630224640362,357630224641434
14,88844,GET,357630224642126,357630224643199
14,87554,GET,357630224643880,357630224645113
14,74504,GET,357630224647509,357630224648110
14,75016,GET,357630224648260,357630224650155
14,85509,GET,357630224650876,357630224651718
14,92673,GET,357630224653593,357630224654976
14,86020,GET,357630224655126,357630224656780
14,90636,GET,357630224656930,357630224657542
14,90375,GET,357630224657682,357630224659176
14,83974,GET,357630224659937,357630224661180
14,84486,GET,357630224661882,357630224662844
14,80143,GET,357630224663546,357630224664187
14,91911,GET,357630224664338,357630224666212
14,92423,GET,357630224666362,357630224667615
14,87818,GET,357630224668307,357630224668918
14,72205,GET,357630224669059,357630224672015
14,77576,GET,357630224672156,357630224674632
14,88325,GET,357630224675534,357630224676756
14,96001,GET,357630224678110,357630224679312
14,87046,GET,357630224680014,357630224680726
14,90121,GET,357630224680876,357630224681538
14,96257,GET,357630224681688,357630224682530
14,92418,GET,357630224683242,357630224684184
14,79880,GET,357630224684314,357630224685086
14,89355,GET,357630224686419,357630224688023
14,88582,GET,357630224688734,357630224690408
14,90379,GET,357630224692794,357630224693285
14,90628,GET,357630224693435,357630224694558
14,97537,GET,357630224695841,357630224697254
14,83971,GET,357630224699209,357630224700482
14,90118,GET,357630224701183,357630224701875
14,76557,GET,357630224702025,357630224703007
14,83456,GET,357630224703158,357630224705012
14,91142,GET,357630224706425,357630224707428
14,77837,GET,357630224707578,357630224709272
14,93454,GET,357630224709402,357630224712860
14,98828,GET,357630224713562,357630224714855
14,87055,GET,357630224714995,357630224715446
14,85504,GET,357630224715577,357630224716389
14,99340,GET,357630224716529,357630224717321
14,93706,GET,357630224717461,357630224719145
14,79885,GET,357630224719275,357630224720127
14,87823,GET,357630224721390,357630224722152
14,93963,GET,357630224728928,357630224730261
14,101121,GET,357630224730401,357630224731153
14,96522,GET,357630224731283,357630224733508
14,89603,GET,357630224734210,357630224735483
14,96516,GET,357630224737528,357630224739763
14,103431,GET,357630224739913,357630224741878
14,90639,GET,357630224742639,357630224743391
14,89344,GET,357630224747511,357630224748934
14,99333,GET,357630224750778,357630224751199
14,104711,GET,357630224754317,357630224755449
14,96518,GET,357630224755600,357630224756502
14,98564,GET,357630224756652,357630224757334
14,104449,GET,357630224757464,357630224759479
14,92931,GET,357630224759609,357630224760381
14,85773,GET,357630224760511,357630224761243
14,100110,GET,357630224761383,357630224762385
14,92687,GET,357630224763147,357630224764330
14,100612,GET,357630224766565,357630224767638
14,97798,GET,357630224784116,357630224784406
14,99083,GET,357630224784577,357630224784898
14,100622,GET,357630224786070,357630224786652
14,109068,GET,357630224786802,357630224787013
14,105217,GET,357630224787834,357630224788396
14,93696,GET,357630224789067,357630224789348
14,99337,GET,357630224789498,357630224789999
14,99593,GET,357630224790701,357630224792014
14,105729,GET,357630224792696,357630224793327
14,99334,GET,357630224793478,357630224794279
14,101892,GET,357630224795602,357630224796464
14,99590,GET,357630224796615,357630224797968
14,102660,GET,357630224798118,357630224799371
14,102916,GET,357630224799512,357630224800253
14,102153,GET,357630224801526,357630224802338
14,97539,GET,357630224803601,357630224804303
14,103428,GET,357630224804453,357630224805786
14,103429,GET,357630224805936,357630224807731
14,104196,GET,357630224808432,357630224810768
14,112396,GET,357630224813885,357630224814486
14,102411,GET,357630224814637,357630224815789
14,90120,GET,357630224818666,357630224819708
14,105482,GET,357630224819859,357630224821553
14,104713,GET,357630224821683,357630224823517
14,98560,GET,357630224823648,357630224824630
14,105225,GET,357630224824770,357630224825742
14,87309,GET,357630224826444,357630224827306
14,100611,GET,357630224827436,357630224828489
14,111361,GET,357630224829110,357630224829802
14,112129,GET,357630224829932,357630224831345
14,108548,GET,357630224831476,357630224832628
14,105993,GET,357630224833350,357630224834713
14,112641,GET,357630224834844,357630224836858
14,107022,GET,357630224836989,357630224838382
14,113409,GET,357630224839715,357630224840397
14,107534,GET,357630224841499,357630224842682
14,110084,GET,357630224842832,357630224844055
14,117772,GET,357630224846771,357630224849077
14,109577,GET,357630224849768,357630224850781
14,90637,GET,357630224850931,357630224851432
14,111876,GET,357630224853828,357630224854690
14,114690,GET,357630224854840,357630224855943
14,115201,GET,357630224857236,357630224858188
14,108043,GET,357630224858338,357630224859320
14,115713,GET,357630224860002,357630224861155
14,96520,GET,357630224861305,357630224862498
14,110606,GET,357630224862648,357630224863119
14,114948,GET,357630224863260,357630224865324
14,111114,GET,357630224866026,357630224867339
14,117506,GET,357630224868041,357630224870356
14,109323,GET,357630224871148,357630224872100
14,119047,GET,357630224872250,357630224873443
14,111374,GET,357630224873594,357630224874446
14,93453,GET,357630224875157,357630224876921
14,118786,GET,357630224877052,357630224877904
14,93709,GET,357630224879768,357630224881191
14,104192,GET,357630224881342,357630224882574
14,112654,GET,357630224883918,357630224886143
14,111366,GET,357630224894983,357630224895946
14,104975,GET,357630224896667,357630224898030
14,124428,GET,357630224898712,357630224900015
14,116489,GET,357630224901318,357630224902060
14,122887,GET,357630224902832,357630224904255
14,122882,GET,357630224904405,357630224905387
14,118785,GET,357630224906089,357630224906600
14,106752,GET,357630224907282,357630224908114
14,119553,GET,357630224908264,357630224909216
14,101640,GET,357630224909367,357630224911061
14,117262,GET,357630224912915,357630224913466
14,114949,GET,357630224914619,357630224915762
14,121345,GET,357630224916503,357630224917516
14,108544,GET,357630224939206,357630224939597
14,118793,GET,357630224939797,357630224940900
14,109056,GET,357630224941050,357630224942444
14,123906,GET,357630224942574,357630224943546
14,117763,GET,357630224945481,357630224946333
14,119305,GET,357630224946463,357630224947706
14,118275,GET,357630224947846,357630224948568
14,120330,GET,357630224949981,357630224950743
14,124930,GET,357630224951464,357630224952647
14,119555,GET,357630224953890,357630224955043
14,129031,GET,357630224955193,357630224956306
14,130055,GET,357630224956446,357630224958822
14,117765,GET,357630224958952,357630224959784
14,124164,GET,357630224959914,357630224961859
14,129036,GET,357630224961989,357630224962801
14,129292,GET,357630224962941,357630224964505
14,119051,GET,357630224964645,357630224965657
14,122378,GET,357630224967522,357630224968213
14,116998,GET,357630224968935,357630224969877
14,114191,GET,357630224970028,357630224970769
14,132359,GET,357630224973225,357630224974528
14,111616,GET,357630224974678,357630224975921
14,115727,GET,357630224976743,357630224977776
14,123658,GET,357630224977906,357630224978437
14,125194,GET,357630224985133,357630224985844
14,132364,GET,357630224986556,357630224987468
14,124169,GET,357630224988160,357630224988771
14,124425,GET,357630224991327,357630224991918
14,126478,GET,357630224992770,357630224993502
14,134919,GET,357630224993652,357630224994765
14,124681,GET,357630224997221,357630224998053
15,271,PUT,357630223144638,357630223145761
15,527,PUT,357630223146312,357630223146532
15,783,PUT,357630223146743,357630223146943
15,1039,PUT,357630223147084,357630223147284
15,1295,PUT,357630223147425,357630223147625
15,1551,PUT,357630223147765,357630223147966
15,1807,PUT,357630223148106,357630223148307
15,2063,PUT,357630223148597,357630223148798
15,2319,PUT,357630223148938,357630223149139
15,2575,PUT,357630223149279,357630223149479
15,2831,PUT,357630223149620,357630223149820
15,3087,PUT,357630223149960,357630223150161
15,3343,PUT,357630223150301,357630223150502
15,3599,PUT,357630223150642,357630223150843
15,3855,PUT,357630223150983,357630223151183
15,4111,PUT,357630223151474,357630223151664
15,4367,PUT,357630223151815,357630223152005
15,4623,PUT,357630223152156,357630223152346
15,4879,PUT,357630223152496,357630223152687
15,5135,PUT,357630223152837,357630223153028
15,5391,PUT,357630223153178,357630223153368
15,5647,PUT,357630223153519,357630223153709
15,5903,PUT,357630223153860,357630223154050
15,6159,PUT,357630223154351,357630223154541
15,6415,PUT,357630223154691,357630223154882
15,6671,PUT,357630223155032,357630223155223
15,6927,PUT,357630223155373,357630223155563
15,7183,PUT,357630223155714,357630223155904
15,7439,PUT,357630223156055,357630223156245
15,7695,PUT,357630223156395,357630223156586
15,7951,PUT,357630223156736,357630223156927
15,8207,PUT,357630223157217,357630223157418
15,8463,PUT,357630223157558,357630223157759
15,8719,PUT,357630223157899,357630223158099
15,8975,PUT,357630223158240,357630223158440
15,9231,PUT,357630223158580,357630223158781
15,9487,PUT,357630223158921,357630223159132
15,9743,PUT,357630223159272,357630223159473
15,9999,PUT,357630223159613,357630223159813
15,10255,PUT,357630223160104,357630223160304
15,10511,PUT,357630223160445,357630223160645
15,10767,PUT,357630223160786,357630223160986
15,11023,PUT,357630223161126,357630223161327
15,11279,PUT,357630223161467,357630223161668
15,11535,PUT,357630223161808,357630223162008
15,11791,PUT,357630223162149,357630223162399
15,12047,PUT,357630223162550,357630223162740
15,12303,PUT,357630223163031,357630223163231
15,12559,PUT,357630223163372,357630223163572
15,12815,PUT,357630223163712,357630223164013
15,13071,PUT,357630223164153,357630223164394
15,13327,PUT,357630223164655,357630223164955
15,13583,PUT,357630223165196,357630223165537
15,13839,PUT,357630223165817,357630223166118
15,14095,PUT,357630223166369,357630223166669
15,14351,PUT,357630223166910,357630223167211
15,14607,PUT,357630223167451,357630223167752
15,14863,PUT,357630223168042,357630223168343
15,15119,PUT,357630223168594,357630223168884
15,15375,PUT,357630223169135,357630223169436
15,15631,PUT,357630223169686,357630223169987
15,15887,PUT,357630223170268,357630223170578
15,16143,PUT,357630223170819,357630223171120
15,16399,PUT,357630223171360,357630223171661
15,16655,PUT,357630223895342,357630223896103
15,16911,PUT,357630223900253,357630223900604
15,17167,PUT,357630223902438,357630223902749
15,17423,PUT,357630223904583,357630223904804
15,17679,PUT,357630223905084,357630223905315
15,17935,PUT,357630223905505,357630223905846
15,18191,PUT,357630223906137,357630223906327
15,18447,PUT,357630223906488,357630223906778
15,18703,PUT,357630223907039,357630223907329
15,18959,PUT,357630223909124,357630223909464
15,19215,PUT,357630223911319,357630223911619
15,19471,PUT,357630223912552,357630223912842
15,19727,PUT,357630223913113,357630223913464
15,19983,PUT,357630223914536,357630223914827
15,20239,PUT,357630223916050,357630223916411
15,20495,PUT,357630223916681,357630223917052
15,20751,PUT,357630223918104,357630223918455
15,21007,PUT,357630223918736,357630223919027
15,21263,PUT,357630223923146,357630223923437
15,21519,PUT,357630223923718,357630223924008
15,21775,PUT,357630223924259,357630223924549
15,22031,PUT,357630223924810,357630223925111
15,22287,PUT,357630223925361,357630223925702
15,22543,PUT,357630223925963,357630223926283
15,22799,PUT,357630223926544,357630223926835
15,23055,PUT,357630223927085,357630223927446
15,23311,PUT,357630223930634,357630223930934
15,23567,PUT,357630223931205,357630223931496
15,23823,PUT,357630223932899,357630223933179
15,24079,PUT,357630223933430,357630223933721
15,24335,PUT,357630223940436,357630223940727
15,24591,PUT,357630223941759,357630223942060
15,24847,PUT,357630223943924,357630223944215
15,25103,PUT,357630223951572,357630223952053
15,25359,PUT,357630223953858,357630223954148
15,25615,PUT,357630223954419,357630223954709
15,25871,PUT,357630223954970,357630223955301
15,26127,PUT,357630223955561,357630223955852
15,26383,PUT,357630223956113,357630223956403
15,26639,PUT,357630223956664,357630223957085
15,26895,PUT,357630223957356,357630223957696
15,27151,PUT,357630223957957,357630223958318
15,27407,PUT,357630223958599,357630223958889
15,27663,PUT,357630223960393,357630223960733
15,27919,PUT,357630223967700,357630223967990
15,28175,PUT,357630223970767,357630223971118
15,28431,PUT,357630223971388,357630223971709
15,28687,PUT,357630223972922,357630223973313
15,28943,PUT,357630223976109,357630223976410
15,29199,PUT,357630223976681,357630223976971
15,29455,PUT,357630223977242,357630223977533
15,29711,PUT,357630223977783,357630223978074
15,29967,PUT,357630223978324,357630223978615
15,30223,PUT,357630223978876,357630223979226
15,30479,PUT,357630223983276,357630223983567
15,30735,PUT,357630223983817,357630223984158
15,30991,PUT,357630223985431,357630223985722
15,31247,PUT,357630223987385,357630223987686
15,31503,PUT,357630223987977,357630223988267
15,31759,PUT,357630223992748,357630223993039
15,32015,PUT,357630223993309,357630223993600
15,32271,PUT,357630223995975,357630223996266
15,32527,PUT,357630224028531,357630224028952
15,32783,PUT,357630224030215,357630224030546
15,33039,PUT,357630224043997,357630224044368
15,33295,PUT,357630224046332,357630224060495
15,33551,PUT,357630224060916,357630224061147
15,33807,PUT,357630224061317,357630224061518
15,34063,PUT,357630224061688,357630224061888
15,34319,PUT,357630224063222,357630224063512
15,34575,PUT,357630224065717,357630224065998
15,34831,PUT,357630224066269,357630224066559
15,35087,PUT,357630224067582,357630224067872
15,35343,PUT,357630224068153,357630224068524
15,35599,PUT,357630224069526,357630224069907
15,35855,PUT,357630224075159,357630224075460
15,36111,PUT,357630224077815,357630224078106
15,36367,PUT,357630224078387,357630224078677
15,36623,PUT,357630224078958,357630224079319
15,36879,PUT,357630224079580,357630224079870
15,37135,PUT,357630224080031,357630224080251
15,37391,PUT,357630224080452,357630224080752
15,37647,PUT,357630224080943,357630224081263
15,37903,PUT,357630224088200,357630224088500
15,38159,PUT,357630224090595,357630224090886
15,38415,PUT,357630224091166,357630224091457
15,38671,PUT,357630224096288,357630224096589
15,38927,PUT,357630224096870,357630224097090
15,39183,PUT,357630224099606,357630224099947
15,39439,PUT,357630224100217,357630224100558
15,39695,PUT,357630224100819,357630224101130
15,39951,PUT,357630224102342,357630224102643
15,40207,PUT,357630224104227,357630224104517
15,40463,PUT,357630224107975,357630224108276
15,40719,PUT,357630224111133,357630224111444
15,40975,PUT,357630224111724,357630224112015
15,41231,PUT,357630224114892,357630224115182
15,41487,PUT,357630224117107,357630224117407
15,41743,PUT,357630224124674,357630224124985
15,41999,PUT,357630224125155,357630224125456
15,42255,PUT,357630224125727,357630224126027
15,42511,PUT,357630224126288,357630224126619
15,42767,PUT,357630224126869,357630224127100
15,43023,PUT,357630224127360,357630224127661
15,43279,PUT,357630224127912,357630224128212
15,43535,PUT,357630224129345,357630224129646
15,43791,PUT,357630224131390,357630224131640
15,44047,PUT,357630224137253,357630224137544
15,44303,PUT,357630224137815,357630224138115
15,44559,PUT,357630224138286,357630224138587
15,44815,PUT,357630224138837,357630224139128
15,45071,PUT,357630224141513,357630224141874
15,45327,PUT,357630224142135,357630224142486
15,45583,PUT,357630224142646,357630224142977
15,45839,PUT,357630224144510,357630224144841
15,46095,PUT,357630224146024,357630224146355
15,46351,PUT,357630224148089,357630224148449
15,46607,PUT,357630224148720,357630224149171
15,46863,PUT,357630224152409,357630224152800
15,47119,PUT,357630224153842,357630224154193
15,47375,PUT,357630224154473,357630224154774
15,47631,PUT,357630224156248,357630224156548
15,47887,PUT,357630224156829,357630224157120
15,48143,PUT,357630224157390,357630224157691
15,48399,PUT,357630224157841,357630224158192
15,48655,PUT,357630224159214,357630224159505
15,48911,PUT,357630224159756,357630224160056
15,49167,PUT,357630224160307,357630224160678
15,49423,PUT,357630224163154,357630224163454
15,49679,PUT,357630224164447,357630224164747
15,49935,PUT,357630224169238,357630224169538
15,50191,PUT,357630224207276,357630224207958
15,50447,PUT,357630224210744,357630224211155
15,50703,PUT,357630224215144,357630224215445
15,50959,PUT,357630224215716,357630224216026
15,51215,PUT,357630224219354,357630224219705
15,51471,PUT,357630224221289,357630224221589
15,51727,PUT,357630224222652,357630224222942
15,51983,PUT,357630224229698,357630224230029
15,52239,PUT,357630224234680,357630224234970
15,52495,PUT,357630224236815,357630224237115
15,52751,PUT,357630224237376,357630224237677
15,53007,PUT,357630224240132,357630224240423
15,53263,PUT,357630224240694,357630224241055
15,53519,PUT,357630224241335,357630224241666
15,53775,PUT,357630224241937,357630224242227
15,54031,PUT,357630224245204,357630224245475
15,54287,PUT,357630224249745,357630224250096
15,54543,PUT,357630224251268,357630224251499
15,54799,PUT,357630224252952,357630224253243
15,55055,PUT,357630224253513,357630224253814
15,55311,PUT,357630224255117,357630224255438
15,55567,PUT,357630224260109,357630224260409
15,55823,PUT,357630224260700,357630224260991
15,56079,PUT,357630224261271,357630224261562
15,56335,PUT,357630224261823,357630224262113
15,56591,PUT,357630224266544,357630224266834
15,56847,PUT,357630224268609,357630224268899
15,57103,PUT,357630224272367,357630224272658
15,57359,PUT,357630224274091,357630224274382
15,57615,PUT,357630224278552,357630224278943
15,57871,PUT,357630224279213,357630224279534
15,58127,PUT,357630224279815,357630224280105
15,58383,PUT,357630224281659,357630224281950
15,58639,PUT,357630224283423,357630224283724
15,58895,PUT,357630224283994,357630224284355
15,59151,PUT,357630224284616,357630224284916
15,59407,PUT,357630224287482,357630224287773
15,59663,PUT,357630224288856,357630224289156
15,59919,PUT,357630224293897,357630224294188
15,60175,PUT,357630224298448,357630224298739
15,60431,PUT,357630224299019,357630224299310
15,60687,PUT,357630224301535,357630224301906
15,60943,PUT,357630224302197,357630224302497
15,61199,PUT,357630224306497,357630224306817
15,61455,PUT,357630224311458,357630224311689
15,61711,PUT,357630224312931,357630224313212
15,61967,PUT,357630224313483,357630224313773
15,62223,PUT,357630224315036,357630224315337
15,62479,PUT,357630224315608,357630224315898
15,62735,PUT,357630224316179,357630224316470
15,62991,PUT,357630224321682,357630224321972
15,63247,PUT,357630224322263,357630224322574
15,63503,PUT,357630224324909,357630224325230
15,63759,PUT,357630224325511,357630224325922
15,64015,PUT,357630224339613,357630224340205
15,64271,PUT,357630224340616,357630224340846
15,64527,PUT,357630224341107,357630224341458
15,64783,PUT,357630224345136,357630224345427
15,65039,PUT,357630224348213,357630224348514
15,65295,PUT,357630224352102,357630224352413
15,65551,PUT,357630224352684,357630224352974
15,65807,PUT,357630224359299,357630224359921
15,66063,PUT,357630224360181,357630224360552
15,66319,PUT,357630224360813,357630224361153
15,66575,PUT,357630224361424,357630224361745
15,66831,PUT,357630224366616,357630224366907
15,67087,PUT,357630224372821,357630224373161
15,67343,PUT,357630224379296,357630224379616
15,67599,PUT,357630224380669,357630224380959
15,67855,PUT,357630224381811,357630224382112
15,68111,PUT,357630224385440,357630224385741
15,68367,PUT,357630224386011,357630224386242
15,68623,PUT,357630224390041,357630224390341
15,68879,PUT,357630224392617,357630224392907
15,69135,PUT,357630224393178,357630224393469
15,69391,PUT,357630224397067,357630224397358
15,69647,PUT,357630224397648,357630224397959
15,69903,PUT,357630224398951,357630224399282
15,70159,PUT,357630224399543,357630224399833
15,70415,PUT,357630224404374,357630224404594
15,70671,PUT,357630224407391,357630224407692
15,70927,PUT,357630224410087,357630224410368
15,71183,PUT,357630224412062,357630224412352
15,71439,PUT,357630224412623,357630224412924
15,71695,PUT,357630224413174,357630224413405
15,71951,PUT,357630224418286,357630224418587
15,72207,PUT,357630224420331,357630224420652
15,72463,PUT,357630224422155,357630224422486
15,72719,PUT,357630224425593,357630224425884
15,72975,PUT,357630224431156,357630224431467
15,73231,PUT,357630224431747,357630224432028
15,73487,PUT,357630224451132,357630224451493
15,73743,PUT,357630224452596,357630224452887
15,73999,PUT,357630224453157,357630224453458
15,74255,PUT,357630224456325,357630224456695
15,74511,PUT,357630224460103,357630224460715
15,74767,PUT,357630224462298,357630224462589
15,75023,PUT,357630224463882,357630224464193
15,75279,PUT,357630224464463,357630224464754
15,75535,PUT,357630224465025,357630224465315
15,75791,PUT,357630224465576,357630224465867
15,76047,PUT,357630224466117,357630224466418
15,76303,PUT,357630224466679,357630224466979
15,76559,PUT,357630224467240,357630224467531
15,76815,PUT,357630224486164,357630224486615
15,77071,PUT,357630224488269,357630224488549
15,77327,PUT,357630224488880,357630224489221
15,77583,PUT,357630224490795,357630224491095
15,77839,PUT,357630224493120,357630224493411
15,78095,PUT,357630224493691,357630224493982
15,78351,PUT,357630224501359,357630224501650
15,78607,PUT,357630224502822,357630224503053
15,78863,PUT,357630224503324,357630224503684
15,79119,PUT,357630224504957,357630224505288
15,79375,PUT,357630224505569,357630224505910
15,79631,PUT,357630224509328,357630224509658
15,79887,PUT,357630224509939,357630224510310
15,80143,PUT,357630224510591,357630224510881
15,80399,PUT,357630224511132,357630224511422
15,80655,PUT,357630224511683,357630224512064
15,80911,PUT,357630224512335,357630224512625
15,81167,PUT,357630224512886,357630224513187
15,81423,PUT,357630224516123,357630224516424
15,81679,PUT,357630224516675,357630224516895
15,81935,PUT,357630224519752,357630224520053
15,82191,PUT,357630224521325,357630224521686
15,82447,PUT,357630224523501,357630224523721
15,82703,PUT,357630224524002,357630224524292
15,82959,PUT,357630224525946,357630224526287
15,83215,PUT,357630224526558,357630224526848
15,83471,PUT,357630224529094,357630224529314
15,83727,PUT,357630224535057,357630224535358
15,83983,PUT,357630224535639,357630224535929
15,84239,PUT,357630224539417,357630224539638
15,84495,PUT,357630224540851,357630224541162
15,84751,PUT,357630224541432,357630224541713
15,85007,PUT,357630224541973,357630224542264
15,85263,PUT,357630224542535,357630224542825
15,85519,PUT,357630224548569,357630224548920
15,85775,PUT,357630224549190,357630224549501
15,86031,PUT,357630224552608,357630224552909
15,86287,PUT,357630224558221,357630224558532
15,86543,PUT,357630224558803,357630224559093
15,86799,PUT,357630224560767,357630224561098
15,87055,PUT,357630224563092,357630224563433
15,87311,PUT,357630224563714,357630224564105
15,87567,PUT,357630224566671,357630224566971
15,87823,PUT,357630224571472,357630224571773
15,88079,PUT,357630224577917,357630224578137
15,88335,PUT,357630224578398,357630224578729
15,88591,PUT,357630224580523,357630224580864
15,88847,PUT,357630224581134,357630224581435
15,89103,PUT,357630224581706,357630224581996
15,89359,PUT,357630224583390,357630224583680
15,89615,PUT,357630224585865,357630224586156
15,89871,PUT,357630224588612,357630224588902
15,90127,PUT,357630224589183,357630224589614
15,90383,PUT,357630224589895,357630224590266
15,90639,PUT,357630224590526,357630224590827
15,90895,PUT,357630224591077,357630224591378
15,91151,PUT,357630224591629,357630224591929
15,91407,PUT,357630224592180,357630224592611
15,91663,PUT,357630224603065,357630224603386
15,91919,PUT,357630224603667,357630224603957
15,92175,PUT,357630224605250,357630224605541
15,92431,PUT,357630224610062,357630224610412
15,92687,PUT,357630224610683,357630224610984
15,92943,PUT,357630224630699,357630224631531
15,93199,PUT,357630224631992,357630224632283
15,93455,PUT,357630224632564,357630224632935
15,93711,PUT,357630224634248,357630224634538
15,93967,PUT,357630224636653,357630224636954
15,94223,PUT,357630224638478,357630224638838
15,94479,PUT,357630224641535,357630224641835
15,94735,PUT,357630224645123,357630224645504
15,94991,PUT,357630224645775,357630224646075
15,95247,PUT,357630224648210,357630224648511
15,95503,PUT,357630224650325,357630224650636
15,95759,PUT,357630224650906,357630224651207
15,96015,PUT,357630224651969,357630224652189
15,96271,PUT,357630224654044,357630224654344
15,96527,PUT,357630224659296,357630224659637
15,96783,PUT,357630224662954,357630224663255
15,97039,PUT,357630224664378,357630224664749
15,97295,PUT,357630224667725,357630224668016
15,97551,PUT,357630224674752,357630224675243
15,97807,PUT,357630224679433,357630224679723
15,98063,PUT,357630224680826,357630224681127
15,98319,PUT,357630224682630,357630224682951
15,98575,PUT,357630224690548,357630224690869
15,98831,PUT,357630224693295,357630224693586
15,99087,PUT,357630224697354,357630224697775
15,99343,PUT,357630224701604,357630224701905
15,99599,PUT,357630224702186,357630224702476
15,99855,PUT,357630224713011,357630224713341
15,100111,PUT,357630224713642,357630224713943
15,100367,PUT,357630224715266,357630224715627
15,100623,PUT,357630224716840,357630224717140
15,100879,PUT,357630224717421,357630224717712
15,101135,PUT,357630224719315,357630224719646
15,101391,PUT,357630224723555,357630224723856
15,101647,PUT,357630224724126,357630224724427
15,101903,PUT,357630224725770,357630224726071
15,102159,PUT,357630224726342,357630224726632
15,102415,PUT,357630224730361,357630224730662
15,102671,PUT,357630224730932,357630224731233
15,102927,PUT,357630224731504,357630224731804
15,103183,PUT,357630224734440,357630224734731
15,103439,PUT,357630224735002,357630224735292
15,103695,PUT,357630224743321,357630224743612
15,103951,PUT,357630224743882,357630224744183
15,104207,PUT,357630224745937,357630224746178
15,104463,PUT,357630224746438,357630224746729
15,104719,PUT,357630224746980,357630224747280
15,104975,PUT,357630224752372,357630224752663
15,105231,PUT,357630224753635,357630224754006
15,105487,PUT,357630224757454,357630224757765
15,105743,PUT,357630224759659,357630224759960
15,105999,PUT,357630224762506,357630224762856
15,106255,PUT,357630224763127,357630224763528
15,106511,PUT,357630224763799,357630224764099
15,106767,PUT,357630224767738,357630224768379
15,107023,PUT,357630224768640,357630224781830
15,107279,PUT,357630224783665,357630224783965
15,107535,PUT,357630224784166,357630224784467
15,107791,PUT,357630224784717,357630224785078
15,108047,PUT,357630224785339,357630224785699
15,108303,PUT,357630224786752,357630224787043
15,108559,PUT,357630224787995,357630224788285
15,108815,PUT,357630224789438,357630224789739
15,109071,PUT,357630224791022,357630224791323
15,109327,PUT,357630224791593,357630224791884
15,109583,PUT,357630224793277,357630224793608
15,109839,PUT,357630224800444,357630224800734
15,110095,PUT,357630224804283,357630224804593
15,110351,PUT,357630224804864,357630224805155
15,110607,PUT,357630224805435,357630224805716
15,110863,PUT,357630224807921,357630224808212
15,111119,PUT,357630224808482,357630224808773
15,111375,PUT,357630224814356,357630224814717
15,111631,PUT,357630224814998,357630224815358
15,111887,PUT,357630224818295,357630224818516
15,112143,PUT,357630224818716,357630224819017
15,112399,PUT,357630224819267,357630224819598
15,112655,PUT,357630224821653,357630224821944
15,112911,PUT,357630224822194,357630224822525
15,113167,PUT,357630224822786,357630224823096
15,113423,PUT,357630224823347,357630224823668
15,113679,PUT,357630224824800,357630224825141
15,113935,PUT,357630224826975,357630224827326
15,114191,PUT,357630224828659,357630224828970
15,114447,PUT,357630224831506,357630224831797
15,114703,PUT,357630224833811,357630224834142
15,114959,PUT,357630224834322,357630224834623
15,115215,PUT,357630224834904,357630224835194
15,115471,PUT,357630224835455,357630224835746
15,115727,PUT,357630224835906,357630224836267
15,115983,PUT,357630224837841,357630224838191
15,116239,PUT,357630224840386,357630224840697
15,116495,PUT,357630224847102,357630224847463
15,116751,PUT,357630224850129,357630224850420
15,117007,PUT,357630224853928,357630224854239
15,117263,PUT,357630224854509,357630224854810
15,117519,PUT,357630224855081,357630224855371
15,117775,PUT,357630224856925,357630224857216
15,118031,PUT,357630224858288,357630224858579
15,118287,PUT,357630224861265,357630224861556
15,118543,PUT,357630224861826,357630224862127
15,118799,PUT,357630224863220,357630224863520
15,119055,PUT,357630224863701,357630224863991
15,119311,PUT,357630224864262,357630224864583
15,119567,PUT,357630224864863,357630224865174
15,119823,PUT,357630224865445,357630224865735
15,120079,PUT,357630224871378,357630224871709
15,120335,PUT,357630224871990,357630224872311
15,120591,PUT,357630224875268,357630224875558
15,120847,PUT,357630224875849,357630224876160
15,121103,PUT,357630224876410,357630224876761
15,121359,PUT,357630224879417,357630224879708
15,121615,PUT,357630224881642,357630224881933
15,121871,PUT,357630224882204,357630224882494
15,122127,PUT,357630224882675,357630224882965
15,122383,PUT,357630224883226,357630224883597
15,122639,PUT,357630224883867,357630224884158
15,122895,PUT,357630224886303,357630224886604
15,123151,PUT,357630224889581,357630224889871
15,123407,PUT,357630224890152,357630224890453
15,123663,PUT,357630224891816,357630224892107
15,123919,PUT,357630224894643,357630224894963
15,124175,PUT,357630224896066,357630224896367
15,124431,PUT,357630224896637,357630224896938
15,124687,PUT,357630224897108,357630224897549
15,124943,PUT,357630224897830,357630224898251
15,125199,PUT,357630224898532,357630224898902
15,125455,PUT,357630224899173,357630224899464
15,125711,PUT,357630224901027,357630224901328
15,125967,PUT,357630224908234,357630224908595
15,126223,PUT,357630224908876,357630224909176
15,126479,PUT,357630224909447,357630224909738
15,126735,PUT,357630224914809,357630224915661
15,126991,PUT,357630224937432,357630224938093
15,127247,PUT,357630224942554,357630224942854
15,127503,PUT,357630224945681,357630224946122
15,127759,PUT,357630224947826,357630224948117
15,128015,PUT,357630224950442,357630224950803
15,128271,PUT,357630224951074,357630224951294
15,128527,PUT,357630224951505,357630224951805
15,128783,PUT,357630224952066,357630224952357
15,129039,PUT,357630224952617,357630224952998
15,129295,PUT,357630224954642,357630224954953
15,129551,PUT,357630224959002,357630224959353
15,129807,PUT,357630224964625,357630224964976
15,130063,PUT,357630224965257,357630224965577
15,130319,PUT,357630224968334,357630224968634
15,130575,PUT,357630224968905,357630224969196
15,130831,PUT,357630224970940,357630224971250
15,131087,PUT,357630224971521,357630224971882
15,131343,PUT,357630224980562,357630224980953
15,131599,PUT,357630224986035,357630224986315
15,131855,PUT,357630224986586,357630224986887
15,132111,PUT,357630224987157,357630224987458
15,132367,PUT,357630224990716,357630224991086
15,132623,PUT,357630224993181,357630224993662
15,132879,PUT,357630224993943,357630224994234
15,1295,GET,357630223871346,357630223871867
15,6927,GET,357630223896675,357630223897276
15,8207,GET,357630223897557,357630223898449
15,9231,GET,357630223898579,357630223899130
15,10255,GET,357630223899271,357630223900063
15,12047,GET,357630223900884,357630223901466
15,13071,GET,357630223901606,357630223902288
15,13583,GET,357630223902999,357630223903621
15,1549,GET,357630223903761,357630223904433
15,3853,GET,357630223907600,357630223908181
15,5389,GET,357630223908332,357630223908973
15,6925,GET,357630223909735,357630223910256
15,8973,GET,357630223910407,357630223911168
15,10765,GET,357630223911870,357630223912421
15,14349,GET,357630223913724,357630223914406
15,516,GET,357630223915087,357630223915909
15,4612,GET,357630223917303,357630223917974
15,8964,GET,357630223919277,357630223920510
15,12036,GET,357630223920660,357630223921973
15,13828,GET,357630223922124,357630223922986
15,7685,GET,357630223927727,357630223928428
15,10245,GET,357630223928579,357630223929952
15,12293,GET,357630223930082,357630223930483
15,16133,GET,357630223931766,357630223932738
15,5123,GET,357630223933991,357630223935164
15,7939,GET,357630223935314,357630223936517
15,10755,GET,357630223936668,357630223938211
15,13315,GET,357630223938341,357630223940286
15,4098,GET,357630223940998,357630223941609
15,6914,GET,357630223942321,357630223943794
15,9986,GET,357630223944476,357630223945137
15,12290,GET,357630223945288,357630223946240
15,520,GET,357630223946390,357630223948285
15,1800,GET,357630223948415,357630223949016
15,3848,GET,357630223949147,357630223950279
15,6920,GET,357630223950410,357630223951422
15,10248,GET,357630223952324,357630223953707
15,7177,GET,357630223959160,357630223960252
15,9993,GET,357630223961024,357630223961856
15,12297,GET,357630223962006,357630223962818
15,15113,GET,357630223962969,357630223964161
15,3334,GET,357630223964302,357630223966507
15,5638,GET,357630223966647,357630223967539
15,9478,GET,357630223968241,357630223969424
15,12038,GET,357630223969564,357630223970616
15,266,GET,357630223971960,357630223972791
15,4618,GET,357630223973573,357630223974776
15,7178,GET,357630223974926,357630223975979
15,1550,GET,357630223979507,357630223981462
15,5390,GET,357630223981612,357630223983115
15,9486,GET,357630223984429,357630223985301
15,13070,GET,357630223986002,357630223987245
15,2060,GET,357630223988538,357630223989931
15,3340,GET,357630223990082,357630223990693
15,7948,GET,357630223990833,357630223992587
15,12300,GET,357630223993850,357630223994742
15,13836,GET,357630223994893,357630223995825
15,1025,GET,357630223996527,357630223997780
15,2817,GET,357630223997930,357630223998672
15,6145,GET,357630223998802,357630224028170
15,5131,GET,357630224029283,357630224030065
15,13063,GET,357630224041852,357630224042714
15,15111,GET,357630224042904,357630224043836
15,1792,GET,357630224044638,357630224045340
15,3328,GET,357630224045490,357630224046182
15,6144,GET,357630224062069,357630224062680
15,6400,GET,357630224062861,357630224063081
15,6656,GET,357630224063763,357630224063983
15,6912,GET,357630224064134,357630224064344
15,7168,GET,357630224064494,357630224064715
15,7680,GET,357630224064845,357630224065126
15,7936,GET,357630224065256,357630224065567
15,9472,GET,357630224066830,357630224067421
15,12800,GET,357630224068794,357630224069386
15,15616,GET,357630224070178,357630224070990
15,18178,GET,357630224072593,357630224073365
15,18946,GET,357630224073515,357630224075009
15,17673,GET,357630224075711,357630224077665
15,18441,GET,357630224081544,357630224082586
15,19470,GET,357630224082737,357630224083569
15,20994,GET,357630224083719,357630224084451
15,21762,GET,357630224084591,357630224086325
15,20748,GET,357630224086455,357630224087067
15,17668,GET,357630224087197,357630224088049
15,18693,GET,357630224088751,357630224090445
15,22540,GET,357630224091728,357630224092620
15,20750,GET,357630224092770,357630224094173
15,17930,GET,357630224094304,357630224096138
15,23554,GET,357630224097291,357630224098093
15,19716,GET,357630224098223,357630224099456
15,17671,GET,357630224101400,357630224102212
15,19717,GET,357630224102914,357630224104086
15,18695,GET,357630224104778,357630224105409
15,24844,GET,357630224105560,357630224107053
15,25100,GET,357630224107204,357630224107825
15,22025,GET,357630224108537,357630224111002
15,22281,GET,357630224112275,357630224113759
15,18696,GET,357630224113909,357630224114751
15,26124,GET,357630224115443,357630224116976
15,22019,GET,357630224117578,357630224119683
15,23557,GET,357630224119833,357630224120865
15,21255,GET,357630224121016,357630224122790
15,21514,GET,357630224122930,357630224124524
15,23300,GET,357630224128383,357630224129195
15,28417,GET,357630224129816,357630224131250
15,26373,GET,357630224131931,357630224132994
15,24331,GET,357630224133144,357630224134768
15,28940,GET,357630224134918,357630224136271
15,19976,GET,357630224136401,357630224137103
15,28165,GET,357630224139398,357630224140341
15,25859,GET,357630224140471,357630224141363
15,21000,GET,357630224143267,357630224144360
15,26123,GET,357630224145112,357630224145884
15,30213,GET,357630224146635,357630224147958
15,29964,GET,357630224149422,357630224150594
15,26884,GET,357630224150745,357630224152278
15,27140,GET,357630224153060,357630224153702
15,20224,GET,357630224155025,357630224156107
15,17165,GET,357630224158493,357630224159074
15,28420,GET,357630224160959,357630224162171
15,17933,GET,357630224162322,357630224163003
15,18445,GET,357630224163725,357630224164296
15,28938,GET,357630224164898,357630224166191
15,29450,GET,357630224166341,357630224167514
15,27913,GET,357630224167654,357630224168416
15,33025,GET,357630224168546,357630224169087
15,29956,GET,357630224169789,357630224172014
15,28679,GET,357630224172155,357630224173107
15,22541,GET,357630224208479,357630224209381
15,26120,GET,357630224209561,357630224210564
15,36098,GET,357630224211406,357630224212228
15,38657,GET,357630224212358,357630224213781
15,32516,GET,357630224213922,357630224214994
15,34063,GET,357630224216287,357630224217129
15,35342,GET,357630224217279,357630224219204
15,34054,GET,357630224219976,357630224221158
15,31232,GET,357630224221840,357630224222521
15,34566,GET,357630224223203,357630224223935
15,34053,GET,357630224224085,357630224225057
15,36105,GET,357630224225208,357630224225970
15,36110,GET,357630224226100,357630224227333
15,40193,GET,357630224227463,357630224228495
15,35339,GET,357630224228626,357630224229548
15,35846,GET,357630224230290,357630224231432
15,34565,GET,357630224231562,357630224232435
15,37390,GET,357630224232565,357630224233246
15,37135,GET,357630224233387,357630224234529
15,28168,GET,357630224235231,357630224235963
15,28680,GET,357630224236093,357630224236664
15,36358,GET,357630224237917,357630224238960
15,42242,GET,357630224239090,357630224239982
15,39180,GET,357630224242498,357630224243961
15,37127,GET,357630224244102,357630224245054
15,37126,GET,357630224245745,357630224246858
15,39945,GET,357630224246988,357630224247570
15,27917,GET,357630224247700,357630224248572
15,30728,GET,357630224248712,357630224249594
15,37894,GET,357630224250346,357630224251118
15,38663,GET,357630224251679,357630224252812
15,40718,GET,357630224254065,357630224254977
15,43521,GET,357630224255699,357630224257773
15,38154,GET,357630224257924,357630224258866
15,35328,GET,357630224259016,357630224259958
15,40452,GET,357630224262384,357630224263226
15,40463,GET,357630224263366,357630224264148
15,34819,GET,357630224264278,357630224266383
15,39941,GET,357630224267115,357630224268458
15,40711,GET,357630224269150,357630224270002
15,41991,GET,357630224270152,357630224272227
15,40965,GET,357630224272909,357630224273951
15,42247,GET,357630224274633,357630224276206
15,44297,GET,357630224276357,357630224277579
15,41999,GET,357630224277730,357630224278401
15,45065,GET,357630224280376,357630224281498
15,40454,GET,357630224282230,357630224283293
15,45838,GET,357630224285177,357630224286550
15,43783,GET,357630224286701,357630224287322
15,41478,GET,357630224288054,357630224288705
15,46094,GET,357630224289397,357630224290630
15,41739,GET,357630224290780,357630224291552
15,38656,GET,357630224291702,357630224292935
15,38912,GET,357630224293065,357630224293747
15,46340,GET,357630224294449,357630224295361
15,38659,GET,357630224295491,357630224296423
15,45319,GET,357630224296563,357630224297335
15,39424,GET,357630224297466,357630224298297
15,43014,GET,357630224299570,357630224300382
15,43270,GET,357630224300533,357630224301385
15,44293,GET,357630224302758,357630224304522
15,36360,GET,357630224304672,357630224306356
15,36616,GET,357630224307078,357630224308050
15,46343,GET,357630224308200,357630224309524
15,40704,GET,357630224309674,357630224310566
15,46599,GET,357630224310696,357630224311308
15,54017,GET,357630224311949,357630224312781
15,45067,GET,357630224314034,357630224314906
15,54785,GET,357630224316740,357630224318144
15,46091,GET,357630224318294,357630224319687
15,47367,GET,357630224319838,357630224320619
15,35085,GET,357630224320760,357630224321521
15,55809,GET,357630224322855,357630224323446
15,44810,GET,357630224323576,357630224324759
15,48645,GET,357630224341768,357630224342430
15,48903,GET,357630224342620,357630224343212
15,39176,GET,357630224343342,357630224344124
15,39432,GET,357630224344254,357630224344986
15,49415,GET,357630224345678,357630224346449
15,36877,GET,357630224346580,357630224347452
15,52238,GET,357630224347582,357630224348063
15,50956,GET,357630224348765,357630224350318
15,50185,GET,357630224350449,357630224351271
15,58113,GET,357630224351411,357630224351952
15,52492,GET,357630224362025,357630224363579
15,50949,GET,357630224363770,357630224365012
15,49670,GET,357630224365153,357630224366466
15,39693,GET,357630224367157,357630224369302
15,52233,GET,357630224369443,357630224370305
15,50442,GET,357630224370435,357630224371467
15,54284,GET,357630224371598,357630224372670
15,50954,GET,357630224373412,357630224374434
15,54027,GET,357630224374565,357630224376339
15,54535,GET,357630224376479,357630224377311
15,55047,GET,357630224377441,357630224379145
15,61185,GET,357630224379867,357630224380518
15,51210,GET,357630224381220,357630224381681
15,52230,GET,357630224382363,357630224382934
15,57860,GET,357630224383084,357630224384167
15,55054,GET,357630224384317,357630224385290
15,42253,GET,357630224386512,357630224388487
15,54278,GET,357630224388617,357630224389880
15,55822,GET,357630224390592,357630224391895
15,58628,GET,357630224392025,357630224392456
15,55051,GET,357630224393749,357630224395183
15,55046,GET,357630224395313,357630224396917
15,60164,GET,357630224398250,357630224398801
15,53258,GET,357630224400114,357630224400775
15,58380,GET,357630224400926,357630224403361
15,44813,GET,357630224403512,357630224404223
15,58382,GET,357630224404785,357630224405777
15,45325,GET,357630224405917,357630224407241
15,62210,GET,357630224407952,357630224409135
15,57350,GET,357630224409275,357630224409937
15,51712,GET,357630224410618,357630224411170
15,51968,GET,357630224411300,357630224411911
15,57609,GET,357630224413665,357630224414397
15,57862,GET,357630224414547,357630224416372
15,59660,GET,357630224416512,357630224418136
15,51459,GET,357630224418837,357630224420181
15,59911,GET,357630224420912,357630224422025
15,60430,GET,357630224422736,357630224424070
15,61198,GET,357630224424220,357630224425453
15,60166,GET,357630224426134,357630224426706
15,64514,GET,357630224426856,357630224428500
15,61703,GET,357630224428650,357630224429763
15,48397,GET,357630224429903,357630224431006
15,61957,GET,357630224432299,357630224433512
15,60683,GET,357630224438944,357630224440458
15,50696,GET,357630224440598,357630224441430
15,69121,GET,357630224441560,357630224443054
15,63751,GET,357630224443194,357630224444106
15,64263,GET,357630224444236,357630224445890
15,63244,GET,357630224446031,357630224446853
15,60170,GET,357630224446983,357630224448577
15,51976,GET,357630224448707,357630224450942
15,55555,GET,357630224451794,357630224452445
15,65796,GET,357630224453718,357630224456184
15,53512,GET,357630224456946,357630224458289
15,66564,GET,357630224458439,357630224459973
15,64267,GET,357630224460985,357630224462168
15,61706,GET,357630224462880,357630224463752
15,58115,GET,357630224467801,357630224468403
15,62223,GET,357630224468553,357630224469896
15,59139,GET,357630224470046,357630224470477
15,66566,GET,357630224470608,357630224471319
15,59904,GET,357630224471460,357630224472512
15,56072,GET,357630224487016,357630224487377
15,67084,GET,357630224487547,357630224488098
15,60163,GET,357630224489492,357630224490644
15,62991,GET,357630224491366,357630224491727
15,70148,GET,357630224491877,357630224492970
15,69383,GET,357630224494233,357630224495245
15,67846,GET,357630224495395,357630224496548
15,70146,GET,357630224498933,357630224500226
15,69895,GET,357630224500357,357630224501209
15,67077,GET,357630224501910,357630224502672
15,62723,GET,357630224503935,357630224504827
15,66827,GET,357630224506160,357630224506922
15,71426,GET,357630224507072,357630224508365
15,71938,GET,357630224508516,357630224509167
15,67595,GET,357630224513457,357630224514720
15,68107,GET,357630224514870,357630224515973
15,62976,GET,357630224517096,357630224517918
15,66319,GET,357630224518068,357630224518900
15,69381,GET,357630224519030,357630224519601
15,69385,GET,357630224520303,357630224521175
15,71428,GET,357630224521947,357630224523370
15,60424,GET,357630224524553,357630224525816
15,70155,GET,357630224527119,357630224527801
15,61192,GET,357630224527951,357630224528953
15,65536,GET,357630224529494,357630224531339
15,79617,GET,357630224531489,357630224532111
15,72204,GET,357630224532261,357630224534025
15,71941,GET,357630224534155,357630224534907
15,69642,GET,357630224536200,357630224537132
15,73476,GET,357630224537273,357630224537894
15,73996,GET,357630224538024,357630224539267
15,68367,GET,357630224539899,357630224540700
15,73225,GET,357630224543106,357630224544179
15,75020,GET,357630224544339,357630224546815
15,58637,GET,357630224546965,357630224548408
15,76046,GET,357630224549762,357630224550804
15,75782,GET,357630224550944,357630224552458
15,76556,GET,357630224553169,357630224553781
15,75018,GET,357630224553911,357630224554944
15,74505,GET,357630224555074,357630224556437
15,82945,GET,357630224556567,357630224558071
15,77580,GET,357630224559364,357630224560617
15,60429,GET,357630224561378,357630224562962
15,78350,GET,357630224564375,357630224565578
15,71183,GET,357630224565729,357630224566540
15,69123,GET,357630224567222,357630224568555
15,68352,GET,357630224568706,357630224570249
15,69891,GET,357630224570399,357630224571322
15,81927,GET,357630224572023,357630224573366
15,77579,GET,357630224573497,357630224575020
15,76298,GET,357630224575150,357630224576103
15,78597,GET,357630224576233,357630224577767
15,78852,GET,357630224578989,357630224580393
15,81164,GET,357630224582277,357630224583249
15,79627,GET,357630224583951,357630224585735
15,81932,GET,357630224586417,357630224587068
15,71936,GET,357630224587219,357630224588471
15,64269,GET,357630224592892,357630224593463
15,82951,GET,357630224593613,357630224594385
15,81678,GET,357630224594525,357630224596079
15,83207,GET,357630224596209,357630224597372
15,81161,GET,357630224597502,357630224598404
15,65293,GET,357630224598535,357630224599637
15,74240,GET,357630224599768,357630224600389
15,82185,GET,357630224600519,357630224601632
15,74496,GET,357630224601762,357630224602915
15,73999,GET,357630224604228,357630224605100
15,74499,GET,357630224605822,357630224607135
15,83975,GET,357630224607285,357630224607937
15,85001,GET,357630224608067,357630224608648
15,80902,GET,357630224608789,357630224609911
15,87308,GET,357630224611234,357630224612587
15,72200,GET,357630224612738,357630224613620
15,82702,GET,357630224633225,357630224634077
15,86023,GET,357630224634809,357630224636523
15,86274,GET,357630224637205,357630224638337
15,88332,GET,357630224640332,357630224641404
15,85259,GET,357630224642096,357630224643168
15,85258,GET,357630224643319,357630224644993
15,85514,GET,357630224646336,357630224647047
15,88071,GET,357630224647198,357630224648080
15,87305,GET,357630224648771,357630224650195
15,88578,GET,357630224651458,357630224651829
15,77827,GET,357630224652440,357630224653061
15,88583,GET,357630224653212,357630224653913
15,86533,GET,357630224654595,357630224655247
15,78595,GET,357630224655397,357630224657371
15,87045,GET,357630224657522,357630224659136
15,91404,GET,357630224659897,357630224661150
15,71181,GET,357630224661301,357630224662804
15,87306,GET,357630224663516,357630224664247
15,94465,GET,357630224665019,357630224666152
15,78592,GET,357630224666302,357630224667585
15,79104,GET,357630224668267,357630224668888
15,79616,GET,357630224669039,357630224671985
15,93964,GET,357630224672136,357630224674591
15,91394,GET,357630224675504,357630224676726
15,89609,GET,357630224676877,357630224679282
15,83215,GET,357630224679974,357630224680696
15,95495,GET,357630224681387,357630224682490
15,81923,GET,357630224688624,357630224690368
15,94466,GET,357630224691130,357630224692052
15,90373,GET,357630224692202,357630224693155
15,94978,GET,357630224693836,357630224694598
15,91140,GET,357630224694748,357630224697224
15,96002,GET,357630224698026,357630224699169
15,82688,GET,357630224699319,357630224700512
15,92425,GET,357630224700662,357630224701454
15,92676,GET,357630224702737,357630224704040
15,86787,GET,357630224709262,357630224712830
15,85248,GET,357630224714203,357630224715136
15,93956,GET,357630224715877,357630224716709
15,92678,GET,357630224717972,357630224719175
15,82440,GET,357630224719897,357630224721961
15,86016,GET,357630224722112,357630224723425
15,95749,GET,357630224724678,357630224725640
15,93446,GET,357630224726883,357630224728216
15,96266,GET,357630224728366,357630224730231
15,103175,GET,357630224732075,357630224733458
15,87552,GET,357630224733608,357630224734300
15,94473,GET,357630224735563,357630224736605
15,101889,GET,357630224736756,357630224738099
15,94987,GET,357630224738249,357630224740063
15,95499,GET,357630224740194,357630224741908
15,90883,GET,357630224742048,357630224743171
15,101890,GET,357630224744454,357630224745787
15,98826,GET,357630224747551,357630224748964
15,96521,GET,357630224749115,357630224750317
15,96777,GET,357630224750468,357630224751169
15,107020,GET,357630224751300,357630224752212
15,102914,GET,357630224752933,357630224753485
15,103426,GET,357630224754266,357630224755419
15,104967,GET,357630224755570,357630224756462
15,100613,GET,357630224756602,357630224757304
15,107532,GET,357630224758015,357630224759509
15,100106,GET,357630224760220,357630224761213
15,101381,GET,357630224761363,357630224762345
15,105474,GET,357630224766535,357630224767597
15,93440,GET,357630224782201,357630224782733
15,101637,GET,357630224782913,357630224783134
15,107271,GET,357630224783284,357630224783504
15,93199,GET,357630224785970,357630224786612
15,101380,GET,357630224787323,357630224787865
15,109580,GET,357630224788546,357630224789308
15,94211,GET,357630224789989,357630224790882
15,101390,GET,357630224792144,357630224793147
15,107266,GET,357630224793868,357630224794630
15,100361,GET,357630224794781,357630224795633
15,95232,GET,357630224795783,357630224796495
15,101385,GET,357630224796625,357630224797998
15,110604,GET,357630224798138,357630224799411
15,110860,GET,357630224799542,357630224800293
15,102922,GET,357630224800995,357630224801626
15,96771,GET,357630224801757,357630224802368
15,107777,GET,357630224802509,357630224804132
15,108545,GET,357630224805997,357630224807771
15,111884,GET,357630224809044,357630224810798
15,104708,GET,357630224810948,357630224811680
15,110337,GET,357630224811810,357630224813434
15,110343,GET,357630224813564,357630224814206
15,89608,GET,357630224815639,357630224816691
15,105732,GET,357630224816822,357630224818145
15,105477,GET,357630224819859,357630224821513
15,106245,GET,357630224823948,357630224824660
15,106501,GET,357630224825412,357630224826835
15,111106,GET,357630224827577,357630224828519
15,107269,GET,357630224829150,357630224829832
15,115212,GET,357630224829982,357630224831376
15,103947,GET,357630224832057,357630224833671
15,106766,GET,357630224836538,357630224837710
15,112897,GET,357630224838472,357630224839274
15,109572,GET,357630224839424,357630224840226
15,112642,GET,357630224840958,357630224842642
15,108046,GET,357630224842792,357630224844085
15,105995,GET,357630224844225,357630224846952
15,90381,GET,357630224847724,357630224849107
15,109065,GET,357630224849237,357630224849979
15,104707,GET,357630224850670,357630224851462
15,113922,GET,357630224851603,357630224853768
15,118796,GET,357630224855652,357630224856795
15,115202,GET,357630224857476,357630224858158
15,115714,GET,357630224858839,357630224859361
15,111369,GET,357630224859511,357630224861125
15,116225,GET,357630224862378,357630224863089
15,97032,GET,357630224866006,357630224867309
15,97800,GET,357630224867459,357630224870316
15,101647,GET,357630224870456,357630224871228
15,117249,GET,357630224872581,357630224873764
15,112649,GET,357630224873904,357630224875117
15,111630,GET,357630224877042,357630224877934
15,103680,GET,357630224878084,357630224879267
15,112398,GET,357630224879988,357630224881512
15,121351,GET,357630224884439,357630224886173
15,103695,GET,357630224886884,357630224887596
15,94989,GET,357630224887746,357630224889450
15,95245,GET,357630224890703,357630224891686
15,121863,GET,357630224892377,357630224894512
15,121858,GET,357630224895224,357630224895915
15,112395,GET,357630224899644,357630224900897
15,116746,GET,357630224901599,357630224902912
15,125964,GET,357630224903062,357630224904295
15,113163,GET,357630224904445,357630224905418
15,117001,GET,357630224905548,357630224906300
15,114181,GET,357630224906430,357630224908084
15,101896,GET,357630224910008,357630224911642
15,107023,GET,357630224912885,357630224913426
15,120577,GET,357630224913556,357630224914659
15,124935,GET,357630224915932,357630224916854
15,116227,GET,357630224938514,357630224939537
15,126215,GET,357630224939727,357630224940870
15,127244,GET,357630224941020,357630224942403
15,124162,GET,357630224943115,357630224944007
15,119822,GET,357630224944137,357630224945531
15,124417,GET,357630224946383,357630224947676
15,114438,GET,357630224948377,357630224950302
15,118027,GET,357630224953279,357630224954502
15,99853,GET,357630224955233,357630224956346
15,106504,GET,357630224956496,357630224958852
15,111887,GET,357630224959613,357630224960345
15,121098,GET,357630224960495,357630224962440
15,100365,GET,357630224962570,357630224964475
15,119563,GET,357630224965838,357630224966700
15,122121,GET,357630224966850,357630224968183
15,127489,GET,357630224969446,357630224970078
15,126722,GET,357630224970228,357630224970799
15,108552,GET,357630224977585,357630224978407
15,115983,GET,357630224978587,357630224979620
15,128770,GET,357630224979750,357630224980402
15,119557,GET,357630224981234,357630224981875
15,125444,GET,357630224982005,357630224983980
15,129538,GET,357630224984110,357630224985052
15,131852,GET,357630224985193,357630224985884
15,125710,GET,357630224987719,357630224988741
15,126222,GET,357630224988891,357630224990565
15,111112,GET,357630224991367,357630224991959
15,111368,GET,357630224992089,357630224993031
15,126990,GET,357630224994494,357630224995106
