0,256,PUT,155476944651,155476944692
0,512,PUT,155476945246,155476945321
0,768,PUT,155476945499,155476945559
0,1024,PUT,155476945659,155476945728
0,1280,PUT,155476945896,155476945961
0,1536,PUT,155476946111,155476946173
0,1792,PUT,155476946327,155476946394
0,2048,PUT,155476946522,155476946589
0,2304,PUT,155476946661,155476946729
0,2560,PUT,155476946798,155476946860
0,2816,PUT,155476946929,155476947000
0,3072,PUT,155476947070,155476947133
0,3328,PUT,155476947217,155476947343
0,3584,PUT,155476947516,155476947552
0,3840,PUT,155476947646,155476947684
0,4096,PUT,155476947781,155476947820
0,4352,PUT,155476947917,155476947951
0,4608,PUT,155476948049,155476948114
0,4864,PUT,155476948216,155476948279
0,5120,PUT,155476948447,155476948513
0,5376,PUT,155476948579,155476948644
0,5632,PUT,155476948713,155476948782
0,5888,PUT,155476948846,155476948913
0,6144,PUT,155476948982,155476949048
0,6400,PUT,155476949132,155476949255
0,6656,PUT,155476949421,155476949461
0,6912,PUT,155476949562,155476949633
0,7168,PUT,155476949733,155476949801
0,7424,PUT,155476949967,155476950028
0,7680,PUT,155476950098,155476950167
0,7936,PUT,155476950234,155476950298
0,8192,PUT,155476950365,155476950431
0,8448,PUT,155476950499,155476950569
0,8704,PUT,155476950636,155476950697
0,8960,PUT,155476950768,155476950833
0,9216,PUT,155476950904,155476950969
0,9472,PUT,155476951038,155476951105
0,9728,PUT,155476951175,155476951244
0,9984,PUT,155476951311,155476951380
0,10240,PUT,155476951454,155476951515
0,10496,PUT,155476951668,155476951730
0,10752,PUT,155476951882,155476951946
0,11008,PUT,155476952077,155476952145
0,11264,PUT,155476952212,155476952277
0,11520,PUT,155476952347,155476952413
0,11776,PUT,155476952483,155476952549
0,12032,PUT,155476952696,155476952761
0,12288,PUT,155476952911,155476952972
0,12544,PUT,155476953119,155476953184
0,12800,PUT,155476953333,155476953395
0,13056,PUT,155476953542,155476953604
0,13312,PUT,155476953753,155476953816
0,13568,PUT,155476953938,155476954010
0,13824,PUT,155476954074,155476954140
0,14080,PUT,155476954208,155476954277
0,14336,PUT,155476954444,155476954412
0,14592,PUT,155476954531,155476954591
0,14848,PUT,155476954660,155476954728
0,15104,PUT,155476954810,155476954879
0,15360,PUT,155476955045,155476955084
0,15616,PUT,155476955179,155476955217
0,15872,PUT,155476955317,155476955386
0,16128,PUT,155476955489,155476955556
0,16384,PUT,155476955725,155476955786
0,16640,PUT,155476955855,155476955920
0,16896,PUT,155476956005,155476956046
0,17152,PUT,155476956173,155476956237
0,17408,PUT,155476956385,155476956446
0,17664,PUT,155476956592,155476956627
0,17920,PUT,155476956724,155476956761
0,18176,PUT,155476956856,155476956892
0,18432,PUT,155476956991,155476957056
0,18688,PUT,155476957154,155476957276
0,18944,PUT,155476957447,155476957508
0,19200,PUT,155476957590,155476957712
0,19456,PUT,155476957882,155476957919
0,19712,PUT,155476958017,155476958054
0,19968,PUT,155476958151,155476958188
0,20224,PUT,155476958284,155476958353
0,20480,PUT,155476958449,155476958517
0,20736,PUT,155476958682,155476958744
0,20992,PUT,155476958893,155476958956
0,21248,PUT,155476959104,155476959165
0,21504,PUT,155476959311,155476959373
0,21760,PUT,155476959520,155476959582
0,22016,PUT,155476959729,155476959790
0,22272,PUT,155476959935,155476959998
0,22528,PUT,155476960146,155476960207
0,22784,PUT,155476960336,155476960404
0,23040,PUT,155476960470,155476960536
0,23296,PUT,155476960601,155476960665
0,23552,PUT,155476960734,155476960801
0,23808,PUT,155476960871,155476960933
0,24064,PUT,155476961059,155476961121
0,24320,PUT,155476961193,155476961259
0,24576,PUT,155476961340,155476961464
0,24832,PUT,155476961629,155476961667
0,25088,PUT,155476961770,155476961837
0,25344,PUT,155476961977,155476962015
0,25600,PUT,155476962113,155476962151
0,25856,PUT,155476962249,155476962311
0,26112,PUT,155476962455,155476962522
0,26368,PUT,155476962664,155476962725
0,26624,PUT,155476962824,155476962908
0,26880,PUT,155476963009,155476963071
0,27136,PUT,155476963223,155476963285
0,27392,PUT,155476963434,155476963496
0,27648,PUT,155476963648,155476963710
0,27904,PUT,155476963840,155476963902
0,28160,PUT,155476963971,155476964038
0,28416,PUT,155476964106,155476964171
0,28672,PUT,155476964237,155476964304
0,28928,PUT,155476964375,155476964444
0,29184,PUT,155476964516,155476964584
0,29440,PUT,155476964728,155476964790
0,29696,PUT,155476964938,155476965000
0,29952,PUT,155476965151,155476965213
0,30208,PUT,155476965361,155476965423
0,30464,PUT,155476965571,155476965633
0,30720,PUT,155476965786,155476965847
0,30976,PUT,155476965980,155476966051
0,31232,PUT,155476966120,155476966181
0,31488,PUT,155476966251,155476966315
0,31744,PUT,155476966386,155476966458
0,32000,PUT,155476966526,155476966591
0,32256,PUT,155476966743,155476966812
0,32512,PUT,155476966961,155476967022
0,32768,PUT,155476967172,155476967239
0,33024,PUT,155476967389,155476967451
0,33280,PUT,155476967579,155476967643
0,33536,PUT,155476967726,155476967848
0,33792,PUT,155476968009,155476968046
0,34048,PUT,155476968144,155476968182
0,34304,PUT,155476968279,155476968325
0,34560,PUT,155476968417,155476968455
0,34816,PUT,155476968553,155476968592
0,35072,PUT,155476968690,155476968753
0,35328,PUT,155476968897,155476968958
0,35584,PUT,155476969097,155476969133
0,35840,PUT,155476969229,155476969267
0,36096,PUT,155476969367,155476969428
0,36352,PUT,155476969575,155476969638
0,36608,PUT,155476969778,155476969812
0,36864,PUT,155476969910,155476969947
0,37120,PUT,155476970045,155476970083
0,37376,PUT,155476970183,155476970245
0,37632,PUT,155476970392,155476970428
0,37888,PUT,155476970529,155476970570
0,38144,PUT,155476970665,155476970699
0,38400,PUT,155476970795,155476970833
0,38656,PUT,155476970929,155476970966
0,38912,PUT,155476971060,155476971096
0,39168,PUT,155476971194,155476971233
0,39424,PUT,155476971330,155476971367
0,39680,PUT,155476971466,155476971502
0,39936,PUT,155476971601,155476971637
0,40192,PUT,155476971734,155476971768
0,40448,PUT,155476971865,155476971902
0,40704,PUT,155476972000,155476972042
0,40960,PUT,155476972138,155476972177
0,41216,PUT,155476972273,155476972311
0,41472,PUT,155476972408,155476972473
0,41728,PUT,155476972571,155476972637
0,41984,PUT,155476972797,155476972860
0,42240,PUT,155476972930,155476973000
0,42496,PUT,155476973069,155476973131
0,42752,PUT,155476973280,155476973343
0,43008,PUT,155476973410,155476973478
0,43264,PUT,155476973548,155476973615
0,43520,PUT,155476973696,155476973791
0,43776,PUT,155476973916,155476973985
0,44032,PUT,155476975223,155476975287
0,44288,PUT,155476975355,155476975422
0,44544,PUT,155476975492,155476975553
0,44800,PUT,155476975635,155476975758
0,45056,PUT,155476975926,155476975993
0,45312,PUT,155476976099,155476976170
0,45568,PUT,155476976261,155476976323
0,45824,PUT,155476976476,155476976542
0,46080,PUT,155476976672,155476976735
0,46336,PUT,155476976804,155476976874
0,46592,PUT,155476976945,155476977009
0,46848,PUT,155476977153,155476977223
0,47104,PUT,155476977291,155476977353
0,47360,PUT,155476977429,155476977489
0,47616,PUT,155476977561,155476977626
0,47872,PUT,155476977883,155476977952
0,48128,PUT,155476978022,155476978085
0,48384,PUT,155476978210,155476978281
0,48640,PUT,155476978345,155476978414
0,48896,PUT,155476978484,155476978548
0,49152,PUT,155476978631,155476978701
0,49408,PUT,155476978863,155476978930
0,49664,PUT,155476979035,155476979101
0,49920,PUT,155476979263,155476979326
0,50176,PUT,155476979395,155476979464
0,50432,PUT,155476979529,155476979598
0,50688,PUT,155476979665,155476979732
0,50944,PUT,155476979803,155476979868
0,51200,PUT,155476979946,155476980014
0,51456,PUT,155476980164,155476980226
0,51712,PUT,155476980377,155476980445
0,51968,PUT,155476980599,155476980661
0,52224,PUT,155476980791,155476980854
0,52480,PUT,155476980925,155476980991
0,52736,PUT,155476981064,155476981126
0,52992,PUT,155476981197,155476981261
0,53248,PUT,155476981331,155476981396
0,53504,PUT,155476981519,155476981581
0,53760,PUT,155476981664,155476981786
0,54016,PUT,155476981950,155476981988
0,54272,PUT,155476982088,155476982122
0,54528,PUT,155476982219,155476982286
0,54784,PUT,155476982388,155476982453
0,55040,PUT,155476982620,155476982690
0,55296,PUT,155476982757,155476982820
0,55552,PUT,155476982886,155476982956
0,55808,PUT,155476983020,155476983088
0,56064,PUT,155476983158,155476983220
0,56320,PUT,155476983374,155476983436
0,56576,PUT,155476983591,155476983653
0,56832,PUT,155476983801,155476983863
0,57088,PUT,155476984015,155476984082
0,57344,PUT,155476984212,155476984279
0,57600,PUT,155476984346,155476984416
0,57856,PUT,155476984479,155476984549
0,58112,PUT,155476984616,155476984682
0,58368,PUT,155476984751,155476984817
0,58624,PUT,155476984887,155476984952
0,58880,PUT,155476985019,155476985091
0,59136,PUT,155476985160,155476985222
0,59392,PUT,155476985292,155476985359
0,59648,PUT,155476985429,155476985496
0,59904,PUT,155476985566,155476985629
0,60160,PUT,155476985699,155476985766
0,60416,PUT,155476985838,155476985898
0,60672,PUT,155476986050,155476986112
0,60928,PUT,155476986253,155476986322
0,61184,PUT,155476986391,155476986453
0,61440,PUT,155476986522,155476986588
0,61696,PUT,155476986658,155476986723
0,61952,PUT,155476986793,155476986860
0,62208,PUT,155476986930,155476986991
0,62464,PUT,155476987140,155476987210
0,62720,PUT,155476987273,155476987335
0,62976,PUT,155476987481,155476987546
0,63232,PUT,155476987616,155476987683
0,63488,PUT,155476987752,155476987820
0,63744,PUT,155476987886,155476987953
0,64000,PUT,155476988017,155476988085
0,64256,PUT,155476988157,155476988219
0,64512,PUT,155476988347,155476988417
0,64768,PUT,155476988487,155476988549
0,65024,PUT,155476988672,155476988741
0,65280,PUT,155476988808,155476988869
0,65536,PUT,155476988955,155476989075
0,65792,PUT,155476989243,155476989311
0,66048,PUT,155476989413,155476989481
0,66304,PUT,155476989647,155476989709
0,66560,PUT,155476989859,155476989922
0,66816,PUT,155476990073,155476990141
0,67072,PUT,155476990289,155476990353
0,67328,PUT,155476990485,155476990547
0,67584,PUT,155476990616,155476990684
0,67840,PUT,155476990753,155476990814
0,68096,PUT,155476990885,155476990948
0,68352,PUT,155476991019,155476991083
0,68608,PUT,155476991151,155476991218
0,68864,PUT,155476991288,155476991350
0,69120,PUT,155476991419,155476991489
0,69376,PUT,155476991555,155476991623
0,69632,PUT,155476991691,155476991752
0,69888,PUT,155476991820,155476991889
0,70144,PUT,155476991954,155476992018
0,70400,PUT,155476992087,155476992152
0,70656,PUT,155476992219,155476992287
0,70912,PUT,155476992358,155476992424
0,71168,PUT,155476992491,155476992558
0,71424,PUT,155476992623,155476992691
0,71680,PUT,155476992758,155476992819
0,71936,PUT,155476992903,155476992997
0,72192,PUT,155476993121,155476993183
0,72448,PUT,155476993327,155476993364
0,72704,PUT,155476993461,155476993498
0,72960,PUT,155476993596,155476993634
0,73216,PUT,155476993732,155476993771
0,73472,PUT,155476993870,155476993906
0,73728,PUT,155476994003,155476994039
0,73984,PUT,155476994137,155476994173
0,74240,PUT,155476994271,155476994341
0,74496,PUT,155476994497,155476994533
0,74752,PUT,155476994630,155476994668
0,75008,PUT,155476994764,155476994829
0,75264,PUT,155476994935,155476994997
0,75520,PUT,155476995158,155476995219
0,75776,PUT,155476995373,155476995435
0,76032,PUT,155476995565,155476995626
0,76288,PUT,155476995697,155476995762
0,76544,PUT,155476995836,155476995900
0,76800,PUT,155476995971,155476996032
0,77056,PUT,155476996101,155476996167
0,77312,PUT,155476996237,155476996301
0,77568,PUT,155476996459,155476996528
0,77824,PUT,155476996595,155476996659
0,78080,PUT,155476996808,155476996869
0,78336,PUT,155476996939,155476997008
0,78592,PUT,155476997072,155476997142
0,78848,PUT,155476997209,155476997273
0,79104,PUT,155476997343,155476997410
0,79360,PUT,155476997479,155476997544
0,79616,PUT,155476997695,155476997758
0,79872,PUT,155476997909,155476997970
0,80128,PUT,155476998121,155476998188
0,80384,PUT,155476998313,155476998384
0,80640,PUT,155476998452,155476998513
0,80896,PUT,155476998637,155476998705
0,81152,PUT,155476998777,155476998838
0,81408,PUT,155476998962,155476999026
0,81664,PUT,155476999095,155476999163
0,81920,PUT,155476999230,155476999297
0,82176,PUT,155476999363,155476999426
0,82432,PUT,155476999494,155476999559
0,82688,PUT,155476999629,155476999689
0,82944,PUT,155476999770,155476999892
0,83200,PUT,155477000059,155477000126
0,83456,PUT,155477000226,155477000296
0,83712,PUT,155477000461,155477000523
0,83968,PUT,155477000592,155477000654
0,84224,PUT,155477000724,155477000793
0,84480,PUT,155477000858,155477000927
0,84736,PUT,155477000995,155477001062
0,84992,PUT,155477001132,155477001193
0,85248,PUT,155477001344,155477001407
0,85504,PUT,155477001555,155477001617
0,85760,PUT,155477001767,155477001829
0,86016,PUT,155477001978,155477002040
0,86272,PUT,155477002186,155477002248
0,86528,PUT,155477002396,155477002459
0,86784,PUT,155477002608,155477002670
0,87040,PUT,155477002823,155477002884
0,87296,PUT,155477003037,155477003099
0,87552,PUT,155477004651,155477004713
0,87808,PUT,155477004781,155477004850
0,88064,PUT,155477004920,155477004984
0,88320,PUT,155477005135,155477005197
0,88576,PUT,155477005267,155477005335
0,88832,PUT,155477005405,155477005466
0,89088,PUT,155477005537,155477005603
0,89344,PUT,155477005673,155477005736
0,89600,PUT,155477005889,155477005951
0,89856,PUT,155477006102,155477006164
0,90112,PUT,155477006294,155477006356
0,90368,PUT,155477006428,155477006496
0,90624,PUT,155477006561,155477006630
0,90880,PUT,155477006696,155477006765
0,91136,PUT,155477006835,155477006902
0,91392,PUT,155477006974,155477007036
0,91648,PUT,155477007184,155477007251
0,91904,PUT,155477007401,155477007462
0,92160,PUT,155477007611,155477007673
0,92416,PUT,155477007800,155477007870
0,92672,PUT,155477007939,155477008001
0,92928,PUT,155477008127,155477008182
0,93184,PUT,155477008242,155477008267
0,93440,PUT,155477008296,155477008321
0,93696,PUT,155477008349,155477008375
0,93952,PUT,155477008404,155477008431
0,94208,PUT,155477008495,155477008520
0,94464,PUT,155477008549,155477008576
0,94720,PUT,155477008604,155477008629
0,94976,PUT,155477008657,155477008684
0,95232,PUT,155477008712,155477008738
0,95488,PUT,155477008767,155477008792
0,95744,PUT,155477008822,155477008847
0,96000,PUT,155477008876,155477008902
0,96256,PUT,155477008963,155477008989
0,96512,PUT,155477009018,155477009043
0,96768,PUT,155477009072,155477009097
0,97024,PUT,155477009126,155477009153
0,97280,PUT,155477009181,155477009206
0,97536,PUT,155477009236,155477009261
0,97792,PUT,155477009289,155477009316
0,98048,PUT,155477009344,155477009370
0,98304,PUT,155477009435,155477009461
0,98560,PUT,155477009489,155477009516
0,98816,PUT,155477009544,155477009571
0,99072,PUT,155477009599,155477009625
0,99328,PUT,155477009653,155477009679
0,99584,PUT,155477009708,155477009733
0,99840,PUT,155477009762,155477009788
0,100096,PUT,155477009816,155477009842
0,100352,PUT,155477009902,155477009929
0,100608,PUT,155477009958,155477009983
0,100864,PUT,155477010011,155477010038
0,101120,PUT,155477010066,155477010091
0,101376,PUT,155477010120,155477010146
0,101632,PUT,155477010174,155477010200
0,101888,PUT,155477010229,155477010255
0,102144,PUT,155477010283,155477010309
0,102400,PUT,155477010368,155477010395
0,102656,PUT,155477010423,155477010448
0,102912,PUT,155477010476,155477010503
0,103168,PUT,155477010530,155477010557
0,103424,PUT,155477010586,155477010612
0,103680,PUT,155477010640,155477010667
0,103936,PUT,155477010695,155477010721
0,104192,PUT,155477010750,155477010776
0,104448,PUT,155477010806,155477010832
0,104704,PUT,155477010861,155477010888
0,104960,PUT,155477010928,155477010954
0,105216,PUT,155477010982,155477011008
0,105472,PUT,155477011040,155477011067
0,105728,PUT,155477011095,155477011121
0,105984,PUT,155477011149,155477011175
0,106240,PUT,155477011203,155477011229
0,106496,PUT,155477011301,155477011327
0,106752,PUT,155477011356,155477011381
0,107008,PUT,155477011410,155477011435
0,107264,PUT,155477011464,155477011490
0,107520,PUT,155477011518,155477011545
0,107776,PUT,155477011572,155477011599
0,108032,PUT,155477011628,155477011653
0,108288,PUT,155477011681,155477011708
0,108544,PUT,155477011768,155477011794
0,108800,PUT,155477011823,155477011848
0,109056,PUT,155477011877,155477011902
0,109312,PUT,155477011931,155477011957
0,109568,PUT,155477011986,155477012012
0,109824,PUT,155477012040,155477012066
0,110080,PUT,155477012094,155477012121
0,110336,PUT,155477012149,155477012174
0,110592,PUT,155477012206,155477012230
0,110848,PUT,155477012260,155477012286
0,111104,PUT,155477012314,155477012341
0,111360,PUT,155477012369,155477012395
0,111616,PUT,155477012423,155477012450
0,111872,PUT,155477012477,155477012503
0,112128,PUT,155477012532,155477012557
0,112384,PUT,155477012587,155477012612
0,112640,PUT,155477012644,155477012669
0,112896,PUT,155477012699,155477012724
0,113152,PUT,155477012753,155477012779
0,113408,PUT,155477012807,155477012832
0,113664,PUT,155477012861,155477012887
0,113920,PUT,155477012915,155477012942
0,114176,PUT,155477012970,155477012996
0,114432,PUT,155477013025,155477013050
0,114688,PUT,155477013110,155477013135
0,114944,PUT,155477013164,155477013190
0,115200,PUT,155477013218,155477013244
0,115456,PUT,155477013272,155477013299
0,115712,PUT,155477013328,155477013354
0,115968,PUT,155477013382,155477013408
0,116224,PUT,155477013436,155477013462
0,116480,PUT,155477013491,155477013516
0,116736,PUT,155477013547,155477013574
0,116992,PUT,155477013601,155477013627
0,117248,PUT,155477013656,155477013682
0,117504,PUT,155477013711,155477013736
0,117760,PUT,155477013765,155477013790
0,118016,PUT,155477013819,155477013844
0,118272,PUT,155477013873,155477013900
0,118528,PUT,155477013927,155477013953
0,118784,PUT,155477014015,155477014041
0,119040,PUT,155477014070,155477014095
0,119296,PUT,155477014124,155477014149
0,119552,PUT,155477014178,155477014204
0,119808,PUT,155477014232,155477014258
0,120064,PUT,155477014286,155477014313
0,120320,PUT,155477014341,155477014367
0,120576,PUT,155477014396,155477014422
0,120832,PUT,155477014483,155477014508
0,121088,PUT,155477014536,155477014562
0,121344,PUT,155477014591,155477014617
0,121600,PUT,155477014645,155477014670
0,121856,PUT,155477014699,155477014725
0,122112,PUT,155477014754,155477014780
0,122368,PUT,155477014809,155477014834
0,122624,PUT,155477014862,155477014889
0,122880,PUT,155477014917,155477014943
0,123136,PUT,155477014971,155477014998
0,123392,PUT,155477015026,155477015052
0,123648,PUT,155477015080,155477015106
0,123904,PUT,155477015135,155477015161
0,124160,PUT,155477015201,155477015226
0,124416,PUT,155477015266,155477015293
0,124672,PUT,155477015336,155477015363
0,124928,PUT,155477015493,155477015520
0,125184,PUT,155477015548,155477015574
0,125440,PUT,155477015602,155477015628
0,125696,PUT,155477015656,155477015683
0,125952,PUT,155477015711,155477015736
0,126208,PUT,155477015764,155477015791
0,126464,PUT,155477015819,155477015845
0,126720,PUT,155477015874,155477015900
0,126976,PUT,155477015928,155477015954
0,127232,PUT,155477015982,155477016008
0,127488,PUT,155477016037,155477016064
0,127744,PUT,155477016104,155477016130
0,128000,PUT,155477016157,155477016184
0,128256,PUT,155477016213,155477016238
0,128512,PUT,155477016266,155477016293
0,128768,PUT,155477016322,155477016346
0,129024,PUT,155477016378,155477016403
0,129280,PUT,155477016433,155477016458
0,129536,PUT,155477016486,155477016513
0,129792,PUT,155477016541,155477016567
0,130048,PUT,155477016596,155477016621
0,130304,PUT,155477016649,155477016675
0,130560,PUT,155477016704,155477016730
0,130816,PUT,155477016758,155477016784
0,131072,PUT,155477016812,155477016838
0,131328,PUT,155477059955,155477061643
0,131584,PUT,155477061700,155477061740
0,131840,PUT,155477061771,155477061796
0,132096,PUT,155477061827,155477061853
0,132352,PUT,155477061882,155477061909
0,132608,PUT,155477062205,155477062231
0,132864,PUT,155477062263,155477062289
0,133120,PUT,155477062380,155477062406
0,133376,PUT,155477062496,155477062525
0,133632,PUT,155477062675,155477062702
0,133888,PUT,155477062733,155477062761
0,134144,PUT,155477062791,155477062817
0,134400,PUT,155477062901,155477062928
0,134656,PUT,155477063023,155477063049
0,134912,PUT,155477063081,155477063108
0,135168,PUT,155477063139,155477063166
0,135424,PUT,155477063196,155477063222
0,135680,PUT,155477063253,155477063278
0,135936,PUT,155477063554,155477063581
0,136192,PUT,155477063674,155477063700
0,136448,PUT,155477064249,155477064275
0,136704,PUT,155477064306,155477064333
0,136960,PUT,155477064361,155477064388
0,137216,PUT,155477064534,155477064559
0,137472,PUT,155477064588,155477064614
0,137728,PUT,155477064643,155477064672
0,137984,PUT,155477064762,155477064788
0,138240,PUT,155477064877,155477064903
0,138496,PUT,155477064935,155477064961
0,138752,PUT,155477065048,155477065074
0,139008,PUT,155477065107,155477065132
0,139264,PUT,155477065163,155477065190
0,139520,PUT,155477065220,155477065246
0,139776,PUT,155477065289,155477065315
0,140032,PUT,155477065345,155477065371
0,140288,PUT,155477065400,155477065463
0,140544,PUT,155477065783,155477065847
0,140800,PUT,155477066090,155477066155
0,141056,PUT,155477066225,155477066280
0,141312,PUT,155477066339,155477066365
0,141568,PUT,155477066554,155477066582
0,141824,PUT,155477066884,155477066951
0,142080,PUT,155477067062,155477067133
0,142336,PUT,155477067539,155477067601
0,142592,PUT,155477067666,155477067721
0,142848,PUT,155477067807,155477067869
0,143104,PUT,155477067954,155477068011
0,143360,PUT,155477068271,155477068338
0,143616,PUT,155477068496,155477068558
0,143872,PUT,155477068669,155477068736
0,144128,PUT,155477068818,155477068876
0,144384,PUT,155477069390,155477069454
0,144640,PUT,155477069715,155477069781
0,144896,PUT,155477069885,155477069960
0,145152,PUT,155477070280,155477070341
0,145408,PUT,155477070451,155477070517
0,145664,PUT,155477071003,155477070976
0,145920,PUT,155477071255,155477071319
0,146176,PUT,155477071542,155477071606
0,146432,PUT,155477071715,155477071740
0,146688,PUT,155477071806,155477071832
0,146944,PUT,155477071890,155477071917
0,147200,PUT,155477072231,155477072292
0,147456,PUT,155477072357,155477072383
0,147712,PUT,155477072444,155477072504
0,147968,PUT,155477072609,155477072684
0,148224,PUT,155477072898,155477072960
0,148480,PUT,155477073441,155477073507
0,148736,PUT,155477073924,155477073985
0,148992,PUT,155477074098,155477074152
0,149248,PUT,155477074210,155477074236
0,149504,PUT,155477074564,155477074625
0,149760,PUT,155477075063,155477075123
0,150016,PUT,155477075230,155477075299
0,150272,PUT,155477075406,155477075466
0,150528,PUT,155477076152,155477076213
0,150784,PUT,155477076298,155477076387
0,151040,PUT,155477076700,155477076670
0,151296,PUT,155477076789,155477076847
0,151552,PUT,155477076949,155477077023
0,151808,PUT,155477077088,155477077144
0,152064,PUT,155477077397,155477077464
0,152320,PUT,155477077676,155477077737
0,152576,PUT,155477078015,155477078076
0,152832,PUT,155477078513,155477078567
0,153088,PUT,155477079108,155477079170
0,153344,PUT,155477079285,155477079352
0,153600,PUT,155477079463,155477079528
0,153856,PUT,155477079639,155477079710
0,154112,PUT,155477080551,155477080611
0,154368,PUT,155477080950,155477081039
0,154624,PUT,155477081258,155477081285
0,154880,PUT,155477081314,155477081339
0,155136,PUT,155477081553,155477081620
0,155392,PUT,155477081886,155477081940
0,155648,PUT,155477082512,155477082574
0,155904,PUT,155477082683,155477082754
0,156160,PUT,155477083079,155477083155
0,156416,PUT,155477083346,155477083404
0,156672,PUT,155477083517,155477083495
0,156928,PUT,155477084072,155477084133
0,157184,PUT,155477084197,155477084223
0,157440,PUT,155477084288,155477084315
0,157696,PUT,155477084373,155477084400
0,157952,PUT,155477084608,155477084669
0,158208,PUT,155477085456,155477085522
0,158464,PUT,155477085750,155477085812
0,158720,PUT,155477085917,155477085971
0,158976,PUT,155477086402,155477086463
0,159232,PUT,155477086622,155477086687
0,159488,PUT,155477087105,155477087161
0,159744,PUT,155477087375,155477087442
0,160000,PUT,155477087711,155477087767
0,160256,PUT,155477087851,155477087913
0,160512,PUT,155477088185,155477088249
0,160768,PUT,155477088328,155477088385
0,161024,PUT,155477088638,155477088706
0,161280,PUT,155477088834,155477088892
0,161536,PUT,155477089004,155477088982
0,161792,PUT,155477089294,155477089353
0,162048,PUT,155477089463,155477089490
0,162304,PUT,155477089583,155477089645
0,162560,PUT,155477089762,155477089833
0,162816,PUT,155477090064,155477090124
0,163072,PUT,155477090185,155477090211
0,163328,PUT,155477090764,155477090825
0,163584,PUT,155477091097,155477091156
0,163840,PUT,155477091422,155477091480
0,164096,PUT,155477091562,155477091624
0,164352,PUT,155477091689,155477091715
0,164608,PUT,155477092133,155477092193
0,164864,PUT,155477092322,155477092379
0,165120,PUT,155477092444,155477092469
0,165376,PUT,155477092531,155477092557
0,165632,PUT,155477092616,155477092682
0,165888,PUT,155477092791,155477092863
0,166144,PUT,155477092978,155477093041
0,166400,PUT,155477093154,155477093226
0,166656,PUT,155477093765,155477093826
0,166912,PUT,155477093933,155477094004
0,167168,PUT,155477094165,155477094226
0,167424,PUT,155477094284,155477094311
0,167680,PUT,155477094372,155477094441
0,167936,PUT,155477094661,155477094723
0,168192,PUT,155477094981,155477095014
0,168448,PUT,155477095800,155477095860
0,168704,PUT,155477096074,155477096101
0,168960,PUT,155477096315,155477096377
0,169216,PUT,155477096592,155477096651
0,169472,PUT,155477097010,155477097036
0,169728,PUT,155477097094,155477097120
0,169984,PUT,155477097719,155477097782
0,170240,PUT,155477097865,155477097923
0,170496,PUT,155477098138,155477098199
0,170752,PUT,155477098264,155477098290
0,171008,PUT,155477098358,155477098422
0,171264,PUT,155477098991,155477099051
0,171520,PUT,155477099117,155477099188
0,171776,PUT,155477099492,155477099557
0,172032,PUT,155477099655,155477099719
0,172288,PUT,155477100028,155477100089
0,172544,PUT,155477100197,155477100224
0,172800,PUT,155477100287,155477100312
0,173056,PUT,155477100620,155477100591
0,173312,PUT,155477100743,155477100813
0,173568,PUT,155477101046,155477101112
0,173824,PUT,155477101594,155477101655
0,174080,PUT,155477101739,155477101802
0,174336,PUT,155477102196,155477102257
0,174592,PUT,155477102483,155477102542
0,174848,PUT,155477102606,155477102632
0,175104,PUT,155477104430,155477104493
0,175360,PUT,155477104669,155477104732
0,175616,PUT,155477104970,155477105030
0,175872,PUT,155477105139,155477105211
0,176128,PUT,155477105933,155477105994
0,176384,PUT,155477106260,155477106315
0,176640,PUT,155477106571,155477106598
0,176896,PUT,155477106656,155477106682
0,177152,PUT,155477106742,155477106767
0,177408,PUT,155477106827,155477106893
0,177664,PUT,155477106999,155477107054
0,177920,PUT,155477107283,155477107347
0,178176,PUT,155477107600,155477107662
0,178432,PUT,155477107740,155477107796
0,178688,PUT,155477107907,155477107889
0,178944,PUT,155477107997,155477108055
0,179200,PUT,155477108113,155477108185
0,179456,PUT,155477109839,155477109901
0,179712,PUT,155477110010,155477110090
0,179968,PUT,155477110318,155477110383
0,180224,PUT,155477110452,155477110478
0,180480,PUT,155477110707,155477110732
0,180736,PUT,155477110886,155477110911
0,180992,PUT,155477110978,155477111003
0,181248,PUT,155477111299,155477111324
0,181504,PUT,155477111353,155477111380
0,181760,PUT,155477111652,155477111677
0,182016,PUT,155477111709,155477111735
0,182272,PUT,155477111767,155477111793
0,182528,PUT,155477111823,155477111850
0,182784,PUT,155477111879,155477111904
0,183040,PUT,155477111934,155477111960
0,183296,PUT,155477112113,155477112139
0,183552,PUT,155477112405,155477112431
0,183808,PUT,155477112734,155477112759
0,184064,PUT,155477112833,155477112903
0,184320,PUT,155477113061,155477113124
0,184576,PUT,155477113238,155477113302
0,184832,PUT,155477113731,155477113798
0,185088,PUT,155477114345,155477114406
0,185344,PUT,155477114629,155477114690
0,185600,PUT,155477114754,155477114779
0,185856,PUT,155477114838,155477114864
0,186112,PUT,155477114922,155477114950
0,186368,PUT,155477115007,155477115081
0,186624,PUT,155477115343,155477115397
0,186880,PUT,155477115876,155477115936
0,187136,PUT,155477116020,155477116082
0,187392,PUT,155477116319,155477116384
0,187648,PUT,155477116449,155477116520
0,187904,PUT,155477116638,155477116700
0,188160,PUT,155477116830,155477116890
0,188416,PUT,155477117029,155477117094
0,188672,PUT,155477117322,155477117381
0,188928,PUT,155477117445,155477117471
0,189184,PUT,155477117837,155477117898
0,189440,PUT,155477118472,155477118457
0,189696,PUT,155477118594,155477118663
0,189952,PUT,155477119061,155477119127
0,190208,PUT,155477119268,155477119328
0,190464,PUT,155477119455,155477119517
0,190720,PUT,155477119939,155477119999
0,190976,PUT,155477120869,155477120930
0,191232,PUT,155477121021,155477121081
0,191488,PUT,155477121319,155477121385
0,191744,PUT,155477121471,155477121596
0,192000,PUT,155477121751,155477121818
0,192256,PUT,155477122415,155477122475
0,192512,PUT,155477122695,155477122756
0,192768,PUT,155477122972,155477122998
0,193024,PUT,155477123056,155477123117
0,193280,PUT,155477123307,155477123369
0,193536,PUT,155477123518,155477123577
0,193792,PUT,155477123688,155477123743
0,194048,PUT,155477124217,155477124242
0,194304,PUT,155477124305,155477124330
0,194560,PUT,155477124580,155477124569
0,194816,PUT,155477124715,155477124731
0,195072,PUT,155477125272,155477125334
0,195328,PUT,155477125440,155477125513
0,195584,PUT,155477125624,155477125679
0,195840,PUT,155477125757,155477125784
0,196096,PUT,155477126229,155477126293
0,196352,PUT,155477126555,155477126579
0,196608,PUT,155477126686,155477126704
0,196864,PUT,155477126964,155477126988
0,197120,PUT,155477127207,155477127276
0,197376,PUT,155477127837,155477127908
0,197632,PUT,155477128069,155477128137
0,197888,PUT,155477128330,155477128387
0,198144,PUT,155477128799,155477128826
0,198400,PUT,155477129132,155477129198
0,198656,PUT,155477129306,155477129286
0,198912,PUT,155477129395,155477129453
0,199168,PUT,155477129561,155477129632
0,199424,PUT,155477130190,155477130219
0,199680,PUT,155477130319,155477130348
0,199936,PUT,155477130742,155477130802
0,200192,PUT,155477131440,155477131500
0,200448,PUT,155477131766,155477131828
0,200704,PUT,155477131936,155477131962
0,200960,PUT,155477132294,155477132370
0,201216,PUT,155477132449,155477132510
0,201472,PUT,155477132573,155477132600
0,201728,PUT,155477132658,155477132684
0,201984,PUT,155477132901,155477132961
0,202240,PUT,155477133454,155477133516
0,202496,PUT,155477133910,155477133968
0,202752,PUT,155477134875,155477134936
0,203008,PUT,155477135197,155477135258
0,203264,PUT,155477135546,155477135613
0,203520,PUT,155477135774,155477135841
0,203776,PUT,155477135918,155477135976
0,204032,PUT,155477136393,155477136453
0,204288,PUT,155477136706,155477136733
0,204544,PUT,155477136923,155477136994
0,204800,PUT,155477137120,155477137176
0,205056,PUT,155477137234,155477137314
0,205312,PUT,155477137661,155477137725
0,205568,PUT,155477137947,155477138009
0,205824,PUT,155477138616,155477138677
0,206080,PUT,155477138782,155477138836
0,206336,PUT,155477139241,155477139201
0,206592,PUT,155477139476,155477139544
0,206848,PUT,155477139650,155477139724
0,207104,PUT,155477140091,155477140152
0,207360,PUT,155477140480,155477140547
0,207616,PUT,155477140652,155477140727
0,207872,PUT,155477141109,155477141165
0,208128,PUT,155477141248,155477141310
0,208384,PUT,155477141766,155477141836
0,208640,PUT,155477141940,155477141994
0,208896,PUT,155477142260,155477142321
0,209152,PUT,155477142505,155477142531
0,209408,PUT,155477142632,155477142692
0,209664,PUT,155477143067,155477143046
0,209920,PUT,155477143314,155477143375
0,210176,PUT,155477143720,155477143796
0,210432,PUT,155477143958,155477144018
0,210688,PUT,155477144234,155477144295
0,210944,PUT,155477144545,155477144603
0,211200,PUT,155477144948,155477145006
0,211456,PUT,155477145115,155477145185
0,211712,PUT,155477145289,155477145362
0,211968,PUT,155477145474,155477145528
0,212224,PUT,155477145796,155477145821
0,212480,PUT,155477146696,155477146722
0,212736,PUT,155477147097,155477147164
0,212992,PUT,155477147227,155477147290
0,213248,PUT,155477147445,155477147506
0,213504,PUT,155477147736,155477147799
0,213760,PUT,155477147907,155477147961
0,214016,PUT,155477148047,155477148110
0,214272,PUT,155477148792,155477148852
0,214528,PUT,155477149120,155477149180
0,214784,PUT,155477149480,155477149534
0,215040,PUT,155477149592,155477149619
0,215296,PUT,155477149955,155477150017
0,215552,PUT,155477150285,155477150346
0,215808,PUT,155477150409,155477150436
0,216064,PUT,155477151101,155477151161
0,216320,PUT,155477151269,155477151339
0,216576,PUT,155477151418,155477151475
0,216832,PUT,155477152053,155477152120
0,217088,PUT,155477152183,155477152250
0,217344,PUT,155477152356,155477152411
0,217600,PUT,155477154135,155477154198
0,217856,PUT,155477154473,155477154500
0,218112,PUT,155477154721,155477154779
0,218368,PUT,155477155349,155477155414
0,218624,PUT,155477156496,155477156564
0,218880,PUT,155477156852,155477156913
0,219136,PUT,155477157407,155477157467
0,219392,PUT,155477157530,155477157557
0,219648,PUT,155477157773,155477157833
0,219904,PUT,155477158111,155477158137
0,220160,PUT,155477158503,155477158568
0,220416,PUT,155477159186,155477159241
0,220672,PUT,155477159273,155477159299
0,220928,PUT,155477159330,155477159356
0,221184,PUT,155477159387,155477159414
0,221440,PUT,155477159479,155477159506
0,221696,PUT,155477159633,155477159658
0,221952,PUT,155477159689,155477159715
0,222208,PUT,155477159746,155477159773
0,222464,PUT,155477159802,155477159827
0,222720,PUT,155477159859,155477159885
0,222976,PUT,155477160008,155477160075
0,223232,PUT,155477160328,155477160388
0,223488,PUT,155477160872,155477160934
0,223744,PUT,155477161170,155477161236
0,224000,PUT,155477161506,155477161561
0,224256,PUT,155477161618,155477161644
0,224512,PUT,155477161703,155477161729
0,224768,PUT,155477161786,155477161861
0,225024,PUT,155477161980,155477162042
0,225280,PUT,155477162171,155477162188
0,225536,PUT,155477162299,155477162318
0,225792,PUT,155477162387,155477162446
0,226048,PUT,155477163196,155477163260
0,226304,PUT,155477163322,155477163389
0,226560,PUT,155477163473,155477163593
0,226816,PUT,155477163956,155477164017
0,227072,PUT,155477164127,155477164197
0,227328,PUT,155477164340,155477164367
0,227584,PUT,155477164809,155477164866
0,227840,PUT,155477165089,155477165114
0,228096,PUT,155477165174,155477165235
0,228352,PUT,155477165468,155477165527
0,228608,PUT,155477165638,155477165664
0,228864,PUT,155477165723,155477165750
0,229120,PUT,155477165807,155477165833
0,229376,PUT,155477165891,155477165961
0,229632,PUT,155477166044,155477166128
0,229888,PUT,155477166580,155477166641
0,230144,PUT,155477167004,155477167070
0,230400,PUT,155477167180,155477167235
0,230656,PUT,155477167572,155477167631
0,230912,PUT,155477167967,155477168026
0,231168,PUT,155477168166,155477168228
0,231424,PUT,155477168317,155477168377
0,231680,PUT,155477168598,155477168665
0,231936,PUT,155477168729,155477168754
0,232192,PUT,155477168812,155477168838
0,232448,PUT,155477169315,155477169386
0,232704,PUT,155477169644,155477169711
0,232960,PUT,155477169870,155477169939
0,233216,PUT,155477170043,155477170111
0,233472,PUT,155477171066,155477171131
0,233728,PUT,155477171504,155477171530
0,233984,PUT,155477172014,155477172074
0,234240,PUT,155477172487,155477172513
0,234496,PUT,155477172571,155477172597
0,234752,PUT,155477172812,155477172873
0,235008,PUT,155477173150,155477173211
0,235264,PUT,155477173315,155477173371
0,235520,PUT,155477173645,155477173672
0,235776,PUT,155477173926,155477173988
0,236032,PUT,155477174483,155477174540
0,236288,PUT,155477174762,155477174823
0,236544,PUT,155477175049,155477175109
0,236800,PUT,155477175173,155477175200
0,237056,PUT,155477175443,155477175471
0,237312,PUT,155477175571,155477175644
0,237568,PUT,155477175727,155477175784
0,237824,PUT,155477176049,155477176111
0,238080,PUT,155477176407,155477176469
0,238336,PUT,155477176553,155477176611
0,238592,PUT,155477176695,155477176756
0,238848,PUT,155477177048,155477177108
0,239104,PUT,155477177334,155477177395
0,239360,PUT,155477177606,155477177667
0,239616,PUT,155477177793,155477177756
0,239872,PUT,155477178284,155477178345
0,240128,PUT,155477178458,155477178438
0,240384,PUT,155477179285,155477179347
0,240640,PUT,155477179462,155477179487
0,240896,PUT,155477179992,155477180052
0,241152,PUT,155477180313,155477180375
0,241408,PUT,155477180590,155477180651
0,241664,PUT,155477181057,155477181121
0,241920,PUT,155477181200,155477181258
0,242176,PUT,155477181521,155477181548
0,242432,PUT,155477181704,155477181772
0,242688,PUT,155477182011,155477182074
0,242944,PUT,155477182136,155477182163
0,243200,PUT,155477182373,155477182433
0,243456,PUT,155477183105,155477183168
0,243712,PUT,155477183579,155477183640
0,243968,PUT,155477184285,155477184351
0,244224,PUT,155477184459,155477184485
0,244480,PUT,155477184569,155477184631
0,244736,PUT,155477184741,155477184807
0,244992,PUT,155477184891,155477184948
0,245248,PUT,155477185033,155477185095
0,245504,PUT,155477185224,155477185285
0,245760,PUT,155477185423,155477185486
0,246016,PUT,155477186154,155477186220
0,246272,PUT,155477186572,155477186634
0,246528,PUT,155477186866,155477186926
0,246784,PUT,155477187011,155477187075
0,247040,PUT,155477187316,155477187377
0,247296,PUT,155477187492,155477187562
0,247552,PUT,155477188227,155477188287
0,247808,PUT,155477188635,155477188633
0,248064,PUT,155477188746,155477188806
0,248320,PUT,155477188913,155477188980
0,248576,PUT,155477189061,155477189123
0,248832,PUT,155477189210,155477189273
0,249088,PUT,155477189548,155477189573
0,249344,PUT,155477189673,155477189738
0,249600,PUT,155477190133,155477190198
0,249856,PUT,155477190479,155477190541
0,250112,PUT,155477190649,155477190678
0,250368,PUT,155477190980,155477191040
0,250624,PUT,155477191310,155477191375
0,250880,PUT,155477191490,155477191545
0,251136,PUT,155477191776,155477191839
0,251392,PUT,155477191905,155477191931
0,251648,PUT,155477191990,155477192016
0,251904,PUT,155477192073,155477192100
0,252160,PUT,155477193055,155477193121
0,252416,PUT,155477193378,155477193438
0,252672,PUT,155477193507,155477193572
0,252928,PUT,155477193856,155477193888
0,253184,PUT,155477193956,155477194015
0,253440,PUT,155477194079,155477194104
0,253696,PUT,155477194163,155477194189
0,253952,PUT,155477194783,155477194843
0,254208,PUT,155477195220,155477195281
0,254464,PUT,155477195344,155477195369
0,254720,PUT,155477195454,155477195520
0,254976,PUT,155477195606,155477195666
0,255232,PUT,155477195965,155477196027
0,255488,PUT,155477196287,155477196353
0,255744,PUT,155477196622,155477196644
0,256000,PUT,155477196948,155477196974
0,256256,PUT,155477197357,155477197422
0,256512,PUT,155477197598,155477197661
0,256768,PUT,155477197892,155477197951
0,257024,PUT,155477198170,155477198195
0,257280,PUT,155477198849,155477198909
0,257536,PUT,155477199380,155477199441
0,257792,PUT,155477200080,155477200151
0,258048,PUT,155477200524,155477200588
0,258304,PUT,155477205616,155477205685
0,258560,PUT,155477205796,155477205823
0,258816,PUT,155477206254,155477206314
0,259072,PUT,155477207294,155477207379
0,259328,PUT,155477207700,155477207760
0,259584,PUT,155477207865,155477207852
0,259840,PUT,155477207956,155477208011
0,260096,PUT,155477208184,155477208246
0,260352,PUT,155477208330,155477208386
0,260608,PUT,155477208498,155477208523
0,260864,PUT,155477208684,155477208709
0,261120,PUT,155477208742,155477208769
0,261376,PUT,155477208798,155477208824
0,261632,PUT,155477208853,155477208879
0,261888,PUT,155477209284,155477209310
0,262144,PUT,155477209432,155477209459
0,262400,PUT,155477210456,155477210519
0,262656,PUT,155477210628,155477210722
0,262912,PUT,155477211099,155477211181
0,263168,PUT,155477211287,155477211357
0,263424,PUT,155477211639,155477211716
0,263680,PUT,155477211795,155477211854
0,263936,PUT,155477211970,155477211950
0,264192,PUT,155477212061,155477212119
0,264448,PUT,155477212796,155477212858
0,264704,PUT,155477213154,155477213172
0,264960,PUT,155477213252,155477213316
0,265216,PUT,155477213580,155477213649
0,265472,PUT,155477213745,155477213815
0,265728,PUT,155477213927,155477213998
0,265984,PUT,155477214649,155477214619
0,266240,PUT,155477214890,155477214947
0,266496,PUT,155477215197,155477215260
0,266752,PUT,155477215460,155477215519
0,267008,PUT,155477215781,155477215808
0,267264,PUT,155477216139,155477216218
0,267520,PUT,155477216440,155477216502
0,267776,PUT,155477216724,155477216786
0,268032,PUT,155477216894,155477216967
0,268288,PUT,155477217299,155477217286
0,268544,PUT,155477217391,155477217450
0,268800,PUT,155477217515,155477217542
0,269056,PUT,155477217916,155477217980
0,269312,PUT,155477218060,155477218118
0,269568,PUT,155477218332,155477218394
0,269824,PUT,155477218760,155477218820
0,270080,PUT,155477219090,155477219151
0,270336,PUT,155477219477,155477219546
0,270592,PUT,155477219655,155477219729
0,270848,PUT,155477220774,155477220835
0,271104,PUT,155477220966,155477221028
0,271360,PUT,155477221135,155477221193
0,271616,PUT,155477221286,155477221348
0,271872,PUT,155477221597,155477221659
0,272128,PUT,155477221771,155477221843
0,272384,PUT,155477221959,155477222012
0,272640,PUT,155477222101,155477222164
0,272896,PUT,155477222274,155477222341
0,273152,PUT,155477222660,155477222721
0,273408,PUT,155477223112,155477223175
0,273664,PUT,155477223241,155477223312
0,273920,PUT,155477223377,155477223439
0,274176,PUT,155477223636,155477223700
0,274432,PUT,155477223978,155477224038
0,274688,PUT,155477224148,155477224214
0,274944,PUT,155477224528,155477224589
0,275200,PUT,155477224702,155477224729
0,275456,PUT,155477224789,155477224862
0,275712,PUT,155477225452,155477225514
0,275968,PUT,155477225625,155477225681
0,276224,PUT,155477225742,155477225770
0,276480,PUT,155477226012,155477226075
0,276736,PUT,155477226157,155477226214
0,276992,PUT,155477226279,155477226307
0,277248,PUT,155477226367,155477226434
0,277504,PUT,155477226504,155477226569
0,277760,PUT,155477226946,155477227013
0,278016,PUT,155477227732,155477227794
0,278272,PUT,155477228055,155477228083
0,278528,PUT,155477228141,155477228168
0,278784,PUT,155477228228,155477228299
0,279040,PUT,155477228515,155477228575
0,279296,PUT,155477228645,155477228672
0,279552,PUT,155477229049,155477229110
0,279808,PUT,155477229225,155477229297
0,280064,PUT,155477229410,155477229467
0,280320,PUT,155477229532,155477229559
0,280576,PUT,155477229619,155477229646
0,280832,PUT,155477229707,155477229777
0,281088,PUT,155477230439,155477230502
0,281344,PUT,155477230718,155477230780
0,281600,PUT,155477230997,155477231058
0,281856,PUT,155477231121,155477231149
0,282112,PUT,155477232141,155477232201
0,282368,PUT,155477233075,155477233137
0,282624,PUT,155477233202,155477233229
0,282880,PUT,155477233597,155477233658
0,283136,PUT,155477233771,155477233826
0,283392,PUT,155477233886,155477233914
0,283648,PUT,155477233998,155477234061
0,283904,PUT,155477234384,155477234446
0,284160,PUT,155477234556,155477234583
0,284416,PUT,155477235064,155477235136
0,284672,PUT,155477235642,155477235705
0,284928,PUT,155477235814,155477235876
0,285184,PUT,155477236333,155477236393
0,285440,PUT,155477236503,155477236571
0,285696,PUT,155477236652,155477236709
0,285952,PUT,155477237080,155477237108
0,286208,PUT,155477237169,155477237195
0,286464,PUT,155477237880,155477237943
0,286720,PUT,155477238593,155477238655
0,286976,PUT,155477239063,155477239131
0,287232,PUT,155477239217,155477239280
0,287488,PUT,155477239560,155477239619
0,287744,PUT,155477240016,155477240077
0,288000,PUT,155477240139,155477240166
0,288256,PUT,155477240393,155477240454
0,288512,PUT,155477240720,155477240747
0,288768,PUT,155477241064,155477241124
0,289024,PUT,155477241552,155477241614
0,289280,PUT,155477241729,155477241800
0,289536,PUT,155477242066,155477242122
0,289792,PUT,155477242365,155477242352
0,290048,PUT,155477242608,155477242666
0,290304,PUT,155477242735,155477242801
0,290560,PUT,155477243170,155477243225
0,290816,PUT,155477243541,155477243603
0,291072,PUT,155477243822,155477243883
0,291328,PUT,155477244017,155477243977
0,291584,PUT,155477245196,155477245260
0,291840,PUT,155477245667,155477245728
0,292096,PUT,155477246302,155477246364
0,292352,PUT,155477246477,155477246505
0,292608,PUT,155477246716,155477246744
0,292864,PUT,155477246807,155477246871
0,293120,PUT,155477247130,155477247193
0,293376,PUT,155477247261,155477247288
0,293632,PUT,155477247962,155477248023
0,293888,PUT,155477248384,155477248344
0,294144,PUT,155477248474,155477248533
0,294400,PUT,155477248598,155477248671
0,294656,PUT,155477248888,155477248948
0,294912,PUT,155477249041,155477249102
0,295168,PUT,155477249214,155477249280
0,295424,PUT,155477249512,155477249569
0,295680,PUT,155477249678,155477249703
0,295936,PUT,155477250068,155477250095
0,296192,PUT,155477250165,155477250225
0,296448,PUT,155477250461,155477250520
0,296704,PUT,155477250605,155477250667
0,296960,PUT,155477252294,155477252357
0,297216,PUT,155477252596,155477252657
0,297472,PUT,155477252765,155477252790
0,297728,PUT,155477252849,155477252876
0,297984,PUT,155477253285,155477253349
0,298240,PUT,155477253471,155477253543
0,298496,PUT,155477253648,155477253716
0,298752,PUT,155477253950,155477254010
0,299008,PUT,155477254150,155477254213
0,299264,PUT,155477254310,155477254367
0,299520,PUT,155477254715,155477254775
0,299776,PUT,155477254994,155477255020
0,300032,PUT,155477255211,155477255237
0,300288,PUT,155477255268,155477255294
0,300544,PUT,155477255387,155477255415
0,300800,PUT,155477255512,155477255537
0,301056,PUT,155477255568,155477255596
0,301312,PUT,155477255634,155477255661
0,301568,PUT,155477255759,155477255785
0,301824,PUT,155477255946,155477255972
0,302080,PUT,155477256070,155477256097
0,302336,PUT,155477256127,155477256153
0,302592,PUT,155477256185,155477256212
0,302848,PUT,155477256559,155477256621
0,303104,PUT,155477256797,155477256860
0,303360,PUT,155477256929,155477256994
0,303616,PUT,155477257063,155477257119
0,303872,PUT,155477257206,155477257270
0,304128,PUT,155477257356,155477257414
0,304384,PUT,155477257678,155477257740
0,304640,PUT,155477257890,155477257946
0,304896,PUT,155477258039,155477258101
0,305152,PUT,155477258502,155477258564
0,305408,PUT,155477258778,155477258804
0,305664,PUT,155477259023,155477259049
0,305920,PUT,155477259859,155477259920
0,306176,PUT,155477261135,155477261201
0,306432,PUT,155477261313,155477261341
0,306688,PUT,155477262433,155477262494
0,306944,PUT,155477262713,155477262774
0,307200,PUT,155477262902,155477262966
0,307456,PUT,155477263710,155477263765
0,307712,PUT,155477264222,155477264282
0,307968,PUT,155477265089,155477265189
0,308224,PUT,155477265256,155477265282
0,308480,PUT,155477265585,155477265646
0,308736,PUT,155477265998,155477266061
0,308992,PUT,155477266147,155477266210
0,309248,PUT,155477266322,155477266390
0,309504,PUT,155477266710,155477266773
0,309760,PUT,155477266840,155477266867
0,310016,PUT,155477266977,155477267046
0,310272,PUT,155477267155,155477267227
0,310528,PUT,155477267442,155477267504
0,310784,PUT,155477267610,155477267665
0,311040,PUT,155477268099,155477268161
0,311296,PUT,155477268423,155477268488
0,311552,PUT,155477268718,155477268777
0,311808,PUT,155477268864,155477268927
0,312064,PUT,155477269020,155477269078
0,312320,PUT,155477269167,155477269195
0,312576,PUT,155477269281,155477269342
0,312832,PUT,155477269645,155477269709
0,313088,PUT,155477269826,155477269855
0,313344,PUT,155477270762,155477270823
0,313600,PUT,155477271409,155477271469
0,313856,PUT,155477271943,155477272004
0,314112,PUT,155477272117,155477272185
0,314368,PUT,155477272266,155477272324
0,314624,PUT,155477272484,155477272511
0,314880,PUT,155477272571,155477272597
0,315136,PUT,155477273047,155477273108
0,315392,PUT,155477273513,155477273574
0,315648,PUT,155477273838,155477273903
0,315904,PUT,155477274222,155477274284
0,316160,PUT,155477274503,155477274564
0,316416,PUT,155477274624,155477274649
0,316672,PUT,155477274723,155477274749
0,316928,PUT,155477274810,155477274880
0,317184,PUT,155477275021,155477275083
0,317440,PUT,155477275193,155477275261
0,317696,PUT,155477275527,155477275590
0,317952,PUT,155477276072,155477276133
0,318208,PUT,155477276200,155477276259
0,318464,PUT,155477276319,155477276346
0,318720,PUT,155477276708,155477276770
0,318976,PUT,155477277030,155477277092
0,319232,PUT,155477277348,155477277409
0,319488,PUT,155477277794,155477277856
0,319744,PUT,155477277928,155477277954
0,320000,PUT,155477278320,155477278346
0,320256,PUT,155477278405,155477278432
0,320512,PUT,155477278642,155477278670
0,320768,PUT,155477278737,155477278799
0,321024,PUT,155477278907,155477278975
0,321280,PUT,155477279091,155477279155
0,321536,PUT,155477279395,155477279456
0,321792,PUT,155477279542,155477279605
0,322048,PUT,155477279724,155477279791
0,322304,PUT,155477279898,155477279966
0,322560,PUT,155477280749,155477280811
0,322816,PUT,155477281053,155477281116
0,323072,PUT,155477281378,155477281442
0,323328,PUT,155477281868,155477281889
0,323584,PUT,155477282111,155477282168
0,323840,PUT,155477282386,155477282446
0,324096,PUT,155477282898,155477282960
0,324352,PUT,155477283462,155477283523
0,324608,PUT,155477283873,155477283934
0,324864,PUT,155477284199,155477284261
0,325120,PUT,155477284517,155477284580
0,325376,PUT,155477284661,155477284720
0,325632,PUT,155477284949,155477284976
0,325888,PUT,155477285332,155477285359
0,326144,PUT,155477285580,155477285640
0,326400,PUT,155477285985,155477286046
0,326656,PUT,155477286257,155477286332
0,326912,PUT,155477287360,155477287421
0,327168,PUT,155477288187,155477288248
0,327424,PUT,155477288354,155477288421
0,327680,PUT,155477288532,155477288599
0,327936,PUT,155477288682,155477288738
0,328192,PUT,155477288859,155477288829
0,328448,PUT,155477290056,155477290118
0,328704,PUT,155477290224,155477290280
0,328960,PUT,155477290364,155477290427
0,329216,PUT,155477290515,155477290577
0,329472,PUT,155477290990,155477291054
0,329728,PUT,155477291336,155477291353
0,329984,PUT,155477291457,155477291526
0,330240,PUT,155477292084,155477292146
0,330496,PUT,155477292485,155477292558
0,330752,PUT,155477292792,155477292853
0,331008,PUT,155477292947,155477293069
0,331264,PUT,155477293189,155477293247
0,331520,PUT,155477293460,155477293488
0,331776,PUT,155477293548,155477293574
0,332032,PUT,155477293942,155477293970
0,332288,PUT,155477294000,155477294027
0,332544,PUT,155477294087,155477294114
0,332800,PUT,155477294455,155477294527
0,333056,PUT,155477294859,155477294923
0,333312,PUT,155477295041,155477295109
0,333568,PUT,155477295218,155477295289
0,333824,PUT,155477295367,155477295426
0,334080,PUT,155477295738,155477295799
0,334336,PUT,155477295906,155477295961
0,334592,PUT,155477296019,155477296046
0,334848,PUT,155477296105,155477296131
0,335104,PUT,155477296193,155477296220
0,335360,PUT,155477296305,155477296367
0,335616,PUT,155477296912,155477296970
0,335872,PUT,155477297078,155477297105
0,336128,PUT,155477297324,155477297385
0,336384,PUT,155477297452,155477297517
0,336640,PUT,155477297605,155477297724
0,336896,PUT,155477298328,155477298390
0,337152,PUT,155477300152,155477300221
0,337408,PUT,155477300329,155477300402
0,337664,PUT,155477300464,155477300526
0,337920,PUT,155477300938,155477300999
0,338176,PUT,155477301107,155477301185
0,338432,PUT,155477301273,155477301359
0,338688,PUT,155477301551,155477301635
0,338944,PUT,155477301892,155477301921
0,339200,PUT,155477302049,155477302075
0,339456,PUT,155477302109,155477302135
0,339712,PUT,155477302166,155477302193
0,339968,PUT,155477302846,155477302874
0,340224,PUT,155477302902,155477302929
0,340480,PUT,155477302958,155477302986
0,340736,PUT,155477303135,155477303163
0,340992,PUT,155477303193,155477303219
0,341248,PUT,155477303250,155477303275
0,341504,PUT,155477303546,155477303610
0,341760,PUT,155477303782,155477303769
0,342016,PUT,155477304110,155477304171
0,342272,PUT,155477304405,155477304466
0,342528,PUT,155477304574,155477304646
0,342784,PUT,155477304714,155477304776
0,343040,PUT,155477304881,155477304935
0,343296,PUT,155477305144,155477305170
0,343552,PUT,155477305233,155477305259
0,343808,PUT,155477305473,155477305499
0,344064,PUT,155477305529,155477305556
0,344320,PUT,155477305616,155477305644
0,344576,PUT,155477305891,155477305952
0,344832,PUT,155477306212,155477306273
0,345088,PUT,155477306918,155477306979
0,345344,PUT,155477307087,155477307114
0,345600,PUT,155477307177,155477307203
0,345856,PUT,155477307999,155477308059
0,346112,PUT,155477308125,155477308152
0,346368,PUT,155477308226,155477308291
0,346624,PUT,155477309109,155477309168
0,346880,PUT,155477309281,155477309347
0,347136,PUT,155477309616,155477309676
0,347392,PUT,155477309785,155477309851
0,347648,PUT,155477310246,155477310307
0,347904,PUT,155477310412,155477310467
0,348160,PUT,155477310528,155477310554
0,348416,PUT,155477310612,155477310685
0,348672,PUT,155477311056,155477311117
0,348928,PUT,155477311335,155477311363
0,349184,PUT,155477311674,155477311743
0,349440,PUT,155477311808,155477311835
0,349696,PUT,155477312934,155477312998
0,349952,PUT,155477313101,155477313161
0,350208,PUT,155477313626,155477313688
0,350464,PUT,155477313752,155477313779
0,350720,PUT,155477313839,155477313865
0,350976,PUT,155477314229,155477314291
0,351232,PUT,155477314378,155477314440
0,351488,PUT,155477314682,155477314743
0,351744,PUT,155477315016,155477315077
0,352000,PUT,155477315184,155477315256
0,352256,PUT,155477315323,155477315378
0,352512,PUT,155477315438,155477315465
0,352768,PUT,155477315551,155477315615
0,353024,PUT,155477316184,155477316246
0,353280,PUT,155477316353,155477316409
0,353536,PUT,155477316468,155477316495
0,353792,PUT,155477316718,155477316779
0,354048,PUT,155477316960,155477316945
0,354304,PUT,155477317089,155477317108
0,354560,PUT,155477317219,155477317238
0,354816,PUT,155477317471,155477317531
0,355072,PUT,155477318025,155477318086
0,355328,PUT,155477318151,155477318178
0,355584,PUT,155477318398,155477318425
0,355840,PUT,155477318629,155477318690
0,356096,PUT,155477318942,155477318997
0,356352,PUT,155477319142,155477319168
0,356608,PUT,155477319202,155477319228
0,356864,PUT,155477319363,155477319390
0,357120,PUT,155477319534,155477319562
0,357376,PUT,155477319712,155477319739
0,357632,PUT,155477319857,155477319883
0,357888,PUT,155477319916,155477319944
0,358144,PUT,155477320094,155477320120
0,358400,PUT,155477320246,155477320274
0,358656,PUT,155477320304,155477320330
0,358912,PUT,155477320361,155477320387
0,359168,PUT,155477320418,155477320445
0,359424,PUT,155477320477,155477320503
0,359680,PUT,155477320562,155477320588
0,359936,PUT,155477320620,155477320647
0,360192,PUT,155477320678,155477320703
0,360448,PUT,155477321028,155477321055
0,360704,PUT,155477321085,155477321112
0,360960,PUT,155477321142,155477321168
0,361216,PUT,155477321202,155477321228
0,361472,PUT,155477321323,155477321349
0,361728,PUT,155477321382,155477321408
0,361984,PUT,155477321602,155477321629
0,362240,PUT,155477321661,155477321686
0,362496,PUT,155477321830,155477321858
0,362752,PUT,155477321945,155477321973
0,363008,PUT,155477322067,155477322094
0,363264,PUT,155477322124,155477322150
0,363520,PUT,155477322180,155477322208
0,363776,PUT,155477322270,155477322296
0,364032,PUT,155477322327,155477322355
0,364288,PUT,155477322506,155477322533
0,364544,PUT,155477322564,155477322590
0,364800,PUT,155477322685,155477322712
0,365056,PUT,155477322742,155477322767
0,365312,PUT,155477322798,155477322824
0,365568,PUT,155477322855,155477322882
0,365824,PUT,155477322944,155477322971
0,366080,PUT,155477323108,155477323135
0,366336,PUT,155477323404,155477323431
0,366592,PUT,155477323460,155477323487
0,366848,PUT,155477323699,155477323726
0,367104,PUT,155477323760,155477323785
0,367360,PUT,155477323820,155477323846
0,367616,PUT,155477323983,155477324010
0,367872,PUT,155477324072,155477324099
0,368128,PUT,155477324129,155477324157
0,368384,PUT,155477324186,155477324213
0,368640,PUT,155477324299,155477324327
0,368896,PUT,155477324358,155477324386
0,369152,PUT,155477324598,155477324625
0,369408,PUT,155477324995,155477325021
0,369664,PUT,155477325110,155477325136
0,369920,PUT,155477325195,155477325221
0,370176,PUT,155477325251,155477325278
0,370432,PUT,155477325499,155477325526
0,370688,PUT,155477325676,155477325703
0,370944,PUT,155477325831,155477325857
0,371200,PUT,155477325891,155477325917
0,371456,PUT,155477325947,155477325975
0,371712,PUT,155477326311,155477326338
0,371968,PUT,155477326630,155477326656
0,372224,PUT,155477326981,155477327009
0,372480,PUT,155477327050,155477327075
0,372736,PUT,155477327171,155477327196
0,372992,PUT,155477327292,155477327318
0,373248,PUT,155477327348,155477327376
0,373504,PUT,155477327405,155477327432
0,373760,PUT,155477327596,155477327623
0,374016,PUT,155477327656,155477327683
0,374272,PUT,155477327712,155477327739
0,374528,PUT,155477327952,155477327980
0,374784,PUT,155477328012,155477328039
0,375040,PUT,155477328252,155477328278
0,375296,PUT,155477328308,155477328335
0,375552,PUT,155477328523,155477328549
0,375808,PUT,155477328580,155477328606
0,376064,PUT,155477328701,155477328728
0,376320,PUT,155477328995,155477329022
0,376576,PUT,155477329110,155477329136
0,376832,PUT,155477329167,155477329194
0,377088,PUT,155477329286,155477329312
0,377344,PUT,155477329462,155477329489
0,377600,PUT,155477329518,155477329544
0,377856,PUT,155477329578,155477329605
0,378112,PUT,155477329817,155477329845
0,378368,PUT,155477330105,155477330132
0,378624,PUT,155477330161,155477330189
0,378880,PUT,155477330220,155477330247
0,379136,PUT,155477330278,155477330305
0,379392,PUT,155477330398,155477330424
0,379648,PUT,155477330517,155477330545
0,379904,PUT,155477330574,155477330601
0,380160,PUT,155477330636,155477330662
0,380416,PUT,155477330867,155477330894
0,380672,PUT,155477330985,155477331012
0,380928,PUT,155477331108,155477331133
0,381184,PUT,155477331167,155477331194
0,381440,PUT,155477331225,155477331251
0,381696,PUT,155477331283,155477331310
0,381952,PUT,155477331341,155477331368
0,382208,PUT,155477331401,155477331427
0,382464,PUT,155477331458,155477331486
0,382720,PUT,155477331517,155477331543
0,382976,PUT,155477331645,155477331672
0,383232,PUT,155477331765,155477331792
0,383488,PUT,155477331941,155477331966
0,383744,PUT,155477331997,155477332023
0,384000,PUT,155477333180,155477333207
0,384256,PUT,155477333241,155477333268
0,384512,PUT,155477333298,155477333325
0,384768,PUT,155477333516,155477333543
0,385024,PUT,155477333573,155477333600
0,385280,PUT,155477333629,155477333656
0,385536,PUT,155477333688,155477333716
0,385792,PUT,155477333746,155477333771
0,386048,PUT,155477333801,155477333828
0,386304,PUT,155477334029,155477334055
0,386560,PUT,155477334327,155477334354
0,386816,PUT,155477334387,155477334414
0,387072,PUT,155477334546,155477334573
0,387328,PUT,155477334604,155477334632
0,387584,PUT,155477334832,155477334857
0,387840,PUT,155477334889,155477334916
0,388096,PUT,155477334946,155477334973
0,388352,PUT,155477335068,155477335094
0,388608,PUT,155477335238,155477335265
0,388864,PUT,155477335295,155477335323
0,389120,PUT,155477335354,155477335381
0,389376,PUT,155477335474,155477335501
0,389632,PUT,155477335651,155477335678
0,389888,PUT,155477335884,155477335909
0,390144,PUT,155477335940,155477335966
0,390400,PUT,155477336124,155477336150
0,390656,PUT,155477336238,155477336265
0,390912,PUT,155477336296,155477336321
0,391168,PUT,155477336351,155477336378
0,391424,PUT,155477336584,155477336611
0,391680,PUT,155477336643,155477336670
0,391936,PUT,155477336875,155477336901
0,392192,PUT,155477336931,155477336958
0,392448,PUT,155477336992,155477337018
0,392704,PUT,155477337103,155477337131
0,392960,PUT,155477337314,155477337341
0,393216,PUT,155477337435,155477337463
0,393472,PUT,155477338524,155477338551
0,393728,PUT,155477338701,155477338728
0,393984,PUT,155477338758,155477338784
0,394240,PUT,155477338878,155477338905
0,394496,PUT,155477338938,155477338963
0,394752,PUT,155477338994,155477339021
0,395008,PUT,155477339052,155477339079
0,395264,PUT,155477339238,155477339264
0,395520,PUT,155477339470,155477339497
0,395776,PUT,155477339590,155477339617
0,396032,PUT,155477339761,155477339787
0,396288,PUT,155477340000,155477340027
0,396544,PUT,155477340060,155477340086
0,396800,PUT,155477340178,155477340205
0,397056,PUT,155477340291,155477340317
0,397312,PUT,155477340460,155477340486
0,397568,PUT,155477340628,155477340654
0,397824,PUT,155477340685,155477340710
0,398080,PUT,155477340742,155477340769
0,398336,PUT,155477340801,155477340828
0,398592,PUT,155477340860,155477340887
0,398848,PUT,155477340917,155477340944
0,399104,PUT,155477340974,155477341000
0,399360,PUT,155477341031,155477341057
0,399616,PUT,155477341088,155477341113
0,399872,PUT,155477341144,155477341171
0,400128,PUT,155477341441,155477341467
0,400384,PUT,155477341612,155477341639
0,400640,PUT,155477341828,155477341856
0,400896,PUT,155477342047,155477342072
0,401152,PUT,155477342103,155477342131
0,401408,PUT,155477342163,155477342189
0,401664,PUT,155477342222,155477342248
0,401920,PUT,155477342449,155477342477
0,402176,PUT,155477342685,155477342713
0,402432,PUT,155477343075,155477343102
0,402688,PUT,155477343247,155477343273
0,402944,PUT,155477343305,155477343331
0,403200,PUT,155477343362,155477343389
0,403456,PUT,155477343475,155477343503
0,403712,PUT,155477343805,155477343831
0,403968,PUT,155477343924,155477343951
0,404224,PUT,155477344043,155477344070
0,404480,PUT,155477344164,155477344190
0,404736,PUT,155477344285,155477344311
0,404992,PUT,155477344344,155477344372
0,405248,PUT,155477344401,155477344428
0,405504,PUT,155477344460,155477344487
0,405760,PUT,155477344516,155477344543
0,406016,PUT,155477344572,155477344599
0,406272,PUT,155477344790,155477344816
0,406528,PUT,155477344846,155477344873
0,406784,PUT,155477344969,155477344994
0,407040,PUT,155477345261,155477345288
0,407296,PUT,155477345320,155477345347
0,407552,PUT,155477345375,155477345403
0,407808,PUT,155477345755,155477345781
0,408064,PUT,155477345930,155477345956
0,408320,PUT,155477346097,155477346125
0,408576,PUT,155477346312,155477346337
0,408832,PUT,155477346370,155477346397
0,409088,PUT,155477346427,155477346454
0,409344,PUT,155477346484,155477346513
0,409600,PUT,155477346607,155477346634
0,409856,PUT,155477346666,155477346693
0,410112,PUT,155477346722,155477346750
0,410368,PUT,155477346781,155477346808
0,410624,PUT,155477346838,155477346865
0,410880,PUT,155477347072,155477347099
0,411136,PUT,155477347185,155477347211
0,411392,PUT,155477347303,155477347330
0,411648,PUT,155477347471,155477347499
0,411904,PUT,155477347875,155477347903
0,412160,PUT,155477347995,155477348022
0,412416,PUT,155477348234,155477348261
0,412672,PUT,155477348293,155477348320
0,412928,PUT,155477348353,155477348380
0,413184,PUT,155477348475,155477350708
0,413440,PUT,155477350734,155477350760
0,413696,PUT,155477350793,155477350821
0,413952,PUT,155477350981,155477351016
0,414208,PUT,155477351232,155477351259
0,414464,PUT,155477351401,155477351428
0,414720,PUT,155477351459,155477351487
0,414976,PUT,155477351648,155477351675
0,415232,PUT,155477351772,155477351799
0,415488,PUT,155477351891,155477351918
0,415744,PUT,155477351950,155477351977
0,416000,PUT,155477352008,155477352034
0,416256,PUT,155477352065,155477352093
0,416512,PUT,155477352123,155477352150
0,416768,PUT,155477352179,155477352206
0,417024,PUT,155477352238,155477352266
0,417280,PUT,155477352295,155477352321
0,417536,PUT,155477352353,155477352381
0,417792,PUT,155477352410,155477352436
0,418048,PUT,155477352585,155477352612
0,418304,PUT,155477352703,155477352731
0,418560,PUT,155477352913,155477352941
0,418816,PUT,155477352972,155477352999
0,419072,PUT,155477353150,155477353177
0,419328,PUT,155477353208,155477353235
0,419584,PUT,155477353329,155477353364
0,419840,PUT,155477353507,155477353535
0,420096,PUT,155477353564,155477353591
0,420352,PUT,155477353621,155477353648
0,420608,PUT,155477353679,155477353707
0,420864,PUT,155477353736,155477353764
0,421120,PUT,155477353794,155477353820
0,421376,PUT,155477353850,155477353877
0,421632,PUT,155477353908,155477353934
0,421888,PUT,155477354084,155477354112
0,422144,PUT,155477354141,155477354168
0,422400,PUT,155477354197,155477354225
0,422656,PUT,155477354255,155477354282
0,422912,PUT,155477354435,155477354463
0,423168,PUT,155477354854,155477354881
0,423424,PUT,155477354911,155477354937
0,423680,PUT,155477355445,155477355471
0,423936,PUT,155477356419,155477356446
0,424192,PUT,155477356476,155477356503
0,424448,PUT,155477356534,155477356561
0,424704,PUT,155477356821,155477356848
0,424960,PUT,155477356881,155477356907
0,425216,PUT,155477356938,155477356964
0,425472,PUT,155477357109,155477357135
0,425728,PUT,155477357166,155477357192
0,425984,PUT,155477357222,155477357249
0,426240,PUT,155477359760,155477359787
0,426496,PUT,155477359879,155477359904
0,426752,PUT,155477359996,155477360024
0,427008,PUT,155477360114,155477360141
0,427264,PUT,155477360366,155477360392
0,427520,PUT,155477360484,155477360512
0,427776,PUT,155477360604,155477360630
0,428032,PUT,155477360898,155477360925
0,428288,PUT,155477360958,155477360984
0,428544,PUT,155477361078,155477361105
0,428800,PUT,155477361381,155477361408
0,429056,PUT,155477361440,155477361467
0,429312,PUT,155477361747,155477361774
0,429568,PUT,155477361901,155477361929
0,429824,PUT,155477361959,155477361986
0,430080,PUT,155477362016,155477362044
0,430336,PUT,155477362135,155477362161
0,430592,PUT,155477362303,155477362330
0,430848,PUT,155477362362,155477362388
0,431104,PUT,155477362417,155477362445
0,431360,PUT,155477362476,155477362503
0,431616,PUT,155477362715,155477362742
0,431872,PUT,155477362774,155477362801
0,432128,PUT,155477362960,155477362986
0,432384,PUT,155477363016,155477363042
0,432640,PUT,155477363073,155477363099
0,432896,PUT,155477363364,155477363390
0,433152,PUT,155477363608,155477363635
0,433408,PUT,155477363734,155477363762
0,433664,PUT,155477363971,155477363998
0,433920,PUT,155477364028,155477364054
0,434176,PUT,155477364203,155477364231
0,434432,PUT,155477364260,155477364288
0,434688,PUT,155477364316,155477364345
0,434944,PUT,155477364492,155477364519
0,435200,PUT,155477364549,155477364575
0,435456,PUT,155477364793,155477364819
0,435712,PUT,155477364852,155477364879
0,435968,PUT,155477364908,155477364935
0,436224,PUT,155477365022,155477365049
0,436480,PUT,155477365080,155477365106
0,436736,PUT,155477365201,155477365228
0,436992,PUT,155477365259,155477365286
0,437248,PUT,155477367134,155477367162
0,437504,PUT,155477367378,155477367405
0,437760,PUT,155477367496,155477367524
0,438016,PUT,155477367556,155477367584
0,438272,PUT,155477367682,155477367708
0,438528,PUT,155477367800,155477367826
0,438784,PUT,155477367858,155477367886
0,439040,PUT,155477367916,155477367944
0,439296,PUT,155477367975,155477368002
0,439552,PUT,155477368191,155477368218
0,439808,PUT,155477368424,155477368451
0,440064,PUT,155477368598,155477368625
0,440320,PUT,155477368770,155477368796
0,440576,PUT,155477368930,155477368957
0,440832,PUT,155477369054,155477369081
0,441088,PUT,155477369111,155477369137
0,441344,PUT,155477369167,155477369194
0,441600,PUT,155477369226,155477369253
0,441856,PUT,155477369395,155477369422
0,442112,PUT,155477369569,155477369596
0,442368,PUT,155477369690,155477369718
0,442624,PUT,155477369749,155477369776
0,442880,PUT,155477369805,155477369832
0,443136,PUT,155477369863,155477369891
0,443392,PUT,155477369922,155477369948
0,443648,PUT,155477370104,155477370126
0,443904,PUT,155477370338,155477370408
0,444160,PUT,155477370868,155477370828
0,444416,PUT,155477371116,155477371175
0,444672,PUT,155477371401,155477371463
0,444928,PUT,155477371573,155477371629
0,445184,PUT,155477371848,155477371912
0,445440,PUT,155477372142,155477372206
0,445696,PUT,155477372707,155477372770
0,445952,PUT,155477372984,155477373012
0,446208,PUT,155477373080,155477373143
0,446464,PUT,155477373252,155477373329
0,446720,PUT,155477374142,155477374206
0,446976,PUT,155477374794,155477374858
0,447232,PUT,155477374930,155477374987
0,447488,PUT,155477375240,155477375302
0,447744,PUT,155477375501,155477375560
0,448000,PUT,155477375702,155477375767
0,448256,PUT,155477375856,155477375916
0,448512,PUT,155477376648,155477376711
0,448768,PUT,155477377248,155477377311
0,449024,PUT,155477377373,155477377401
0,449280,PUT,155477377629,155477377693
0,449536,PUT,155477378403,155477378468
0,449792,PUT,155477379078,155477379150
0,450048,PUT,155477379262,155477379329
0,450304,PUT,155477379414,155477379475
0,450560,PUT,155477379541,155477379567
0,450816,PUT,155477379873,155477379936
0,451072,PUT,155477380002,155477380029
0,451328,PUT,155477380248,155477380275
0,451584,PUT,155477380338,155477380365
0,451840,PUT,155477380426,155477380504
0,452096,PUT,155477380566,155477380622
0,452352,PUT,155477380682,155477380710
0,452608,PUT,155477380961,155477381027
0,452864,PUT,155477381416,155477381480
0,453120,PUT,155477381623,155477381688
0,453376,PUT,155477382102,155477382165
0,453632,PUT,155477382232,155477382259
0,453888,PUT,155477382481,155477382545
0,454144,PUT,155477383330,155477383394
0,454400,PUT,155477383508,155477383582
0,454656,PUT,155477383648,155477383711
0,454912,PUT,155477384251,155477384315
0,455168,PUT,155477384562,155477384622
0,455424,PUT,155477384686,155477384712
0,455680,PUT,155477385411,155477385482
0,455936,PUT,155477385569,155477385634
0,456192,PUT,155477385970,155477386035
0,456448,PUT,155477386256,155477386319
0,456704,PUT,155477386759,155477386823
0,456960,PUT,155477387090,155477387155
0,457216,PUT,155477387367,155477387430
0,457472,PUT,155477387539,155477387613
0,457728,PUT,155477387838,155477387902
0,457984,PUT,155477388556,155477388619
0,458240,PUT,155477389191,155477389251
0,458496,PUT,155477389631,155477389694
0,458752,PUT,155477389800,155477389884
0,459008,PUT,155477389949,155477390015
0,459264,PUT,155477390556,155477390571
0,459520,PUT,155477390689,155477390750
0,459776,PUT,155477391809,155477391871
0,460032,PUT,155477393897,155477393869
0,460288,PUT,155477393990,155477394050
0,460544,PUT,155477394117,155477394197
0,460800,PUT,155477394316,155477394383
0,461056,PUT,155477394514,155477394582
0,461312,PUT,155477394854,155477394917
0,461568,PUT,155477395133,155477395160
0,461824,PUT,155477395221,155477395247
0,462080,PUT,155477395309,155477395386
0,462336,PUT,155477395499,155477395565
0,462592,PUT,155477395991,155477395961
0,462848,PUT,155477396577,155477396646
0,463104,PUT,155477396758,155477396824
0,463360,PUT,155477396905,155477396967
0,463616,PUT,155477397033,155477397059
0,463872,PUT,155477397596,155477397622
0,464128,PUT,155477397935,155477397999
0,464384,PUT,155477398110,155477398186
0,464640,PUT,155477398510,155477398574
0,464896,PUT,155477398828,155477398897
0,465152,PUT,155477399008,155477399081
0,465408,PUT,155477399347,155477399413
0,465664,PUT,155477399818,155477399882
0,465920,PUT,155477400106,155477400179
0,466176,PUT,155477400433,155477400503
0,466432,PUT,155477400698,155477400759
0,466688,PUT,155477400826,155477400851
0,466944,PUT,155477400907,155477400934
0,467200,PUT,155477400964,155477400992
0,467456,PUT,155477401270,155477401296
0,467712,PUT,155477401486,155477401513
0,467968,PUT,155477401543,155477401569
0,468224,PUT,155477401661,155477401688
0,468480,PUT,155477401720,155477401746
0,468736,PUT,155477401776,155477401803
0,468992,PUT,155477402033,155477402060
0,469248,PUT,155477402208,155477402234
0,469504,PUT,155477402266,155477402293
0,469760,PUT,155477402379,155477402406
0,470016,PUT,155477402545,155477402616
0,470272,PUT,155477402862,155477402926
0,470528,PUT,155477403318,155477403377
0,470784,PUT,155477403590,155477403652
0,471040,PUT,155477404203,155477404264
0,471296,PUT,155477404347,155477404407
0,471552,PUT,155477404670,155477404735
0,471808,PUT,155477405130,155477405190
0,472064,PUT,155477405589,155477405662
0,472320,PUT,155477405767,155477405822
0,472576,PUT,155477405908,155477405975
0,472832,PUT,155477406257,155477406319
0,473088,PUT,155477406557,155477406619
0,473344,PUT,155477406995,155477407075
0,473600,PUT,155477407447,155477407509
0,473856,PUT,155477407624,155477407693
0,474112,PUT,155477407931,155477407992
0,474368,PUT,155477408055,155477408082
0,474624,PUT,155477408298,155477408362
0,474880,PUT,155477408581,155477408644
0,475136,PUT,155477408712,155477408740
0,475392,PUT,155477408803,155477408830
0,475648,PUT,155477409378,155477409442
0,475904,PUT,155477409525,155477409587
0,476160,PUT,155477409852,155477409917
0,476416,PUT,155477409998,155477410058
0,476672,PUT,155477410373,155477410436
0,476928,PUT,155477410504,155477410530
0,477184,PUT,155477410751,155477410778
0,477440,PUT,155477411089,155477411151
0,477696,PUT,155477411260,155477411337
0,477952,PUT,155477411450,155477411507
0,478208,PUT,155477411799,155477411864
0,478464,PUT,155477411997,155477412059
0,478720,PUT,155477412124,155477412150
0,478976,PUT,155477412612,155477412676
0,479232,PUT,155477412747,155477412804
0,479488,PUT,155477413057,155477413049
0,479744,PUT,155477413453,155477413424
0,480000,PUT,155477413546,155477413605
0,480256,PUT,155477414248,155477414311
0,480512,PUT,155477414419,155477414476
0,480768,PUT,155477416775,155477416753
0,481024,PUT,155477416871,155477416930
0,481280,PUT,155477417585,155477417650
0,481536,PUT,155477417993,155477418058
0,481792,PUT,155477418311,155477418375
0,482048,PUT,155477419091,155477419154
0,482304,PUT,155477419297,155477419362
0,482560,PUT,155477419707,155477419771
0,482816,PUT,155477420051,155477420016
0,483072,PUT,155477420306,155477420369
0,483328,PUT,155477420477,155477420539
0,483584,PUT,155477420768,155477420831
0,483840,PUT,155477421049,155477421075
0,484096,PUT,155477421144,155477421210
0,484352,PUT,155477421317,155477421393
0,484608,PUT,155477421455,155477421512
0,484864,PUT,155477421764,155477421827
0,485120,PUT,155477421935,155477422010
0,485376,PUT,155477422118,155477422151
0,485632,PUT,155477422261,155477422283
0,485888,PUT,155477422353,155477422413
0,486144,PUT,155477422481,155477422547
0,486400,PUT,155477422658,155477422715
0,486656,PUT,155477422774,155477422801
0,486912,PUT,155477423020,155477423083
0,487168,PUT,155477423551,155477423618
0,487424,PUT,155477423973,155477424036
0,487680,PUT,155477424366,155477424423
0,487936,PUT,155477424637,155477424665
0,488192,PUT,155477424762,155477424787
0,488448,PUT,155477424849,155477424876
0,488704,PUT,155477424935,155477425013
0,488960,PUT,155477425082,155477425144
0,489216,PUT,155477425361,155477425425
0,489472,PUT,155477425564,155477425620
0,489728,PUT,155477425679,155477425707
0,489984,PUT,155477425794,155477425858
0,490240,PUT,155477426100,155477426160
0,490496,PUT,155477426250,155477426314
0,490752,PUT,155477426432,155477426465
0,491008,PUT,155477426536,155477426596
0,491264,PUT,155477426972,155477427035
0,491520,PUT,155477427305,155477427368
0,491776,PUT,155477427674,155477427731
0,492032,PUT,155477427804,155477427831
0,492288,PUT,155477427891,155477427974
0,492544,PUT,155477428044,155477428107
0,492800,PUT,155477428498,155477428561
0,493056,PUT,155477428649,155477428716
0,493312,PUT,155477429044,155477429108
0,493568,PUT,155477429329,155477429356
0,493824,PUT,155477429387,155477429415
0,494080,PUT,155477429475,155477429502
0,494336,PUT,155477429870,155477429933
0,494592,PUT,155477430365,155477430422
0,494848,PUT,155477430482,155477430508
0,495104,PUT,155477430756,155477430823
0,495360,PUT,155477430907,155477430968
0,495616,PUT,155477431373,155477431440
0,495872,PUT,155477431768,155477431831
0,496128,PUT,155477431903,155477431958
0,496384,PUT,155477432020,155477432048
0,496640,PUT,155477432545,155477432607
0,496896,PUT,155477433317,155477433382
0,497152,PUT,155477433446,155477433474
0,497408,PUT,155477433563,155477433627
0,497664,PUT,155477433925,155477433982
0,497920,PUT,155477434415,155477434478
0,498176,PUT,155477435300,155477435364
0,498432,PUT,155477435453,155477435519
0,498688,PUT,155477435607,155477435668
0,498944,PUT,155477435940,155477436007
0,499200,PUT,155477436231,155477436309
0,499456,PUT,155477436427,155477436397
0,499712,PUT,155477436664,155477436735
0,499968,PUT,155477437017,155477437081
0,500224,PUT,155477437310,155477437372
0,500480,PUT,155477437434,155477437461
0,500736,PUT,155477437534,155477437609
0,500992,PUT,155477437676,155477437734
0,501248,PUT,155477437821,155477437887
0,501504,PUT,155477437997,155477438070
0,501760,PUT,155477438151,155477438213
0,502016,PUT,155477438436,155477438464
0,502272,PUT,155477438525,155477438552
0,502528,PUT,155477438611,155477438688
0,502784,PUT,155477438754,155477438818
0,503040,PUT,155477438931,155477439005
0,503296,PUT,155477439317,155477439386
0,503552,PUT,155477439510,155477439571
0,503808,PUT,155477439687,155477439664
0,504064,PUT,155477439822,155477439844
0,504320,PUT,155477440104,155477440167
0,504576,PUT,155477440803,155477440865
0,504832,PUT,155477440954,155477441018
0,505088,PUT,155477441106,155477441167
0,505344,PUT,155477441615,155477441678
0,505600,PUT,155477441828,155477441884
0,505856,PUT,155477441957,155477441985
0,506112,PUT,155477442045,155477442074
0,506368,PUT,155477442138,155477442165
0,506624,PUT,155477442224,155477442251
0,506880,PUT,155477442311,155477442337
0,507136,PUT,155477442398,155477442424
0,507392,PUT,155477442487,155477442513
0,507648,PUT,155477442860,155477442932
0,507904,PUT,155477443095,155477443159
0,508160,PUT,155477443268,155477443323
0,508416,PUT,155477443383,155477443409
0,508672,PUT,155477443779,155477443805
0,508928,PUT,155477443864,155477443892
0,509184,PUT,155477444212,155477444238
0,509440,PUT,155477444301,155477444328
0,509696,PUT,155477444588,155477444614
0,509952,PUT,155477444710,155477444737
0,510208,PUT,155477444824,155477444851
0,510464,PUT,155477444939,155477444966
0,510720,PUT,155477445114,155477445141
0,510976,PUT,155477445215,155477445291
0,511232,PUT,155477445810,155477445866
0,511488,PUT,155477445950,155477446014
0,511744,PUT,155477446122,155477446201
0,512000,PUT,155477446313,155477446371
0,512256,PUT,155477446430,155477446457
0,512512,PUT,155477446517,155477446544
0,512768,PUT,155477446757,155477446784
0,513024,PUT,155477446845,155477446870
0,513280,PUT,155477446932,155477447006
0,513536,PUT,155477447120,155477447176
0,513792,PUT,155477447262,155477447328
0,514048,PUT,155477447445,155477447475
0,514304,PUT,155477447546,155477447606
0,514560,PUT,155477447780,155477447845
0,514816,PUT,155477449661,155477449724
0,515072,PUT,155477449948,155477450011
0,515328,PUT,155477450161,155477450218
0,515584,PUT,155477450536,155477450508
0,515840,PUT,155477450629,155477450689
0,516096,PUT,155477450755,155477450782
0,516352,PUT,155477451190,155477451259
0,516608,PUT,155477451346,155477451407
0,516864,PUT,155477451819,155477451884
0,517120,PUT,155477452004,155477452036
0,517376,PUT,155477452107,155477452168
0,517632,PUT,155477452257,155477452322
0,517888,PUT,155477452679,155477452648
0,518144,PUT,155477452928,155477452988
0,518400,PUT,155477453537,155477453607
0,518656,PUT,155477454045,155477454107
0,518912,PUT,155477454348,155477454419
0,519168,PUT,155477454854,155477454911
0,519424,PUT,155477455134,155477455198
0,519680,PUT,155477455664,155477455727
0,519936,PUT,155477456037,155477456101
0,520192,PUT,155477456353,155477456423
0,520448,PUT,155477456533,155477456562
0,520704,PUT,155477456824,155477456889
0,520960,PUT,155477457134,155477457198
0,521216,PUT,155477457308,155477457385
0,521472,PUT,155477457692,155477457671
0,521728,PUT,155477457785,155477457844
0,521984,PUT,155477457933,155477457997
0,522240,PUT,155477458398,155477458462
0,522496,PUT,155477458764,155477458827
0,522752,PUT,155477458915,155477458981
0,523008,PUT,155477459224,155477459285
0,523264,PUT,155477459517,155477459580
0,523520,PUT,155477459645,155477459672
0,523776,PUT,155477459736,155477459763
0,524032,PUT,155477459822,155477459849
0,524288,PUT,155477459909,155477459935
0,524544,PUT,155477461529,155477461595
0,524800,PUT,155477462024,155477462088
0,525056,PUT,155477462156,155477462184
0,525312,PUT,155477462248,155477462274
0,525568,PUT,155477462340,155477462366
0,525824,PUT,155477462427,155477462505
0,526080,PUT,155477463082,155477463097
0,526336,PUT,155477463205,155477463280
0,526592,PUT,155477463367,155477463431
0,526848,PUT,155477463499,155477463555
0,527104,PUT,155477463916,155477463980
0,527360,PUT,155477464556,155477464619
0,527616,PUT,155477465009,155477465075
0,527872,PUT,155477465289,155477465353
0,528128,PUT,155477465463,155477465546
0,528384,PUT,155477465943,155477466004
0,528640,PUT,155477466338,155477466428
0,528896,PUT,155477466897,155477466886
0,529152,PUT,155477467114,155477467180
0,529408,PUT,155477467297,155477467326
0,529664,PUT,155477467552,155477467613
0,529920,PUT,155477467679,155477467757
0,530176,PUT,155477468347,155477468409
0,530432,PUT,155477469038,155477469101
0,530688,PUT,155477469326,155477469354
0,530944,PUT,155477469417,155477469483
0,531200,PUT,155477469592,155477469666
0,531456,PUT,155477469733,155477469797
0,531712,PUT,155477470219,155477470282
0,531968,PUT,155477470391,155477470471
0,532224,PUT,155477470539,155477470604
0,532480,PUT,155477470713,155477470770
0,532736,PUT,155477470830,155477470855
0,532992,PUT,155477470968,155477471043
0,533248,PUT,155477471156,155477471213
0,533504,PUT,155477471437,155477471464
0,533760,PUT,155477471578,155477471606
0,534016,PUT,155477472029,155477472095
0,534272,PUT,155477472374,155477472394
0,534528,PUT,155477472496,155477472526
0,534784,PUT,155477472649,155477472667
0,535040,PUT,155477472778,155477472839
0,535296,PUT,155477472952,155477473025
0,535552,PUT,155477473414,155477473477
0,535808,PUT,155477473545,155477473571
0,536064,PUT,155477474158,155477474222
0,536320,PUT,155477474337,155477474399
0,536576,PUT,155477474805,155477474795
0,536832,PUT,155477475107,155477475171
0,537088,PUT,155477475430,155477475494
0,537344,PUT,155477476465,155477476529
0,537600,PUT,155477476946,155477477006
0,537856,PUT,155477477092,155477477151
0,538112,PUT,155477477268,155477477341
0,538368,PUT,155477477661,155477477631
0,538624,PUT,155477477902,155477477972
0,538880,PUT,155477478081,155477478154
0,539136,PUT,155477478770,155477478833
0,539392,PUT,155477479067,155477479130
0,539648,PUT,155477479654,155477479682
0,539904,PUT,155477479745,155477479770
0,540160,PUT,155477480103,155477480139
0,540416,PUT,155477480412,155477480474
0,540672,PUT,155477480555,155477480614
0,540928,PUT,155477480828,155477480856
0,541184,PUT,155477480915,155477480942
0,541440,PUT,155477481002,155477481080
0,541696,PUT,155477481350,155477481407
0,541952,PUT,155477481476,155477481549
0,542208,PUT,155477482057,155477482122
0,542464,PUT,155477482242,155477482316
0,542720,PUT,155477482424,155477482499
0,542976,PUT,155477482977,155477483040
0,543232,PUT,155477483120,155477483180
0,543488,PUT,155477483437,155477483424
0,543744,PUT,155477484043,155477484064
0,544000,PUT,155477484306,155477484369
0,544256,PUT,155477484638,155477484665
0,544512,PUT,155477484732,155477484793
0,544768,PUT,155477485188,155477485249
0,545024,PUT,155477485318,155477485385
0,545280,PUT,155477485974,155477486037
0,545536,PUT,155477486911,155477486981
0,545792,PUT,155477487247,155477487313
0,546048,PUT,155477487587,155477487609
0,546304,PUT,155477487992,155477488052
0,546560,PUT,155477488167,155477488194
0,546816,PUT,155477488254,155477488281
0,547072,PUT,155477488496,155477488523
0,547328,PUT,155477488646,155477488674
0,547584,PUT,155477489068,155477489095
0,547840,PUT,155477489209,155477489234
0,548096,PUT,155477489425,155477489452
0,548352,PUT,155477489537,155477489564
0,548608,PUT,155477489774,155477489801
0,548864,PUT,155477489833,155477489859
0,549120,PUT,155477489892,155477489918
0,549376,PUT,155477490067,155477490094
0,549632,PUT,155477490395,155477490421
0,549888,PUT,155477490480,155477490506
0,550144,PUT,155477490713,155477490740
0,550400,PUT,155477490933,155477490959
0,550656,PUT,155477490991,155477491017
0,550912,PUT,155477491106,155477491132
0,551168,PUT,155477491163,155477491190
0,551424,PUT,155477491368,155477491431
0,551680,PUT,155477492460,155477492429
0,551936,PUT,155477492595,155477492618
0,552192,PUT,155477492728,155477492748
0,552448,PUT,155477493255,155477493319
0,552704,PUT,155477493588,155477493680
0,552960,PUT,155477493747,155477493800
0,553216,PUT,155477494013,155477494067
0,553472,PUT,155477494143,155477494196
0,553728,PUT,155477494258,155477494313
0,553984,PUT,155477494533,155477494588
0,554240,PUT,155477494647,155477494702
0,554496,PUT,155477494762,155477494815
0,554752,PUT,155477495031,155477495085
0,555008,PUT,155477495183,155477495251
0,555264,PUT,155477495511,155477495574
0,555520,PUT,155477495688,155477495758
0,555776,PUT,155477497468,155477497531
0,556032,PUT,155477498098,155477498165
0,556288,PUT,155477498804,155477498873
0,556544,PUT,155477498938,155477498966
0,556800,PUT,155477499302,155477499372
0,557056,PUT,155477499482,155477499552
0,557312,PUT,155477499611,155477499638
0,557568,PUT,155477500143,155477500206
0,557824,PUT,155477500354,155477500411
0,558080,PUT,155477504083,155477504183
0,558336,PUT,155477504707,155477504770
0,558592,PUT,155477504878,155477504950
0,558848,PUT,155477505016,155477505078
0,559104,PUT,155477505186,155477505262
0,559360,PUT,155477505330,155477505391
0,559616,PUT,155477505512,155477505569
0,559872,PUT,155477505657,155477505720
0,560128,PUT,155477505996,155477506061
0,560384,PUT,155477506490,155477506549
0,560640,PUT,155477506916,155477506978
0,560896,PUT,155477507373,155477507402
0,561152,PUT,155477507520,155477507540
0,561408,PUT,155477507783,155477507845
0,561664,PUT,155477508014,155477507986
0,561920,PUT,155477508265,155477508323
0,562176,PUT,155477508388,155477508468
0,562432,PUT,155477508884,155477508953
0,562688,PUT,155477509190,155477509265
0,562944,PUT,155477509575,155477509635
0,563200,PUT,155477510263,155477510325
0,563456,PUT,155477510546,155477510573
0,563712,PUT,155477510632,155477510659
0,563968,PUT,155477511459,155477511522
0,564224,PUT,155477511946,155477512009
0,564480,PUT,155477512293,155477512354
0,564736,PUT,155477512951,155477513015
0,564992,PUT,155477513903,155477513968
0,565248,PUT,155477514117,155477514182
0,565504,PUT,155477514601,155477514664
0,565760,PUT,155477514770,155477514848
0,566016,PUT,155477515081,155477515143
0,566272,PUT,155477515254,155477515311
0,566528,PUT,155477515543,155477515607
0,566784,PUT,155477515672,155477515699
0,567040,PUT,155477515764,155477515832
0,567296,PUT,155477516218,155477516280
0,567552,PUT,155477516625,155477516687
0,567808,PUT,155477516753,155477516781
0,568064,PUT,155477516841,155477516868
0,568320,PUT,155477518555,155477518576
0,568576,PUT,155477518682,155477518716
0,568832,PUT,155477519312,155477519280
0,569088,PUT,155477519602,155477519620
0,569344,PUT,155477519862,155477519924
0,569600,PUT,155477520041,155477520096
0,569856,PUT,155477520156,155477520182
0,570112,PUT,155477520271,155477520334
0,570368,PUT,155477520421,155477520477
0,570624,PUT,155477520566,155477520629
0,570880,PUT,155477520879,155477520943
0,571136,PUT,155477521057,155477521083
0,571392,PUT,155477521146,155477521214
0,571648,PUT,155477521473,155477521536
0,571904,PUT,155477521862,155477521926
0,572160,PUT,155477522500,155477522562
0,572416,PUT,155477522773,155477522836
0,572672,PUT,155477522955,155477523019
0,572928,PUT,155477523132,155477523199
0,573184,PUT,155477523431,155477523497
0,573440,PUT,155477523987,155477524050
0,573696,PUT,155477524185,155477524254
0,573952,PUT,155477524334,155477524393
0,574208,PUT,155477524516,155477524486
0,574464,PUT,155477524651,155477524666
0,574720,PUT,155477524782,155477524845
0,574976,PUT,155477524953,155477525020
0,575232,PUT,155477525129,155477525199
0,575488,PUT,155477525309,155477525382
0,575744,PUT,155477525487,155477525559
0,576000,PUT,155477525797,155477525860
0,576256,PUT,155477525969,155477526040
0,576512,PUT,155477526271,155477526333
0,576768,PUT,155477526871,155477526933
0,577024,PUT,155477526998,155477527026
0,577280,PUT,155477527086,155477527114
0,577536,PUT,155477527173,155477527199
0,577792,PUT,155477527426,155477527488
0,578048,PUT,155477527602,155477527630
0,578304,PUT,155477527867,155477527928
0,578560,PUT,155477528449,155477528577
0,578816,PUT,155477528639,155477528695
0,579072,PUT,155477528755,155477528782
0,579328,PUT,155477528842,155477528869
0,579584,PUT,155477528929,155477528957
0,579840,PUT,155477529041,155477529108
0,580096,PUT,155477529195,155477529257
0,580352,PUT,155477529321,155477529348
0,580608,PUT,155477529437,155477529502
0,580864,PUT,155477529743,155477529804
0,581120,PUT,155477530056,155477530119
0,581376,PUT,155477530204,155477530263
0,581632,PUT,155477530356,155477530419
0,581888,PUT,155477530507,155477530568
0,582144,PUT,155477530680,155477530758
0,582400,PUT,155477530870,155477530925
0,582656,PUT,155477531136,155477531163
0,582912,PUT,155477531223,155477531278
0,583168,PUT,155477531340,155477531417
0,583424,PUT,155477531563,155477531626
0,583680,PUT,155477531740,155477531806
0,583936,PUT,155477532216,155477532279
0,584192,PUT,155477532349,155477532405
0,584448,PUT,155477532622,155477532649
0,584704,PUT,155477533063,155477533125
0,584960,PUT,155477533536,155477533597
0,585216,PUT,155477534394,155477534471
0,585472,PUT,155477534553,155477534612
0,585728,PUT,155477535027,155477535091
0,585984,PUT,155477535326,155477535389
0,586240,PUT,155477535459,155477535515
0,586496,PUT,155477535577,155477535603
0,586752,PUT,155477535937,155477536004
0,587008,PUT,155477536218,155477536280
0,587264,PUT,155477536779,155477536842
0,587520,PUT,155477537085,155477537147
0,587776,PUT,155477537427,155477537489
0,588032,PUT,155477537600,155477537656
0,588288,PUT,155477537886,155477537949
0,588544,PUT,155477538058,155477538131
0,588800,PUT,155477538436,155477538497
0,589056,PUT,155477538668,155477538731
0,589312,PUT,155477538840,155477538915
0,589568,PUT,155477539037,155477539100
0,589824,PUT,155477539348,155477539404
0,590080,PUT,155477539670,155477539697
0,590336,PUT,155477539765,155477539828
0,590592,PUT,155477540063,155477540124
0,590848,PUT,155477540233,155477540306
0,591104,PUT,155477540612,155477540678
0,591360,PUT,155477541362,155477541421
0,591616,PUT,155477541483,155477541510
0,591872,PUT,155477541540,155477541567
0,592128,PUT,155477541659,155477541684
0,592384,PUT,155477541715,155477541742
0,592640,PUT,155477541772,155477541800
0,592896,PUT,155477541830,155477541858
0,593152,PUT,155477541948,155477541975
0,593408,PUT,155477542128,155477542154
0,593664,PUT,155477542667,155477542729
0,593920,PUT,155477542842,155477542919
0,594176,PUT,155477542986,155477543048
0,594432,PUT,155477543546,155477543607
0,594688,PUT,155477543721,155477543794
0,594944,PUT,155477544018,155477544074
0,595200,PUT,155477544201,155477544227
0,595456,PUT,155477544312,155477544376
0,595712,PUT,155477544623,155477544686
0,595968,PUT,155477544802,155477544830
0,596224,PUT,155477544923,155477544988
0,596480,PUT,155477545106,155477545178
0,596736,PUT,155477545451,155477545516
0,596992,PUT,155477545599,155477545657
0,597248,PUT,155477545895,155477545957
0,597504,PUT,155477546024,155477546051
0,597760,PUT,155477546274,155477546339
0,598016,PUT,155477546408,155477546435
0,598272,PUT,155477546648,155477546710
0,598528,PUT,155477546966,155477547031
0,598784,PUT,155477547143,155477547213
0,599040,PUT,155477547319,155477547390
0,599296,PUT,155477547893,155477547955
0,599552,PUT,155477548174,155477548201
0,599808,PUT,155477548271,155477548298
0,600064,PUT,155477548511,155477548574
0,600320,PUT,155477549028,155477549089
0,600576,PUT,155477550147,155477550217
0,600832,PUT,155477550760,155477550827
0,601088,PUT,155477551199,155477551158
0,601344,PUT,155477551290,155477551356
0,601600,PUT,155477551582,155477551608
0,601856,PUT,155477551831,155477551893
0,602112,PUT,155477552005,155477552073
0,602368,PUT,155477552185,155477552257
0,602624,PUT,155477552365,155477552437
0,602880,PUT,155477552671,155477552729
0,603136,PUT,155477552840,155477552901
0,603392,PUT,155477552976,155477553039
0,603648,PUT,155477553336,155477553400
0,603904,PUT,155477553571,155477553633
0,604160,PUT,155477553743,155477553815
0,604416,PUT,155477554018,155477554082
0,604672,PUT,155477554213,155477554272
0,604928,PUT,155477556019,155477556081
0,605184,PUT,155477556416,155477556479
0,605440,PUT,155477556576,155477556633
0,605696,PUT,155477556730,155477556793
0,605952,PUT,155477556880,155477556942
0,606208,PUT,155477557030,155477557093
0,606464,PUT,155477557180,155477557238
0,606720,PUT,155477557350,155477557378
0,606976,PUT,155477557437,155477557463
0,607232,PUT,155477557524,155477557551
0,607488,PUT,155477557927,155477557989
0,607744,PUT,155477558296,155477558362
0,608000,PUT,155477558574,155477558639
0,608256,PUT,155477558719,155477558777
0,608512,PUT,155477558895,155477558870
0,608768,PUT,155477559302,155477559365
0,609024,PUT,155477559954,155477559916
0,609280,PUT,155477560079,155477560148
0,609536,PUT,155477560385,155477560447
0,609792,PUT,155477560981,155477560949
0,610048,PUT,155477561076,155477561136
0,610304,PUT,155477561359,155477561386
0,610560,PUT,155477561416,155477561443
0,610816,PUT,155477561504,155477561531
0,611072,PUT,155477561591,155477561617
0,611328,PUT,155477561678,155477561747
0,611584,PUT,155477562015,155477562078
0,611840,PUT,155477563720,155477563789
0,612096,PUT,155477564151,155477564210
0,612352,PUT,155477564703,155477564766
0,612608,PUT,155477564874,155477564933
0,612864,PUT,155477565208,155477565271
0,613120,PUT,155477566208,155477566277
0,613376,PUT,155477566691,155477566756
0,613632,PUT,155477566918,155477566983
0,613888,PUT,155477567093,155477567163
0,614144,PUT,155477567791,155477567864
0,614400,PUT,155477568129,155477568193
0,614656,PUT,155477568323,155477568382
0,614912,PUT,155477569052,155477569114
0,615168,PUT,155477569340,155477569401
0,615424,PUT,155477569468,155477569495
0,615680,PUT,155477569566,155477569632
0,615936,PUT,155477569723,155477569811
0,616192,PUT,155477569937,155477570001
0,616448,PUT,155477570084,155477570140
0,616704,PUT,155477570206,155477570233
0,616960,PUT,155477570499,155477570562
0,617216,PUT,155477570721,155477570793
0,617472,PUT,155477571399,155477571461
0,617728,PUT,155477571731,155477571794
0,617984,PUT,155477571920,155477571977
0,618240,PUT,155477572065,155477572130
0,618496,PUT,155477572365,155477572425
0,618752,PUT,155477573027,155477573008
0,619008,PUT,155477573123,155477573181
0,619264,PUT,155477573292,155477573318
0,619520,PUT,155477573377,155477573404
0,619776,PUT,155477573464,155477573490
0,620032,PUT,155477573999,155477574062
0,620288,PUT,155477574251,155477574307
0,620544,PUT,155477574367,155477574394
0,620800,PUT,155477574760,155477574788
0,621056,PUT,155477575164,155477575226
0,621312,PUT,155477575371,155477575435
0,621568,PUT,155477575530,155477575587
0,621824,PUT,155477575992,155477576057
0,622080,PUT,155477576287,155477576346
0,622336,PUT,155477576618,155477576681
0,622592,PUT,155477577055,155477577118
0,622848,PUT,155477577241,155477577299
0,623104,PUT,155477577782,155477577845
0,623360,PUT,155477577961,155477577937
0,623616,PUT,155477578208,155477578267
0,623872,PUT,155477578774,155477578845
0,624128,PUT,155477579065,155477579092
0,624384,PUT,155477579151,155477579178
0,624640,PUT,155477579396,155477579459
0,624896,PUT,155477579845,155477579908
0,625152,PUT,155477580163,155477580228
0,625408,PUT,155477580312,155477580370
0,625664,PUT,155477580624,155477580688
0,625920,PUT,155477580799,155477580828
0,626176,PUT,155477580899,155477580959
0,626432,PUT,155477581191,155477581253
0,626688,PUT,155477581557,155477581622
0,626944,PUT,155477581835,155477581896
0,627200,PUT,155477581980,155477582038
0,627456,PUT,155477582105,155477582132
0,627712,PUT,155477582196,155477582225
0,627968,PUT,155477582444,155477582506
0,628224,PUT,155477582574,155477582600
0,628480,PUT,155477582824,155477582886
0,628736,PUT,155477583112,155477583174
0,628992,PUT,155477583285,155477583366
0,629248,PUT,155477583435,155477583491
0,629504,PUT,155477583866,155477583892
0,629760,PUT,155477584093,155477584156
0,630016,PUT,155477584428,155477584490
0,630272,PUT,155477584741,155477584803
0,630528,PUT,155477585214,155477585185
0,630784,PUT,155477585345,155477585406
0,631040,PUT,155477585515,155477585588
0,631296,PUT,155477585910,155477585972
0,631552,PUT,155477586544,155477586606
0,631808,PUT,155477586949,155477586977
0,632064,PUT,155477587173,155477587244
0,632320,PUT,155477587539,155477587601
0,632576,PUT,155477587881,155477587943
0,632832,PUT,155477588048,155477588106
0,633088,PUT,155477588292,155477588319
0,633344,PUT,155477588718,155477588745
0,633600,PUT,155477588778,155477588805
0,633856,PUT,155477589201,155477589270
0,634112,PUT,155477589587,155477589649
0,634368,PUT,155477589756,155477589831
0,634624,PUT,155477589900,155477589961
0,634880,PUT,155477590245,155477590301
0,635136,PUT,155477590644,155477590706
0,635392,PUT,155477591145,155477591208
0,635648,PUT,155477591485,155477591542
0,635904,PUT,155477591602,155477591628
0,636160,PUT,155477591689,155477591714
0,636416,PUT,155477591801,155477591863
0,636672,PUT,155477592271,155477592333
0,636928,PUT,155477592648,155477592711
0,637184,PUT,155477593393,155477593454
0,637440,PUT,155477593829,155477593855
0,637696,PUT,155477593914,155477593942
0,637952,PUT,155477594275,155477594342
0,638208,PUT,155477594683,155477594760
0,638464,PUT,155477594873,155477594940
0,638720,PUT,155477595021,155477595081
0,638976,PUT,155477595610,155477595673
0,639232,PUT,155477595737,155477595762
0,639488,PUT,155477595851,155477595913
0,639744,PUT,155477596030,155477596102
0,640000,PUT,155477596851,155477596915
0,640256,PUT,155477597158,155477597218
0,640512,PUT,155477597286,155477597313
0,640768,PUT,155477597659,155477597720
0,641024,PUT,155477597938,155477598001
0,641280,PUT,155477598235,155477598298
0,641536,PUT,155477598363,155477598390
0,641792,PUT,155477598666,155477598752
0,642048,PUT,155477598818,155477598844
0,642304,PUT,155477598875,155477598900
0,642560,PUT,155477598990,155477599054
0,642816,PUT,155477599168,155477599239
0,643072,PUT,155477599786,155477599844
0,643328,PUT,155477599913,155477599979
0,643584,PUT,155477600086,155477600142
0,643840,PUT,155477600230,155477600294
0,644096,PUT,155477600626,155477600688
0,644352,PUT,155477600779,155477600842
0,644608,PUT,155477600929,155477600988
0,644864,PUT,155477601387,155477601449
0,645120,PUT,155477601795,155477601858
0,645376,PUT,155477601970,155477602040
0,645632,PUT,155477602120,155477602179
0,645888,PUT,155477602240,155477602266
0,646144,PUT,155477602335,155477602361
0,646400,PUT,155477602576,155477602638
0,646656,PUT,155477603220,155477603283
0,646912,PUT,155477603391,155477603470
0,647168,PUT,155477603748,155477603804
0,647424,PUT,155477604051,155477604114
0,647680,PUT,155477604224,155477604297
0,647936,PUT,155477604689,155477604747
0,648192,PUT,155477605016,155477605072
0,648448,PUT,155477605147,155477605173
0,648704,PUT,155477605387,155477605416
0,648960,PUT,155477605444,155477605472
0,649216,PUT,155477605531,155477605559
0,649472,PUT,155477605771,155477605797
0,649728,PUT,155477605828,155477605855
0,649984,PUT,155477605913,155477605941
0,650240,PUT,155477606001,155477606077
0,650496,PUT,155477606170,155477606236
0,650752,PUT,155477608737,155477608801
0,651008,PUT,155477609511,155477609574
0,651264,PUT,155477609685,155477609748
0,651520,PUT,155477610063,155477610126
0,651776,PUT,155477610347,155477610373
0,652032,PUT,155477610486,155477610460
0,652288,PUT,155477610887,155477610946
0,652544,PUT,155477611034,155477611098
0,652800,PUT,155477611187,155477611247
0,653056,PUT,155477611510,155477611539
0,653312,PUT,155477611860,155477611922
0,653568,PUT,155477612203,155477612264
0,653824,PUT,155477612858,155477612920
0,654080,PUT,155477613253,155477613321
0,654336,PUT,155477613439,155477613497
0,654592,PUT,155477613711,155477613737
0,654848,PUT,155477614212,155477614275
0,655104,PUT,155477614524,155477614586
0,655360,PUT,155477614698,155477614768
0,655616,PUT,155477617118,155477617182
0,655872,PUT,155477617253,155477617280
0,656128,PUT,155477617647,155477617675
0,656384,PUT,155477617829,155477617891
0,656640,PUT,155477618042,155477618103
0,656896,PUT,155477618670,155477618734
0,657152,PUT,155477619032,155477619096
0,657408,PUT,155477620125,155477620187
0,657664,PUT,155477620294,155477620352
0,657920,PUT,155477620437,155477620501
0,658176,PUT,155477620620,155477620687
0,658432,PUT,155477620771,155477620831
0,658688,PUT,155477620944,155477621017
0,658944,PUT,155477621330,155477621392
0,659200,PUT,155477621508,155477621571
0,659456,PUT,155477621975,155477622038
0,659712,PUT,155477622150,155477622224
0,659968,PUT,155477622500,155477622515
0,660224,PUT,155477622594,155477622660
0,660480,PUT,155477622802,155477622866
0,660736,PUT,155477622956,155477623015
0,660992,PUT,155477623277,155477623306
0,661248,PUT,155477623385,155477623444
0,661504,PUT,155477623515,155477623542
0,661760,PUT,155477623769,155477623832
0,662016,PUT,155477624213,155477624240
0,662272,PUT,155477624621,155477624684
0,662528,PUT,155477625086,155477625148
0,662784,PUT,155477625548,155477625610
0,663040,PUT,155477625869,155477625888
0,663296,PUT,155477626154,155477626217
0,663552,PUT,155477626454,155477626516
0,663808,PUT,155477626580,155477626660
0,664064,PUT,155477626878,155477626938
0,664320,PUT,155477627006,155477627031
0,664576,PUT,155477627290,155477627352
0,664832,PUT,155477627464,155477627534
0,665088,PUT,155477627700,155477627763
0,665344,PUT,155477627995,155477628057
0,665600,PUT,155477628122,155477628150
0,665856,PUT,155477628217,155477628289
0,666112,PUT,155477628411,155477628473
0,666368,PUT,155477628758,155477628777
0,666624,PUT,155477629014,155477629074
0,666880,PUT,155477629189,155477629267
0,667136,PUT,155477629494,155477629550
0,667392,PUT,155477630035,155477630061
0,667648,PUT,155477630150,155477630176
0,667904,PUT,155477630324,155477630351
0,668160,PUT,155477630436,155477630464
0,668416,PUT,155477630979,155477631042
0,668672,PUT,155477631107,155477631133
0,668928,PUT,155477631195,155477631267
0,669184,PUT,155477631386,155477631451
0,669440,PUT,155477631761,155477631830
0,669696,PUT,155477632318,155477632379
0,669952,PUT,155477632487,155477632545
0,670208,PUT,155477632924,155477632988
0,670464,PUT,155477633107,155477633177
0,670720,PUT,155477633286,155477633359
0,670976,PUT,155477633848,155477633911
0,671232,PUT,155477633982,155477634008
0,671488,PUT,155477634576,155477634640
0,671744,PUT,155477634772,155477634835
0,672000,PUT,155477634944,155477634973
0,672256,PUT,155477635202,155477635265
0,672512,PUT,155477635373,155477635453
0,672768,PUT,155477635935,155477635997
0,673024,PUT,155477636234,155477636294
0,673280,PUT,155477636524,155477636588
0,673536,PUT,155477636654,155477636681
0,673792,PUT,155477636745,155477636772
0,674048,PUT,155477636831,155477636858
0,674304,PUT,155477637186,155477637258
0,674560,PUT,155477637370,155477637442
0,674816,PUT,155477637739,155477637802
0,675072,PUT,155477637867,155477637894
0,675328,PUT,155477638264,155477638290
0,675584,PUT,155477638353,155477638416
0,675840,PUT,155477638656,155477638720
0,676096,PUT,155477639195,155477639258
0,676352,PUT,155477639324,155477639352
0,676608,PUT,155477639423,155477639450
0,676864,PUT,155477639750,155477639814
0,677120,PUT,155477640026,155477640054
0,677376,PUT,155477640880,155477640972
0,677632,PUT,155477641204,155477641266
0,677888,PUT,155477641815,155477641877
0,678144,PUT,155477642094,155477642157
0,678400,PUT,155477642223,155477642251
0,678656,PUT,155477642711,155477642773
0,678912,PUT,155477642840,155477642897
0,679168,PUT,155477643106,155477643169
0,679424,PUT,155477643620,155477643677
0,679680,PUT,155477644041,155477644093
0,679936,PUT,155477644342,155477644407
0,680192,PUT,155477644489,155477644548
0,680448,PUT,155477644614,155477644700
0,680704,PUT,155477645408,155477645470
0,680960,PUT,155477645681,155477645737
0,681216,PUT,155477646472,155477646535
0,681472,PUT,155477646792,155477646853
0,681728,PUT,155477646942,155477647006
0,681984,PUT,155477647122,155477647154
0,682240,PUT,155477647457,155477647527
0,682496,PUT,155477647929,155477647991
0,682752,PUT,155477648689,155477648752
0,683008,PUT,155477648865,155477648932
0,683264,PUT,155477649015,155477649072
0,683520,PUT,155477649345,155477649407
0,683776,PUT,155477650280,155477650268
0,684032,PUT,155477650433,155477650500
0,684288,PUT,155477650966,155477651031
0,684544,PUT,155477651315,155477651378
0,684800,PUT,155477651486,155477651556
0,685056,PUT,155477651851,155477651907
0,685312,PUT,155477652021,155477652020
0,685568,PUT,155477655395,155477655425
0,685824,PUT,155477655495,155477655563
0,686080,PUT,155477655939,155477655965
0,686336,PUT,155477656330,155477656393
0,686592,PUT,155477656587,155477656650
0,686848,PUT,155477657000,155477657063
0,687104,PUT,155477657284,155477657311
0,687360,PUT,155477657420,155477657446
0,687616,PUT,155477659240,155477659303
0,687872,PUT,155477659878,155477659848
0,688128,PUT,155477660698,155477660761
0,688384,PUT,155477660872,155477660945
0,688640,PUT,155477661027,155477661087
0,688896,PUT,155477661207,155477661183
0,689152,PUT,155477661331,155477661396
0,689408,PUT,155477661634,155477661696
0,689664,PUT,155477661807,155477661878
0,689920,PUT,155477661993,155477662050
0,690176,PUT,155477662392,155477662418
0,690432,PUT,155477662672,155477662735
0,690688,PUT,155477663124,155477663185
0,690944,PUT,155477663653,155477663731
0,691200,PUT,155477663823,155477663882
0,691456,PUT,155477663948,155477663976
0,691712,PUT,155477664036,155477664062
0,691968,PUT,155477664268,155477664330
0,692224,PUT,155477664420,155477664484
0,692480,PUT,155477664625,155477664642
0,692736,PUT,155477665056,155477665026
0,692992,PUT,155477665149,155477665207
0,693248,PUT,155477665328,155477665299
0,693504,PUT,155477665672,155477665735
0,693760,PUT,155477666018,155477666112
0,694016,PUT,155477666381,155477666443
0,694272,PUT,155477666610,155477666673
0,694528,PUT,155477666904,155477666960
0,694784,PUT,155477667020,155477667047
0,695040,PUT,155477667261,155477667288
0,695296,PUT,155477667511,155477667538
0,695552,PUT,155477667700,155477667764
0,695808,PUT,155477667829,155477667857
0,696064,PUT,155477668037,155477668100
0,696320,PUT,155477668213,155477668289
0,696576,PUT,155477668551,155477668614
0,696832,PUT,155477669148,155477669213
0,697088,PUT,155477669296,155477669356
0,697344,PUT,155477669422,155477669449
0,697600,PUT,155477669671,155477669697
0,697856,PUT,155477669757,155477669784
0,698112,PUT,155477670003,155477670065
0,698368,PUT,155477670670,155477670736
0,698624,PUT,155477671373,155477671435
0,698880,PUT,155477671544,155477671619
0,699136,PUT,155477671698,155477671758
0,699392,PUT,155477673147,155477673212
0,699648,PUT,155477673322,155477673395
0,699904,PUT,155477673474,155477673533
0,700160,PUT,155477673599,155477673626
0,700416,PUT,155477673714,155477673776
0,700672,PUT,155477674338,155477674400
0,700928,PUT,155477674507,155477674581
0,701184,PUT,155477674645,155477674707
0,701440,PUT,155477674816,155477674872
0,701696,PUT,155477674959,155477675023
0,701952,PUT,155477675441,155477675501
0,702208,PUT,155477675759,155477675823
0,702464,PUT,155477675904,155477675964
0,702720,PUT,155477676515,155477676578
0,702976,PUT,155477676720,155477676783
0,703232,PUT,155477677214,155477677196
0,703488,PUT,155477677455,155477677526
0,703744,PUT,155477677635,155477677691
0,704000,PUT,155477677937,155477678001
0,704256,PUT,155477678085,155477678150
0,704512,PUT,155477678414,155477678476
0,704768,PUT,155477678591,155477678667
0,705024,PUT,155477678936,155477678998
0,705280,PUT,155477679388,155477679447
0,705536,PUT,155477679656,155477679683
0,705792,PUT,155477679950,155477679977
0,706048,PUT,155477680011,155477680037
0,706304,PUT,155477680068,155477680095
0,706560,PUT,155477680128,155477680154
0,706816,PUT,155477680301,155477680328
0,707072,PUT,155477680414,155477680440
0,707328,PUT,155477680472,155477680499
0,707584,PUT,155477680530,155477680557
0,707840,PUT,155477680820,155477680882
0,708096,PUT,155477681033,155477681089
0,708352,PUT,155477681329,155477681391
0,708608,PUT,155477681456,155477681482
0,708864,PUT,155477682154,155477682219
0,709120,PUT,155477682335,155477682404
0,709376,PUT,155477682485,155477682544
0,709632,PUT,155477682813,155477682841
0,709888,PUT,155477682922,155477682982
0,710144,PUT,155477683446,155477683508
0,710400,PUT,155477683937,155477684004
0,710656,PUT,155477684237,155477684298
0,710912,PUT,155477684509,155477684572
0,711168,PUT,155477684828,155477684891
0,711424,PUT,155477685158,155477685221
0,711680,PUT,155477685586,155477685648
0,711936,PUT,155477685915,155477685985
0,712192,PUT,155477686449,155477686418
0,712448,PUT,155477686574,155477686640
0,712704,PUT,155477686758,155477686822
0,712960,PUT,155477687094,155477687155
0,713216,PUT,155477687267,155477687336
0,713472,PUT,155477687418,155477687477
0,713728,PUT,155477687544,155477687570
0,713984,PUT,155477687784,155477687810
0,714240,PUT,155477687869,155477687897
0,714496,PUT,155477687958,155477688028
0,714752,PUT,155477688282,155477688346
0,715008,PUT,155477688737,155477688797
0,715264,PUT,155477688911,155477688938
0,715520,PUT,155477689299,155477689326
0,715776,PUT,155477689406,155477689464
0,716032,PUT,155477689531,155477689558
0,716288,PUT,155477689774,155477689802
0,716544,PUT,155477690283,155477690345
0,716800,PUT,155477690414,155477690481
0,717056,PUT,155477690590,155477690663
0,717312,PUT,155477690806,155477690870
0,717568,PUT,155477691196,155477691258
0,717824,PUT,155477691598,155477691666
0,718080,PUT,155477691826,155477691856
0,718336,PUT,155477692198,155477692261
0,718592,PUT,155477692442,155477692469
0,718848,PUT,155477693390,155477693453
0,719104,PUT,155477693519,155477693547
0,719360,PUT,155477693778,155477693840
0,719616,PUT,155477694317,155477694379
0,719872,PUT,155477694492,155477694570
0,720128,PUT,155477694776,155477694803
0,720384,PUT,155477695718,155477695781
0,720640,PUT,155477695890,155477695971
0,720896,PUT,155477696144,155477696209
0,721152,PUT,155477696309,155477696369
0,721408,PUT,155477696435,155477696461
0,721664,PUT,155477697149,155477697212
0,721920,PUT,155477697550,155477697618
0,722176,PUT,155477697816,155477697878
0,722432,PUT,155477697945,155477697973
0,722688,PUT,155477698035,155477698103
0,722944,PUT,155477698313,155477698370
0,723200,PUT,155477698604,155477698664
0,723456,PUT,155477698893,155477698955
0,723712,PUT,155477699191,155477699253
0,723968,PUT,155477699505,155477699576
0,724224,PUT,155477699657,155477699716
0,724480,PUT,155477699835,155477699810
0,724736,PUT,155477700122,155477700144
0,724992,PUT,155477700570,155477700637
0,725248,PUT,155477700879,155477700938
0,725504,PUT,155477701005,155477701031
0,725760,PUT,155477701555,155477701619
0,726016,PUT,155477701838,155477701865
0,726272,PUT,155477702054,155477702081
0,726528,PUT,155477702141,155477702168
0,726784,PUT,155477702583,155477702652
0,727040,PUT,155477702765,155477702834
0,727296,PUT,155477702916,155477702978
0,727552,PUT,155477703237,155477703301
0,727808,PUT,155477703532,155477703594
0,728064,PUT,155477703862,155477703928
0,728320,PUT,155477704035,155477704090
0,728576,PUT,155477704150,155477704177
0,728832,PUT,155477704237,155477704263
0,729088,PUT,155477704879,155477704941
0,729344,PUT,155477705030,155477705093
0,729600,PUT,155477705216,155477705290
0,729856,PUT,155477705678,155477705738
0,730112,PUT,155477708451,155477708431
0,730368,PUT,155477708735,155477708797
0,730624,PUT,155477709199,155477709262
0,730880,PUT,155477709328,155477709356
0,731136,PUT,155477709417,155477709443
0,731392,PUT,155477710148,155477710211
0,731648,PUT,155477710295,155477710354
0,731904,PUT,155477710419,155477710445
0,732160,PUT,155477710505,155477710532
0,732416,PUT,155477710761,155477710825
0,732672,PUT,155477711092,155477711155
0,732928,PUT,155477711224,155477711295
0,733184,PUT,155477711440,155477711511
0,733440,PUT,155477711591,155477711650
0,733696,PUT,155477711710,155477711736
0,733952,PUT,155477712290,155477712356
0,734208,PUT,155477712463,155477712496
0,734464,PUT,155477712719,155477712778
0,734720,PUT,155477713042,155477713124
0,734976,PUT,155477713231,155477713287
0,735232,PUT,155477714006,155477714068
0,735488,PUT,155477714334,155477714361
0,735744,PUT,155477715314,155477715341
0,736000,PUT,155477715544,155477715616
0,736256,PUT,155477715868,155477715930
0,736512,PUT,155477716075,155477716131
0,736768,PUT,155477716191,155477716218
0,737024,PUT,155477716277,155477716305
0,737280,PUT,155477716365,155477716393
0,737536,PUT,155477716643,155477716706
0,737792,PUT,155477716814,155477716846
0,738048,PUT,155477717272,155477717334
0,738304,PUT,155477717550,155477717613
0,738560,PUT,155477717684,155477717711
0,738816,PUT,155477718442,155477718535
0,739072,PUT,155477718605,155477718678
0,739328,PUT,155477718990,155477719054
0,739584,PUT,155477719292,155477719351
0,739840,PUT,155477719464,155477719491
0,740096,PUT,155477719740,155477719766
0,740352,PUT,155477719982,155477720044
0,740608,PUT,155477720076,155477720103
0,740864,PUT,155477720134,155477720160
0,741120,PUT,155477720467,155477720494
0,741376,PUT,155477720524,155477720551
0,741632,PUT,155477720638,155477720666
0,741888,PUT,155477720758,155477720785
0,742144,PUT,155477720814,155477720841
0,742400,PUT,155477720870,155477720898
0,742656,PUT,155477720929,155477720956
0,742912,PUT,155477722441,155477722468
0,743168,PUT,155477722500,155477722527
0,743424,PUT,155477722620,155477722646
0,743680,PUT,155477722731,155477722759
0,743936,PUT,155477722903,155477722931
0,744192,PUT,155477723018,155477723046
0,744448,PUT,155477723077,155477723104
0,744704,PUT,155477723134,155477723160
0,744960,PUT,155477723375,155477723402
0,745216,PUT,155477723433,155477723460
0,745472,PUT,155477723547,155477723574
0,745728,PUT,155477723605,155477723633
0,745984,PUT,155477723721,155477723747
0,746240,PUT,155477723834,155477723860
0,746496,PUT,155477724224,155477724250
0,746752,PUT,155477724336,155477724363
0,747008,PUT,155477724395,155477724422
0,747264,PUT,155477724673,155477724700
0,747520,PUT,155477724730,155477724756
0,747776,PUT,155477724788,155477724815
0,748032,PUT,155477724910,155477724936
0,748288,PUT,155477724968,155477724996
0,748544,PUT,155477725083,155477725110
0,748800,PUT,155477725143,155477725169
0,749056,PUT,155477725200,155477725228
0,749312,PUT,155477725259,155477725287
0,749568,PUT,155477725318,155477725345
0,749824,PUT,155477725431,155477725456
0,750080,PUT,155477725519,155477725547
0,750336,PUT,155477725576,155477725604
0,750592,PUT,155477725636,155477725662
0,750848,PUT,155477725694,155477725720
0,751104,PUT,155477725754,155477725780
0,751360,PUT,155477725812,155477725839
0,751616,PUT,155477725996,155477726023
0,751872,PUT,155477726107,155477726134
0,752128,PUT,155477726357,155477726384
0,752384,PUT,155477726414,155477726441
0,752640,PUT,155477726472,155477726499
0,752896,PUT,155477726945,155477726973
0,753152,PUT,155477727095,155477727121
0,753408,PUT,155477727150,155477727177
0,753664,PUT,155477727209,155477727235
0,753920,PUT,155477727268,155477727295
0,754176,PUT,155477727359,155477727385
0,754432,PUT,155477727654,155477727680
0,754688,PUT,155477728054,155477728081
0,754944,PUT,155477728111,155477728139
0,755200,PUT,155477728169,155477728195
0,755456,PUT,155477728227,155477728254
0,755712,PUT,155477728286,155477728312
0,755968,PUT,155477728463,155477728490
0,756224,PUT,155477728578,155477728605
0,756480,PUT,155477728637,155477728663
0,756736,PUT,155477728694,155477728719
0,756992,PUT,155477728752,155477728779
0,757248,PUT,155477728871,155477728898
0,757504,PUT,155477729208,155477729235
0,757760,PUT,155477729508,155477729535
0,758016,PUT,155477729565,155477729592
0,758272,PUT,155477729625,155477729651
0,758528,PUT,155477729737,155477729764
0,758784,PUT,155477729919,155477729946
0,759040,PUT,155477730212,155477730238
0,759296,PUT,155477730269,155477730295
0,759552,PUT,155477730325,155477730352
0,759808,PUT,155477730384,155477730411
0,760064,PUT,155477730442,155477730468
0,760320,PUT,155477730618,155477730646
0,760576,PUT,155477730915,155477730942
0,760832,PUT,155477731088,155477731115
0,761088,PUT,155477731327,155477731354
0,761344,PUT,155477731386,155477731413
0,761600,PUT,155477731546,155477731572
0,761856,PUT,155477731605,155477731630
0,762112,PUT,155477731660,155477731687
0,762368,PUT,155477731720,155477731745
0,762624,PUT,155477731778,155477731805
0,762880,PUT,155477731837,155477731864
0,763136,PUT,155477731896,155477731924
0,763392,PUT,155477731953,155477731981
0,763648,PUT,155477732010,155477732037
0,763904,PUT,155477732292,155477732318
0,764160,PUT,155477732414,155477732440
0,764416,PUT,155477732529,155477732555
0,764672,PUT,155477732810,155477732838
0,764928,PUT,155477732869,155477732897
0,765184,PUT,155477732929,155477732955
0,765440,PUT,155477733043,155477733070
0,765696,PUT,155477733162,155477733189
0,765952,PUT,155477733221,155477733248
0,766208,PUT,155477733279,155477733304
0,766464,PUT,155477733337,155477733364
0,766720,PUT,155477733458,155477733484
0,766976,PUT,155477733515,155477733541
0,767232,PUT,155477733571,155477733597
0,767488,PUT,155477733964,155477733992
0,767744,PUT,155477734136,155477734162
0,768000,PUT,155477734594,155477734620
0,768256,PUT,155477734653,155477734679
0,768512,PUT,155477734768,155477734795
0,768768,PUT,155477734826,155477734854
0,769024,PUT,155477734884,155477734909
0,769280,PUT,155477734942,155477734968
0,769536,PUT,155477734999,155477735024
0,769792,PUT,155477735055,155477735081
0,770048,PUT,155477735112,155477735138
0,770304,PUT,155477735169,155477735195
0,770560,PUT,155477735340,155477735367
0,770816,PUT,155477735399,155477735425
0,771072,PUT,155477735680,155477735705
0,771328,PUT,155477735736,155477735762
0,771584,PUT,155477735795,155477735821
0,771840,PUT,155477735972,155477735999
0,772096,PUT,155477736030,155477736057
0,772352,PUT,155477736211,155477736237
0,772608,PUT,155477736381,155477736407
0,772864,PUT,155477736437,155477736464
0,773120,PUT,155477736496,155477736522
0,773376,PUT,155477736711,155477736738
0,773632,PUT,155477736828,155477736855
0,773888,PUT,155477736888,155477736915
0,774144,PUT,155477737003,155477737029
0,774400,PUT,155477737288,155477737314
0,774656,PUT,155477737347,155477737375
0,774912,PUT,155477737405,155477737433
0,775168,PUT,155477737631,155477737658
0,775424,PUT,155477739033,155477739060
0,775680,PUT,155477739092,155477739119
0,775936,PUT,155477739206,155477739233
0,776192,PUT,155477739326,155477739353
0,776448,PUT,155477739383,155477739411
0,776704,PUT,155477739609,155477739635
0,776960,PUT,155477739666,155477739694
0,777216,PUT,155477739840,155477739867
0,777472,PUT,155477739898,155477739926
0,777728,PUT,155477740141,155477740168
0,777984,PUT,155477740198,155477740224
0,778240,PUT,155477740256,155477740284
0,778496,PUT,155477740314,155477740342
0,778752,PUT,155477740373,155477740401
0,779008,PUT,155477740430,155477740458
0,779264,PUT,155477740552,155477740578
0,779520,PUT,155477740610,155477740638
0,779776,PUT,155477740667,155477740694
0,780032,PUT,155477740788,155477740815
0,780288,PUT,155477740971,155477740998
0,780544,PUT,155477741253,155477741279
0,780800,PUT,155477741312,155477741337
0,781056,PUT,155477741566,155477741592
0,781312,PUT,155477741685,155477741712
0,781568,PUT,155477741799,155477741826
0,781824,PUT,155477742088,155477742113
0,782080,PUT,155477742144,155477742170
0,782336,PUT,155477742265,155477742291
0,782592,PUT,155477742392,155477742419
0,782848,PUT,155477742452,155477742478
0,783104,PUT,155477742570,155477742596
0,783360,PUT,155477742628,155477742655
0,783616,PUT,155477742685,155477742711
0,783872,PUT,155477742743,155477742770
0,784128,PUT,155477742800,155477742828
0,784384,PUT,155477742858,155477742884
0,784640,PUT,155477743037,155477743064
0,784896,PUT,155477743096,155477743124
0,785152,PUT,155477743216,155477743243
0,785408,PUT,155477743395,155477743422
0,785664,PUT,155477743454,155477743481
0,785920,PUT,155477743854,155477743881
0,786176,PUT,155477743911,155477743937
0,786432,PUT,155477744572,155477744599
0,786688,PUT,155477745628,155477745655
0,786944,PUT,155477745745,155477745773
0,787200,PUT,155477745803,155477745831
0,787456,PUT,155477745861,155477745888
0,787712,PUT,155477745979,155477746006
0,787968,PUT,155477746163,155477746190
0,788224,PUT,155477746221,155477746247
0,788480,PUT,155477746337,155477746365
0,788736,PUT,155477746569,155477746596
0,788992,PUT,155477746629,155477746656
0,789248,PUT,155477746686,155477746714
0,789504,PUT,155477746865,155477746891
0,789760,PUT,155477746922,155477746947
0,790016,PUT,155477746979,155477747006
0,790272,PUT,155477747038,155477747064
0,790528,PUT,155477747095,155477747121
0,790784,PUT,155477747265,155477747292
0,791040,PUT,155477747443,155477747469
0,791296,PUT,155477747500,155477747526
0,791552,PUT,155477747611,155477747638
0,791808,PUT,155477747943,155477747970
0,792064,PUT,155477748065,155477748092
0,792320,PUT,155477748241,155477748269
0,792576,PUT,155477748298,155477748325
0,792832,PUT,155477748412,155477748437
0,793088,PUT,155477748471,155477748498
0,793344,PUT,155477748529,155477748555
0,793600,PUT,155477748943,155477748970
0,793856,PUT,155477749000,155477749027
0,794112,PUT,155477749058,155477749085
0,794368,PUT,155477749116,155477749143
0,794624,PUT,155477749173,155477749200
0,794880,PUT,155477749294,155477749321
0,795136,PUT,155477749415,155477749443
0,795392,PUT,155477749647,155477749674
0,795648,PUT,155477749834,155477749861
0,795904,PUT,155477749891,155477749918
0,796160,PUT,155477749949,155477749976
0,796416,PUT,155477750009,155477750034
0,796672,PUT,155477750246,155477750273
0,796928,PUT,155477750303,155477750329
0,797184,PUT,155477750616,155477750642
0,797440,PUT,155477750737,155477750764
0,797696,PUT,155477750796,155477750824
0,797952,PUT,155477750855,155477750881
0,798208,PUT,155477751410,155477751437
0,798464,PUT,155477751467,155477751494
0,798720,PUT,155477751578,155477751606
0,798976,PUT,155477751637,155477751665
0,799232,PUT,155477751697,155477751724
0,799488,PUT,155477751755,155477751781
0,799744,PUT,155477751810,155477751838
0,800000,PUT,155477752260,155477752286
0,800256,PUT,155477752317,155477752342
0,800512,PUT,155477752499,155477752526
0,800768,PUT,155477752556,155477752583
0,801024,PUT,155477752615,155477752642
0,801280,PUT,155477752675,155477752702
0,801536,PUT,155477752733,155477752758
0,801792,PUT,155477752853,155477752880
0,802048,PUT,155477752912,155477752938
0,802304,PUT,155477753095,155477753122
0,802560,PUT,155477753370,155477753397
0,802816,PUT,155477753491,155477753519
0,803072,PUT,155477753667,155477753694
0,803328,PUT,155477753727,155477753754
0,803584,PUT,155477753839,155477753867
0,803840,PUT,155477753960,155477753987
0,804096,PUT,155477754078,155477754105
0,804352,PUT,155477754137,155477754163
0,804608,PUT,155477754193,155477754221
0,804864,PUT,155477754250,155477754277
0,805120,PUT,155477754372,155477754399
0,805376,PUT,155477754432,155477754458
0,805632,PUT,155477754585,155477754612
0,805888,PUT,155477754644,155477754670
0,806144,PUT,155477754700,155477754726
0,806400,PUT,155477754757,155477754783
0,806656,PUT,155477754989,155477755015
0,806912,PUT,155477755164,155477755191
0,807168,PUT,155477755221,155477755249
0,807424,PUT,155477755280,155477755306
0,807680,PUT,155477755337,155477755364
0,807936,PUT,155477755396,155477755422
0,808192,PUT,155477755456,155477755482
0,808448,PUT,155477755633,155477755660
0,808704,PUT,155477755690,155477755716
0,808960,PUT,155477755748,155477755775
0,809216,PUT,155477755804,155477755831
0,809472,PUT,155477755969,155477755995
0,809728,PUT,155477756088,155477756116
0,809984,PUT,155477756147,155477756174
0,810240,PUT,155477756330,155477756358
0,810496,PUT,155477756387,155477756413
0,810752,PUT,155477756446,155477756472
0,811008,PUT,155477756503,155477756528
0,811264,PUT,155477756559,155477756585
0,811520,PUT,155477756680,155477756707
0,811776,PUT,155477757097,155477757125
0,812032,PUT,155477757272,155477757298
0,812288,PUT,155477757449,155477757476
0,812544,PUT,155477757675,155477757702
0,812800,PUT,155477757790,155477757816
0,813056,PUT,155477758147,155477758175
0,813312,PUT,155477758267,155477758293
0,813568,PUT,155477758487,155477758515
0,813824,PUT,155477758545,155477758572
0,814080,PUT,155477758657,155477758685
0,814336,PUT,155477758826,155477758852
0,814592,PUT,155477758883,155477758909
0,814848,PUT,155477758942,155477758968
0,815104,PUT,155477759119,155477759146
0,815360,PUT,155477759234,155477759260
0,815616,PUT,155477759476,155477759504
0,815872,PUT,155477759596,155477759623
0,816128,PUT,155477760630,155477760657
0,816384,PUT,155477760748,155477760776
0,816640,PUT,155477760870,155477760897
0,816896,PUT,155477760928,155477760956
0,817152,PUT,155477760985,155477761013
0,817408,PUT,155477761117,155477761144
0,817664,PUT,155477761176,155477761204
0,817920,PUT,155477761332,155477761358
0,818176,PUT,155477761388,155477761415
0,818432,PUT,155477761633,155477761660
0,818688,PUT,155477761691,155477761717
0,818944,PUT,155477761802,155477761828
0,819200,PUT,155477761859,155477761886
0,819456,PUT,155477761973,155477762000
0,819712,PUT,155477762032,155477762060
0,819968,PUT,155477762089,155477762116
0,820224,PUT,155477762210,155477762237
0,820480,PUT,155477762269,155477762295
0,820736,PUT,155477762630,155477762656
0,820992,PUT,155477762689,155477762716
0,821248,PUT,155477762748,155477762775
0,821504,PUT,155477762805,155477762832
0,821760,PUT,155477762925,155477762952
0,822016,PUT,155477763095,155477763122
0,822272,PUT,155477763339,155477763366
0,822528,PUT,155477763396,155477763423
0,822784,PUT,155477763455,155477763481
0,823040,PUT,155477763569,155477763596
0,823296,PUT,155477763744,155477763772
0,823552,PUT,155477763865,155477763893
0,823808,PUT,155477763982,155477764010
0,824064,PUT,155477764095,155477764121
0,824320,PUT,155477764216,155477764244
0,824576,PUT,155477764334,155477764362
0,824832,PUT,155477764746,155477764773
0,825088,PUT,155477764805,155477764831
0,825344,PUT,155477764863,155477764889
0,825600,PUT,155477765111,155477765137
0,825856,PUT,155477765283,155477765311
0,826112,PUT,155477765340,155477765367
0,826368,PUT,155477765575,155477765603
0,826624,PUT,155477765696,155477765723
0,826880,PUT,155477765932,155477765960
0,827136,PUT,155477766052,155477766079
0,827392,PUT,155477766290,155477766315
0,827648,PUT,155477766504,155477766531
0,827904,PUT,155477766625,155477766652
0,828160,PUT,155477766681,155477766708
0,828416,PUT,155477766738,155477766765
0,828672,PUT,155477766922,155477766951
0,828928,PUT,155477767039,155477767065
0,829184,PUT,155477767097,155477767123
0,829440,PUT,155477767156,155477767183
0,829696,PUT,155477767276,155477767302
0,829952,PUT,155477767335,155477767362
0,830208,PUT,155477767450,155477767477
0,830464,PUT,155477769204,155477769230
0,830720,PUT,155477769260,155477769288
0,830976,PUT,155477769559,155477769586
0,831232,PUT,155477769674,155477769700
0,831488,PUT,155477769732,155477769758
0,831744,PUT,155477769789,155477769815
0,832000,PUT,155477769944,155477769972
0,832256,PUT,155477770116,155477770143
0,832512,PUT,155477770175,155477770201
0,832768,PUT,155477770233,155477770261
0,833024,PUT,155477770349,155477770375
0,833280,PUT,155477770469,155477770495
0,833536,PUT,155477770700,155477770727
0,833792,PUT,155477770813,155477770839
0,834048,PUT,155477770879,155477770905
0,834304,PUT,155477770936,155477770963
0,834560,PUT,155477771050,155477771075
0,834816,PUT,155477771108,155477771134
0,835072,PUT,155477771284,155477771311
0,835328,PUT,155477771398,155477771423
0,835584,PUT,155477771456,155477771482
0,835840,PUT,155477771639,155477771666
0,836096,PUT,155477771699,155477771725
0,836352,PUT,155477771938,155477771965
0,836608,PUT,155477771996,155477772022
0,836864,PUT,155477772114,155477772141
0,837120,PUT,155477772284,155477772312
0,837376,PUT,155477772343,155477772370
0,837632,PUT,155477772462,155477772489
0,837888,PUT,155477772700,155477772728
0,838144,PUT,155477772816,155477772843
0,838400,PUT,155477772936,155477772962
0,838656,PUT,155477773234,155477773261
0,838912,PUT,155477773291,155477773318
0,839168,PUT,155477773350,155477773376
0,839424,PUT,155477773462,155477773487
0,839680,PUT,155477773734,155477773760
0,839936,PUT,155477773789,155477773817
0,840192,PUT,155477773850,155477773876
0,840448,PUT,155477773907,155477773932
0,840704,PUT,155477773965,155477773991
0,840960,PUT,155477774023,155477774050
0,841216,PUT,155477774082,155477774110
0,841472,PUT,155477774264,155477774291
0,841728,PUT,155477774321,155477774347
0,841984,PUT,155477774380,155477774405
0,842240,PUT,155477774438,155477774466
0,842496,PUT,155477774619,155477774646
0,842752,PUT,155477774734,155477774761
0,843008,PUT,155477774889,155477774916
0,843264,PUT,155477774946,155477774973
0,843520,PUT,155477775129,155477775156
0,843776,PUT,155477775186,155477775213
0,844032,PUT,155477775304,155477775330
0,844288,PUT,155477775364,155477775390
0,844544,PUT,155477775420,155477775446
0,844800,PUT,155477775479,155477775505
0,845056,PUT,155477775538,155477775564
0,845312,PUT,155477775596,155477775623
0,845568,PUT,155477775655,155477775683
0,845824,PUT,155477775770,155477775797
0,846080,PUT,155477775888,155477775916
0,846336,PUT,155477776010,155477776037
0,846592,PUT,155477776069,155477776096
0,846848,PUT,155477776184,155477776211
0,847104,PUT,155477776526,155477776552
0,847360,PUT,155477776583,155477776610
0,847616,PUT,155477776817,155477776844
0,847872,PUT,155477776875,155477776900
0,848128,PUT,155477776947,155477776974
0,848384,PUT,155477777079,155477777105
0,848640,PUT,155477777141,155477777168
0,848896,PUT,155477777300,155477777327
0,849152,PUT,155477777362,155477777389
0,849408,PUT,155477777493,155477777519
0,849664,PUT,155477777554,155477777581
0,849920,PUT,155477778000,155477778027
0,850176,PUT,155477778172,155477778200
0,850432,PUT,155477778235,155477778262
0,850688,PUT,155477778293,155477778319
0,850944,PUT,155477778355,155477778383
0,851200,PUT,155477778734,155477778760
0,851456,PUT,155477778848,155477778876
0,851712,PUT,155477778907,155477778933
0,851968,PUT,155477779085,155477779111
0,852224,PUT,155477779498,155477779526
0,852480,PUT,155477779557,155477779584
0,852736,PUT,155477779616,155477779642
0,852992,PUT,155477779675,155477779701
0,853248,PUT,155477779733,155477779760
0,853504,PUT,155477779846,155477779873
0,853760,PUT,155477780115,155477780141
0,854016,PUT,155477780349,155477780374
0,854272,PUT,155477780693,155477780720
0,854528,PUT,155477780809,155477780836
0,854784,PUT,155477781166,155477781192
0,855040,PUT,155477781406,155477781432
0,855296,PUT,155477781465,155477781492
0,855552,PUT,155477781696,155477781723
0,855808,PUT,155477783093,155477783120
0,856064,PUT,155477783222,155477783248
0,856320,PUT,155477783281,155477783307
0,856576,PUT,155477783577,155477783603
0,856832,PUT,155477783690,155477783716
0,857088,PUT,155477783747,155477783774
0,857344,PUT,155477784022,155477784049
0,857600,PUT,155477784134,155477784161
0,857856,PUT,155477784193,155477784220
0,858112,PUT,155477784251,155477784278
0,858368,PUT,155477784310,155477784336
0,858624,PUT,155477784369,155477784395
0,858880,PUT,155477784545,155477784571
0,859136,PUT,155477785044,155477785069
0,859392,PUT,155477785163,155477785190
0,859648,PUT,155477785282,155477785310
0,859904,PUT,155477785457,155477785483
0,860160,PUT,155477785516,155477785542
0,860416,PUT,155477785699,155477785725
0,860672,PUT,155477785883,155477785910
0,860928,PUT,155477785997,155477786024
0,861184,PUT,155477786055,155477786083
0,861440,PUT,155477786114,155477786141
0,861696,PUT,155477786171,155477786198
0,861952,PUT,155477786229,155477786256
0,862208,PUT,155477786467,155477786492
0,862464,PUT,155477786579,155477786605
0,862720,PUT,155477787015,155477787042
0,862976,PUT,155477787246,155477787273
0,863232,PUT,155477787358,155477787385
0,863488,PUT,155477787415,155477787442
0,863744,PUT,155477787474,155477787500
0,864000,PUT,155477787630,155477787657
0,864256,PUT,155477787806,155477787832
0,864512,PUT,155477788036,155477788062
0,864768,PUT,155477788095,155477788122
0,865024,PUT,155477788523,155477788549
0,865280,PUT,155477788583,155477788609
0,865536,PUT,155477788756,155477788783
0,865792,PUT,155477788938,155477788964
0,866048,PUT,155477789249,155477789277
0,866304,PUT,155477789306,155477789333
0,866560,PUT,155477789363,155477789390
0,866816,PUT,155477789546,155477789573
0,867072,PUT,155477789616,155477789643
0,867328,PUT,155477789688,155477789714
0,867584,PUT,155477790117,155477790144
0,867840,PUT,155477790179,155477790206
0,868096,PUT,155477790302,155477790328
0,868352,PUT,155477790362,155477790388
0,868608,PUT,155477790586,155477790612
0,868864,PUT,155477790764,155477790790
0,869120,PUT,155477790991,155477791017
0,869376,PUT,155477791049,155477791076
0,869632,PUT,155477791167,155477791194
0,869888,PUT,155477791230,155477791256
0,870144,PUT,155477791348,155477791376
0,870400,PUT,155477791471,155477791498
0,870656,PUT,155477791590,155477791617
0,870912,PUT,155477791721,155477791747
0,871168,PUT,155477791780,155477791808
0,871424,PUT,155477791897,155477791925
0,871680,PUT,155477791957,155477791984
0,871936,PUT,155477792016,155477792042
0,872192,PUT,155477792074,155477792100
0,872448,PUT,155477792133,155477792160
0,872704,PUT,155477792193,155477792220
0,872960,PUT,155477792426,155477792452
0,873216,PUT,155477792544,155477792570
0,873472,PUT,155477792603,155477792630
0,873728,PUT,155477792776,155477792803
0,873984,PUT,155477793934,155477793961
0,874240,PUT,155477794248,155477794274
0,874496,PUT,155477794366,155477794393
0,874752,PUT,155477794540,155477794604
0,875008,PUT,155477794789,155477794748
0,875264,PUT,155477795192,155477795254
0,875520,PUT,155477795540,155477795523
0,875776,PUT,155477795635,155477795694
0,876032,PUT,155477795925,155477795994
0,876288,PUT,155477796175,155477796239
0,876544,PUT,155477796321,155477796381
0,876800,PUT,155477796775,155477796828
0,877056,PUT,155477796929,155477796994
0,877312,PUT,155477797119,155477797193
0,877568,PUT,155477797715,155477797786
0,877824,PUT,155477798088,155477798070
0,878080,PUT,155477798209,155477798278
0,878336,PUT,155477798390,155477798459
0,878592,PUT,155477798974,155477799037
0,878848,PUT,155477799223,155477799211
0,879104,PUT,155477799320,155477799379
0,879360,PUT,155477799473,155477799499
0,879616,PUT,155477799605,155477799624
0,879872,PUT,155477799700,155477799759
0,880128,PUT,155477799852,155477799874
0,880384,PUT,155477800369,155477800432
0,880640,PUT,155477800710,155477800763
0,880896,PUT,155477800853,155477800881
0,881152,PUT,155477801090,155477801118
0,881408,PUT,155477801203,155477801230
0,881664,PUT,155477801289,155477801316
0,881920,PUT,155477802268,155477804241
0,882176,PUT,155477804632,155477804659
0,882432,PUT,155477804746,155477804772
0,882688,PUT,155477804894,155477804957
0,882944,PUT,155477805043,155477805127
0,883200,PUT,155477805195,155477805230
0,883456,PUT,155477805351,155477805323
0,883712,PUT,155477805603,155477805663
0,883968,PUT,155477806007,155477806096
0,884224,PUT,155477806445,155477806508
0,884480,PUT,155477806786,155477806843
0,884736,PUT,155477806929,155477806994
0,884992,PUT,155477807266,155477807293
0,885248,PUT,155477807364,155477807424
0,885504,PUT,155477807511,155477807576
0,885760,PUT,155477808255,155477808318
0,886016,PUT,155477808433,155477808459
0,886272,PUT,155477809514,155477809577
0,886528,PUT,155477809815,155477809878
0,886784,PUT,155477809992,155477810017
0,887040,PUT,155477810077,155477810150
0,887296,PUT,155477810264,155477810321
0,887552,PUT,155477810568,155477810558
0,887808,PUT,155477810716,155477810784
0,888064,PUT,155477810854,155477810911
0,888320,PUT,155477811129,155477811155
0,888576,PUT,155477811373,155477811401
0,888832,PUT,155477811461,155477811487
0,889088,PUT,155477811790,155477811852
0,889344,PUT,155477812978,155477813042
0,889600,PUT,155477813366,155477813433
0,889856,PUT,155477813547,155477813574
0,890112,PUT,155477814520,155477814583
0,890368,PUT,155477814651,155477814678
0,890624,PUT,155477814890,155477814954
0,890880,PUT,155477815093,155477815149
0,891136,PUT,155477815238,155477815301
0,891392,PUT,155477815416,155477815485
0,891648,PUT,155477815720,155477815782
0,891904,PUT,155477815996,155477816022
0,892160,PUT,155477816090,155477816156
0,892416,PUT,155477816419,155477816435
0,892672,PUT,155477816671,155477816733
0,892928,PUT,155477816799,155477816826
0,893184,PUT,155477816885,155477816912
0,893440,PUT,155477817162,155477817225
0,893696,PUT,155477817604,155477817663
0,893952,PUT,155477817751,155477817814
0,894208,PUT,155477817904,155477817963
0,894464,PUT,155477819624,155477819694
0,894720,PUT,155477819930,155477819992
0,894976,PUT,155477820080,155477820143
0,895232,PUT,155477820391,155477820450
0,895488,PUT,155477820561,155477820634
0,895744,PUT,155477821436,155477821496
0,896000,PUT,155477821609,155477821639
0,896256,PUT,155477821904,155477821924
0,896512,PUT,155477822036,155477822099
0,896768,PUT,155477822334,155477822393
0,897024,PUT,155477822818,155477822880
0,897280,PUT,155477822999,155477823069
0,897536,PUT,155477823151,155477823208
0,897792,PUT,155477823712,155477823774
0,898048,PUT,155477824637,155477824698
0,898304,PUT,155477824920,155477824946
0,898560,PUT,155477825159,155477825185
0,898816,PUT,155477825253,155477825317
0,899072,PUT,155477825399,155477825457
0,899328,PUT,155477825569,155477825642
0,899584,PUT,155477825709,155477825766
0,899840,PUT,155477825981,155477826007
0,900096,PUT,155477826339,155477826404
0,900352,PUT,155477826617,155477826681
0,900608,PUT,155477827057,155477827119
0,900864,PUT,155477827386,155477827448
0,901120,PUT,155477827571,155477827548
0,901376,PUT,155477827705,155477827727
0,901632,PUT,155477828138,155477828201
0,901888,PUT,155477828290,155477828355
0,902144,PUT,155477828766,155477828829
0,902400,PUT,155477828918,155477829041
0,902656,PUT,155477829334,155477829395
0,902912,PUT,155477829503,155477829579
0,903168,PUT,155477829967,155477830036
0,903424,PUT,155477830145,155477830220
0,903680,PUT,155477830658,155477830714
0,903936,PUT,155477830976,155477831042
0,904192,PUT,155477831177,155477831237
0,904448,PUT,155477831360,155477831331
0,904704,PUT,155477831645,155477831671
0,904960,PUT,155477832197,155477832267
0,905216,PUT,155477832350,155477832410
0,905472,PUT,155477832662,155477832726
0,905728,PUT,155477832965,155477833027
0,905984,PUT,155477833566,155477833628
0,906240,PUT,155477833858,155477833920
0,906496,PUT,155477834029,155477834086
0,906752,PUT,155477834620,155477834683
0,907008,PUT,155477835065,155477835128
0,907264,PUT,155477835193,155477835220
0,907520,PUT,155477835287,155477835314
0,907776,PUT,155477835528,155477835590
0,908032,PUT,155477836712,155477836776
0,908288,PUT,155477836892,155477836918
0,908544,PUT,155477837003,155477837068
0,908800,PUT,155477837174,155477837234
0,909056,PUT,155477837303,155477837330
0,909312,PUT,155477837580,155477837644
0,909568,PUT,155477837753,155477837830
0,909824,PUT,155477837917,155477837976
0,910080,PUT,155477838062,155477838126
0,910336,PUT,155477838218,155477838277
0,910592,PUT,155477838533,155477838598
0,910848,PUT,155477838987,155477839047
0,911104,PUT,155477839268,155477839330
0,911360,PUT,155477839481,155477839537
0,911616,PUT,155477839763,155477839825
0,911872,PUT,155477839970,155477840034
0,912128,PUT,155477840154,155477840225
0,912384,PUT,155477840626,155477840689
0,912640,PUT,155477840835,155477840900
0,912896,PUT,155477841224,155477841286
0,913152,PUT,155477841598,155477841660
0,913408,PUT,155477841724,155477841750
0,913664,PUT,155477842048,155477842110
0,913920,PUT,155477842440,155477842476
0,914176,PUT,155477842687,155477842750
0,914432,PUT,155477843121,155477843148
0,914688,PUT,155477843385,155477843446
0,914944,PUT,155477843727,155477843788
0,915200,PUT,155477843996,155477844056
0,915456,PUT,155477844166,155477844235
0,915712,PUT,155477844318,155477844378
0,915968,PUT,155477844500,155477844471
0,916224,PUT,155477844917,155477844978
0,916480,PUT,155477845067,155477845132
0,916736,PUT,155477845914,155477845976
0,916992,PUT,155477846249,155477846276
0,917248,PUT,155477846340,155477846404
0,917504,PUT,155477846769,155477846831
0,917760,PUT,155477848277,155477848251
0,918016,PUT,155477848409,155477848470
0,918272,PUT,155477848554,155477848613
0,918528,PUT,155477848701,155477848766
0,918784,PUT,155477849260,155477849322
0,919040,PUT,155477849437,155477849464
0,919296,PUT,155477849656,155477849683
0,919552,PUT,155477849714,155477849741
0,919808,PUT,155477849773,155477849800
0,920064,PUT,155477849832,155477849858
0,920320,PUT,155477849891,155477849918
0,920576,PUT,155477849950,155477849978
0,920832,PUT,155477850044,155477850070
0,921088,PUT,155477850103,155477850128
0,921344,PUT,155477850161,155477850187
0,921600,PUT,155477850274,155477850300
0,921856,PUT,155477850332,155477850359
0,922112,PUT,155477850489,155477850515
0,922368,PUT,155477850546,155477850574
0,922624,PUT,155477850715,155477850741
0,922880,PUT,155477851263,155477851291
0,923136,PUT,155477851763,155477851825
0,923392,PUT,155477851891,155477851918
0,923648,PUT,155477851979,155477852005
0,923904,PUT,155477852417,155477852482
0,924160,PUT,155477852571,155477852630
0,924416,PUT,155477852860,155477852923
0,924672,PUT,155477852989,155477853016
0,924928,PUT,155477853079,155477853149
0,925184,PUT,155477853598,155477853660
0,925440,PUT,155477853921,155477853985
0,925696,PUT,155477854315,155477854377
0,925952,PUT,155477854611,155477854673
0,926208,PUT,155477855100,155477855131
0,926464,PUT,155477855432,155477855494
0,926720,PUT,155477855765,155477855827
0,926976,PUT,155477856055,155477856082
0,927232,PUT,155477856239,155477856303
0,927488,PUT,155477856432,155477856395
0,927744,PUT,155477856566,155477856584
0,928000,PUT,155477856812,155477856884
0,928256,PUT,155477856992,155477857067
0,928512,PUT,155477857139,155477857193
0,928768,PUT,155477857253,155477857281
0,929024,PUT,155477857503,155477857570
0,929280,PUT,155477858344,155477858421
0,929536,PUT,155477859376,155477859438
0,929792,PUT,155477859808,155477859834
0,930048,PUT,155477859965,155477859991
0,930304,PUT,155477860111,155477860190
0,930560,PUT,155477860334,155477860394
0,930816,PUT,155477860630,155477860693
0,931072,PUT,155477860823,155477860887
0,931328,PUT,155477860996,155477861069
0,931584,PUT,155477861337,155477861393
0,931840,PUT,155477861481,155477861545
0,932096,PUT,155477861634,155477861693
0,932352,PUT,155477861927,155477861990
0,932608,PUT,155477862054,155477862080
0,932864,PUT,155477862299,155477862363
0,933120,PUT,155477862730,155477862792
0,933376,PUT,155477862857,155477862884
0,933632,PUT,155477862947,155477862974
0,933888,PUT,155477863034,155477863109
0,934144,PUT,155477863488,155477863550
0,934400,PUT,155477863826,155477863882
0,934656,PUT,155477863943,155477863971
0,934912,PUT,155477864411,155477864473
0,935168,PUT,155477864533,155477864560
0,935424,PUT,155477864787,155477864850
0,935680,PUT,155477865074,155477865136
0,935936,PUT,155477865202,155477865229
0,936192,PUT,155477865293,155477865360
0,936448,PUT,155477865469,155477865543
0,936704,PUT,155477865930,155477865995
0,936960,PUT,155477866082,155477866141
0,937216,PUT,155477866360,155477866387
0,937472,PUT,155477866451,155477866478
0,937728,PUT,155477866538,155477866565
0,937984,PUT,155477866627,155477866697
0,938240,PUT,155477866812,155477866868
0,938496,PUT,155477866957,155477867020
0,938752,PUT,155477867342,155477867405
0,939008,PUT,155477867514,155477867586
0,939264,PUT,155477868069,155477868130
0,939520,PUT,155477870084,155477870147
0,939776,PUT,155477870417,155477870479
0,940032,PUT,155477870546,155477870573
0,940288,PUT,155477870886,155477870847
0,940544,PUT,155477871618,155477871683
0,940800,PUT,155477871765,155477871823
0,941056,PUT,155477872518,155477872581
0,941312,PUT,155477872689,155477872764
0,941568,PUT,155477872939,155477873003
0,941824,PUT,155477873489,155477873551
0,942080,PUT,155477873795,155477873779
0,942336,PUT,155477873941,155477873958
0,942592,PUT,155477874081,155477874155
0,942848,PUT,155477874258,155477874317
0,943104,PUT,155477874414,155477874412
0,943360,PUT,155477874529,155477874609
0,943616,PUT,155477877808,155477877877
0,943872,PUT,155477877995,155477878057
0,944128,PUT,155477878125,155477878154
0,944384,PUT,155477878248,155477878318
0,944640,PUT,155477878442,155477878517
0,944896,PUT,155477878608,155477878674
0,945152,PUT,155477878771,155477878840
0,945408,PUT,155477878941,155477879007
0,945664,PUT,155477879115,155477879185
0,945920,PUT,155477879325,155477879400
0,946176,PUT,155477879520,155477879595
0,946432,PUT,155477879716,155477879798
0,946688,PUT,155477879893,155477879965
0,946944,PUT,155477880261,155477880330
0,947200,PUT,155477880998,155477881067
0,947456,PUT,155477881628,155477881696
0,947712,PUT,155477881839,155477881798
0,947968,PUT,155477881977,155477882048
0,948224,PUT,155477882486,155477882555
0,948480,PUT,155477882630,155477882659
0,948736,PUT,155477882727,155477882801
0,948992,PUT,155477883530,155477883598
0,949248,PUT,155477883757,155477883827
0,949504,PUT,155477884278,155477884347
0,949760,PUT,155477885079,155477885163
0,950016,PUT,155477885344,155477885413
0,950272,PUT,155477885961,155477886029
0,950528,PUT,155477886406,155477886480
0,950784,PUT,155477886611,155477886676
0,951040,PUT,155477886750,155477886778
0,951296,PUT,155477887194,155477887223
0,951552,PUT,155477887349,155477887321
0,951808,PUT,155477887450,155477887517
0,952064,PUT,155477887642,155477887726
0,952320,PUT,155477887883,155477887955
0,952576,PUT,155477888262,155477888284
0,952832,PUT,155477888580,155477888650
0,953088,PUT,155477888774,155477888808
0,953344,PUT,155477889229,155477889296
0,953600,PUT,155477890170,155477890239
0,953856,PUT,155477890308,155477890337
0,954112,PUT,155477890403,155477890432
0,954368,PUT,155477890465,155477890495
0,954624,PUT,155477890528,155477890557
0,954880,PUT,155477890590,155477890619
0,955136,PUT,155477890748,155477890778
0,955392,PUT,155477890813,155477890841
0,955648,PUT,155477891048,155477891078
0,955904,PUT,155477891110,155477891140
0,956160,PUT,155477891411,155477891440
0,956416,PUT,155477891473,155477891502
0,956672,PUT,155477891603,155477891632
0,956928,PUT,155477891666,155477891696
0,957184,PUT,155477891851,155477891880
0,957440,PUT,155477891912,155477891942
0,957696,PUT,155477892402,155477892431
0,957952,PUT,155477892529,155477892558
0,958208,PUT,155477892852,155477892881
0,958464,PUT,155477892917,155477892947
0,958720,PUT,155477893049,155477893078
0,958976,PUT,155477893179,155477893208
0,959232,PUT,155477893310,155477893340
0,959488,PUT,155477893374,155477893404
0,959744,PUT,155477893559,155477893589
0,960000,PUT,155477893923,155477893953
0,960256,PUT,155477894202,155477894232
0,960512,PUT,155477894265,155477894294
0,960768,PUT,155477894327,155477894357
0,961024,PUT,155477894392,155477894420
0,961280,PUT,155477894454,155477894483
0,961536,PUT,155477896241,155477896269
0,961792,PUT,155477896480,155477896508
0,962048,PUT,155477896612,155477896641
0,962304,PUT,155477896784,155477896812
0,962560,PUT,155477896906,155477896936
0,962816,PUT,155477897166,155477897195
0,963072,PUT,155477897228,155477897257
0,963328,PUT,155477897293,155477897323
0,963584,PUT,155477897466,155477897494
0,963840,PUT,155477897594,155477897623
0,964096,PUT,155477897717,155477897747
0,964352,PUT,155477897819,155477897849
0,964608,PUT,155477897950,155477897980
0,964864,PUT,155477898013,155477898042
0,965120,PUT,155477898075,155477898104
0,965376,PUT,155477898405,155477898434
0,965632,PUT,155477898585,155477898615
0,965888,PUT,155477898785,155477898815
0,966144,PUT,155477898917,155477898946
0,966400,PUT,155477899017,155477899047
0,966656,PUT,155477899079,155477899109
0,966912,PUT,155477899141,155477899172
0,967168,PUT,155477899204,155477899234
0,967424,PUT,155477899266,155477899295
0,967680,PUT,155477899328,155477899359
0,967936,PUT,155477899391,155477899421
0,968192,PUT,155477899514,155477899543
0,968448,PUT,155477899915,155477899944
0,968704,PUT,155477900108,155477900138
0,968960,PUT,155477900174,155477900203
0,969216,PUT,155477900235,155477900265
0,969472,PUT,155477900428,155477900458
0,969728,PUT,155477900552,155477900581
0,969984,PUT,155477900676,155477900705
0,970240,PUT,155477900741,155477900770
0,970496,PUT,155477901137,155477901166
0,970752,PUT,155477901203,155477901231
0,971008,PUT,155477901387,155477901417
0,971264,PUT,155477901453,155477901482
0,971520,PUT,155477901517,155477901547
0,971776,PUT,155477901579,155477901607
0,972032,PUT,155477901848,155477901878
0,972288,PUT,155477902225,155477902254
0,972544,PUT,155477902456,155477902485
0,972800,PUT,155477902519,155477902547
0,973056,PUT,155477902649,155477902678
0,973312,PUT,155477902772,155477902803
0,973568,PUT,155477903079,155477903109
0,973824,PUT,155477903143,155477903173
0,974080,PUT,155477903208,155477903237
0,974336,PUT,155477903331,155477903359
0,974592,PUT,155477903433,155477903463
0,974848,PUT,155477903619,155477903647
0,975104,PUT,155477903680,155477903709
0,975360,PUT,155477904039,155477904068
0,975616,PUT,155477904164,155477904192
0,975872,PUT,155477904286,155477904315
0,976128,PUT,155477904784,155477904813
0,976384,PUT,155477904849,155477904879
0,976640,PUT,155477905076,155477905104
0,976896,PUT,155477905383,155477905412
0,977152,PUT,155477905620,155477905650
0,977408,PUT,155477905682,155477905712
0,977664,PUT,155477905806,155477905836
0,977920,PUT,155477905871,155477905901
0,978176,PUT,155477905936,155477905966
0,978432,PUT,155477905997,155477906026
0,978688,PUT,155477906225,155477906254
0,978944,PUT,155477906286,155477906317
0,979200,PUT,155477907485,155477907594
0,979456,PUT,155477907737,155477907807
0,979712,PUT,155477907927,155477908003
0,979968,PUT,155477908128,155477908161
0,980224,PUT,155477908242,155477908308
0,980480,PUT,155477908783,155477908851
0,980736,PUT,155477909156,155477909220
0,980992,PUT,155477909317,155477909388
0,981248,PUT,155477909694,155477909767
0,981504,PUT,155477910206,155477910275
0,981760,PUT,155477910568,155477910642
0,982016,PUT,155477911957,155477912025
0,982272,PUT,155477912144,155477912206
0,982528,PUT,155477912792,155477912860
0,982784,PUT,155477912930,155477912959
0,983040,PUT,155477913373,155477913402
0,983296,PUT,155477914156,155477914226
0,983552,PUT,155477914347,155477914421
0,983808,PUT,155477914659,155477914732
0,984064,PUT,155477914826,155477914891
0,984320,PUT,155477915027,155477914991
0,984576,PUT,155477915172,155477915194
0,984832,PUT,155477915485,155477915518
0,985088,PUT,155477915646,155477915711
0,985344,PUT,155477915784,155477915813
0,985600,PUT,155477916394,155477916461
0,985856,PUT,155477916877,155477916946
0,986112,PUT,155477917237,155477917307
0,986368,PUT,155477917642,155477917711
0,986624,PUT,155477918020,155477918091
0,986880,PUT,155477918630,155477918699
0,987136,PUT,155477918761,155477918791
0,987392,PUT,155477919015,155477919045
0,987648,PUT,155477919118,155477919147
0,987904,PUT,155477919180,155477919210
0,988160,PUT,155477919243,155477919272
0,988416,PUT,155477919484,155477919513
0,988672,PUT,155477919548,155477919577
0,988928,PUT,155477919611,155477919641
0,989184,PUT,155477919673,155477919702
0,989440,PUT,155477919803,155477919832
0,989696,PUT,155477919906,155477919935
0,989952,PUT,155477920948,155477921015
0,990208,PUT,155477921308,155477921381
0,990464,PUT,155477921533,155477921597
0,990720,PUT,155477921672,155477921701
0,990976,PUT,155477921772,155477921801
0,991232,PUT,155477922265,155477922335
0,991488,PUT,155477922596,155477922660
0,991744,PUT,155477922784,155477922869
0,992000,PUT,155477922942,155477923010
0,992256,PUT,155477923128,155477923191
0,992512,PUT,155477923258,155477923288
0,992768,PUT,155477923383,155477923452
0,993024,PUT,155477923548,155477923614
0,993280,PUT,155477923686,155477923716
0,993536,PUT,155477924193,155477924265
0,993792,PUT,155477924495,155477924565
0,994048,PUT,155477924654,155477924718
0,994304,PUT,155477924847,155477924820
0,994560,PUT,155477925515,155477925585
0,994816,PUT,155477925746,155477925813
0,995072,PUT,155477926235,155477926214
0,995328,PUT,155477926612,155477926576
0,995584,PUT,155477926715,155477926781
0,995840,PUT,155477927202,155477927269
0,996096,PUT,155477927396,155477927476
0,996352,PUT,155477927548,155477927617
0,996608,PUT,155477927776,155477927844
0,996864,PUT,155477928002,155477928070
0,997120,PUT,155477928230,155477928291
0,997376,PUT,155477929363,155477929432
0,997632,PUT,155477929732,155477929796
0,997888,PUT,155477930048,155477930117
0,998144,PUT,155477930516,155477930584
0,998400,PUT,155477930657,155477930686
0,998656,PUT,155477930818,155477930786
0,998912,PUT,155477930918,155477930984
0,999168,PUT,155477931109,155477931193
0,999424,PUT,155477931505,155477931575
0,999680,PUT,155477932410,155477932480
0,999936,PUT,155477932599,155477932681
0,1000192,PUT,155477932755,155477932825
0,1000448,PUT,155477933073,155477933141
0,1000704,PUT,155477933425,155477933412
0,1000960,PUT,155477933612,155477933692
0,1001216,PUT,155477934017,155477934088
0,1001472,PUT,155477934468,155477934537
0,1001728,PUT,155477934838,155477934907
0,1001984,PUT,155477935271,155477935370
0,1002240,PUT,155477935656,155477935732
0,1002496,PUT,155477935989,155477936063
0,1002752,PUT,155477936136,155477936214
0,1003008,PUT,155477936287,155477936356
0,1003264,PUT,155477936814,155477936884
0,1003520,PUT,155477937187,155477937255
0,1003776,PUT,155477937373,155477937435
0,1004032,PUT,155477937502,155477937531
0,1004288,PUT,155477937629,155477937696
0,1004544,PUT,155477938545,155477938634
0,1004800,PUT,155477938724,155477938790
0,1005056,PUT,155477940683,155477940796
0,1005312,PUT,155477940924,155477940992
0,1005568,PUT,155477941129,155477941204
0,1005824,PUT,155477941294,155477941359
0,1006080,PUT,155477941433,155477941490
0,1006336,PUT,155477941591,155477941661
0,1006592,PUT,155477941823,155477941846
0,1006848,PUT,155477941923,155477941988
0,1007104,PUT,155477942236,155477942305
0,1007360,PUT,155477942425,155477942508
0,1007616,PUT,155477942757,155477942827
0,1007872,PUT,155477943071,155477943166
0,1008128,PUT,155477943311,155477943379
0,1008384,PUT,155477943845,155477943914
0,1008640,PUT,155477944077,155477944146
0,1008896,PUT,155477944432,155477944501
0,1009152,PUT,155477944598,155477944669
0,1009408,PUT,155477944944,155477945008
0,1009664,PUT,155477945275,155477945344
0,1009920,PUT,155477945933,155477946005
0,1010176,PUT,155477946470,155477946538
0,1010432,PUT,155477947455,155477947523
0,1010688,PUT,155477947729,155477947716
0,1010944,PUT,155477948079,155477948154
0,1011200,PUT,155477948807,155477948874
0,1011456,PUT,155477948994,155477949078
0,1011712,PUT,155477949151,155477949221
0,1011968,PUT,155477949387,155477949455
0,1012224,PUT,155477950168,155477950241
0,1012480,PUT,155477950362,155477950438
0,1012736,PUT,155477950836,155477950904
0,1012992,PUT,155477950983,155477951040
0,1013248,PUT,155477951277,155477951345
0,1013504,PUT,155477951745,155477951815
0,1013760,PUT,155477952253,155477952321
0,1014016,PUT,155477952587,155477952664
0,1014272,PUT,155477952762,155477952902
0,1014528,PUT,155477953246,155477953316
0,1014784,PUT,155477954570,155477954639
0,1015040,PUT,155477954709,155477954769
0,1015296,PUT,155477954888,155477954957
0,1015552,PUT,155477955248,155477955318
0,1015808,PUT,155477955583,155477955651
0,1016064,PUT,155477956110,155477956178
0,1016320,PUT,155477956484,155477956553
0,1016576,PUT,155477956945,155477957013
0,1016832,PUT,155477957465,155477957533
0,1017088,PUT,155477957659,155477957741
0,1017344,PUT,155477957815,155477957884
0,1017600,PUT,155477958344,155477958406
0,1017856,PUT,155477958688,155477958756
0,1018112,PUT,155477959052,155477959122
0,1018368,PUT,155477959211,155477959278
0,1018624,PUT,155477959378,155477959408
0,1018880,PUT,155477959481,155477959550
0,1019136,PUT,155477959939,155477960009
0,1019392,PUT,155477960082,155477960140
0,1019648,PUT,155477960268,155477960344
0,1019904,PUT,155477960821,155477960839
0,1020160,PUT,155477961388,155477964042
0,1020416,PUT,155477964112,155477964148
0,1020672,PUT,155477964183,155477964211
0,1020928,PUT,155477964411,155477964441
0,1021184,PUT,155477964475,155477964506
0,1021440,PUT,155477964540,155477964569
0,1021696,PUT,155477965099,155477965130
0,1021952,PUT,155477965164,155477965195
0,1022208,PUT,155477966661,155477966727
0,1022464,PUT,155477966816,155477966881
0,1022720,PUT,155477966979,155477967050
0,1022976,PUT,155477967415,155477967482
0,1023232,PUT,155477968208,155477968287
0,1023488,PUT,155477968597,155477968659
0,1023744,PUT,155477969078,155477969146
0,1024000,PUT,155477969944,155477970015
0,1024256,PUT,155477970470,155477970539
0,1024512,PUT,155477970656,155477970741
0,1024768,PUT,155477970815,155477970883
0,1025024,PUT,155477971002,155477971086
0,1025280,PUT,155477971158,155477971227
0,1025536,PUT,155477971347,155477971432
0,1025792,PUT,155477972041,155477972109
0,1026048,PUT,155477972669,155477972750
0,1026304,PUT,155477972825,155477972895
0,1026560,PUT,155477973014,155477973075
0,1026816,PUT,155477973633,155477973699
0,1027072,PUT,155477973766,155477973795
0,1027328,PUT,155477974176,155477974244
0,1027584,PUT,155477974382,155477974346
0,1027840,PUT,155477974703,155477974721
0,1028096,PUT,155477974841,155477974916
0,1028352,PUT,155477975009,155477975074
0,1028608,PUT,155477975367,155477975447
0,1028864,PUT,155477975891,155477975961
0,1029120,PUT,155477976034,155477976064
0,1029376,PUT,155477976144,155477976174
0,1029632,PUT,155477976405,155477976474
0,1029888,PUT,155477976634,155477976708
0,1030144,PUT,155477977199,155477977267
0,1030400,PUT,155477977388,155477977476
0,1030656,PUT,155477977603,155477977665
0,1030912,PUT,155477977803,155477977833
0,1031168,PUT,155477978133,155477978205
0,1031424,PUT,155477978388,155477978457
0,1031680,PUT,155477978552,155477978618
0,1031936,PUT,155477978914,155477978893
0,1032192,PUT,155477979290,155477979254
0,1032448,PUT,155477979435,155477979502
0,1032704,PUT,155477979769,155477979839
0,1032960,PUT,155477979915,155477979993
0,1033216,PUT,155477980385,155477980417
0,1033472,PUT,155477980560,155477980631
0,1033728,PUT,155477980792,155477980862
0,1033984,PUT,155477981023,155477981049
0,1034240,PUT,155477981316,155477981384
0,1034496,PUT,155477981752,155477981827
0,1034752,PUT,155477982273,155477982345
0,1035008,PUT,155477982795,155477982865
0,1035264,PUT,155477983141,155477983170
0,1035520,PUT,155477983264,155477983292
0,1035776,PUT,155477983326,155477983356
0,1036032,PUT,155477983450,155477983479
0,1036288,PUT,155477983513,155477983544
0,1036544,PUT,155477983687,155477983725
0,1036800,PUT,155477983759,155477983787
0,1037056,PUT,155477983822,155477983852
0,1037312,PUT,155477983922,155477983951
0,1037568,PUT,155477983985,155477984015
0,1037824,PUT,155477984154,155477984229
0,1038080,PUT,155477984387,155477984449
0,1038336,PUT,155477984516,155477984546
0,1038592,PUT,155477985165,155477985234
0,1038848,PUT,155477985324,155477985391
0,1039104,PUT,155477985489,155477985560
0,1039360,PUT,155477985660,155477985725
0,1039616,PUT,155477985797,155477985828
0,1039872,PUT,155477986110,155477986181
0,1040128,PUT,155477986439,155477986505
0,1040384,PUT,155477986569,155477986599
0,1040640,PUT,155477986665,155477986696
0,1040896,PUT,155477987217,155477987291
0,1041152,PUT,155477987649,155477987717
0,1041408,PUT,155477988011,155477988080
0,1041664,PUT,155477988172,155477988241
0,1041920,PUT,155477989319,155477989388
0,1042176,PUT,155477989515,155477989490
0,1042432,PUT,155477989970,155477990038
0,1042688,PUT,155477990381,155477990450
0,1042944,PUT,155477990688,155477990717
0,1043200,PUT,155477990783,155477990812
0,1043456,PUT,155477990936,155477990909
0,1043712,PUT,155477991302,155477991371
0,1043968,PUT,155477991779,155477991849
0,1044224,PUT,155477991968,155477992029
0,1044480,PUT,155477992127,155477992198
0,1044736,PUT,155477992508,155477992526
0,1044992,PUT,155477992787,155477992852
0,1045248,PUT,155477993139,155477993213
0,1045504,PUT,155477993388,155477993464
0,1045760,PUT,155477993586,155477993661
0,1046016,PUT,155477994134,155477994162
0,1046272,PUT,155477994240,155477994304
0,1046528,PUT,155477994554,155477994583
0,1046784,PUT,155477994650,155477994678
0,1047040,PUT,155477994925,155477994995
0,1047296,PUT,155477995575,155477995637
0,1047552,PUT,155477995971,155477995944
0,1047808,PUT,155477996073,155477996140
0,1048064,PUT,155477996554,155477996584
0,1048320,PUT,155477996652,155477996722
0,1048576,PUT,155477996846,155477996931
0,1048832,PUT,155477998368,155477998438
0,1049088,PUT,155477998594,155477998666
0,1049344,PUT,155477998792,155477998824
0,1049600,PUT,155477999072,155477999138
0,1049856,PUT,155477999559,155477999627
0,1050112,PUT,155477999865,155477999894
0,1050368,PUT,155478000131,155478000200
0,1050624,PUT,155478000364,155478000427
0,1050880,PUT,155478000493,155478000610
0,1051136,PUT,155478000680,155478000742
0,1051392,PUT,155478001150,155478001223
0,1051648,PUT,155478001380,155478001451
0,1051904,PUT,155478002200,155478002276
0,1052160,PUT,155478002352,155478002381
0,1052416,PUT,155478002447,155478002477
0,1052672,PUT,155478002713,155478002781
0,1052928,PUT,155478002945,155478003009
0,1053184,PUT,155478003073,155478003163
0,1053440,PUT,155478003569,155478003529
0,1053696,PUT,155478003769,155478003742
0,1053952,PUT,155478004425,155478004496
0,1054208,PUT,155478004590,155478004654
0,1054464,PUT,155478005441,155478005418
0,1054720,PUT,155478005579,155478005654
0,1054976,PUT,155478006289,155478006359
0,1055232,PUT,155478006658,155478006800
0,1055488,PUT,155478006876,155478006944
0,1055744,PUT,155478007377,155478007452
0,1056000,PUT,155478008005,155478008077
0,1056256,PUT,155478008149,155478008178
0,1056512,PUT,155478008278,155478008346
0,1056768,PUT,155478008443,155478008507
0,1057024,PUT,155478008614,155478008684
0,1057280,PUT,155478008805,155478008887
0,1057536,PUT,155478009005,155478009081
0,1057792,PUT,155478009206,155478009281
0,1058048,PUT,155478009405,155478009488
0,1058304,PUT,155478009581,155478009645
0,1058560,PUT,155478009885,155478009915
0,1058816,PUT,155478010160,155478010229
0,1059072,PUT,155478010358,155478010421
0,1059328,PUT,155478010491,155478010519
0,1059584,PUT,155478013431,155478013500
0,1059840,PUT,155478013628,155478013710
0,1060096,PUT,155478013972,155478014047
0,1060352,PUT,155478014209,155478014279
0,1060608,PUT,155478014655,155478014621
0,1060864,PUT,155478014754,155478014820
0,1061120,PUT,155478015504,155478015572
0,1061376,PUT,155478015694,155478015768
0,1061632,PUT,155478015862,155478015928
0,1061888,PUT,155478016375,155478016445
0,1062144,PUT,155478016569,155478016652
0,1062400,PUT,155478016774,155478016855
0,1062656,PUT,155478017083,155478017155
0,1062912,PUT,155478017250,155478017314
0,1063168,PUT,155478017661,155478017729
0,1063424,PUT,155478022543,155478022572
0,1063680,PUT,155478023199,155478023272
0,1063936,PUT,155478023349,155478023378
0,1064192,PUT,155478023444,155478023474
0,1064448,PUT,155478024303,155478024377
0,1064704,PUT,155478024450,155478024479
0,1064960,PUT,155478024575,155478024649
0,1065216,PUT,155478024906,155478024972
0,1065472,PUT,155478025263,155478025339
0,1065728,PUT,155478025472,155478025538
0,1065984,PUT,155478025610,155478025639
0,1066240,PUT,155478025707,155478025736
0,1066496,PUT,155478025978,155478026008
0,1066752,PUT,155478026227,155478026295
0,1067008,PUT,155478026724,155478026792
0,1067264,PUT,155478026864,155478026893
0,1067520,PUT,155478026959,155478026989
0,1067776,PUT,155478027054,155478027085
0,1068032,PUT,155478027121,155478027149
0,1068288,PUT,155478027351,155478027381
0,1068544,PUT,155478029064,155478029199
0,1068800,PUT,155478030365,155478030440
0,1069056,PUT,155478030514,155478030543
0,1069312,PUT,155478030890,155478030959
0,1069568,PUT,155478031196,155478031264
0,1069824,PUT,155478031383,155478031444
0,1070080,PUT,155478031511,155478031539
0,1070336,PUT,155478031988,155478032059
0,1070592,PUT,155478032188,155478032261
0,1070848,PUT,155478032835,155478032903
0,1071104,PUT,155478032975,155478033004
0,1071360,PUT,155478033408,155478033477
0,1071616,PUT,155478033817,155478033886
0,1071872,PUT,155478033985,155478034056
0,1072128,PUT,155478035082,155478035152
0,1072384,PUT,155478035486,155478035554
0,1072640,PUT,155478035714,155478035737
0,1072896,PUT,155478036321,155478036389
0,1073152,PUT,155478036685,155478036748
0,1073408,PUT,155478036846,155478036916
0,1073664,PUT,155478037010,155478037075
0,1073920,PUT,155478037794,155478037863
0,1074176,PUT,155478038100,155478038129
0,1074432,PUT,155478038224,155478038253
0,1074688,PUT,155478038489,155478038558
0,1074944,PUT,155478038940,155478039007
0,1075200,PUT,155478039081,155478039110
0,1075456,PUT,155478039186,155478039215
0,1075712,PUT,155478039457,155478039526
0,1075968,PUT,155478039652,155478039737
0,1076224,PUT,155478039860,155478039943
0,1076480,PUT,155478040134,155478040206
0,1076736,PUT,155478040330,155478040406
0,1076992,PUT,155478040530,155478040606
0,1077248,PUT,155478040869,155478040939
0,1077504,PUT,155478041222,155478041292
0,1077760,PUT,155478041382,155478041447
0,1078016,PUT,155478041856,155478041938
0,1078272,PUT,155478042530,155478042599
0,1078528,PUT,155478042888,155478042957
0,1078784,PUT,155478043030,155478043058
0,1079040,PUT,155478043116,155478043184
0,1079296,PUT,155478043456,155478043521
0,1079552,PUT,155478043594,155478043623
0,1079808,PUT,155478044265,155478044333
0,1080064,PUT,155478044639,155478044708
0,1080320,PUT,155478044828,155478044909
0,1080576,PUT,155478045102,155478045173
0,1080832,PUT,155478045303,155478045377
0,1081088,PUT,155478045472,155478045536
0,1081344,PUT,155478045610,155478045640
0,1081600,PUT,155478045981,155478046049
0,1081856,PUT,155478046179,155478046150
0,1082112,PUT,155478046626,155478046693
0,1082368,PUT,155478046765,155478046795
0,1082624,PUT,155478046873,155478046953
0,1082880,PUT,155478047048,155478047189
0,1083136,PUT,155478047320,155478047386
0,1083392,PUT,155478047735,155478047804
0,1083648,PUT,155478047878,155478047906
0,1083904,PUT,155478048145,155478048213
0,1084160,PUT,155478048495,155478048563
0,1084416,PUT,155478048810,155478048879
0,1084672,PUT,155478049328,155478049399
0,1084928,PUT,155478049545,155478049618
0,1085184,PUT,155478051180,155478051252
0,1085440,PUT,155478051374,155478051405
0,1085696,PUT,155478051833,155478051901
0,1085952,PUT,155478052189,155478052259
0,1086208,PUT,155478052658,155478052641
0,1086464,PUT,155478052992,155478053061
0,1086720,PUT,155478053378,155478053490
0,1086976,PUT,155478053565,155478053594
0,1087232,PUT,155478053659,155478053748
0,1087488,PUT,155478053906,155478053978
0,1087744,PUT,155478054737,155478054805
0,1088000,PUT,155478054900,155478054968
0,1088256,PUT,155478055325,155478055394
0,1088512,PUT,155478055515,155478055598
0,1088768,PUT,155478056571,155478056650
0,1089024,PUT,155478056772,155478056833
0,1089280,PUT,155478057179,155478057246
0,1089536,PUT,155478057521,155478057592
0,1089792,PUT,155478057714,155478057788
0,1090048,PUT,155478058054,155478058125
0,1090304,PUT,155478058256,155478058317
0,1090560,PUT,155478059062,155478059132
0,1090816,PUT,155478059438,155478059463
0,1091072,PUT,155478059540,155478059606
0,1091328,PUT,155478059731,155478059814
0,1091584,PUT,155478060286,155478060348
0,1091840,PUT,155478060472,155478060444
0,1092096,PUT,155478060577,155478060642
0,1092352,PUT,155478060714,155478060743
0,1092608,PUT,155478061924,155478061993
0,1092864,PUT,155478062173,155478062245
0,1093120,PUT,155478062662,155478062746
0,1093376,PUT,155478062838,155478062903
0,1093632,PUT,155478062978,155478063007
0,1093888,PUT,155478063772,155478063846
0,1094144,PUT,155478064066,155478064132
0,1094400,PUT,155478064253,155478064282
0,1094656,PUT,155478064357,155478064386
0,1094912,PUT,155478064619,155478064649
0,1095168,PUT,155478064725,155478064796
0,1095424,PUT,155478064918,155478064993
0,1095680,PUT,155478065119,155478065198
0,1095936,PUT,155478066543,155478066617
0,1096192,PUT,155478066737,155478066819
0,1096448,PUT,155478066906,155478066971
0,1096704,PUT,155478067225,155478067294
0,1096960,PUT,155478067572,155478067644
0,1097216,PUT,155478067835,155478067905
0,1097472,PUT,155478068025,155478068087
0,1097728,PUT,155478068814,155478068882
0,1097984,PUT,155478069003,155478069064
0,1098240,PUT,155478069130,155478069160
0,1098496,PUT,155478069717,155478069792
0,1098752,PUT,155478070086,155478070155
0,1099008,PUT,155478070416,155478070446
0,1099264,PUT,155478070480,155478070509
0,1099520,PUT,155478070751,155478070780
0,1099776,PUT,155478071061,155478071135
0,1100032,PUT,155478071702,155478071771
0,1100288,PUT,155478071844,155478071873
0,1100544,PUT,155478071997,155478072026
0,1100800,PUT,155478072284,155478072313
0,1101056,PUT,155478072380,155478072410
0,1101312,PUT,155478072476,155478072506
0,1101568,PUT,155478072573,155478072601
0,1101824,PUT,155478072669,155478072753
0,1102080,PUT,155478072827,155478072896
0,1102336,PUT,155478073075,155478073146
0,1102592,PUT,155478073413,155478073482
0,1102848,PUT,155478073580,155478073652
0,1103104,PUT,155478073753,155478073818
0,1103360,PUT,155478074112,155478074191
0,1103616,PUT,155478074620,155478074586
0,1103872,PUT,155478075269,155478075338
0,1104128,PUT,155478075458,155478075524
0,1104384,PUT,155478075620,155478075690
0,1104640,PUT,155478075785,155478075852
0,1104896,PUT,155478076310,155478076382
0,1105152,PUT,155478076651,155478076721
0,1105408,PUT,155478076792,155478076822
0,1105664,PUT,155478077311,155478077379
0,1105920,PUT,155478077688,155478077767
0,1106176,PUT,155478078086,155478078158
0,1106432,PUT,155478078249,155478078315
0,1106688,PUT,155478078387,155478078417
0,1106944,PUT,155478078656,155478078685
0,1107200,PUT,155478078718,155478078748
0,1107456,PUT,155478078987,155478079017
0,1107712,PUT,155478079089,155478079157
0,1107968,PUT,155478079421,155478079490
0,1108224,PUT,155478079558,155478079587
0,1108480,PUT,155478079654,155478079684
0,1108736,PUT,155478079780,155478079849
0,1108992,PUT,155478080185,155478080259
0,1109248,PUT,155478080358,155478080423
0,1109504,PUT,155478081177,155478081246
0,1109760,PUT,155478081368,155478081398
0,1110016,PUT,155478081433,155478081464
0,1110272,PUT,155478081703,155478081732
0,1110528,PUT,155478081765,155478081794
0,1110784,PUT,155478081826,155478081856
0,1111040,PUT,155478081892,155478081922
0,1111296,PUT,155478082271,155478082300
0,1111552,PUT,155478082619,155478082704
0,1111808,PUT,155478084854,155478084925
0,1112064,PUT,155478085227,155478085255
0,1112320,PUT,155478085322,155478085352
0,1112576,PUT,155478086351,155478086436
0,1112832,PUT,155478086618,155478086687
0,1113088,PUT,155478086939,155478087009
0,1113344,PUT,155478087081,155478087110
0,1113600,PUT,155478087179,155478087251
0,1113856,PUT,155478087724,155478087792
0,1114112,PUT,155478088422,155478088493
0,1114368,PUT,155478088581,155478088647
0,1114624,PUT,155478089026,155478089101
0,1114880,PUT,155478089373,155478089442
0,1115136,PUT,155478089561,155478089623
0,1115392,PUT,155478089696,155478089725
0,1115648,PUT,155478090141,155478090211
0,1115904,PUT,155478090840,155478090909
0,1116160,PUT,155478091005,155478091076
0,1116416,PUT,155478091526,155478091595
0,1116672,PUT,155478091886,155478091968
0,1116928,PUT,155478092094,155478092176
0,1117184,PUT,155478092479,155478092541
0,1117440,PUT,155478093120,155478093188
0,1117696,PUT,155478093689,155478093758
0,1117952,PUT,155478094757,155478094826
0,1118208,PUT,155478095453,155478095527
0,1118464,PUT,155478095600,155478095661
0,1118720,PUT,155478096039,155478096113
0,1118976,PUT,155478096186,155478096217
0,1119232,PUT,155478096769,155478096838
0,1119488,PUT,155478097086,155478097116
0,1119744,PUT,155478097756,155478097825
0,1120000,PUT,155478097939,155478098006
0,257,GET,155477057759,155477057672
0,513,GET,155477062027,155477061955
0,769,GET,155477062119,155477062079
0,1025,GET,155477062175,155477062144
0,1281,GET,155477062349,155477062320
0,1537,GET,155477062472,155477062440
0,1793,GET,155477062588,155477062554
0,2049,GET,155477062651,155477062620
0,2305,GET,155477062877,155477062846
0,2561,GET,155477062991,155477062961
0,2817,GET,155477063343,155477063312
0,3073,GET,155477063403,155477063372
0,3329,GET,155477063464,155477063433
0,3585,GET,155477063525,155477063495
0,3841,GET,155477063650,155477063612
0,4097,GET,155477063761,155477063731
0,4353,GET,155477063823,155477063792
0,4609,GET,155477063883,155477063853
0,4865,GET,155477063938,155477063908
0,5121,GET,155477063999,155477063968
0,5377,GET,155477064054,155477064022
0,5633,GET,155477064107,155477064077
0,5889,GET,155477064165,155477064131
0,6145,GET,155477064219,155477064189
0,6401,GET,155477064450,155477064419
0,6657,GET,155477064503,155477064473
0,6913,GET,155477064731,155477064702
0,7169,GET,155477064848,155477064817
0,7425,GET,155477065024,155477064991
0,7681,GET,155477065537,155477065507
0,7937,GET,155477065638,155477065605
0,8193,GET,155477065699,155477065669
0,8449,GET,155477065754,155477065723
0,8705,GET,155477065972,155477065917
0,8961,GET,155477066060,155477066022
0,9473,GET,155477066502,155477066484
0,9985,GET,155477066717,155477066611
0,10241,GET,155477066831,155477066768
0,10497,GET,155477067230,155477067199
0,10753,GET,155477067323,155477067259
0,11265,GET,155477067490,155477067375
0,12033,GET,155477068174,155477068072
0,12545,GET,155477069039,155477069001
0,13057,GET,155477069189,155477069148
0,13569,GET,155477069339,155477069239
0,14081,GET,155477069664,155477069560
0,14593,GET,155477070172,155477070137
0,15105,GET,155477070696,155477070599
0,15617,GET,155477070859,155477070754
0,16129,GET,155477071204,155477071093
0,16641,GET,155477071491,155477071479
0,18177,GET,155477072079,155477071975
0,18433,GET,155477072202,155477072145
0,18945,GET,155477072848,155477072750
0,19457,GET,155477073122,155477073024
0,19713,GET,155477073232,155477073207
0,20225,GET,155477073392,155477073357
0,21249,GET,155477073723,155477073718
0,21761,GET,155477073874,155477073773
0,22785,GET,155477074473,155477074319
0,23041,GET,155477074760,155477074705
0,23297,GET,155477074858,155477074829
0,23809,GET,155477075011,155477074911
0,24321,GET,155477075629,155477075524
0,24577,GET,155477075723,155477075692
0,25089,GET,155477075879,155477075773
0,25345,GET,155477075998,155477075929
0,25601,GET,155477076082,155477076021
0,256,GET,155477076526,155477076464
0,26625,GET,155477077304,155477077201
0,26881,GET,155477077646,155477077591
0,27393,GET,155477077963,155477077823
0,512,GET,155477078305,155477078191
0,768,GET,155477078464,155477078452
0,28417,GET,155477078728,155477078629
0,1024,GET,155477078840,155477078814
0,1280,GET,155477078997,155477078963
0,1536,GET,155477079883,155477079789
0,29185,GET,155477079968,155477079937
0,1792,GET,155477080048,155477080018
0,2048,GET,155477080205,155477080099
0,29697,GET,155477080320,155477080255
0,29953,GET,155477080500,155477080370
0,2816,GET,155477080823,155477080722
0,30465,GET,155477080905,155477080875
0,30721,GET,155477081207,155477081199
0,3840,GET,155477081502,155477081398
0,4096,GET,155477081835,155477081726
0,4352,GET,155477082148,155477082024
0,4608,GET,155477082305,155477082200
0,32001,GET,155477082463,155477082403
0,32513,GET,155477082916,155477082819
0,5120,GET,155477083028,155477082967
0,32769,GET,155477083293,155477083265
0,5632,GET,155477083707,155477083641
0,5888,GET,155477083859,155477083756
0,6144,GET,155477084022,155477083913
0,6912,GET,155477084558,155477084457
0,34305,GET,155477084831,155477084776
0,34561,GET,155477084945,155477084889
0,34817,GET,155477085140,155477084998
0,7424,GET,155477085253,155477085225
0,7680,GET,155477085405,155477085309
0,7936,GET,155477085686,155477085585
0,8192,GET,155477086134,155477086034
0,35841,GET,155477086254,155477086197
0,8448,GET,155477086340,155477086277
0,36097,GET,155477086598,155477086542
0,36353,GET,155477086905,155477086885
0,36609,GET,155477087056,155477087029
0,9472,GET,155477087324,155477087218
0,9728,GET,155477087660,155477087548
0,9984,GET,155477088101,155477088025
0,37889,GET,155477088552,155477088449
0,10752,GET,155477089244,155477089223
0,11264,GET,155477090009,155477089910
0,39169,GET,155477090371,155477090296
0,39425,GET,155477090526,155477090422
0,12032,GET,155477090639,155477090612
0,12288,GET,155477091012,155477090939
0,12544,GET,155477091337,155477091266
0,13056,GET,155477091874,155477091801
0,13312,GET,155477092025,155477091924
0,13824,GET,155477093403,155477093308
0,14080,GET,155477093566,155477093461
0,14336,GET,155477093715,155477093616
0,41985,GET,155477094098,155477094067
0,42241,GET,155477094604,155477094508
0,15104,GET,155477094896,155477094788
0,42497,GET,155477095151,155477095090
0,15360,GET,155477095242,155477095203
0,15616,GET,155477095417,155477095308
0,43009,GET,155477095534,155477095469
0,15872,GET,155477095618,155477095557
0,43265,GET,155477095750,155477095684
0,16128,GET,155477096024,155477095984
0,16384,GET,155477096266,155477096164
0,16640,GET,155477096540,155477096441
0,44289,GET,155477096809,155477096771
0,44545,GET,155477096960,155477096917
0,17664,GET,155477097277,155477097177
0,45057,GET,155477097388,155477097327
0,17920,GET,155477097474,155477097440
0,18176,GET,155477097635,155477097528
0,18432,GET,155477098088,155477097987
0,46081,GET,155477098626,155477098528
0,46337,GET,155477098786,155477098677
0,18944,GET,155477098938,155477098879
0,19456,GET,155477099351,155477099253
0,46849,GET,155477099461,155477099401
0,47105,GET,155477099893,155477099798
0,19968,GET,155477099978,155477099947
0,47873,GET,155477100475,155477100474
0,48129,GET,155477100995,155477100898
0,48385,GET,155477101274,155477101176
0,20992,GET,155477101419,155477101326
0,48641,GET,155477101526,155477101465
0,48897,GET,155477101984,155477101883
0,49153,GET,155477102145,155477102038
0,49409,GET,155477102421,155477102321
0,24320,GET,155477104919,155477104809
0,24832,GET,155477105375,155477105275
0,52225,GET,155477105456,155477105425
0,25088,GET,155477105562,155477105538
0,25344,GET,155477105725,155477105622
0,25600,GET,155477105883,155477105775
0,25856,GET,155477106210,155477106098
0,26112,GET,155477106522,155477106401
0,54273,GET,155477107213,155477107112
0,54529,GET,155477107511,155477107411
0,27392,GET,155477108357,155477108337
0,57089,GET,155477110267,155477110156
0,29952,GET,155477110655,155477110650
0,30208,GET,155477110834,155477110797
0,58113,GET,155477111161,155477111062
0,30720,GET,155477111221,155477111190
0,58369,GET,155477111275,155477111245
0,30976,GET,155477111440,155477111409
0,58625,GET,155477111501,155477111470
0,31232,GET,155477111560,155477111525
0,58881,GET,155477111621,155477111590
0,31488,GET,155477112022,155477111991
0,59137,GET,155477112083,155477112051
0,31744,GET,155477112201,155477112170
0,59393,GET,155477112261,155477112231
0,32000,GET,155477112315,155477112285
0,59649,GET,155477112376,155477112346
0,32256,GET,155477112534,155477112502
0,32512,GET,155477112683,155477112663
0,60417,GET,155477113486,155477113389
0,33024,GET,155477113571,155477113540
0,60673,GET,155477113677,155477113621
0,33280,GET,155477113967,155477113882
0,60929,GET,155477114140,155477114032
0,61185,GET,155477114296,155477114189
0,61441,GET,155477114572,155477114469
0,34816,GET,155477115291,155477115282
0,35072,GET,155477115558,155477115460
0,62465,GET,155477115671,155477115643
0,62721,GET,155477115825,155477115794
0,35840,GET,155477116269,155477116167
0,63489,GET,155477117273,155477117199
0,64001,GET,155477117629,155477117529
0,64257,GET,155477117787,155477117680
0,64513,GET,155477118062,155477117982
0,64769,GET,155477118216,155477118113
0,37632,GET,155477118342,155477118320
0,37888,GET,155477118845,155477118773
0,38144,GET,155477118998,155477118896
0,65537,GET,155477119244,155477119189
0,65793,GET,155477119699,155477119623
0,66049,GET,155477119889,155477119749
0,66305,GET,155477120222,155477120107
0,66561,GET,155477120378,155477120272
0,39424,GET,155477120459,155477120428
0,66817,GET,155477120593,155477120530
0,39680,GET,155477120721,155477120665
0,67073,GET,155477120806,155477120783
0,40192,GET,155477121264,155477121168
0,67585,GET,155477121954,155477121898
0,40448,GET,155477122051,155477122022
0,40704,GET,155477122206,155477122105
0,40960,GET,155477122366,155477122257
0,68353,GET,155477122636,155477122581
0,68609,GET,155477122920,155477122874
0,68865,GET,155477123258,155477123188
0,69121,GET,155477123494,155477123438
0,69377,GET,155477123953,155477123826
0,42240,GET,155477124166,155477124125
0,70145,GET,155477124492,155477124418
0,70401,GET,155477124907,155477124837
0,70657,GET,155477125064,155477124958
0,43520,GET,155477125223,155477125114
0,71425,GET,155477125990,155477125868
0,71937,GET,155477126143,155477126075
0,72449,GET,155477126469,155477126399
0,72961,GET,155477126879,155477126815
0,73473,GET,155477127162,155477127056
0,73985,GET,155477127495,155477127382
0,74497,GET,155477127653,155477127545
0,74753,GET,155477127741,155477127703
0,75009,GET,155477128272,155477128243
0,75777,GET,155477128597,155477128525
0,44032,GET,155477128750,155477128682
0,76545,GET,155477128986,155477128885
0,44544,GET,155477129069,155477129039
0,45056,GET,155477129797,155477129769
0,77313,GET,155477129945,155477129848
0,77569,GET,155477130104,155477129995
0,45568,GET,155477130481,155477130448
0,45824,GET,155477130638,155477130598
0,46080,GET,155477131000,155477130931
0,46336,GET,155477131148,155477131084
0,46592,GET,155477131304,155477131199
0,78849,GET,155477131388,155477131357
0,79105,GET,155477131717,155477131707
0,79617,GET,155477132131,155477132028
0,47616,GET,155477132243,155477132181
0,48128,GET,155477132851,155477132743
0,48384,GET,155477133154,155477133071
0,80641,GET,155477133249,155477133219
0,48640,GET,155477133336,155477133303
0,48896,GET,155477133703,155477133633
0,81153,GET,155477133861,155477133790
0,81665,GET,155477134137,155477134031
0,49664,GET,155477134259,155477134204
0,81921,GET,155477134343,155477134314
0,82177,GET,155477134499,155477134401
0,50176,GET,155477134579,155477134550
0,82433,GET,155477134661,155477134630
0,82689,GET,155477134824,155477134710
0,50944,GET,155477135147,155477135046
0,83201,GET,155477135454,155477135398
0,83457,GET,155477136141,155477136040
0,51456,GET,155477136260,155477136192
0,83713,GET,155477136343,155477136305
0,51712,GET,155477136617,155477136561
0,83969,GET,155477136872,155477136810
0,84225,GET,155477137475,155477137380
0,52224,GET,155477137590,155477137526
0,84737,GET,155477137898,155477137790
0,84993,GET,155477138252,155477138149
0,52992,GET,155477138332,155477138301
0,85249,GET,155477138460,155477138403
0,53248,GET,155477138544,155477138483
0,53504,GET,155477138963,155477138894
0,53760,GET,155477139059,155477138987
0,54016,GET,155477139430,155477139328
0,54272,GET,155477139943,155477139830
0,86273,GET,155477140026,155477139995
0,86529,GET,155477140280,155477140272
0,54784,GET,155477140431,155477140330
0,55040,GET,155477140900,155477140794
0,55296,GET,155477141058,155477140950
0,55552,GET,155477141461,155477141423
0,55808,GET,155477141607,155477141510
0,88065,GET,155477141718,155477141658
0,56320,GET,155477142210,155477142080
0,56576,GET,155477142455,155477142439
0,56832,GET,155477142931,155477142919
0,57088,GET,155477143264,155477143156
0,57344,GET,155477143538,155477143437
0,57600,GET,155477143671,155477143596
0,89857,GET,155477143934,155477143878
0,57856,GET,155477144180,155477144124
0,58112,GET,155477144459,155477144359
0,90369,GET,155477144740,155477144712
0,90625,GET,155477144897,155477144862
0,91393,GET,155477145744,155477145713
0,91649,GET,155477145984,155477145981
0,91905,GET,155477146136,155477146091
0,92161,GET,155477146286,155477146235
0,92417,GET,155477146446,155477146336
0,92673,GET,155477146606,155477146498
0,60672,GET,155477146882,155477146789
0,92929,GET,155477146965,155477146927
0,60928,GET,155477147047,155477147016
0,93185,GET,155477147416,155477147359
0,61184,GET,155477147631,155477147574
0,93441,GET,155477147685,155477147655
0,93697,GET,155477148292,155477148220
0,93953,GET,155477148443,155477148411
0,94209,GET,155477148592,155477148556
0,94465,GET,155477148742,155477148642
0,94721,GET,155477149069,155477148956
0,94977,GET,155477149429,155477149390
0,95489,GET,155477149780,155477149704
0,95745,GET,155477149931,155477149830
0,64000,GET,155477150235,155477150101
0,64256,GET,155477150600,155477150597
0,64512,GET,155477150747,155477150650
0,96769,GET,155477150859,155477150797
0,64768,GET,155477151014,155477150889
0,65280,GET,155477151688,155477151585
0,65536,GET,155477151768,155477151738
0,97537,GET,155477151851,155477151819
0,97793,GET,155477152004,155477151900
0,66048,GET,155477152575,155477152470
0,98305,GET,155477152693,155477152671
0,98561,GET,155477152856,155477152820
0,98817,GET,155477153007,155477152967
0,68096,GET,155477154388,155477154313
0,68352,GET,155477154671,155477154603
0,100865,GET,155477154990,155477154990
0,101121,GET,155477155147,155477155100
0,101377,GET,155477155297,155477155198
0,102913,GET,155477156801,155477156669
0,103169,GET,155477157078,155477157015
0,103425,GET,155477157229,155477157167
0,103681,GET,155477157383,155477157280
0,71936,GET,155477157722,155477157623
0,104193,GET,155477158061,155477158020
0,72704,GET,155477158302,155477158291
0,72960,GET,155477158451,155477158352
0,73216,GET,155477158785,155477158675
0,105217,GET,155477158866,155477158835
0,73472,GET,155477158921,155477158890
0,105473,GET,155477158981,155477158951
0,73728,GET,155477159041,155477159011
0,105729,GET,155477159102,155477159071
0,73984,GET,155477159162,155477159132
0,105985,GET,155477159602,155477159536
0,74240,GET,155477159979,155477159918
0,106241,GET,155477160272,155477160217
0,74496,GET,155477160553,155477160496
0,106497,GET,155477160663,155477160607
0,74752,GET,155477160747,155477160719
0,75008,GET,155477161120,155477161046
0,75264,GET,155477161456,155477161442
0,76032,GET,155477162604,155477162531
0,76288,GET,155477162754,155477162656
0,108545,GET,155477162847,155477162784
0,76544,GET,155477162984,155477162897
0,76800,GET,155477163130,155477163092
0,109313,GET,155477163824,155477163721
0,77312,GET,155477163906,155477163875
0,109825,GET,155477164539,155477164474
0,78080,GET,155477164757,155477164727
0,110593,GET,155477165039,155477165026
0,110849,GET,155477165418,155477165319
0,79360,GET,155477166303,155477166301
0,79616,GET,155477166450,155477166352
0,111873,GET,155477166530,155477166499
0,80128,GET,155477166805,155477166800
0,80384,GET,155477166955,155477166855
0,80640,GET,155477167395,155477167321
0,80896,GET,155477167550,155477167446
0,81152,GET,155477167798,155477167696
0,113409,GET,155477167910,155477167881
0,113921,GET,155477168541,155477168440
0,82176,GET,155477169000,155477168998
0,82432,GET,155477169152,155477169051
0,114689,GET,155477169264,155477169202
0,82944,GET,155477169551,155477169450
0,114945,GET,155477170248,155477170190
0,83200,GET,155477170341,155477170313
0,115457,GET,155477170506,155477170434
0,115713,GET,155477170660,155477170591
0,115969,GET,155477170814,155477170745
0,84224,GET,155477171015,155477170894
0,116737,GET,155477171304,155477171292
0,116993,GET,155477171453,155477171436
0,117249,GET,155477171662,155477171561
0,85248,GET,155477171800,155477171715
0,85504,GET,155477171962,155477171851
0,118017,GET,155477172289,155477172281
0,118273,GET,155477172437,155477172427
0,118785,GET,155477172761,155477172655
0,119041,GET,155477173098,155477172986
0,87296,GET,155477173594,155477173563
0,119809,GET,155477173841,155477173741
0,120065,GET,155477174125,155477174099
0,120577,GET,155477174282,155477174242
0,121089,GET,155477174432,155477174385
0,122113,GET,155477174711,155477174604
0,122369,GET,155477174994,155477174939
0,122881,GET,155477175361,155477175261
0,123393,GET,155477175948,155477175848
0,123649,GET,155477176285,155477176259
0,124417,GET,155477176951,155477176903
0,124929,GET,155477177311,155477177211
0,125441,GET,155477177555,155477177455
0,125953,GET,155477177993,155477177980
0,126209,GET,155477178142,155477178043
0,87808,GET,155477178259,155477178194
0,88064,GET,155477178651,155477178549
0,88320,GET,155477178817,155477178805
0,88576,GET,155477178965,155477178867
0,127233,GET,155477179079,155477179015
0,127489,GET,155477179234,155477179128
0,128001,GET,155477179711,155477179578
0,128257,GET,155477179823,155477179761
0,89856,GET,155477179938,155477179911
0,128769,GET,155477180263,155477180162
0,129025,GET,155477180538,155477180439
0,90624,GET,155477180812,155477180755
0,129281,GET,155477180927,155477180906
0,129793,GET,155477181470,155477181469
0,130049,GET,155477181680,155477181577
0,130305,GET,155477181942,155477181837
0,130561,GET,155477182322,155477182319
0,130817,GET,155477182597,155477182501
0,92416,GET,155477182708,155477182647
0,131073,GET,155477182849,155477182758
0,92928,GET,155477183001,155477182963
0,93440,GET,155477183366,155477183314
0,93952,GET,155477183520,155477183416
0,94464,GET,155477183806,155477183705
0,94720,GET,155477183922,155477183898
0,95232,GET,155477184083,155477184051
0,95744,GET,155477184235,155477184134
0,97024,GET,155477185666,155477185567
0,97280,GET,155477185750,155477185719
0,97536,GET,155477185831,155477185800
0,97792,GET,155477185912,155477185882
0,98304,GET,155477186070,155477185963
0,98816,GET,155477186446,155477186428
0,99328,GET,155477186815,155477186716
0,99840,GET,155477187266,155477187194
0,100352,GET,155477187723,155477187627
0,100608,GET,155477187837,155477187776
0,100864,GET,155477187921,155477187860
0,101120,GET,155477188022,155477187991
0,101632,GET,155477188176,155477188071
0,101888,GET,155477188452,155477188394
0,102400,GET,155477189464,155477189388
0,102912,GET,155477189920,155477189821
0,103168,GET,155477190001,155477189970
0,103424,GET,155477190082,155477190052
0,103680,GET,155477190367,155477190281
0,104192,GET,155477190842,155477190747
0,104448,GET,155477190927,155477190888
0,104960,GET,155477191259,155477191146
0,105472,GET,155477191705,155477191604
0,106496,GET,155477192259,155477192241
0,107008,GET,155477192411,155477192394
0,107520,GET,155477192562,155477192460
0,107776,GET,155477192669,155477192612
0,108032,GET,155477192759,155477192698
0,108288,GET,155477192889,155477192826
0,108544,GET,155477193001,155477192974
0,109312,GET,155477193327,155477193331
0,109824,GET,155477193772,155477193675
0,110592,GET,155477194353,155477194345
0,111104,GET,155477194503,155477194491
0,111616,GET,155477194654,155477194636
0,112128,GET,155477195021,155477194948
0,112640,GET,155477195170,155477195138
0,113920,GET,155477195881,155477195749
0,114432,GET,155477196204,155477196132
0,114944,GET,155477196536,155477196462
0,115456,GET,155477196864,155477196740
0,115968,GET,155477197147,155477197079
0,116480,GET,155477197300,155477197197
0,116992,GET,155477197843,155477197768
0,118016,GET,155477198120,155477198114
0,118784,GET,155477198386,155477198354
0,119296,GET,155477198534,155477198436
0,119552,GET,155477198646,155477198619
0,120064,GET,155477198798,155477198703
0,120832,GET,155477199127,155477198994
0,121088,GET,155477199239,155477199178
0,121344,GET,155477199330,155477199292
0,121600,GET,155477199564,155477199508
0,121856,GET,155477199661,155477199594
0,122112,GET,155477199753,155477199713
0,122624,GET,155477199908,155477199803
0,122880,GET,155477200028,155477199959
0,123136,GET,155477200285,155477200256
0,123648,GET,155477200441,155477200342
0,123904,GET,155477200724,155477200668
0,124160,GET,155477200779,155477200749
0,129024,GET,155477206000,155477205886
0,129280,GET,155477206110,155477206053
0,129536,GET,155477206197,155477206163
0,130304,GET,155477206480,155477206473
0,130816,GET,155477206595,155477206529
0,131072,GET,155477206677,155477206646
0,131328,GET,155477206886,155477206806
0,131584,GET,155477207015,155477206936
0,131840,GET,155477207111,155477207084
0,132352,GET,155477207244,155477207241
0,132864,GET,155477207556,155477207462
0,133120,GET,155477207668,155477207607
0,134400,GET,155477208653,155477208553
0,134656,GET,155477208941,155477208910
0,134912,GET,155477209031,155477208965
0,135168,GET,155477209084,155477209054
0,135424,GET,155477209139,155477209109
0,135680,GET,155477209199,155477209169
0,135936,GET,155477209254,155477209223
0,136192,GET,155477209402,155477209371
0,137728,GET,155477210936,155477210827
0,137984,GET,155477211048,155477210987
0,138240,GET,155477211491,155477211436
0,138496,GET,155477211589,155477211517
0,139264,GET,155477212326,155477212229
0,139520,GET,155477212438,155477212412
0,140032,GET,155477212596,155477212560
0,131329,GET,155477212745,155477212708
0,131585,GET,155477213052,155477213007
0,141056,GET,155477213509,155477213489
0,131841,GET,155477214182,155477214081
0,141824,GET,155477214350,155477214232
0,142080,GET,155477214507,155477214500
0,132865,GET,155477214837,155477214772
0,142848,GET,155477215110,155477215012
0,133121,GET,155477215402,155477215373
0,133633,GET,155477215729,155477215724
0,133889,GET,155477215938,155477215875
0,134145,GET,155477216088,155477216026
0,144384,GET,155477216390,155477216283
0,134657,GET,155477216665,155477216609
0,134913,GET,155477217180,155477217146
0,145408,GET,155477217705,155477217627
0,135681,GET,155477217852,155477217756
0,135937,GET,155477218281,155477218184
0,145920,GET,155477218561,155477218464
0,136449,GET,155477218709,155477218613
0,146432,GET,155477219038,155477218936
0,146944,GET,155477219316,155477219214
0,136705,GET,155477219429,155477219366
0,136961,GET,155477219893,155477219837
0,147200,GET,155477220006,155477219948
0,147456,GET,155477220126,155477220029
0,147712,GET,155477220285,155477220178
0,137473,GET,155477220407,155477220336
0,147968,GET,155477220499,155477220462
0,137985,GET,155477220655,155477220620
0,148480,GET,155477221545,155477221436
0,149248,GET,155477222522,155477222422
0,138753,GET,155477222608,155477222578
0,139265,GET,155477222892,155477222786
0,139521,GET,155477222978,155477222943
0,139777,GET,155477223062,155477223031
0,150016,GET,155477223891,155477223817
0,140289,GET,155477224388,155477224294
0,140545,GET,155477224476,155477224444
0,141313,GET,155477225032,155477224932
0,141569,GET,155477225146,155477225083
0,150528,GET,155477225238,155477225198
0,141825,GET,155477225401,155477225290
0,142337,GET,155477225927,155477225828
0,142593,GET,155477226736,155477226637
0,152064,GET,155477226859,155477226787
0,142849,GET,155477227148,155477227119
0,152320,GET,155477227307,155477227206
0,143361,GET,155477227420,155477227358
0,152576,GET,155477227513,155477227474
0,143617,GET,155477227679,155477227565
0,144129,GET,155477228003,155477227935
0,153600,GET,155477228464,155477228366
0,144897,GET,155477228846,155477228837
0,145409,GET,155477228997,155477228896
0,154112,GET,155477229986,155477229987
0,154368,GET,155477230132,155477230037
0,154880,GET,155477230293,155477230183
0,146689,GET,155477230415,155477230344
0,155392,GET,155477230666,155477230566
0,155648,GET,155477230945,155477230845
0,147457,GET,155477231307,155477231234
0,147969,GET,155477231460,155477231395
0,148225,GET,155477231612,155477231546
0,156672,GET,155477231767,155477231707
0,148737,GET,155477231918,155477231856
0,156928,GET,155477232075,155477231970
0,157184,GET,155477232339,155477232282
0,157440,GET,155477232437,155477232407
0,149249,GET,155477232598,155477232495
0,149505,GET,155477232757,155477232650
0,149761,GET,155477232878,155477232808
0,150017,GET,155477233023,155477232929
0,150785,GET,155477233393,155477233381
0,158720,GET,155477233547,155477233444
0,151553,GET,155477234251,155477234149
0,158976,GET,155477234334,155477234301
0,159488,GET,155477234746,155477234736
0,159744,GET,155477234896,155477234798
0,160000,GET,155477234980,155477234949
0,160256,GET,155477235324,155477235267
0,152577,GET,155477235426,155477235398
0,152833,GET,155477235590,155477235484
0,153089,GET,155477236086,155477236083
0,153345,GET,155477236242,155477236139
0,161536,GET,155477236876,155477236827
0,161792,GET,155477237029,155477236963
0,162560,GET,155477237355,155477237256
0,154113,GET,155477237438,155477237406
0,154369,GET,155477237550,155477237492
0,162816,GET,155477237676,155477237606
0,154625,GET,155477237829,155477237729
0,163328,GET,155477238109,155477238007
0,155137,GET,155477238222,155477238160
0,155393,GET,155477238389,155477238275
0,155649,GET,155477238542,155477238537
0,155905,GET,155477238821,155477238723
0,164608,GET,155477238904,155477238873
0,156161,GET,155477239013,155477238956
0,165120,GET,155477239473,155477239404
0,156417,GET,155477239799,155477239733
0,156673,GET,155477239950,155477239850
0,156929,GET,155477240322,155477240226
0,157441,GET,155477240668,155477240662
0,166656,GET,155477240879,155477240778
0,157953,GET,155477241008,155477240984
0,167168,GET,155477241333,155477241237
0,167424,GET,155477241414,155477241383
0,158465,GET,155477241499,155477241459
0,167936,GET,155477242013,155477241941
0,159233,GET,155477242274,155477242208
0,159745,GET,155477242557,155477242550
0,160513,GET,155477242967,155477242962
0,168448,GET,155477243118,155477243112
0,161281,GET,155477243386,155477243286
0,168960,GET,155477243510,155477243453
0,169216,GET,155477243769,155477243670
0,169728,GET,155477244210,155477244201
0,162049,GET,155477244358,155477244262
0,162305,GET,155477244473,155477244410
0,162817,GET,155477244638,155477244523
0,163073,GET,155477244786,155477244689
0,163329,GET,155477244944,155477244837
0,170496,GET,155477245071,155477245043
0,163585,GET,155477245452,155477245376
0,163841,GET,155477245608,155477245503
0,171264,GET,155477245938,155477245928
0,171520,GET,155477246091,155477245990
0,164865,GET,155477246250,155477246143
0,165377,GET,155477246665,155477246660
0,165889,GET,155477247080,155477247079
0,166145,GET,155477247449,155477247349
0,173056,GET,155477247533,155477247501
0,166401,GET,155477247641,155477247585
0,173312,GET,155477247760,155477247697
0,166913,GET,155477247911,155477247813
0,173568,GET,155477248232,155477248236
0,167937,GET,155477248836,155477248735
0,174080,GET,155477249460,155477249388
0,174592,GET,155477249863,155477249860
0,168961,GET,155477250018,155477250010
0,169473,GET,155477250410,155477250337
0,170241,GET,155477250857,155477250755
0,170497,GET,155477250939,155477250907
0,172033,GET,155477252165,155477252143
0,175104,GET,155477252544,155477252441
0,175616,GET,155477253046,155477252938
0,173057,GET,155477253161,155477253131
0,173313,GET,155477253900,155477253823
0,176640,GET,155477254539,155477254454
0,177152,GET,155477254689,155477254590
0,177408,GET,155477254940,155477254906
0,174337,GET,155477255186,155477255089
0,177920,GET,155477255355,155477255324
0,174593,GET,155477255486,155477255456
0,178176,GET,155477255727,155477255696
0,174849,GET,155477255851,155477255820
0,178432,GET,155477255916,155477255885
0,178688,GET,155477256039,155477256008
0,175105,GET,155477256276,155477256244
0,178944,GET,155477256376,155477256301
0,175361,GET,155477256432,155477256400
0,179200,GET,155477256487,155477256456
0,175617,GET,155477256773,155477256716
0,176641,GET,155477257627,155477257525
0,177409,GET,155477258291,155477258215
0,179456,GET,155477258440,155477258343
0,179712,GET,155477258726,155477258650
0,179968,GET,155477258970,155477258957
0,180480,GET,155477259185,155477259080
0,180736,GET,155477259308,155477259284
0,181248,GET,155477259464,155477259443
0,181760,GET,155477259620,155477259516
0,182016,GET,155477259731,155477259703
0,179457,GET,155477261511,155477261401
0,179713,GET,155477261633,155477261563
0,179969,GET,155477261747,155477261717
0,180225,GET,155477261910,155477261875
0,185088,GET,155477262065,155477261963
0,185344,GET,155477262224,155477262116
0,185856,GET,155477262382,155477262373
0,186368,GET,155477262661,155477262562
0,181249,GET,155477263187,155477263072
0,186880,GET,155477263333,155477263239
0,181761,GET,155477263502,155477263389
0,187392,GET,155477263659,155477263553
0,187648,GET,155477263926,155477263825
0,187904,GET,155477264051,155477263995
0,182529,GET,155477264170,155477264106
0,183041,GET,155477264453,155477264349
0,188672,GET,155477264536,155477264504
0,188928,GET,155477264644,155477264585
0,183297,GET,155477264732,155477264668
0,183553,GET,155477264920,155477264802
0,189440,GET,155477265035,155477264972
0,184321,GET,155477265451,155477265343
0,184577,GET,155477265534,155477265502
0,190208,GET,155477265862,155477265756
0,185089,GET,155477265947,155477265914
0,185345,GET,155477266576,155477266471
0,190720,GET,155477266658,155477266627
0,186113,GET,155477267391,155477267291
0,191232,GET,155477267825,155477267749
0,186625,GET,155477267978,155477267878
0,186881,GET,155477268067,155477268004
0,191744,GET,155477268336,155477268270
0,192000,GET,155477268666,155477268593
0,192256,GET,155477269533,155477269461
0,192768,GET,155477270032,155477269953
0,193024,GET,155477270180,155477270082
0,189185,GET,155477270354,155477270238
0,189441,GET,155477270509,155477270407
0,193536,GET,155477270635,155477270607
0,194048,GET,155477271012,155477270939
0,194560,GET,155477271171,155477271063
0,189697,GET,155477271258,155477271226
0,194816,GET,155477271342,155477271311
0,189953,GET,155477271607,155477271538
0,190209,GET,155477271689,155477271659
0,195072,GET,155477271854,155477271741
0,196096,GET,155477272761,155477272750
0,196352,GET,155477272915,155477272813
0,191233,GET,155477272997,155477272965
0,191489,GET,155477273273,155477273233
0,191745,GET,155477273425,155477273325
0,192001,GET,155477273745,155477273685
0,192257,GET,155477274087,155477273985
0,197376,GET,155477274171,155477274140
0,192513,GET,155477274447,155477274392
0,198144,GET,155477275443,155477275371
0,198400,GET,155477275780,155477275672
0,198656,GET,155477275862,155477275830
0,198912,GET,155477276019,155477275913
0,199168,GET,155477276509,155477276406
0,193793,GET,155477276657,155477276561
0,199424,GET,155477276979,155477276881
0,194561,GET,155477277292,155477277235
0,194817,GET,155477277642,155477277527
0,199936,GET,155477277724,155477277693
0,195585,GET,155477278114,155477278040
0,195841,GET,155477278268,155477278202
0,196353,GET,155477278591,155477278585
0,196609,GET,155477279344,155477279240
0,201472,GET,155477280148,155477280047
0,201728,GET,155477280233,155477280198
0,201984,GET,155477280391,155477280285
0,202240,GET,155477280547,155477280537
0,202496,GET,155477280697,155477280685
0,197889,GET,155477280967,155477280870
0,198145,GET,155477281254,155477281224
0,198657,GET,155477281621,155477281553
0,198913,GET,155477281780,155477281716
0,199169,GET,155477282059,155477281988
0,199681,GET,155477282335,155477282232
0,199937,GET,155477282694,155477282698
0,200449,GET,155477282846,155477282745
0,204032,GET,155477283165,155477283103
0,200705,GET,155477283248,155477283216
0,200961,GET,155477283410,155477283298
0,204544,GET,155477283683,155477283583
0,204800,GET,155477283809,155477283785
0,201729,GET,155477284148,155477284149
0,202241,GET,155477284431,155477284333
0,202497,GET,155477284898,155477284836
0,203009,GET,155477285132,155477285130
0,203521,GET,155477285280,155477285279
0,206080,GET,155477285529,155477285427
0,206336,GET,155477285814,155477285708
0,204033,GET,155477285929,155477285899
0,204545,GET,155477286206,155477286134
0,204801,GET,155477286541,155477286542
0,205057,GET,155477286691,155477286693
0,205313,GET,155477286843,155477286844
0,207872,GET,155477286993,155477286995
0,205569,GET,155477287145,155477287045
0,206081,GET,155477287308,155477287197
0,208640,GET,155477287638,155477287639
0,208896,GET,155477287789,155477287792
0,206593,GET,155477287941,155477287936
0,206849,GET,155477288094,155477287993
0,207105,GET,155477289051,155477288950
0,207361,GET,155477289136,155477289104
0,207617,GET,155477289301,155477289188
0,210176,GET,155477289422,155477289353
0,207873,GET,155477289509,155477289448
0,210432,GET,155477289692,155477289581
0,210688,GET,155477289850,155477289743
0,210944,GET,155477290004,155477289903
0,209153,GET,155477290744,155477290643
0,211456,GET,155477290861,155477290837
0,211712,GET,155477291243,155477291172
0,212224,GET,155477291720,155477291642
0,209921,GET,155477291871,155477291806
0,212480,GET,155477292024,155477291924
0,210689,GET,155477292309,155477292210
0,210945,GET,155477292431,155477292373
0,211201,GET,155477292735,155477292639
0,211457,GET,155477293410,155477293366
0,211969,GET,155477293737,155477293730
0,213504,GET,155477293890,155477293879
0,212737,GET,155477294274,155477294174
0,212993,GET,155477294397,155477294340
0,213249,GET,155477294664,155477294608
0,214272,GET,155477294766,155477294737
0,214784,GET,155477295599,155477295493
0,215040,GET,155477295687,155477295655
0,215808,GET,155477296552,155477296484
0,214529,GET,155477296706,155477296643
0,214785,GET,155477296860,155477296795
0,215297,GET,155477297272,155477297266
0,215809,GET,155477297954,155477297852
0,216065,GET,155477298118,155477298006
0,217344,GET,155477298277,155477298170
0,216577,GET,155477298614,155477298495
0,218625,GET,155477300736,155477300727
0,218881,GET,155477300888,155477300787
0,218112,GET,155477301501,155477301438
0,218368,GET,155477301842,155477301742
0,219649,GET,155477302025,155477301954
0,219905,GET,155477302256,155477302224
0,220161,GET,155477302311,155477302281
0,220417,GET,155477302367,155477302337
0,220673,GET,155477302424,155477302392
0,220929,GET,155477302485,155477302454
0,221185,GET,155477302541,155477302510
0,221441,GET,155477302597,155477302566
0,218624,GET,155477302697,155477302622
0,221697,GET,155477302760,155477302729
0,221953,GET,155477302816,155477302785
0,218880,GET,155477303050,155477303018
0,222209,GET,155477303106,155477303073
0,219136,GET,155477303338,155477303306
0,222465,GET,155477303494,155477303385
0,219648,GET,155477304022,155477303953
0,222977,GET,155477304350,155477304252
0,220416,GET,155477305095,155477305020
0,221440,GET,155477305421,155477305413
0,222208,GET,155477305805,155477305704
0,222464,GET,155477306091,155477306034
0,222720,GET,155477306187,155477306120
0,222976,GET,155477306439,155477306393
0,223745,GET,155477306591,155477306489
0,223232,GET,155477306705,155477306676
0,224257,GET,155477306865,155477306829
0,224000,GET,155477307366,155477307370
0,224512,GET,155477307515,155477307418
0,225025,GET,155477307629,155477307603
0,225024,GET,155477307785,155477307687
0,225280,GET,155477307947,155477307836
0,225536,GET,155477308463,155477308358
0,225793,GET,155477308578,155477308515
0,225792,GET,155477308667,155477308628
0,226049,GET,155477308775,155477308718
0,226305,GET,155477308863,155477308837
0,226561,GET,155477309022,155477308957
0,226560,GET,155477309531,155477309457
0,227073,GET,155477310034,155477309963
0,226816,GET,155477310186,155477310085
0,227328,GET,155477310851,155477310844
0,227584,GET,155477311005,155477310902
0,228096,GET,155477311284,155477311247
0,228352,GET,155477311537,155477311430
0,228608,GET,155477311623,155477311589
0,230656,GET,155477313332,155477313246
0,231168,GET,155477313490,155477313383
0,230145,GET,155477313574,155477313542
0,231936,GET,155477314026,155477313925
0,232192,GET,155477314179,155477314122
0,232448,GET,155477314631,155477314531
0,232704,GET,155477314965,155477314851
0,231681,GET,155477315802,155477315699
0,233216,GET,155477315888,155477315857
0,231937,GET,155477315973,155477315939
0,232449,GET,155477316132,155477316024
0,232705,GET,155477316654,155477316554
0,233984,GET,155477317419,155477317312
0,234496,GET,155477317716,155477317602
0,234752,GET,155477317875,155477317768
0,233473,GET,155477317956,155477317926
0,235520,GET,155477318346,155477318335
0,233985,GET,155477318557,155477318455
0,234241,GET,155477318917,155477318802
0,236032,GET,155477319060,155477319029
0,234497,GET,155477319117,155477319085
0,236288,GET,155477319332,155477319260
0,234753,GET,155477319454,155477319421
0,236544,GET,155477319510,155477319477
0,236800,GET,155477319625,155477319593
0,235009,GET,155477319687,155477319655
0,235265,GET,155477319831,155477319801
0,237056,GET,155477320007,155477319975
0,235521,GET,155477320069,155477320037
0,237312,GET,155477320222,155477320153
0,235777,GET,155477320767,155477320736
0,237568,GET,155477320823,155477320793
0,236033,GET,155477320885,155477320854
0,237824,GET,155477320941,155477320911
0,236289,GET,155477320998,155477320967
0,238080,GET,155477321292,155477321261
0,236545,GET,155477321472,155477321440
0,238336,GET,155477321578,155477321502
0,238592,GET,155477321749,155477321719
0,236801,GET,155477321806,155477321775
0,238848,GET,155477321922,155477321889
0,237057,GET,155477322037,155477322004
0,237313,GET,155477322419,155477322387
0,239104,GET,155477322482,155477322449
0,237569,GET,155477322655,155477322622
0,239360,GET,155477323077,155477323003
0,239616,GET,155477323198,155477323167
0,237825,GET,155477323253,155477323223
0,238081,GET,155477323317,155477323286
0,238337,GET,155477323373,155477323340
0,239872,GET,155477323550,155477323518
0,240128,GET,155477323606,155477323575
0,238593,GET,155477323668,155477323638
0,238849,GET,155477323953,155477323878
0,239105,GET,155477324275,155477324243
0,240384,GET,155477324450,155477324418
0,240640,GET,155477324507,155477324475
0,239361,GET,155477324569,155477324537
0,239617,GET,155477324688,155477324658
0,240896,GET,155477324751,155477324720
0,239873,GET,155477324814,155477324782
0,241152,GET,155477324910,155477324839
0,240129,GET,155477324964,155477324934
0,241408,GET,155477325085,155477325054
0,240385,GET,155477325341,155477325309
0,241664,GET,155477325405,155477325373
0,240641,GET,155477325467,155477325436
0,241920,GET,155477325589,155477325557
0,242176,GET,155477325652,155477325621
0,240897,GET,155477325805,155477325734
0,242432,GET,155477326038,155477326006
0,241153,GET,155477326100,155477326068
0,242688,GET,155477326161,155477326131
0,242944,GET,155477326225,155477326194
0,241409,GET,155477326281,155477326249
0,243200,GET,155477326431,155477326400
0,241665,GET,155477326494,155477326461
0,241921,GET,155477326598,155477326525
0,242177,GET,155477326727,155477326696
0,243456,GET,155477326782,155477326752
0,242433,GET,155477326844,155477326813
0,242689,GET,155477326901,155477326870
0,243712,GET,155477326957,155477326925
0,242945,GET,155477327140,155477327109
0,243201,GET,155477327261,155477327229
0,243968,GET,155477327505,155477327464
0,244224,GET,155477327566,155477327536
0,244480,GET,155477327803,155477327771
0,243457,GET,155477327858,155477327827
0,244736,GET,155477327921,155477327889
0,243713,GET,155477328103,155477328072
0,244992,GET,155477328159,155477328128
0,245248,GET,155477328221,155477328191
0,243969,GET,155477328437,155477328366
0,245504,GET,155477328492,155477328461
0,244225,GET,155477328670,155477328638
0,245760,GET,155477328791,155477328759
0,244481,GET,155477328848,155477328815
0,244737,GET,155477328909,155477328878
0,244993,GET,155477328964,155477328934
0,245249,GET,155477329086,155477329053
0,245505,GET,155477329261,155477329225
0,245761,GET,155477329377,155477329345
0,246016,GET,155477329432,155477329400
0,246017,GET,155477329670,155477329637
0,246272,GET,155477329725,155477329694
0,246273,GET,155477329787,155477329756
0,246529,GET,155477329908,155477329877
0,246528,GET,155477329970,155477329939
0,246784,GET,155477330074,155477330001
0,246785,GET,155477330366,155477330336
0,247041,GET,155477330487,155477330456
0,247040,GET,155477330731,155477330699
0,247297,GET,155477330787,155477330755
0,247296,GET,155477330843,155477330811
0,247553,GET,155477330955,155477330924
0,247809,GET,155477331076,155477331045
0,248065,GET,155477331614,155477331574
0,248321,GET,155477331733,155477331702
0,248577,GET,155477331855,155477331822
0,248833,GET,155477331909,155477331878
0,247552,GET,155477332087,155477332056
0,249089,GET,155477333088,155477333057
0,249345,GET,155477333150,155477333119
0,247808,GET,155477333389,155477333357
0,249601,GET,155477333485,155477333413
0,248064,GET,155477333892,155477333860
0,249857,GET,155477333948,155477333916
0,248320,GET,155477334004,155477333972
0,250113,GET,155477334116,155477334084
0,248576,GET,155477334178,155477334146
0,248832,GET,155477334240,155477334209
0,250369,GET,155477334303,155477334271
0,249088,GET,155477334515,155477334445
0,250625,GET,155477334695,155477334662
0,249344,GET,155477334750,155477334718
0,250881,GET,155477334805,155477334775
0,251137,GET,155477335037,155477335005
0,251393,GET,155477335158,155477335127
0,251649,GET,155477335214,155477335182
0,251905,GET,155477335442,155477335411
0,249600,GET,155477335571,155477335530
0,249856,GET,155477335627,155477335595
0,252161,GET,155477335740,155477335709
0,250112,GET,155477335803,155477335771
0,252417,GET,155477335858,155477335827
0,252673,GET,155477336030,155477335998
0,252929,GET,155477336092,155477336061
0,250368,GET,155477336214,155477336182
0,253185,GET,155477336448,155477336408
0,250624,GET,155477336504,155477336472
0,250880,GET,155477336560,155477336528
0,253441,GET,155477336732,155477336701
0,251136,GET,155477336789,155477336757
0,251392,GET,155477336845,155477336813
0,251648,GET,155477337079,155477337047
0,251904,GET,155477337191,155477337160
0,253697,GET,155477337289,155477337216
0,253953,GET,155477337404,155477337373
0,254209,GET,155477338431,155477338400
0,254465,GET,155477338494,155477338462
0,254721,GET,155477338615,155477338583
0,254977,GET,155477338677,155477338645
0,252160,GET,155477338847,155477338815
0,255233,GET,155477339143,155477339111
0,252416,GET,155477339207,155477339167
0,255489,GET,155477339328,155477339297
0,252672,GET,155477339384,155477339352
0,255745,GET,155477339447,155477339414
0,256001,GET,155477339560,155477339529
0,252928,GET,155477339679,155477339648
0,256257,GET,155477339735,155477339703
0,253184,GET,155477339848,155477339817
0,253440,GET,155477339914,155477339873
0,253696,GET,155477339975,155477339944
0,256513,GET,155477340148,155477340116
0,253952,GET,155477340266,155477340234
0,256769,GET,155477340378,155477340348
0,257025,GET,155477340434,155477340404
0,254208,GET,155477340547,155477340515
0,254464,GET,155477340603,155477340571
0,254720,GET,155477341242,155477341201
0,257281,GET,155477341298,155477341267
0,254976,GET,155477341355,155477341322
0,255232,GET,155477341415,155477341385
0,257537,GET,155477341531,155477341500
0,255488,GET,155477341587,155477341555
0,257793,GET,155477341797,155477341765
0,255744,GET,155477341918,155477341887
0,258049,GET,155477342021,155477341950
0,256000,GET,155477342313,155477342281
0,258305,GET,155477342369,155477342337
0,258561,GET,155477342425,155477342393
0,258817,GET,155477342536,155477342506
0,256256,GET,155477342593,155477342562
0,256512,GET,155477342655,155477342624
0,259073,GET,155477342776,155477342745
0,256768,GET,155477342870,155477342801
0,257024,GET,155477342933,155477342900
0,259329,GET,155477342994,155477342964
0,259585,GET,155477343051,155477343019
0,257280,GET,155477343165,155477343135
0,259841,GET,155477343221,155477343191
0,260097,GET,155477343451,155477343419
0,260353,GET,155477343565,155477343532
0,257536,GET,155477343656,155477343588
0,260609,GET,155477343718,155477343686
0,260865,GET,155477343780,155477343750
0,261121,GET,155477343893,155477343861
0,261377,GET,155477344011,155477343980
0,257792,GET,155477344132,155477344101
0,261633,GET,155477344254,155477344223
0,261889,GET,155477344663,155477344631
0,258048,GET,155477344759,155477344687
0,262145,GET,155477344938,155477344906
0,262401,GET,155477345056,155477345025
0,262657,GET,155477345111,155477345080
0,262913,GET,155477345174,155477345143
0,263169,GET,155477345237,155477345205
0,263425,GET,155477345463,155477345432
0,263681,GET,155477345519,155477345488
0,263937,GET,155477345612,155477345544
0,264193,GET,155477345668,155477345636
0,264449,GET,155477345730,155477345699
0,264705,GET,155477345842,155477345811
0,264961,GET,155477345899,155477345868
0,265217,GET,155477346018,155477345986
0,265473,GET,155477346074,155477346042
0,265729,GET,155477346187,155477346157
0,265985,GET,155477346286,155477346212
0,266241,GET,155477346577,155477346544
0,266497,GET,155477347041,155477346975
0,266753,GET,155477347160,155477347128
0,267009,GET,155477347273,155477347242
0,267265,GET,155477347392,155477347360
0,267521,GET,155477347447,155477347415
0,258304,GET,155477347562,155477347530
0,258560,GET,155477347657,155477347587
0,267777,GET,155477347718,155477347687
0,268033,GET,155477347781,155477347750
0,258816,GET,155477347844,155477347812
0,268289,GET,155477347965,155477347932
0,268545,GET,155477348086,155477348054
0,268801,GET,155477348140,155477348109
0,269057,GET,155477348203,155477348172
0,259072,GET,155477348443,155477348411
0,269313,GET,155477350885,155477350851
0,269569,GET,155477350950,155477350919
0,269825,GET,155477351083,155477351052
0,259328,GET,155477351140,155477351110
0,259584,GET,155477351206,155477351175
0,270081,GET,155477351319,155477351288
0,259840,GET,155477351376,155477351345
0,260096,GET,155477351562,155477351521
0,270337,GET,155477351618,155477351585
0,260352,GET,155477351741,155477351710
0,260608,GET,155477351861,155477351829
0,260864,GET,155477352498,155477352467
0,261120,GET,155477352554,155477352523
0,261376,GET,155477352672,155477352642
0,261632,GET,155477352792,155477352760
0,261888,GET,155477352889,155477352817
0,262144,GET,155477353064,155477353032
0,270593,GET,155477353119,155477353088
0,262400,GET,155477353300,155477353269
0,270849,GET,155477353426,155477353394
0,262656,GET,155477353482,155477353450
0,271105,GET,155477353997,155477353965
0,271361,GET,155477354053,155477354022
0,271617,GET,155477354354,155477354313
0,262912,GET,155477354410,155477354379
0,271873,GET,155477354525,155477354494
0,263168,GET,155477354581,155477354550
0,272129,GET,155477354644,155477354611
0,272385,GET,155477354705,155477354675
0,272641,GET,155477354761,155477354730
0,263424,GET,155477354824,155477354792
0,272897,GET,155477355009,155477354968
0,263680,GET,155477355065,155477355033
0,263936,GET,155477355128,155477355096
0,273153,GET,155477355189,155477355159
0,264192,GET,155477355252,155477355221
0,273409,GET,155477355308,155477355277
0,273665,GET,155477355364,155477355333
0,264448,GET,155477355420,155477355389
0,273921,GET,155477356389,155477355502
0,264704,GET,155477356622,155477356590
0,274177,GET,155477356678,155477356646
0,264960,GET,155477356734,155477356702
0,274433,GET,155477356791,155477356759
0,265216,GET,155477357028,155477356996
0,265472,GET,155477357084,155477357052
0,274689,GET,155477357312,155477357281
0,265728,GET,155477359619,155477359542
0,274945,GET,155477359675,155477359643
0,275201,GET,155477359737,155477359704
0,265984,GET,155477359848,155477359817
0,275457,GET,155477359967,155477359935
0,266240,GET,155477360084,155477360052
0,275713,GET,155477360202,155477360170
0,275969,GET,155477360263,155477360232
0,266496,GET,155477360335,155477360295
0,276225,GET,155477360453,155477360423
0,266752,GET,155477360573,155477360541
0,267008,GET,155477360691,155477360661
0,276481,GET,155477360747,155477360716
0,267264,GET,155477360812,155477360778
0,276737,GET,155477360868,155477360836
0,267520,GET,155477361048,155477361016
0,276993,GET,155477361177,155477361136
0,277249,GET,155477361233,155477361201
0,267776,GET,155477361295,155477361263
0,277505,GET,155477361351,155477361320
0,268032,GET,155477361530,155477361499
0,268288,GET,155477361593,155477361561
0,277761,GET,155477361655,155477361623
0,268544,GET,155477361718,155477361686
0,268800,GET,155477361877,155477361804
0,278017,GET,155477362105,155477362073
0,269056,GET,155477362223,155477362192
0,278273,GET,155477362278,155477362247
0,269312,GET,155477362567,155477362536
0,278529,GET,155477362623,155477362591
0,269568,GET,155477362685,155477362653
0,278785,GET,155477362865,155477362832
0,279041,GET,155477362929,155477362888
0,269824,GET,155477363160,155477363129
0,279297,GET,155477363216,155477363184
0,279553,GET,155477363277,155477363246
0,270080,GET,155477363334,155477363302
0,279809,GET,155477363453,155477363422
0,280065,GET,155477363516,155477363484
0,270336,GET,155477363578,155477363546
0,280321,GET,155477363705,155477363664
0,270592,GET,155477363822,155477363790
0,280577,GET,155477363878,155477363846
0,280833,GET,155477363941,155477363909
0,281089,GET,155477364118,155477364086
0,281345,GET,155477364173,155477364142
0,281601,GET,155477364405,155477364374
0,270848,GET,155477364461,155477364429
0,281857,GET,155477364645,155477364605
0,271104,GET,155477364701,155477364670
0,282113,GET,155477364764,155477364732
0,271360,GET,155477364997,155477364965
0,271616,GET,155477365169,155477365138
0,282369,GET,155477366869,155477366837
0,282625,GET,155477366926,155477366895
0,271872,GET,155477366992,155477366960
0,282881,GET,155477367104,155477367025
0,272128,GET,155477367223,155477367192
0,272384,GET,155477367288,155477367257
0,272640,GET,155477367354,155477367323
0,283137,GET,155477367466,155477367434
0,272896,GET,155477367649,155477367619
0,283393,GET,155477367769,155477367737
0,283649,GET,155477368064,155477368034
0,283905,GET,155477368160,155477368090
0,273152,GET,155477368282,155477368249
0,284161,GET,155477368337,155477368306
0,284417,GET,155477368393,155477368361
0,273408,GET,155477368512,155477368481
0,284673,GET,155477368568,155477368537
0,273664,GET,155477368688,155477368657
0,284929,GET,155477368744,155477368713
0,273920,GET,155477368900,155477368827
0,274176,GET,155477369023,155477368989
0,285185,GET,155477369314,155477369283
0,274432,GET,155477369369,155477369338
0,285441,GET,155477369483,155477369451
0,274688,GET,155477369538,155477369507
0,285697,GET,155477369660,155477369628
0,285953,GET,155477370009,155477369978
0,286209,GET,155477370307,155477370205
0,274944,GET,155477370587,155477370530
0,275200,GET,155477370706,155477370681
0,275456,GET,155477371064,155477371057
0,287233,GET,155477371349,155477371247
0,276224,GET,155477371796,155477371689
0,287489,GET,155477372084,155477372025
0,276480,GET,155477372372,155477372270
0,288001,GET,155477372492,155477372464
0,276992,GET,155477372654,155477372558
0,277248,GET,155477372933,155477372893
0,288769,GET,155477373535,155477373436
0,289025,GET,155477373618,155477373587
0,277760,GET,155477373731,155477373670
0,289537,GET,155477373924,155477373788
0,278016,GET,155477374090,155477373977
0,278272,GET,155477374371,155477374314
0,278528,GET,155477374493,155477374434
0,290049,GET,155477374588,155477374551
0,290305,GET,155477374742,155477374647
0,279040,GET,155477375147,155477375047
0,279296,GET,155477375442,155477375413
0,279808,GET,155477376080,155477376005
0,280320,GET,155477376235,155477376231
0,291329,GET,155477376388,155477376287
0,280832,GET,155477376503,155477376441
0,291585,GET,155477376594,155477376553
0,292097,GET,155477376883,155477376775
0,281088,GET,155477377037,155477376935
0,281344,GET,155477377196,155477377088
0,281600,GET,155477377577,155477377576
0,292865,GET,155477377866,155477377861
0,293121,GET,155477378014,155477378013
0,293633,GET,155477378164,155477378067
0,293889,GET,155477378280,155477378252
0,282368,GET,155477378661,155477378591
0,294401,GET,155477378814,155477378713
0,283136,GET,155477378992,155477378880
0,283648,GET,155477379733,155477379632
0,294657,GET,155477379848,155477379784
0,283904,GET,155477380196,155477380187
0,296193,GET,155477380875,155477380797
0,296449,GET,155477381209,155477381139
0,296705,GET,155477381363,155477381345
0,297217,GET,155477381880,155477381779
0,297473,GET,155477382050,155477381932
0,286208,GET,155477382429,155477382327
0,297985,GET,155477382799,155477382798
0,298497,GET,155477382955,155477382851
0,286464,GET,155477383039,155477383008
0,298753,GET,155477383149,155477383091
0,286720,GET,155477383278,155477383179
0,287232,GET,155477383921,155477383917
0,287488,GET,155477384077,155477383973
0,299521,GET,155477384163,155477384130
0,299777,GET,155477384506,155477384475
0,288512,GET,155477384874,155477384869
0,288768,GET,155477385029,155477384926
0,300545,GET,155477385113,155477385081
0,300801,GET,155477385243,155477385174
0,289024,GET,155477385357,155477385295
0,289280,GET,155477385832,155477385728
0,289536,GET,155477385919,155477385887
0,301313,GET,155477386204,155477386102
0,301569,GET,155477386484,155477386386
0,290304,GET,155477386599,155477386536
0,290560,GET,155477386687,155477386624
0,302081,GET,155477386989,155477386890
0,290816,GET,155477387342,155477387285
0,291072,GET,155477387785,155477387681
0,302593,GET,155477388158,155477388121
0,303105,GET,155477388314,155477388277
0,303361,GET,155477388469,155477388367
0,303617,GET,155477388761,155477388702
0,291840,GET,155477388816,155477388785
0,303873,GET,155477388981,155477388915
0,292096,GET,155477389137,155477389034
0,292608,GET,155477389424,155477389390
0,292864,GET,155477389578,155477389475
0,304641,GET,155477390144,155477390108
0,293376,GET,155477390306,155477390237
0,305153,GET,155477390462,155477390396
0,293632,GET,155477390938,155477390833
0,305665,GET,155477391048,155477390990
0,293888,GET,155477391136,155477391101
0,294144,GET,155477391294,155477391195
0,306177,GET,155477391418,155477391345
0,306433,GET,155477391606,155477391609
0,294656,GET,155477391757,155477391658
0,295168,GET,155477392090,155477391985
0,310017,GET,155477394800,155477394692
0,310529,GET,155477395081,155477395006
0,296960,GET,155477395762,155477395654
0,311553,GET,155477395847,155477395814
0,297216,GET,155477396191,155477396086
0,297728,GET,155477396365,155477396247
0,312065,GET,155477396481,155477396454
0,298240,GET,155477397230,155477397149
0,298496,GET,155477397386,155477397320
0,298752,GET,155477397544,155477397476
0,299264,GET,155477397789,155477397683
0,313601,GET,155477397883,155477397851
0,299776,GET,155477398353,155477398250
0,300032,GET,155477398436,155477398405
0,300544,GET,155477398739,155477398639
0,300800,GET,155477399218,155477399189
0,301312,GET,155477399599,155477399524
0,301824,GET,155477399756,155477399651
0,302336,GET,155477400055,155477399972
0,302848,GET,155477400346,155477400248
0,313857,GET,155477400640,155477400609
0,303104,GET,155477401127,155477401022
0,314369,GET,155477401183,155477401151
0,303360,GET,155477401244,155477401213
0,303616,GET,155477401358,155477401325
0,303872,GET,155477401461,155477401387
0,314625,GET,155477401630,155477401598
0,304128,GET,155477401897,155477401866
0,314881,GET,155477401953,155477401921
0,304384,GET,155477402009,155477401977
0,304640,GET,155477402121,155477402089
0,304896,GET,155477402178,155477402145
0,315137,GET,155477402354,155477402322
0,305152,GET,155477402810,155477402704
0,305664,GET,155477403094,155477403015
0,315905,GET,155477403248,155477403146
0,305920,GET,155477403523,155477403462
0,316161,GET,155477403792,155477403764
0,316673,GET,155477403962,155477403889
0,317185,GET,155477404115,155477404049
0,317953,GET,155477404584,155477404495
0,318465,GET,155477404922,155477404845
0,306432,GET,155477405077,155477405007
0,319233,GET,155477405420,155477405317
0,306688,GET,155477405535,155477405472
0,306944,GET,155477406168,155477406088
0,307200,GET,155477406504,155477406403
0,320001,GET,155477406788,155477406707
0,307712,GET,155477406942,155477406840
0,320513,GET,155477407219,155477407162
0,320769,GET,155477407357,155477407292
0,321281,GET,155477407879,155477407806
0,308480,GET,155477408245,155477408143
0,308736,GET,155477408530,155477408429
0,322305,GET,155477408997,155477408891
0,322561,GET,155477409081,155477409049
0,322817,GET,155477409191,155477409133
0,309504,GET,155477409284,155477409248
0,310016,GET,155477409765,155477409677
0,323585,GET,155477410224,155477410118
0,323841,GET,155477410348,155477410291
0,324097,GET,155477410699,155477410690
0,311040,GET,155477410908,155477410843
0,324609,GET,155477411063,155477410960
0,324865,GET,155477411701,155477411598
0,312576,GET,155477412322,155477412311
0,312832,GET,155477412477,155477412373
0,325377,GET,155477412559,155477412529
0,325633,GET,155477412971,155477412889
0,313344,GET,155477413310,155477413303
0,326913,GET,155477413773,155477413695
0,327425,GET,155477413926,155477413860
0,327681,GET,155477414077,155477413978
0,327937,GET,155477414176,155477414112
0,331265,GET,155477417157,155477417044
0,317440,GET,155477417274,155477417243
0,317696,GET,155477417439,155477417333
0,331777,GET,155477417559,155477417495
0,332545,GET,155477417816,155477417715
0,317952,GET,155477417899,155477417868
0,318208,GET,155477418251,155477418223
0,333057,GET,155477418548,155477418545
0,318720,GET,155477418734,155477418701
0,318976,GET,155477418888,155477418858
0,334081,GET,155477419039,155477419013
0,319488,GET,155477419556,155477419458
0,319744,GET,155477419655,155477419624
0,320512,GET,155477419936,155477419934
0,334593,GET,155477420249,155477420145
0,334849,GET,155477420700,155477420598
0,335105,GET,155477420997,155477420955
0,335617,GET,155477421679,155477421598
0,336385,GET,155477422968,155477422861
0,322560,GET,155477423318,155477423221
0,336897,GET,155477423402,155477423370
0,337153,GET,155477423496,155477423432
0,322816,GET,155477423759,155477423730
0,323072,GET,155477423921,155477423820
0,337665,GET,155477424160,155477424125
0,337921,GET,155477424313,155477424284
0,323840,GET,155477424586,155477424580
0,324352,GET,155477425309,155477425212
0,339457,GET,155477426048,155477425974
0,325120,GET,155477426766,155477426685
0,325376,GET,155477426920,155477426817
0,340481,GET,155477427253,155477427150
0,326144,GET,155477427623,155477427625
0,341249,GET,155477428323,155477428216
0,326656,GET,155477428438,155477428411
0,326912,GET,155477428909,155477428807
0,342017,GET,155477428992,155477428961
0,342529,GET,155477429277,155477429272
0,343041,GET,155477429664,155477429659
0,328192,GET,155477429818,155477429716
0,343553,GET,155477430160,155477430141
0,344065,GET,155477430313,155477430294
0,344833,GET,155477430671,155477430570
0,328704,GET,155477431128,155477431032
0,328960,GET,155477431246,155477431219
0,329216,GET,155477431629,155477431528
0,345345,GET,155477431716,155477431684
0,329728,GET,155477432210,155477432107
0,345857,GET,155477432331,155477432261
0,346113,GET,155477432491,155477432383
0,330240,GET,155477432827,155477432823
0,346881,GET,155477432981,155477432878
0,330496,GET,155477433097,155477433034
0,347393,GET,155477433265,155477433151
0,331008,GET,155477433873,155477433871
0,331520,GET,155477434206,155477434135
0,332288,GET,155477434363,155477434258
0,348161,GET,155477434710,155477434593
0,348417,GET,155477434794,155477434762
0,332800,GET,155477434923,155477434901
0,348929,GET,155477435093,155477435056
0,349185,GET,155477435248,155477435145
0,333568,GET,155477435837,155477435735
0,349697,GET,155477436195,155477436138
0,349953,GET,155477436617,155477436519
0,350465,GET,155477436965,155477436845
0,334080,GET,155477437246,155477437189
0,335360,GET,155477438383,155477438308
0,350977,GET,155477439223,155477439120
0,351233,GET,155477440017,155477439953
0,336640,GET,155477440350,155477440251
0,351745,GET,155477440523,155477440406
0,352001,GET,155477440646,155477440575
0,336896,GET,155477440736,155477440672
0,352769,GET,155477441405,155477441255
0,353537,GET,155477441563,155477441458
0,355841,GET,155477442681,155477442572
0,356097,GET,155477442802,155477442744
0,356353,GET,155477443071,155477443014
0,337408,GET,155477443572,155477443498
0,337664,GET,155477443726,155477443660
0,357377,GET,155477444054,155477443951
0,338176,GET,155477444117,155477444084
0,338432,GET,155477444181,155477444149
0,357633,GET,155477444431,155477444359
0,338688,GET,155477444494,155477444463
0,338944,GET,155477444557,155477444526
0,339200,GET,155477444679,155477444646
0,339456,GET,155477444800,155477444769
0,339712,GET,155477444914,155477444883
0,339968,GET,155477445055,155477445022
0,340736,GET,155477445453,155477445448
0,341248,GET,155477445607,155477445602
0,341504,GET,155477445758,155477445755
0,358913,GET,155477446706,155477446631
0,343296,GET,155477448029,155477447925
0,343552,GET,155477448112,155477448082
0,360193,GET,155477449366,155477449320
0,360705,GET,155477449520,155477449418
0,344832,GET,155477449636,155477449571
0,345344,GET,155477449896,155477449791
0,361217,GET,155477450393,155477450380
0,346112,GET,155477450949,155477450938
0,346368,GET,155477451103,155477451000
0,362753,GET,155477451572,155477451467
0,363009,GET,155477451694,155477451670
0,363521,GET,155477452511,155477452413
0,363777,GET,155477452876,155477452805
0,347392,GET,155477453214,155477453201
0,364545,GET,155477453368,155477453264
0,364801,GET,155477453483,155477453420
0,347904,GET,155477453839,155477453813
0,365057,GET,155477453993,155477453890
0,348416,GET,155477454206,155477454174
0,365313,GET,155477454293,155477454230
0,348672,GET,155477454646,155477454525
0,365825,GET,155477454803,155477454797
0,349440,GET,155477455082,155477455077
0,366593,GET,155477455371,155477455362
0,367105,GET,155477455529,155477455423
0,367361,GET,155477455613,155477455581
0,367617,GET,155477455891,155477455834
0,349696,GET,155477456012,155477455954
0,349952,GET,155477456267,155477456165
0,368129,GET,155477456698,155477456673
0,350464,GET,155477457082,155477456978
0,368385,GET,155477457557,155477457539
0,368641,GET,155477458191,155477458119
0,369153,GET,155477458347,155477458282
0,369409,GET,155477458712,155477458612
0,369665,GET,155477459172,155477459097
0,352512,GET,155477459456,155477459350
0,371969,GET,155477461824,155477461812
0,372225,GET,155477461973,155477461876
0,372993,GET,155477462678,155477462657
0,355328,GET,155477462828,155477462812
0,373249,GET,155477462980,155477462880
0,355840,GET,155477463716,155477463615
0,356096,GET,155477463848,155477463791
0,356352,GET,155477464122,155477464064
0,356608,GET,155477464223,155477464146
0,356864,GET,155477464318,155477464256
0,357376,GET,155477464504,155477464381
0,358144,GET,155477464834,155477464733
0,358400,GET,155477464919,155477464886
0,358656,GET,155477465265,155477465206
0,359168,GET,155477465763,155477465739
0,359680,GET,155477465919,155477465815
0,360192,GET,155477466171,155477466072
0,360448,GET,155477466286,155477466223
0,360960,GET,155477466612,155477466590
0,361472,GET,155477466770,155477466742
0,362240,GET,155477467501,155477467431
0,363264,GET,155477467975,155477467872
0,363520,GET,155477468134,155477468070
0,364032,GET,155477468295,155477468228
0,365056,GET,155477468624,155477468521
0,365312,GET,155477468707,155477468677
0,365568,GET,155477468831,155477468823
0,366080,GET,155477468985,155477468883
0,366592,GET,155477469275,155477469228
0,367360,GET,155477470006,155477470002
0,367872,GET,155477470167,155477470058
0,369152,GET,155477471385,155477471300
0,370176,GET,155477471773,155477471675
0,370432,GET,155477471902,155477471878
0,370944,GET,155477472282,155477472213
0,371456,GET,155477473203,155477473133
0,371968,GET,155477473362,155477473354
0,372736,GET,155477473735,155477473633
0,372992,GET,155477473850,155477473787
0,373248,GET,155477473944,155477473905
0,373760,GET,155477474107,155477474000
0,374272,GET,155477474563,155477474488
0,374784,GET,155477474716,155477474649
0,375296,GET,155477475051,155477474948
0,375808,GET,155477475377,155477475281
0,376320,GET,155477475665,155477475566
0,376576,GET,155477475781,155477475751
0,377088,GET,155477475938,155477475841
0,377600,GET,155477476102,155477475991
0,378112,GET,155477476259,155477476253
0,378624,GET,155477476412,155477476311
0,379136,GET,155477476696,155477476661
0,379648,GET,155477476851,155477476749
0,380160,GET,155477477515,155477477508
0,380672,GET,155477477857,155477477753
0,380928,GET,155477478277,155477478240
0,381440,GET,155477478440,155477478403
0,381952,GET,155477478591,155477478491
0,382208,GET,155477478707,155477478679
0,382976,GET,155477479002,155477478899
0,383488,GET,155477479300,155477479257
0,384000,GET,155477479452,155477479412
0,384512,GET,155477479603,155477479563
0,385280,GET,155477479937,155477479837
0,385536,GET,155477480051,155477479988
0,385792,GET,155477480315,155477480289
0,386560,GET,155477480776,155477480703
0,387584,GET,155477481298,155477481290
0,388352,GET,155477481720,155477481612
0,388608,GET,155477481804,155477481771
0,388864,GET,155477481930,155477481902
0,389376,GET,155477482680,155477482577
0,389888,GET,155477482847,155477482732
0,390656,GET,155477483347,155477483267
0,391168,GET,155477483635,155477483569
0,391680,GET,155477483792,155477483724
0,392192,GET,155477483952,155477483885
0,392704,GET,155477484240,155477484137
0,393472,GET,155477484586,155477484580
0,393984,GET,155477484979,155477484904
0,394752,GET,155477485137,155477485131
0,395520,GET,155477485600,155477485493
0,395776,GET,155477485729,155477485653
0,396288,GET,155477485923,155477485784
0,396800,GET,155477486208,155477486165
0,397312,GET,155477486361,155477486318
0,397824,GET,155477486515,155477486471
0,398336,GET,155477486671,155477486626
0,398848,GET,155477486824,155477486724
0,399104,GET,155477487122,155477487093
0,399616,GET,155477487498,155477487423
0,400128,GET,155477487782,155477487775
0,400640,GET,155477487940,155477487893
0,402176,GET,155477488443,155477488341
0,402432,GET,155477488622,155477488553
0,402688,GET,155477488737,155477488704
0,402944,GET,155477488801,155477488768
0,403200,GET,155477488857,155477488824
0,403456,GET,155477488918,155477488887
0,403712,GET,155477488981,155477488950
0,403968,GET,155477489044,155477489010
0,404224,GET,155477489183,155477489153
0,404480,GET,155477489332,155477489266
0,404736,GET,155477489394,155477489363
0,404992,GET,155477489512,155477489481
0,405248,GET,155477489624,155477489594
0,405504,GET,155477489687,155477489655
0,405760,GET,155477489750,155477489718
0,406016,GET,155477489979,155477489948
0,406272,GET,155477490042,155477490011
0,406528,GET,155477490189,155477490124
0,406784,GET,155477490252,155477490219
0,407040,GET,155477490308,155477490276
0,407296,GET,155477490363,155477490333
0,407552,GET,155477490570,155477490538
0,407808,GET,155477490627,155477490594
0,408064,GET,155477490683,155477490651
0,408320,GET,155477490802,155477490771
0,408576,GET,155477490900,155477490833
0,408832,GET,155477491081,155477491050
0,409088,GET,155477491251,155477491219
0,409344,GET,155477491343,155477491276
0,409856,GET,155477491669,155477491541
0,410368,GET,155477491833,155477491721
0,410880,GET,155477492001,155477491983
0,411392,GET,155477492161,155477492054
0,411648,GET,155477492277,155477492213
0,412160,GET,155477492927,155477492822
0,412416,GET,155477493013,155477492973
0,412928,GET,155477493203,155477493090
0,413184,GET,155477493564,155477493461
0,413952,GET,155477493961,155477493956
0,415232,GET,155477494481,155477494429
0,416512,GET,155477494979,155477494936
0,417280,GET,155477495460,155477495350
0,417536,GET,155477495948,155477495868
0,421376,GET,155477497819,155477497798
0,421888,GET,155477497973,155477497948
0,422400,GET,155477498358,155477498248
0,422656,GET,155477498481,155477498473
0,423168,GET,155477498633,155477498533
0,423424,GET,155477498748,155477498685
0,424192,GET,155477499132,155477499025
0,424448,GET,155477499249,155477499184
0,425216,GET,155477499802,155477499697
0,425472,GET,155477499919,155477499854
0,425984,GET,155477500091,155477499972
0,426496,GET,155477500603,155477500442
0,427008,GET,155477504348,155477504347
0,427520,GET,155477504502,155477504501
0,428032,GET,155477504655,155477504553
0,428544,GET,155477505907,155477505834
0,429312,GET,155477506255,155477506244
0,429824,GET,155477506438,155477506427
0,430336,GET,155477506713,155477506705
0,430848,GET,155477506864,155477506857
0,431872,GET,155477507201,155477507094
0,432128,GET,155477507285,155477507252
0,432384,GET,155477507675,155477507612
0,432640,GET,155477507731,155477507700
0,433408,GET,155477508213,155477508140
0,434432,GET,155477508637,155477508534
0,434688,GET,155477508720,155477508689
0,434944,GET,155477508829,155477508772
0,435200,GET,155477509132,155477509036
0,435712,GET,155477509481,155477509383
0,435968,GET,155477509776,155477509746
0,436480,GET,155477509935,155477509836
0,436736,GET,155477510050,155477510021
0,437248,GET,155477510211,155477510171
0,438016,GET,155477510494,155477510413
0,439040,GET,155477510824,155477510817
0,439552,GET,155477510985,155477510877
0,439808,GET,155477511101,155477511037
0,440320,GET,155477511274,155477511154
0,440576,GET,155477511399,155477511370
0,441600,GET,155477511742,155477511731
0,442112,GET,155477511895,155477511794
0,442624,GET,155477512241,155477512125
0,443136,GET,155477512577,155477512463
0,443392,GET,155477512699,155477512630
0,443648,GET,155477512828,155477512798
0,443904,GET,155477513207,155477513106
0,374017,GET,155477513290,155477513258
0,444160,GET,155477513373,155477513342
0,444416,GET,155477513534,155477513426
0,444672,GET,155477513696,155477513686
0,374785,GET,155477513852,155477513836
0,445440,GET,155477514377,155477514276
0,375553,GET,155477514550,155477514433
0,445696,GET,155477514974,155477514917
0,445952,GET,155477515029,155477514998
0,446208,GET,155477515471,155477515370
0,376321,GET,155477516041,155477515941
0,376577,GET,155477516166,155477516162
0,377089,GET,155477516451,155477516348
0,446720,GET,155477516565,155477516536
0,448512,GET,155477518459,155477518352
0,379905,GET,155477518852,155477518818
0,380417,GET,155477519009,155477518912
0,448768,GET,155477519165,155477519156
0,380673,GET,155477519509,155477519447
0,380929,GET,155477519801,155477519698
0,381697,GET,155477520823,155477520723
0,382209,GET,155477521384,155477521282
0,450048,GET,155477521736,155477521706
0,450304,GET,155477522114,155477522041
0,382721,GET,155477522270,155477522166
0,383233,GET,155477522446,155477522333
0,450816,GET,155477522661,155477522629
0,451072,GET,155477522749,155477522685
0,451584,GET,155477523379,155477523309
0,452096,GET,155477523731,155477523713
0,452608,GET,155477523887,155477523783
0,384001,GET,155477525746,155477525644
0,452864,GET,155477526204,155477526147
0,453120,GET,155477526499,155477526441
0,384257,GET,155477526657,155477526558
0,384769,GET,155477526819,155477526709
0,385281,GET,155477527364,155477527259
0,386049,GET,155477527803,155477527697
0,386305,GET,155477528095,155477528058
0,386561,GET,155477528247,155477528148
0,454912,GET,155477528403,155477528300
0,455680,GET,155477529689,155477529588
0,387841,GET,155477529969,155477529896
0,456448,GET,155477531085,155477531014
0,389889,GET,155477531995,155477531890
0,456960,GET,155477532077,155477532047
0,390145,GET,155477532163,155477532129
0,457216,GET,155477532571,155477532526
0,457472,GET,155477532820,155477532718
0,390913,GET,155477532937,155477532908
0,391169,GET,155477533313,155477533212
0,391425,GET,155477533483,155477533365
0,391937,GET,155477533779,155477533672
0,392193,GET,155477533894,155477533868
0,458240,GET,155477534052,155477533950
0,458496,GET,155477534225,155477534104
0,392961,GET,155477534340,155477534277
0,393217,GET,155477534786,155477534699
0,459264,GET,155477534938,155477534870
0,459520,GET,155477535271,155477535171
0,394241,GET,155477535768,155477535665
0,394497,GET,155477535851,155477535819
0,394753,GET,155477536194,155477536137
0,395009,GET,155477536446,155477536387
0,459776,GET,155477536568,155477536511
0,395265,GET,155477536656,155477536624
0,395777,GET,155477537032,155477536959
0,396545,GET,155477537375,155477537269
0,397057,GET,155477537818,155477537715
0,397569,GET,155477538346,155477538244
0,397825,GET,155477538638,155477538580
0,398337,GET,155477539296,155477539221
0,398849,GET,155477539617,155477539614
0,460800,GET,155477540010,155477539941
0,399361,GET,155477540526,155477540449
0,461312,GET,155477540861,155477540788
0,461824,GET,155477541019,155477540954
0,462080,GET,155477541179,155477541109
0,400129,GET,155477541337,155477541230
0,400385,GET,155477541627,155477541596
0,400641,GET,155477541925,155477541893
0,462592,GET,155477542041,155477542009
0,400897,GET,155477542097,155477542066
0,401153,GET,155477542216,155477542185
0,401409,GET,155477542344,155477542249
0,462848,GET,155477542434,155477542370
0,463104,GET,155477542615,155477542487
0,463616,GET,155477543266,155477543164
0,463872,GET,155477543349,155477543318
0,402177,GET,155477543493,155477543402
0,464128,GET,155477543965,155477543958
0,464640,GET,155477544569,155477544464
0,465152,GET,155477545364,155477545284
0,404225,GET,155477545824,155477545721
0,465664,GET,155477546223,155477546216
0,404993,GET,155477546596,155477546494
0,466176,GET,155477546877,155477546776
0,405505,GET,155477547529,155477547499
0,466688,GET,155477547687,155477547653
0,467200,GET,155477547840,155477547739
0,467712,GET,155477548122,155477548084
0,468736,GET,155477548460,155477548358
0,469248,GET,155477548824,155477548826
0,469760,GET,155477548976,155477548878
0,470016,GET,155477549265,155477549206
0,405761,GET,155477549386,155477549328
0,406017,GET,155477549474,155477549410
0,470272,GET,155477549591,155477549523
0,470528,GET,155477549749,155477549679
0,406785,GET,155477549904,155477549836
0,407041,GET,155477550060,155477549990
0,407297,GET,155477550405,155477550300
0,471552,GET,155477550573,155477550457
0,407553,GET,155477550696,155477550671
0,408065,GET,155477551045,155477551044
0,472576,GET,155477551529,155477551519
0,472832,GET,155477551745,155477551672
0,409089,GET,155477552618,155477552545
0,473344,GET,155477553249,155477553145
0,409601,GET,155477553540,155477553482
0,409857,GET,155477553913,155477553880
0,410113,GET,155477554438,155477554338
0,473856,GET,155477554553,155477554489
0,412161,GET,155477556308,155477556298
0,477440,GET,155477557719,155477557610
0,413185,GET,155477557875,155477557778
0,477952,GET,155477558208,155477558106
0,413441,GET,155477558505,155477558446
0,413697,GET,155477559089,155477559021
0,478720,GET,155477559243,155477559141
0,478976,GET,155477559534,155477559458
0,479488,GET,155477559684,155477559586
0,414465,GET,155477559771,155477559709
0,414721,GET,155477560326,155477560228
0,414977,GET,155477560676,155477560559
0,415233,GET,155477560794,155477560727
0,415745,GET,155477561308,155477561299
0,416769,GET,155477561963,155477561856
0,481280,GET,155477564101,155477564020
0,420097,GET,155477564375,155477564271
0,481792,GET,155477564491,155477564427
0,420353,GET,155477564578,155477564545
0,420865,GET,155477565156,155477565047
0,482560,GET,155477565514,155477565404
0,482816,GET,155477565597,155477565566
0,421377,GET,155477565713,155477565690
0,421889,GET,155477565877,155477565846
0,483328,GET,155477566035,155477565928
0,422145,GET,155477566157,155477566087
0,483840,GET,155477566506,155477566383
0,422401,GET,155477566589,155477566557
0,484096,GET,155477567280,155477567248
0,484352,GET,155477567469,155477567467
0,484864,GET,155477567624,155477567521
0,422913,GET,155477567737,155477567675
0,423169,GET,155477568034,155477567927
0,423425,GET,155477568548,155477568505
0,423681,GET,155477568705,155477568599
0,485888,GET,155477568832,155477568809
0,486144,GET,155477569001,155477568898
0,486656,GET,155477569289,155477569186
0,424705,GET,155477570398,155477570291
0,487168,GET,155477570930,155477570872
0,424961,GET,155477571030,155477571003
0,487424,GET,155477571192,155477571090
0,487936,GET,155477571344,155477571244
0,425473,GET,155477571679,155477571575
0,425729,GET,155477572313,155477572245
0,489216,GET,155477572597,155477572511
0,489728,GET,155477572760,155477572650
0,489984,GET,155477572886,155477572861
0,426753,GET,155477573658,155477573550
0,491008,GET,155477573777,155477573755
0,491264,GET,155477573947,155477573844
0,427265,GET,155477574191,155477574157
0,427521,GET,155477574554,155477574550
0,427777,GET,155477574708,155477574702
0,428033,GET,155477574989,155477574887
0,428289,GET,155477575105,155477575075
0,428801,GET,155477575755,155477575677
0,493312,GET,155477575904,155477575842
0,493824,GET,155477576236,155477576166
0,494336,GET,155477576567,155477576562
0,429569,GET,155477576850,155477576844
0,495104,GET,155477577003,155477576901
0,495360,GET,155477577454,155477577384
0,495616,GET,155477577620,155477577506
0,430593,GET,155477577752,155477577694
0,431105,GET,155477578158,155477578150
0,495872,GET,155477578441,155477578434
0,496384,GET,155477578592,155477578492
0,431617,GET,155477578720,155477578645
0,431873,GET,155477579012,155477578936
0,497152,GET,155477579344,155477579238
0,497408,GET,155477579693,155477579590
0,497664,GET,155477579777,155477579745
0,497920,GET,155477580075,155477579973
0,433409,GET,155477580539,155477580493
0,433665,GET,155477581131,155477581025
0,433921,GET,155477581468,155477581367
0,498944,GET,155477581766,155477581709
0,499200,GET,155477582392,155477582286
0,434689,GET,155477582773,155477582756
0,435201,GET,155477583058,155477582952
0,435457,GET,155477583652,155477583578
0,435713,GET,155477583814,155477583802
0,500992,GET,155477584025,155477583923
0,501504,GET,155477584376,155477584267
0,436225,GET,155477584689,155477584601
0,501760,GET,155477584929,155477584872
0,502016,GET,155477585029,155477584962
0,436481,GET,155477585767,155477585670
0,502528,GET,155477585858,155477585827
0,436737,GET,155477586075,155477586044
0,502784,GET,155477586206,155477586150
0,436993,GET,155477586329,155477586231
0,437249,GET,155477586491,155477586381
0,503552,GET,155477586779,155477586671
0,503808,GET,155477586862,155477586831
0,437761,GET,155477587121,155477587057
0,438017,GET,155477587486,155477587381
0,438273,GET,155477587829,155477587708
0,438785,GET,155477588267,155477588166
0,439041,GET,155477588406,155477588375
0,439297,GET,155477588471,155477588439
0,504576,GET,155477588566,155477588495
0,504832,GET,155477588630,155477588598
0,439553,GET,155477588694,155477588662
0,505088,GET,155477588871,155477588840
0,439809,GET,155477588927,155477588895
0,505344,GET,155477588991,155477588960
0,505600,GET,155477589056,155477589024
0,505856,GET,155477589119,155477589087
0,506112,GET,155477589451,155477589351
0,506368,GET,155477589535,155477589504
0,506880,GET,155477590192,155477590069
0,507392,GET,155477590462,155477590360
0,440065,GET,155477590584,155477590562
0,440577,GET,155477590925,155477590820
0,507904,GET,155477591093,155477590978
0,508416,GET,155477591434,155477591317
0,509440,GET,155477592057,155477591952
0,509952,GET,155477592220,155477592109
0,510208,GET,155477592501,155477592443
0,510464,GET,155477592617,155477592561
0,441089,GET,155477592875,155477592774
0,510976,GET,155477593025,155477592962
0,441345,GET,155477593182,155477593116
0,441601,GET,155477593341,155477593233
0,512000,GET,155477593620,155477593542
0,512512,GET,155477593777,155477593706
0,513280,GET,155477594108,155477594006
0,513536,GET,155477594190,155477594159
0,513792,GET,155477594528,155477594472
0,442113,GET,155477594630,155477594554
0,442369,GET,155477595254,155477595148
0,514304,GET,155477595366,155477595309
0,514560,GET,155477595454,155477595391
0,442625,GET,155477595542,155477595479
0,443393,GET,155477596287,155477596215
0,444161,GET,155477596456,155477596432
0,444673,GET,155477596611,155477596508
0,444929,GET,155477596726,155477596697
0,445441,GET,155477597104,155477597003
0,446465,GET,155477597479,155477597400
0,446721,GET,155477597633,155477597531
0,515328,GET,155477597886,155477597785
0,515584,GET,155477598164,155477598061
0,516096,GET,155477598555,155477598457
0,447489,GET,155477598639,155477598608
0,516608,GET,155477599415,155477599348
0,516864,GET,155477599579,155477599571
0,517120,GET,155477599733,155477599727
0,448769,GET,155477600490,155477600384
0,449025,GET,155477600573,155477600542
0,518144,GET,155477601154,155477601055
0,449793,GET,155477601335,155477601222
0,518400,GET,155477601619,155477601517
0,450305,GET,155477601737,155477601679
0,518912,GET,155477602524,155477602421
0,519168,GET,155477602827,155477602771
0,519424,GET,155477603004,155477602883
0,451585,GET,155477603167,155477603057
0,451841,GET,155477603695,155477603578
0,519936,GET,155477603965,155477603890
0,520192,GET,155477604477,155477604405
0,520448,GET,155477604636,155477604572
0,453377,GET,155477604964,155477604959
0,453889,GET,155477605336,155477605331
0,521984,GET,155477605718,155477605713
0,522240,GET,155477606467,155477606359
0,454913,GET,155477606550,155477606519
0,522752,GET,155477606713,155477606603
0,523008,GET,155477606874,155477606764
0,457985,GET,155477608404,155477608293
0,458497,GET,155477608530,155477608486
0,459009,GET,155477608683,155477608582
0,459265,GET,155477609030,155477608916
0,524800,GET,155477609196,155477609083
0,525312,GET,155477609356,155477609249
0,525568,GET,155477609440,155477609408
0,525824,GET,155477609910,155477609807
0,460033,GET,155477610033,155477609976
0,526080,GET,155477610295,155477610240
0,460801,GET,155477610685,155477610614
0,526592,GET,155477610834,155477610772
0,527104,GET,155477611408,155477611310
0,461825,GET,155477611723,155477611618
0,462081,GET,155477611808,155477611769
0,462593,GET,155477612151,155477612033
0,462849,GET,155477612428,155477612352
0,463105,GET,155477612582,155477612479
0,463361,GET,155477612708,155477612607
0,527872,GET,155477612832,155477612760
0,528128,GET,155477613087,155477612986
0,463873,GET,155477613202,155477613138
0,464129,GET,155477613659,155477613585
0,528896,GET,155477613908,155477613797
0,464641,GET,155477613991,155477613959
0,464897,GET,155477614161,155477614043
0,465153,GET,155477614434,155477614361
0,531968,GET,155477616505,155477616332
0,467969,GET,155477616588,155477616558
0,532480,GET,155477616754,155477616640
0,532736,GET,155477616875,155477616806
0,532992,GET,155477617066,155477617066
0,468481,GET,155477617442,155477617435
0,468737,GET,155477617596,155477617586
0,468993,GET,155477617802,155477617704
0,534528,GET,155477618016,155477617959
0,534784,GET,155477618332,155477618216
0,469505,GET,155477618414,155477618383
0,535040,GET,155477618542,155477618519
0,535296,GET,155477618917,155477618847
0,535552,GET,155477619292,155477619212
0,470529,GET,155477619448,155477619380
0,471041,GET,155477619603,155477619535
0,471553,GET,155477619759,155477619690
0,536320,GET,155477619914,155477619846
0,471809,GET,155477620067,155477619965
0,472577,GET,155477621226,155477621128
0,472833,GET,155477621732,155477621634
0,473089,GET,155477621847,155477621817
0,537344,GET,155477622407,155477622335
0,474113,GET,155477623188,155477623081
0,474369,GET,155477623717,155477623615
0,474881,GET,155477624001,155477623995
0,475137,GET,155477624161,155477624153
0,475393,GET,155477624375,155477624308
0,475649,GET,155477624532,155477624464
0,539648,GET,155477624864,155477624762
0,475905,GET,155477625035,155477625012
0,540160,GET,155477625363,155477625290
0,540416,GET,155477625523,155477625415
0,540672,GET,155477625775,155477625677
0,540928,GET,155477626026,155477625996
0,477185,GET,155477626398,155477626300
0,541696,GET,155477626826,155477626804
0,477697,GET,155477627197,155477627093
0,477953,GET,155477627676,155477627618
0,542208,GET,155477627926,155477627869
0,478465,GET,155477628666,155477628591
0,478721,GET,155477628954,155477628882
0,543232,GET,155477629441,155477629354
0,479489,GET,155477629709,155477629610
0,543744,GET,155477629771,155477629740
0,479745,GET,155477629834,155477629802
0,480001,GET,155477629929,155477629858
0,544000,GET,155477630009,155477629978
0,544256,GET,155477630124,155477630093
0,544512,GET,155477630237,155477630206
0,480257,GET,155477630292,155477630262
0,544768,GET,155477630412,155477630380
0,480513,GET,155477630554,155477630522
0,545024,GET,155477630639,155477630599
0,480769,GET,155477630766,155477630703
0,481281,GET,155477630927,155477630861
0,545792,GET,155477631642,155477631539
0,546048,GET,155477632016,155477631916
0,482305,GET,155477632103,155477632072
0,546560,GET,155477632266,155477632157
0,547072,GET,155477632706,155477632604
0,547328,GET,155477632806,155477632775
0,547840,GET,155477633545,155477633438
0,548096,GET,155477633628,155477633598
0,548608,GET,155477633795,155477633680
0,549376,GET,155477634208,155477634105
0,549632,GET,155477634332,155477634261
0,549888,GET,155477634449,155477634422
0,550400,GET,155477635146,155477635044
0,550656,GET,155477635558,155477635527
0,550912,GET,155477635682,155477635661
0,482561,GET,155477635841,155477635819
0,482817,GET,155477636181,155477636103
0,551936,GET,155477636462,155477636361
0,483841,GET,155477637011,155477636920
0,484097,GET,155477637131,155477637063
0,552448,GET,155477637581,155477637523
0,484353,GET,155477637680,155477637652
0,553216,GET,155477638050,155477637980
0,553984,GET,155477638212,155477638202
0,554496,GET,155477638600,155477638500
0,555008,GET,155477638986,155477638981
0,485121,GET,155477639143,155477639037
0,555520,GET,155477639610,155477639509
0,485889,GET,155477639694,155477639662
0,486401,GET,155477639974,155477639940
0,487169,GET,155477640213,155477640114
0,487425,GET,155477640298,155477640265
0,487681,GET,155477640410,155477640389
0,488193,GET,155477640567,155477640545
0,488705,GET,155477640714,155477640618
0,555776,GET,155477640830,155477640766
0,489217,GET,155477641152,155477641045
0,489729,GET,155477641500,155477641384
0,556544,GET,155477641661,155477641552
0,489985,GET,155477641744,155477641713
0,556800,GET,155477642042,155477641937
0,490497,GET,155477642422,155477642414
0,557568,GET,155477642574,155477642472
0,557824,GET,155477642659,155477642627
0,491265,GET,155477643055,155477642957
0,491777,GET,155477643418,155477643420
0,492033,GET,155477643569,155477643566
0,558592,GET,155477643838,155477643795
0,558848,GET,155477643988,155477643945
0,493057,GET,155477644255,155477644153
0,559872,GET,155477644859,155477644792
0,560128,GET,155477645019,155477644911
0,493569,GET,155477645150,155477645087
0,560384,GET,155477645264,155477645202
0,493825,GET,155477645382,155477645315
0,560640,GET,155477645629,155477645563
0,494337,GET,155477645909,155477645842
0,494593,GET,155477646061,155477645996
0,561408,GET,155477646215,155477646113
0,561664,GET,155477646372,155477646316
0,561920,GET,155477646739,155477646638
0,562176,GET,155477647368,155477647260
0,495873,GET,155477647710,155477647635
0,496129,GET,155477647862,155477647762
0,496641,GET,155477648159,155477648078
0,496897,GET,155477648316,155477648248
0,497153,GET,155477648468,155477648367
0,497409,GET,155477648599,155477648568
0,497665,GET,155477649293,155477649191
0,563968,GET,155477649683,155477649518
0,564224,GET,155477649846,155477649735
0,498433,GET,155477650002,155477649980
0,498689,GET,155477650152,155477650130
0,564736,GET,155477650714,155477650606
0,499457,GET,155477650866,155477650753
0,499713,GET,155477651226,155477651190
0,564992,GET,155477651800,155477651798
0,500737,GET,155477652235,155477652129
0,565760,GET,155477655727,155477655652
0,501505,GET,155477655887,155477655820
0,501761,GET,155477656137,155477656037
0,566528,GET,155477656220,155477656189
0,566784,GET,155477656562,155477656506
0,502017,GET,155477656860,155477656765
0,567040,GET,155477656975,155477656912
0,502529,GET,155477657231,155477657224
0,568064,GET,155477657613,155477657600
0,503297,GET,155477657762,155477657664
0,506113,GET,155477659520,155477659517
0,506369,GET,155477659640,155477659572
0,506625,GET,155477659755,155477659692
0,506881,GET,155477660077,155477660009
0,507137,GET,155477660234,155477660168
0,507649,GET,155477660387,155477660287
0,569600,GET,155477660611,155477660448
0,570112,GET,155477661579,155477661480
0,570624,GET,155477662220,155477662215
0,508417,GET,155477662339,155477662272
0,571136,GET,155477662584,155477662515
0,571392,GET,155477662914,155477662842
0,571648,GET,155477663071,155477663005
0,509441,GET,155477663356,155477663280
0,509953,GET,155477663505,155477663407
0,572160,GET,155477663601,155477663537
0,572416,GET,155477664217,155477664122
0,510721,GET,155477664823,155477664718
0,572928,GET,155477664939,155477664874
0,511489,GET,155477665522,155477665423
0,573440,GET,155477665619,155477665588
0,511745,GET,155477665873,155477665808
0,573696,GET,155477665968,155477665903
0,573952,GET,155477666285,155477666186
0,574208,GET,155477666580,155477666521
0,574464,GET,155477666853,155477666745
0,512769,GET,155477667210,155477667168
0,575232,GET,155477667459,155477667454
0,575488,GET,155477667669,155477667567
0,575744,GET,155477667984,155477667918
0,514049,GET,155477668458,155477668357
0,514305,GET,155477668754,155477668726
0,514561,GET,155477668913,155477668874
0,514817,GET,155477669065,155477669021
0,515585,GET,155477669620,155477669543
0,577536,GET,155477669952,155477669843
0,515841,GET,155477670279,155477670185
0,577792,GET,155477670395,155477670367
0,516097,GET,155477670549,155477670521
0,516353,GET,155477670916,155477670847
0,516865,GET,155477671076,155477671012
0,579072,GET,155477671233,155477671227
0,581376,GET,155477673062,155477672956
0,581888,GET,155477673966,155477673890
0,582144,GET,155477674117,155477674017
0,582656,GET,155477674287,155477674177
0,518657,GET,155477675219,155477675121
0,583168,GET,155477675303,155477675270
0,583424,GET,155477675388,155477675357
0,583680,GET,155477675670,155477675590
0,519681,GET,155477676126,155477676025
0,519937,GET,155477676286,155477676195
0,520193,GET,155477676370,155477676339
0,583936,GET,155477676484,155477676422
0,520449,GET,155477676971,155477676877
0,520705,GET,155477677102,155477677038
0,520961,GET,155477677410,155477677308
0,521473,GET,155477677851,155477677780
0,521985,GET,155477678363,155477678260
0,522497,GET,155477678884,155477678785
0,522753,GET,155477679220,155477679108
0,585472,GET,155477679304,155477679271
0,585728,GET,155477679359,155477679328
0,523009,GET,155477679508,155477679477
0,523265,GET,155477679570,155477679539
0,523521,GET,155477679625,155477679594
0,585984,GET,155477679769,155477679739
0,586240,GET,155477679864,155477679801
0,586496,GET,155477679920,155477679889
0,523777,GET,155477680215,155477680184
0,586752,GET,155477680277,155477680245
0,524033,GET,155477680388,155477680357
0,524289,GET,155477680650,155477680618
0,587008,GET,155477680706,155477680674
0,524545,GET,155477680796,155477680736
0,525057,GET,155477681269,155477681167
0,587520,GET,155477681637,155477681641
0,587776,GET,155477681783,155477681689
0,588032,GET,155477681898,155477681871
0,526081,GET,155477682067,155477681994
0,588544,GET,155477682712,155477682610
0,588800,GET,155477683151,155477683053
0,526849,GET,155477683270,155477683203
0,527105,GET,155477683392,155477683387
0,589312,GET,155477683679,155477683577
0,589568,GET,155477683761,155477683730
0,527617,GET,155477683875,155477683848
0,590336,GET,155477684169,155477684071
0,528129,GET,155477684457,155477684360
0,528385,GET,155477684736,155477684638
0,590848,GET,155477685030,155477685001
0,528641,GET,155477685403,155477685305
0,591360,GET,155477685556,155477685459
0,592128,GET,155477685863,155477685862
0,592896,GET,155477686197,155477686098
0,593152,GET,155477686280,155477686249
0,528897,GET,155477687006,155477686931
0,529409,GET,155477687732,155477687656
0,529921,GET,155477688164,155477688118
0,530177,GET,155477688524,155477688455
0,594944,GET,155477688684,155477688617
0,595712,GET,155477689109,155477688999
0,595968,GET,155477689192,155477689161
0,596480,GET,155477689722,155477689718
0,596736,GET,155477689932,155477689867
0,596992,GET,155477690084,155477690086
0,597248,GET,155477690231,155477690233
0,597760,GET,155477691046,155477690951
0,598016,GET,155477691170,155477691108
0,598272,GET,155477691429,155477691321
0,532737,GET,155477691512,155477691481
0,598528,GET,155477691991,155477691958
0,598784,GET,155477692146,155477692047
0,599040,GET,155477692388,155477692387
0,533761,GET,155477692606,155477692537
0,599552,GET,155477692762,155477692658
0,599808,GET,155477692852,155477692787
0,600064,GET,155477693018,155477692905
0,534273,GET,155477693148,155477693069
0,600320,GET,155477693253,155477693222
0,534529,GET,155477693338,155477693305
0,600576,GET,155477693710,155477693608
0,535809,GET,155477694023,155477693952
0,600832,GET,155477694138,155477694075
0,601088,GET,155477694264,155477694164
0,536321,GET,155477694668,155477694636
0,601344,GET,155477694948,155477694883
0,601600,GET,155477695042,155477695003
0,601856,GET,155477695141,155477695109
0,536577,GET,155477695259,155477695193
0,536833,GET,155477695387,155477695289
0,602368,GET,155477695502,155477695438
0,602624,GET,155477695666,155477695552
0,603136,GET,155477696627,155477696579
0,603392,GET,155477696776,155477696678
0,538113,GET,155477696891,155477696828
0,538369,GET,155477697026,155477696945
0,538625,GET,155477697396,155477697296
0,538881,GET,155477697519,155477697455
0,539137,GET,155477697786,155477697684
0,539393,GET,155477698552,155477698483
0,604672,GET,155477698832,155477698730
0,540161,GET,155477699135,155477699022
0,540673,GET,155477699419,155477699320
0,541185,GET,155477700030,155477699968
0,541697,GET,155477700315,155477700307
0,604928,GET,155477700468,155477700422
0,605184,GET,155477700827,155477700762
0,605952,GET,155477701165,155477701090
0,606208,GET,155477701248,155477701217
0,542977,GET,155477701342,155477701318
0,606720,GET,155477701502,155477701480
0,543233,GET,155477701786,155477701780
0,607488,GET,155477702001,155477701928
0,544257,GET,155477702331,155477702228
0,544513,GET,155477702414,155477702382
0,608000,GET,155477702527,155477702470
0,608256,GET,155477703147,155477703071
0,545025,GET,155477703476,155477703380
0,608768,GET,155477703810,155477703704
0,609280,GET,155477704427,155477704323
0,546049,GET,155477704542,155477704479
0,546305,GET,155477704677,155477704594
0,609536,GET,155477704828,155477704729
0,609792,GET,155477705469,155477705400
0,610048,GET,155477705625,155477705521
0,610560,GET,155477705962,155477705846
0,610816,GET,155477706045,155477706013
0,611072,GET,155477706173,155477706116
0,547329,GET,155477706262,155477706199
0,550401,GET,155477708312,155477708303
0,550913,GET,155477708649,155477708583
0,551425,GET,155477708978,155477708881
0,551681,GET,155477709147,155477709034
0,552449,GET,155477709605,155477709533
0,552705,GET,155477709763,155477709657
0,612608,GET,155477709894,155477709835
0,552961,GET,155477710024,155477709951
0,553985,GET,155477710695,155477710593
0,554241,GET,155477711041,155477711041
0,613888,GET,155477711896,155477711823
0,555265,GET,155477712052,155477711986
0,614144,GET,155477712205,155477712138
0,614400,GET,155477712666,155477712659
0,556289,GET,155477712991,155477712921
0,615168,GET,155477713450,155477713346
0,615424,GET,155477713533,155477713502
0,557057,GET,155477713645,155477713589
0,615680,GET,155477713739,155477713676
0,557313,GET,155477713954,155477713806
0,616448,GET,155477714280,155477714275
0,557825,GET,155477714492,155477714423
0,558081,GET,155477714649,155477714581
0,558337,GET,155477714802,155477714801
0,558849,GET,155477714954,155477714855
0,617472,GET,155477715068,155477715039
0,617728,GET,155477715498,155477715399
0,618240,GET,155477715816,155477715747
0,559873,GET,155477716553,155477716481
0,619264,GET,155477717067,155477716999
0,619776,GET,155477717220,155477717119
0,560385,GET,155477717520,155477717422
0,620288,GET,155477717869,155477717770
0,620544,GET,155477717953,155477717921
0,620800,GET,155477718100,155477718007
0,561153,GET,155477718264,155477718152
0,621056,GET,155477718392,155477718317
0,621568,GET,155477718890,155477718791
0,621824,GET,155477719235,155477719204
0,562177,GET,155477719689,155477719601
0,562433,GET,155477719929,155477719828
0,562689,GET,155477720263,155477720190
0,623104,GET,155477720325,155477720294
0,623360,GET,155477720382,155477720349
0,562945,GET,155477720437,155477720405
0,623616,GET,155477720614,155477720582
0,563201,GET,155477720727,155477720695
0,563457,GET,155477722588,155477722557
0,563713,GET,155477722708,155477722676
0,623872,GET,155477722879,155477722806
0,624128,GET,155477722994,155477722961
0,624384,GET,155477723226,155477723193
0,563969,GET,155477723288,155477723256
0,624640,GET,155477723344,155477723312
0,564225,GET,155477723522,155477723491
0,624896,GET,155477723696,155477723665
0,564481,GET,155477723808,155477723777
0,625152,GET,155477723962,155477723892
0,564737,GET,155477724026,155477723994
0,625408,GET,155477724081,155477724050
0,625664,GET,155477724137,155477724106
0,564993,GET,155477724199,155477724168
0,625920,GET,155477724312,155477724280
0,565249,GET,155477724485,155477724453
0,626176,GET,155477724547,155477724516
0,565505,GET,155477724643,155477724572
0,626432,GET,155477724879,155477724848
0,565761,GET,155477725059,155477725027
0,566017,GET,155477725406,155477725375
0,626688,GET,155477725903,155477725870
0,566273,GET,155477725965,155477725934
0,566529,GET,155477726083,155477726052
0,626944,GET,155477726225,155477726193
0,566785,GET,155477726326,155477726256
0,627200,GET,155477726560,155477726528
0,627456,GET,155477726616,155477726584
0,627712,GET,155477726673,155477726640
0,567041,GET,155477726729,155477726697
0,567297,GET,155477726790,155477726759
0,627968,GET,155477726853,155477726821
0,628224,GET,155477726916,155477726884
0,567553,GET,155477727069,155477727003
0,628480,GET,155477727448,155477727417
0,567809,GET,155477727511,155477727479
0,628736,GET,155477727567,155477727536
0,568065,GET,155477727629,155477727597
0,628992,GET,155477727744,155477727713
0,629248,GET,155477727806,155477727775
0,629504,GET,155477727862,155477727830
0,568321,GET,155477727968,155477727893
0,629760,GET,155477728029,155477727997
0,568577,GET,155477728377,155477728345
0,630016,GET,155477728433,155477728401
0,568833,GET,155477728553,155477728523
0,569089,GET,155477728840,155477728809
0,630272,GET,155477728959,155477728928
0,569345,GET,155477729022,155477728990
0,630528,GET,155477729122,155477729046
0,569601,GET,155477729184,155477729152
0,630784,GET,155477729298,155477729266
0,569857,GET,155477729360,155477729329
0,631040,GET,155477729416,155477729385
0,570113,GET,155477729478,155477729448
0,570369,GET,155477729713,155477729681
0,570625,GET,155477729825,155477729793
0,570881,GET,155477729887,155477729855
0,631296,GET,155477730007,155477729976
0,571137,GET,155477730070,155477730038
0,571393,GET,155477730131,155477730100
0,571649,GET,155477730188,155477730156
0,631552,GET,155477730531,155477730501
0,571905,GET,155477730594,155477730562
0,631808,GET,155477730706,155477730674
0,572161,GET,155477730778,155477730737
0,572417,GET,155477730834,155477730802
0,632064,GET,155477730890,155477730858
0,572673,GET,155477731002,155477730971
0,632320,GET,155477731064,155477731033
0,572929,GET,155477731179,155477731147
0,632576,GET,155477731240,155477731210
0,632832,GET,155477731296,155477731265
0,633088,GET,155477731521,155477731445
0,633344,GET,155477732100,155477732069
0,633600,GET,155477732155,155477732125
0,633856,GET,155477732213,155477732181
0,573185,GET,155477732268,155477732236
0,573441,GET,155477732382,155477732352
0,573697,GET,155477732504,155477732473
0,573953,GET,155477732619,155477732587
0,634112,GET,155477732675,155477732643
0,574209,GET,155477732731,155477732700
0,634368,GET,155477732786,155477732755
0,574465,GET,155477733018,155477732987
0,634624,GET,155477733131,155477733100
0,634880,GET,155477733427,155477733396
0,574721,GET,155477733661,155477733629
0,635136,GET,155477733723,155477733691
0,574977,GET,155477733823,155477733747
0,575233,GET,155477733879,155477733847
0,635392,GET,155477733941,155477733909
0,635648,GET,155477734054,155477734024
0,635904,GET,155477734110,155477734080
0,636160,GET,155477734224,155477734192
0,636416,GET,155477734285,155477734253
0,575489,GET,155477734341,155477734309
0,575745,GET,155477734445,155477734371
0,576001,GET,155477734508,155477734476
0,636672,GET,155477734569,155477734537
0,576257,GET,155477734743,155477734712
0,576513,GET,155477735259,155477735227
0,636928,GET,155477735315,155477735283
0,576769,GET,155477735486,155477735455
0,577025,GET,155477735549,155477735519
0,637184,GET,155477735648,155477735574
0,637440,GET,155477735885,155477735854
0,637696,GET,155477735941,155477735909
0,577281,GET,155477736118,155477736087
0,637952,GET,155477736180,155477736149
0,577537,GET,155477736301,155477736269
0,577793,GET,155477736356,155477736324
0,578049,GET,155477736583,155477736551
0,638208,GET,155477736680,155477736608
0,578305,GET,155477736798,155477736767
0,638464,GET,155477736977,155477736946
0,578561,GET,155477737090,155477737058
0,638720,GET,155477737145,155477737114
0,578817,GET,155477737202,155477737171
0,579073,GET,155477737258,155477737226
0,579329,GET,155477737494,155477737462
0,579585,GET,155477737601,155477737524
0,638976,GET,155477737719,155477737687
0,639232,GET,155477738898,155477738866
0,639488,GET,155477738952,155477738921
0,579841,GET,155477739008,155477738977
0,639744,GET,155477739182,155477739150
0,580097,GET,155477739295,155477739263
0,580353,GET,155477739475,155477739444
0,640000,GET,155477739577,155477739505
0,580609,GET,155477739754,155477739723
0,580865,GET,155477739816,155477739785
0,640256,GET,155477739987,155477739955
0,640512,GET,155477740048,155477740017
0,581121,GET,155477740111,155477740081
0,640768,GET,155477740521,155477740488
0,581377,GET,155477740757,155477740725
0,641024,GET,155477740885,155477740845
0,581633,GET,155477740940,155477740909
0,641280,GET,155477741059,155477741028
0,641536,GET,155477741115,155477741084
0,581889,GET,155477741171,155477741140
0,641792,GET,155477741227,155477741197
0,642048,GET,155477741402,155477741370
0,642304,GET,155477741464,155477741431
0,642560,GET,155477741535,155477741494
0,582145,GET,155477741655,155477741624
0,642816,GET,155477741775,155477741744
0,582401,GET,155477741887,155477741856
0,643072,GET,155477741950,155477741918
0,582657,GET,155477742006,155477741974
0,643328,GET,155477742062,155477742031
0,643584,GET,155477742233,155477742201
0,643840,GET,155477742361,155477742321
0,582913,GET,155477742539,155477742508
0,583169,GET,155477742956,155477742925
0,583425,GET,155477743012,155477742981
0,644096,GET,155477743185,155477743153
0,644352,GET,155477743309,155477743278
0,583681,GET,155477743365,155477743333
0,644608,GET,155477743542,155477743511
0,583937,GET,155477743650,155477743575
0,644864,GET,155477743712,155477743679
0,584193,GET,155477743767,155477743737
0,584449,GET,155477743828,155477743798
0,645120,GET,155477743998,155477743967
0,584705,GET,155477744061,155477744029
0,645376,GET,155477744123,155477744091
0,584961,GET,155477744179,155477744147
0,645632,GET,155477744243,155477744210
0,645888,GET,155477744305,155477744273
0,646144,GET,155477744367,155477744336
0,585217,GET,155477744430,155477744398
0,646400,GET,155477744492,155477744461
0,585473,GET,155477744547,155477744516
0,585729,GET,155477745720,155477745688
0,646656,GET,155477745951,155477745918
0,585985,GET,155477746076,155477746035
0,646912,GET,155477746132,155477746101
0,647168,GET,155477746308,155477746277
0,647424,GET,155477746426,155477746395
0,586241,GET,155477746483,155477746450
0,647680,GET,155477746539,155477746507
0,586497,GET,155477746778,155477746746
0,647936,GET,155477746834,155477746802
0,648192,GET,155477747184,155477747152
0,648448,GET,155477747240,155477747209
0,648704,GET,155477747356,155477747325
0,648960,GET,155477747412,155477747381
0,649216,GET,155477747587,155477747556
0,649472,GET,155477747699,155477747668
0,649728,GET,155477747756,155477747724
0,649984,GET,155477747811,155477747781
0,586753,GET,155477747913,155477747843
0,650240,GET,155477748034,155477748003
0,650496,GET,155477748154,155477748123
0,587009,GET,155477748210,155477748178
0,587265,GET,155477748386,155477748356
0,587521,GET,155477748617,155477748585
0,587777,GET,155477748673,155477748640
0,588033,GET,155477748735,155477748703
0,588289,GET,155477748801,155477748759
0,588545,GET,155477748857,155477748826
0,588801,GET,155477748913,155477748881
0,589057,GET,155477749264,155477749231
0,589313,GET,155477749385,155477749353
0,589569,GET,155477749504,155477749473
0,589825,GET,155477749560,155477749529
0,650752,GET,155477749617,155477749585
0,590081,GET,155477749747,155477749706
0,590337,GET,155477749803,155477749772
0,651008,GET,155477750098,155477750067
0,651264,GET,155477750154,155477750122
0,590593,GET,155477750216,155477750185
0,590849,GET,155477750394,155477750362
0,651520,GET,155477750456,155477750425
0,651776,GET,155477750512,155477750480
0,652032,GET,155477750585,155477750544
0,591105,GET,155477750706,155477750675
0,652288,GET,155477750944,155477750913
0,652544,GET,155477751000,155477750969
0,591361,GET,155477751057,155477751024
0,652800,GET,155477751112,155477751081
0,591617,GET,155477751167,155477751137
0,653056,GET,155477751224,155477751193
0,591873,GET,155477751329,155477751255
0,592129,GET,155477751385,155477751353
0,592385,GET,155477751554,155477751523
0,653312,GET,155477751901,155477751870
0,653568,GET,155477751964,155477751931
0,592641,GET,155477752019,155477751987
0,592897,GET,155477752075,155477752044
0,593153,GET,155477752132,155477752100
0,593409,GET,155477752229,155477752156
0,653824,GET,155477752406,155477752374
0,593665,GET,155477752469,155477752437
0,593921,GET,155477752822,155477752791
0,654080,GET,155477753001,155477752970
0,654336,GET,155477753065,155477753033
0,654592,GET,155477753186,155477753154
0,594177,GET,155477753242,155477753211
0,654848,GET,155477753339,155477753267
0,655104,GET,155477753460,155477753429
0,594433,GET,155477753579,155477753548
0,655360,GET,155477753636,155477753604
0,594689,GET,155477753815,155477753783
0,594945,GET,155477753930,155477753898
0,595201,GET,155477754048,155477754016
0,595457,GET,155477754340,155477754308
0,595713,GET,155477754561,155477754490
0,595969,GET,155477754846,155477754815
0,596225,GET,155477754902,155477754871
0,596481,GET,155477754957,155477754926
0,596737,GET,155477755078,155477755046
0,596993,GET,155477755134,155477755102
0,597249,GET,155477755547,155477755515
0,597505,GET,155477755602,155477755571
0,655616,GET,155477755938,155477755863
0,655872,GET,155477756059,155477756027
0,656128,GET,155477756238,155477756206
0,597761,GET,155477756300,155477756269
0,656384,GET,155477756649,155477756619
0,598017,GET,155477756771,155477756740
0,656640,GET,155477756833,155477756801
0,598273,GET,155477756889,155477756857
0,656896,GET,155477756954,155477756914
0,598529,GET,155477757011,155477756979
0,657152,GET,155477757066,155477757035
0,598785,GET,155477757185,155477757154
0,599041,GET,155477757242,155477757209
0,599297,GET,155477757362,155477757331
0,657408,GET,155477757418,155477757387
0,657664,GET,155477757537,155477757507
0,657920,GET,155477757646,155477757568
0,599553,GET,155477757765,155477757734
0,658176,GET,155477757880,155477757848
0,599809,GET,155477757943,155477757910
0,658432,GET,155477757999,155477757967
0,600065,GET,155477758061,155477758029
0,658688,GET,155477758117,155477758085
0,600321,GET,155477758237,155477758205
0,658944,GET,155477758402,155477758326
0,600577,GET,155477758458,155477758426
0,659200,GET,155477758633,155477758601
0,600833,GET,155477758746,155477758714
0,659456,GET,155477758801,155477758770
0,601089,GET,155477759032,155477759001
0,659712,GET,155477759089,155477759057
0,601345,GET,155477759209,155477759177
0,659968,GET,155477759333,155477759293
0,601601,GET,155477759389,155477759357
0,660224,GET,155477759445,155477759413
0,660480,GET,155477759565,155477759533
0,601857,GET,155477759685,155477759654
0,660736,GET,155477760719,155477760686
0,602113,GET,155477760840,155477760808
0,660992,GET,155477761076,155477761044
0,602369,GET,155477761307,155477761235
0,661248,GET,155477761477,155477761446
0,661504,GET,155477761540,155477761509
0,602625,GET,155477761604,155477761572
0,661760,GET,155477761777,155477761747
0,662016,GET,155477761949,155477761916
0,662272,GET,155477762180,155477762148
0,602881,GET,155477762359,155477762327
0,603137,GET,155477762431,155477762390
0,662528,GET,155477762488,155477762455
0,603393,GET,155477762543,155477762511
0,662784,GET,155477762598,155477762567
0,603649,GET,155477762895,155477762863
0,663040,GET,155477763014,155477762984
0,603905,GET,155477763071,155477763040
0,663296,GET,155477763185,155477763154
0,604161,GET,155477763246,155477763210
0,604417,GET,155477763309,155477763277
0,663552,GET,155477763544,155477763512
0,604673,GET,155477763658,155477763628
0,663808,GET,155477763714,155477763684
0,604929,GET,155477763834,155477763803
0,664064,GET,155477763952,155477763922
0,664320,GET,155477764070,155477764039
0,605185,GET,155477764193,155477764151
0,605441,GET,155477764304,155477764274
0,664576,GET,155477764422,155477764391
0,605697,GET,155477764486,155477764456
0,664832,GET,155477764548,155477764518
0,605953,GET,155477764605,155477764573
0,606209,GET,155477764660,155477764629
0,665088,GET,155477764716,155477764685
0,606465,GET,155477764963,155477764922
0,665344,GET,155477765025,155477764992
0,665600,GET,155477765080,155477765049
0,606721,GET,155477765203,155477765172
0,665856,GET,155477765259,155477765227
0,666112,GET,155477765428,155477765397
0,606977,GET,155477765490,155477765458
0,666368,GET,155477765546,155477765514
0,607233,GET,155477765666,155477765635
0,666624,GET,155477765784,155477765753
0,607489,GET,155477765846,155477765814
0,666880,GET,155477765908,155477765877
0,667136,GET,155477766022,155477765991
0,667392,GET,155477766141,155477766110
0,667648,GET,155477766202,155477766171
0,667904,GET,155477766265,155477766234
0,668160,GET,155477766416,155477766347
0,607745,GET,155477766479,155477766447
0,668416,GET,155477766594,155477766564
0,668672,GET,155477766829,155477766797
0,608001,GET,155477766890,155477766859
0,668928,GET,155477767014,155477766983
0,669184,GET,155477767244,155477767213
0,608257,GET,155477767426,155477767393
0,608513,GET,155477769056,155477769017
0,669440,GET,155477769117,155477769087
0,608769,GET,155477769173,155477769143
0,609025,GET,155477769349,155477769317
0,609281,GET,155477769410,155477769379
0,609537,GET,155477769466,155477769435
0,669696,GET,155477769529,155477769497
0,669952,GET,155477769649,155477769618
0,609793,GET,155477769920,155477769848
0,610049,GET,155477770034,155477770004
0,670208,GET,155477770091,155477770060
0,610305,GET,155477770324,155477770293
0,670464,GET,155477770439,155477770407
0,610561,GET,155477770557,155477770526
0,670720,GET,155477770613,155477770581
0,610817,GET,155477770675,155477770644
0,611073,GET,155477770787,155477770756
0,611329,GET,155477771024,155477770993
0,611585,GET,155477771197,155477771166
0,670976,GET,155477771261,155477771229
0,671232,GET,155477771372,155477771341
0,611841,GET,155477771546,155477771514
0,612097,GET,155477771608,155477771577
0,671488,GET,155477771786,155477771756
0,612353,GET,155477771857,155477771817
0,671744,GET,155477771914,155477771881
0,612609,GET,155477772083,155477772052
0,672000,GET,155477772204,155477772173
0,612865,GET,155477772260,155477772229
0,613121,GET,155477772431,155477772400
0,613377,GET,155477772550,155477772518
0,672256,GET,155477772605,155477772574
0,613633,GET,155477772677,155477772636
0,672512,GET,155477772793,155477772761
0,613889,GET,155477772904,155477772873
0,672768,GET,155477773024,155477772992
0,614145,GET,155477773079,155477773047
0,673024,GET,155477773142,155477773110
0,614401,GET,155477773203,155477773173
0,673280,GET,155477773437,155477773406
0,673536,GET,155477773590,155477773518
0,673792,GET,155477773646,155477773615
0,674048,GET,155477773708,155477773677
0,614657,GET,155477774171,155477774139
0,614913,GET,155477774233,155477774201
0,615169,GET,155477774526,155477774495
0,674304,GET,155477774588,155477774557
0,615425,GET,155477774709,155477774678
0,674560,GET,155477774859,155477774791
0,615681,GET,155477775036,155477775005
0,615937,GET,155477775098,155477775066
0,674816,GET,155477775274,155477775243
0,675072,GET,155477775746,155477775714
0,675328,GET,155477775859,155477775827
0,675584,GET,155477775980,155477775949
0,616193,GET,155477776158,155477776127
0,616449,GET,155477776313,155477776243
0,675840,GET,155477776368,155477776337
0,616705,GET,155477776431,155477776400
0,616961,GET,155477776493,155477776463
0,676096,GET,155477776674,155477776643
0,676352,GET,155477776736,155477776704
0,676608,GET,155477776793,155477776760
0,617217,GET,155477777053,155477777020
0,676864,GET,155477777273,155477777203
0,677120,GET,155477777458,155477777424
0,617473,GET,155477777643,155477777611
0,617729,GET,155477777708,155477777677
0,677376,GET,155477777767,155477777736
0,617985,GET,155477777834,155477777803
0,677632,GET,155477777901,155477777870
0,618241,GET,155477777966,155477777936
0,677888,GET,155477778138,155477778060
0,618497,GET,155477778444,155477778412
0,678144,GET,155477778511,155477778479
0,678400,GET,155477778569,155477778537
0,618753,GET,155477778635,155477778604
0,678656,GET,155477778702,155477778671
0,678912,GET,155477778824,155477778793
0,619009,GET,155477778997,155477778966
0,679168,GET,155477779054,155477779022
0,679424,GET,155477779175,155477779143
0,679680,GET,155477779238,155477779206
0,619265,GET,155477779293,155477779263
0,679936,GET,155477779356,155477779325
0,619521,GET,155477779412,155477779381
0,680192,GET,155477779469,155477779437
0,680448,GET,155477779822,155477779789
0,619777,GET,155477779978,155477779905
0,620033,GET,155477780033,155477780003
0,620289,GET,155477780089,155477780059
0,620545,GET,155477780204,155477780173
0,620801,GET,155477780267,155477780235
0,680704,GET,155477780324,155477780292
0,680960,GET,155477780438,155477780406
0,621057,GET,155477780501,155477780469
0,681216,GET,155477780600,155477780525
0,621313,GET,155477780662,155477780632
0,621569,GET,155477780785,155477780753
0,681472,GET,155477780898,155477780866
0,681728,GET,155477780953,155477780922
0,621825,GET,155477781017,155477780985
0,681984,GET,155477781079,155477781048
0,622081,GET,155477781135,155477781103
0,682240,GET,155477781263,155477781222
0,622337,GET,155477781324,155477781293
0,622593,GET,155477781381,155477781349
0,682496,GET,155477781553,155477781521
0,622849,GET,155477781615,155477781583
0,682752,GET,155477781671,155477781640
0,623105,GET,155477781787,155477781754
0,683008,GET,155477782940,155477782909
0,623361,GET,155477783012,155477782964
0,683264,GET,155477783069,155477783037
0,623617,GET,155477783183,155477783151
0,683520,GET,155477783371,155477783340
0,623873,GET,155477783426,155477783396
0,683776,GET,155477783483,155477783452
0,624129,GET,155477783546,155477783514
0,624385,GET,155477783664,155477783634
0,684032,GET,155477783881,155477783804
0,624641,GET,155477783936,155477783905
0,684288,GET,155477783993,155477783960
0,624897,GET,155477784110,155477784078
0,684544,GET,155477784457,155477784426
0,625153,GET,155477784513,155477784482
0,684800,GET,155477784635,155477784604
0,625409,GET,155477784697,155477784664
0,685056,GET,155477784767,155477784727
0,685312,GET,155477784831,155477784800
0,625665,GET,155477785011,155477784928
0,625921,GET,155477785132,155477785101
0,626177,GET,155477785252,155477785220
0,685568,GET,155477785370,155477785339
0,626433,GET,155477785426,155477785395
0,685824,GET,155477785604,155477785572
0,686080,GET,155477785669,155477785627
0,626689,GET,155477785790,155477785759
0,686336,GET,155477785853,155477785821
0,626945,GET,155477785973,155477785942
0,627201,GET,155477786317,155477786286
0,686592,GET,155477786380,155477786347
0,627457,GET,155477786442,155477786409
0,686848,GET,155477786553,155477786523
0,687104,GET,155477786809,155477786736
0,687360,GET,155477786865,155477786834
0,627713,GET,155477786922,155477786890
0,627969,GET,155477786983,155477786953
0,628225,GET,155477787103,155477787072
0,628481,GET,155477787166,155477787134
0,628737,GET,155477787222,155477787190
0,628993,GET,155477787335,155477787303
0,629249,GET,155477787606,155477787531
0,629505,GET,155477787720,155477787688
0,629761,GET,155477787775,155477787745
0,630017,GET,155477787893,155477787862
0,630273,GET,155477787955,155477787924
0,630529,GET,155477788010,155477787980
0,687616,GET,155477788186,155477788153
0,630785,GET,155477788242,155477788210
0,687872,GET,155477788319,155477788266
0,631041,GET,155477788382,155477788351
0,631297,GET,155477788437,155477788405
0,631553,GET,155477788493,155477788462
0,688128,GET,155477788670,155477788639
0,631809,GET,155477788727,155477788695
0,688384,GET,155477788845,155477788814
0,632065,GET,155477788908,155477788876
0,688640,GET,155477789039,155477788997
0,688896,GET,155477789100,155477789068
0,632321,GET,155477789156,155477789124
0,689152,GET,155477789218,155477789186
0,632577,GET,155477789453,155477789422
0,632833,GET,155477789516,155477789485
0,633089,GET,155477789790,155477789759
0,689408,GET,155477789857,155477789826
0,633345,GET,155477789957,155477789884
0,689664,GET,155477790024,155477789992
0,689920,GET,155477790082,155477790051
0,690176,GET,155477790267,155477790235
0,690432,GET,155477790450,155477790418
0,633601,GET,155477790506,155477790473
0,690688,GET,155477790561,155477790530
0,633857,GET,155477790676,155477790644
0,634113,GET,155477790731,155477790700
0,690944,GET,155477790855,155477790823
0,634369,GET,155477790910,155477790879
0,691200,GET,155477790965,155477790935
0,691456,GET,155477791138,155477791106
0,691712,GET,155477791317,155477791287
0,634625,GET,155477791440,155477791408
0,691968,GET,155477791558,155477791528
0,692224,GET,155477791690,155477791649
0,634881,GET,155477791868,155477791836
0,692480,GET,155477792283,155477792251
0,635137,GET,155477792345,155477792313
0,635393,GET,155477792400,155477792370
0,692736,GET,155477792513,155477792481
0,635649,GET,155477792690,155477792660
0,692992,GET,155477792746,155477792716
0,693248,GET,155477794030,155477793992
0,635905,GET,155477794093,155477794062
0,636161,GET,155477794155,155477794124
0,636417,GET,155477794217,155477794186
0,636673,GET,155477794335,155477794304
0,693504,GET,155477794490,155477794423
0,693760,GET,155477794984,155477794985
0,637441,GET,155477795141,155477795037
0,637697,GET,155477795419,155477795385
0,694528,GET,155477795864,155477795759
0,638209,GET,155477796561,155477796474
0,695808,GET,155477796725,155477796649
0,638721,GET,155477797384,155477797278
0,696320,GET,155477797548,155477797446
0,638977,GET,155477797669,155477797600
0,639233,GET,155477797962,155477797875
0,639489,GET,155477798650,155477798541
0,696832,GET,155477798771,155477798764
0,697088,GET,155477798922,155477798823
0,640001,GET,155477800054,155477800045
0,640257,GET,155477800201,155477800106
0,640513,GET,155477800316,155477800306
0,698624,GET,155477800658,155477800546
0,641025,GET,155477800828,155477800792
0,698880,GET,155477800942,155477800912
0,641281,GET,155477801005,155477800973
0,699136,GET,155477801061,155477801028
0,641537,GET,155477801179,155477801148
0,642049,GET,155477804410,155477804300
0,642305,GET,155477804474,155477804441
0,642561,GET,155477804536,155477804505
0,642817,GET,155477804599,155477804568
0,643073,GET,155477804721,155477804689
0,643329,GET,155477804868,155477804803
0,643585,GET,155477805018,155477804986
0,644097,GET,155477805552,155477805475
0,699904,GET,155477805828,155477805727
0,700160,GET,155477805949,155477805890
0,700416,GET,155477806237,155477806206
0,644865,GET,155477806394,155477806294
0,700672,GET,155477806734,155477806616
0,700928,GET,155477807182,155477807109
0,701440,GET,155477807776,155477807702
0,646145,GET,155477807933,155477807828
0,646401,GET,155477808059,155477807985
0,646657,GET,155477808203,155477808111
0,702464,GET,155477808641,155477808556
0,647425,GET,155477808795,155477808694
0,647681,GET,155477808884,155477808857
0,702976,GET,155477809045,155477808944
0,648193,GET,155477809210,155477809097
0,648449,GET,155477809371,155477809362
0,703488,GET,155477809763,155477809658
0,704256,GET,155477810479,155477810410
0,704768,GET,155477811076,155477810997
0,705280,GET,155477811320,155477811311
0,706304,GET,155477811654,155477811548
0,706560,GET,155477811738,155477811706
0,706816,GET,155477812014,155477811959
0,707072,GET,155477812136,155477812078
0,707328,GET,155477812224,155477812192
0,650241,GET,155477812382,155477812313
0,708096,GET,155477812537,155477812434
0,708352,GET,155477812698,155477812589
0,650753,GET,155477812858,155477812749
0,708864,GET,155477813228,155477813130
0,651265,GET,155477813313,155477813283
0,651777,GET,155477813746,155477813672
0,652033,GET,155477813904,155477813832
0,652289,GET,155477814059,155477813992
0,710144,GET,155477814216,155477814110
0,652801,GET,155477814303,155477814279
0,653057,GET,155477814467,155477814429
0,711168,GET,155477814838,155477814737
0,711424,GET,155477815668,155477815565
0,654337,GET,155477815943,155477815905
0,654593,GET,155477816328,155477816249
0,654849,GET,155477816615,155477816515
0,655361,GET,155477817074,155477817001
0,655617,GET,155477817403,155477817331
0,655873,GET,155477817553,155477817490
0,713984,GET,155477818175,155477818073
0,715520,GET,155477819459,155477819348
0,657153,GET,155477819574,155477819511
0,715776,GET,155477819866,155477819807
0,716288,GET,155477820338,155477820264
0,657665,GET,155477820804,155477820699
0,716800,GET,155477820919,155477820856
0,657921,GET,155477821009,155477820969
0,717312,GET,155477821177,155477821061
0,658433,GET,155477821345,155477821229
0,717568,GET,155477821814,155477821749
0,717824,GET,155477822282,155477822209
0,659457,GET,155477822610,155477822506
0,718336,GET,155477822693,155477822662
0,659969,GET,155477823379,155477823297
0,660481,GET,155477823537,155477823465
0,718848,GET,155477823687,155477823588
0,660993,GET,155477823941,155477823901
0,661249,GET,155477824091,155477823993
0,719616,GET,155477824206,155477824143
0,661505,GET,155477824348,155477824258
0,661761,GET,155477824498,155477824399
0,720128,GET,155477824582,155477824550
0,662273,GET,155477824868,155477824786
0,663041,GET,155477825107,155477825102
0,663553,GET,155477825929,155477825853
0,663809,GET,155477826170,155477826067
0,664065,GET,155477826253,155477826222
0,721664,GET,155477826594,155477826536
0,664321,GET,155477826848,155477826789
0,664577,GET,155477827004,155477826905
0,721920,GET,155477827334,155477827234
0,722176,GET,155477827906,155477827798
0,665345,GET,155477828087,155477827971
0,665601,GET,155477828543,155477828477
0,665857,GET,155477828703,155477828594
0,723200,GET,155477829222,155477829165
0,666113,GET,155477829282,155477829247
0,666369,GET,155477829796,155477829693
0,723712,GET,155477829911,155477829848
0,723968,GET,155477830446,155477830366
0,724224,GET,155477830606,155477830534
0,724736,GET,155477830880,155477830774
0,724992,GET,155477831558,155477831493
0,725248,GET,155477831852,155477831744
0,667905,GET,155477832022,155477831904
0,725760,GET,155477832141,155477832073
0,726272,GET,155477832576,155477832527
0,668161,GET,155477832913,155477832810
0,668417,GET,155477833155,155477833097
0,726784,GET,155477833257,155477833186
0,668673,GET,155477833352,155477833312
0,668929,GET,155477833514,155477833403
0,669185,GET,155477833807,155477833695
0,669697,GET,155477834251,155477834146
0,727808,GET,155477834375,155477834316
0,669953,GET,155477834463,155477834399
0,728064,GET,155477834568,155477834537
0,728576,GET,155477834915,155477834793
0,728832,GET,155477834998,155477834967
0,729088,GET,155477835477,155477835376
0,670977,GET,155477835841,155477835842
0,671233,GET,155477836000,155477835893
0,671489,GET,155477836116,155477836052
0,671745,GET,155477836200,155477836146
0,729856,GET,155477836385,155477836273
0,672257,GET,155477836502,155477836476
0,672769,GET,155477836660,155477836562
0,674049,GET,155477837490,155477837415
0,675073,GET,155477838444,155477838371
0,675585,GET,155477838779,155477838708
0,676097,GET,155477838935,155477838871
0,730112,GET,155477839216,155477839115
0,730368,GET,155477839711,155477839700
0,730624,GET,155477840408,155477840308
0,731136,GET,155477840574,155477840463
0,731392,GET,155477841085,155477840985
0,678401,GET,155477841171,155477841140
0,731648,GET,155477841453,155477841395
0,731904,GET,155477841574,155477841516
0,732416,GET,155477841912,155477841811
0,678913,GET,155477841995,155477841963
0,679169,GET,155477842274,155477842176
0,732928,GET,155477842389,155477842326
0,733184,GET,155477842657,155477842599
0,733440,GET,155477842915,155477842882
0,733952,GET,155477843069,155477843036
0,734208,GET,155477843334,155477843232
0,734464,GET,155477843675,155477843555
0,734720,GET,155477844692,155477844630
0,680449,GET,155477844851,155477844745
0,680961,GET,155477845326,155477845223
0,735232,GET,155477845408,155477845377
0,681217,GET,155477845573,155477845460
0,681473,GET,155477845727,155477845625
0,735744,GET,155477845855,155477845827
0,736000,GET,155477846196,155477846189
0,736256,GET,155477846591,155477846490
0,736512,GET,155477846716,155477846700
0,738048,GET,155477847976,155477847891
0,738304,GET,155477848134,155477848062
0,684545,GET,155477848961,155477848856
0,738816,GET,155477849045,155477849013
0,739072,GET,155477849208,155477849098
0,685313,GET,155477849625,155477849525
0,739584,GET,155477850249,155477850218
0,739840,GET,155477850458,155477850388
0,740096,GET,155477850635,155477850604
0,685569,GET,155477850691,155477850660
0,740352,GET,155477850835,155477850804
0,740608,GET,155477850897,155477850865
0,740864,GET,155477850953,155477850921
0,741120,GET,155477851044,155477851020
0,741632,GET,155477851212,155477851191
0,742144,GET,155477851424,155477851324
0,742400,GET,155477851547,155477851525
0,742912,GET,155477851710,155477851611
0,743936,GET,155477852168,155477852064
0,744192,GET,155477852292,155477852268
0,744960,GET,155477852794,155477852697
0,745472,GET,155477853352,155477853256
0,745728,GET,155477853504,155477853403
0,745984,GET,155477853799,155477853771
0,746496,GET,155477854177,155477854076
0,746752,GET,155477854264,155477854233
0,747264,GET,155477854560,155477854447
0,747776,GET,155477854925,155477854817
0,748032,GET,155477855009,155477854977
0,748288,GET,155477855274,155477855210
0,748544,GET,155477855368,155477855327
0,749056,GET,155477855713,155477855711
0,749824,GET,155477856002,155477855995
0,750336,GET,155477856215,155477856111
0,750848,GET,155477856766,155477856658
0,751616,GET,155477857451,155477857344
0,751872,GET,155477857774,155477857685
0,752128,GET,155477857900,155477857827
0,752384,GET,155477857988,155477857925
0,752896,GET,155477858171,155477858061
0,753152,GET,155477858291,155477858222
0,753408,GET,155477858560,155477858503
0,753664,GET,155477858663,155477858634
0,754176,GET,155477858826,155477858721
0,754432,GET,155477858946,155477858878
0,754688,GET,155477859091,155477858998
0,755200,GET,155477859242,155477859143
0,755456,GET,155477859352,155477859294
0,755968,GET,155477859604,155477859573
0,756480,GET,155477859755,155477859726
0,757760,GET,155477860579,155477860506
0,758528,GET,155477861286,155477861214
0,759552,GET,155477861861,155477861759
0,760064,GET,155477862248,155477862148
0,760576,GET,155477862522,155477862490
0,761088,GET,155477862677,155477862576
0,761856,GET,155477863279,155477863177
0,762112,GET,155477863435,155477863332
0,762624,GET,155477863775,155477863658
0,763392,GET,155477864137,155477864030
0,763648,GET,155477864258,155477864200
0,763904,GET,155477864355,155477864314
0,765184,GET,155477864734,155477864621
0,765440,GET,155477865015,155477864958
0,766208,GET,155477865758,155477865654
0,766464,GET,155477865872,155477865810
0,766976,GET,155477866307,155477866265
0,768512,GET,155477867204,155477867106
0,768768,GET,155477867290,155477867260
0,769280,GET,155477867797,155477867700
0,769536,GET,155477867912,155477867849
0,769792,GET,155477868007,155477867943
0,770304,GET,155477868294,155477868194
0,775168,GET,155477869870,155477869798
0,775680,GET,155477870032,155477869922
0,775936,GET,155477870250,155477870218
0,776192,GET,155477870345,155477870281
0,776960,GET,155477870732,155477870736
0,777472,GET,155477871087,155477870977
0,777984,GET,155477871253,155477871138
0,778240,GET,155477871368,155477871342
0,778752,GET,155477871530,155477871464
0,779776,GET,155477872035,155477872032
0,780288,GET,155477872186,155477872088
0,780544,GET,155477872305,155477872238
0,781056,GET,155477872466,155477872357
0,781568,GET,155477873190,155477873115
0,782080,GET,155477873346,155477873241
0,782336,GET,155477873437,155477873406
0,783360,GET,155477874830,155477874755
0,783872,GET,155477874999,155477874920
0,784384,GET,155477875166,155477875055
0,784640,GET,155477875349,155477875278
0,785152,GET,155477875513,155477875404
0,785664,GET,155477877750,155477875568
0,786944,GET,155477880203,155477880085
0,787456,GET,155477880509,155477880400
0,787712,GET,155477880637,155477880566
0,787968,GET,155477880734,155477880665
0,788480,GET,155477880941,155477880813
0,788992,GET,155477881259,155477881177
0,789504,GET,155477881429,155477881355
0,790016,GET,155477881601,155477881485
0,790528,GET,155477882248,155477882138
0,791040,GET,155477882429,155477882421
0,791808,GET,155477883033,155477883033
0,792320,GET,155477883201,155477883092
0,792576,GET,155477883329,155477883259
0,792832,GET,155477883473,155477883462
0,793600,GET,155477884036,155477883961
0,794112,GET,155477884207,155477884093
0,794624,GET,155477884526,155477884420
0,794880,GET,155477884711,155477884641
0,795392,GET,155477884890,155477884770
0,795648,GET,155477885020,155477884947
0,795904,GET,155477885317,155477885255
0,796160,GET,155477885596,155477885532
0,796416,GET,155477885721,155477885696
0,796928,GET,155477885905,155477885792
0,797696,GET,155477886216,155477886104
0,797952,GET,155477886308,155477886274
0,798720,GET,155477886961,155477886957
0,799232,GET,155477887136,155477887082
0,800512,GET,155477888161,155477888078
0,801024,GET,155477888485,155477888395
0,801536,GET,155477889005,155477888990
0,802048,GET,155477889172,155477889159
0,802816,GET,155477889482,155477889369
0,803072,GET,155477889616,155477889617
0,803584,GET,155477889784,155477889781
0,804096,GET,155477889949,155477889947
0,804608,GET,155477890112,155477890111
0,804864,GET,155477890723,155477890653
0,805120,GET,155477890960,155477890875
0,805376,GET,155477891020,155477890986
0,805632,GET,155477891247,155477891214
0,805888,GET,155477891309,155477891275
0,806144,GET,155477891377,155477891343
0,806400,GET,155477891568,155477891535
0,806656,GET,155477891762,155477891728
0,806912,GET,155477891824,155477891789
0,807168,GET,155477892056,155477891974
0,807424,GET,155477892117,155477892082
0,807680,GET,155477892186,155477892151
0,807936,GET,155477892247,155477892212
0,808192,GET,155477892308,155477892274
0,808448,GET,155477892369,155477892334
0,808704,GET,155477892502,155477892466
0,808960,GET,155477892665,155477892631
0,809216,GET,155477892763,155477892692
0,809472,GET,155477892825,155477892791
0,809728,GET,155477893014,155477892979
0,809984,GET,155477893146,155477893110
0,810240,GET,155477893276,155477893242
0,810496,GET,155477893471,155477893437
0,810752,GET,155477893532,155477893498
0,811008,GET,155477893657,155477893622
0,811264,GET,155477893768,155477893691
0,811520,GET,155477893829,155477893795
0,811776,GET,155477893889,155477893855
0,812032,GET,155477894053,155477894018
0,812288,GET,155477894114,155477894080
0,812544,GET,155477894175,155477894141
0,812800,GET,155477896145,155477896110
0,813056,GET,155477896207,155477896172
0,813312,GET,155477896385,155477896305
0,813568,GET,155477896445,155477896412
0,813824,GET,155477896578,155477896543
0,814080,GET,155477896750,155477896715
0,814336,GET,155477896880,155477896846
0,814592,GET,155477897003,155477896969
0,814848,GET,155477897070,155477897037
0,815104,GET,155477897131,155477897097
0,815360,GET,155477897438,155477897358
0,815616,GET,155477897562,155477897526
0,815872,GET,155477897691,155477897657
0,816128,GET,155477897915,155477897882
0,816384,GET,155477898174,155477898139
0,816640,GET,155477898242,155477898207
0,816896,GET,155477898311,155477898276
0,817152,GET,155477898373,155477898337
0,817408,GET,155477898552,155477898471
0,817664,GET,155477898682,155477898648
0,817920,GET,155477898750,155477898716
0,818176,GET,155477898883,155477898848
0,818432,GET,155477899487,155477899453
0,818688,GET,155477899649,155477899615
0,818944,GET,155477899717,155477899682
0,819200,GET,155477899779,155477899745
0,819456,GET,155477899888,155477899807
0,819712,GET,155477900013,155477899979
0,819968,GET,155477900075,155477900040
0,820224,GET,155477900334,155477900299
0,820480,GET,155477900403,155477900367
0,820736,GET,155477900526,155477900491
0,820992,GET,155477900648,155477900615
0,821248,GET,155477900873,155477900839
0,821504,GET,155477900980,155477900900
0,821760,GET,155477901049,155477901014
0,822016,GET,155477901110,155477901076
0,822272,GET,155477901298,155477901264
0,822528,GET,155477901360,155477901326
0,822784,GET,155477901677,155477901642
0,823040,GET,155477901746,155477901711
0,823296,GET,155477901814,155477901778
0,823552,GET,155477901994,155477901912
0,823808,GET,155477902061,155477902027
0,824064,GET,155477902130,155477902095
0,824320,GET,155477902191,155477902157
0,824576,GET,155477902360,155477902325
0,824832,GET,155477902421,155477902387
0,825088,GET,155477902617,155477902581
0,825344,GET,155477902746,155477902711
0,825600,GET,155477902918,155477902835
0,825856,GET,155477902985,155477902951
0,826112,GET,155477903046,155477903012
0,826368,GET,155477903303,155477903269
0,826624,GET,155477903530,155477903496
0,826880,GET,155477903591,155477903557
0,827136,GET,155477903776,155477903741
0,827392,GET,155477903837,155477903803
0,827648,GET,155477903949,155477903870
0,827904,GET,155477904011,155477903977
0,828160,GET,155477904136,155477904103
0,828416,GET,155477904259,155477904225
0,828672,GET,155477904384,155477904349
0,828928,GET,155477904452,155477904418
0,829184,GET,155477904514,155477904480
0,829440,GET,155477904581,155477904547
0,829696,GET,155477904689,155477904614
0,829952,GET,155477904758,155477904723
0,830208,GET,155477904987,155477904953
0,830464,GET,155477905048,155477905014
0,830720,GET,155477905174,155477905139
0,830976,GET,155477905235,155477905200
0,831232,GET,155477905295,155477905262
0,831488,GET,155477905357,155477905323
0,831744,GET,155477905527,155477905445
0,832000,GET,155477905587,155477905553
0,832256,GET,155477905780,155477905746
0,832512,GET,155477906131,155477906095
0,832768,GET,155477906198,155477906164
0,833024,GET,155477906383,155477906348
0,835840,GET,155477908558,155477908541
0,836352,GET,155477908726,155477908614
0,836864,GET,155477909098,155477908971
0,837376,GET,155477909599,155477909522
0,837888,GET,155477909968,155477909855
0,838400,GET,155477910149,155477910027
0,838912,GET,155477910460,155477910349
0,839168,GET,155477910851,155477910788
0,839424,GET,155477910963,155477910935
0,839936,GET,155477911145,155477911102
0,840448,GET,155477911314,155477911272
0,840960,GET,155477911482,155477911372
0,841216,GET,155477911577,155477911540
0,841472,GET,155477911719,155477911687
0,841984,GET,155477911899,155477911785
0,842496,GET,155477912392,155477912302
0,843008,GET,155477912561,155477912449
0,843264,GET,155477912716,155477912640
0,844032,GET,155477913142,155477913056
0,844544,GET,155477913315,155477913240
0,845312,GET,155477913584,155477913576
0,845824,GET,155477913748,155477913641
0,846080,GET,155477913885,155477913882
0,846592,GET,155477914054,155477913943
0,846848,GET,155477914579,155477914517
0,847360,GET,155477915389,155477915317
0,848384,GET,155477916012,155477915909
0,848896,GET,155477916182,155477916105
0,849408,GET,155477916360,155477916241
0,849920,GET,155477916647,155477916536
0,850176,GET,155477916820,155477916704
0,850944,GET,155477917179,155477917070
0,851456,GET,155477917585,155477917474
0,851968,GET,155477917963,155477917835
0,852224,GET,155477918241,155477918166
0,852480,GET,155477918333,155477918298
0,852992,GET,155477918504,155477918390
0,853248,GET,155477918596,155477918562
0,853504,GET,155477918860,155477918825
0,853760,GET,155477918921,155477918887
0,854016,GET,155477918983,155477918947
0,854272,GET,155477919388,155477919306
0,854528,GET,155477919457,155477919422
0,854784,GET,155477919770,155477919736
0,855040,GET,155477920003,155477919970
0,855296,GET,155477920065,155477920030
0,855552,GET,155477920132,155477920097
0,855808,GET,155477920225,155477920198
0,856320,GET,155477920408,155477920373
0,856832,GET,155477920574,155477920465
0,857088,GET,155477920705,155477920631
0,857600,GET,155477920891,155477920765
0,858112,GET,155477921199,155477921090
0,859136,GET,155477921984,155477921868
0,859392,GET,155477922116,155477922092
0,859904,GET,155477922537,155477922457
0,861952,GET,155477923906,155477923782
0,862464,GET,155477924094,155477923968
0,862720,GET,155477924415,155477924351
0,863232,GET,155477925117,155477925040
0,863744,GET,155477925287,155477925213
0,864256,GET,155477925458,155477925383
0,864768,GET,155477926088,155477926072
0,865280,GET,155477926453,155477926370
0,866304,GET,155477926962,155477926855
0,866560,GET,155477927142,155477927078
0,867840,GET,155477928473,155477928460
0,868352,GET,155477928639,155477928628
0,868864,GET,155477928813,155477928695
0,869120,GET,155477928940,155477928870
0,869632,GET,155477929126,155477928999
0,870144,GET,155477929307,155477929184
0,870656,GET,155477929671,155477929555
0,871168,GET,155477929974,155477929863
0,871680,GET,155477930295,155477930249
0,872192,GET,155477930459,155477930352
0,873216,GET,155477931382,155477931266
0,873472,GET,155477931751,155477931686
0,873728,GET,155477931818,155477931783
0,874240,GET,155477931998,155477931874
0,874752,GET,155477932162,155477932055
0,685825,GET,155477932352,155477932224
0,686081,GET,155477933006,155477932943
0,875520,GET,155477933325,155477933245
0,875776,GET,155477933891,155477933780
0,876032,GET,155477934303,155477934189
0,876288,GET,155477934412,155477934376
0,876544,GET,155477934781,155477934658
0,877056,GET,155477935152,155477935028
0,687105,GET,155477935242,155477935207
0,687361,GET,155477935560,155477935490
0,687873,GET,155477935926,155477935819
0,688385,GET,155477936588,155477936480
0,877824,GET,155477936756,155477936646
0,878080,GET,155477937130,155477937004
0,689153,GET,155477937902,155477937792
0,689409,GET,155477937999,155477937964
0,689921,GET,155477938181,155477938057
0,878848,GET,155477938363,155477938239
0,690177,GET,155477938491,155477938421
0,882944,GET,155477942179,155477942094
0,883456,GET,155477942699,155477942580
0,883712,GET,155477943013,155477942973
0,883968,GET,155477943592,155477943474
0,692737,GET,155477943787,155477943667
0,884224,GET,155477944374,155477944304
0,884736,GET,155477944888,155477944822
0,693249,GET,155477945206,155477945087
0,885504,GET,155477945528,155477945418
0,693505,GET,155477945659,155477945626
0,694017,GET,155477945836,155477945725
0,885760,GET,155477946166,155477946129
0,694273,GET,155477946339,155477946300
0,886272,GET,155477946744,155477946661
0,695041,GET,155477946919,155477946802
0,886528,GET,155477947061,155477947052
0,695297,GET,155477947229,155477947222
0,887296,GET,155477947396,155477947286
0,695553,GET,155477948001,155477947888
0,695809,GET,155477948304,155477948227
0,888064,GET,155477948484,155477948362
0,888320,GET,155477948614,155477948541
0,888832,GET,155477948749,155477948642
0,696321,GET,155477949735,155477949704
0,696577,GET,155477949903,155477949871
0,697089,GET,155477950071,155477949960
0,889344,GET,155477950600,155477950561
0,697601,GET,155477950778,155477950662
0,889856,GET,155477951218,155477951106
0,698113,GET,155477951558,155477951473
0,890112,GET,155477951688,155477951615
0,698369,GET,155477951999,155477951882
0,890624,GET,155477952180,155477952069
0,890880,GET,155477952526,155477952443
0,891136,GET,155477953116,155477953078
0,891392,GET,155477953530,155477953410
0,699137,GET,155477953724,155477953596
0,891648,GET,155477953851,155477953782
0,891904,GET,155477954017,155477953970
0,892160,GET,155477954181,155477954136
0,699649,GET,155477954346,155477954301
0,892672,GET,155477954513,155477954467
0,700161,GET,155477955191,155477955068
0,893696,GET,155477955524,155477955439
0,893952,GET,155477955872,155477955794
0,894208,GET,155477956053,155477955929
0,700929,GET,155477956427,155477956302
0,701185,GET,155477956758,155477956674
0,701441,GET,155477956888,155477956816
0,701953,GET,155477957280,155477957141
0,702209,GET,155477957408,155477957338
0,702721,GET,155477958123,155477958005
0,703233,GET,155477958317,155477958198
0,703745,GET,155477958584,155477958473
0,894720,GET,155477958917,155477958879
0,704257,GET,155477959742,155477959625
0,895488,GET,155477959876,155477959844
0,705281,GET,155477960553,155477960466
0,705537,GET,155477960720,155477960646
0,705793,GET,155477961044,155477960927
0,706305,GET,155477964376,155477964248
0,896768,GET,155477964640,155477964604
0,706561,GET,155477964749,155477964668
0,706817,GET,155477964820,155477964784
0,897024,GET,155477964881,155477964847
0,707073,GET,155477964942,155477964907
0,897280,GET,155477965004,155477964969
0,707329,GET,155477965066,155477965031
0,897536,GET,155477965264,155477965228
0,707585,GET,155477965333,155477965298
0,897792,GET,155477965437,155477965360
0,708353,GET,155477967265,155477967150
0,708609,GET,155477967357,155477967322
0,898560,GET,155477967717,155477967606
0,898816,GET,155477967856,155477967852
0,899072,GET,155477968022,155477967913
0,709121,GET,155477968148,155477968078
0,899584,GET,155477968538,155477968411
0,709377,GET,155477968837,155477968755
0,709889,GET,155477969021,155477968894
0,900352,GET,155477969328,155477969264
0,710145,GET,155477969460,155477969435
0,900608,GET,155477969645,155477969604
0,710913,GET,155477969812,155477969775
0,901120,GET,155477970221,155477970110
0,711169,GET,155477970321,155477970283
0,901376,GET,155477970412,155477970378
0,711681,GET,155477971670,155477971559
0,901632,GET,155477971799,155477971768
0,711937,GET,155477971984,155477971864
0,712449,GET,155477972283,155477972206
0,902400,GET,155477972447,155477972378
0,712961,GET,155477972612,155477972542
0,902912,GET,155477973260,155477973142
0,713729,GET,155477973396,155477973370
0,903168,GET,155477973575,155477973466
0,903680,GET,155477973978,155477973892
0,903936,GET,155477974147,155477974035
0,904192,GET,155477974596,155477974525
0,904704,GET,155477975258,155477975147
0,715265,GET,155477975658,155477975630
0,715777,GET,155477975834,155477975724
0,905216,GET,155477976348,155477976237
0,905472,GET,155477976975,155477976869
0,716801,GET,155477977141,155477977031
0,717569,GET,155477978020,155477977906
0,717825,GET,155477978806,155477978748
0,906496,GET,155477979132,155477979123
0,718337,GET,155477979708,155477979593
0,718849,GET,155477980194,155477980071
0,719105,GET,155477980286,155477980251
0,906752,GET,155477981243,155477981129
0,907008,GET,155477981632,155477981503
0,907264,GET,155477981723,155477981689
0,719617,GET,155477982008,155477981899
0,907776,GET,155477982135,155477982104
0,720129,GET,155477982558,155477982478
0,720641,GET,155477982734,155477982615
0,908032,GET,155477983046,155477982933
0,908288,GET,155477983113,155477983079
0,908544,GET,155477983237,155477983202
0,721153,GET,155477983424,155477983389
0,908800,GET,155477983655,155477983576
0,909056,GET,155477984127,155477984050
0,909568,GET,155477984730,155477984640
0,909824,GET,155477984899,155477984826
0,721921,GET,155477985066,155477984995
0,722433,GET,155477986014,155477985927
0,911360,GET,155477986381,155477986304
0,723201,GET,155477986886,155477986761
0,723457,GET,155477987015,155477986951
0,912384,GET,155477987117,155477987078
0,723713,GET,155477987498,155477987384
0,723969,GET,155477987591,155477987556
0,724481,GET,155477987954,155477987957
0,724993,GET,155477988471,155477988465
0,913408,GET,155477988640,155477988529
0,725249,GET,155477988767,155477988735
0,725505,GET,155477988936,155477988901
0,913920,GET,155477989101,155477989068
0,726273,GET,155477989262,155477989233
0,726529,GET,155477989728,155477989652
0,914688,GET,155477989906,155477989784
0,727041,GET,155477990222,155477990160
0,914944,GET,155477990355,155477990292
0,915200,GET,155477990631,155477990547
0,915712,GET,155477991150,155477991040
0,915968,GET,155477991243,155477991200
0,728065,GET,155477991552,155477991489
0,728321,GET,155477991722,155477991617
0,916480,GET,155477992402,155477992325
0,728833,GET,155477992728,155477992646
0,729601,GET,155477993028,155477992917
0,729857,GET,155477993861,155477993785
0,916992,GET,155477994038,155477993956
0,730369,GET,155477994497,155477994406
0,731137,GET,155477994868,155477994745
0,731649,GET,155477995247,155477995118
0,731905,GET,155477995374,155477995304
0,732417,GET,155477995518,155477995504
0,917760,GET,155477995813,155477995803
0,918272,GET,155477996331,155477996320
0,733441,GET,155477996498,155477996486
0,920832,GET,155477998311,155477998294
0,921600,GET,155477999014,155477999007
0,922368,GET,155477999331,155477999320
0,922880,GET,155477999501,155477999388
0,734465,GET,155477999808,155477999764
0,923648,GET,155478000074,155477999966
0,924160,GET,155478000924,155478000906
0,924416,GET,155478001092,155478001074
0,924928,GET,155478001664,155478001583
0,736001,GET,155478001839,155478001721
0,736513,GET,155478002033,155478001896
0,925184,GET,155478002167,155478002090
0,737281,GET,155478002656,155478002543
0,925696,GET,155478003396,155478003287
0,738305,GET,155478003986,155478003974
0,738561,GET,155478004153,155478004043
0,738817,GET,155478004284,155478004251
0,926720,GET,155478004837,155478004724
0,926976,GET,155478004976,155478004950
0,927232,GET,155478005156,155478005046
0,927488,GET,155478005285,155478005272
0,927744,GET,155478005861,155478005782
0,740097,GET,155478006036,155478005919
0,740353,GET,155478006231,155478006102
0,928512,GET,155478006606,155478006492
0,928768,GET,155478007127,155478007063
0,929024,GET,155478007320,155478007195
0,741121,GET,155478007640,155478007533
0,741377,GET,155478007767,155478007737
0,741889,GET,155478007948,155478007832
0,742913,GET,155478009829,155478009748
0,743681,GET,155478010103,155478009983
0,929792,GET,155478010697,155478010585
0,930048,GET,155478010832,155478010808
0,930304,GET,155478011013,155478010902
0,744449,GET,155478011191,155478011069
0,930816,GET,155478011370,155478011249
0,744961,GET,155478011506,155478011435
0,931072,GET,155478011603,155478011565
0,931328,GET,155478011774,155478011664
0,931840,GET,155478011956,155478011832
0,932096,GET,155478012139,155478012020
0,745729,GET,155478012283,155478012213
0,932608,GET,155478012481,155478012355
0,745985,GET,155478012613,155478012538
0,746241,GET,155478012714,155478012643
0,932864,GET,155478012859,155478012785
0,746497,GET,155478012987,155478012917
0,933120,GET,155478013129,155478013021
0,933632,GET,155478013297,155478013265
0,933888,GET,155478013910,155478013799
0,747521,GET,155478014484,155478014374
0,934656,GET,155478015003,155478014891
0,748033,GET,155478015095,155478015060
0,748289,GET,155478015220,155478015194
0,935168,GET,155478015403,155478015292
0,935424,GET,155478016110,155478016060
0,935680,GET,155478016279,155478016167
0,935936,GET,155478017007,155478016943
0,936192,GET,155478017497,155478017388
0,749313,GET,155478017633,155478017570
0,749569,GET,155478017913,155478017801
0,749825,GET,155478018041,155478018010
0,940288,GET,155478022812,155478022692
0,755201,GET,155478022978,155478022974
0,755713,GET,155478023143,155478023140
0,756225,GET,155478023648,155478023573
0,941056,GET,155478023823,155478023747
0,941312,GET,155478023996,155478023879
0,941568,GET,155478024135,155478024071
0,756993,GET,155478024231,155478024206
0,941824,GET,155478024849,155478024773
0,758273,GET,155478025157,155478025040
0,758785,GET,155478025922,155478025907
0,943104,GET,155478026164,155478026043
0,943360,GET,155478026531,155478026420
0,759297,GET,155478026658,155478026629
0,943872,GET,155478027318,155478027214
0,944128,GET,155478027449,155478027413
0,760577,GET,155478029446,155478029358
0,945664,GET,155478029619,155478029504
0,760833,GET,155478029759,155478029733
0,761089,GET,155478029940,155478029831
0,761345,GET,155478030120,155478029998
0,761601,GET,155478030309,155478030178
0,762113,GET,155478030741,155478030623
0,762369,GET,155478030833,155478030799
0,762625,GET,155478031138,155478031027
0,763393,GET,155478031718,155478031607
0,947200,GET,155478031847,155478031817
0,947456,GET,155478032462,155478032385
0,763905,GET,155478032635,155478032520
0,947968,GET,155478032778,155478032703
0,764417,GET,155478033183,155478033166
0,948480,GET,155478033350,155478033240
0,948736,GET,155478033663,155478033555
0,764929,GET,155478033790,155478033721
0,765441,GET,155478034267,155478034155
0,949248,GET,155478034455,155478034330
0,765953,GET,155478034637,155478034513
0,949504,GET,155478034770,155478034741
0,766465,GET,155478034953,155478034909
0,766977,GET,155478035374,155478035317
0,767233,GET,155478035933,155478035920
0,950016,GET,155478036100,155478036089
0,768001,GET,155478036263,155478036157
0,768257,GET,155478036628,155478036507
0,950784,GET,155478037260,155478037171
0,951296,GET,155478037428,155478037318
0,951552,GET,155478037568,155478037560
0,951808,GET,155478037735,155478037625
0,952064,GET,155478038042,155478038009
0,769537,GET,155478038432,155478038319
0,952832,GET,155478038780,155478038716
0,769793,GET,155478038905,155478038842
0,770305,GET,155478039399,155478039282
0,953856,GET,155478040808,155478040698
0,954368,GET,155478041125,155478041036
0,955136,GET,155478041626,155478041542
0,955648,GET,155478041798,155478041724
0,956160,GET,155478042134,155478042113
0,956672,GET,155478042304,155478042277
0,957184,GET,155478042473,155478042442
0,957952,GET,155478042831,155478042723
0,958464,GET,155478043399,155478043322
0,959488,GET,155478043801,155478043802
0,960000,GET,155478043968,155478043859
0,960256,GET,155478044095,155478044025
0,960512,GET,155478044191,155478044122
0,961024,GET,155478044582,155478044459
0,962048,GET,155478045825,155478045707
0,962304,GET,155478045954,155478045890
0,962816,GET,155478046399,155478046385
0,963328,GET,155478046568,155478046457
0,964096,GET,155478047568,155478047459
0,964352,GET,155478047709,155478047645
0,965120,GET,155478048088,155478047977
0,965376,GET,155478048431,155478048366
0,965632,GET,155478048745,155478048680
0,966144,GET,155478049064,155478048953
0,966400,GET,155478049190,155478049158
0,966912,GET,155478049846,155478049781
0,967424,GET,155478050023,155478049948
0,967936,GET,155478050195,155478050122
0,968448,GET,155478050360,155478050252
0,968704,GET,155478050464,155478050430
0,968960,GET,155478050557,155478050521
0,969472,GET,155478050735,155478050614
0,969728,GET,155478050874,155478050841
0,970240,GET,155478051040,155478051016
0,970752,GET,155478051590,155478051483
0,971008,GET,155478051684,155478051642
0,971264,GET,155478051777,155478051743
0,971520,GET,155478052084,155478052020
0,971776,GET,155478052454,155478052391
0,972032,GET,155478052515,155478052481
0,972800,GET,155478052935,155478052824
0,973056,GET,155478053207,155478053143
0,973312,GET,155478053318,155478053234
0,974336,GET,155478054173,155478054069
0,974848,GET,155478054366,155478054241
0,975104,GET,155478054502,155478054472
0,975616,GET,155478054679,155478054639
0,976384,GET,155478055171,155478055065
0,976640,GET,155478055268,155478055234
0,976896,GET,155478055700,155478055666
0,977152,GET,155478055846,155478055819
0,977664,GET,155478056026,155478055916
0,977920,GET,155478056118,155478056083
0,978176,GET,155478056210,155478056176
0,978688,GET,155478056387,155478056266
0,978944,GET,155478056516,155478056445
0,770817,GET,155478057013,155478056900
0,771073,GET,155478057151,155478057089
0,979456,GET,155478057424,155478057316
0,771329,GET,155478057979,155478057880
0,979968,GET,155478058539,155478058428
0,771841,GET,155478058659,155478058633
0,772097,GET,155478058842,155478058731
0,980480,GET,155478058933,155478058898
0,980992,GET,155478059341,155478059256
0,772865,GET,155478060054,155478059971
0,773121,GET,155478060228,155478060155
0,983040,GET,155478062468,155478062342
0,775681,GET,155478062603,155478062525
0,776193,GET,155478063191,155478063103
0,776449,GET,155478063363,155478063288
0,983808,GET,155478063531,155478063461
0,984064,GET,155478063702,155478063588
0,984320,GET,155478064001,155478063972
0,777729,GET,155478064562,155478064557
0,985344,GET,155478065404,155478065291
0,985600,GET,155478065594,155478065465
0,778497,GET,155478065775,155478065651
0,778753,GET,155478065958,155478065834
0,986112,GET,155478066093,155478066064
0,986368,GET,155478066273,155478066199
0,986624,GET,155478066445,155478066370
0,986880,GET,155478067157,155478067046
0,987392,GET,155478067479,155478067368
0,987648,GET,155478067802,155478067738
0,988160,GET,155478068273,155478068186
0,988672,GET,155478068446,155478068371
0,989184,GET,155478068618,155478068504
0,989440,GET,155478068756,155478068644
0,989952,GET,155478069348,155478069233
0,780289,GET,155478069476,155478069450
0,780545,GET,155478069660,155478069548
0,990720,GET,155478070029,155478070031
0,991232,GET,155478070359,155478070354
0,781313,GET,155478070694,155478070680
0,781569,GET,155478071004,155478070894
0,992256,GET,155478071322,155478071209
0,992512,GET,155478071448,155478071378
0,992768,GET,155478071549,155478071504
0,781825,GET,155478071645,155478071611
0,993536,GET,155478072226,155478072137
0,994304,GET,155478073353,155478073244
0,994560,GET,155478074002,155478073887
0,783873,GET,155478074414,155478074345
0,784129,GET,155478074838,155478074772
0,784385,GET,155478075016,155478074896
0,784641,GET,155478075212,155478075085
0,995840,GET,155478076038,155478075921
0,785153,GET,155478076167,155478076141
0,785409,GET,155478076594,155478076480
0,996608,GET,155478077001,155478076888
0,785921,GET,155478077137,155478077074
0,996864,GET,155478077233,155478077164
0,997120,GET,155478077517,155478077454
0,786177,GET,155478077633,155478077551
0,786433,GET,155478077993,155478077889
0,786689,GET,155478078599,155478078595
0,998144,GET,155478078931,155478078921
0,998656,GET,155478079360,155478079248
0,999168,GET,155478080065,155478080018
0,999424,GET,155478080610,155478080496
0,788481,GET,155478080808,155478080680
0,788737,GET,155478080934,155478080865
0,788993,GET,155478081120,155478080991
0,789249,GET,155478081608,155478081497
0,1000192,GET,155478081669,155478081635
0,789505,GET,155478082056,155478081982
0,1000448,GET,155478082117,155478082082
0,1000704,GET,155478082178,155478082144
0,789761,GET,155478082238,155478082205
0,1000960,GET,155478082369,155478082335
0,790273,GET,155478082563,155478082433
0,1001216,GET,155478082887,155478082824
0,792065,GET,155478084627,155478084576
0,1002496,GET,155478084796,155478084684
0,792833,GET,155478085170,155478085157
0,1003264,GET,155478085532,155478085521
0,1003520,GET,155478085699,155478085589
0,1003776,GET,155478085790,155478085756
0,1004288,GET,155478085984,155478085850
0,794113,GET,155478086162,155478086041
0,794369,GET,155478086293,155478086219
0,794625,GET,155478086591,155478086528
0,794881,GET,155478086870,155478086807
0,1004800,GET,155478087495,155478087480
0,795649,GET,155478087666,155478087552
0,795905,GET,155478087978,155478087915
0,796161,GET,155478088103,155478088077
0,796673,GET,155478088282,155478088252
0,797441,GET,155478088835,155478088718
0,1005056,GET,155478088961,155478088898
0,1005312,GET,155478089256,155478089192
0,797697,GET,155478089317,155478089282
0,1005824,GET,155478089909,155478089792
0,1006080,GET,155478090086,155478090017
0,798465,GET,155478090394,155478090281
0,1006848,GET,155478090485,155478090451
0,798721,GET,155478090606,155478090578
0,798977,GET,155478090783,155478090674
0,799233,GET,155478091281,155478091175
0,1007616,GET,155478091468,155478091338
0,799745,GET,155478091830,155478091721
0,800257,GET,155478092420,155478092333
0,1008640,GET,155478092725,155478092608
0,1008896,GET,155478092923,155478092796
0,1009152,GET,155478093054,155478093021
0,1009664,GET,155478093434,155478093346
0,801793,GET,155478093608,155478093492
0,802049,GET,155478093942,155478093905
0,802305,GET,155478094111,155478093999
0,802561,GET,155478094215,155478094145
0,802817,GET,155478094364,155478094269
0,1010432,GET,155478094532,155478094505
0,803329,GET,155478094699,155478094590
0,803585,GET,155478095048,155478094950
0,803841,GET,155478095185,155478095107
0,1010944,GET,155478095289,155478095218
0,804097,GET,155478095397,155478095363
0,1011200,GET,155478095835,155478095757
0,1011456,GET,155478096006,155478095894
0,805121,GET,155478096401,155478096282
0,1011968,GET,155478096529,155478096503
0,1012224,GET,155478096712,155478096671
0,805889,GET,155478097029,155478096940
0,1012992,GET,155478097301,155478097289
0,1013248,GET,155478097469,155478097459
0,806913,GET,155478097638,155478097627
0,807425,GET,155478098195,155478098083
0,807681,GET,155478098335,155478098271
0,1013760,GET,155478098433,155478098398
0,808193,GET,155478104999,155478102172
1,257,PUT,155476938498,155476938989
1,513,PUT,155476939054,155476939090
1,769,PUT,155476939118,155476939145
1,1025,PUT,155476939173,155476939198
1,1281,PUT,155476939226,155476939252
1,1537,PUT,155476939280,155476939307
1,1793,PUT,155476939335,155476939361
1,2049,PUT,155476939389,155476939416
1,2305,PUT,155476939443,155476939469
1,2561,PUT,155476939497,155476939523
1,2817,PUT,155476939551,155476939578
1,3073,PUT,155476939605,155476939631
1,3329,PUT,155476939659,155476939686
1,3585,PUT,155476939713,155476939739
1,3841,PUT,155476939767,155476939793
1,4097,PUT,155476939824,155476939849
1,4353,PUT,155476939877,155476939903
1,4609,PUT,155476939932,155476939958
1,4865,PUT,155476939986,155476940012
1,5121,PUT,155476940040,155476940065
1,5377,PUT,155476940094,155476940120
1,5633,PUT,155476940148,155476940174
1,5889,PUT,155476940202,155476940229
1,6145,PUT,155476940256,155476940282
1,6401,PUT,155476940311,155476940337
1,6657,PUT,155476940365,155476940391
1,6913,PUT,155476940420,155476940445
1,7169,PUT,155476940473,155476940499
1,7425,PUT,155476940527,155476940554
1,7681,PUT,155476940581,155476940607
1,7937,PUT,155476940636,155476940662
1,8193,PUT,155476940689,155476940715
1,8449,PUT,155476940743,155476940770
1,8705,PUT,155476940798,155476940824
1,8961,PUT,155476940851,155476940878
1,9217,PUT,155476940906,155476940932
1,9473,PUT,155476940960,155476940986
1,9729,PUT,155476941013,155476941040
1,9985,PUT,155476941068,155476941094
1,10241,PUT,155476941122,155476941148
1,10497,PUT,155476941176,155476941202
1,10753,PUT,155476941230,155476941256
1,11009,PUT,155476941285,155476941310
1,11265,PUT,155476941339,155476941365
1,11521,PUT,155476941393,155476941418
1,11777,PUT,155476941447,155476941473
1,12033,PUT,155476941501,155476941527
1,12289,PUT,155476941555,155476941581
1,12545,PUT,155476941609,155476941635
1,12801,PUT,155476941664,155476941689
1,13057,PUT,155476941718,155476941743
1,13313,PUT,155476941772,155476941798
1,13569,PUT,155476941827,155476941851
1,13825,PUT,155476941879,155476941907
1,14081,PUT,155476941934,155476941960
1,14337,PUT,155476941988,155476942015
1,14593,PUT,155476942042,155476942069
1,14849,PUT,155476942097,155476942124
1,15105,PUT,155476942152,155476942177
1,15361,PUT,155476942205,155476942231
1,15617,PUT,155476942259,155476942330
1,15873,PUT,155476942358,155476942384
1,16129,PUT,155476942413,155476942440
1,16385,PUT,155476942467,155476942494
1,16641,PUT,155476942522,155476942548
1,16897,PUT,155476942576,155476942602
1,17153,PUT,155476942630,155476942655
1,17409,PUT,155476942684,155476942711
1,17665,PUT,155476942739,155476942764
1,17921,PUT,155476942794,155476942819
1,18177,PUT,155476942847,155476942873
1,18433,PUT,155476942904,155476942930
1,18689,PUT,155476942957,155476942984
1,18945,PUT,155476943012,155476943037
1,19201,PUT,155476943066,155476943093
1,19457,PUT,155476943121,155476943146
1,19713,PUT,155476943175,155476943201
1,19969,PUT,155476943228,155476943255
1,20225,PUT,155476943283,155476943308
1,20481,PUT,155476943339,155476943365
1,20737,PUT,155476943393,155476943420
1,20993,PUT,155476943448,155476943474
1,21249,PUT,155476943502,155476943529
1,21505,PUT,155476943556,155476943582
1,21761,PUT,155476943611,155476943637
1,22017,PUT,155476943665,155476943690
1,22273,PUT,155476943721,155476943746
1,22529,PUT,155476943777,155476943803
1,22785,PUT,155476943831,155476943856
1,23041,PUT,155476943885,155476943911
1,23297,PUT,155476943939,155476943965
1,23553,PUT,155476943993,155476944019
1,23809,PUT,155476944047,155476944073
1,24065,PUT,155476944102,155476944128
1,24321,PUT,155476944223,155476944250
1,24577,PUT,155476944278,155476944346
1,24833,PUT,155476944374,155476944402
1,25089,PUT,155476944430,155476944457
1,25345,PUT,155476944485,155476944515
1,25601,PUT,155476944543,155476944622
1,25857,PUT,155476944651,155476944692
1,26113,PUT,155476944839,155476944896
1,26369,PUT,155476944958,155476944983
1,26625,PUT,155476945012,155476945038
1,26881,PUT,155476945066,155476945094
1,27137,PUT,155476945122,155476945147
1,27393,PUT,155476945175,155476945202
1,27649,PUT,155476945246,155476945256
1,27905,PUT,155476945389,155476945434
1,28161,PUT,155476945499,155476945559
1,28417,PUT,155476945659,155476945728
1,28673,PUT,155476945896,155476945961
1,28929,PUT,155476946111,155476946173
1,29185,PUT,155476946327,155476946394
1,29441,PUT,155476946522,155476946545
1,29697,PUT,155476946661,155476946685
1,29953,PUT,155476946798,155476946814
1,30209,PUT,155476946929,155476946956
1,30465,PUT,155476947070,155476947133
1,30721,PUT,155476947217,155476947343
1,30977,PUT,155476947516,155476947586
1,31233,PUT,155476947646,155476947714
1,31489,PUT,155476947781,155476947853
1,31745,PUT,155476947917,155476947983
1,32001,PUT,155476948049,155476948114
1,32257,PUT,155476948216,155476948279
1,32513,PUT,155476948447,155476948464
1,32769,PUT,155476948579,155476948598
1,33025,PUT,155476948713,155476948738
1,33281,PUT,155476948846,155476948865
1,33537,PUT,155476948982,155476949048
1,33793,PUT,155476949132,155476949255
1,34049,PUT,155476949421,155476949500
1,34305,PUT,155476949562,155476949633
1,34561,PUT,155476949733,155476949801
1,34817,PUT,155476949967,155476949983
1,35073,PUT,155476950098,155476950118
1,35329,PUT,155476950234,155476950254
1,35585,PUT,155476950365,155476950386
1,35841,PUT,155476950499,155476950524
1,36097,PUT,155476950636,155476950652
1,36353,PUT,155476950768,155476950793
1,36609,PUT,155476950904,155476950927
1,36865,PUT,155476951038,155476951056
1,37121,PUT,155476951175,155476951201
1,37377,PUT,155476951311,155476951338
1,37633,PUT,155476951454,155476951515
1,37889,PUT,155476951668,155476951730
1,38145,PUT,155476951882,155476951946
1,38401,PUT,155476952077,155476952094
1,38657,PUT,155476952212,155476952235
1,38913,PUT,155476952347,155476952370
1,39169,PUT,155476952483,155476952549
1,39425,PUT,155476952696,155476952761
1,39681,PUT,155476952911,155476952972
1,39937,PUT,155476953119,155476953184
1,40193,PUT,155476953333,155476953395
1,40449,PUT,155476953542,155476953604
1,40705,PUT,155476953753,155476953816
1,40961,PUT,155476953938,155476953959
1,41217,PUT,155476954074,155476954096
1,41473,PUT,155476954208,155476954236
1,41729,PUT,155476954350,155476954370
1,41985,PUT,155476954531,155476954503
1,42241,PUT,155476954660,155476954728
1,42497,PUT,155476954810,155476954879
1,42753,PUT,155476955045,155476955115
1,43009,PUT,155476955179,155476955247
1,43265,PUT,155476955317,155476955386
1,43521,PUT,155476955489,155476955556
1,43777,PUT,155476955725,155476955740
1,44033,PUT,155476955855,155476955920
1,44289,PUT,155476956005,155476956075
1,44545,PUT,155476956173,155476956237
1,44801,PUT,155476956385,155476956446
1,45057,PUT,155476956592,155476956657
1,45313,PUT,155476956724,155476956787
1,45569,PUT,155476956856,155476956920
1,45825,PUT,155476956991,155476957056
1,46081,PUT,155476957154,155476957276
1,46337,PUT,155476957447,155476957508
1,46593,PUT,155476957590,155476957712
1,46849,PUT,155476957882,155476957950
1,47105,PUT,155476958017,155476958084
1,47361,PUT,155476958151,155476958221
1,47617,PUT,155476958284,155476958353
1,47873,PUT,155476958449,155476958517
1,48129,PUT,155476958682,155476958744
1,48385,PUT,155476958893,155476958956
1,48641,PUT,155476959104,155476959165
1,48897,PUT,155476959311,155476959373
1,49153,PUT,155476959520,155476959582
1,49409,PUT,155476959729,155476959790
1,49665,PUT,155476959935,155476959998
1,49921,PUT,155476960146,155476960207
1,50177,PUT,155476960336,155476960355
1,50433,PUT,155476960470,155476960493
1,50689,PUT,155476960601,155476960621
1,50945,PUT,155476960734,155476960759
1,51201,PUT,155476960871,155476960933
1,51457,PUT,155476961059,155476961077
1,51713,PUT,155476961193,155476961259
1,51969,PUT,155476961340,155476961464
1,52225,PUT,155476961629,155476961702
1,52481,PUT,155476961770,155476961837
1,52737,PUT,155476961977,155476962046
1,52993,PUT,155476962113,155476962185
1,53249,PUT,155476962249,155476962311
1,53505,PUT,155476962455,155476962522
1,53761,PUT,155476962664,155476962725
1,54017,PUT,155476962824,155476962908
1,54273,PUT,155476963009,155476963071
1,54529,PUT,155476963223,155476963285
1,54785,PUT,155476963434,155476963496
1,55041,PUT,155476963648,155476963710
1,55297,PUT,155476963840,155476963857
1,55553,PUT,155476963971,155476963997
1,55809,PUT,155476964106,155476964124
1,56065,PUT,155476964237,155476964259
1,56321,PUT,155476964375,155476964401
1,56577,PUT,155476964516,155476964584
1,56833,PUT,155476964728,155476964790
1,57089,PUT,155476964938,155476965000
1,57345,PUT,155476965151,155476965213
1,57601,PUT,155476965361,155476965423
1,57857,PUT,155476965571,155476965633
1,58113,PUT,155476965786,155476965847
1,58369,PUT,155476965980,155476965999
1,58625,PUT,155476966120,155476966139
1,58881,PUT,155476966251,155476966275
1,59137,PUT,155476966386,155476966402
1,59393,PUT,155476966526,155476966591
1,59649,PUT,155476966743,155476966812
1,59905,PUT,155476966961,155476967022
1,60161,PUT,155476967172,155476967239
1,60417,PUT,155476967389,155476967451
1,60673,PUT,155476967579,155476967643
1,60929,PUT,155476967726,155476967848
1,61185,PUT,155476968009,155476968074
1,61441,PUT,155476968144,155476968210
1,61697,PUT,155476968279,155476968350
1,61953,PUT,155476968417,155476968484
1,62209,PUT,155476968553,155476968625
1,62465,PUT,155476968690,155476968753
1,62721,PUT,155476968897,155476968958
1,62977,PUT,155476969097,155476969161
1,63233,PUT,155476969229,155476969295
1,63489,PUT,155476969367,155476969428
1,63745,PUT,155476969575,155476969638
1,64001,PUT,155476969778,155476969841
1,64257,PUT,155476969910,155476969976
1,64513,PUT,155476970045,155476970117
1,64769,PUT,155476970183,155476970245
1,65025,PUT,155476970392,155476970456
1,65281,PUT,155476970529,155476970594
1,65537,PUT,155476970665,155476970728
1,65793,PUT,155476970795,155476970859
1,66049,PUT,155476970929,155476970993
1,66305,PUT,155476971060,155476971125
1,66561,PUT,155476971194,155476971263
1,66817,PUT,155476971330,155476971398
1,67073,PUT,155476971466,155476971532
1,67329,PUT,155476971601,155476971665
1,67585,PUT,155476971734,155476971798
1,67841,PUT,155476971865,155476971932
1,68097,PUT,155476972000,155476972071
1,68353,PUT,155476972138,155476972201
1,68609,PUT,155476972273,155476972335
1,68865,PUT,155476972408,155476972473
1,69121,PUT,155476972571,155476972637
1,69377,PUT,155476972797,155476972814
1,69633,PUT,155476972930,155476972957
1,69889,PUT,155476973069,155476973131
1,70145,PUT,155476973280,155476973299
1,70401,PUT,155476973410,155476973432
1,70657,PUT,155476973548,155476973615
1,70913,PUT,155476973696,155476973817
1,71169,PUT,155476973916,155476973985
1,71425,PUT,155476974132,155476974190
1,71681,PUT,155476974244,155476974270
1,71937,PUT,155476974301,155476974327
1,72193,PUT,155476974356,155476974381
1,72449,PUT,155476974410,155476974436
1,72705,PUT,155476974464,155476974490
1,72961,PUT,155476974549,155476974575
1,73217,PUT,155476974604,155476974629
1,73473,PUT,155476974657,155476974683
1,73729,PUT,155476974712,155476974738
1,73985,PUT,155476974765,155476974791
1,74241,PUT,155476974820,155476974846
1,74497,PUT,155476974874,155476974901
1,74753,PUT,155476974929,155476974955
1,75009,PUT,155476974986,155476975011
1,75265,PUT,155476975039,155476975065
1,75521,PUT,155476975093,155476975120
1,75777,PUT,155476975148,155476975174
1,76033,PUT,155476975223,155476975230
1,76289,PUT,155476975355,155476975380
1,76545,PUT,155476975492,155476975553
1,76801,PUT,155476975635,155476975758
1,77057,PUT,155476975926,155476975993
1,77313,PUT,155476976099,155476976124
1,77569,PUT,155476976261,155476976323
1,77825,PUT,155476976476,155476976542
1,78081,PUT,155476976672,155476976687
1,78337,PUT,155476976804,155476976826
1,78593,PUT,155476976945,155476977009
1,78849,PUT,155476977153,155476977174
1,79105,PUT,155476977291,155476977313
1,79361,PUT,155476977429,155476977446
1,79617,PUT,155476977561,155476977626
1,79873,PUT,155476977883,155476977901
1,80129,PUT,155476978022,155476978085
1,80385,PUT,155476978210,155476978228
1,80641,PUT,155476978345,155476978364
1,80897,PUT,155476978484,155476978548
1,81153,PUT,155476978631,155476978701
1,81409,PUT,155476978863,155476978930
1,81665,PUT,155476979035,155476979101
1,81921,PUT,155476979263,155476979282
1,82177,PUT,155476979395,155476979417
1,82433,PUT,155476979529,155476979549
1,82689,PUT,155476979665,155476979685
1,82945,PUT,155476979803,155476979829
1,83201,PUT,155476979946,155476980014
1,83457,PUT,155476980164,155476980226
1,83713,PUT,155476980377,155476980445
1,83969,PUT,155476980599,155476980661
1,84225,PUT,155476980791,155476980810
1,84481,PUT,155476980925,155476980950
1,84737,PUT,155476981064,155476981081
1,84993,PUT,155476981197,155476981222
1,85249,PUT,155476981331,155476981396
1,85505,PUT,155476981519,155476981581
1,85761,PUT,155476981664,155476981786
1,86017,PUT,155476981950,155476982021
1,86273,PUT,155476982088,155476982151
1,86529,PUT,155476982219,155476982286
1,86785,PUT,155476982388,155476982453
1,87041,PUT,155476982620,155476982639
1,87297,PUT,155476982757,155476982774
1,87553,PUT,155476982886,155476982907
1,87809,PUT,155476983020,155476983039
1,88065,PUT,155476983158,155476983220
1,88321,PUT,155476983374,155476983436
1,88577,PUT,155476983591,155476983653
1,88833,PUT,155476983801,155476983863
1,89089,PUT,155476984015,155476984082
1,89345,PUT,155476984212,155476984229
1,89601,PUT,155476984346,155476984371
1,89857,PUT,155476984479,155476984501
1,90113,PUT,155476984616,155476984639
1,90369,PUT,155476984751,155476984775
1,90625,PUT,155476984887,155476984903
1,90881,PUT,155476985019,155476985040
1,91137,PUT,155476985160,155476985177
1,91393,PUT,155476985292,155476985318
1,91649,PUT,155476985429,155476985447
1,91905,PUT,155476985566,155476985584
1,92161,PUT,155476985699,155476985724
1,92417,PUT,155476985838,155476985898
1,92673,PUT,155476986050,155476986112
1,92929,PUT,155476986253,155476986271
1,93185,PUT,155476986391,155476986408
1,93441,PUT,155476986522,155476986541
1,93697,PUT,155476986658,155476986683
1,93953,PUT,155476986793,155476986817
1,94209,PUT,155476986930,155476986991
1,94465,PUT,155476987140,155476987159
1,94721,PUT,155476987273,155476987335
1,94977,PUT,155476987481,155476987501
1,95233,PUT,155476987616,155476987634
1,95489,PUT,155476987752,155476987769
1,95745,PUT,155476987886,155476987904
1,96001,PUT,155476988017,155476988038
1,96257,PUT,155476988157,155476988219
1,96513,PUT,155476988347,155476988366
1,96769,PUT,155476988487,155476988549
1,97025,PUT,155476988672,155476988690
1,97281,PUT,155476988808,155476988869
1,97537,PUT,155476988955,155476989075
1,97793,PUT,155476989243,155476989311
1,98049,PUT,155476989413,155476989481
1,98305,PUT,155476989647,155476989709
1,98561,PUT,155476989859,155476989922
1,98817,PUT,155476990073,155476990141
1,99073,PUT,155476990289,155476990353
1,99329,PUT,155476990485,155476990501
1,99585,PUT,155476990616,155476990635
1,99841,PUT,155476990753,155476990774
1,100097,PUT,155476990885,155476990909
1,100353,PUT,155476991019,155476991035
1,100609,PUT,155476991151,155476991176
1,100865,PUT,155476991288,155476991310
1,101121,PUT,155476991419,155476991441
1,101377,PUT,155476991555,155476991581
1,101633,PUT,155476991691,155476991708
1,101889,PUT,155476991820,155476991841
1,102145,PUT,155476991954,155476991974
1,102401,PUT,155476992087,155476992105
1,102657,PUT,155476992219,155476992239
1,102913,PUT,155476992358,155476992381
1,103169,PUT,155476992491,155476992509
1,103425,PUT,155476992623,155476992643
1,103681,PUT,155476992758,155476992819
1,103937,PUT,155476992903,155476993026
1,104193,PUT,155476993121,155476993183
1,104449,PUT,155476993327,155476993394
1,104705,PUT,155476993461,155476993527
1,104961,PUT,155476993596,155476993664
1,105217,PUT,155476993732,155476993799
1,105473,PUT,155476993870,155476993935
1,105729,PUT,155476994003,155476994068
1,105985,PUT,155476994137,155476994207
1,106241,PUT,155476994271,155476994341
1,106497,PUT,155476994497,155476994562
1,106753,PUT,155476994630,155476994700
1,107009,PUT,155476994764,155476994829
1,107265,PUT,155476994935,155476994997
1,107521,PUT,155476995158,155476995219
1,107777,PUT,155476995373,155476995435
1,108033,PUT,155476995565,155476995582
1,108289,PUT,155476995697,155476995723
1,108545,PUT,155476995836,155476995856
1,108801,PUT,155476995971,155476995987
1,109057,PUT,155476996101,155476996127
1,109313,PUT,155476996237,155476996301
1,109569,PUT,155476996459,155476996479
1,109825,PUT,155476996595,155476996659
1,110081,PUT,155476996808,155476996825
1,110337,PUT,155476996939,155476996958
1,110593,PUT,155476997072,155476997093
1,110849,PUT,155476997209,155476997228
1,111105,PUT,155476997343,155476997368
1,111361,PUT,155476997479,155476997544
1,111617,PUT,155476997695,155476997758
1,111873,PUT,155476997909,155476997970
1,112129,PUT,155476998121,155476998188
1,112385,PUT,155476998313,155476998332
1,112641,PUT,155476998452,155476998513
1,112897,PUT,155476998637,155476998655
1,113153,PUT,155476998777,155476998838
1,113409,PUT,155476998962,155476998981
1,113665,PUT,155476999095,155476999115
1,113921,PUT,155476999230,155476999248
1,114177,PUT,155476999363,155476999382
1,114433,PUT,155476999494,155476999514
1,114689,PUT,155476999629,155476999689
1,114945,PUT,155476999770,155476999892
1,115201,PUT,155477000059,155477000126
1,115457,PUT,155477000226,155477000296
1,115713,PUT,155477000461,155477000478
1,115969,PUT,155477000592,155477000610
1,116225,PUT,155477000724,155477000746
1,116481,PUT,155477000858,155477000884
1,116737,PUT,155477000995,155477001019
1,116993,PUT,155477001132,155477001193
1,117249,PUT,155477001344,155477001407
1,117505,PUT,155477001555,155477001617
1,117761,PUT,155477001767,155477001829
1,118017,PUT,155477001978,155477002040
1,118273,PUT,155477002186,155477002248
1,118529,PUT,155477002396,155477002459
1,118785,PUT,155477002608,155477002670
1,119041,PUT,155477002823,155477002884
1,119297,PUT,155477003037,155477003099
1,119553,PUT,155477003183,155477003241
1,119809,PUT,155477003302,155477003329
1,120065,PUT,155477003356,155477003383
1,120321,PUT,155477003412,155477003437
1,120577,PUT,155477003465,155477003491
1,120833,PUT,155477003519,155477003546
1,121089,PUT,155477003575,155477003600
1,121345,PUT,155477003628,155477003654
1,121601,PUT,155477003685,155477003711
1,121857,PUT,155477003739,155477003766
1,122113,PUT,155477003793,155477003819
1,122369,PUT,155477003848,155477003874
1,122625,PUT,155477003902,155477003929
1,122881,PUT,155477003957,155477003983
1,123137,PUT,155477004010,155477004037
1,123393,PUT,155477004065,155477004091
1,123649,PUT,155477004151,155477004176
1,123905,PUT,155477004205,155477004230
1,124161,PUT,155477004259,155477004285
1,124417,PUT,155477004313,155477004340
1,124673,PUT,155477004367,155477004394
1,124929,PUT,155477004423,155477004448
1,125185,PUT,155477004477,155477004502
1,125441,PUT,155477004530,155477004557
1,125697,PUT,155477004587,155477004613
1,125953,PUT,155477004651,155477004667
1,126209,PUT,155477004781,155477004806
1,126465,PUT,155477004920,155477004984
1,126721,PUT,155477005135,155477005150
1,126977,PUT,155477005267,155477005292
1,127233,PUT,155477005405,155477005421
1,127489,PUT,155477005537,155477005561
1,127745,PUT,155477005673,155477005736
1,128001,PUT,155477005889,155477005951
1,128257,PUT,155477006102,155477006164
1,128513,PUT,155477006294,155477006311
1,128769,PUT,155477006428,155477006454
1,129025,PUT,155477006561,155477006582
1,129281,PUT,155477006696,155477006717
1,129537,PUT,155477006835,155477006860
1,129793,PUT,155477006974,155477007036
1,130049,PUT,155477007184,155477007251
1,130305,PUT,155477007401,155477007462
1,130561,PUT,155477007611,155477007673
1,130817,PUT,155477007800,155477007819
1,131073,PUT,155477007939,155477008001
1,131329,PUT,155477065783,155477065847
1,131585,PUT,155477066001,155477066060
1,131841,PUT,155477066662,155477066724
1,132097,PUT,155477066884,155477066951
1,132353,PUT,155477067062,155477067096
1,132609,PUT,155477067168,155477067230
1,132865,PUT,155477067539,155477067528
1,133121,PUT,155477067807,155477067869
1,133377,PUT,155477068100,155477068163
1,133633,PUT,155477068271,155477068338
1,133889,PUT,155477068496,155477068558
1,134145,PUT,155477068669,155477068736
1,134401,PUT,155477069390,155477069454
1,134657,PUT,155477069715,155477069781
1,134913,PUT,155477069885,155477069925
1,135169,PUT,155477070280,155477070341
1,135425,PUT,155477070451,155477070517
1,135681,PUT,155477070626,155477070675
1,135937,PUT,155477071003,155477071066
1,136193,PUT,155477071126,155477071173
1,136449,PUT,155477071358,155477071424
1,136705,PUT,155477072004,155477072066
1,136961,PUT,155477072180,155477072206
1,137217,PUT,155477072444,155477072504
1,137473,PUT,155477072609,155477072648
1,137729,PUT,155477072710,155477072769
1,137985,PUT,155477072834,155477072861
1,138241,PUT,155477073086,155477073148
1,138497,PUT,155477073924,155477073985
1,138753,PUT,155477074421,155477074485
1,139009,PUT,155477074564,155477074625
1,139265,PUT,155477074733,155477074778
1,139521,PUT,155477074975,155477075001
1,139777,PUT,155477075063,155477075123
1,140033,PUT,155477075230,155477075299
1,140289,PUT,155477075551,155477075614
1,140545,PUT,155477075667,155477075693
1,140801,PUT,155477075892,155477075919
1,141057,PUT,155477075971,155477075996
1,141313,PUT,155477076049,155477076074
1,141569,PUT,155477076152,155477076213
1,141825,PUT,155477076298,155477076424
1,142081,PUT,155477076789,155477076847
1,142337,PUT,155477076949,155477076989
1,142593,PUT,155477077227,155477077290
1,142849,PUT,155477077397,155477077464
1,143105,PUT,155477077676,155477077737
1,143361,PUT,155477078015,155477078076
1,143617,PUT,155477078599,155477078661
1,143873,PUT,155477078724,155477078749
1,144129,PUT,155477079108,155477079170
1,144385,PUT,155477079285,155477079352
1,144641,PUT,155477079463,155477079528
1,144897,PUT,155477079639,155477079710
1,145153,PUT,155477079816,155477079862
1,145409,PUT,155477079915,155477079940
1,145665,PUT,155477079992,155477080018
1,145921,PUT,155477080216,155477080242
1,146177,PUT,155477080293,155477080320
1,146433,PUT,155477080751,155477080819
1,146689,PUT,155477081553,155477081620
1,146945,PUT,155477082234,155477082295
1,147201,PUT,155477082683,155477082718
1,147457,PUT,155477082784,155477082842
1,147713,PUT,155477082906,155477082932
1,147969,PUT,155477083001,155477083027
1,148225,PUT,155477083079,155477083155
1,148481,PUT,155477083517,155477083579
1,148737,PUT,155477083791,155477083837
1,148993,PUT,155477084033,155477084059
1,149249,PUT,155477084608,155477084669
1,149505,PUT,155477084756,155477084814
1,149761,PUT,155477084922,155477084947
1,150017,PUT,155477085137,155477085162
1,150273,PUT,155477085378,155477085405
1,150529,PUT,155477085606,155477085668
1,150785,PUT,155477085750,155477085812
1,151041,PUT,155477086057,155477086119
1,151297,PUT,155477086229,155477086255
1,151553,PUT,155477086316,155477086341
1,151809,PUT,155477086402,155477086463
1,152065,PUT,155477086622,155477086687
1,152321,PUT,155477087375,155477087442
1,152577,PUT,155477087851,155477087913
1,152833,PUT,155477088185,155477088249
1,153089,PUT,155477088468,155477088530
1,153345,PUT,155477088638,155477088706
1,153601,PUT,155477089004,155477089065
1,153857,PUT,155477089583,155477089645
1,154113,PUT,155477089762,155477089833
1,154369,PUT,155477089937,155477089985
1,154625,PUT,155477090400,155477090460
1,154881,PUT,155477090523,155477090550
1,155137,PUT,155477090764,155477090825
1,155393,PUT,155477091097,155477091156
1,155649,PUT,155477091422,155477091480
1,155905,PUT,155477091958,155477092019
1,156161,PUT,155477092133,155477092193
1,156417,PUT,155477092616,155477092682
1,156673,PUT,155477092791,155477092829
1,156929,PUT,155477092978,155477093041
1,157185,PUT,155477093154,155477093226
1,157441,PUT,155477093334,155477093384
1,157697,PUT,155477093765,155477093826
1,157953,PUT,155477093933,155477093968
1,158209,PUT,155477094029,155477094088
1,158465,PUT,155477094372,155477094441
1,158721,PUT,155477094526,155477094585
1,158977,PUT,155477094810,155477094871
1,159233,PUT,155477094981,155477095050
1,159489,PUT,155477095183,155477095229
1,159745,PUT,155477095428,155477095453
1,160001,PUT,155477095506,155477095532
1,160257,PUT,155477095583,155477095609
1,160513,PUT,155477095661,155477095688
1,160769,PUT,155477095740,155477095765
1,161025,PUT,155477096130,155477096191
1,161281,PUT,155477096255,155477096281
1,161537,PUT,155477096499,155477096563
1,161793,PUT,155477097148,155477097210
1,162049,PUT,155477097271,155477097296
1,162305,PUT,155477097361,155477097388
1,162561,PUT,155477097560,155477097586
1,162817,PUT,155477097638,155477097664
1,163073,PUT,155477097719,155477097782
1,163329,PUT,155477098039,155477098101
1,163585,PUT,155477098358,155477098422
1,163841,PUT,155477098510,155477098568
1,164097,PUT,155477098801,155477098828
1,164353,PUT,155477099117,155477099148
1,164609,PUT,155477099216,155477099275
1,164865,PUT,155477099339,155477099366
1,165121,PUT,155477099436,155477099461
1,165377,PUT,155477099655,155477099719
1,165633,PUT,155477099824,155477099870
1,165889,PUT,155477099926,155477099951
1,166145,PUT,155477100348,155477100412
1,166401,PUT,155477100620,155477100681
1,166657,PUT,155477100743,155477100813
1,166913,PUT,155477100875,155477100921
1,167169,PUT,155477100975,155477101003
1,167425,PUT,155477101238,155477101302
1,167681,PUT,155477101418,155477101445
1,167937,PUT,155477101493,155477101518
1,168193,PUT,155477101739,155477101802
1,168449,PUT,155477101912,155477101959
1,168705,PUT,155477102344,155477102405
1,168961,PUT,155477102856,155477102918
1,169217,PUT,155477102976,155477103003
1,169473,PUT,155477103032,155477103058
1,169729,PUT,155477103088,155477103114
1,169985,PUT,155477103197,155477103223
1,170241,PUT,155477103252,155477103279
1,170497,PUT,155477103364,155477103391
1,170753,PUT,155477103476,155477103501
1,171009,PUT,155477103785,155477103812
1,171265,PUT,155477103840,155477103866
1,171521,PUT,155477103896,155477103922
1,171777,PUT,155477104178,155477104203
1,172033,PUT,155477104287,155477104312
1,172289,PUT,155477104430,155477104493
1,172545,PUT,155477104669,155477104732
1,172801,PUT,155477104837,155477104882
1,173057,PUT,155477105139,155477105175
1,173313,PUT,155477105370,155477105428
1,173569,PUT,155477105687,155477105714
1,173825,PUT,155477105933,155477105994
1,174081,PUT,155477106827,155477106893
1,174337,PUT,155477107144,155477107207
1,174593,PUT,155477107461,155477107522
1,174849,PUT,155477107600,155477107662
1,175105,PUT,155477107907,155477107970
1,175361,PUT,155477108113,155477108146
1,175617,PUT,155477108214,155477108273
1,175873,PUT,155477108535,155477108560
1,176129,PUT,155477108589,155477108614
1,176385,PUT,155477108829,155477108855
1,176641,PUT,155477109037,155477109063
1,176897,PUT,155477109149,155477109174
1,177153,PUT,155477109453,155477109479
1,177409,PUT,155477109509,155477109535
1,177665,PUT,155477109839,155477109901
1,177921,PUT,155477110010,155477110048
1,178177,PUT,155477110117,155477110174
1,178433,PUT,155477110236,155477110262
1,178689,PUT,155477112833,155477112903
1,178945,PUT,155477113061,155477113124
1,179201,PUT,155477113238,155477113302
1,179457,PUT,155477113416,155477113465
1,179713,PUT,155477113517,155477113544
1,179969,PUT,155477113653,155477113678
1,180225,PUT,155477113731,155477113798
1,180481,PUT,155477113911,155477113956
1,180737,PUT,155477114494,155477114553
1,180993,PUT,155477115007,155477115081
1,181249,PUT,155477115427,155477115489
1,181505,PUT,155477115551,155477115577
1,181761,PUT,155477116020,155477116082
1,182017,PUT,155477116196,155477116241
1,182273,PUT,155477116449,155477116481
1,182529,PUT,155477116638,155477116700
1,182785,PUT,155477116830,155477116890
1,183041,PUT,155477117029,155477117094
1,183297,PUT,155477117506,155477117572
1,183553,PUT,155477118147,155477118210
1,183809,PUT,155477118472,155477118535
1,184065,PUT,155477118594,155477118663
1,184321,PUT,155477118933,155477118984
1,184577,PUT,155477119061,155477119062
1,184833,PUT,155477119268,155477119328
1,185089,PUT,155477119455,155477119517
1,185345,PUT,155477119939,155477119999
1,185601,PUT,155477120392,155477120451
1,185857,PUT,155477120562,155477120587
1,186113,PUT,155477120698,155477120725
1,186369,PUT,155477121021,155477121081
1,186625,PUT,155477121196,155477121243
1,186881,PUT,155477121319,155477121385
1,187137,PUT,155477121471,155477121596
1,187393,PUT,155477121751,155477121818
1,187649,PUT,155477121924,155477121970
1,187905,PUT,155477122169,155477122195
1,188161,PUT,155477122415,155477122475
1,188417,PUT,155477122561,155477122620
1,188673,PUT,155477123056,155477123085
1,188929,PUT,155477123154,155477123212
1,189185,PUT,155477123307,155477123369
1,189441,PUT,155477123518,155477123577
1,189697,PUT,155477124580,155477124646
1,189953,PUT,155477124715,155477124777
1,190209,PUT,155477124991,155477125038
1,190465,PUT,155477125272,155477125334
1,190721,PUT,155477125440,155477125479
1,190977,PUT,155477126229,155477126293
1,191233,PUT,155477126555,155477126618
1,191489,PUT,155477126686,155477126749
1,191745,PUT,155477126964,155477127028
1,192001,PUT,155477127207,155477127276
1,192257,PUT,155477127670,155477127728
1,192513,PUT,155477127837,155477127908
1,192769,PUT,155477128069,155477128137
1,193025,PUT,155477128994,155477129055
1,193281,PUT,155477129306,155477129368
1,193537,PUT,155477129561,155477129597
1,193793,PUT,155477129659,155477129718
1,194049,PUT,155477129912,155477129938
1,194305,PUT,155477130113,155477130139
1,194561,PUT,155477130190,155477130254
1,194817,PUT,155477130319,155477130389
1,195073,PUT,155477130742,155477130802
1,195329,PUT,155477131234,155477131280
1,195585,PUT,155477131333,155477131359
1,195841,PUT,155477131534,155477131602
1,196097,PUT,155477132084,155477132147
1,196353,PUT,155477132217,155477132243
1,196609,PUT,155477132294,155477132370
1,196865,PUT,155477132901,155477132961
1,197121,PUT,155477133194,155477133251
1,197377,PUT,155477133454,155477133516
1,197633,PUT,155477134062,155477134124
1,197889,PUT,155477134237,155477134264
1,198145,PUT,155477134464,155477134490
1,198401,PUT,155477134521,155477134546
1,198657,PUT,155477134606,155477134632
1,198913,PUT,155477135197,155477135258
1,199169,PUT,155477135355,155477135413
1,199425,PUT,155477135546,155477135613
1,199681,PUT,155477135774,155477135841
1,199937,PUT,155477136093,155477136154
1,200193,PUT,155477136285,155477136310
1,200449,PUT,155477136393,155477136453
1,200705,PUT,155477136538,155477136595
1,200961,PUT,155477136706,155477136767
1,201217,PUT,155477136923,155477136994
1,201473,PUT,155477137234,155477137277
1,201729,PUT,155477137339,155477137399
1,201985,PUT,155477137465,155477137490
1,202241,PUT,155477137558,155477137585
1,202497,PUT,155477137947,155477138009
1,202753,PUT,155477138268,155477138325
1,203009,PUT,155477138434,155477138460
1,203265,PUT,155477138512,155477138540
1,203521,PUT,155477138616,155477138677
1,203777,PUT,155477138919,155477138982
1,204033,PUT,155477139241,155477139304
1,204289,PUT,155477139476,155477139544
1,204545,PUT,155477139650,155477139724
1,204801,PUT,155477139955,155477140014
1,205057,PUT,155477140480,155477140547
1,205313,PUT,155477140652,155477140691
1,205569,PUT,155477141248,155477141310
1,205825,PUT,155477141571,155477141617
1,206081,PUT,155477141766,155477141836
1,206337,PUT,155477142175,155477142237
1,206593,PUT,155477142632,155477142692
1,206849,PUT,155477142793,155477142851
1,207105,PUT,155477143067,155477143128
1,207361,PUT,155477143190,155477143237
1,207617,PUT,155477143458,155477143522
1,207873,PUT,155477143720,155477143796
1,208129,PUT,155477143958,155477144018
1,208385,PUT,155477144102,155477144159
1,208641,PUT,155477144415,155477144475
1,208897,PUT,155477144545,155477144603
1,209153,PUT,155477145115,155477145185
1,209409,PUT,155477145289,155477145326
1,209665,PUT,155477145856,155477145917
1,209921,PUT,155477146380,155477146406
1,210177,PUT,155477146618,155477146644
1,210433,PUT,155477146696,155477146761
1,210689,PUT,155477146878,155477146926
1,210945,PUT,155477146990,155477147017
1,211201,PUT,155477147097,155477147094
1,211457,PUT,155477147227,155477147253
1,211713,PUT,155477147445,155477147437
1,211969,PUT,155477147594,155477147653
1,212225,PUT,155477147736,155477147799
1,212481,PUT,155477148047,155477148110
1,212737,PUT,155477148312,155477148359
1,212993,PUT,155477148701,155477148727
1,213249,PUT,155477148792,155477148852
1,213505,PUT,155477149120,155477149180
1,213761,PUT,155477149868,155477149929
1,214017,PUT,155477150201,155477150263
1,214273,PUT,155477150470,155477150532
1,214529,PUT,155477150740,155477150768
1,214785,PUT,155477151101,155477151161
1,215041,PUT,155477151269,155477151339
1,215297,PUT,155477151679,155477151742
1,215553,PUT,155477151795,155477151819
1,215809,PUT,155477152053,155477152049
1,216065,PUT,155477152183,155477152250
1,216321,PUT,155477152498,155477152560
1,216577,PUT,155477153203,155477153229
1,216833,PUT,155477153260,155477153286
1,217089,PUT,155477153437,155477153462
1,217345,PUT,155477153492,155477153518
1,217601,PUT,155477153548,155477153574
1,217857,PUT,155477153666,155477153691
1,218113,PUT,155477153840,155477153867
1,218369,PUT,155477153895,155477153922
1,218625,PUT,155477154135,155477154198
1,218881,PUT,155477154473,155477154539
1,219137,PUT,155477154864,155477154927
1,219393,PUT,155477155246,155477155271
1,219649,PUT,155477155527,155477155589
1,219905,PUT,155477155795,155477155822
1,220161,PUT,155477156027,155477156053
1,220417,PUT,155477156084,155477156109
1,220673,PUT,155477156140,155477156166
1,220929,PUT,155477156311,155477156338
1,221185,PUT,155477156368,155477156394
1,221441,PUT,155477156424,155477156450
1,221697,PUT,155477156496,155477156564
1,221953,PUT,155477156763,155477156810
1,222209,PUT,155477157321,155477157383
1,222465,PUT,155477157591,155477157652
1,222721,PUT,155477157715,155477157740
1,222977,PUT,155477158503,155477158568
1,223233,PUT,155477160008,155477160075
1,223489,PUT,155477160176,155477160236
1,223745,PUT,155477160328,155477160388
1,224001,PUT,155477160474,155477160532
1,224257,PUT,155477160641,155477160667
1,224513,PUT,155477160872,155477160934
1,224769,PUT,155477161170,155477161236
1,225025,PUT,155477161786,155477161824
1,225281,PUT,155477161980,155477162042
1,225537,PUT,155477162171,155477162233
1,225793,PUT,155477162299,155477162363
1,226049,PUT,155477162694,155477162757
1,226305,PUT,155477162820,155477162846
1,226561,PUT,155477163322,155477163353
1,226817,PUT,155477163473,155477163593
1,227073,PUT,155477163750,155477163800
1,227329,PUT,155477163850,155477163876
1,227585,PUT,155477164127,155477164162
1,227841,PUT,155477164340,155477164409
1,228097,PUT,155477165174,155477165235
1,228353,PUT,155477165345,155477165392
1,228609,PUT,155477165891,155477165923
1,228865,PUT,155477166044,155477166162
1,229121,PUT,155477166444,155477166498
1,229377,PUT,155477167004,155477167070
1,229633,PUT,155477167485,155477167547
1,229889,PUT,155477167758,155477167824
1,230145,PUT,155477168166,155477168228
1,230401,PUT,155477168459,155477168521
1,230657,PUT,155477168872,155477168934
1,230913,PUT,155477169145,155477169170
1,231169,PUT,155477169469,155477169532
1,231425,PUT,155477169644,155477169711
1,231681,PUT,155477169870,155477169939
1,231937,PUT,155477170043,155477170111
1,232193,PUT,155477170217,155477170262
1,232449,PUT,155477170985,155477171012
1,232705,PUT,155477171580,155477171639
1,232961,PUT,155477171748,155477171774
1,233217,PUT,155477172812,155477172873
1,233473,PUT,155477173150,155477173211
1,233729,PUT,155477173707,155477173766
1,233985,PUT,155477173831,155477173856
1,234241,PUT,155477173926,155477173988
1,234497,PUT,155477174762,155477174823
1,234753,PUT,155477174915,155477174974
1,235009,PUT,155477175228,155477175288
1,235265,PUT,155477175353,155477175378
1,235521,PUT,155477175443,155477175512
1,235777,PUT,155477175571,155477175644
1,236033,PUT,155477175876,155477175938
1,236289,PUT,155477176049,155477176111
1,236545,PUT,155477176407,155477176469
1,236801,PUT,155477176695,155477176756
1,237057,PUT,155477177048,155477177108
1,237313,PUT,155477177249,155477177307
1,237569,PUT,155477177503,155477177566
1,237825,PUT,155477177793,155477177855
1,238081,PUT,155477178125,155477178181
1,238337,PUT,155477178235,155477178261
1,238593,PUT,155477178458,155477178521
1,238849,PUT,155477178588,155477178635
1,239105,PUT,155477178947,155477178974
1,239361,PUT,155477179702,155477179764
1,239617,PUT,155477179828,155477179855
1,239873,PUT,155477180191,155477180260
1,240129,PUT,155477180590,155477180651
1,240385,PUT,155477180736,155477180794
1,240641,PUT,155477181057,155477181121
1,240897,PUT,155477181613,155477181675
1,241153,PUT,155477181871,155477181934
1,241409,PUT,155477182190,155477182256
1,241665,PUT,155477182465,155477182529
1,241921,PUT,155477182591,155477182617
1,242177,PUT,155477182680,155477182706
1,242433,PUT,155477183105,155477183168
1,242689,PUT,155477183457,155477183504
1,242945,PUT,155477183726,155477183788
1,243201,PUT,155477184197,155477184222
1,243457,PUT,155477184569,155477184631
1,243713,PUT,155477184741,155477184807
1,243969,PUT,155477185033,155477185095
1,244225,PUT,155477185224,155477185285
1,244481,PUT,155477185423,155477185486
1,244737,PUT,155477185597,155477185643
1,244993,PUT,155477185695,155477185721
1,245249,PUT,155477185774,155477185800
1,245505,PUT,155477185851,155477185879
1,245761,PUT,155477186059,155477186086
1,246017,PUT,155477186154,155477186220
1,246273,PUT,155477186572,155477186634
1,246529,PUT,155477186743,155477186788
1,246785,PUT,155477187011,155477187075
1,247041,PUT,155477187316,155477187377
1,247297,PUT,155477187492,155477187528
1,247553,PUT,155477187591,155477187648
1,247809,PUT,155477187712,155477187740
1,248065,PUT,155477187808,155477187833
1,248321,PUT,155477187885,155477187912
1,248577,PUT,155477187964,155477187990
1,248833,PUT,155477188227,155477188287
1,249089,PUT,155477188373,155477188433
1,249345,PUT,155477188543,155477188606
1,249601,PUT,155477188635,155477188694
1,249857,PUT,155477188746,155477188806
1,250113,PUT,155477188913,155477188980
1,250369,PUT,155477189210,155477189273
1,250625,PUT,155477189548,155477189614
1,250881,PUT,155477189673,155477189738
1,251137,PUT,155477189847,155477189892
1,251393,PUT,155477189945,155477189970
1,251649,PUT,155477190022,155477190049
1,251905,PUT,155477190133,155477190126
1,252161,PUT,155477190479,155477190541
1,252417,PUT,155477190649,155477190719
1,252673,PUT,155477190842,155477190889
1,252929,PUT,155477190980,155477191040
1,253185,PUT,155477191310,155477191375
1,253441,PUT,155477191631,155477191697
1,253697,PUT,155477192128,155477192190
1,253953,PUT,155477192540,155477192566
1,254209,PUT,155477192647,155477192673
1,254465,PUT,155477192725,155477192750
1,254721,PUT,155477192802,155477192828
1,254977,PUT,155477192878,155477192906
1,255233,PUT,155477193205,155477193267
1,255489,PUT,155477193507,155477193572
1,255745,PUT,155477193658,155477193716
1,256001,PUT,155477193778,155477193804
1,256257,PUT,155477193856,155477193921
1,256513,PUT,155477194216,155477194283
1,256769,PUT,155477194783,155477194843
1,257025,PUT,155477195041,155477195086
1,257281,PUT,155477195454,155477195520
1,257537,PUT,155477195965,155477196027
1,257793,PUT,155477196287,155477196353
1,258049,PUT,155477196622,155477196685
1,258305,PUT,155477196948,155477197015
1,258561,PUT,155477197234,155477197280
1,258817,PUT,155477197357,155477197357
1,259073,PUT,155477197598,155477197661
1,259329,PUT,155477198498,155477198559
1,259585,PUT,155477198769,155477198796
1,259841,PUT,155477199098,155477199160
1,260097,PUT,155477199270,155477199297
1,260353,PUT,155477199380,155477199441
1,260609,PUT,155477199526,155477199584
1,260865,PUT,155477199693,155477199720
1,261121,PUT,155477199925,155477199950
1,261377,PUT,155477200001,155477200028
1,261633,PUT,155477200080,155477200151
1,261889,PUT,155477200414,155477200459
1,262145,PUT,155477200524,155477200588
1,262401,PUT,155477200704,155477200751
1,262657,PUT,155477201047,155477201072
1,262913,PUT,155477201102,155477201129
1,263169,PUT,155477201159,155477201185
1,263425,PUT,155477201214,155477201240
1,263681,PUT,155477201269,155477201296
1,263937,PUT,155477201324,155477201351
1,264193,PUT,155477201491,155477201517
1,264449,PUT,155477201601,155477201626
1,264705,PUT,155477201656,155477201681
1,264961,PUT,155477201712,155477201738
1,265217,PUT,155477201880,155477201904
1,265473,PUT,155477201935,155477201962
1,265729,PUT,155477202293,155477202318
1,265985,PUT,155477202401,155477202428
1,266241,PUT,155477202512,155477202537
1,266497,PUT,155477202896,155477205267
1,266753,PUT,155477205320,155477205356
1,267009,PUT,155477205404,155477205441
1,267265,PUT,155477205560,155477205586
1,267521,PUT,155477205616,155477205651
1,267777,PUT,155477205915,155477205978
1,268033,PUT,155477206086,155477206112
1,268289,PUT,155477206620,155477206683
1,268545,PUT,155477206795,155477206850
1,268801,PUT,155477206902,155477206929
1,269057,PUT,155477206979,155477207031
1,269313,PUT,155477207423,155477207484
1,269569,PUT,155477207554,155477207579
1,269825,PUT,155477207642,155477207667
1,270081,PUT,155477207865,155477207928
1,270337,PUT,155477208184,155477208246
1,270593,PUT,155477210027,155477210091
1,270849,PUT,155477210628,155477210722
1,271105,PUT,155477210805,155477210863
1,271361,PUT,155477210925,155477210952
1,271617,PUT,155477211020,155477211046
1,271873,PUT,155477211099,155477211181
1,272129,PUT,155477211287,155477211357
1,272385,PUT,155477211465,155477211510
1,272641,PUT,155477211562,155477211587
1,272897,PUT,155477211639,155477211716
1,273153,PUT,155477211970,155477212033
1,273409,PUT,155477212202,155477212264
1,273665,PUT,155477212327,155477212353
1,273921,PUT,155477212885,155477212955
1,274177,PUT,155477213252,155477213224
1,274433,PUT,155477213348,155477213414
1,274689,PUT,155477213745,155477213815
1,274945,PUT,155477213927,155477213998
1,275201,PUT,155477214108,155477214155
1,275457,PUT,155477214649,155477214713
1,275713,PUT,155477214987,155477215055
1,275969,PUT,155477215118,155477215144
1,276225,PUT,155477215197,155477215260
1,276481,PUT,155477216139,155477216183
1,276737,PUT,155477216440,155477216502
1,276993,PUT,155477216590,155477216650
1,277249,PUT,155477216724,155477216786
1,277505,PUT,155477216894,155477216932
1,277761,PUT,155477217299,155477217361
1,278017,PUT,155477217788,155477217851
1,278273,PUT,155477217916,155477217980
1,278529,PUT,155477218236,155477218299
1,278785,PUT,155477218514,155477218578
1,279041,PUT,155477218649,155477218676
1,279297,PUT,155477218908,155477218973
1,279553,PUT,155477219035,155477219062
1,279809,PUT,155477219278,155477219342
1,280065,PUT,155477219477,155477219546
1,280321,PUT,155477219655,155477219729
1,280577,PUT,155477219815,155477219872
1,280833,PUT,155477219983,155477220009
1,281089,PUT,155477220062,155477220089
1,281345,PUT,155477220301,155477220329
1,281601,PUT,155477220382,155477220409
1,281857,PUT,155477220774,155477220835
1,282113,PUT,155477220966,155477221028
1,282369,PUT,155477221286,155477221348
1,282625,PUT,155477221462,155477221509
1,282881,PUT,155477221771,155477221808
1,283137,PUT,155477222101,155477222164
1,283393,PUT,155477222274,155477222341
1,283649,PUT,155477222451,155477222498
1,283905,PUT,155477222551,155477222579
1,284161,PUT,155477222879,155477222942
1,284417,PUT,155477223005,155477223031
1,284673,PUT,155477223241,155477223278
1,284929,PUT,155477223377,155477223439
1,285185,PUT,155477223636,155477223700
1,285441,PUT,155477223978,155477224038
1,285697,PUT,155477224148,155477224214
1,285953,PUT,155477224322,155477224368
1,286209,PUT,155477224421,155477224447
1,286465,PUT,155477224789,155477224822
1,286721,PUT,155477224890,155477224949
1,286977,PUT,155477225014,155477225041
1,287233,PUT,155477225176,155477225204
1,287489,PUT,155477225800,155477225863
1,287745,PUT,155477225931,155477225957
1,288001,PUT,155477226012,155477226075
1,288257,PUT,155477226367,155477226397
1,288513,PUT,155477226504,155477226531
1,288769,PUT,155477226732,155477226790
1,289025,PUT,155477226853,155477226881
1,289281,PUT,155477226946,155477227013
1,289537,PUT,155477227272,155477227319
1,289793,PUT,155477227453,155477227480
1,290049,PUT,155477228228,155477228263
1,290305,PUT,155477228333,155477228390
1,290561,PUT,155477228443,155477228470
1,290817,PUT,155477229049,155477229110
1,291073,PUT,155477229225,155477229262
1,291329,PUT,155477229707,155477229777
1,291585,PUT,155477229863,155477229922
1,291841,PUT,155477230310,155477230337
1,292097,PUT,155477230390,155477230415
1,292353,PUT,155477230624,155477230686
1,292609,PUT,155477230907,155477230970
1,292865,PUT,155477232012,155477232075
1,293121,PUT,155477232141,155477232201
1,293377,PUT,155477232309,155477232355
1,293633,PUT,155477232556,155477232583
1,293889,PUT,155477232770,155477232797
1,294145,PUT,155477232851,155477232877
1,294401,PUT,155477233597,155477233658
1,294657,PUT,155477233998,155477234061
1,294913,PUT,155477234177,155477234224
1,295169,PUT,155477234277,155477234303
1,295425,PUT,155477234887,155477234948
1,295681,PUT,155477235064,155477235136
1,295937,PUT,155477235298,155477235345
1,296193,PUT,155477235516,155477235543
1,296449,PUT,155477235814,155477235876
1,296705,PUT,155477235961,155477236019
1,296961,PUT,155477236231,155477236258
1,297217,PUT,155477236333,155477236393
1,297473,PUT,155477236503,155477236571
1,297729,PUT,155477237352,155477237412
1,297985,PUT,155477237526,155477237553
1,298241,PUT,155477237761,155477237788
1,298497,PUT,155477237840,155477237867
1,298753,PUT,155477238070,155477238133
1,299009,PUT,155477238815,155477238879
1,299265,PUT,155477239217,155477239280
1,299521,PUT,155477239560,155477239619
1,299777,PUT,155477239889,155477239936
1,300033,PUT,155477240252,155477240315
1,300289,PUT,155477240812,155477240874
1,300545,PUT,155477241264,155477241335
1,300801,PUT,155477241437,155477241464
1,301057,PUT,155477241729,155477241762
1,301313,PUT,155477242365,155477242429
1,301569,PUT,155477242735,155477242764
1,301825,PUT,155477243313,155477243374
1,302081,PUT,155477243486,155477243513
1,302337,PUT,155477243718,155477243782
1,302593,PUT,155477244017,155477244079
1,302849,PUT,155477244315,155477244370
1,303105,PUT,155477244964,155477244991
1,303361,PUT,155477245196,155477245260
1,303617,PUT,155477245541,155477245589
1,303873,PUT,155477245813,155477245876
1,304129,PUT,155477246042,155477246068
1,304385,PUT,155477246807,155477246871
1,304641,PUT,155477246957,155477247015
1,304897,PUT,155477247441,155477247502
1,305153,PUT,155477247617,155477247644
1,305409,PUT,155477247847,155477247875
1,305665,PUT,155477248107,155477248171
1,305921,PUT,155477248384,155477248446
1,306177,PUT,155477248598,155477248628
1,306433,PUT,155477248701,155477248761
1,306689,PUT,155477248824,155477248851
1,306945,PUT,155477249041,155477249102
1,307201,PUT,155477249214,155477249280
1,307457,PUT,155477250165,155477250225
1,307713,PUT,155477250605,155477250667
1,307969,PUT,155477250782,155477250830
1,308225,PUT,155477250882,155477250908
1,308481,PUT,155477251097,155477251124
1,308737,PUT,155477251155,155477251182
1,308993,PUT,155477251215,155477251242
1,309249,PUT,155477251273,155477251300
1,309505,PUT,155477251355,155477251382
1,309761,PUT,155477251413,155477251439
1,310017,PUT,155477251695,155477251722
1,310273,PUT,155477251751,155477251778
1,310529,PUT,155477251808,155477251834
1,310785,PUT,155477251866,155477251893
1,311041,PUT,155477251924,155477251951
1,311297,PUT,155477251980,155477252008
1,311553,PUT,155477252294,155477252357
1,311809,PUT,155477252471,155477252518
1,312065,PUT,155477252908,155477252971
1,312321,PUT,155477253035,155477253062
1,312577,PUT,155477253285,155477253349
1,312833,PUT,155477253471,155477253543
1,313089,PUT,155477253648,155477253716
1,313345,PUT,155477254150,155477254213
1,313601,PUT,155477254625,155477254688
1,313857,PUT,155477256559,155477256621
1,314113,PUT,155477256797,155477256792
1,314369,PUT,155477256929,155477256957
1,314625,PUT,155477257206,155477257270
1,314881,PUT,155477257678,155477257740
1,315137,PUT,155477258039,155477258101
1,315393,PUT,155477258378,155477258426
1,315649,PUT,155477259111,155477259174
1,315905,PUT,155477259595,155477259622
1,316161,PUT,155477259859,155477259920
1,316417,PUT,155477260110,155477260158
1,316673,PUT,155477260277,155477260302
1,316929,PUT,155477260389,155477260416
1,317185,PUT,155477260506,155477260534
1,317441,PUT,155477260565,155477260593
1,317697,PUT,155477260740,155477260767
1,317953,PUT,155477260798,155477260824
1,318209,PUT,155477260982,155477261009
1,318465,PUT,155477261039,155477261065
1,318721,PUT,155477261498,155477261560
1,318977,PUT,155477261624,155477261650
1,319233,PUT,155477262022,155477262050
1,319489,PUT,155477262713,155477262774
1,319745,PUT,155477262902,155477262966
1,320001,PUT,155477263852,155477263915
1,320257,PUT,155477264027,155477264054
1,320513,PUT,155477264444,155477264508
1,320769,PUT,155477264619,155477264645
1,321025,PUT,155477264698,155477264725
1,321281,PUT,155477264900,155477264927
1,321537,PUT,155477265438,155477265501
1,321793,PUT,155477265851,155477265913
1,322049,PUT,155477266147,155477266210
1,322305,PUT,155477266322,155477266390
1,322561,PUT,155477266497,155477266545
1,322817,PUT,155477266599,155477266626
1,323073,PUT,155477266977,155477267046
1,323329,PUT,155477267155,155477267190
1,323585,PUT,155477267252,155477267311
1,323841,PUT,155477267442,155477267504
1,324097,PUT,155477267912,155477267975
1,324353,PUT,155477268040,155477268066
1,324609,PUT,155477268423,155477268488
1,324865,PUT,155477268864,155477268927
1,325121,PUT,155477269281,155477269342
1,325377,PUT,155477269645,155477269709
1,325633,PUT,155477269826,155477269897
1,325889,PUT,155477270115,155477270162
1,326145,PUT,155477270527,155477270554
1,326401,PUT,155477270762,155477270823
1,326657,PUT,155477271103,155477271150
1,326913,PUT,155477271202,155477271230
1,327169,PUT,155477271282,155477271310
1,327425,PUT,155477271409,155477271390
1,327681,PUT,155477271508,155477271567
1,327937,PUT,155477271631,155477271659
1,328193,PUT,155477271864,155477271891
1,328449,PUT,155477271943,155477272004
1,328705,PUT,155477272117,155477272185
1,328961,PUT,155477272902,155477272964
1,329217,PUT,155477273385,155477273446
1,329473,PUT,155477273513,155477273574
1,329729,PUT,155477273838,155477273903
1,329985,PUT,155477274013,155477274061
1,330241,PUT,155477274113,155477274140
1,330497,PUT,155477274222,155477274284
1,330753,PUT,155477274369,155477274427
1,331009,PUT,155477274810,155477274844
1,331265,PUT,155477275021,155477275083
1,331521,PUT,155477275193,155477275261
1,331777,PUT,155477275527,155477275590
1,332033,PUT,155477275699,155477275746
1,332289,PUT,155477275798,155477275825
1,332545,PUT,155477276072,155477276133
1,332801,PUT,155477276372,155477276433
1,333057,PUT,155477276500,155477276527
1,333313,PUT,155477276597,155477276623
1,333569,PUT,155477277030,155477277092
1,333825,PUT,155477277194,155477277251
1,334081,PUT,155477277348,155477277409
1,334337,PUT,155477277656,155477277712
1,334593,PUT,155477278737,155477278799
1,334849,PUT,155477278907,155477278975
1,335105,PUT,155477279091,155477279155
1,335361,PUT,155477279269,155477279316
1,335617,PUT,155477279542,155477279605
1,335873,PUT,155477279724,155477279791
1,336129,PUT,155477279898,155477279966
1,336385,PUT,155477280074,155477280122
1,336641,PUT,155477280174,155477280200
1,336897,PUT,155477280834,155477280896
1,337153,PUT,155477280962,155477280990
1,337409,PUT,155477281053,155477281116
1,337665,PUT,155477281378,155477281442
1,337921,PUT,155477281868,155477281931
1,338177,PUT,155477282386,155477282446
1,338433,PUT,155477282898,155477282960
1,338689,PUT,155477283060,155477283119
1,338945,PUT,155477283191,155477283217
1,339201,PUT,155477283617,155477283674
1,339457,PUT,155477284021,155477284085
1,339713,PUT,155477284302,155477284363
1,339969,PUT,155477284427,155477284455
1,340225,PUT,155477284517,155477284580
1,340481,PUT,155477285394,155477285456
1,340737,PUT,155477285522,155477285548
1,340993,PUT,155477285767,155477285829
1,341249,PUT,155477286257,155477286332
1,341505,PUT,155477286420,155477286476
1,341761,PUT,155477287109,155477287137
1,342017,PUT,155477287509,155477287575
1,342273,PUT,155477288086,155477288112
1,342529,PUT,155477288187,155477288248
1,342785,PUT,155477288354,155477288421
1,343041,PUT,155477288532,155477288599
1,343297,PUT,155477288859,155477288922
1,343553,PUT,155477288979,155477289027
1,343809,PUT,155477289081,155477289108
1,344065,PUT,155477289316,155477289343
1,344321,PUT,155477289396,155477289422
1,344577,PUT,155477289476,155477289501
1,344833,PUT,155477290056,155477290118
1,345089,PUT,155477290364,155477290427
1,345345,PUT,155477290664,155477290727
1,345601,PUT,155477290990,155477291054
1,345857,PUT,155477291336,155477291399
1,346113,PUT,155477291457,155477291526
1,346369,PUT,155477291960,155477292008
1,346625,PUT,155477292232,155477292294
1,346881,PUT,155477292406,155477292433
1,347137,PUT,155477292485,155477292558
1,347393,PUT,155477292669,155477292715
1,347649,PUT,155477292792,155477292853
1,347905,PUT,155477292947,155477293069
1,348161,PUT,155477294200,155477294262
1,348417,PUT,155477294374,155477294401
1,348673,PUT,155477294455,155477294527
1,348929,PUT,155477294636,155477294684
1,349185,PUT,155477294859,155477294923
1,349441,PUT,155477295041,155477295109
1,349697,PUT,155477295218,155477295289
1,349953,PUT,155477295513,155477295576
1,350209,PUT,155477295629,155477295656
1,350465,PUT,155477295738,155477295799
1,350721,PUT,155477296305,155477296367
1,350977,PUT,155477297140,155477297203
1,351233,PUT,155477297452,155477297517
1,351489,PUT,155477297605,155477297724
1,351745,PUT,155477297881,155477297928
1,352001,PUT,155477298328,155477298390
1,352257,PUT,155477298880,155477298939
1,352513,PUT,155477298999,155477299025
1,352769,PUT,155477299057,155477299084
1,353025,PUT,155477299114,155477299141
1,353281,PUT,155477299174,155477299199
1,353537,PUT,155477299230,155477299257
1,353793,PUT,155477299289,155477299316
1,354049,PUT,155477299466,155477299493
1,354305,PUT,155477299525,155477299551
1,354561,PUT,155477299582,155477299609
1,354817,PUT,155477299699,155477299726
1,355073,PUT,155477299757,155477299784
1,355329,PUT,155477299814,155477299840
1,355585,PUT,155477299872,155477299899
1,355841,PUT,155477299930,155477299957
1,356097,PUT,155477299986,155477300014
1,356353,PUT,155477300152,155477300221
1,356609,PUT,155477300329,155477300363
1,356865,PUT,155477300464,155477300526
1,357121,PUT,155477300938,155477300999
1,357377,PUT,155477301107,155477301185
1,357633,PUT,155477301273,155477301395
1,357889,PUT,155477303546,155477303610
1,358145,PUT,155477303782,155477303844
1,358401,PUT,155477304110,155477304171
1,358657,PUT,155477304282,155477304329
1,358913,PUT,155477304405,155477304466
1,359169,PUT,155477304574,155477304611
1,359425,PUT,155477304714,155477304776
1,359681,PUT,155477305675,155477305738
1,359937,PUT,155477305806,155477305831
1,360193,PUT,155477305891,155477305952
1,360449,PUT,155477306062,155477306109
1,360705,PUT,155477306162,155477306189
1,360961,PUT,155477306543,155477306606
1,361217,PUT,155477307240,155477307304
1,361473,PUT,155477307518,155477307547
1,361729,PUT,155477307751,155477307778
1,361985,PUT,155477307930,155477307958
1,362241,PUT,155477308226,155477308254
1,362497,PUT,155477308329,155477308386
1,362753,PUT,155477308450,155477308477
1,363009,PUT,155477308608,155477308635
1,363265,PUT,155477308751,155477308777
1,363521,PUT,155477309109,155477309168
1,363777,PUT,155477309281,155477309347
1,364033,PUT,155477309616,155477309676
1,364289,PUT,155477309785,155477309851
1,364545,PUT,155477310122,155477310169
1,364801,PUT,155477310246,155477310307
1,365057,PUT,155477310612,155477310648
1,365313,PUT,155477310717,155477310777
1,365569,PUT,155477310995,155477311022
1,365825,PUT,155477311527,155477311589
1,366081,PUT,155477312096,155477312158
1,366337,PUT,155477312217,155477312244
1,366593,PUT,155477312388,155477312415
1,366849,PUT,155477312446,155477312473
1,367105,PUT,155477312557,155477312585
1,367361,PUT,155477312673,155477312700
1,367617,PUT,155477312732,155477312759
1,367873,PUT,155477312934,155477312998
1,368129,PUT,155477313479,155477313541
1,368385,PUT,155477313950,155477314012
1,368641,PUT,155477314378,155477314440
1,368897,PUT,155477314557,155477314603
1,369153,PUT,155477314682,155477314743
1,369409,PUT,155477315016,155477315077
1,369665,PUT,155477315184,155477315220
1,369921,PUT,155477315551,155477315615
1,370177,PUT,155477315732,155477315780
1,370433,PUT,155477315833,155477315860
1,370689,PUT,155477315912,155477315939
1,370945,PUT,155477316184,155477316246
1,371201,PUT,155477316580,155477316641
1,371457,PUT,155477316718,155477316779
1,371713,PUT,155477316960,155477317023
1,371969,PUT,155477317089,155477317153
1,372225,PUT,155477317219,155477317283
1,372481,PUT,155477317339,155477317387
1,372737,PUT,155477317471,155477317467
1,372993,PUT,155477317888,155477317947
1,373249,PUT,155477318489,155477318551
1,373505,PUT,155477318629,155477318690
1,373761,PUT,155477370338,155477370408
1,374017,PUT,155477370505,155477370565
1,374273,PUT,155477370868,155477370934
1,374529,PUT,155477371401,155477371463
1,374785,PUT,155477371848,155477371912
1,375041,PUT,155477372005,155477372066
1,375297,PUT,155477372331,155477372398
1,375553,PUT,155477372631,155477372657
1,375809,PUT,155477373080,155477373143
1,376065,PUT,155477373252,155477373329
1,376321,PUT,155477373531,155477373592
1,376577,PUT,155477373707,155477373733
1,376833,PUT,155477373885,155477373913
1,377089,PUT,155477374142,155477374206
1,377345,PUT,155477374295,155477374355
1,377601,PUT,155477374470,155477374496
1,377857,PUT,155477374714,155477374740
1,378113,PUT,155477374794,155477374858
1,378369,PUT,155477375103,155477375171
1,378625,PUT,155477375240,155477375302
1,378881,PUT,155477375702,155477375767
1,379137,PUT,155477376103,155477376166
1,379393,PUT,155477376386,155477376413
1,379649,PUT,155477376535,155477376561
1,379905,PUT,155477376839,155477376905
1,380161,PUT,155477376973,155477376999
1,380417,PUT,155477377210,155477377237
1,380673,PUT,155477377442,155477377510
1,380929,PUT,155477377729,155477377795
1,381185,PUT,155477378164,155477378191
1,381441,PUT,155477378403,155477378468
1,381697,PUT,155477378751,155477378800
1,381953,PUT,155477378987,155477379014
1,382209,PUT,155477379078,155477379150
1,382465,PUT,155477379262,155477379329
1,382721,PUT,155477379599,155477379663
1,382977,PUT,155477379722,155477379749
1,383233,PUT,155477379820,155477379847
1,383489,PUT,155477380426,155477380466
1,383745,PUT,155477380961,155477381027
1,384001,PUT,155477381244,155477381292
1,384257,PUT,155477381623,155477381688
1,384513,PUT,155477381827,155477381875
1,384769,PUT,155477382061,155477382087
1,385025,PUT,155477382481,155477382545
1,385281,PUT,155477382948,155477383010
1,385537,PUT,155477383125,155477383150
1,385793,PUT,155477383204,155477383232
1,386049,PUT,155477383508,155477383544
1,386305,PUT,155477383648,155477383711
1,386561,PUT,155477384071,155477384131
1,386817,PUT,155477384251,155477384315
1,387073,PUT,155477385024,155477385091
1,387329,PUT,155477385150,155477385176
1,387585,PUT,155477385230,155477385257
1,387841,PUT,155477385569,155477385634
1,388097,PUT,155477385756,155477385807
1,388353,PUT,155477385861,155477385888
1,388609,PUT,155477386068,155477386139
1,388865,PUT,155477386207,155477386232
1,389121,PUT,155477386450,155477386515
1,389377,PUT,155477386573,155477386599
1,389633,PUT,155477386652,155477386679
1,389889,PUT,155477386912,155477386978
1,390145,PUT,155477387090,155477387155
1,390401,PUT,155477387367,155477387430
1,390657,PUT,155477387539,155477387576
1,390913,PUT,155477387838,155477387902
1,391169,PUT,155477388432,155477388493
1,391425,PUT,155477388556,155477388619
1,391681,PUT,155477388733,155477388781
1,391937,PUT,155477388835,155477388861
1,392193,PUT,155477389070,155477389097
1,392449,PUT,155477389151,155477389177
1,392705,PUT,155477389631,155477389694
1,392961,PUT,155477389800,155477389842
1,393217,PUT,155477389949,155477390015
1,393473,PUT,155477390556,155477390621
1,393729,PUT,155477390689,155477390750
1,393985,PUT,155477390862,155477390910
1,394241,PUT,155477391020,155477391048
1,394497,PUT,155477391229,155477391257
1,394753,PUT,155477391310,155477391337
1,395009,PUT,155477391391,155477391418
1,395265,PUT,155477392081,155477392145
1,395521,PUT,155477392211,155477392237
1,395777,PUT,155477392268,155477392294
1,396033,PUT,155477392519,155477392547
1,396289,PUT,155477392639,155477392666
1,396545,PUT,155477393001,155477393028
1,396801,PUT,155477393240,155477393266
1,397057,PUT,155477393297,155477393323
1,397313,PUT,155477393355,155477393381
1,397569,PUT,155477393466,155477393494
1,397825,PUT,155477393524,155477393550
1,398081,PUT,155477393583,155477393609
1,398337,PUT,155477393695,155477393721
1,398593,PUT,155477393897,155477393964
1,398849,PUT,155477394117,155477394159
1,399105,PUT,155477394316,155477394383
1,399361,PUT,155477394514,155477394582
1,399617,PUT,155477394727,155477394776
1,399873,PUT,155477395309,155477395345
1,400129,PUT,155477395499,155477395565
1,400385,PUT,155477395685,155477395731
1,400641,PUT,155477395783,155477395811
1,400897,PUT,155477395991,155477396055
1,401153,PUT,155477396121,155477396169
1,401409,PUT,155477396374,155477396401
1,401665,PUT,155477396577,155477396646
1,401921,PUT,155477396758,155477396824
1,402177,PUT,155477397711,155477397772
1,402433,PUT,155477397825,155477397853
1,402689,PUT,155477397935,155477397999
1,402945,PUT,155477398110,155477398147
1,403201,PUT,155477398370,155477398431
1,403457,PUT,155477398700,155477398767
1,403713,PUT,155477398828,155477398897
1,403969,PUT,155477399008,155477399081
1,404225,PUT,155477399347,155477399413
1,404481,PUT,155477399691,155477399739
1,404737,PUT,155477400106,155477400138
1,404993,PUT,155477400209,155477400270
1,405249,PUT,155477400334,155477400362
1,405505,PUT,155477400433,155477400503
1,405761,PUT,155477402545,155477402616
1,406017,PUT,155477402733,155477402781
1,406273,PUT,155477403182,155477403248
1,406529,PUT,155477403318,155477403377
1,406785,PUT,155477403490,155477403537
1,407041,PUT,155477403590,155477403652
1,407297,PUT,155477404203,155477404264
1,407553,PUT,155477404670,155477404735
1,407809,PUT,155477405221,155477405338
1,408065,PUT,155477405404,155477405430
1,408321,PUT,155477405589,155477405662
1,408577,PUT,155477405908,155477405975
1,408833,PUT,155477406257,155477406319
1,409089,PUT,155477406431,155477406479
1,409345,PUT,155477406877,155477406942
1,409601,PUT,155477406995,155477407075
1,409857,PUT,155477407190,155477407237
1,410113,PUT,155477407447,155477407509
1,410369,PUT,155477407624,155477407693
1,410625,PUT,155477408119,155477408186
1,410881,PUT,155477408248,155477408274
1,411137,PUT,155477408487,155477408553
1,411393,PUT,155477408986,155477409052
1,411649,PUT,155477409167,155477409193
1,411905,PUT,155477409378,155477409442
1,412161,PUT,155477409852,155477409917
1,412417,PUT,155477410145,155477410211
1,412673,PUT,155477410326,155477410353
1,412929,PUT,155477411089,155477411151
1,413185,PUT,155477411260,155477411302
1,413441,PUT,155477411618,155477411685
1,413697,PUT,155477411799,155477411864
1,413953,PUT,155477412467,155477412528
1,414209,PUT,155477412612,155477412609
1,414465,PUT,155477413057,155477413122
1,414721,PUT,155477413453,155477413519
1,414977,PUT,155477414013,155477414078
1,415233,PUT,155477414143,155477414171
1,415489,PUT,155477414248,155477414311
1,415745,PUT,155477414561,155477414626
1,416001,PUT,155477414805,155477414831
1,416257,PUT,155477414922,155477414951
1,416513,PUT,155477414981,155477415008
1,416769,PUT,155477415381,155477415408
1,417025,PUT,155477415552,155477415579
1,417281,PUT,155477415671,155477415698
1,417537,PUT,155477415730,155477415757
1,417793,PUT,155477415789,155477415817
1,418049,PUT,155477416320,155477416349
1,418305,PUT,155477416378,155477416405
1,418561,PUT,155477416501,155477416527
1,418817,PUT,155477416775,155477416843
1,419073,PUT,155477417016,155477417083
1,419329,PUT,155477417150,155477417177
1,419585,PUT,155477417368,155477417394
1,419841,PUT,155477417814,155477417878
1,420097,PUT,155477417993,155477418058
1,420353,PUT,155477418409,155477418473
1,420609,PUT,155477419297,155477419362
1,420865,PUT,155477419495,155477419543
1,421121,PUT,155477419598,155477419624
1,421377,PUT,155477420051,155477420115
1,421633,PUT,155477420177,155477420225
1,421889,PUT,155477420306,155477420369
1,422145,PUT,155477420624,155477420688
1,422401,PUT,155477421144,155477421210
1,422657,PUT,155477421317,155477421358
1,422913,PUT,155477421764,155477421827
1,423169,PUT,155477421935,155477422010
1,423425,PUT,155477422118,155477422195
1,423681,PUT,155477422353,155477422327
1,423937,PUT,155477422481,155477422547
1,424193,PUT,155477423020,155477423083
1,424449,PUT,155477423344,155477423405
1,424705,PUT,155477423471,155477423497
1,424961,PUT,155477423551,155477423618
1,425217,PUT,155477423973,155477424036
1,425473,PUT,155477424935,155477424977
1,425729,PUT,155477425082,155477425105
1,425985,PUT,155477425361,155477425425
1,426241,PUT,155477425794,155477425858
1,426497,PUT,155477426250,155477426314
1,426753,PUT,155477426432,155477426509
1,427009,PUT,155477426795,155477426862
1,427265,PUT,155477427305,155477427368
1,427521,PUT,155477427891,155477427937
1,427777,PUT,155477428044,155477428107
1,428033,PUT,155477428198,155477428257
1,428289,PUT,155477428323,155477428350
1,428545,PUT,155477428649,155477428716
1,428801,PUT,155477428834,155477428882
1,429057,PUT,155477428935,155477428962
1,429313,PUT,155477429870,155477429933
1,429569,PUT,155477430543,155477430608
1,429825,PUT,155477430673,155477430700
1,430081,PUT,155477430756,155477430823
1,430337,PUT,155477431089,155477431156
1,430593,PUT,155477431373,155477431440
1,430849,PUT,155477431558,155477431605
1,431105,PUT,155477431660,155477431687
1,431361,PUT,155477431768,155477431831
1,431617,PUT,155477432203,155477432267
1,431873,PUT,155477432639,155477432711
1,432129,PUT,155477432974,155477433001
1,432385,PUT,155477433247,155477433275
1,432641,PUT,155477433563,155477433627
1,432897,PUT,155477434415,155477434478
1,433153,PUT,155477434727,155477434788
1,433409,PUT,155477435214,155477435240
1,433665,PUT,155477435453,155477435519
1,433921,PUT,155477435765,155477435829
1,434177,PUT,155477435940,155477436007
1,434433,PUT,155477436168,155477436217
1,434689,PUT,155477436427,155477436493
1,434945,PUT,155477436664,155477436735
1,435201,PUT,155477437017,155477437081
1,435457,PUT,155477437168,155477437229
1,435713,PUT,155477437534,155477437563
1,435969,PUT,155477437821,155477437887
1,436225,PUT,155477437997,155477438070
1,436481,PUT,155477438611,155477438650
1,436737,PUT,155477438754,155477438818
1,436993,PUT,155477438931,155477438971
1,437249,PUT,155477439149,155477439214
1,437505,PUT,155477439317,155477439386
1,437761,PUT,155477439687,155477439751
1,438017,PUT,155477439822,155477439886
1,438273,PUT,155477440104,155477440167
1,438529,PUT,155477440281,155477440328
1,438785,PUT,155477440536,155477440563
1,439041,PUT,155477440617,155477440643
1,439297,PUT,155477440697,155477440724
1,439553,PUT,155477440954,155477441018
1,439809,PUT,155477441615,155477441678
1,440065,PUT,155477442599,155477442664
1,440321,PUT,155477442779,155477442806
1,440577,PUT,155477442860,155477442932
1,440833,PUT,155477443095,155477443159
1,441089,PUT,155477445215,155477445260
1,441345,PUT,155477445950,155477446014
1,441601,PUT,155477446122,155477446166
1,441857,PUT,155477446932,155477446970
1,442113,PUT,155477447262,155477447328
1,442369,PUT,155477447445,155477447518
1,442625,PUT,155477447780,155477447845
1,442881,PUT,155477447955,155477448003
1,443137,PUT,155477448056,155477448083
1,443393,PUT,155477448136,155477448162
1,443649,PUT,155477448408,155477448436
1,443905,PUT,155477448467,155477448494
1,444161,PUT,155477448525,155477448552
1,444417,PUT,155477448585,155477448613
1,444673,PUT,155477448644,155477448673
1,444929,PUT,155477448882,155477448910
1,445185,PUT,155477448941,155477448968
1,445441,PUT,155477449002,155477449027
1,445697,PUT,155477449060,155477449088
1,445953,PUT,155477449173,155477449200
1,446209,PUT,155477449232,155477449258
1,446465,PUT,155477449475,155477449501
1,446721,PUT,155477449948,155477450011
1,446977,PUT,155477450266,155477450328
1,447233,PUT,155477450536,155477450600
1,447489,PUT,155477451055,155477451122
1,447745,PUT,155477451190,155477451259
1,448001,PUT,155477451493,155477451558
1,448257,PUT,155477451819,155477451884
1,448513,PUT,155477452004,155477452080
1,448769,PUT,155477452257,155477452322
1,449025,PUT,155477452460,155477452517
1,449281,PUT,155477452679,155477452745
1,449537,PUT,155477453019,155477453136
1,449793,PUT,155477453353,155477453379
1,450049,PUT,155477453537,155477453607
1,450305,PUT,155477454045,155477454028
1,450561,PUT,155477454146,155477454207
1,450817,PUT,155477454348,155477454419
1,451073,PUT,155477454951,155477455013
1,451329,PUT,155477455517,155477455580
1,451585,PUT,155477455664,155477455727
1,451841,PUT,155477455814,155477455875
1,452097,PUT,155477455988,155477456016
1,452353,PUT,155477456220,155477456285
1,452609,PUT,155477456353,155477456423
1,452865,PUT,155477456533,155477456605
1,453121,PUT,155477456824,155477456889
1,453377,PUT,155477457004,155477457052
1,453633,PUT,155477457308,155477457350
1,453889,PUT,155477457413,155477457473
1,454145,PUT,155477457692,155477457756
1,454401,PUT,155477457933,155477457997
1,454657,PUT,155477458398,155477458462
1,454913,PUT,155477458565,155477458624
1,455169,PUT,155477458915,155477458981
1,455425,PUT,155477459371,155477459439
1,455681,PUT,155477460169,155477460236
1,455937,PUT,155477460296,155477460323
1,456193,PUT,155477460484,155477460513
1,456449,PUT,155477460543,155477460570
1,456705,PUT,155477460658,155477460686
1,456961,PUT,155477460834,155477460860
1,457217,PUT,155477460891,155477460918
1,457473,PUT,155477461072,155477461100
1,457729,PUT,155477461194,155477461223
1,457985,PUT,155477461255,155477461282
1,458241,PUT,155477461314,155477461342
1,458497,PUT,155477461373,155477461401
1,458753,PUT,155477461431,155477461459
1,459009,PUT,155477461529,155477461595
1,459265,PUT,155477461688,155477461747
1,459521,PUT,155477461966,155477461992
1,459777,PUT,155477462427,155477462470
1,460033,PUT,155477462533,155477462593
1,460289,PUT,155477462963,155477462990
1,460545,PUT,155477463082,155477463147
1,460801,PUT,155477463205,155477463280
1,461057,PUT,155477463367,155477463394
1,461313,PUT,155477463649,155477463709
1,461569,PUT,155477463827,155477463855
1,461825,PUT,155477463916,155477463980
1,462081,PUT,155477464094,155477464140
1,462337,PUT,155477464193,155477464221
1,462593,PUT,155477464275,155477464302
1,462849,PUT,155477464830,155477464894
1,463105,PUT,155477465009,155477465075
1,463361,PUT,155477465289,155477465353
1,463617,PUT,155477465463,155477465502
1,463873,PUT,155477465856,155477465916
1,464129,PUT,155477466136,155477466205
1,464385,PUT,155477466471,155477466536
1,464641,PUT,155477466897,155477466964
1,464897,PUT,155477467114,155477467180
1,465153,PUT,155477467297,155477467370
1,465409,PUT,155477467679,155477467722
1,465665,PUT,155477467900,155477467967
1,465921,PUT,155477468552,155477468622
1,466177,PUT,155477468727,155477468754
1,466433,PUT,155477468977,155477469005
1,466689,PUT,155477469417,155477469483
1,466945,PUT,155477469592,155477469630
1,467201,PUT,155477469733,155477469797
1,467457,PUT,155477470219,155477470282
1,467713,PUT,155477470391,155477470428
1,467969,PUT,155477470539,155477470604
1,468225,PUT,155477470968,155477471007
1,468481,PUT,155477471700,155477471764
1,468737,PUT,155477472029,155477472095
1,468993,PUT,155477472374,155477472439
1,469249,PUT,155477472496,155477472587
1,469505,PUT,155477472649,155477472715
1,469761,PUT,155477472778,155477472839
1,470017,PUT,155477472952,155477473025
1,470273,PUT,155477473233,155477473294
1,470529,PUT,155477473598,155477473663
1,470785,PUT,155477473728,155477473756
1,471041,PUT,155477473824,155477473851
1,471297,PUT,155477474071,155477474098
1,471553,PUT,155477474158,155477474222
1,471809,PUT,155477474805,155477474870
1,472065,PUT,155477474976,155477475028
1,472321,PUT,155477475258,155477475324
1,472577,PUT,155477475391,155477475419
1,472833,PUT,155477475623,155477475687
1,473089,PUT,155477475902,155477475930
1,473345,PUT,155477476408,155477476434
1,473601,PUT,155477476815,155477476882
1,473857,PUT,155477476946,155477477006
1,474113,PUT,155477477268,155477477302
1,474369,PUT,155477477370,155477477436
1,474625,PUT,155477477661,155477477726
1,474881,PUT,155477477902,155477477972
1,475137,PUT,155477478081,155477478120
1,475393,PUT,155477478558,155477478618
1,475649,PUT,155477478921,155477478989
1,475905,PUT,155477479807,155477479872
1,476161,PUT,155477479938,155477479966
1,476417,PUT,155477480023,155477480049
1,476673,PUT,155477480103,155477480180
1,476929,PUT,155477480412,155477480474
1,477185,PUT,155477481002,155477481080
1,477441,PUT,155477481476,155477481509
1,477697,PUT,155477481707,155477481768
1,477953,PUT,155477481821,155477481848
1,478209,PUT,155477482057,155477482122
1,478465,PUT,155477482242,155477482316
1,478721,PUT,155477482424,155477482499
1,478977,PUT,155477482606,155477482654
1,479233,PUT,155477482977,155477483040
1,479489,PUT,155477483437,155477483501
1,479745,PUT,155477484043,155477484109
1,480001,PUT,155477484177,155477484225
1,480257,PUT,155477484732,155477484793
1,480513,PUT,155477485318,155477485385
1,480769,PUT,155477485590,155477485650
1,481025,PUT,155477485703,155477485731
1,481281,PUT,155477485920,155477485946
1,481537,PUT,155477486780,155477486847
1,481793,PUT,155477486911,155477486981
1,482049,PUT,155477487247,155477487313
1,482305,PUT,155477487587,155477487652
1,482561,PUT,155477491368,155477491431
1,482817,PUT,155477492135,155477492196
1,483073,PUT,155477492460,155477492525
1,483329,PUT,155477492595,155477492660
1,483585,PUT,155477492728,155477492791
1,483841,PUT,155477492920,155477492971
1,484097,PUT,155477493255,155477493214
1,484353,PUT,155477493358,155477493418
1,484609,PUT,155477493481,155477493572
1,484865,PUT,155477495183,155477495251
1,485121,PUT,155477495403,155477495457
1,485377,PUT,155477495511,155477495574
1,485633,PUT,155477495688,155477495758
1,485889,PUT,155477495846,155477495907
1,486145,PUT,155477496105,155477496161
1,486401,PUT,155477496249,155477496276
1,486657,PUT,155477496375,155477496403
1,486913,PUT,155477496671,155477496699
1,487169,PUT,155477496905,155477496932
1,487425,PUT,155477496965,155477496990
1,487681,PUT,155477497079,155477497105
1,487937,PUT,155477497138,155477497164
1,488193,PUT,155477497251,155477497278
1,488449,PUT,155477497373,155477497399
1,488705,PUT,155477497468,155477497531
1,488961,PUT,155477498098,155477498165
1,489217,PUT,155477498274,155477498338
1,489473,PUT,155477498393,155477498419
1,489729,PUT,155477498592,155477498647
1,489985,PUT,155477499078,155477499139
1,490241,PUT,155477499302,155477499372
1,490497,PUT,155477499754,155477499809
1,490753,PUT,155477500143,155477500206
1,491009,PUT,155477500634,155477503854
1,491265,PUT,155477503918,155477503957
1,491521,PUT,155477503989,155477504015
1,491777,PUT,155477504083,155477504101
1,492033,PUT,155477504707,155477504770
1,492289,PUT,155477504878,155477504915
1,492545,PUT,155477505016,155477505078
1,492801,PUT,155477505186,155477505223
1,493057,PUT,155477505330,155477505391
1,493313,PUT,155477505657,155477505720
1,493569,PUT,155477505996,155477506061
1,493825,PUT,155477506577,155477506639
1,494081,PUT,155477507192,155477507255
1,494337,PUT,155477507373,155477507444
1,494593,PUT,155477507520,155477507584
1,494849,PUT,155477507653,155477507701
1,495105,PUT,155477508014,155477508077
1,495361,PUT,155477508388,155477508433
1,495617,PUT,155477508630,155477508689
1,495873,PUT,155477508803,155477508830
1,496129,PUT,155477508884,155477508953
1,496385,PUT,155477509066,155477509112
1,496641,PUT,155477509190,155477509192
1,496897,PUT,155477509452,155477509510
1,497153,PUT,155477509575,155477509635
1,497409,PUT,155477509902,155477509950
1,497665,PUT,155477510933,155477510996
1,497921,PUT,155477511289,155477511316
1,498177,PUT,155477511946,155477512009
1,498433,PUT,155477512293,155477512354
1,498689,PUT,155477512593,155477512652
1,498945,PUT,155477512718,155477512745
1,499201,PUT,155477512951,155477513015
1,499457,PUT,155477513132,155477513179
1,499713,PUT,155477513233,155477513260
1,499969,PUT,155477513313,155477513341
1,500225,PUT,155477514117,155477514182
1,500481,PUT,155477514305,155477514352
1,500737,PUT,155477514601,155477514664
1,500993,PUT,155477514770,155477514848
1,501249,PUT,155477514937,155477514994
1,501505,PUT,155477515081,155477515143
1,501761,PUT,155477515400,155477515463
1,502017,PUT,155477515764,155477515832
1,502273,PUT,155477516037,155477516095
1,502529,PUT,155477516315,155477516378
1,502785,PUT,155477516442,155477516469
1,503041,PUT,155477516957,155477517020
1,503297,PUT,155477517082,155477517109
1,503553,PUT,155477517327,155477517355
1,503809,PUT,155477517387,155477517414
1,504065,PUT,155477517501,155477517528
1,504321,PUT,155477517621,155477517647
1,504577,PUT,155477518032,155477518060
1,504833,PUT,155477518091,155477518118
1,505089,PUT,155477518150,155477518176
1,505345,PUT,155477518207,155477518234
1,505601,PUT,155477518265,155477518293
1,505857,PUT,155477518448,155477518475
1,506113,PUT,155477518555,155477518620
1,506369,PUT,155477518682,155477518750
1,506625,PUT,155477518974,155477519022
1,506881,PUT,155477519312,155477519375
1,507137,PUT,155477519602,155477519666
1,507393,PUT,155477519736,155477519784
1,507649,PUT,155477519862,155477519924
1,507905,PUT,155477520271,155477520334
1,508161,PUT,155477520566,155477520629
1,508417,PUT,155477520752,155477520799
1,508673,PUT,155477521146,155477521214
1,508929,PUT,155477521302,155477521361
1,509185,PUT,155477521473,155477521536
1,509441,PUT,155477521862,155477521926
1,509697,PUT,155477522205,155477522253
1,509953,PUT,155477522500,155477522492
1,510209,PUT,155477522600,155477522659
1,510465,PUT,155477522724,155477522752
1,510721,PUT,155477522955,155477523019
1,510977,PUT,155477523132,155477523199
1,511233,PUT,155477523530,155477523647
1,511489,PUT,155477523867,155477523894
1,511745,PUT,155477523987,155477524050
1,512001,PUT,155477524185,155477524254
1,512257,PUT,155477524516,155477524579
1,512513,PUT,155477524651,155477524714
1,512769,PUT,155477524782,155477524845
1,513025,PUT,155477524953,155477525020
1,513281,PUT,155477525129,155477525199
1,513537,PUT,155477525309,155477525382
1,513793,PUT,155477525487,155477525559
1,514049,PUT,155477525669,155477525717
1,514305,PUT,155477525797,155477525860
1,514561,PUT,155477525969,155477526040
1,514817,PUT,155477526126,155477526185
1,515073,PUT,155477526271,155477526333
1,515329,PUT,155477526421,155477526480
1,515585,PUT,155477526592,155477526617
1,515841,PUT,155477527286,155477527347
1,516097,PUT,155477527724,155477527787
1,516353,PUT,155477528210,155477528272
1,516609,PUT,155477528394,155477528421
1,516865,PUT,155477528449,155477528543
1,517121,PUT,155477529041,155477529108
1,517377,PUT,155477529437,155477529502
1,517633,PUT,155477529616,155477529664
1,517889,PUT,155477530056,155477530119
1,518145,PUT,155477530356,155477530419
1,518401,PUT,155477530680,155477530719
1,518657,PUT,155477531340,155477531381
1,518913,PUT,155477531563,155477531626
1,519169,PUT,155477531740,155477531806
1,519425,PUT,155477531919,155477531966
1,519681,PUT,155477532019,155477532046
1,519937,PUT,155477532100,155477532126
1,520193,PUT,155477532216,155477532279
1,520449,PUT,155477532682,155477532746
1,520705,PUT,155477532810,155477532837
1,520961,PUT,155477533063,155477533125
1,521217,PUT,155477533262,155477533310
1,521473,PUT,155477533496,155477533522
1,521729,PUT,155477533693,155477533757
1,521985,PUT,155477534023,155477534051
1,522241,PUT,155477534234,155477534260
1,522497,PUT,155477534314,155477534341
1,522753,PUT,155477534394,155477534471
1,523009,PUT,155477535027,155477535091
1,523265,PUT,155477535199,155477535246
1,523521,PUT,155477535326,155477535389
1,523777,PUT,155477535760,155477535824
1,524033,PUT,155477535937,155477536004
1,524289,PUT,155477536218,155477536280
1,524545,PUT,155477536372,155477536430
1,524801,PUT,155477536544,155477536572
1,525057,PUT,155477536779,155477536842
1,525313,PUT,155477537085,155477537147
1,525569,PUT,155477537427,155477537489
1,525825,PUT,155477537743,155477537808
1,526081,PUT,155477537886,155477537949
1,526337,PUT,155477538058,155477538095
1,526593,PUT,155477538310,155477538370
1,526849,PUT,155477538436,155477538497
1,527105,PUT,155477538668,155477538731
1,527361,PUT,155477538840,155477538878
1,527617,PUT,155477539037,155477539100
1,527873,PUT,155477539765,155477539828
1,528129,PUT,155477540063,155477540124
1,528385,PUT,155477540233,155477540269
1,528641,PUT,155477540612,155477540678
1,528897,PUT,155477542277,155477542342
1,529153,PUT,155477542842,155477542881
1,529409,PUT,155477542986,155477543048
1,529665,PUT,155477543260,155477543320
1,529921,PUT,155477543436,155477543462
1,530177,PUT,155477543721,155477543758
1,530433,PUT,155477544312,155477544376
1,530689,PUT,155477544495,155477544543
1,530945,PUT,155477544923,155477544988
1,531201,PUT,155477545106,155477545178
1,531457,PUT,155477545451,155477545516
1,531713,PUT,155477545751,155477545815
1,531969,PUT,155477546088,155477546152
1,532225,PUT,155477546465,155477546532
1,532481,PUT,155477546593,155477546619
1,532737,PUT,155477546841,155477546904
1,532993,PUT,155477546966,155477547031
1,533249,PUT,155477547143,155477547213
1,533505,PUT,155477547319,155477547390
1,533761,PUT,155477547807,155477547865
1,534017,PUT,155477548511,155477548574
1,534273,PUT,155477549028,155477549089
1,534529,PUT,155477549187,155477549249
1,534785,PUT,155477549361,155477549387
1,535041,PUT,155477549441,155477549468
1,535297,PUT,155477550147,155477550217
1,535553,PUT,155477550328,155477550376
1,535809,PUT,155477550586,155477550613
1,536065,PUT,155477550916,155477550979
1,536321,PUT,155477551199,155477551262
1,536577,PUT,155477551831,155477551893
1,536833,PUT,155477552005,155477552073
1,537089,PUT,155477552185,155477552257
1,537345,PUT,155477552365,155477552437
1,537601,PUT,155477552840,155477552831
1,537857,PUT,155477552976,155477553039
1,538113,PUT,155477553125,155477553186
1,538369,PUT,155477553252,155477553278
1,538625,PUT,155477553336,155477553400
1,538881,PUT,155477553571,155477553633
1,539137,PUT,155477553743,155477553780
1,539393,PUT,155477553841,155477553901
1,539649,PUT,155477554018,155477554082
1,539905,PUT,155477554394,155477554457
1,540161,PUT,155477554526,155477554553
1,540417,PUT,155477554972,155477554999
1,540673,PUT,155477555030,155477555057
1,540929,PUT,155477555205,155477555232
1,541185,PUT,155477555325,155477555351
1,541441,PUT,155477555505,155477555532
1,541697,PUT,155477555617,155477555643
1,541953,PUT,155477556019,155477556081
1,542209,PUT,155477556174,155477556233
1,542465,PUT,155477556416,155477556479
1,542721,PUT,155477556730,155477556793
1,542977,PUT,155477557030,155477557093
1,543233,PUT,155477557636,155477557698
1,543489,PUT,155477557812,155477557837
1,543745,PUT,155477558076,155477558142
1,544001,PUT,155477558210,155477558236
1,544257,PUT,155477558296,155477558362
1,544513,PUT,155477558472,155477558520
1,544769,PUT,155477558574,155477558639
1,545025,PUT,155477558895,155477558958
1,545281,PUT,155477559175,155477559222
1,545537,PUT,155477559621,155477559684
1,545793,PUT,155477559954,155477560017
1,546049,PUT,155477560079,155477560148
1,546305,PUT,155477560256,155477560305
1,546561,PUT,155477560385,155477560447
1,546817,PUT,155477560655,155477560714
1,547073,PUT,155477560981,155477561043
1,547329,PUT,155477561678,155477561747
1,547585,PUT,155477561834,155477561892
1,547841,PUT,155477561952,155477561979
1,548097,PUT,155477562379,155477562447
1,548353,PUT,155477562563,155477562590
1,548609,PUT,155477562621,155477562648
1,548865,PUT,155477562864,155477562891
1,549121,PUT,155477562922,155477562949
1,549377,PUT,155477562980,155477563007
1,549633,PUT,155477563038,155477563063
1,549889,PUT,155477563094,155477563120
1,550145,PUT,155477563150,155477563176
1,550401,PUT,155477563206,155477563233
1,550657,PUT,155477563444,155477563472
1,550913,PUT,155477563504,155477563531
1,551169,PUT,155477563560,155477563587
1,551425,PUT,155477563616,155477563644
1,551681,PUT,155477563720,155477563789
1,551937,PUT,155477564241,155477564311
1,552193,PUT,155477564369,155477564396
1,552449,PUT,155477564464,155477564491
1,552705,PUT,155477564703,155477564766
1,552961,PUT,155477565208,155477565271
1,553217,PUT,155477565519,155477565578
1,553473,PUT,155477565962,155477565989
1,553729,PUT,155477566050,155477566077
1,553985,PUT,155477566208,155477566277
1,554241,PUT,155477566516,155477566576
1,554497,PUT,155477566691,155477566756
1,554753,PUT,155477566918,155477566983
1,555009,PUT,155477567093,155477567163
1,555265,PUT,155477567231,155477567278
1,555521,PUT,155477567619,155477567647
1,555777,PUT,155477567952,155477568016
1,556033,PUT,155477568129,155477568193
1,556289,PUT,155477568632,155477568694
1,556545,PUT,155477568963,155477568990
1,556801,PUT,155477569245,155477569308
1,557057,PUT,155477569566,155477569596
1,557313,PUT,155477569723,155477569845
1,557569,PUT,155477569937,155477570001
1,557825,PUT,155477570321,155477570383
1,558081,PUT,155477570499,155477570562
1,558337,PUT,155477570721,155477570793
1,558593,PUT,155477570901,155477570948
1,558849,PUT,155477571157,155477571183
1,559105,PUT,155477571731,155477571794
1,559361,PUT,155477572065,155477572130
1,559617,PUT,155477572687,155477572749
1,559873,PUT,155477573027,155477573091
1,560129,PUT,155477573578,155477573642
1,560385,PUT,155477573908,155477573937
1,560641,PUT,155477573999,155477574062
1,560897,PUT,155477574855,155477574919
1,561153,PUT,155477574984,155477575012
1,561409,PUT,155477575371,155477575435
1,561665,PUT,155477575992,155477576057
1,561921,PUT,155477576434,155477576497
1,562177,PUT,155477577055,155477577118
1,562433,PUT,155477577548,155477577614
1,562689,PUT,155477577727,155477577753
1,562945,PUT,155477577961,155477578025
1,563201,PUT,155477578305,155477578367
1,563457,PUT,155477578551,155477578578
1,563713,PUT,155477578609,155477578637
1,563969,PUT,155477579396,155477579459
1,564225,PUT,155477579706,155477579765
1,564481,PUT,155477580028,155477580093
1,564737,PUT,155477580163,155477580228
1,564993,PUT,155477580624,155477580688
1,565249,PUT,155477580799,155477580870
1,565505,PUT,155477581046,155477581110
1,565761,PUT,155477581340,155477581402
1,566017,PUT,155477581469,155477581497
1,566273,PUT,155477581557,155477581622
1,566529,PUT,155477581733,155477581781
1,566785,PUT,155477581835,155477581896
1,567041,PUT,155477582252,155477582315
1,567297,PUT,155477582379,155477582407
1,567553,PUT,155477582637,155477582700
1,567809,PUT,155477583112,155477583174
1,568065,PUT,155477583285,155477583325
1,568321,PUT,155477583954,155477584017
1,568577,PUT,155477584428,155477584490
1,568833,PUT,155477584582,155477584640
1,569089,PUT,155477584741,155477584803
1,569345,PUT,155477584892,155477584950
1,569601,PUT,155477585214,155477585278
1,569857,PUT,155477585345,155477585406
1,570113,PUT,155477585515,155477585588
1,570369,PUT,155477585699,155477585747
1,570625,PUT,155477585800,155477585827
1,570881,PUT,155477585910,155477585907
1,571137,PUT,155477586011,155477586070
1,571393,PUT,155477586183,155477586211
1,571649,PUT,155477586265,155477586292
1,571905,PUT,155477586769,155477586835
1,572161,PUT,155477586949,155477587014
1,572417,PUT,155477587173,155477587244
1,572673,PUT,155477587539,155477587601
1,572929,PUT,155477587881,155477587943
1,573185,PUT,155477589201,155477589270
1,573441,PUT,155477589377,155477589425
1,573697,PUT,155477589479,155477589505
1,573953,PUT,155477589587,155477589649
1,574209,PUT,155477589756,155477589795
1,574465,PUT,155477589900,155477589961
1,574721,PUT,155477590386,155477590450
1,574977,PUT,155477590848,155477590920
1,575233,PUT,155477591145,155477591208
1,575489,PUT,155477591801,155477591863
1,575745,PUT,155477591981,155477592029
1,576001,PUT,155477592271,155477592333
1,576257,PUT,155477592421,155477592481
1,576513,PUT,155477592596,155477592621
1,576769,PUT,155477592828,155477592891
1,577025,PUT,155477593275,155477593301
1,577281,PUT,155477594099,155477594162
1,577537,PUT,155477594275,155477594342
1,577793,PUT,155477594500,155477594549
1,578049,PUT,155477594602,155477594629
1,578305,PUT,155477594683,155477594760
1,578561,PUT,155477594873,155477594940
1,578817,PUT,155477595169,155477595232
1,579073,PUT,155477595345,155477595371
1,579329,PUT,155477595425,155477595451
1,579585,PUT,155477595505,155477595531
1,579841,PUT,155477595851,155477595913
1,580097,PUT,155477596030,155477596102
1,580353,PUT,155477596587,155477596645
1,580609,PUT,155477596851,155477596915
1,580865,PUT,155477597032,155477597080
1,581121,PUT,155477597564,155477597628
1,581377,PUT,155477597850,155477597913
1,581633,PUT,155477598094,155477598156
1,581889,PUT,155477598569,155477598634
1,582145,PUT,155477598990,155477599054
1,582401,PUT,155477599168,155477599239
1,582657,PUT,155477599913,155477599979
1,582913,PUT,155477600230,155477600294
1,583169,PUT,155477600415,155477600463
1,583425,PUT,155477600516,155477600542
1,583681,PUT,155477600779,155477600842
1,583937,PUT,155477601081,155477601144
1,584193,PUT,155477601538,155477601602
1,584449,PUT,155477601715,155477601740
1,584705,PUT,155477601795,155477601858
1,584961,PUT,155477601970,155477602040
1,585217,PUT,155477602576,155477602638
1,585473,PUT,155477602739,155477602796
1,585729,PUT,155477603220,155477603283
1,585985,PUT,155477603391,155477603470
1,586241,PUT,155477604051,155477604114
1,586497,PUT,155477604224,155477604297
1,586753,PUT,155477606001,155477606042
1,587009,PUT,155477606170,155477606236
1,587265,PUT,155477606388,155477606438
1,587521,PUT,155477606491,155477606519
1,587777,PUT,155477607026,155477607053
1,588033,PUT,155477607450,155477607478
1,588289,PUT,155477607569,155477607596
1,588545,PUT,155477607805,155477607832
1,588801,PUT,155477607918,155477607945
1,589057,PUT,155477607976,155477608002
1,589313,PUT,155477608154,155477608180
1,589569,PUT,155477608641,155477608668
1,589825,PUT,155477608737,155477608801
1,590081,PUT,155477609374,155477609433
1,590337,PUT,155477609511,155477609574
1,590593,PUT,155477609838,155477609897
1,590849,PUT,155477610011,155477610038
1,591105,PUT,155477610486,155477610550
1,591361,PUT,155477611034,155477611098
1,591617,PUT,155477611334,155477611397
1,591873,PUT,155477611510,155477611575
1,592129,PUT,155477611715,155477611762
1,592385,PUT,155477611860,155477611922
1,592641,PUT,155477612515,155477612579
1,592897,PUT,155477612644,155477612671
1,593153,PUT,155477612724,155477612751
1,593409,PUT,155477612804,155477612830
1,593665,PUT,155477613039,155477613102
1,593921,PUT,155477613253,155477613321
1,594177,PUT,155477613894,155477613957
1,594433,PUT,155477614524,155477614586
1,594689,PUT,155477614698,155477614768
1,594945,PUT,155477615063,155477615119
1,595201,PUT,155477615151,155477615178
1,595457,PUT,155477615447,155477615474
1,595713,PUT,155477615694,155477615720
1,595969,PUT,155477615869,155477615894
1,596225,PUT,155477615983,155477616009
1,596481,PUT,155477616039,155477616066
1,596737,PUT,155477616478,155477616504
1,596993,PUT,155477616535,155477616561
1,597249,PUT,155477616768,155477616795
1,597505,PUT,155477616849,155477616876
1,597761,PUT,155477617829,155477617891
1,598017,PUT,155477618042,155477618103
1,598273,PUT,155477618348,155477618407
1,598529,PUT,155477618670,155477618734
1,598785,PUT,155477619032,155477619096
1,599041,PUT,155477620002,155477620049
1,599297,PUT,155477620125,155477620187
1,599553,PUT,155477620437,155477620501
1,599809,PUT,155477620620,155477620687
1,600065,PUT,155477620944,155477620981
1,600321,PUT,155477621160,155477621224
1,600577,PUT,155477621330,155477621392
1,600833,PUT,155477621688,155477621751
1,601089,PUT,155477621975,155477622038
1,601345,PUT,155477622150,155477622224
1,601601,PUT,155477622500,155477622563
1,601857,PUT,155477622802,155477622866
1,602113,PUT,155477623101,155477623164
1,602369,PUT,155477623277,155477623341
1,602625,PUT,155477623591,155477623658
1,602881,PUT,155477624621,155477624684
1,603137,PUT,155477624791,155477624838
1,603393,PUT,155477625457,155477625520
1,603649,PUT,155477625740,155477625806
1,603905,PUT,155477625869,155477625932
1,604161,PUT,155477626154,155477626217
1,604417,PUT,155477626326,155477626375
1,604673,PUT,155477626580,155477626623
1,604929,PUT,155477626686,155477626745
1,605185,PUT,155477627066,155477627130
1,605441,PUT,155477627183,155477627210
1,605697,PUT,155477627290,155477627352
1,605953,PUT,155477627464,155477627534
1,606209,PUT,155477627700,155477627763
1,606465,PUT,155477627850,155477627908
1,606721,PUT,155477628217,155477628250
1,606977,PUT,155477628411,155477628473
1,607233,PUT,155477628758,155477628820
1,607489,PUT,155477629189,155477629223
1,607745,PUT,155477630574,155477630638
1,608001,PUT,155477631195,155477631230
1,608257,PUT,155477631386,155477631451
1,608513,PUT,155477631569,155477631616
1,608769,PUT,155477631761,155477631830
1,609025,PUT,155477631944,155477631992
1,609281,PUT,155477632046,155477632072
1,609537,PUT,155477632318,155477632379
1,609793,PUT,155477632633,155477632696
1,610049,PUT,155477632750,155477632776
1,610305,PUT,155477632924,155477632988
1,610561,PUT,155477633107,155477633177
1,610817,PUT,155477633286,155477633359
1,611073,PUT,155477633469,155477633520
1,611329,PUT,155477633572,155477633599
1,611585,PUT,155477633810,155477633836
1,611841,PUT,155477634199,155477634262
1,612097,PUT,155477634328,155477634354
1,612353,PUT,155477634576,155477634640
1,612609,PUT,155477634772,155477634835
1,612865,PUT,155477634944,155477635015
1,613121,PUT,155477635074,155477635124
1,613377,PUT,155477635202,155477635265
1,613633,PUT,155477635373,155477635410
1,613889,PUT,155477635486,155477635544
1,614145,PUT,155477635935,155477635997
1,614401,PUT,155477636382,155477636446
1,614657,PUT,155477636893,155477636958
1,614913,PUT,155477637024,155477637050
1,615169,PUT,155477637105,155477637132
1,615425,PUT,155477637186,155477637258
1,615681,PUT,155477637370,155477637442
1,615937,PUT,155477637550,155477637599
1,616193,PUT,155477638353,155477638416
1,616449,PUT,155477638530,155477638576
1,616705,PUT,155477638808,155477638873
1,616961,PUT,155477639134,155477639161
1,617217,PUT,155477639606,155477639669
1,617473,PUT,155477640210,155477640273
1,617729,PUT,155477640698,155477640726
1,617985,PUT,155477641204,155477641266
1,618241,PUT,155477641673,155477641732
1,618497,PUT,155477642006,155477642069
1,618753,PUT,155477642569,155477642633
1,619009,PUT,155477643106,155477643169
1,619265,PUT,155477644213,155477644276
1,619521,PUT,155477644342,155477644407
1,619777,PUT,155477644953,155477645006
1,620033,PUT,155477645064,155477645092
1,620289,PUT,155477645144,155477645196
1,620545,PUT,155477645250,155477645301
1,620801,PUT,155477645408,155477645408
1,621057,PUT,155477646149,155477646202
1,621313,PUT,155477646472,155477646535
1,621569,PUT,155477646686,155477646738
1,621825,PUT,155477646942,155477647006
1,622081,PUT,155477647122,155477647197
1,622337,PUT,155477647457,155477647527
1,622593,PUT,155477647796,155477647849
1,622849,PUT,155477648403,155477648456
1,623105,PUT,155477648689,155477648752
1,623361,PUT,155477648865,155477648932
1,623617,PUT,155477649345,155477649407
1,623873,PUT,155477649861,155477649914
1,624129,PUT,155477650280,155477650348
1,624385,PUT,155477650433,155477650500
1,624641,PUT,155477650800,155477650851
1,624897,PUT,155477650966,155477651031
1,625153,PUT,155477651315,155477651378
1,625409,PUT,155477651486,155477651556
1,625665,PUT,155477652266,155477655084
1,625921,PUT,155477655143,155477655169
1,626177,PUT,155477655198,155477655225
1,626433,PUT,155477655395,155477655484
1,626689,PUT,155477656132,155477656209
1,626945,PUT,155477656330,155477656393
1,627201,PUT,155477656587,155477656650
1,627457,PUT,155477656743,155477656807
1,627713,PUT,155477657752,155477657816
1,627969,PUT,155477658195,155477658223
1,628225,PUT,155477658254,155477658280
1,628481,PUT,155477658375,155477658403
1,628737,PUT,155477658434,155477658462
1,628993,PUT,155477658493,155477658521
1,629249,PUT,155477658551,155477658578
1,629505,PUT,155477658780,155477658806
1,629761,PUT,155477658837,155477658865
1,630017,PUT,155477658953,155477658979
1,630273,PUT,155477659071,155477659099
1,630529,PUT,155477659240,155477659303
1,630785,PUT,155477659393,155477659452
1,631041,PUT,155477659878,155477659942
1,631297,PUT,155477660320,155477660368
1,631553,PUT,155477660617,155477660644
1,631809,PUT,155477660698,155477660761
1,632065,PUT,155477660872,155477660945
1,632321,PUT,155477661207,155477661272
1,632577,PUT,155477661331,155477661396
1,632833,PUT,155477661508,155477661555
1,633089,PUT,155477661634,155477661696
1,633345,PUT,155477661807,155477661842
1,633601,PUT,155477662672,155477662735
1,633857,PUT,155477663442,155477663506
1,634113,PUT,155477663572,155477663600
1,634369,PUT,155477663653,155477663731
1,634625,PUT,155477664095,155477664160
1,634881,PUT,155477664420,155477664484
1,635137,PUT,155477664625,155477664689
1,635393,PUT,155477664750,155477664797
1,635649,PUT,155477665056,155477665120
1,635905,PUT,155477665328,155477665393
1,636161,PUT,155477665455,155477665508
1,636417,PUT,155477665562,155477665588
1,636673,PUT,155477665672,155477665668
1,636929,PUT,155477665825,155477665885
1,637185,PUT,155477666152,155477666216
1,637441,PUT,155477666270,155477666296
1,637697,PUT,155477666381,155477666443
1,637953,PUT,155477666610,155477666599
1,638209,PUT,155477667603,155477667667
1,638465,PUT,155477667883,155477667947
1,638721,PUT,155477668213,155477668253
1,638977,PUT,155477668316,155477668374
1,639233,PUT,155477668441,155477668469
1,639489,PUT,155477668551,155477668614
1,639745,PUT,155477669148,155477669213
1,640001,PUT,155477670003,155477670065
1,640257,PUT,155477670163,155477670221
1,640513,PUT,155477670287,155477670314
1,640769,PUT,155477670670,155477670736
1,641025,PUT,155477671373,155477671435
1,641281,PUT,155477671544,155477671619
1,641537,PUT,155477671907,155477671970
1,641793,PUT,155477672158,155477672184
1,642049,PUT,155477672270,155477672297
1,642305,PUT,155477672327,155477672355
1,642561,PUT,155477672618,155477672645
1,642817,PUT,155477672677,155477672704
1,643073,PUT,155477672791,155477672818
1,643329,PUT,155477672911,155477672938
1,643585,PUT,155477672987,155477673013
1,643841,PUT,155477673067,155477673094
1,644097,PUT,155477673147,155477673212
1,644353,PUT,155477673322,155477673395
1,644609,PUT,155477673714,155477673776
1,644865,PUT,155477674051,155477674099
1,645121,PUT,155477674338,155477674400
1,645377,PUT,155477674507,155477674546
1,645633,PUT,155477674645,155477674707
1,645889,PUT,155477674959,155477675023
1,646145,PUT,155477675171,155477675220
1,646401,PUT,155477675251,155477675277
1,646657,PUT,155477675332,155477675358
1,646913,PUT,155477675759,155477675823
1,647169,PUT,155477676052,155477676116
1,647425,PUT,155477676228,155477676255
1,647681,PUT,155477676309,155477676335
1,647937,PUT,155477676720,155477676783
1,648193,PUT,155477676905,155477676958
1,648449,PUT,155477677214,155477677277
1,648705,PUT,155477677455,155477677526
1,648961,PUT,155477677937,155477678001
1,649217,PUT,155477678085,155477678150
1,649473,PUT,155477678414,155477678476
1,649729,PUT,155477678591,155477678630
1,649985,PUT,155477678936,155477678998
1,650241,PUT,155477680820,155477680882
1,650497,PUT,155477681185,155477681249
1,650753,PUT,155477681512,155477681575
1,651009,PUT,155477681790,155477681817
1,651265,PUT,155477682154,155477682219
1,651521,PUT,155477682335,155477682404
1,651777,PUT,155477682638,155477682703
1,652033,PUT,155477682813,155477682877
1,652289,PUT,155477683128,155477683191
1,652545,PUT,155477683301,155477683328
1,652801,PUT,155477683673,155477683737
1,653057,PUT,155477684094,155477684156
1,653313,PUT,155477684420,155477684485
1,653569,PUT,155477684696,155477684759
1,653825,PUT,155477684828,155477684891
1,654081,PUT,155477685158,155477685221
1,654337,PUT,155477685333,155477685381
1,654593,PUT,155477685734,155477685798
1,654849,PUT,155477686126,155477686196
1,655105,PUT,155477686449,155477686513
1,655361,PUT,155477686574,155477686640
1,655617,PUT,155477686758,155477686822
1,655873,PUT,155477687094,155477687155
1,656129,PUT,155477687267,155477687336
1,656385,PUT,155477687958,155477688028
1,656641,PUT,155477688282,155477688346
1,656897,PUT,155477689120,155477689186
1,657153,PUT,155477689299,155477689368
1,657409,PUT,155477689955,155477690020
1,657665,PUT,155477690414,155477690481
1,657921,PUT,155477690590,155477690626
1,658177,PUT,155477690806,155477690870
1,658433,PUT,155477690982,155477691029
1,658689,PUT,155477691419,155477691484
1,658945,PUT,155477691598,155477691666
1,659201,PUT,155477691826,155477691899
1,659457,PUT,155477692114,155477692162
1,659713,PUT,155477692695,155477692760
1,659969,PUT,155477693034,155477693062
1,660225,PUT,155477693116,155477693143
1,660481,PUT,155477693197,155477693223
1,660737,PUT,155477693277,155477693304
1,660993,PUT,155477693633,155477693697
1,661249,PUT,155477694317,155477694379
1,661505,PUT,155477694492,155477694532
1,661761,PUT,155477694600,155477694659
1,662017,PUT,155477694776,155477694840
1,662273,PUT,155477694981,155477695029
1,662529,PUT,155477695083,155477695110
1,662785,PUT,155477695373,155477695400
1,663041,PUT,155477695718,155477695781
1,663297,PUT,155477695890,155477695929
1,663553,PUT,155477696144,155477696209
1,663809,PUT,155477696730,155477696792
1,664065,PUT,155477696864,155477696891
1,664321,PUT,155477697149,155477697212
1,664577,PUT,155477697327,155477697375
1,664833,PUT,155477697490,155477697518
1,665089,PUT,155477697720,155477697784
1,665345,PUT,155477698035,155477698103
1,665601,PUT,155477698210,155477698249
1,665857,PUT,155477698313,155477698370
1,666113,PUT,155477698751,155477698814
1,666369,PUT,155477699043,155477699110
1,666625,PUT,155477699374,155477699438
1,666881,PUT,155477699505,155477699576
1,667137,PUT,155477699835,155477699899
1,667393,PUT,155477700122,155477700186
1,667649,PUT,155477700570,155477700637
1,667905,PUT,155477701190,155477701254
1,668161,PUT,155477702325,155477702389
1,668417,PUT,155477702503,155477702530
1,668673,PUT,155477702583,155477702652
1,668929,PUT,155477702765,155477702834
1,669185,PUT,155477703237,155477703301
1,669441,PUT,155477703407,155477703454
1,669697,PUT,155477703532,155477703594
1,669953,PUT,155477703862,155477703928
1,670209,PUT,155477704385,155477704447
1,670465,PUT,155477704514,155477704541
1,670721,PUT,155477704799,155477704826
1,670977,PUT,155477705030,155477705093
1,671233,PUT,155477705216,155477705290
1,671489,PUT,155477705495,155477705543
1,671745,PUT,155477705597,155477705623
1,672001,PUT,155477705678,155477705738
1,672257,PUT,155477705979,155477706037
1,672513,PUT,155477706151,155477706176
1,672769,PUT,155477706447,155477706473
1,673025,PUT,155477706623,155477706650
1,673281,PUT,155477706738,155477706766
1,673537,PUT,155477706795,155477706823
1,673793,PUT,155477707158,155477707183
1,674049,PUT,155477707214,155477707241
1,674305,PUT,155477707326,155477707353
1,674561,PUT,155477707442,155477707468
1,674817,PUT,155477707556,155477707582
1,675073,PUT,155477707642,155477707669
1,675329,PUT,155477707700,155477707728
1,675585,PUT,155477707820,155477707846
1,675841,PUT,155477707877,155477707904
1,676097,PUT,155477707936,155477707963
1,676353,PUT,155477707994,155477708021
1,676609,PUT,155477708050,155477708078
1,676865,PUT,155477708109,155477708136
1,677121,PUT,155477708451,155477708516
1,677377,PUT,155477708735,155477708797
1,677633,PUT,155477708909,155477708957
1,677889,PUT,155477709692,155477709755
1,678145,PUT,155477709869,155477709897
1,678401,PUT,155477710148,155477710211
1,678657,PUT,155477710620,155477710682
1,678913,PUT,155477710911,155477710975
1,679169,PUT,155477711224,155477711254
1,679425,PUT,155477711440,155477711511
1,679681,PUT,155477712290,155477712356
1,679937,PUT,155477712463,155477712538
1,680193,PUT,155477713042,155477713124
1,680449,PUT,155477713443,155477713507
1,680705,PUT,155477713620,155477713647
1,680961,PUT,155477713700,155477713726
1,681217,PUT,155477714670,155477714735
1,681473,PUT,155477714954,155477714982
1,681729,PUT,155477715196,155477715261
1,681985,PUT,155477715314,155477715341
1,682241,PUT,155477715544,155477715537
1,682497,PUT,155477715868,155477715930
1,682753,PUT,155477716643,155477716706
1,683009,PUT,155477716814,155477716889
1,683265,PUT,155477717092,155477717138
1,683521,PUT,155477717198,155477717225
1,683777,PUT,155477717457,155477717520
1,684033,PUT,155477717865,155477717930
1,684289,PUT,155477718041,155477718067
1,684545,PUT,155477718280,155477718306
1,684801,PUT,155477718605,155477718638
1,685057,PUT,155477718819,155477718883
1,685313,PUT,155477718990,155477719054
1,685569,PUT,155477794366,155477794391
1,685825,PUT,155477794789,155477794852
1,686081,PUT,155477795103,155477795159
1,686337,PUT,155477795540,155477795603
1,686593,PUT,155477795789,155477795845
1,686849,PUT,155477796175,155477796239
1,687105,PUT,155477796929,155477796994
1,687361,PUT,155477797119,155477797193
1,687617,PUT,155477797307,155477797367
1,687873,PUT,155477797420,155477797448
1,688129,PUT,155477797500,155477797555
1,688385,PUT,155477797715,155477797748
1,688641,PUT,155477798088,155477798153
1,688897,PUT,155477798209,155477798278
1,689153,PUT,155477798390,155477798459
1,689409,PUT,155477798570,155477798630
1,689665,PUT,155477798684,155477798709
1,689921,PUT,155477798974,155477799037
1,690177,PUT,155477799223,155477799288
1,690433,PUT,155477799473,155477799536
1,690689,PUT,155477799605,155477799669
1,690945,PUT,155477799852,155477799917
1,691201,PUT,155477800195,155477800252
1,691457,PUT,155477804894,155477805035
1,691713,PUT,155477805351,155477805415
1,691969,PUT,155477805748,155477805812
1,692225,PUT,155477805928,155477805954
1,692481,PUT,155477806007,155477806096
1,692737,PUT,155477806445,155477806508
1,692993,PUT,155477806929,155477806994
1,693249,PUT,155477807266,155477807335
1,693505,PUT,155477807511,155477807576
1,693761,PUT,155477807928,155477807977
1,694017,PUT,155477808030,155477808057
1,694273,PUT,155477808728,155477808792
1,694529,PUT,155477809016,155477809041
1,694785,PUT,155477809514,155477809577
1,695041,PUT,155477809686,155477809733
1,695297,PUT,155477810077,155477810111
1,695553,PUT,155477810568,155477810633
1,695809,PUT,155477810716,155477810747
1,696065,PUT,155477811642,155477811707
1,696321,PUT,155477811790,155477811852
1,696577,PUT,155477811939,155477811998
1,696833,PUT,155477812113,155477812140
1,697089,PUT,155477812470,155477812497
1,697345,PUT,155477812978,155477813042
1,697601,PUT,155477813157,155477813205
1,697857,PUT,155477813258,155477813285
1,698113,PUT,155477814148,155477814212
1,698369,PUT,155477814890,155477814954
1,698625,PUT,155477815238,155477815301
1,698881,PUT,155477815416,155477815485
1,699137,PUT,155477815594,155477815643
1,699393,PUT,155477816090,155477816156
1,699649,PUT,155477816419,155477816484
1,699905,PUT,155477816546,155477816593
1,700161,PUT,155477817162,155477817225
1,700417,PUT,155477817751,155477817814
1,700673,PUT,155477818169,155477818233
1,700929,PUT,155477818299,155477818326
1,701185,PUT,155477818358,155477818385
1,701441,PUT,155477818415,155477818442
1,701697,PUT,155477818662,155477818689
1,701953,PUT,155477818721,155477818749
1,702209,PUT,155477818780,155477818807
1,702465,PUT,155477818899,155477818924
1,702721,PUT,155477818956,155477818983
1,702977,PUT,155477819244,155477819270
1,703233,PUT,155477819438,155477819466
1,703489,PUT,155477819624,155477819694
1,703745,PUT,155477819783,155477819842
1,704001,PUT,155477820080,155477820143
1,704257,PUT,155477820561,155477820598
1,704513,PUT,155477820661,155477820719
1,704769,PUT,155477820784,155477820809
1,705025,PUT,155477820950,155477820976
1,705281,PUT,155477821356,155477821383
1,705537,PUT,155477821436,155477821496
1,705793,PUT,155477821609,155477821681
1,706049,PUT,155477821904,155477821968
1,706305,PUT,155477822036,155477822099
1,706561,PUT,155477822535,155477822606
1,706817,PUT,155477822640,155477822670
1,707073,PUT,155477822818,155477822880
1,707329,PUT,155477822999,155477823069
1,707585,PUT,155477823622,155477823685
1,707841,PUT,155477824052,155477824116
1,708097,PUT,155477824178,155477824206
1,708353,PUT,155477824471,155477824498
1,708609,PUT,155477824531,155477824558
1,708865,PUT,155477825253,155477825317
1,709121,PUT,155477825569,155477825606
1,709377,PUT,155477826163,155477826226
1,709633,PUT,155477826339,155477826404
1,709889,PUT,155477826617,155477826681
1,710145,PUT,155477826769,155477826827
1,710401,PUT,155477826941,155477826966
1,710657,PUT,155477827207,155477827271
1,710913,PUT,155477827336,155477827363
1,711169,PUT,155477827571,155477827636
1,711425,PUT,155477827705,155477827770
1,711681,PUT,155477827838,155477827893
1,711937,PUT,155477828290,155477828355
1,712193,PUT,155477828637,155477828686
1,712449,PUT,155477828766,155477828766
1,712705,PUT,155477828918,155477829041
1,712961,PUT,155477829195,155477829242
1,713217,PUT,155477829334,155477829395
1,713473,PUT,155477829503,155477829541
1,713729,PUT,155477829761,155477829820
1,713985,PUT,155477829967,155477830036
1,714241,PUT,155477830145,155477830184
1,714497,PUT,155477830805,155477830863
1,714753,PUT,155477830976,155477831042
1,715009,PUT,155477831360,155477831424
1,715265,PUT,155477831645,155477831713
1,715521,PUT,155477831779,155477831827
1,715777,PUT,155477832035,155477832061
1,716033,PUT,155477832116,155477832143
1,716289,PUT,155477832197,155477832267
1,716545,PUT,155477832662,155477832726
1,716801,PUT,155477832838,155477832885
1,717057,PUT,155477832965,155477832964
1,717313,PUT,155477833118,155477833177
1,717569,PUT,155477833291,155477833318
1,717825,PUT,155477833858,155477833920
1,718081,PUT,155477834175,155477834239
1,718337,PUT,155477834351,155477834378
1,718593,PUT,155477834431,155477834457
1,718849,PUT,155477834511,155477834537
1,719105,PUT,155477834620,155477834683
1,719361,PUT,155477834926,155477834985
1,719617,PUT,155477835528,155477835590
1,719873,PUT,155477835958,155477836018
1,720129,PUT,155477836086,155477836112
1,720385,PUT,155477836166,155477836192
1,720641,PUT,155477836395,155477836421
1,720897,PUT,155477836623,155477836651
1,721153,PUT,155477837003,155477837068
1,721409,PUT,155477837580,155477837644
1,721665,PUT,155477837753,155477837830
1,721921,PUT,155477838062,155477838126
1,722177,PUT,155477838533,155477838598
1,722433,PUT,155477839268,155477839330
1,722689,PUT,155477839585,155477839647
1,722945,PUT,155477839970,155477840034
1,723201,PUT,155477840154,155477840225
1,723457,PUT,155477840333,155477840382
1,723713,PUT,155477840835,155477840900
1,723969,PUT,155477841013,155477841061
1,724225,PUT,155477841115,155477841141
1,724481,PUT,155477841224,155477841286
1,724737,PUT,155477841375,155477841435
1,724993,PUT,155477841548,155477841575
1,725249,PUT,155477841906,155477841971
1,725505,PUT,155477842238,155477842300
1,725761,PUT,155477842361,155477842388
1,726017,PUT,155477842440,155477842517
1,726273,PUT,155477842627,155477842675
1,726529,PUT,155477843190,155477843254
1,726785,PUT,155477843385,155477843446
1,727041,PUT,155477843727,155477843788
1,727297,PUT,155477843896,155477843934
1,727553,PUT,155477843996,155477844056
1,727809,PUT,155477844166,155477844235
1,728065,PUT,155477844500,155477844565
1,728321,PUT,155477844783,155477844837
1,728577,PUT,155477845067,155477845132
1,728833,PUT,155477845249,155477845297
1,729089,PUT,155477845351,155477845378
1,729345,PUT,155477845586,155477845614
1,729601,PUT,155477845666,155477845693
1,729857,PUT,155477845747,155477845774
1,730113,PUT,155477846340,155477846404
1,730369,PUT,155477846517,155477846566
1,730625,PUT,155477846621,155477846647
1,730881,PUT,155477846944,155477847010
1,731137,PUT,155477847275,155477847302
1,731393,PUT,155477847394,155477847420
1,731649,PUT,155477847451,155477847477
1,731905,PUT,155477847509,155477847535
1,732161,PUT,155477847566,155477847593
1,732417,PUT,155477847688,155477847714
1,732673,PUT,155477847745,155477847771
1,732929,PUT,155477848277,155477848342
1,733185,PUT,155477848409,155477848470
1,733441,PUT,155477848701,155477848766
1,733697,PUT,155477848883,155477848930
1,733953,PUT,155477848984,155477849011
1,734209,PUT,155477851344,155477851409
1,734465,PUT,155477851677,155477851705
1,734721,PUT,155477852092,155477852156
1,734977,PUT,155477852417,155477852482
1,735233,PUT,155477852717,155477852781
1,735489,PUT,155477853079,155477853149
1,735745,PUT,155477853237,155477853298
1,736001,PUT,155477853350,155477853377
1,736257,PUT,155477853437,155477853464
1,736513,PUT,155477853516,155477853544
1,736769,PUT,155477853598,155477853660
1,737025,PUT,155477853921,155477853985
1,737281,PUT,155477854106,155477854153
1,737537,PUT,155477854208,155477854234
1,737793,PUT,155477854315,155477854314
1,738049,PUT,155477854611,155477854673
1,738305,PUT,155477854931,155477854991
1,738561,PUT,155477855100,155477855168
1,738817,PUT,155477855306,155477855354
1,739073,PUT,155477855582,155477855645
1,739329,PUT,155477856146,155477856211
1,739585,PUT,155477856432,155477856496
1,739841,PUT,155477856566,155477856630
1,740097,PUT,155477856812,155477856884
1,740353,PUT,155477856992,155477857067
1,740609,PUT,155477857503,155477857570
1,740865,PUT,155477857663,155477857725
1,741121,PUT,155477857790,155477857819
1,741377,PUT,155477857872,155477857900
1,741633,PUT,155477857952,155477857980
1,741889,PUT,155477858184,155477858211
1,742145,PUT,155477858264,155477858290
1,742401,PUT,155477858344,155477858421
1,742657,PUT,155477858533,155477858581
1,742913,PUT,155477858758,155477858784
1,743169,PUT,155477858839,155477858864
1,743425,PUT,155477858919,155477858944
1,743681,PUT,155477859218,155477859246
1,743937,PUT,155477859327,155477859353
1,744193,PUT,155477860111,155477860154
1,744449,PUT,155477860334,155477860394
1,744705,PUT,155477860630,155477860693
1,744961,PUT,155477860823,155477860887
1,745217,PUT,155477860996,155477861032
1,745473,PUT,155477861481,155477861545
1,745729,PUT,155477861782,155477861847
1,745985,PUT,155477862114,155477862177
1,746241,PUT,155477862240,155477862267
1,746497,PUT,155477862640,155477862703
1,746753,PUT,155477863034,155477863074
1,747009,PUT,155477863145,155477863202
1,747265,PUT,155477863267,155477863294
1,747521,PUT,155477863373,155477863400
1,747777,PUT,155477863488,155477863550
1,748033,PUT,155477864058,155477864121
1,748289,PUT,155477864235,155477864260
1,748545,PUT,155477864787,155477864850
1,748801,PUT,155477864935,155477864994
1,749057,PUT,155477865293,155477865360
1,749313,PUT,155477865469,155477865506
1,749569,PUT,155477865683,155477865749
1,749825,PUT,155477865850,155477865877
1,750081,PUT,155477865930,155477865995
1,750337,PUT,155477866627,155477866697
1,750593,PUT,155477866957,155477867020
1,750849,PUT,155477867133,155477867181
1,751105,PUT,155477867233,155477867261
1,751361,PUT,155477867342,155477867405
1,751617,PUT,155477867514,155477867550
1,751873,PUT,155477867764,155477867822
1,752129,PUT,155477867886,155477867913
1,752385,PUT,155477867966,155477867991
1,752641,PUT,155477868219,155477868282
1,752897,PUT,155477868587,155477868614
1,753153,PUT,155477868834,155477868860
1,753409,PUT,155477869363,155477869390
1,753665,PUT,155477869602,155477869627
1,753921,PUT,155477869964,155477869991
1,754177,PUT,155477870084,155477870079
1,754433,PUT,155477870188,155477870249
1,754689,PUT,155477870314,155477870340
1,754945,PUT,155477870608,155477870671
1,755201,PUT,155477870886,155477870950
1,755457,PUT,155477871007,155477871054
1,755713,PUT,155477871262,155477871289
1,755969,PUT,155477871618,155477871683
1,756225,PUT,155477872183,155477872246
1,756481,PUT,155477872518,155477872581
1,756737,PUT,155477872689,155477872726
1,756993,PUT,155477872939,155477873003
1,757249,PUT,155477873280,155477873327
1,757505,PUT,155477873382,155477873409
1,757761,PUT,155477873489,155477873551
1,758017,PUT,155477873660,155477873719
1,758273,PUT,155477873795,155477873866
1,758529,PUT,155477873941,155477874006
1,758785,PUT,155477874081,155477874155
1,759041,PUT,155477874414,155477874487
1,759297,PUT,155477875092,155477875160
1,759553,PUT,155477875443,155477875472
1,759809,PUT,155477877808,155477877877
1,760065,PUT,155477878248,155477878318
1,760321,PUT,155477878442,155477878517
1,760577,PUT,155477878771,155477878840
1,760833,PUT,155477879115,155477879185
1,761089,PUT,155477879325,155477879400
1,761345,PUT,155477879520,155477879595
1,761601,PUT,155477879716,155477879798
1,761857,PUT,155477879893,155477879965
1,762113,PUT,155477880060,155477880125
1,762369,PUT,155477880195,155477880224
1,762625,PUT,155477880468,155477880536
1,762881,PUT,155477880607,155477880636
1,763137,PUT,155477880695,155477880725
1,763393,PUT,155477880958,155477880986
1,763649,PUT,155477881527,155477881598
1,763905,PUT,155477881839,155477881909
1,764161,PUT,155477881977,155477882048
1,764417,PUT,155477882168,155477882220
1,764673,PUT,155477882727,155477882801
1,764929,PUT,155477882896,155477882960
1,765185,PUT,155477883201,155477883230
1,765441,PUT,155477883366,155477883395
1,765697,PUT,155477883757,155477883827
1,765953,PUT,155477884138,155477884190
1,766209,PUT,155477884442,155477884512
1,766465,PUT,155477884816,155477884845
1,766721,PUT,155477884903,155477884932
1,766977,PUT,155477884991,155477885021
1,767233,PUT,155477885079,155477885163
1,767489,PUT,155477885344,155477885413
1,767745,PUT,155477885507,155477885573
1,768001,PUT,155477885870,155477885900
1,768257,PUT,155477886210,155477886281
1,768513,PUT,155477886406,155477886480
1,768769,PUT,155477887349,155477887419
1,769025,PUT,155477887642,155477887684
1,769281,PUT,155477887883,155477887955
1,769537,PUT,155477888262,155477888332
1,769793,PUT,155477888580,155477888650
1,770049,PUT,155477888774,155477888856
1,770305,PUT,155477889475,155477889546
1,770561,PUT,155477907002,155477907072
1,770817,PUT,155477907343,155477907373
1,771073,PUT,155477907485,155477907446
1,771329,PUT,155477907737,155477907807
1,771585,PUT,155477907927,155477908003
1,771841,PUT,155477908128,155477908207
1,772097,PUT,155477908783,155477908851
1,772353,PUT,155477909317,155477909388
1,772609,PUT,155477909694,155477909767
1,772865,PUT,155477909886,155477909939
1,773121,PUT,155477910373,155477910445
1,773377,PUT,155477910568,155477910642
1,773633,PUT,155477910822,155477910875
1,773889,PUT,155477911441,155477911470
1,774145,PUT,155477911504,155477911533
1,774401,PUT,155477911600,155477911629
1,774657,PUT,155477911858,155477911888
1,774913,PUT,155477911957,155477912025
1,775169,PUT,155477912486,155477912556
1,775425,PUT,155477912675,155477912704
1,775681,PUT,155477913742,155477913813
1,775937,PUT,155477914052,155477914081
1,776193,PUT,155477914156,155477914226
1,776449,PUT,155477914347,155477914421
1,776705,PUT,155477914547,155477914599
1,776961,PUT,155477914659,155477914732
1,777217,PUT,155477915027,155477915097
1,777473,PUT,155477915172,155477915241
1,777729,PUT,155477915485,155477915559
1,777985,PUT,155477916286,155477916357
1,778241,PUT,155477916597,155477916667
1,778497,PUT,155477916741,155477916771
1,778753,PUT,155477917237,155477917307
1,779009,PUT,155477917642,155477917711
1,779265,PUT,155477918020,155477918045
1,779521,PUT,155477918132,155477918197
1,779777,PUT,155477918266,155477918296
1,780033,PUT,155477920541,155477920613
1,780289,PUT,155477921112,155477921185
1,780545,PUT,155477921308,155477921381
1,780801,PUT,155477921898,155477921967
1,781057,PUT,155477922265,155477922335
1,781313,PUT,155477922784,155477922827
1,781569,PUT,155477922942,155477923010
1,781825,PUT,155477923383,155477923452
1,782081,PUT,155477923812,155477923880
1,782337,PUT,155477924106,155477924135
1,782593,PUT,155477924193,155477924265
1,782849,PUT,155477924382,155477924435
1,783105,PUT,155477924495,155477924565
1,783361,PUT,155477924847,155477924917
1,783617,PUT,155477925515,155477925585
1,783873,PUT,155477925746,155477925813
1,784129,PUT,155477925928,155477925993
1,784385,PUT,155477926235,155477926306
1,784641,PUT,155477926612,155477926689
1,784897,PUT,155477926878,155477926949
1,785153,PUT,155477927396,155477927436
1,785409,PUT,155477927548,155477927617
1,785665,PUT,155477927776,155477927844
1,785921,PUT,155477928002,155477928070
1,786177,PUT,155477928754,155477928823
1,786433,PUT,155477929363,155477929432
1,786689,PUT,155477929892,155477929963
1,786945,PUT,155477930414,155477930484
1,787201,PUT,155477930818,155477930889
1,787457,PUT,155477931109,155477931152
1,787713,PUT,155477931225,155477931290
1,787969,PUT,155477931363,155477931392
1,788225,PUT,155477931505,155477931575
1,788481,PUT,155477931722,155477931784
1,788737,PUT,155477932410,155477932480
1,788993,PUT,155477932599,155477932640
1,789249,PUT,155477932755,155477932825
1,789505,PUT,155477932922,155477932986
1,789761,PUT,155477933425,155477933496
1,790017,PUT,155477933612,155477933692
1,790273,PUT,155477933810,155477933863
1,790529,PUT,155477934017,155477934088
1,790785,PUT,155477934235,155477934288
1,791041,PUT,155477934347,155477934376
1,791297,PUT,155477934468,155477934537
1,791553,PUT,155477934838,155477934907
1,791809,PUT,155477935172,155477935237
1,792065,PUT,155477935656,155477935732
1,792321,PUT,155477935850,155477935902
1,792577,PUT,155477936136,155477936173
1,792833,PUT,155477936287,155477936356
1,793089,PUT,155477936457,155477936523
1,793345,PUT,155477936814,155477936884
1,793601,PUT,155477937187,155477937255
1,793857,PUT,155477937629,155477937696
1,794113,PUT,155477937822,155477937876
1,794369,PUT,155477937935,155477937963
1,794625,PUT,155477938351,155477938381
1,794881,PUT,155477938458,155477938487
1,795137,PUT,155477938545,155477938634
1,795393,PUT,155477938994,155477939064
1,795649,PUT,155477939334,155477939363
1,795905,PUT,155477939399,155477939429
1,796161,PUT,155477939685,155477939715
1,796417,PUT,155477939809,155477939838
1,796673,PUT,155477939940,155477939970
1,796929,PUT,155477940080,155477940110
1,797185,PUT,155477940350,155477940379
1,797441,PUT,155477940414,155477940443
1,797697,PUT,155477940924,155477940992
1,797953,PUT,155477941129,155477941204
1,798209,PUT,155477941591,155477941661
1,798465,PUT,155477941823,155477941893
1,798721,PUT,155477942236,155477942305
1,798977,PUT,155477942425,155477942468
1,799233,PUT,155477942536,155477942600
1,799489,PUT,155477942670,155477942728
1,799745,PUT,155477943311,155477943379
1,800001,PUT,155477943509,155477943579
1,800257,PUT,155477943845,155477943914
1,800513,PUT,155477944077,155477944146
1,800769,PUT,155477944258,155477944322
1,801025,PUT,155477944598,155477944669
1,801281,PUT,155477945118,155477945187
1,801537,PUT,155477945491,155477945559
1,801793,PUT,155477945803,155477945862
1,802049,PUT,155477945933,155477946005
1,802305,PUT,155477946470,155477946538
1,802561,PUT,155477946842,155477946904
1,802817,PUT,155477946964,155477946993
1,803073,PUT,155477947455,155477947523
1,803329,PUT,155477947729,155477947801
1,803585,PUT,155477947922,155477947993
1,803841,PUT,155477948079,155477948080
1,804097,PUT,155477948193,155477948261
1,804353,PUT,155477948807,155477948874
1,804609,PUT,155477948994,155477949038
1,804865,PUT,155477949151,155477949221
1,805121,PUT,155477949387,155477949455
1,805377,PUT,155477950037,155477950099
1,805633,PUT,155477950168,155477950241
1,805889,PUT,155477950362,155477950438
1,806145,PUT,155477950731,155477950791
1,806401,PUT,155477951277,155477951345
1,806657,PUT,155477951448,155477951514
1,806913,PUT,155477951588,155477951647
1,807169,PUT,155477951911,155477951985
1,807425,PUT,155477952108,155477952167
1,807681,PUT,155477952253,155477952321
1,807937,PUT,155477952418,155477952484
1,808193,PUT,155477952587,155477952664
1,808449,PUT,155477952762,155477952902
1,808705,PUT,155477953246,155477953316
1,808961,PUT,155477953441,155477953508
1,809217,PUT,155477953732,155477953791
1,809473,PUT,155477953850,155477953909
1,809729,PUT,155477954888,155477954957
1,809985,PUT,155477955123,155477955184
1,810241,PUT,155477955248,155477955318
1,810497,PUT,155477955414,155477955478
1,810753,PUT,155477955583,155477955651
1,811009,PUT,155477955762,155477955827
1,811265,PUT,155477956272,155477956343
1,811521,PUT,155477956484,155477956553
1,811777,PUT,155477956649,155477956713
1,812033,PUT,155477956785,155477956843
1,812289,PUT,155477956945,155477957013
1,812545,PUT,155477957295,155477957356
1,812801,PUT,155477957659,155477957699
1,813057,PUT,155477957815,155477957884
1,813313,PUT,155477958536,155477958596
1,813569,PUT,155477958688,155477958756
1,813825,PUT,155477959052,155477959122
1,814081,PUT,155477959378,155477959450
1,814337,PUT,155477959652,155477959717
1,814593,PUT,155477960268,155477960344
1,814849,PUT,155477960821,155477960893
1,815105,PUT,155477960960,155477961031
1,815361,PUT,155477966099,155477966208
1,815617,PUT,155477966275,155477966306
1,815873,PUT,155477966531,155477966522
1,816129,PUT,155477966661,155477966727
1,816385,PUT,155477966979,155477967050
1,816641,PUT,155477967183,155477967237
1,816897,PUT,155477967297,155477967326
1,817153,PUT,155477967709,155477967779
1,817409,PUT,155477968025,155477968053
1,817665,PUT,155477968208,155477968287
1,817921,PUT,155477969078,155477969146
1,818177,PUT,155477969243,155477969309
1,818433,PUT,155477969944,155477970015
1,818689,PUT,155477970143,155477970196
1,818945,PUT,155477970255,155477970285
1,819201,PUT,155477970344,155477970373
1,819457,PUT,155477970470,155477970539
1,819713,PUT,155477970656,155477970702
1,819969,PUT,155477970815,155477970883
1,820225,PUT,155477971002,155477971046
1,820481,PUT,155477971158,155477971227
1,820737,PUT,155477971347,155477971390
1,820993,PUT,155477971633,155477971698
1,821249,PUT,155477971902,155477971932
1,821505,PUT,155477972669,155477972711
1,821761,PUT,155477972825,155477972895
1,822017,PUT,155477973172,155477973243
1,822273,PUT,155477973540,155477973570
1,822529,PUT,155477974071,155477974143
1,822785,PUT,155477974382,155477974454
1,823041,PUT,155477974703,155477974774
1,823297,PUT,155477974841,155477974916
1,823553,PUT,155477975171,155477975243
1,823809,PUT,155477975367,155477975447
1,824065,PUT,155477975796,155477975848
1,824321,PUT,155477976405,155477976474
1,824577,PUT,155477976634,155477976708
1,824833,PUT,155477976819,155477976884
1,825089,PUT,155477977199,155477977267
1,825345,PUT,155477977388,155477977429
1,825601,PUT,155477977938,155477978009
1,825857,PUT,155477978133,155477978205
1,826113,PUT,155477978388,155477978457
1,826369,PUT,155477978914,155477978984
1,826625,PUT,155477979290,155477979360
1,826881,PUT,155477979435,155477979502
1,827137,PUT,155477979627,155477979681
1,827393,PUT,155477979769,155477979770
1,827649,PUT,155477979915,155477979949
1,827905,PUT,155477980198,155477980263
1,828161,PUT,155477980385,155477980458
1,828417,PUT,155477980560,155477980631
1,828673,PUT,155477980792,155477980862
1,828929,PUT,155477981023,155477981094
1,829185,PUT,155477981174,155477981227
1,829441,PUT,155477981316,155477981384
1,829697,PUT,155477981652,155477981718
1,829953,PUT,155477981957,155477982030
1,830209,PUT,155477982273,155477982345
1,830465,PUT,155477982655,155477982707
1,830721,PUT,155477984154,155477984229
1,830977,PUT,155477985165,155477985234
1,831233,PUT,155477985489,155477985560
1,831489,PUT,155477986110,155477986181
1,831745,PUT,155477986791,155477986861
1,832001,PUT,155477986989,155477987020
1,832257,PUT,155477987217,155477987291
1,832513,PUT,155477987417,155477987469
1,832769,PUT,155477987529,155477987558
1,833025,PUT,155477987813,155477987885
1,833281,PUT,155477988172,155477988241
1,833537,PUT,155477988591,155477988657
1,833793,PUT,155477989515,155477989586
1,834049,PUT,155477989833,155477989886
1,834305,PUT,155477989970,155477990038
1,834561,PUT,155477990137,155477990203
1,834817,PUT,155477990328,155477990358
1,835073,PUT,155477990936,155477991006
1,835329,PUT,155477991145,155477991198
1,835585,PUT,155477991302,155477991371
1,835841,PUT,155477991467,155477991532
1,836097,PUT,155477991657,155477991686
1,836353,PUT,155477991779,155477991849
1,836609,PUT,155477992127,155477992198
1,836865,PUT,155477992508,155477992579
1,837121,PUT,155477992947,155477993018
1,837377,PUT,155477993139,155477993213
1,837633,PUT,155477993388,155477993464
1,837889,PUT,155477993586,155477993661
1,838145,PUT,155477994134,155477994209
1,838401,PUT,155477994925,155477994995
1,838657,PUT,155477995670,155477995745
1,838913,PUT,155477995971,155477996043
1,839169,PUT,155477996652,155477996722
1,839425,PUT,155477996846,155477996931
1,839681,PUT,155477997138,155477997192
1,839937,PUT,155477997223,155477997252
1,840193,PUT,155477997285,155477997314
1,840449,PUT,155477997599,155477997629
1,840705,PUT,155477997723,155477997752
1,840961,PUT,155477997788,155477997817
1,841217,PUT,155477997851,155477997880
1,841473,PUT,155477998112,155477998141
1,841729,PUT,155477998594,155477998666
1,841985,PUT,155477998792,155477998872
1,842241,PUT,155477999446,155477999528
1,842497,PUT,155478000131,155478000200
1,842753,PUT,155478000493,155478000547
1,843009,PUT,155478000774,155478000847
1,843265,PUT,155478001380,155478001451
1,843521,PUT,155478001697,155478001752
1,843777,PUT,155478001812,155478001841
1,844033,PUT,155478002050,155478002079
1,844289,PUT,155478002140,155478002169
1,844545,PUT,155478002713,155478002781
1,844801,PUT,155478003073,155478003130
1,845057,PUT,155478003319,155478003391
1,845313,PUT,155478003569,155478003641
1,845569,PUT,155478003769,155478003840
1,845825,PUT,155478004137,155478004192
1,846081,PUT,155478004425,155478004496
1,846337,PUT,155478004754,155478004824
1,846593,PUT,155478005118,155478005148
1,846849,PUT,155478005184,155478005214
1,847105,PUT,155478005441,155478005512
1,847361,PUT,155478005579,155478005654
1,847617,PUT,155478005962,155478006014
1,847873,PUT,155478006408,155478006482
1,848129,PUT,155478006599,155478006628
1,848385,PUT,155478006658,155478006763
1,848641,PUT,155478006876,155478006944
1,848897,PUT,155478007043,155478007108
1,849153,PUT,155478007334,155478007363
1,849409,PUT,155478007590,155478007659
1,849665,PUT,155478007902,155478007931
1,849921,PUT,155478008278,155478008346
1,850177,PUT,155478008614,155478008684
1,850433,PUT,155478008805,155478008887
1,850689,PUT,155478009005,155478009081
1,850945,PUT,155478009206,155478009281
1,851201,PUT,155478009405,155478009488
1,851457,PUT,155478010160,155478010229
1,851713,PUT,155478010615,155478010683
1,851969,PUT,155478010982,155478011012
1,852225,PUT,155478011388,155478011416
1,852481,PUT,155478011475,155478011504
1,852737,PUT,155478011740,155478011769
1,852993,PUT,155478012150,155478012180
1,853249,PUT,155478012238,155478012267
1,853505,PUT,155478012493,155478012523
1,853761,PUT,155478012580,155478012610
1,854017,PUT,155478012669,155478012698
1,854273,PUT,155478012756,155478012786
1,854529,PUT,155478012845,155478012873
1,854785,PUT,155478013431,155478013500
1,855041,PUT,155478013628,155478013710
1,855297,PUT,155478013828,155478013882
1,855553,PUT,155478014209,155478014279
1,855809,PUT,155478014406,155478014457
1,856065,PUT,155478014655,155478014723
1,856321,PUT,155478014998,155478015068
1,856577,PUT,155478015328,155478015357
1,856833,PUT,155478015416,155478015446
1,857089,PUT,155478015504,155478015572
1,857345,PUT,155478015694,155478015768
1,857601,PUT,155478016229,155478016298
1,857857,PUT,155478016375,155478016445
1,858113,PUT,155478016569,155478016652
1,858369,PUT,155478016774,155478016855
1,858625,PUT,155478016973,155478017025
1,858881,PUT,155478017083,155478017155
1,859137,PUT,155478017413,155478017483
1,859393,PUT,155478017607,155478017637
1,859649,PUT,155478017858,155478017930
1,859905,PUT,155478018173,155478018246
1,860161,PUT,155478018389,155478018418
1,860417,PUT,155478018454,155478018482
1,860673,PUT,155478018516,155478018544
1,860929,PUT,155478018579,155478018608
1,861185,PUT,155478018641,155478018670
1,861441,PUT,155478018704,155478018734
1,861697,PUT,155478018771,155478018799
1,861953,PUT,155478018963,155478018994
1,862209,PUT,155478019158,155478019188
1,862465,PUT,155478019352,155478019382
1,862721,PUT,155478019544,155478019573
1,862977,PUT,155478019609,155478019639
1,863233,PUT,155478019736,155478019766
1,863489,PUT,155478019924,155478019953
1,863745,PUT,155478019986,155478020016
1,864001,PUT,155478020052,155478020081
1,864257,PUT,155478020307,155478020336
1,864513,PUT,155478020499,155478020529
1,864769,PUT,155478020563,155478020592
1,865025,PUT,155478020628,155478020658
1,865281,PUT,155478020690,155478020720
1,865537,PUT,155478020753,155478020783
1,865793,PUT,155478020816,155478020845
1,866049,PUT,155478021009,155478021038
1,866305,PUT,155478021142,155478021172
1,866561,PUT,155478021270,155478021300
1,866817,PUT,155478021523,155478021552
1,867073,PUT,155478021589,155478021618
1,867329,PUT,155478021652,155478021682
1,867585,PUT,155478021785,155478021814
1,867841,PUT,155478021971,155478022002
1,868097,PUT,155478022034,155478022064
1,868353,PUT,155478022156,155478022186
1,868609,PUT,155478022543,155478022572
1,868865,PUT,155478022655,155478022707
1,869121,PUT,155478022809,155478022837
1,869377,PUT,155478023920,155478023985
1,869633,PUT,155478024109,155478024139
1,869889,PUT,155478024575,155478024649
1,870145,PUT,155478025071,155478025141
1,870401,PUT,155478025263,155478025339
1,870657,PUT,155478026069,155478026139
1,870913,PUT,155478026391,155478026463
1,871169,PUT,155478026533,155478026562
1,871425,PUT,155478028302,155478028379
1,871681,PUT,155478028519,155478028550
1,871937,PUT,155478028583,155478028614
1,872193,PUT,155478028647,155478028676
1,872449,PUT,155478028709,155478028739
1,872705,PUT,155478028843,155478028872
1,872961,PUT,155478029064,155478029161
1,873217,PUT,155478029543,155478029611
1,873473,PUT,155478029909,155478029937
1,873729,PUT,155478030289,155478030318
1,873985,PUT,155478030726,155478030795
1,874241,PUT,155478031196,155478031264
1,874497,PUT,155478031577,155478031649
1,874753,PUT,155478031722,155478031750
1,875009,PUT,155478031988,155478032059
1,875265,PUT,155478032188,155478032261
1,875521,PUT,155478032564,155478032618
1,875777,PUT,155478032676,155478032706
1,876033,PUT,155478032765,155478032795
1,876289,PUT,155478033039,155478033108
1,876545,PUT,155478033333,155478033363
1,876801,PUT,155478033623,155478033692
1,877057,PUT,155478033759,155478033787
1,877313,PUT,155478033985,155478034056
1,877569,PUT,155478034187,155478034240
1,877825,PUT,155478034653,155478034682
1,878081,PUT,155478035082,155478035152
1,878337,PUT,155478035486,155478035554
1,878593,PUT,155478035714,155478035784
1,878849,PUT,155478036321,155478036389
1,879105,PUT,155478036846,155478036916
1,879361,PUT,155478037358,155478037429
1,879617,PUT,155478037727,155478037757
1,879873,PUT,155478038489,155478038558
1,880129,PUT,155478038666,155478038734
1,880385,PUT,155478038878,155478038908
1,880641,PUT,155478039457,155478039526
1,880897,PUT,155478039652,155478039737
1,881153,PUT,155478039860,155478039900
1,881409,PUT,155478040134,155478040206
1,881665,PUT,155478040330,155478040406
1,881921,PUT,155478040530,155478040606
1,882177,PUT,155478040729,155478040782
1,882433,PUT,155478041222,155478041292
1,882689,PUT,155478041856,155478041900
1,882945,PUT,155478041974,155478042039
1,883201,PUT,155478042756,155478042833
1,883457,PUT,155478043116,155478043184
1,883713,PUT,155478043660,155478043732
1,883969,PUT,155478043971,155478043999
1,884225,PUT,155478044062,155478044092
1,884481,PUT,155478044150,155478044181
1,884737,PUT,155478044265,155478044333
1,884993,PUT,155478044639,155478044708
1,885249,PUT,155478044828,155478044870
1,885505,PUT,155478045102,155478045173
1,885761,PUT,155478045303,155478045377
1,886017,PUT,155478045735,155478045804
1,886273,PUT,155478045928,155478045957
1,886529,PUT,155478046179,155478046252
1,886785,PUT,155478046549,155478046611
1,887041,PUT,155478046873,155478046953
1,887297,PUT,155478047048,155478047189
1,887553,PUT,155478047490,155478047561
1,887809,PUT,155478047684,155478047712
1,888065,PUT,155478048145,155478048213
1,888321,PUT,155478048325,155478048392
1,888577,PUT,155478048495,155478048563
1,888833,PUT,155478048660,155478048725
1,889089,PUT,155478049016,155478049084
1,889345,PUT,155478049328,155478049399
1,889601,PUT,155478049545,155478049618
1,889857,PUT,155478050289,155478050341
1,890113,PUT,155478050400,155478050429
1,890369,PUT,155478050487,155478050517
1,890625,PUT,155478050753,155478050783
1,890881,PUT,155478051180,155478051252
1,891137,PUT,155478051374,155478051452
1,891393,PUT,155478051589,155478051640
1,891649,PUT,155478051715,155478051745
1,891905,PUT,155478051833,155478051901
1,892161,PUT,155478051999,155478052066
1,892417,PUT,155478052189,155478052259
1,892673,PUT,155478052430,155478052483
1,892929,PUT,155478052658,155478052728
1,893185,PUT,155478052992,155478052984
1,893441,PUT,155478053162,155478053227
1,893697,PUT,155478053659,155478053706
1,893953,PUT,155478053906,155478053978
1,894209,PUT,155478054100,155478054153
1,894465,PUT,155478054384,155478054413
1,894721,PUT,155478054900,155478054968
1,894977,PUT,155478055096,155478055147
1,895233,PUT,155478055205,155478055235
1,895489,PUT,155478055325,155478055394
1,895745,PUT,155478055515,155478055555
1,896001,PUT,155478055627,155478055692
1,896257,PUT,155478055995,155478056024
1,896513,PUT,155478056060,155478056089
1,896769,PUT,155478056148,155478056177
1,897025,PUT,155478056370,155478056400
1,897281,PUT,155478056571,155478056650
1,897537,PUT,155478056930,155478057001
1,897793,PUT,155478057126,155478057156
1,898049,PUT,155478057379,155478057450
1,898305,PUT,155478057521,155478057592
1,898561,PUT,155478057714,155478057788
1,898817,PUT,155478057913,155478057965
1,899073,PUT,155478058054,155478058053
1,899329,PUT,155478058439,155478058510
1,899585,PUT,155478058802,155478058831
1,899841,PUT,155478058865,155478058894
1,900097,PUT,155478059062,155478059132
1,900353,PUT,155478059438,155478059509
1,900609,PUT,155478059731,155478059773
1,900865,PUT,155478060472,155478060543
1,901121,PUT,155478060781,155478060853
1,901377,PUT,155478060989,155478061019
1,901633,PUT,155478061116,155478061146
1,901889,PUT,155478061178,155478061207
1,902145,PUT,155478061240,155478061269
1,902401,PUT,155478061303,155478061332
1,902657,PUT,155478061496,155478061525
1,902913,PUT,155478061742,155478061770
1,903169,PUT,155478061924,155478061993
1,903425,PUT,155478062173,155478062245
1,903681,PUT,155478062375,155478062427
1,903937,PUT,155478062485,155478062516
1,904193,PUT,155478062573,155478062604
1,904449,PUT,155478062662,155478062746
1,904705,PUT,155478063629,155478063700
1,904961,PUT,155478063772,155478063846
1,905217,PUT,155478064725,155478064796
1,905473,PUT,155478064918,155478064993
1,905729,PUT,155478065119,155478065198
1,905985,PUT,155478065322,155478065379
1,906241,PUT,155478065977,155478066006
1,906497,PUT,155478066543,155478066617
1,906753,PUT,155478066737,155478066819
1,907009,PUT,155478067069,155478067139
1,907265,PUT,155478067429,155478067498
1,907521,PUT,155478067572,155478067644
1,907777,PUT,155478067835,155478067905
1,908033,PUT,155478068544,155478068614
1,908289,PUT,155478068689,155478068718
1,908545,PUT,155478068814,155478068882
1,908801,PUT,155478069258,155478069327
1,909057,PUT,155478069627,155478069656
1,909313,PUT,155478069888,155478069959
1,909569,PUT,155478070850,155478070925
1,909825,PUT,155478070995,155478071025
1,910081,PUT,155478071265,155478071333
1,910337,PUT,155478071483,155478071513
1,910593,PUT,155478071579,155478071608
1,910849,PUT,155478072669,155478072713
1,911105,PUT,155478072827,155478072896
1,911361,PUT,155478073075,155478073146
1,911617,PUT,155478073273,155478073326
1,911873,PUT,155478073580,155478073652
1,912129,PUT,155478073915,155478073988
1,912385,PUT,155478074112,155478074191
1,912641,PUT,155478074269,155478074324
1,912897,PUT,155478074620,155478074690
1,913153,PUT,155478074944,155478074998
1,913409,PUT,155478075269,155478075338
1,913665,PUT,155478075620,155478075690
1,913921,PUT,155478075945,155478076016
1,914177,PUT,155478076310,155478076382
1,914433,PUT,155478076533,155478076595
1,914689,PUT,155478076917,155478076985
1,914945,PUT,155478077110,155478077140
1,915201,PUT,155478077198,155478077226
1,915457,PUT,155478077311,155478077379
1,915713,PUT,155478077477,155478077541
1,915969,PUT,155478077688,155478077767
1,916225,PUT,155478077863,155478077928
1,916481,PUT,155478077996,155478078025
1,916737,PUT,155478078086,155478078158
1,916993,PUT,155478079089,155478079157
1,917249,PUT,155478079280,155478079334
1,917505,PUT,155478079780,155478079849
1,917761,PUT,155478080185,155478080259
1,918017,PUT,155478080525,155478080595
1,918273,PUT,155478080790,155478080819
1,918529,PUT,155478082619,155478082704
1,918785,PUT,155478082801,155478082866
1,919041,PUT,155478083086,155478083114
1,919297,PUT,155478083211,155478083241
1,919553,PUT,155478083273,155478083304
1,919809,PUT,155478083336,155478083366
1,920065,PUT,155478083398,155478083427
1,920321,PUT,155478083462,155478083490
1,920577,PUT,155478083714,155478083743
1,920833,PUT,155478083775,155478083804
1,921089,PUT,155478083899,155478083928
1,921345,PUT,155478084024,155478084053
1,921601,PUT,155478084086,155478084115
1,921857,PUT,155478084212,155478084240
1,922113,PUT,155478084409,155478084439
1,922369,PUT,155478084478,155478084507
1,922625,PUT,155478084745,155478084774
1,922881,PUT,155478085688,155478085757
1,923137,PUT,155478086175,155478086205
1,923393,PUT,155478086264,155478086293
1,923649,PUT,155478086351,155478086436
1,923905,PUT,155478086618,155478086687
1,924161,PUT,155478086786,155478086853
1,924417,PUT,155478087179,155478087251
1,924673,PUT,155478087724,155478087792
1,924929,PUT,155478087888,155478087954
1,925185,PUT,155478088422,155478088493
1,925441,PUT,155478088743,155478088814
1,925697,PUT,155478088937,155478088967
1,925953,PUT,155478089026,155478089101
1,926209,PUT,155478089226,155478089278
1,926465,PUT,155478089373,155478089442
1,926721,PUT,155478089823,155478089892
1,926977,PUT,155478090386,155478090457
1,927233,PUT,155478090747,155478090777
1,927489,PUT,155478091005,155478091076
1,927745,PUT,155478091230,155478091282
1,928001,PUT,155478091886,155478091968
1,928257,PUT,155478092094,155478092135
1,928513,PUT,155478092636,155478092708
1,928769,PUT,155478092933,155478092962
1,929025,PUT,155478093532,155478093601
1,929281,PUT,155478094039,155478094107
1,929537,PUT,155478094181,155478094210
1,929793,PUT,155478094672,155478094700
1,930049,PUT,155478094757,155478094826
1,930305,PUT,155478094929,155478094994
1,930561,PUT,155478095067,155478095096
1,930817,PUT,155478095157,155478095185
1,931073,PUT,155478095245,155478095274
1,931329,PUT,155478095333,155478095361
1,931585,PUT,155478095453,155478095450
1,931841,PUT,155478095934,155478096003
1,932097,PUT,155478096310,155478096379
1,932353,PUT,155478097756,155478097825
1,932609,PUT,155478098112,155478098183
1,932865,PUT,155478098309,155478098339
1,933121,PUT,155478098717,155478098747
1,933377,PUT,155478098907,155478098938
1,933633,PUT,155478098971,155478099001
1,933889,PUT,155478099096,155478099124
1,934145,PUT,155478099160,155478099190
1,934401,PUT,155478099286,155478099316
1,934657,PUT,155478099352,155478099381
1,934913,PUT,155478099414,155478099443
1,935169,PUT,155478099610,155478099639
1,935425,PUT,155478099673,155478099703
1,935681,PUT,155478099736,155478099766
1,935937,PUT,155478099999,155478100028
1,936193,PUT,155478100062,155478100092
1,936449,PUT,155478100126,155478100156
1,936705,PUT,155478100190,155478100219
1,936961,PUT,155478100252,155478100282
1,937217,PUT,155478100386,155478100415
1,937473,PUT,155478100511,155478100541
1,937729,PUT,155478100634,155478100662
1,937985,PUT,155478100697,155478100727
1,938241,PUT,155478100959,155478100988
1,938497,PUT,155478101022,155478101052
1,938753,PUT,155478101145,155478101175
1,939009,PUT,155478101211,155478101241
1,939265,PUT,155478101465,155478101495
1,939521,PUT,155478101527,155478101556
1,939777,PUT,155478101726,155478101755
1,940033,PUT,155478101859,155478101888
1,940289,PUT,155478101922,155478101951
1,940545,PUT,155478101984,155478102015
1,9217,GET,155477066233,155477066118
1,9729,GET,155477066612,155477066611
1,11009,GET,155477067451,155477067375
1,11521,GET,155477067735,155477067638
1,11777,GET,155477068027,155477067980
1,12289,GET,155477068951,155477068937
1,12801,GET,155477069099,155477069089
1,13313,GET,155477069244,155477069239
1,13825,GET,155477069633,155477069560
1,14337,GET,155477070086,155477070074
1,14849,GET,155477070229,155477070137
1,15361,GET,155477070825,155477070754
1,15873,GET,155477070979,155477070875
1,16385,GET,155477071328,155477071224
1,16897,GET,155477071574,155477071479
1,17153,GET,155477071694,155477071624
1,17409,GET,155477071784,155477071742
1,17665,GET,155477071868,155477071835
1,17921,GET,155477071954,155477071921
1,18689,GET,155477072353,155477072258
1,19201,GET,155477073035,155477073024
1,19969,GET,155477073307,155477073295
1,20481,GET,155477073454,155477073357
1,20737,GET,155477073535,155477073505
1,20993,GET,155477073649,155477073620
1,21505,GET,155477073813,155477073773
1,22017,GET,155477074174,155477074076
1,22273,GET,155477074270,155477074239
1,22529,GET,155477074391,155477074319
1,23553,GET,155477074924,155477074911
1,24065,GET,155477075478,155477075384
1,24833,GET,155477075842,155477075773
1,25857,GET,155477076649,155477076558
1,26113,GET,155477077111,155477077050
1,26369,GET,155477077173,155477077144
1,27137,GET,155477077929,155477077823
1,27649,GET,155477078267,155477078191
1,27905,GET,155477078394,155477078355
1,28161,GET,155477078548,155477078452
1,28673,GET,155477078911,155477078898
1,28929,GET,155477079058,155477078963
1,29441,GET,155477080165,155477080099
1,2304,GET,155477080473,155477080370
1,2560,GET,155477080588,155477080505
1,30209,GET,155477080699,155477080620
1,3072,GET,155477081016,155477080921
1,3328,GET,155477081131,155477081101
1,3584,GET,155477081293,155477081199
1,30977,GET,155477081426,155477081398
1,31233,GET,155477081798,155477081726
1,31489,GET,155477081955,155477081849
1,31745,GET,155477082182,155477082024
1,32257,GET,155477082501,155477082403
1,4864,GET,155477082581,155477082551
1,5376,GET,155477083367,155477083265
1,33025,GET,155477083492,155477083417
1,33281,GET,155477083738,155477083641
1,33537,GET,155477083981,155477083913
1,6400,GET,155477084204,155477084110
1,33793,GET,155477084318,155477084255
1,6656,GET,155477084401,155477084341
1,34049,GET,155477084485,155477084457
1,7168,GET,155477085106,155477084998
1,35073,GET,155477085327,155477085309
1,35329,GET,155477085530,155477085433
1,35585,GET,155477085990,155477085895
1,8704,GET,155477086831,155477086792
1,8960,GET,155477086980,155477086955
1,9216,GET,155477087123,155477087029
1,36865,GET,155477087247,155477087218
1,37121,GET,155477087624,155477087548
1,37377,GET,155477087783,155477087676
1,37633,GET,155477088127,155477088025
1,10240,GET,155477088404,155477088356
1,10496,GET,155477088953,155477088860
1,38145,GET,155477089191,155477089121
1,38401,GET,155477089318,155477089223
1,11008,GET,155477089440,155477089368
1,38657,GET,155477089533,155477089492
1,38913,GET,155477090135,155477090036
1,11520,GET,155477090242,155477090209
1,11776,GET,155477090369,155477090296
1,39681,GET,155477090712,155477090612
1,39937,GET,155477091047,155477090939
1,40193,GET,155477091370,155477091266
1,12800,GET,155477091638,155477091591
1,40449,GET,155477091739,155477091709
1,40705,GET,155477091908,155477091801
1,40961,GET,155477092443,155477092348
1,13568,GET,155477092559,155477092496
1,41217,GET,155477092954,155477092890
1,41473,GET,155477093531,155477093461
1,41729,GET,155477093687,155477093616
1,14592,GET,155477094288,155477094196
1,14848,GET,155477094752,155477094694
1,42753,GET,155477095375,155477095308
1,43521,GET,155477095933,155477095923
1,43777,GET,155477096079,155477095984
1,44033,GET,155477096449,155477096441
1,16896,GET,155477096721,155477096715
1,17152,GET,155477096865,155477096860
1,17408,GET,155477097012,155477096917
1,44801,GET,155477097123,155477097063
1,45313,GET,155477097506,155477097440
1,45569,GET,155477097988,155477097987
1,45825,GET,155477098275,155477098177
1,18688,GET,155477098752,155477098677
1,19200,GET,155477098974,155477098879
1,46593,GET,155477099056,155477099025
1,19712,GET,155477099605,155477099512
1,47361,GET,155477100068,155477100003
1,20224,GET,155477100174,155477100099
1,47617,GET,155477100316,155477100226
1,20480,GET,155477100569,155477100474
1,20736,GET,155477101188,155477101176
1,21248,GET,155477101668,155477101571
1,21504,GET,155477102110,155477102038
1,21760,GET,155477102266,155477102160
1,22016,GET,155477102608,155477102515
1,49665,GET,155477102722,155477102658
1,22272,GET,155477102777,155477102746
1,49921,GET,155477102831,155477102801
1,22528,GET,155477103173,155477103143
1,50177,GET,155477103340,155477103309
1,22784,GET,155477103452,155477103421
1,50433,GET,155477103561,155477103530
1,23040,GET,155477103653,155477103591
1,50689,GET,155477103708,155477103677
1,23296,GET,155477103763,155477103732
1,50945,GET,155477103983,155477103954
1,23552,GET,155477104038,155477104007
1,51201,GET,155477104093,155477104062
1,23808,GET,155477104154,155477104122
1,51457,GET,155477104263,155477104232
1,24064,GET,155477104373,155477104341
1,51713,GET,155477104639,155477104588
1,24576,GET,155477105040,155477104934
1,51969,GET,155477105300,155477105275
1,52481,GET,155477105637,155477105622
1,52737,GET,155477105848,155477105775
1,52993,GET,155477106172,155477106098
1,53249,GET,155477106330,155477106222
1,53505,GET,155477106543,155477106401
1,26368,GET,155477106684,155477106605
1,53761,GET,155477106770,155477106714
1,26624,GET,155477107029,155477106980
1,54017,GET,155477107093,155477107059
1,26880,GET,155477107409,155477107411
1,27136,GET,155477107856,155477107767
1,54785,GET,155477108060,155477108029
1,55041,GET,155477108429,155477108337
1,27648,GET,155477108511,155477108480
1,55297,GET,155477108677,155477108647
1,27904,GET,155477108738,155477108707
1,55553,GET,155477108798,155477108768
1,28160,GET,155477108946,155477108884
1,55809,GET,155477109008,155477108977
1,28416,GET,155477109124,155477109093
1,56065,GET,155477109259,155477109229
1,28672,GET,155477109320,155477109290
1,56321,GET,155477109375,155477109344
1,28928,GET,155477109429,155477109399
1,56577,GET,155477109597,155477109566
1,29184,GET,155477109658,155477109626
1,56833,GET,155477109718,155477109688
1,29440,GET,155477109772,155477109742
1,29696,GET,155477110462,155477110362
1,57345,GET,155477110573,155477110552
1,57601,GET,155477110746,155477110650
1,57857,GET,155477110896,155477110797
1,30464,GET,155477111007,155477110947
1,59905,GET,155477112612,155477112584
1,60161,GET,155477112758,155477112663
1,32768,GET,155477113037,155477112986
1,33536,GET,155477114106,155477114032
1,33792,GET,155477114262,155477114189
1,34048,GET,155477114419,155477114312
1,34304,GET,155477114757,155477114662
1,61697,GET,155477114869,155477114806
1,34560,GET,155477114953,155477114893
1,61953,GET,155477115215,155477115186
1,62209,GET,155477115377,155477115282
1,35328,GET,155477115742,155477115725
1,35584,GET,155477115886,155477115794
1,62977,GET,155477115969,155477115937
1,63233,GET,155477116389,155477116293
1,36096,GET,155477116614,155477116546
1,36352,GET,155477117301,155477117199
1,63745,GET,155477117385,155477117355
1,36608,GET,155477117477,155477117415
1,36864,GET,155477117751,155477117680
1,37120,GET,155477117906,155477117802
1,37376,GET,155477118096,155477117982
1,65025,GET,155477118421,155477118320
1,65281,GET,155477118882,155477118773
1,38400,GET,155477119697,155477119623
1,38656,GET,155477119855,155477119749
1,38912,GET,155477120180,155477120107
1,39168,GET,155477120342,155477120272
1,39936,GET,155477120879,155477120783
1,67329,GET,155477120960,155477120930
1,67841,GET,155477122118,155477122105
1,68097,GET,155477122328,155477122257
1,41216,GET,155477122825,155477122820
1,41472,GET,155477122970,155477122874
1,41728,GET,155477123761,155477123664
1,41984,GET,155477123988,155477123826
1,69633,GET,155477124102,155477124039
1,69889,GET,155477124221,155477124125
1,42496,GET,155477124367,155477124272
1,42752,GET,155477124529,155477124418
1,43008,GET,155477124941,155477124837
1,43264,GET,155477125188,155477125114
1,70913,GET,155477125637,155477125539
1,43776,GET,155477125722,155477125683
1,71169,GET,155477125808,155477125777
1,71681,GET,155477126024,155477125868
1,72193,GET,155477126175,155477126075
1,72705,GET,155477126505,155477126399
1,73217,GET,155477126914,155477126815
1,73729,GET,155477127458,155477127382
1,74241,GET,155477127619,155477127545
1,75265,GET,155477128341,155477128243
1,75521,GET,155477128472,155477128392
1,76033,GET,155477128631,155477128525
1,76289,GET,155477128783,155477128682
1,44288,GET,155477128942,155477128885
1,44800,GET,155477129255,155477129162
1,76801,GET,155477129463,155477129431
1,77057,GET,155477129862,155477129848
1,45312,GET,155477130063,155477129995
1,77825,GET,155477130548,155477130538
1,78081,GET,155477130691,155477130598
1,78337,GET,155477131027,155477130931
1,78593,GET,155477131184,155477131084
1,46848,GET,155477131509,155477131410
1,47104,GET,155477131800,155477131707
1,79361,GET,155477131916,155477131851
1,47360,GET,155477132034,155477132028
1,79873,GET,155477132571,155477132478
1,47872,GET,155477132687,155477132621
1,80129,GET,155477132770,155477132743
1,80385,GET,155477133144,155477133071
1,80897,GET,155477133404,155477133303
1,49152,GET,155477133738,155477133633
1,49408,GET,155477133895,155477133790
1,81409,GET,155477134011,155477133947
1,49920,GET,155477134414,155477134401
1,50432,GET,155477134787,155477134710
1,50688,GET,155477134946,155477134838
1,82945,GET,155477135077,155477135046
1,51200,GET,155477136042,155477136040
1,51968,GET,155477137182,155477137089
1,84481,GET,155477137730,155477137637
1,52480,GET,155477137849,155477137790
1,52736,GET,155477138215,155477138149
1,85505,GET,155477138854,155477138760
1,85761,GET,155477139189,155477139094
1,86017,GET,155477139905,155477139830
1,54528,GET,155477140222,155477140215
1,86785,GET,155477140368,155477140330
1,87041,GET,155477140853,155477140794
1,87297,GET,155477141022,155477140950
1,87553,GET,155477141181,155477141073
1,87809,GET,155477141521,155477141510
1,56064,GET,155477142011,155477141920
1,88321,GET,155477142151,155477142080
1,88577,GET,155477142389,155477142389
1,88833,GET,155477142535,155477142439
1,89089,GET,155477143016,155477142919
1,89345,GET,155477143391,155477143288
1,89601,GET,155477143670,155477143596
1,90113,GET,155477144363,155477144359
1,58368,GET,155477144811,155477144797
1,58624,GET,155477144953,155477144862
1,90881,GET,155477145034,155477145003
1,58880,GET,155477145449,155477145389
1,91137,GET,155477145541,155477145501
1,59136,GET,155477145682,155477145615
1,59392,GET,155477145805,155477145713
1,59648,GET,155477146039,155477146035
1,59904,GET,155477146184,155477146186
1,60160,GET,155477146329,155477146235
1,60416,GET,155477146567,155477146498
1,61440,GET,155477147982,155477147884
1,61696,GET,155477148288,155477148220
1,61952,GET,155477148505,155477148493
1,62208,GET,155477148650,155477148642
1,62464,GET,155477149032,155477148956
1,62720,GET,155477149339,155477149329
1,62976,GET,155477149487,155477149390
1,95233,GET,155477149568,155477149538
1,63232,GET,155477149650,155477149620
1,63488,GET,155477149816,155477149704
1,63744,GET,155477150051,155477149992
1,96001,GET,155477150177,155477150101
1,96257,GET,155477150418,155477150325
1,96513,GET,155477150688,155477150650
1,97025,GET,155477151049,155477150889
1,65024,GET,155477151491,155477151443
1,97281,GET,155477151615,155477151585
1,65792,GET,155477151973,155477151900
1,98049,GET,155477152430,155477152334
1,66304,GET,155477152769,155477152755
1,66560,GET,155477152915,155477152905
1,66816,GET,155477153025,155477152967
1,99073,GET,155477153119,155477153089
1,67072,GET,155477153179,155477153148
1,99329,GET,155477153345,155477153314
1,67328,GET,155477153406,155477153375
1,99585,GET,155477153636,155477153606
1,67584,GET,155477153751,155477153720
1,99841,GET,155477153812,155477153781
1,67840,GET,155477154001,155477153956
1,100097,GET,155477154106,155477154031
1,100353,GET,155477154416,155477154313
1,100609,GET,155477154699,155477154603
1,68608,GET,155477154786,155477154756
1,68864,GET,155477155049,155477155039
1,69120,GET,155477155195,155477155198
1,69376,GET,155477155419,155477155302
1,101633,GET,155477155502,155477155449
1,69632,GET,155477155650,155477155621
1,101889,GET,155477155711,155477155681
1,69888,GET,155477155772,155477155742
1,102145,GET,155477155882,155477155852
1,70144,GET,155477155942,155477155912
1,102401,GET,155477156003,155477155972
1,70400,GET,155477156228,155477156197
1,102657,GET,155477156281,155477156252
1,70656,GET,155477156733,155477156669
1,70912,GET,155477156963,155477156906
1,71168,GET,155477157116,155477157015
1,71424,GET,155477157269,155477157167
1,71680,GET,155477157541,155477157446
1,103937,GET,155477157866,155477157806
1,72192,GET,155477157995,155477157920
1,72448,GET,155477158112,155477158020
1,104449,GET,155477158223,155477158195
1,104705,GET,155477158383,155477158352
1,104961,GET,155477158712,155477158675
1,106753,GET,155477160821,155477160719
1,107009,GET,155477161112,155477161046
1,107265,GET,155477161376,155477161346
1,107521,GET,155477161535,155477161442
1,75520,GET,155477161647,155477161586
1,107777,GET,155477161732,155477161671
1,75776,GET,155477161957,155477161889
1,108033,GET,155477162459,155477162429
1,108289,GET,155477162644,155477162531
1,108801,GET,155477163041,155477163033
1,109057,GET,155477163184,155477163092
1,77056,GET,155477163265,155477163234
1,109569,GET,155477164027,155477163928
1,77568,GET,155477164287,155477164223
1,77824,GET,155477164575,155477164474
1,110081,GET,155477164703,155477164625
1,110337,GET,155477164824,155477164727
1,78336,GET,155477164955,155477164931
1,78592,GET,155477165123,155477165026
1,78848,GET,155477165545,155477165443
1,111105,GET,155477165667,155477165613
1,79104,GET,155477165752,155477165698
1,111361,GET,155477165837,155477165781
1,111617,GET,155477166392,155477166352
1,79872,GET,155477166650,155477166550
1,112129,GET,155477166738,155477166704
1,112385,GET,155477166896,155477166855
1,112641,GET,155477167256,155477167161
1,112897,GET,155477167434,155477167321
1,113153,GET,155477167709,155477167696
1,81408,GET,155477167982,155477167881
1,113665,GET,155477168111,155477168033
1,81664,GET,155477168392,155477168345
1,81920,GET,155477168726,155477168631
1,114177,GET,155477168842,155477168777
1,114433,GET,155477169095,155477169051
1,82688,GET,155477169419,155477169295
1,115201,GET,155477170375,155477170313
1,83456,GET,155477170533,155477170434
1,83712,GET,155477170688,155477170591
1,83968,GET,155477170840,155477170745
1,116225,GET,155477170961,155477170894
1,116481,GET,155477171137,155477171041
1,84480,GET,155477171225,155477171197
1,84736,GET,155477171386,155477171355
1,84992,GET,155477171530,155477171436
1,117505,GET,155477171928,155477171851
1,117761,GET,155477172084,155477171978
1,85760,GET,155477172212,155477172184
1,86016,GET,155477172377,155477172339
1,86272,GET,155477172487,155477172427
1,118529,GET,155477172601,155477172537
1,86528,GET,155477172686,155477172655
1,86784,GET,155477173063,155477172986
1,87040,GET,155477173391,155477173296
1,119297,GET,155477173539,155477173456
1,119553,GET,155477173655,155477173563
1,120321,GET,155477174191,155477174180
1,120833,GET,155477174334,155477174332
1,121345,GET,155477174445,155477174385
1,121601,GET,155477174544,155477174514
1,121857,GET,155477174636,155477174604
1,122625,GET,155477175178,155477175082
1,123137,GET,155477175802,155477175708
1,123905,GET,155477176356,155477176259
1,124161,GET,155477176628,155477176579
1,124673,GET,155477176996,155477176903
1,125185,GET,155477177453,155477177455
1,125697,GET,155477177743,155477177648
1,87552,GET,155477178074,155477178043
1,126465,GET,155477178407,155477178312
1,126721,GET,155477178748,155477178710
1,126977,GET,155477178896,155477178867
1,88832,GET,155477179197,155477179128
1,89088,GET,155477179354,155477179248
1,127745,GET,155477179440,155477179379
1,89344,GET,155477179527,155477179488
1,89600,GET,155477179678,155477179578
1,128513,GET,155477180009,155477179911
1,90112,GET,155477180138,155477180060
1,90368,GET,155477180458,155477180439
1,90880,GET,155477181006,155477180906
1,129537,GET,155477181275,155477181226
1,91136,GET,155477181399,155477181370
1,91392,GET,155477181562,155477181469
1,91648,GET,155477181820,155477181726
1,91904,GET,155477182140,155477182046
1,92160,GET,155477182415,155477182319
1,92672,GET,155477182911,155477182900
1,93184,GET,155477183054,155477182963
1,93696,GET,155477183406,155477183314
1,94208,GET,155477183653,155477183555
1,94976,GET,155477184000,155477183980
1,95488,GET,155477184146,155477184134
1,96000,GET,155477184319,155477184251
1,96256,GET,155477184380,155477184350
1,96512,GET,155477184491,155477184435
1,96768,GET,155477184965,155477184917
1,98048,GET,155477185999,155477185963
1,98560,GET,155477186376,155477186347
1,99072,GET,155477186521,155477186428
1,99584,GET,155477186940,155477186840
1,100096,GET,155477187260,155477187194
1,101376,GET,155477188140,155477188071
1,102144,GET,155477189151,155477189090
1,102656,GET,155477189497,155477189388
1,103936,GET,155477190428,155477190281
1,104704,GET,155477191222,155477191146
1,105216,GET,155477191565,155477191469
1,105728,GET,155477191900,155477191807
1,105984,GET,155477192016,155477191952
1,106240,GET,155477192104,155477192040
1,106752,GET,155477192343,155477192310
1,107264,GET,155477192488,155477192460
1,108800,GET,155477193073,155477192974
1,109056,GET,155477193154,155477193124
1,109568,GET,155477193423,155477193331
1,110080,GET,155477194079,155477193988
1,110336,GET,155477194192,155477194131
1,110848,GET,155477194441,155477194404
1,111360,GET,155477194586,155477194554
1,111872,GET,155477194731,155477194636
1,112384,GET,155477195017,155477194948
1,112896,GET,155477195235,155477195138
1,113152,GET,155477195319,155477195286
1,113408,GET,155477195401,155477195370
1,113664,GET,155477195680,155477195632
1,114176,GET,155477195914,155477195749
1,114688,GET,155477196239,155477196132
1,115200,GET,155477196571,155477196462
1,115712,GET,155477196899,155477196740
1,116224,GET,155477197184,155477197079
1,116736,GET,155477197553,155477197457
1,117248,GET,155477197872,155477197768
1,117504,GET,155477197956,155477197925
1,117760,GET,155477198040,155477198017
1,118272,GET,155477198206,155477198114
1,118528,GET,155477198324,155477198256
1,119040,GET,155477198446,155477198436
1,119808,GET,155477198718,155477198703
1,120320,GET,155477198924,155477198827
1,120576,GET,155477199069,155477198994
1,122368,GET,155477199873,155477199803
1,123392,GET,155477200362,155477200342
1,124416,GET,155477200901,155477200804
1,124672,GET,155477200962,155477200931
1,124928,GET,155477201023,155477200992
1,125184,GET,155477201413,155477201382
1,125440,GET,155477201467,155477201436
1,125696,GET,155477201577,155477201546
1,125952,GET,155477201801,155477201769
1,126208,GET,155477201855,155477201825
1,126464,GET,155477202021,155477201990
1,126720,GET,155477202081,155477202051
1,126976,GET,155477202142,155477202112
1,127232,GET,155477202202,155477202172
1,127488,GET,155477202263,155477202232
1,127744,GET,155477202378,155477202347
1,128000,GET,155477202488,155477202458
1,128256,GET,155477205534,155477205502
1,128512,GET,155477205777,155477205711
1,128768,GET,155477205864,155477205823
1,129792,GET,155477206270,155477206163
1,130048,GET,155477206406,155477206378
1,130560,GET,155477206571,155477206529
1,132096,GET,155477207189,155477207173
1,132608,GET,155477207373,155477207241
1,133376,GET,155477207814,155477207719
1,133632,GET,155477208022,155477207992
1,133888,GET,155477208154,155477208100
1,134144,GET,155477208407,155477208359
1,136448,GET,155477210264,155477210152
1,136704,GET,155477210326,155477210294
1,136960,GET,155477210382,155477210351
1,137216,GET,155477210489,155477210413
1,137472,GET,155477210552,155477210519
1,138752,GET,155477211920,155477211822
1,139008,GET,155477212128,155477212097
1,139776,GET,155477212510,155477212499
1,140288,GET,155477212657,155477212647
1,140544,GET,155477212815,155477212708
1,140800,GET,155477213103,155477213007
1,141312,GET,155477213583,155477213489
1,141568,GET,155477213675,155477213634
1,132097,GET,155477214305,155477214232
1,132353,GET,155477214438,155477214401
1,132609,GET,155477214598,155477214500
1,142336,GET,155477214872,155477214772
1,142592,GET,155477214954,155477214923
1,143104,GET,155477215436,155477215373
1,133377,GET,155477215526,155477215495
1,143360,GET,155477215663,155477215629
1,143616,GET,155477215824,155477215724
1,143872,GET,155477215974,155477215875
1,144128,GET,155477216089,155477216026
1,134401,GET,155477216306,155477216283
1,144640,GET,155477217095,155477217079
1,144896,GET,155477217248,155477217146
1,145152,GET,155477217459,155477217428
1,135169,GET,155477217568,155477217537
1,135425,GET,155477217733,155477217627
1,145664,GET,155477218184,155477218184
1,136193,GET,155477218463,155477218464
1,146176,GET,155477218833,155477218728
1,146688,GET,155477219227,155477219214
1,137217,GET,155477220249,155477220178
1,137729,GET,155477220569,155477220554
1,148224,GET,155477220722,155477220620
1,138241,GET,155477221228,155477221170
1,138497,GET,155477221671,155477221563
1,148736,GET,155477221930,155477221868
1,148992,GET,155477222025,155477221986
1,149504,GET,155477222730,155477222631
1,139009,GET,155477222818,155477222786
1,149760,GET,155477223185,155477223084
1,140033,GET,155477223612,155477223549
1,150272,GET,155477223923,155477223817
1,140801,GET,155477224602,155477224501
1,141057,GET,155477224734,155477224675
1,150784,GET,155477225362,155477225290
1,151040,GET,155477225523,155477225413
1,142081,GET,155477225657,155477225599
1,151296,GET,155477225770,155477225689
1,151552,GET,155477226282,155477226183
1,151808,GET,155477226661,155477226637
1,143105,GET,155477227221,155477227206
1,152832,GET,155477227640,155477227565
1,143873,GET,155477227768,155477227691
1,153088,GET,155477227882,155477227798
1,153344,GET,155477228042,155477227935
1,144385,GET,155477228170,155477228093
1,144641,GET,155477228659,155477228562
1,153856,GET,155477228771,155477228742
1,145153,GET,155477228938,155477228896
1,145665,GET,155477229426,155477229324
1,145921,GET,155477229562,155477229471
1,146177,GET,155477229647,155477229592
1,146433,GET,155477230087,155477230037
1,154624,GET,155477230258,155477230183
1,155136,GET,155477230572,155477230566
1,146945,GET,155477230855,155477230845
1,147201,GET,155477231098,155477231035
1,155904,GET,155477231181,155477231149
1,147713,GET,155477231343,155477231234
1,156160,GET,155477231495,155477231395
1,156416,GET,155477231655,155477231546
1,148481,GET,155477231805,155477231707
1,148993,GET,155477231961,155477231856
1,157696,GET,155477232505,155477232495
1,157952,GET,155477232719,155477232650
1,150273,GET,155477233092,155477232929
1,158208,GET,155477233230,155477233143
1,150529,GET,155477233316,155477233287
1,158464,GET,155477233484,155477233444
1,151041,GET,155477233851,155477233750
1,151297,GET,155477233944,155477233913
1,151809,GET,155477234456,155477234355
1,152065,GET,155477234585,155477234530
1,159232,GET,155477234670,155477234641
1,152321,GET,155477234835,155477234798
1,160512,GET,155477235462,155477235398
1,160768,GET,155477235711,155477235596
1,161024,GET,155477236179,155477236139
1,161280,GET,155477236776,155477236773
1,153601,GET,155477236890,155477236827
1,162048,GET,155477237066,155477236963
1,162304,GET,155477237197,155477237117
1,153857,GET,155477237283,155477237256
1,163072,GET,155477237706,155477237606
1,154881,GET,155477238019,155477238007
1,163584,GET,155477238353,155477238275
1,163840,GET,155477238475,155477238440
1,164096,GET,155477238638,155477238537
1,164352,GET,155477238750,155477238723
1,164864,GET,155477239164,155477239041
1,165376,GET,155477239504,155477239404
1,165632,GET,155477239837,155477239733
1,165888,GET,155477240086,155477239989
1,166144,GET,155477240193,155477240162
1,166400,GET,155477240488,155477240424
1,157185,GET,155477240597,155477240566
1,157697,GET,155477240760,155477240662
1,166912,GET,155477241088,155477240984
1,158209,GET,155477241211,155477241139
1,167680,GET,155477241630,155477241526
1,158721,GET,155477241888,155477241828
1,158977,GET,155477242053,155477241941
1,168192,GET,155477242137,155477242105
1,159489,GET,155477242313,155477242208
1,160001,GET,155477242650,155477242550
1,160257,GET,155477242894,155477242867
1,160769,GET,155477243061,155477243019
1,168704,GET,155477243175,155477243112
1,161025,GET,155477243258,155477243227
1,161537,GET,155477243667,155477243670
1,169472,GET,155477243965,155477243864
1,161793,GET,155477244264,155477244262
1,162561,GET,155477244601,155477244523
1,169984,GET,155477244756,155477244689
1,170240,GET,155477244913,155477244837
1,170752,GET,155477245144,155477245043
1,171008,GET,155477245489,155477245376
1,164097,GET,155477245742,155477245641
1,164353,GET,155477245990,155477245990
1,164609,GET,155477246215,155477246143
1,165121,GET,155477246375,155477246266
1,171776,GET,155477246510,155477246451
1,172032,GET,155477246595,155477246565
1,165633,GET,155477246724,155477246660
1,172288,GET,155477247176,155477247079
1,172544,GET,155477247290,155477247229
1,172800,GET,155477247375,155477247349
1,166657,GET,155477247793,155477247697
1,167169,GET,155477248032,155477247927
1,167425,GET,155477248331,155477248236
1,167681,GET,155477248534,155477248503
1,173824,GET,155477248989,155477248927
1,168193,GET,155477249501,155477249388
1,168449,GET,155477249584,155477249553
1,174336,GET,155477249709,155477249654
1,168705,GET,155477249797,155477249763
1,174848,GET,155477249959,155477249913
1,169217,GET,155477250113,155477250010
1,169729,GET,155477250448,155477250337
1,169985,GET,155477250531,155477250499
1,170753,GET,155477251067,155477250961
1,171009,GET,155477251502,155477251472
1,171265,GET,155477251559,155477251528
1,171521,GET,155477251614,155477251583
1,171777,GET,155477251671,155477251639
1,172289,GET,155477252243,155477252143
1,175360,GET,155477252672,155477252571
1,172545,GET,155477252795,155477252743
1,172801,GET,155477252877,155477252820
1,175872,GET,155477253233,155477253131
1,173569,GET,155477253934,155477253823
1,173825,GET,155477254017,155477253987
1,176128,GET,155477254104,155477254043
1,176384,GET,155477254386,155477254339
1,176896,GET,155477254570,155477254454
1,174081,GET,155477254853,155477254842
1,177664,GET,155477255006,155477254906
1,175873,GET,155477257141,155477257032
1,176129,GET,155477257433,155477257385
1,176385,GET,155477257559,155477257525
1,176897,GET,155477257901,155477257838
1,177153,GET,155477257987,155477257948
1,177665,GET,155477258327,155477258215
1,177921,GET,155477258576,155477258479
1,178177,GET,155477258763,155477258650
1,178433,GET,155477258891,155477258863
1,180224,GET,155477259058,155477258957
1,180992,GET,155477259392,155477259364
1,181504,GET,155477259544,155477259516
1,182272,GET,155477259806,155477259703
1,182528,GET,155477260085,155477260036
1,182784,GET,155477260252,155477260221
1,183040,GET,155477260364,155477260333
1,183296,GET,155477260477,155477260445
1,183552,GET,155477260653,155477260621
1,183808,GET,155477260716,155477260684
1,178689,GET,155477260888,155477260856
1,184064,GET,155477260950,155477260919
1,184320,GET,155477261166,155477261096
1,178945,GET,155477261228,155477261197
1,184576,GET,155477261343,155477261288
1,179201,GET,155477261428,155477261401
1,184832,GET,155477261823,155477261806
1,180481,GET,155477261971,155477261963
1,180737,GET,155477262187,155477262116
1,185600,GET,155477262311,155477262275
1,186112,GET,155477262474,155477262373
1,180993,GET,155477262589,155477262562
1,186624,GET,155477263150,155477263072
1,181505,GET,155477263312,155477263239
1,187136,GET,155477263464,155477263389
1,182017,GET,155477263624,155477263553
1,182273,GET,155477263784,155477263676
1,188160,GET,155477264204,155477264106
1,182785,GET,155477264286,155477264255
1,188416,GET,155477264373,155477264349
1,189184,GET,155477264842,155477264802
1,183809,GET,155477265167,155477265068
1,189696,GET,155477265282,155477265218
1,184065,GET,155477265370,155477265343
1,189952,GET,155477265679,155477265617
1,184833,GET,155477265788,155477265756
1,190464,GET,155477266084,155477265980
1,185601,GET,155477266785,155477266679
1,185857,GET,155477266889,155477266858
1,190976,GET,155477267691,155477267589
1,186369,GET,155477267859,155477267749
1,191488,GET,155477268220,155477268118
1,187137,GET,155477268372,155477268270
1,187393,GET,155477268706,155477268593
1,187649,GET,155477268790,155477268758
1,187905,GET,155477269121,155477269063
1,188161,GET,155477269212,155477269179
1,188417,GET,155477269534,155477269461
1,192512,GET,155477269619,155477269558
1,188673,GET,155477270060,155477269953
1,188929,GET,155477270318,155477270238
1,193280,GET,155477270476,155477270407
1,193792,GET,155477270709,155477270607
1,194304,GET,155477271052,155477270939
1,190465,GET,155477271813,155477271741
1,190721,GET,155477272394,155477272293
1,195328,GET,155477272514,155477272445
1,195584,GET,155477272599,155477272538
1,195840,GET,155477272684,155477272656
1,190977,GET,155477272850,155477272813
1,196608,GET,155477273181,155477273173
1,196864,GET,155477273333,155477273325
1,197120,GET,155477273786,155477273685
1,197632,GET,155477274639,155477274536
1,192769,GET,155477274751,155477274690
1,197888,GET,155477274968,155477274914
1,193025,GET,155477275475,155477275371
1,193281,GET,155477275983,155477275913
1,193537,GET,155477276320,155477276221
1,194049,GET,155477276779,155477276676
1,194305,GET,155477276912,155477276881
1,199680,GET,155477277605,155477277527
1,195073,GET,155477277892,155477277827
1,195329,GET,155477277985,155477277954
1,200192,GET,155477278151,155477278040
1,200448,GET,155477278303,155477278202
1,200704,GET,155477278435,155477278355
1,196097,GET,155477278520,155477278493
1,200960,GET,155477278685,155477278585
1,201216,GET,155477279469,155477279368
1,196865,GET,155477280357,155477280285
1,197121,GET,155477280476,155477280442
1,197377,GET,155477280634,155477280599
1,197633,GET,155477280783,155477280685
1,198401,GET,155477281327,155477281224
1,202752,GET,155477281664,155477281553
1,203008,GET,155477281817,155477281716
1,203264,GET,155477282095,155477281988
1,199425,GET,155477282177,155477282147
1,203520,GET,155477282268,155477282232
1,203776,GET,155477282646,155477282593
1,200193,GET,155477282799,155477282745
1,204288,GET,155477283371,155477283298
1,201217,GET,155477283537,155477283423
1,201473,GET,155477283887,155477283785
1,205056,GET,155477283970,155477283939
1,201985,GET,155477284250,155477284149
1,205312,GET,155477284784,155477284686
1,205568,GET,155477284933,155477284836
1,202753,GET,155477285065,155477285034
1,203265,GET,155477285227,155477285184
1,205824,GET,155477285342,155477285279
1,203777,GET,155477285714,155477285708
1,204289,GET,155477285999,155477285899
1,206592,GET,155477286083,155477286051
1,206848,GET,155477286204,155477286134
1,207104,GET,155477286641,155477286592
1,207360,GET,155477286792,155477286742
1,207616,GET,155477286943,155477286894
1,208128,GET,155477287058,155477287045
1,205825,GET,155477287270,155477287197
1,208384,GET,155477287431,155477287322
1,206337,GET,155477287741,155477287689
1,209152,GET,155477287885,155477287840
1,209408,GET,155477288034,155477287993
1,209664,GET,155477288807,155477288710
1,209920,GET,155477289264,155477289188
1,208129,GET,155477289653,155477289581
1,208385,GET,155477289814,155477289743
1,208641,GET,155477289974,155477289903
1,208897,GET,155477290303,155477290202
1,211200,GET,155477290593,155477290544
1,209409,GET,155477290940,155477290837
1,211968,GET,155477291284,155477291172
1,209665,GET,155477291751,155477291642
1,210177,GET,155477291908,155477291806
1,210433,GET,155477292161,155477292060
1,212736,GET,155477293315,155477293312
1,212992,GET,155477293464,155477293366
1,211713,GET,155477293577,155477293516
1,213248,GET,155477293665,155477293635
1,212225,GET,155477293827,155477293789
1,213760,GET,155477293976,155477293879
1,214016,GET,155477294061,155477294027
1,212481,GET,155477294144,155477294113
1,213505,GET,155477294800,155477294737
1,214528,GET,155477295444,155477295394
1,213761,GET,155477295983,155477295883
1,215296,GET,155477296079,155477296048
1,214017,GET,155477296164,155477296132
1,215552,GET,155477296254,155477296220
1,214273,GET,155477296591,155477296484
1,216064,GET,155477296744,155477296643
1,216320,GET,155477296896,155477296795
1,215041,GET,155477296979,155477296948
1,216576,GET,155477297109,155477297054
1,215553,GET,155477297363,155477297266
1,216832,GET,155477298077,155477298006
1,217088,GET,155477298238,155477298170
1,216321,GET,155477298572,155477298495
1,216833,GET,155477298736,155477298622
1,217089,GET,155477298793,155477298760
1,217345,GET,155477298848,155477298816
1,217601,GET,155477299379,155477299349
1,217857,GET,155477299435,155477299404
1,218113,GET,155477299669,155477299638
1,218369,GET,155477300075,155477300043
1,217600,GET,155477300662,155477300631
1,217856,GET,155477300826,155477300787
1,219137,GET,155477301632,155477301531
1,219393,GET,155477301714,155477301683
1,219392,GET,155477303455,155477303385
1,222721,GET,155477303759,155477303693
1,219904,GET,155477304059,155477303953
1,220160,GET,155477304969,155477304869
1,220672,GET,155477305130,155477305020
1,220928,GET,155477305260,155477305183
1,221184,GET,155477305349,155477305321
1,221696,GET,155477305513,155477305413
1,221952,GET,155477305644,155477305565
1,223233,GET,155477306341,155477306339
1,223489,GET,155477306493,155477306489
1,224001,GET,155477306777,155477306763
1,223488,GET,155477306929,155477306829
1,224513,GET,155477307012,155477306981
1,224769,GET,155477307121,155477307063
1,223744,GET,155477307209,155477307146
1,224256,GET,155477307466,155477307418
1,224768,GET,155477307698,155477307687
1,225281,GET,155477307878,155477307836
1,225537,GET,155477308141,155477308040
1,226048,GET,155477308901,155477308837
1,226304,GET,155477309058,155477308957
1,226817,GET,155477309565,155477309457
1,227329,GET,155477310071,155477309963
1,227585,GET,155477310457,155477310395
1,227072,GET,155477310554,155477310482
1,227841,GET,155477310944,155477310902
1,227840,GET,155477311195,155477311184
1,228097,GET,155477311346,155477311247
1,228353,GET,155477311462,155477311430
1,228864,GET,155477311755,155477311655
1,229120,GET,155477311862,155477311829
1,228609,GET,155477311955,155477311923
1,229376,GET,155477312010,155477311978
1,229632,GET,155477312065,155477312034
1,228865,GET,155477312308,155477312276
1,229121,GET,155477312364,155477312332
1,229888,GET,155477312533,155477312503
1,229377,GET,155477312649,155477312617
1,230144,GET,155477312822,155477312789
1,230400,GET,155477312910,155477312852
1,229633,GET,155477313188,155477313140
1,229889,GET,155477313324,155477313246
1,230912,GET,155477313418,155477313383
1,231424,GET,155477313706,155477313605
1,230401,GET,155477313805,155477313775
1,231680,GET,155477313896,155477313864
1,230657,GET,155477314222,155477314122
1,230913,GET,155477314304,155477314273
1,231169,GET,155477314930,155477314851
1,231425,GET,155477315386,155477315282
1,232960,GET,155477315497,155477315464
1,232193,GET,155477316099,155477316024
1,233472,GET,155477316433,155477316333
1,233728,GET,155477316527,155477316496
1,232961,GET,155477316930,155477316866
1,234240,GET,155477317672,155477317602
1,233217,GET,155477317837,155477317768
1,235008,GET,155477318154,155477318057
1,235264,GET,155477318269,155477318239
1,233729,GET,155477318438,155477318335
1,235776,GET,155477369990,155477369978
1,286465,GET,155477370816,155477370681
1,286721,GET,155477371163,155477371057
1,286977,GET,155477371279,155477371247
1,275712,GET,155477371617,155477371552
1,275968,GET,155477371719,155477371689
1,287745,GET,155477372278,155477372270
1,276736,GET,155477372578,155477372558
1,288257,GET,155477372841,155477372835
1,288513,GET,155477372992,155477372893
1,277504,GET,155477373470,155477373436
1,289281,GET,155477373860,155477373788
1,289793,GET,155477374052,155477373977
1,278784,GET,155477374662,155477374647
1,290561,GET,155477375050,155477375047
1,290817,GET,155477375515,155477375413
1,279552,GET,155477375650,155477375568
1,291073,GET,155477375931,155477375882
1,280064,GET,155477376078,155477376005
1,280576,GET,155477376334,155477376287
1,291841,GET,155477376786,155477376775
1,292353,GET,155477377158,155477377088
1,292609,GET,155477377390,155477377291
1,281856,GET,155477377675,155477377576
1,282112,GET,155477377960,155477377917
1,293377,GET,155477378113,155477378067
1,294145,GET,155477378351,155477378252
1,282624,GET,155477378699,155477378591
1,282880,GET,155477378923,155477378880
1,283392,GET,155477379547,155477379443
1,294913,GET,155477380003,155477379900
1,295169,GET,155477380120,155477380090
1,284160,GET,155477380252,155477380187
1,295425,GET,155477380370,155477380305
1,284416,GET,155477380594,155477380533
1,295681,GET,155477380651,155477380620
1,295937,GET,155477380741,155477380710
1,284672,GET,155477380906,155477380797
1,284928,GET,155477381213,155477381139
1,296961,GET,155477381447,155477381345
1,285184,GET,155477381568,155477381500
1,285440,GET,155477382009,155477381932
1,285696,GET,155477382243,155477382142
1,285952,GET,155477382357,155477382327
1,297729,GET,155477382745,155477382698
1,298241,GET,155477382896,155477382851
1,299009,GET,155477383404,155477383286
1,286976,GET,155477383851,155477383820
1,299265,GET,155477384019,155477383973
1,287744,GET,155477384540,155477384475
1,288000,GET,155477384627,155477384596
1,300033,GET,155477384713,155477384658
1,288256,GET,155477384803,155477384772
1,300289,GET,155477384972,155477384926
1,301057,GET,155477385514,155477385390
1,289792,GET,155477386044,155477385941
1,290048,GET,155477386398,155477386386
1,301825,GET,155477386832,155477386733
1,302337,GET,155477387739,155477387681
1,291328,GET,155477388071,155477388055
1,302849,GET,155477388225,155477388210
1,291584,GET,155477388380,155477388367
1,304129,GET,155477389018,155477388915
1,292352,GET,155477389336,155477389321
1,304385,GET,155477389493,155477389475
1,293120,GET,155477390177,155477390108
1,304897,GET,155477390344,155477390237
1,305409,GET,155477390504,155477390396
1,305921,GET,155477391170,155477391101
1,294400,GET,155477391578,155477391470
1,306689,GET,155477391708,155477391658
1,294912,GET,155477391881,155477391763
1,306945,GET,155477392016,155477391985
1,307201,GET,155477392426,155477392324
1,295424,GET,155477392487,155477392457
1,295680,GET,155477392607,155477392576
1,295936,GET,155477392728,155477392696
1,296192,GET,155477392790,155477392758
1,307457,GET,155477392852,155477392820
1,296448,GET,155477392908,155477392876
1,296704,GET,155477392969,155477392938
1,307713,GET,155477393091,155477393060
1,307969,GET,155477393147,155477393116
1,308225,GET,155477393209,155477393178
1,308481,GET,155477393442,155477393411
1,308737,GET,155477393670,155477393639
1,308993,GET,155477393786,155477393754
1,309249,GET,155477393874,155477393835
1,309505,GET,155477394059,155477394027
1,309761,GET,155477394293,155477394226
1,310273,GET,155477394929,155477394829
1,310785,GET,155477395120,155477395006
1,311041,GET,155477395249,155477395171
1,311297,GET,155477395475,155477395414
1,311809,GET,155477395967,155477395864
1,297472,GET,155477396322,155477396247
1,312321,GET,155477396519,155477396454
1,297984,GET,155477396982,155477396933
1,312577,GET,155477397085,155477397055
1,312833,GET,155477397263,155477397149
1,313089,GET,155477397422,155477397320
1,299008,GET,155477397541,155477397476
1,313345,GET,155477397630,155477397567
1,299520,GET,155477398317,155477398250
1,300288,GET,155477398648,155477398639
1,301056,GET,155477399293,155477399189
1,301568,GET,155477399640,155477399524
1,302080,GET,155477399896,155477399792
1,302592,GET,155477400046,155477399972
1,314113,GET,155477400709,155477400609
1,315393,GET,155477402490,155477402417
1,305408,GET,155477402935,155477402834
1,315649,GET,155477403127,155477403015
1,316417,GET,155477403830,155477403764
1,316929,GET,155477403997,155477403889
1,317441,GET,155477404151,155477404049
1,317697,GET,155477404426,155477404377
1,318209,GET,155477404614,155477404495
1,306176,GET,155477404955,155477404845
1,318721,GET,155477405110,155477405007
1,318977,GET,155477405197,155477405165
1,319489,GET,155477405845,155477405747
1,319745,GET,155477406204,155477406088
1,307456,GET,155477406635,155477406532
1,320257,GET,155477406823,155477406707
1,321025,GET,155477407395,155477407292
1,307968,GET,155477407914,155477407806
1,308224,GET,155477407997,155477407967
1,321537,GET,155477408088,155477408029
1,321793,GET,155477408435,155477408429
1,308992,GET,155477408718,155477408616
1,322049,GET,155477408834,155477408770
1,309248,GET,155477408920,155477408891
1,309760,GET,155477409318,155477409248
1,323073,GET,155477409602,155477409553
1,323329,GET,155477409793,155477409677
1,310272,GET,155477410075,155477410027
1,310528,GET,155477410506,155477410407
1,310784,GET,155477410620,155477410592
1,324353,GET,155477410791,155477410690
1,311296,GET,155477410945,155477410843
1,311552,GET,155477411478,155477411372
1,311808,GET,155477411566,155477411526
1,312064,GET,155477412127,155477412025
1,312320,GET,155477412245,155477412214
1,325121,GET,155477412413,155477412373
1,313088,GET,155477412827,155477412715
1,325889,GET,155477412998,155477412889
1,326145,GET,155477413241,155477413207
1,326401,GET,155477413401,155477413303
1,326657,GET,155477413615,155477413586
1,327169,GET,155477413801,155477413695
1,313600,GET,155477413961,155477413860
1,328193,GET,155477414499,155477414399
1,313856,GET,155477414717,155477414685
1,328449,GET,155477414779,155477414748
1,314112,GET,155477414893,155477414860
1,328705,GET,155477415069,155477415038
1,314368,GET,155477415125,155477415094
1,314624,GET,155477415182,155477415149
1,314880,GET,155477415237,155477415206
1,328961,GET,155477415299,155477415269
1,315136,GET,155477415355,155477415325
1,329217,GET,155477415471,155477415439
1,315392,GET,155477415528,155477415495
1,329473,GET,155477415640,155477415609
1,315648,GET,155477415877,155477415848
1,329729,GET,155477415941,155477415909
1,329985,GET,155477415997,155477415965
1,330241,GET,155477416052,155477416021
1,330497,GET,155477416108,155477416078
1,315904,GET,155477416165,155477416134
1,330753,GET,155477416226,155477416196
1,316160,GET,155477416289,155477416252
1,316416,GET,155477416469,155477416438
1,316672,GET,155477416592,155477416560
1,331009,GET,155477416648,155477416616
1,316928,GET,155477416751,155477416720
1,317184,GET,155477416941,155477416909
1,331521,GET,155477417315,155477417243
1,332033,GET,155477417627,155477417495
1,332289,GET,155477417744,155477417715
1,318464,GET,155477418287,155477418223
1,332801,GET,155477418378,155477418347
1,333313,GET,155477418649,155477418599
1,333569,GET,155477418803,155477418785
1,333825,GET,155477418961,155477418941
1,319232,GET,155477419113,155477419013
1,334337,GET,155477419242,155477419165
1,320000,GET,155477419778,155477419676
1,320256,GET,155477419872,155477419836
1,320768,GET,155477419998,155477419934
1,321024,GET,155477420560,155477420456
1,321280,GET,155477420902,155477420896
1,335361,GET,155477421057,155477420955
1,321536,GET,155477421484,155477421420
1,321792,GET,155477421541,155477421508
1,322048,GET,155477421712,155477421598
1,335873,GET,155477422689,155477422634
1,322304,GET,155477422806,155477422721
1,336129,GET,155477422891,155477422861
1,336641,GET,155477423292,155477423221
1,337409,GET,155477423833,155477423820
1,323328,GET,155477424231,155477424215
1,323584,GET,155477424384,155477424284
1,338177,GET,155477424514,155477424482
1,338433,GET,155477424680,155477424580
1,324096,GET,155477424793,155477424732
1,338689,GET,155477424879,155477424817
1,338945,GET,155477425242,155477425212
1,339201,GET,155477425641,155477425525
1,324608,GET,155477425737,155477425707
1,324864,GET,155477426087,155477425974
1,339713,GET,155477426170,155477426140
1,339969,GET,155477426608,155477426576
1,340225,GET,155477426764,155477426685
1,325632,GET,155477427046,155477426927
1,325888,GET,155477427181,155477427150
1,340737,GET,155477427573,155477427519
1,340993,GET,155477427728,155477427625
1,326400,GET,155477427838,155477427779
1,341505,GET,155477428513,155477428411
1,341761,GET,155477428596,155477428565
1,342273,GET,155477429118,155477429016
1,327168,GET,155477429209,155477429171
1,327424,GET,155477429371,155477429272
1,342785,GET,155477429503,155477429425
1,327680,GET,155477429592,155477429562
1,327936,GET,155477429758,155477429716
1,343297,GET,155477430088,155477430042
1,343809,GET,155477430241,155477430212
1,344321,GET,155477430395,155477430294
1,344577,GET,155477430512,155477430448
1,328448,GET,155477431037,155477431032
1,345089,GET,155477431321,155477431219
1,329472,GET,155477432023,155477431922
1,345601,GET,155477432136,155477432107
1,329984,GET,155477432454,155477432383
1,346369,GET,155477432615,155477432506
1,346625,GET,155477432922,155477432878
1,347137,GET,155477433195,155477433151
1,347649,GET,155477433467,155477433368
1,330752,GET,155477433804,155477433773
1,347905,GET,155477433971,155477433871
1,331264,GET,155477434085,155477434024
1,331776,GET,155477434210,155477434135
1,332032,GET,155477434294,155477434258
1,332544,GET,155477434675,155477434593
1,348673,GET,155477435003,155477434991
1,333056,GET,155477435158,155477435145
1,333312,GET,155477435380,155477435273
1,349441,GET,155477435686,155477435638
1,333824,GET,155477436375,155477436272
1,350209,GET,155477436927,155477436845
1,334336,GET,155477437446,155477437342
1,334592,GET,155477437700,155477437635
1,334848,GET,155477437756,155477437724
1,335104,GET,155477438229,155477438180
1,350721,GET,155477438418,155477438308
1,335616,GET,155477438555,155477438470
1,335872,GET,155477439095,155477439037
1,336128,GET,155477439634,155477439536
1,336384,GET,155477440052,155477439953
1,351489,GET,155477440483,155477440406
1,352257,GET,155477440880,155477440778
1,352513,GET,155477441183,155477441133
1,353025,GET,155477441398,155477441255
1,353281,GET,155477441496,155477441458
1,353793,GET,155477441880,155477441779
1,354049,GET,155477441991,155477441932
1,354305,GET,155477442081,155477442016
1,354561,GET,155477442166,155477442105
1,354817,GET,155477442255,155477442190
1,355073,GET,155477442343,155477442281
1,355329,GET,155477442436,155477442374
1,355585,GET,155477442543,155477442511
1,337152,GET,155477443352,155477443248
1,356609,GET,155477443440,155477443408
1,356865,GET,155477443608,155477443498
1,357121,GET,155477443759,155477443660
1,337920,GET,155477443894,155477443811
1,340224,GET,155477445137,155477445022
1,340480,GET,155477445384,155477445353
1,340992,GET,155477445549,155477445505
1,357889,GET,155477445702,155477445658
1,341760,GET,155477445856,155477445755
1,358145,GET,155477446290,155477446228
1,342016,GET,155477446383,155477446344
1,358401,GET,155477446489,155477446457
1,358657,GET,155477446575,155477446543
1,342272,GET,155477446740,155477446631
1,359169,GET,155477446873,155477446792
1,342528,GET,155477447095,155477447036
1,359425,GET,155477447187,155477447147
1,342784,GET,155477447617,155477447585
1,343040,GET,155477447748,155477447692
1,343808,GET,155477448316,155477448216
1,344064,GET,155477448379,155477448347
1,344320,GET,155477448733,155477448701
1,359681,GET,155477448796,155477448764
1,359937,GET,155477448852,155477448820
1,344576,GET,155477449149,155477449118
1,360449,GET,155477449423,155477449418
1,360961,GET,155477449701,155477449571
1,345088,GET,155477449823,155477449791
1,345600,GET,155477450214,155477450111
1,361473,GET,155477450484,155477450380
1,361729,GET,155477450693,155477450662
1,361985,GET,155477450783,155477450718
1,345856,GET,155477450872,155477450842
1,362241,GET,155477451004,155477451000
1,362497,GET,155477451425,155477451325
1,363265,GET,155477451768,155477451670
1,346624,GET,155477452180,155477452148
1,346880,GET,155477452648,155477452584
1,347136,GET,155477452908,155477452805
1,364033,GET,155477452993,155477452962
1,364289,GET,155477453300,155477453264
1,347648,GET,155477453761,155477453717
1,348160,GET,155477453916,155477453890
1,365569,GET,155477454609,155477454525
1,348928,GET,155477454733,155477454698
1,349184,GET,155477454897,155477454797
1,366081,GET,155477455178,155477455077
1,366337,GET,155477455295,155477455264
1,366849,GET,155477455464,155477455423
1,367873,GET,155477456168,155477456165
1,350208,GET,155477456772,155477456673
1,350720,GET,155477457208,155477457108
1,350976,GET,155477457639,155477457539
1,351232,GET,155477457854,155477457824
1,368897,GET,155477458230,155477458119
1,351488,GET,155477458346,155477458282
1,351744,GET,155477458839,155477458725
1,352000,GET,155477459211,155477459097
1,352256,GET,155477459295,155477459264
1,352768,GET,155477459650,155477459549
1,369921,GET,155477459764,155477459703
1,370177,GET,155477459852,155477459797
1,370433,GET,155477459938,155477459877
1,370689,GET,155477460025,155477459964
1,370945,GET,155477460082,155477460049
1,353024,GET,155477460138,155477460105
1,353280,GET,155477460392,155477460354
1,353536,GET,155477460454,155477460422
1,371201,GET,155477460634,155477460602
1,371457,GET,155477460747,155477460716
1,353792,GET,155477460810,155477460778
1,354048,GET,155477460979,155477460948
1,371713,GET,155477461042,155477461011
1,354304,GET,155477461163,155477461133
1,354560,GET,155477461913,155477461876
1,372481,GET,155477462160,155477462061
1,372737,GET,155477462277,155477462212
1,354816,GET,155477462373,155477462309
1,355072,GET,155477462758,155477462730
1,355584,GET,155477462911,155477462880
1,373505,GET,155477463568,155477463467
1,357120,GET,155477464458,155477464381
1,357632,GET,155477464630,155477464510
1,357888,GET,155477464767,155477464733
1,358912,GET,155477465686,155477465660
1,359424,GET,155477465803,155477465739
1,359936,GET,155477466083,155477466072
1,360704,GET,155477466418,155477466318
1,361216,GET,155477466690,155477466664
1,361728,GET,155477466845,155477466742
1,361984,GET,155477467082,155477467026
1,362496,GET,155477467537,155477467431
1,362752,GET,155477467621,155477467590
1,363008,GET,155477467850,155477467779
1,363776,GET,155477468176,155477468070
1,364288,GET,155477468331,155477468228
1,364544,GET,155477468415,155477468384
1,364800,GET,155477468506,155477468440
1,365824,GET,155477468926,155477468883
1,366336,GET,155477469175,155477469166
1,366848,GET,155477469330,155477469228
1,367104,GET,155477469935,155477469904
1,367616,GET,155477470069,155477470058
1,368128,GET,155477470796,155477470691
1,368384,GET,155477470887,155477470854
1,368640,GET,155477471132,155477471070
1,368896,GET,155477471225,155477471185
1,369408,GET,155477471417,155477471300
1,369664,GET,155477471555,155477471472
1,369920,GET,155477471648,155477471608
1,370688,GET,155477471977,155477471878
1,371200,GET,155477472323,155477472213
1,371712,GET,155477473207,155477473133
1,372224,GET,155477473455,155477473354
1,372480,GET,155477473573,155477473507
1,373504,GET,155477474019,155477474000
1,374016,GET,155477474413,155477474311
1,374528,GET,155477474597,155477474488
1,375040,GET,155477474752,155477474649
1,375552,GET,155477475183,155477475081
1,376064,GET,155477475571,155477475566
1,376832,GET,155477475849,155477475841
1,377344,GET,155477476068,155477475991
1,377856,GET,155477476193,155477476155
1,378368,GET,155477476354,155477476311
1,378880,GET,155477476609,155477476595
1,379392,GET,155477476763,155477476749
1,379904,GET,155477477183,155477477118
1,380416,GET,155477477611,155477477508
1,381184,GET,155477478350,155477478337
1,381696,GET,155477478504,155477478491
1,382464,GET,155477478783,155477478679
1,382720,GET,155477478866,155477478834
1,383232,GET,155477479204,155477479197
1,383744,GET,155477479360,155477479352
1,384256,GET,155477479511,155477479505
1,384768,GET,155477479661,155477479563
1,385024,GET,155477479776,155477479713
1,386048,GET,155477480353,155477480289
1,386304,GET,155477480632,155477480584
1,386816,GET,155477480812,155477480703
1,387072,GET,155477480944,155477480864
1,387328,GET,155477481224,155477481195
1,387840,GET,155477481391,155477481290
1,388096,GET,155477481638,155477481612
1,389120,GET,155477482005,155477481902
1,389632,GET,155477482811,155477482732
1,390144,GET,155477482937,155477482861
1,390400,GET,155477483198,155477483149
1,390912,GET,155477483384,155477483267
1,391424,GET,155477483672,155477483569
1,391936,GET,155477483833,155477483724
1,392448,GET,155477483991,155477483885
1,392960,GET,155477484384,155477484280
1,393216,GET,155477484514,155477484482
1,393728,GET,155477484679,155477484580
1,394240,GET,155477484979,155477484904
1,394496,GET,155477485069,155477485031
1,395008,GET,155477485234,155477485131
1,395264,GET,155477485524,155477485493
1,396032,GET,155477485894,155477485784
1,396544,GET,155477486112,155477486101
1,397056,GET,155477486266,155477486261
1,397568,GET,155477486418,155477486413
1,398080,GET,155477486573,155477486567
1,398592,GET,155477486728,155477486724
1,399360,GET,155477487195,155477487093
1,399872,GET,155477487535,155477487423
1,400384,GET,155477487840,155477487834
1,400896,GET,155477487996,155477487893
1,401152,GET,155477488079,155477488048
1,401408,GET,155477488196,155477488139
1,401664,GET,155477488284,155477488222
1,401920,GET,155477488370,155477488341
1,409600,GET,155477491628,155477491541
1,410112,GET,155477491794,155477491721
1,410624,GET,155477491921,155477491886
1,411136,GET,155477492082,155477492054
1,411904,GET,155477492409,155477492308
1,412672,GET,155477493128,155477493090
1,413440,GET,155477493772,155477493625
1,413696,GET,155477493890,155477493861
1,414208,GET,155477494055,155477493956
1,414464,GET,155477494173,155477494108
1,414720,GET,155477494286,155477494204
1,414976,GET,155477494377,155477494373
1,415488,GET,155477494531,155477494429
1,415744,GET,155477494650,155477494585
1,416000,GET,155477494767,155477494703
1,416256,GET,155477494884,155477494876
1,416768,GET,155477495000,155477494936
1,417024,GET,155477495131,155477495065
1,417792,GET,155477496075,155477495973
1,418048,GET,155477496225,155477496192
1,418304,GET,155477496345,155477496313
1,418560,GET,155477496466,155477496434
1,418816,GET,155477496522,155477496491
1,419072,GET,155477496579,155477496547
1,419328,GET,155477496641,155477496609
1,419584,GET,155477496763,155477496730
1,419840,GET,155477496819,155477496788
1,420096,GET,155477496875,155477496843
1,420352,GET,155477497054,155477497023
1,420608,GET,155477497226,155477497195
1,420864,GET,155477497342,155477497310
1,421120,GET,155477497746,155477497653
1,421632,GET,155477497895,155477497872
1,422144,GET,155477498046,155477497948
1,422912,GET,155477498539,155477498533
1,423680,GET,155477498908,155477498781
1,423936,GET,155477499024,155477499025
1,424704,GET,155477499568,155477499459
1,424960,GET,155477499703,155477499697
1,425728,GET,155477500054,155477499972
1,426240,GET,155477500411,155477500304
1,426752,GET,155477504295,155477504244
1,427264,GET,155477504449,155477504400
1,427776,GET,155477504603,155477504553
1,428288,GET,155477505582,155477505480
1,428800,GET,155477505944,155477505834
1,429056,GET,155477506177,155477506146
1,429568,GET,155477506374,155477506307
1,430080,GET,155477506525,155477506427
1,430592,GET,155477506804,155477506766
1,431104,GET,155477506920,155477506857
1,431360,GET,155477507005,155477506973
1,431616,GET,155477507125,155477507094
1,432896,GET,155477507862,155477507755
1,433152,GET,155477507989,155477507934
1,433664,GET,155477508245,155477508140
1,433920,GET,155477508332,155477508301
1,434176,GET,155477508564,155477508534
1,435456,GET,155477509400,155477509383
1,436224,GET,155477509850,155477509836
1,436992,GET,155477510120,155477510110
1,437504,GET,155477510270,155477510171
1,437760,GET,155477510353,155477510322
1,438272,GET,155477510527,155477510413
1,438528,GET,155477510662,155477510581
1,438784,GET,155477510751,155477510721
1,439296,GET,155477510881,155477510877
1,440064,GET,155477511237,155477511154
1,440832,GET,155477511473,155477511370
1,441088,GET,155477511557,155477511525
1,441344,GET,155477511669,155477511636
1,441856,GET,155477511832,155477511794
1,442368,GET,155477512205,155477512125
1,442880,GET,155477512541,155477512463
1,373761,GET,155477512899,155477512798
1,374273,GET,155477513499,155477513426
1,374529,GET,155477513623,155477513587
1,444928,GET,155477513785,155477513748
1,445184,GET,155477513934,155477513836
1,375041,GET,155477514057,155477513986
1,375297,GET,155477514509,155477514433
1,375809,GET,155477515333,155477515232
1,376065,GET,155477515679,155477515578
1,446464,GET,155477515976,155477515941
1,376833,GET,155477516263,155477516162
1,377345,GET,155477516638,155477516536
1,377601,GET,155477516724,155477516691
1,377857,GET,155477516808,155477516776
1,378113,GET,155477516897,155477516867
1,446976,GET,155477517170,155477517138
1,447232,GET,155477517232,155477517200
1,378369,GET,155477517296,155477517264
1,447488,GET,155477517475,155477517445
1,378625,GET,155477517589,155477517558
1,447744,GET,155477517712,155477517678
1,448000,GET,155477517769,155477517737
1,378881,GET,155477517825,155477517793
1,448256,GET,155477517882,155477517850
1,379137,GET,155477517944,155477517912
1,379393,GET,155477518001,155477517969
1,379649,GET,155477518382,155477518352
1,380161,GET,155477518921,155477518912
1,449024,GET,155477519259,155477519156
1,449280,GET,155477519550,155477519447
1,381185,GET,155477520113,155477520011
1,449536,GET,155477520216,155477520183
1,381441,GET,155477520499,155477520450
1,381953,GET,155477520956,155477520853
1,449792,GET,155477521086,155477521031
1,382465,GET,155477521809,155477521706
1,450560,GET,155477522153,155477522041
1,382977,GET,155477522413,155477522333
1,451328,GET,155477522902,155477522804
1,383489,GET,155477523422,155477523309
1,451840,GET,155477523506,155477523474
1,452352,GET,155477523815,155477523783
1,383745,GET,155477524465,155477524362
1,384513,GET,155477526782,155477526709
1,453376,GET,155477526945,155477526834
1,453632,GET,155477527053,155477527021
1,385025,GET,155477527144,155477527113
1,453888,GET,155477527230,155477527199
1,385537,GET,155477527468,155477527402
1,385793,GET,155477527579,155477527499
1,454144,GET,155477527672,155477527632
1,454400,GET,155477528005,155477527993
1,454656,GET,155477528158,155477528148
1,386817,GET,155477528704,155477528604
1,455168,GET,155477528815,155477528783
1,455424,GET,155477528902,155477528870
1,387073,GET,155477528990,155477528958
1,387329,GET,155477529273,155477529225
1,387585,GET,155477529376,155477529345
1,455936,GET,155477529820,155477529717
1,388097,GET,155477530003,155477529896
1,388353,GET,155477530280,155477530232
1,456192,GET,155477530584,155477530536
1,388609,GET,155477530847,155477530785
1,388865,GET,155477530940,155477530898
1,389121,GET,155477531085,155477531014
1,389377,GET,155477531173,155477531109
1,389633,GET,155477531284,155477531253
1,456704,GET,155477531508,155477531447
1,390401,GET,155477532474,155477532466
1,390657,GET,155477532630,155477532526
1,457728,GET,155477533010,155477532908
1,457984,GET,155477533445,155477533365
1,391681,GET,155477533640,155477533576
1,392449,GET,155477533972,155477533950
1,392705,GET,155477534182,155477534104
1,458752,GET,155477534647,155477534581
1,459008,GET,155477534816,155477534699
1,393473,GET,155477534976,155477534870
1,393729,GET,155477535578,155477535478
1,393985,GET,155477535694,155477535665
1,395521,GET,155477536727,155477536624
1,396033,GET,155477537029,155477536959
1,396289,GET,155477537304,155477537269
1,396801,GET,155477537684,155477537581
1,397313,GET,155477538259,155477538244
1,398081,GET,155477539012,155477538948
1,460032,GET,155477539330,155477539221
1,398593,GET,155477539413,155477539383
1,460288,GET,155477539551,155477539518
1,460544,GET,155477539712,155477539614
1,399105,GET,155477540012,155477539941
1,461056,GET,155477540395,155477540333
1,399617,GET,155477540560,155477540449
1,461568,GET,155477540902,155477540788
1,399873,GET,155477541056,155477540954
1,462336,GET,155477541217,155477541109
1,401665,GET,155477542581,155477542487
1,401921,GET,155477542739,155477542633
1,463360,GET,155477543195,155477543164
1,402433,GET,155477543619,155477543514
1,402689,GET,155477543891,155477543862
1,402945,GET,155477544057,155477543958
1,464384,GET,155477544167,155477544111
1,403201,GET,155477544250,155477544219
1,403457,GET,155477544660,155477544597
1,464896,GET,155477544776,155477544691
1,403713,GET,155477544870,155477544830
1,403969,GET,155477545399,155477545284
1,465408,GET,155477545673,155477545625
1,404481,GET,155477546036,155477545932
1,404737,GET,155477546319,155477546216
1,465920,GET,155477546435,155477546371
1,405249,GET,155477546789,155477546776
1,466432,GET,155477547600,155477547588
1,466944,GET,155477547754,155477547739
1,467456,GET,155477548033,155477548022
1,467968,GET,155477548185,155477548084
1,468224,GET,155477548302,155477548237
1,468480,GET,155477548390,155477548358
1,468992,GET,155477548773,155477548727
1,469504,GET,155477548925,155477548878
1,406273,GET,155477549627,155477549523
1,406529,GET,155477549777,155477549679
1,470784,GET,155477549935,155477549836
1,471040,GET,155477550092,155477549990
1,471296,GET,155477550534,155477550457
1,471808,GET,155477550774,155477550671
1,407809,GET,155477550857,155477550826
1,408321,GET,155477551145,155477551044
1,472064,GET,155477551362,155477551330
1,472320,GET,155477551447,155477551422
1,408577,GET,155477551620,155477551519
1,408833,GET,155477551780,155477551672
1,473088,GET,155477552653,155477552545
1,409345,GET,155477552737,155477552706
1,473600,GET,155477554342,155477554338
1,410369,GET,155477554705,155477554605
1,474112,GET,155477554768,155477554735
1,474368,GET,155477554829,155477554798
1,410625,GET,155477554885,155477554853
1,410881,GET,155477554948,155477554916
1,474624,GET,155477555117,155477555087
1,411137,GET,155477555180,155477555149
1,474880,GET,155477555294,155477555261
1,475136,GET,155477555412,155477555380
1,475392,GET,155477555474,155477555443
1,411393,GET,155477555592,155477555562
1,411649,GET,155477555705,155477555673
1,475648,GET,155477555767,155477555735
1,411905,GET,155477555823,155477555792
1,475904,GET,155477555879,155477555847
1,476160,GET,155477555940,155477555908
1,476416,GET,155477556363,155477556298
1,412417,GET,155477556672,155477556622
1,412673,GET,155477556958,155477556909
1,476672,GET,155477557255,155477557206
1,476928,GET,155477557382,155477557326
1,477184,GET,155477557471,155477557407
1,412929,GET,155477557560,155477557496
1,477696,GET,155477558001,155477557899
1,478208,GET,155477558842,155477558745
1,478464,GET,155477559119,155477559021
1,413953,GET,155477559340,155477559276
1,414209,GET,155477559402,155477559370
1,479232,GET,155477559564,155477559458
1,479744,GET,155477559902,155477559802
1,480000,GET,155477560599,155477560559
1,415489,GET,155477560929,155477560827
1,480256,GET,155477561136,155477561106
1,480512,GET,155477561227,155477561203
1,416001,GET,155477561401,155477561299
1,416257,GET,155477561534,155477561453
1,416513,GET,155477561619,155477561564
1,417025,GET,155477562152,155477562048
1,417281,GET,155477562235,155477562205
1,417537,GET,155477562299,155477562266
1,417793,GET,155477562355,155477562323
1,418049,GET,155477562539,155477562507
1,418305,GET,155477562709,155477562678
1,418561,GET,155477562771,155477562739
1,480768,GET,155477562834,155477562802
1,418817,GET,155477563296,155477563264
1,481024,GET,155477563358,155477563327
1,419073,GET,155477563420,155477563388
1,419329,GET,155477563898,155477563867
1,419585,GET,155477563954,155477563922
1,419841,GET,155477564133,155477564020
1,481536,GET,155477564216,155477564185
1,482048,GET,155477564651,155477564545
1,482304,GET,155477564953,155477564905
1,420609,GET,155477565083,155477565047
1,421121,GET,155477565467,155477565404
1,421633,GET,155477565794,155477565779
1,483072,GET,155477565911,155477565846
1,483584,GET,155477566463,155477566383
1,422657,GET,155477567442,155477567335
1,484608,GET,155477567567,155477567521
1,485120,GET,155477567896,155477567770
1,485376,GET,155477568453,155477568447
1,485632,GET,155477568569,155477568505
1,423937,GET,155477568912,155477568898
1,486400,GET,155477569193,155477569186
1,424193,GET,155477569481,155477569376
1,486912,GET,155477570156,155477570108
1,424449,GET,155477570265,155477570235
1,425217,GET,155477571105,155477571090
1,487680,GET,155477571319,155477571244
1,488192,GET,155477571471,155477571371
1,488448,GET,155477571606,155477571575
1,488704,GET,155477571991,155477571893
1,488960,GET,155477572353,155477572245
1,425985,GET,155477572437,155477572405
1,489472,GET,155477572634,155477572511
1,426241,GET,155477572974,155477572861
1,490240,GET,155477573192,155477573161
1,490496,GET,155477573324,155477573267
1,426497,GET,155477573413,155477573348
1,490752,GET,155477573522,155477573492
1,427009,GET,155477573857,155477573844
1,491520,GET,155477574266,155477574157
1,491776,GET,155477574395,155477574318
1,492032,GET,155477574484,155477574453
1,492288,GET,155477574651,155477574606
1,492544,GET,155477574803,155477574702
1,492800,GET,155477575185,155477575075
1,493056,GET,155477575318,155477575237
1,428545,GET,155477575608,155477575558
1,429057,GET,155477575790,155477575677
1,493568,GET,155477575942,155477575842
1,494080,GET,155477576278,155477576166
1,429313,GET,155477576361,155477576331
1,494592,GET,155477576662,155477576562
1,494848,GET,155477576778,155477576747
1,429825,GET,155477576943,155477576901
1,430081,GET,155477577316,155477577216
1,430337,GET,155477577497,155477577384
1,430849,GET,155477577909,155477577807
1,431361,GET,155477578252,155477578150
1,496128,GET,155477578498,155477578492
1,496640,GET,155477578883,155477578752
1,432129,GET,155477579049,155477578936
1,432385,GET,155477579182,155477579100
1,496896,GET,155477579269,155477579238
1,432641,GET,155477579654,155477579590
1,432897,GET,155477579976,155477579973
1,433153,GET,155477580441,155477580437
1,498176,GET,155477580557,155477580493
1,498432,GET,155477580968,155477580936
1,498688,GET,155477581265,155477581165
1,434177,GET,155477582113,155477582009
1,434433,GET,155477582226,155477582164
1,499456,GET,155477582585,155477582483
1,434945,GET,155477582859,155477582756
1,499712,GET,155477582981,155477582952
1,499968,GET,155477583506,155477583405
1,500224,GET,155477583650,155477583578
1,500480,GET,155477583740,155477583705
1,500736,GET,155477583901,155477583802
1,501248,GET,155477584179,155477584070
1,435969,GET,155477584301,155477584267
1,502272,GET,155477585161,155477585063
1,503040,GET,155477586454,155477586381
1,503296,GET,155477586617,155477586507
1,437505,GET,155477586708,155477586671
1,504064,GET,155477587409,155477587381
1,504320,GET,155477587791,155477587708
1,438529,GET,155477588129,155477588030
1,506624,GET,155477590154,155477590069
1,507136,GET,155477590313,155477590205
1,440321,GET,155477590666,155477590562
1,507648,GET,155477590794,155477590717
1,440833,GET,155477591059,155477590978
1,508160,GET,155477591397,155477591317
1,508672,GET,155477591559,155477591451
1,508928,GET,155477591660,155477591629
1,509184,GET,155477591746,155477591715
1,509696,GET,155477592183,155477592109
1,510720,GET,155477592776,155477592774
1,511232,GET,155477593064,155477592962
1,511488,GET,155477593222,155477593116
1,511744,GET,155477593464,155477593355
1,512256,GET,155477593650,155477593542
1,512768,GET,155477593806,155477593706
1,513024,GET,155477593945,155477593862
1,441857,GET,155477594034,155477594006
1,514048,GET,155477595115,155477595050
1,442881,GET,155477595687,155477595584
1,443137,GET,155477595790,155477595758
1,443649,GET,155477596289,155477596215
1,443905,GET,155477596378,155477596338
1,444417,GET,155477596535,155477596508
1,445185,GET,155477596799,155477596697
1,445697,GET,155477597197,155477597133
1,445953,GET,155477597253,155477597222
1,446209,GET,155477597343,155477597312
1,514816,GET,155477597509,155477597400
1,515072,GET,155477597799,155477597785
1,446977,GET,155477598043,155477597979
1,447233,GET,155477598371,155477598271
1,515840,GET,155477598489,155477598457
1,516352,GET,155477598844,155477598747
1,447745,GET,155477598927,155477598896
1,448001,GET,155477599460,155477599348
1,448257,GET,155477599673,155477599631
1,448513,GET,155477599829,155477599727
1,517376,GET,155477600115,155477600063
1,517632,GET,155477600178,155477600147
1,517888,GET,155477600699,155477600596
1,449281,GET,155477601006,155477600957
1,449537,GET,155477601297,155477601222
1,450049,GET,155477601460,155477601349
1,518656,GET,155477602249,155477602149
1,450561,GET,155477602363,155477602301
1,450817,GET,155477602453,155477602421
1,451073,GET,155477602958,155477602883
1,451329,GET,155477603131,155477603057
1,519680,GET,155477603656,155477603578
1,452097,GET,155477603819,155477603708
1,452353,GET,155477603995,155477603890
1,452609,GET,155477604519,155477604405
1,452865,GET,155477604674,155477604572
1,520704,GET,155477604758,155477604727
1,453121,GET,155477604895,155477604863
1,520960,GET,155477605059,155477604959
1,453633,GET,155477605176,155477605113
1,521216,GET,155477605264,155477605234
1,521472,GET,155477605433,155477605331
1,454145,GET,155477605560,155477605485
1,521728,GET,155477605647,155477605618
1,454401,GET,155477605815,155477605713
1,454657,GET,155477605945,155477605867
1,522496,GET,155477606676,155477606603
1,455169,GET,155477606835,155477606764
1,455425,GET,155477606996,155477606888
1,523264,GET,155477607114,155477607082
1,523520,GET,155477607176,155477607144
1,523776,GET,155477607238,155477607208
1,524032,GET,155477607301,155477607269
1,524288,GET,155477607357,155477607325
1,455681,GET,155477607419,155477607388
1,455937,GET,155477607538,155477607507
1,456193,GET,155477607661,155477607630
1,456449,GET,155477607718,155477607687
1,456705,GET,155477607773,155477607742
1,456961,GET,155477607893,155477607862
1,457217,GET,155477608066,155477608036
1,457473,GET,155477608123,155477608092
1,457729,GET,155477608244,155477608213
1,458241,GET,155477608433,155477608428
1,458753,GET,155477608589,155477608582
1,524544,GET,155477608990,155477608916
1,459521,GET,155477609157,155477609083
1,525056,GET,155477609322,155477609249
1,459777,GET,155477609759,155477609661
1,460289,GET,155477610188,155477610194
1,460545,GET,155477610339,155477610240
1,526336,GET,155477610461,155477610391
1,461057,GET,155477610716,155477610614
1,526848,GET,155477610871,155477610772
1,461313,GET,155477610955,155477610924
1,461569,GET,155477611266,155477611217
1,462337,GET,155477612114,155477612033
1,527360,GET,155477612279,155477612168
1,527616,GET,155477612463,155477612352
1,463617,GET,155477612986,155477612986
1,528384,GET,155477613519,155477613417
1,528640,GET,155477613694,155477613585
1,464385,GET,155477613827,155477613797
1,529152,GET,155477614125,155477614043
1,529408,GET,155477614286,155477614177
1,529664,GET,155477614471,155477614361
1,465409,GET,155477614927,155477614878
1,529920,GET,155477614983,155477614951
1,465665,GET,155477615039,155477615007
1,530176,GET,155477615242,155477615210
1,465921,GET,155477615297,155477615267
1,466177,GET,155477615354,155477615323
1,466433,GET,155477615416,155477615384
1,530432,GET,155477615535,155477615505
1,530688,GET,155477615607,155477615567
1,466689,GET,155477615670,155477615638
1,530944,GET,155477615782,155477615750
1,466945,GET,155477615837,155477615805
1,531200,GET,155477615958,155477615927
1,467201,GET,155477616127,155477616096
1,531456,GET,155477616182,155477616151
1,467457,GET,155477616239,155477616207
1,531712,GET,155477616301,155477616270
1,467713,GET,155477616424,155477616332
1,532224,GET,155477616716,155477616640
1,468225,GET,155477617040,155477616929
1,533248,GET,155477617168,155477617066
1,533504,GET,155477617284,155477617222
1,533760,GET,155477617369,155477617340
1,534016,GET,155477617534,155477617495
1,534272,GET,155477617684,155477617586
1,469249,GET,155477618295,155477618216
1,469761,GET,155477618617,155477618519
1,470017,GET,155477618917,155477618847
1,470273,GET,155477619007,155477618942
1,535808,GET,155477619328,155477619212
1,470785,GET,155477619484,155477619380
1,471297,GET,155477619638,155477619535
1,536064,GET,155477619794,155477619690
1,536576,GET,155477619949,155477619846
1,472065,GET,155477620378,155477620276
1,536832,GET,155477620847,155477620798
1,472321,GET,155477621107,155477621049
1,537088,GET,155477621636,155477621634
1,473345,GET,155477621923,155477621817
1,473601,GET,155477622447,155477622335
1,537600,GET,155477622661,155477622630
1,473857,GET,155477622749,155477622687
1,537856,GET,155477623034,155477622987
1,538112,GET,155477623540,155477623437
1,538368,GET,155477623843,155477623723
1,474625,GET,155477623934,155477623899
1,538624,GET,155477624100,155477624054
1,538880,GET,155477624256,155477624153
1,539136,GET,155477624411,155477624308
1,539392,GET,155477624570,155477624464
1,539904,GET,155477624956,155477624916
1,476161,GET,155477625113,155477625012
1,476417,GET,155477625240,155477625166
1,476673,GET,155477625404,155477625290
1,476929,GET,155477625687,155477625677
1,541184,GET,155477626102,155477625996
1,541440,GET,155477626526,155477626428
1,477441,GET,155477626902,155477626804
1,541952,GET,155477627036,155477626954
1,478209,GET,155477628134,155477628026
1,542464,GET,155477628380,155477628319
1,542720,GET,155477628705,155477628591
1,478977,GET,155477628953,155477628882
1,542976,GET,155477629042,155477628977
1,479233,GET,155477629106,155477629074
1,543488,GET,155477629476,155477629354
1,481025,GET,155477630809,155477630703
1,545280,GET,155477630961,155477630861
1,481537,GET,155477631044,155477631013
1,545536,GET,155477631136,155477631069
1,481793,GET,155477631361,155477631296
1,482049,GET,155477631737,155477631670
1,546304,GET,155477632229,155477632157
1,546816,GET,155477632570,155477632469
1,547584,GET,155477632900,155477632830
1,548352,GET,155477633758,155477633680
1,548864,GET,155477634000,155477633892
1,549120,GET,155477634119,155477634105
1,550144,GET,155477634525,155477634422
1,551168,GET,155477635766,155477635738
1,551424,GET,155477635883,155477635819
1,551680,GET,155477636219,155477636103
1,483073,GET,155477636303,155477636272
1,483329,GET,155477636660,155477636558
1,552192,GET,155477636776,155477636713
1,483585,GET,155477636863,155477636807
1,484609,GET,155477637750,155477637652
1,552704,GET,155477637835,155477637802
1,552960,GET,155477637921,155477637890
1,553472,GET,155477638052,155477637980
1,553728,GET,155477638139,155477638103
1,554240,GET,155477638301,155477638202
1,554752,GET,155477638734,155477638630
1,484865,GET,155477639082,155477639037
1,485377,GET,155477639339,155477639236
1,555264,GET,155477639454,155477639391
1,485633,GET,155477639541,155477639509
1,486145,GET,155477639889,155477639874
1,486657,GET,155477640004,155477639940
1,486913,GET,155477640144,155477640114
1,487937,GET,155477640492,155477640466
1,488449,GET,155477640647,155477640618
1,556032,GET,155477640959,155477640861
1,488961,GET,155477641076,155477641045
1,489473,GET,155477641462,155477641384
1,556288,GET,155477641621,155477641552
1,490241,GET,155477641954,155477641937
1,557056,GET,155477642234,155477642130
1,557312,GET,155477642352,155477642321
1,490753,GET,155477642516,155477642472
1,491009,GET,155477643004,155477642957
1,491521,GET,155477643368,155477643314
1,558080,GET,155477643514,155477643470
1,558336,GET,155477643628,155477643566
1,492289,GET,155477643743,155477643738
1,492545,GET,155477643894,155477643889
1,492801,GET,155477644043,155477643945
1,559104,GET,155477644162,155477644153
1,559360,GET,155477644601,155477644517
1,559616,GET,155477644740,155477644640
1,493313,GET,155477644900,155477644792
1,494081,GET,155477645675,155477645563
1,560896,GET,155477645790,155477645728
1,561152,GET,155477645944,155477645842
1,494849,GET,155477646098,155477645996
1,495105,GET,155477646421,155477646316
1,495361,GET,155477646868,155477646767
1,495617,GET,155477647405,155477647260
1,562432,GET,155477647744,155477647635
1,496385,GET,155477648001,155477647902
1,562688,GET,155477648195,155477648078
1,562944,GET,155477648352,155477648248
1,563200,GET,155477648631,155477648568
1,563456,GET,155477649112,155477649043
1,563712,GET,155477649223,155477649191
1,497921,GET,155477649647,155477649518
1,498177,GET,155477649810,155477649735
1,564480,GET,155477650077,155477650055
1,498945,GET,155477650227,155477650130
1,499201,GET,155477650748,155477650606
1,499969,GET,155477651258,155477651190
1,565248,GET,155477651768,155477651664
1,500225,GET,155477651864,155477651798
1,500481,GET,155477651997,155477651915
1,565504,GET,155477655364,155477655257
1,500993,GET,155477655582,155477655550
1,501249,GET,155477655767,155477655652
1,566016,GET,155477655922,155477655820
1,566272,GET,155477656060,155477656037
1,502273,GET,155477657037,155477656912
1,567296,GET,155477657160,155477657131
1,502785,GET,155477657322,155477657224
1,567552,GET,155477657450,155477657375
1,567808,GET,155477657535,155477657507
1,503041,GET,155477657702,155477657664
1,503553,GET,155477657980,155477657882
1,503809,GET,155477658044,155477658012
1,504065,GET,155477658107,155477658074
1,504321,GET,155477658170,155477658138
1,504577,GET,155477658345,155477658312
1,504833,GET,155477658642,155477658610
1,505089,GET,155477658699,155477658667
1,505345,GET,155477658755,155477658723
1,505601,GET,155477658927,155477658896
1,505857,GET,155477659041,155477659010
1,568320,GET,155477659163,155477659131
1,568576,GET,155477659613,155477659572
1,568832,GET,155477659825,155477659692
1,569088,GET,155477660116,155477660009
1,507393,GET,155477660268,155477660168
1,569344,GET,155477660565,155477660448
1,569856,GET,155477661156,155477661056
1,507905,GET,155477662006,155477661905
1,570368,GET,155477662148,155477662117
1,508161,GET,155477662313,155477662272
1,570880,GET,155477662463,155477662365
1,508673,GET,155477662616,155477662515
1,508929,GET,155477662952,155477662842
1,509185,GET,155477663101,155477663005
1,571904,GET,155477663225,155477663160
1,509697,GET,155477663386,155477663280
1,510209,GET,155477663948,155477663852
1,510465,GET,155477664065,155477664000
1,572672,GET,155477664340,155477664226
1,510977,GET,155477665003,155477664874
1,573184,GET,155477665212,155477665181
1,511233,GET,155477665298,155477665243
1,512001,GET,155477666099,155477665999
1,512257,GET,155477666818,155477666745
1,512513,GET,155477666980,155477666870
1,574720,GET,155477667116,155477667107
1,574976,GET,155477667265,155477667168
1,513025,GET,155477667388,155477667357
1,513281,GET,155477667551,155477667454
1,513537,GET,155477667829,155477667733
1,513793,GET,155477668116,155477668013
1,576000,GET,155477668822,155477668814
1,576256,GET,155477668969,155477668965
1,515073,GET,155477669083,155477669021
1,576512,GET,155477669374,155477669325
1,515329,GET,155477669477,155477669444
1,576768,GET,155477669655,155477669543
1,577024,GET,155477669789,155477669707
1,577280,GET,155477669879,155477669843
1,578048,GET,155477670469,155477670452
1,578304,GET,155477670618,155477670521
1,516609,GET,155477670959,155477670847
1,578560,GET,155477671074,155477671012
1,578816,GET,155477671165,155477671130
1,579328,GET,155477671321,155477671227
1,579584,GET,155477671775,155477671726
1,579840,GET,155477671876,155477671845
1,517121,GET,155477672062,155477672032
1,580096,GET,155477672126,155477672095
1,580352,GET,155477672246,155477672215
1,580608,GET,155477672418,155477672386
1,517377,GET,155477672482,155477672450
1,517633,GET,155477672538,155477672507
1,580864,GET,155477672594,155477672563
1,581120,GET,155477672765,155477672735
1,517889,GET,155477672880,155477672848
1,581632,GET,155477673563,155477673503
1,518145,GET,155477673651,155477673618
1,518401,GET,155477673996,155477673890
1,582400,GET,155477674253,155477674177
1,582912,GET,155477674893,155477674796
1,518913,GET,155477675515,155477675412
1,519169,GET,155477675706,155477675590
1,519425,GET,155477675981,155477675934
1,584192,GET,155477676545,155477676422
1,584448,GET,155477676666,155477676598
1,584704,GET,155477677161,155477677038
1,521217,GET,155477677712,155477677614
1,584960,GET,155477677885,155477677780
1,521729,GET,155477678289,155477678260
1,522241,GET,155477678804,155477678785
1,585216,GET,155477679145,155477679108
1,524801,GET,155477681048,155477680983
1,587264,GET,155477681133,155477681094
1,525313,GET,155477681459,155477681364
1,525569,GET,155477681737,155477681689
1,525825,GET,155477681938,155477681871
1,588288,GET,155477682095,155477681994
1,526337,GET,155477682559,155477682510
1,526593,GET,155477683075,155477683053
1,589056,GET,155477683488,155477683387
1,527361,GET,155477683601,155477683577
1,589824,GET,155477683954,155477683848
1,590080,GET,155477684038,155477684006
1,527873,GET,155477684368,155477684360
1,590592,GET,155477684644,155477684638
1,591104,GET,155477685105,155477685001
1,591616,GET,155477685584,155477685459
1,591872,GET,155477685669,155477685637
1,592384,GET,155477685956,155477685862
1,592640,GET,155477686073,155477686008
1,593408,GET,155477686396,155477686301
1,593664,GET,155477687041,155477686931
1,529153,GET,155477687497,155477687448
1,593920,GET,155477687603,155477687570
1,594176,GET,155477687769,155477687656
1,529665,GET,155477687899,155477687822
1,594432,GET,155477688231,155477688118
1,594688,GET,155477688565,155477688455
1,595200,GET,155477688720,155477688617
1,595456,GET,155477688805,155477688773
1,530433,GET,155477688944,155477688884
1,530689,GET,155477689068,155477688999
1,596224,GET,155477689538,155477689441
1,530945,GET,155477689652,155477689622
1,531201,GET,155477689814,155477689718
1,531457,GET,155477689930,155477689867
1,531713,GET,155477690182,155477690136
1,597504,GET,155477690328,155477690233
1,531969,GET,155477690752,155477690690
1,532225,GET,155477691234,155477691108
1,532481,GET,155477691347,155477691321
1,532993,GET,155477692062,155477692047
1,533249,GET,155477692333,155477692325
1,533505,GET,155477692486,155477692387
1,599296,GET,155477692642,155477692537
1,534017,GET,155477692982,155477692905
1,534785,GET,155477693466,155477693357
1,535041,GET,155477693557,155477693491
1,535297,GET,155477693856,155477693755
1,535553,GET,155477693984,155477693952
1,536065,GET,155477694199,155477694164
1,602112,GET,155477695321,155477695289
1,537089,GET,155477695629,155477695552
1,537345,GET,155477696098,155477695999
1,602880,GET,155477696402,155477696353
1,537601,GET,155477696527,155477696523
1,537857,GET,155477696676,155477696678
1,603648,GET,155477697097,155477696945
1,603904,GET,155477697668,155477697570
1,604160,GET,155477697947,155477697850
1,604416,GET,155477698592,155477698483
1,539649,GET,155477698676,155477698643
1,539905,GET,155477698987,155477698927
1,540417,GET,155477699321,155477699320
1,540929,GET,155477699783,155477699687
1,541441,GET,155477700069,155477699968
1,541953,GET,155477700368,155477700369
1,542209,GET,155477700518,155477700422
1,542465,GET,155477700861,155477700762
1,605440,GET,155477700945,155477700914
1,605696,GET,155477701033,155477700971
1,542721,GET,155477701128,155477701090
1,606464,GET,155477701428,155477701405
1,606976,GET,155477701576,155477701480
1,607232,GET,155477701708,155477701685
1,543489,GET,155477701876,155477701780
1,543745,GET,155477702033,155477701928
1,544001,GET,155477702170,155477702088
1,607744,GET,155477702259,155477702228
1,544769,GET,155477703005,155477702944
1,608512,GET,155477703176,155477703071
1,545281,GET,155477703777,155477703704
1,545537,GET,155477704112,155477704015
1,609024,GET,155477704210,155477704178
1,545793,GET,155477704333,155477704323
1,546561,GET,155477704747,155477704729
1,546817,GET,155477704958,155477704858
1,547073,GET,155477705472,155477705400
1,610304,GET,155477705925,155477705846
1,611328,GET,155477706395,155477706292
1,547585,GET,155477706599,155477706532
1,547841,GET,155477706715,155477706683
1,611584,GET,155477706884,155477706852
1,548097,GET,155477706946,155477706914
1,548353,GET,155477707009,155477706977
1,548609,GET,155477707070,155477707038
1,548865,GET,155477707132,155477707101
1,549121,GET,155477707302,155477707270
1,549377,GET,155477707416,155477707385
1,549633,GET,155477707531,155477707500
1,549889,GET,155477707789,155477707757
1,550145,GET,155477708241,155477708206
1,550657,GET,155477708399,155477708303
1,551169,GET,155477708684,155477708583
1,611840,GET,155477709110,155477709034
1,612096,GET,155477709269,155477709162
1,551937,GET,155477709380,155477709349
1,552193,GET,155477709473,155477709442
1,612352,GET,155477709634,155477709533
1,612864,GET,155477710095,155477709951
1,553217,GET,155477710371,155477710322
1,553473,GET,155477710480,155477710447
1,553729,GET,155477710564,155477710532
1,613120,GET,155477710858,155477710797
1,613376,GET,155477711139,155477711041
1,554497,GET,155477711388,155477711326
1,613632,GET,155477711667,155477711617
1,554753,GET,155477711768,155477711738
1,555009,GET,155477711933,155477711823
1,555521,GET,155477712086,155477711986
1,555777,GET,155477712235,155477712138
1,556033,GET,155477712754,155477712659
1,614656,GET,155477712867,155477712805
1,556545,GET,155477712992,155477712921
1,614912,GET,155477713265,155477713211
1,556801,GET,155477713377,155477713346
1,615936,GET,155477713923,155477713806
1,616192,GET,155477714080,155477713975
1,557569,GET,155477714212,155477714181
1,616704,GET,155477714373,155477714275
1,616960,GET,155477714528,155477714423
1,617216,GET,155477714647,155477714581
1,558593,GET,155477714902,155477714855
1,559105,GET,155477715144,155477715039
1,617984,GET,155477715766,155477715747
1,559361,GET,155477716145,155477716034
1,618496,GET,155477716251,155477716220
1,559617,GET,155477716338,155477716307
1,618752,GET,155477716426,155477716393
1,619008,GET,155477716590,155477716481
1,619520,GET,155477717067,155477716999
1,560129,GET,155477717404,155477717307
1,560641,GET,155477717679,155477717583
1,620032,GET,155477717800,155477717770
1,560897,GET,155477718226,155477718152
1,621312,GET,155477718522,155477718422
1,561409,GET,155477718765,155477718706
1,561665,GET,155477719269,155477719204
1,622080,GET,155477719356,155477719324
1,561921,GET,155477719441,155477719380
1,622336,GET,155477719538,155477719495
1,622592,GET,155477719726,155477719601
1,622848,GET,155477719855,155477719828
1,636929,GET,155477794736,155477794573
1,637185,GET,155477795050,155477795037
1,694016,GET,155477795333,155477795321
1,637953,GET,155477795488,155477795385
1,694272,GET,155477795737,155477795673
1,694784,GET,155477796004,155477795898
1,695040,GET,155477796145,155477796081
1,695296,GET,155477796421,155477796348
1,695552,GET,155477796591,155477796474
1,638465,GET,155477796762,155477796649
1,696064,GET,155477796877,155477796814
1,696576,GET,155477798036,155477797875
1,639745,GET,155477798864,155477798823
1,697344,GET,155477799193,155477799124
1,697600,GET,155477799419,155477799354
1,697856,GET,155477799800,155477799738
1,698112,GET,155477800143,155477800106
1,698368,GET,155477800403,155477800306
1,640769,GET,155477800526,155477800456
1,641793,GET,155477802244,155477802137
1,643841,GET,155477805205,155477805097
1,699392,GET,155477805319,155477805258
1,699648,GET,155477805582,155477805475
1,644353,GET,155477805670,155477805638
1,644609,GET,155477806314,155477806294
1,645121,GET,155477806693,155477806616
1,645377,GET,155477806858,155477806745
1,645633,GET,155477807214,155477807109
1,701184,GET,155477807436,155477807405
1,701696,GET,155477807777,155477807702
1,645889,GET,155477807867,155477807828
1,701952,GET,155477808279,155477808111
1,702208,GET,155477808410,155477808330
1,646913,GET,155477808504,155477808463
1,647169,GET,155477808676,155477808556
1,702720,GET,155477808963,155477808944
1,647937,GET,155477809171,155477809097
1,703232,GET,155477809301,155477809262
1,648705,GET,155477809461,155477809362
1,703744,GET,155477809885,155477809785
1,704000,GET,155477810023,155477809963
1,648961,GET,155477810237,155477810180
1,649217,GET,155477810332,155477810291
1,649473,GET,155477810517,155477810410
1,704512,GET,155477810880,155477810823
1,649729,GET,155477810945,155477810911
1,649985,GET,155477811111,155477810997
1,705024,GET,155477811245,155477811215
1,705536,GET,155477811374,155477811311
1,705792,GET,155477811491,155477811427
1,706048,GET,155477811578,155477811548
1,707584,GET,155477812258,155477812192
1,707840,GET,155477812418,155477812313
1,650497,GET,155477812661,155477812589
1,708608,GET,155477812823,155477812749
1,651009,GET,155477812947,155477812875
1,709120,GET,155477813439,155477813338
1,651521,GET,155477813532,155477813470
1,709376,GET,155477813619,155477813579
1,709632,GET,155477813780,155477813672
1,709888,GET,155477813932,155477813832
1,652545,GET,155477814095,155477813992
1,710400,GET,155477814376,155477814365
1,710656,GET,155477814492,155477814429
1,653313,GET,155477814585,155477814554
1,710912,GET,155477814674,155477814610
1,653569,GET,155477814767,155477814737
1,653825,GET,155477815163,155477815057
1,654081,GET,155477815853,155477815846
1,711680,GET,155477816004,155477815905
1,711936,GET,155477816368,155477816249
1,712192,GET,155477816746,155477816645
1,655105,GET,155477816856,155477816825
1,712448,GET,155477816942,155477816910
1,712704,GET,155477817109,155477817001
1,712960,GET,155477817439,155477817331
1,713216,GET,155477817591,155477817490
1,656129,GET,155477817674,155477817643
1,713472,GET,155477817980,155477817930
1,713728,GET,155477818107,155477818073
1,714240,GET,155477818581,155477818480
1,656385,GET,155477818638,155477818605
1,714496,GET,155477818868,155477818837
1,714752,GET,155477819045,155477819015
1,656641,GET,155477819101,155477819070
1,715008,GET,155477819164,155477819131
1,715264,GET,155477819219,155477819188
1,656897,GET,155477819331,155477819300
1,716032,GET,155477820010,155477819903
1,657409,GET,155477820376,155477820264
1,716544,GET,155477820459,155477820428
1,717056,GET,155477821137,155477821061
1,658177,GET,155477821304,155477821229
1,658689,GET,155477821853,155477821749
1,658945,GET,155477822317,155477822209
1,718080,GET,155477822400,155477822370
1,659201,GET,155477822490,155477822426
1,718592,GET,155477822785,155477822723
1,659713,GET,155477823225,155477823177
1,660225,GET,155477823412,155477823297
1,660737,GET,155477823570,155477823465
1,719104,GET,155477823850,155477823838
1,719360,GET,155477823999,155477823993
1,719872,GET,155477824419,155477824399
1,662017,GET,155477824734,155477824673
1,662529,GET,155477824905,155477824786
1,662785,GET,155477825036,155477825007
1,720384,GET,155477825201,155477825102
1,663297,GET,155477825475,155477825426
1,720640,GET,155477825734,155477825670
1,720896,GET,155477825797,155477825764
1,721152,GET,155477825964,155477825853
1,721408,GET,155477826098,155477826067
1,664833,GET,155477827129,155477827020
1,665089,GET,155477827520,155477827420
1,722432,GET,155477828049,155477827971
1,722688,GET,155477828212,155477828101
1,722944,GET,155477828585,155477828477
1,723456,GET,155477829709,155477829693
1,666625,GET,155477830320,155477830250
1,666881,GET,155477830481,155477830366
1,724480,GET,155477830642,155477830534
1,667137,GET,155477830725,155477830694
1,667393,GET,155477831308,155477831206
1,667649,GET,155477831589,155477831493
1,725504,GET,155477831982,155477831904
1,726016,GET,155477832474,155477832475
1,726528,GET,155477832589,155477832527
1,727040,GET,155477833476,155477833403
1,727296,GET,155477833637,155477833528
1,727552,GET,155477833729,155477833695
1,669441,GET,155477834108,155477834008
1,728320,GET,155477834874,155477834793
1,670209,GET,155477835203,155477835101
1,670465,GET,155477835320,155477835256
1,670721,GET,155477835403,155477835376
1,729344,GET,155477835790,155477835741
1,729600,GET,155477835905,155477835893
1,672001,GET,155477836342,155477836273
1,672513,GET,155477836572,155477836562
1,673025,GET,155477836786,155477836682
1,673281,GET,155477836922,155477836865
1,673537,GET,155477837271,155477837212
1,673793,GET,155477837361,155477837330
1,674305,GET,155477837527,155477837415
1,674561,GET,155477837991,155477837941
1,674817,GET,155477838308,155477838260
1,675329,GET,155477838480,155477838371
1,675841,GET,155477838819,155477838708
1,676353,GET,155477838969,155477838871
1,676609,GET,155477839054,155477839022
1,676865,GET,155477839143,155477839115
1,677121,GET,155477839532,155477839430
1,677377,GET,155477839801,155477839700
1,677633,GET,155477839914,155477839853
1,730880,GET,155477840538,155477840463
1,677889,GET,155477840697,155477840590
1,678145,GET,155477840785,155477840729
1,732160,GET,155477841726,155477841629
1,678657,GET,155477841840,155477841811
1,732672,GET,155477842185,155477842176
1,679425,GET,155477842830,155477842817
1,733696,GET,155477842983,155477842967
1,679681,GET,155477843137,155477843036
1,679937,GET,155477843639,155477843555
1,680193,GET,155477844447,155477844346
1,734976,GET,155477844731,155477844630
1,680705,GET,155477844992,155477844890
1,735488,GET,155477845534,155477845460
1,681729,GET,155477845927,155477845827
1,681985,GET,155477846011,155477845980
1,682241,GET,155477846122,155477846091
1,682497,GET,155477846288,155477846189
1,736768,GET,155477846798,155477846700
1,737024,GET,155477846920,155477846851
1,737280,GET,155477847071,155477847039
1,737536,GET,155477847126,155477847094
1,682753,GET,155477847189,155477847157
1,737792,GET,155477847250,155477847220
1,683009,GET,155477847363,155477847333
1,683265,GET,155477847656,155477847624
1,683521,GET,155477847835,155477847804
1,683777,GET,155477848004,155477847891
1,738560,GET,155477848163,155477848062
1,684033,GET,155477848253,155477848221
1,684289,GET,155477848632,155477848583
1,684801,GET,155477849168,155477849098
1,685057,GET,155477849331,155477849220
1,739328,GET,155477849466,155477849408
1,741376,GET,155477851140,155477851110
1,741888,GET,155477851291,155477851191
1,742656,GET,155477851624,155477851611
1,743168,GET,155477851835,155477851737
1,743424,GET,155477851925,155477851867
1,743680,GET,155477852013,155477851951
1,744448,GET,155477852366,155477852268
1,744704,GET,155477852648,155477852599
1,745216,GET,155477852994,155477852897
1,746240,GET,155477853869,155477853771
1,747008,GET,155477854518,155477854447
1,747520,GET,155477854880,155477854817
1,748800,GET,155477855507,155477855406
1,749312,GET,155477855814,155477855711
1,749568,GET,155477855929,155477855899
1,750080,GET,155477856095,155477855995
1,750592,GET,155477856379,155477856276
1,751104,GET,155477857258,155477857158
1,751360,GET,155477857374,155477857344
1,752640,GET,155477858132,155477858061
1,753920,GET,155477858705,155477858634
1,754944,GET,155477859166,155477859143
1,755712,GET,155477859521,155477859506
1,756224,GET,155477859674,155477859655
1,756736,GET,155477859826,155477859726
1,756992,GET,155477859942,155477859879
1,757248,GET,155477860037,155477859995
1,757504,GET,155477860281,155477860222
1,758016,GET,155477860576,155477860506
1,758272,GET,155477861161,155477861099
1,758784,GET,155477861322,155477861214
1,759040,GET,155477861405,155477861374
1,759296,GET,155477861713,155477861665
1,759808,GET,155477862062,155477861961
1,760320,GET,155477862437,155477862422
1,760832,GET,155477862587,155477862576
1,761344,GET,155477862861,155477862764
1,761600,GET,155477862978,155477862914
1,762368,GET,155477863739,155477863658
1,762880,GET,155477863901,155477863791
1,763136,GET,155477864003,155477863971
1,764160,GET,155477864388,155477864314
1,764416,GET,155477864477,155477864446
1,764672,GET,155477864565,155477864503
1,764928,GET,155477864650,155477864621
1,765696,GET,155477865208,155477865106
1,765952,GET,155477865631,155477865569
1,766720,GET,155477866212,155477866205
1,767232,GET,155477866366,155477866265
1,767488,GET,155477866482,155477866418
1,767744,GET,155477866568,155477866507
1,768000,GET,155477866842,155477866786
1,768256,GET,155477866905,155477866873
1,769024,GET,155477867710,155477867700
1,770048,GET,155477868142,155477868044
1,770560,GET,155477868494,155477868392
1,770816,GET,155477868556,155477868524
1,771072,GET,155477868678,155477868646
1,771328,GET,155477868740,155477868708
1,771584,GET,155477868802,155477868770
1,771840,GET,155477868922,155477868890
1,772096,GET,155477868977,155477868945
1,772352,GET,155477869040,155477869008
1,772608,GET,155477869095,155477869065
1,772864,GET,155477869159,155477869127
1,773120,GET,155477869221,155477869189
1,773376,GET,155477869276,155477869245
1,773632,GET,155477869339,155477869306
1,773888,GET,155477869452,155477869420
1,774144,GET,155477869515,155477869483
1,774400,GET,155477869570,155477869540
1,774656,GET,155477869689,155477869658
1,774912,GET,155477869744,155477869713
1,775424,GET,155477869912,155477869798
1,776448,GET,155477870458,155477870394
1,776704,GET,155477870575,155477870489
1,777216,GET,155477870833,155477870736
1,777728,GET,155477871209,155477871138
1,778496,GET,155477871404,155477871342
1,779008,GET,155477871562,155477871464
1,779264,GET,155477871843,155477871793
1,779520,GET,155477871970,155477871938
1,780032,GET,155477872130,155477872088
1,780800,GET,155477872430,155477872357
1,781312,GET,155477872893,155477872792
1,781824,GET,155477873228,155477873115
1,782592,GET,155477874362,155477874298
1,782848,GET,155477874605,155477874563
1,783104,GET,155477874721,155477874652
1,783616,GET,155477874862,155477874755
1,784128,GET,155477875037,155477874920
1,784896,GET,155477875388,155477875278
1,785408,GET,155477875642,155477875568
1,785920,GET,155477878078,155477877970
1,786176,GET,155477878187,155477878154
1,786432,GET,155477878693,155477878640
1,786688,GET,155477879049,155477878986
1,787200,GET,155477880410,155477880400
1,788224,GET,155477880900,155477880813
1,788736,GET,155477881118,155477881047
1,789248,GET,155477881299,155477881177
1,789760,GET,155477881470,155477881355
1,790272,GET,155477881780,155477881668
1,790784,GET,155477882364,155477882310
1,791296,GET,155477882535,155477882421
1,791552,GET,155477882663,155477882591
1,792064,GET,155477883143,155477883092
1,793088,GET,155477883570,155477883462
1,793344,GET,155477883698,155477883628
1,793856,GET,155477884081,155477883961
1,794368,GET,155477884357,155477884249
1,795136,GET,155477884758,155477884641
1,796672,GET,155477885814,155477885792
1,797184,GET,155477886043,155477885932
1,797440,GET,155477886142,155477886104
1,798208,GET,155477886753,155477886643
1,798464,GET,155477886883,155477886850
1,798976,GET,155477887025,155477887019
1,799488,GET,155477887193,155477887082
1,799744,GET,155477887321,155477887251
1,800000,GET,155477887529,155477887496
1,800256,GET,155477887828,155477887757
1,800768,GET,155477888204,155477888078
1,801280,GET,155477888523,155477888395
1,801792,GET,155477889100,155477889062
1,802304,GET,155477889271,155477889159
1,802560,GET,155477889401,155477889369
1,803328,GET,155477889724,155477889677
1,803840,GET,155477889889,155477889841
1,804352,GET,155477890054,155477890006
1,833280,GET,155477906682,155477906348
1,833536,GET,155477906828,155477906792
1,833792,GET,155477906909,155477906869
1,834048,GET,155477906974,155477906938
1,834304,GET,155477907178,155477907144
1,834560,GET,155477907253,155477907217
1,834816,GET,155477907316,155477907282
1,835072,GET,155477907701,155477907605
1,835328,GET,155477908319,155477908284
1,835584,GET,155477908473,155477908435
1,836096,GET,155477908646,155477908614
1,836608,GET,155477909055,155477908971
1,837120,GET,155477909236,155477909113
1,837632,GET,155477909633,155477909522
1,838144,GET,155477910107,155477910027
1,838656,GET,155477910285,155477910165
1,839680,GET,155477911045,155477911032
1,840192,GET,155477911215,155477911204
1,840704,GET,155477911384,155477911372
1,841728,GET,155477911800,155477911785
1,842240,GET,155477912229,155477912122
1,842752,GET,155477912427,155477912302
1,843520,GET,155477912877,155477912763
1,843776,GET,155477912990,155477912956
1,844288,GET,155477913175,155477913056
1,844800,GET,155477913354,155477913240
1,845056,GET,155477913501,155477913469
1,845568,GET,155477913684,155477913641
1,846336,GET,155477913994,155477913943
1,847104,GET,155477914969,155477914858
1,847616,GET,155477915428,155477915317
1,847872,GET,155477915734,155477915680
1,848128,GET,155477915849,155477915814
1,848640,GET,155477916045,155477915909
1,849152,GET,155477916228,155477916105
1,849664,GET,155477916540,155477916536
1,850432,GET,155477916958,155477916831
1,850688,GET,155477917106,155477917070
1,851200,GET,155477917531,155477917474
1,851712,GET,155477917923,155477917835
1,852736,GET,155477918471,155477918390
1,856064,GET,155477920315,155477920297
1,856576,GET,155477920483,155477920465
1,857344,GET,155477920851,155477920765
1,857856,GET,155477921031,155477920909
1,858368,GET,155477921636,155477921567
1,858624,GET,155477921729,155477921694
1,858880,GET,155477921837,155477921803
1,859648,GET,155477922208,155477922092
1,860160,GET,155477922578,155477922457
1,860416,GET,155477922670,155477922636
1,860672,GET,155477923162,155477923104
1,860928,GET,155477923223,155477923189
1,861184,GET,155477923326,155477923290
1,861440,GET,155477923634,155477923580
1,861696,GET,155477923746,155477923712
1,862208,GET,155477924047,155477923968
1,862976,GET,155477924788,155477924683
1,863488,GET,155477925152,155477925040
1,864000,GET,155477925320,155477925213
1,864512,GET,155477925454,155477925383
1,865024,GET,155477926177,155477926072
1,865536,GET,155477926489,155477926370
1,865792,GET,155477926584,155477926549
1,866048,GET,155477926792,155477926758
1,866816,GET,155477927188,155477927078
1,867072,GET,155477927281,155477927246
1,867328,GET,155477928264,155477928188
1,867584,GET,155477928391,155477928356
1,868096,GET,155477928570,155477928530
1,868608,GET,155477928697,155477928695
1,869376,GET,155477929087,155477928999
1,869888,GET,155477929267,155477929184
1,870400,GET,155477929645,155477929555
1,870912,GET,155477929812,155477929702
1,871424,GET,155477930192,155477930189
1,871936,GET,155477930357,155477930352
1,872448,GET,155477930661,155477930552
1,872704,GET,155477930791,155477930719
1,872960,GET,155477930997,155477930963
1,873984,GET,155477931957,155477931874
1,874496,GET,155477932136,155477932055
1,875008,GET,155477932315,155477932224
1,875264,GET,155477933157,155477933045
1,686337,GET,155477933368,155477933245
1,686593,GET,155477933992,155477933921
1,686849,GET,155477934741,155477934658
1,876800,GET,155477935115,155477935028
1,877312,GET,155477935432,155477935362
1,687617,GET,155477935598,155477935490
1,688129,GET,155477936068,155477935961
1,877568,GET,155477936725,155477936646
1,688641,GET,155477937051,155477937004
1,688897,GET,155477937464,155477937352
1,878336,GET,155477937567,155477937534
1,689665,GET,155477938143,155477938057
1,878592,GET,155477938283,155477938239
1,879104,GET,155477938868,155477938758
1,879360,GET,155477938960,155477938925
1,690433,GET,155477939170,155477939136
1,879616,GET,155477939239,155477939203
1,690689,GET,155477939306,155477939273
1,879872,GET,155477939537,155477939463
1,880128,GET,155477939598,155477939563
1,690945,GET,155477939660,155477939625
1,691201,GET,155477939781,155477939747
1,880384,GET,155477939906,155477939870
1,880640,GET,155477940047,155477940012
1,880896,GET,155477940180,155477940145
1,881152,GET,155477940247,155477940213
1,881408,GET,155477940315,155477940281
1,881664,GET,155477940511,155477940476
1,881920,GET,155477940703,155477940622
1,882176,GET,155477940867,155477940753
1,882432,GET,155477941403,155477941326
1,882688,GET,155477941534,155477941462
1,691457,GET,155477942036,155477941966
1,883200,GET,155477942170,155477942094
1,691713,GET,155477942914,155477942899
1,691969,GET,155477943093,155477942973
1,692225,GET,155477943254,155477943151
1,692481,GET,155477943752,155477943667
1,884480,GET,155477944518,155477944402
1,692993,GET,155477944934,155477944822
1,884992,GET,155477945061,155477944992
1,885248,GET,155477945434,155477945418
1,693761,GET,155477945746,155477945725
1,886016,GET,155477946242,155477946226
1,694529,GET,155477946413,155477946300
1,694785,GET,155477946785,155477946661
1,886784,GET,155477947164,155477947117
1,887040,GET,155477947333,155477947286
1,887552,GET,155477947695,155477947619
1,887808,GET,155477948440,155477948362
1,888576,GET,155477948683,155477948642
1,696065,GET,155477949645,155477949622
1,889088,GET,155477949813,155477949793
1,696833,GET,155477949980,155477949960
1,697345,GET,155477950673,155477950662
1,697857,GET,155477951004,155477950883
1,889600,GET,155477951143,155477951106
1,890368,GET,155477951833,155477951706
1,698625,GET,155477953188,155477953078
1,698881,GET,155477953675,155477953596
1,699393,GET,155477954079,155477954075
1,892416,GET,155477954243,155477954238
1,699905,GET,155477954408,155477954405
1,892928,GET,155477954573,155477954467
1,893184,GET,155477954700,155477954632
1,893440,GET,155477954830,155477954758
1,700417,GET,155477956011,155477955929
1,700673,GET,155477956190,155477956069
1,701697,GET,155477957238,155477957141
1,702465,GET,155477957545,155477957428
1,702977,GET,155477958110,155477958005
1,703489,GET,155477958353,155477958198
1,894464,GET,155477958479,155477958473
1,894976,GET,155477958994,155477958879
1,704001,GET,155477959320,155477959242
1,895232,GET,155477959594,155477959513
1,704513,GET,155477959958,155477959844
1,704769,GET,155477960084,155477960014
1,705025,GET,155477960211,155477960141
1,895744,GET,155477960586,155477960466
1,896000,GET,155477960764,155477960646
1,896256,GET,155477961203,155477961089
1,706049,GET,155477961300,155477961230
1,896512,GET,155477961361,155477961327
1,707841,GET,155477966458,155477966345
1,708097,GET,155477966900,155477966848
1,898048,GET,155477967494,155477967384
1,898304,GET,155477967639,155477967606
1,708865,GET,155477967967,155477967913
1,899328,GET,155477968499,155477968411
1,899840,GET,155477968678,155477968557
1,900096,GET,155477968836,155477968755
1,709633,GET,155477968934,155477968894
1,710401,GET,155477969547,155477969534
1,710657,GET,155477969715,155477969700
1,900864,GET,155477969887,155477969775
1,711425,GET,155477971576,155477971559
1,901888,GET,155477971837,155477971768
1,712193,GET,155477972118,155477971991
1,902144,GET,155477972322,155477972206
1,712705,GET,155477972485,155477972378
1,713217,GET,155477972614,155477972542
1,902656,GET,155477973049,155477972991
1,713473,GET,155477973110,155477973075
1,713985,GET,155477973482,155477973466
1,714241,GET,155477973723,155477973605
1,903424,GET,155477973831,155477973797
1,714497,GET,155477974011,155477973892
1,714753,GET,155477974325,155477974213
1,904448,GET,155477974645,155477974525
1,715009,GET,155477975095,155477975040
1,715521,GET,155477975739,155477975724
1,716033,GET,155477976048,155477975938
1,904960,GET,155477976177,155477976105
1,716289,GET,155477976273,155477976237
1,716545,GET,155477977110,155477977031
1,717057,GET,155477977623,155477977508
1,905728,GET,155477977778,155477977674
1,717313,GET,155477977880,155477977837
1,905984,GET,155477978690,155477978691
1,906240,GET,155477978857,155477978748
1,718081,GET,155477979232,155477979123
1,718593,GET,155477980141,155477980071
1,719361,GET,155477981594,155477981503
1,907520,GET,155477981900,155477981899
1,719873,GET,155477982217,155477982104
1,720385,GET,155477982597,155477982478
1,720897,GET,155477982877,155477982767
1,909312,GET,155477984472,155477984343
1,721409,GET,155477984579,155477984545
1,721665,GET,155477984761,155477984640
1,910080,GET,155477984933,155477984826
1,910336,GET,155477985105,155477984995
1,910592,GET,155477985410,155477985356
1,722177,GET,155477985745,155477985691
1,910848,GET,155477985856,155477985821
1,911104,GET,155477986053,155477985927
1,722689,GET,155477986377,155477986304
1,911616,GET,155477986480,155477986413
1,911872,GET,155477986541,155477986506
1,722945,GET,155477986634,155477986599
1,912128,GET,155477986731,155477986696
1,912640,GET,155477987156,155477987078
1,724225,GET,155477987729,155477987617
1,912896,GET,155477988069,155477987957
1,724737,GET,155477988395,155477988358
1,913152,GET,155477988534,155477988529
1,913664,GET,155477988845,155477988832
1,725761,GET,155477989010,155477988994
1,726017,GET,155477989176,155477989159
1,914176,GET,155477989345,155477989233
1,914432,GET,155477989487,155477989402
1,726785,GET,155477989774,155477989652
1,727297,GET,155477990487,155477990416
1,727553,GET,155477990672,155477990547
1,915456,GET,155477990816,155477990730
1,727809,GET,155477990909,155477990848
1,916224,GET,155477992054,155477991944
1,728577,GET,155477992451,155477992325
1,729089,GET,155477992768,155477992646
1,729345,GET,155477992859,155477992825
1,916736,GET,155477993900,155477993785
1,917248,GET,155477994072,155477993956
1,730113,GET,155477994311,155477994278
1,730625,GET,155477994533,155477994406
1,917504,GET,155477994681,155477994593
1,730881,GET,155477994778,155477994745
1,731393,GET,155477995209,155477995118
1,732161,GET,155477995446,155477995408
1,732673,GET,155477995613,155477995504
1,732929,GET,155477995913,155477995803
1,918016,GET,155477996149,155477996115
1,733185,GET,155477996251,155477996213
1,918528,GET,155477996429,155477996387
1,733697,GET,155477996594,155477996486
1,733953,GET,155477997104,155477997051
1,918784,GET,155477997384,155477997349
1,919040,GET,155477997451,155477997416
1,919296,GET,155477997512,155477997478
1,919552,GET,155477997573,155477997539
1,919808,GET,155477997697,155477997661
1,920064,GET,155477997950,155477997914
1,920320,GET,155477998018,155477997983
1,920576,GET,155477998079,155477998045
1,921088,GET,155477998401,155477998294
1,921344,GET,155477998535,155477998457
1,921856,GET,155477999114,155477999007
1,922112,GET,155477999258,155477999211
1,922624,GET,155477999389,155477999388
1,734209,GET,155477999705,155477999701
1,923136,GET,155477999871,155477999764
1,923392,GET,155477999998,155477999966
1,734721,GET,155478000417,155478000310
1,923904,GET,155478000650,155478000615
1,734977,GET,155478000740,155478000706
1,735233,GET,155478001017,155478000981
1,924672,GET,155478001185,155478001074
1,735489,GET,155478001321,155478001244
1,735745,GET,155478001666,155478001583
1,736257,GET,155478001993,155478001896
1,736769,GET,155478002339,155478002228
1,925440,GET,155478002482,155478002396
1,737025,GET,155478002576,155478002543
1,737537,GET,155478002999,155478002891
1,737793,GET,155478003260,155478003200
1,738049,GET,155478003535,155478003425
1,925952,GET,155478003743,155478003708
1,926208,GET,155478004080,155478004043
1,926464,GET,155478004368,155478004251
1,739073,GET,155478004676,155478004622
1,739329,GET,155478005061,155478005046
1,739585,GET,155478005384,155478005272
1,739841,GET,155478005904,155478005782
1,928000,GET,155478006190,155478006102
1,928256,GET,155478006373,155478006247
1,740609,GET,155478007275,155478007195
1,740865,GET,155478007531,155478007533
1,741633,GET,155478007843,155478007832
1,742145,GET,155478008097,155478007964
1,929280,GET,155478008208,155478008172
1,742401,GET,155478008547,155478008491
1,742657,GET,155478009663,155478009610
1,743169,GET,155478009867,155478009748
1,743425,GET,155478010016,155478009983
1,743937,GET,155478010444,155478010334
1,929536,GET,155478010553,155478010519
1,744193,GET,155478010925,155478010902
1,930560,GET,155478011155,155478011069
1,744705,GET,155478011329,155478011249
1,745217,GET,155478011682,155478011664
1,931584,GET,155478011916,155478011832
1,745473,GET,155478012092,155478012020
1,932352,GET,155478012435,155478012355
1,933376,GET,155478013205,155478013185
1,746753,GET,155478013373,155478013265
1,747009,GET,155478014055,155478013942
1,747265,GET,155478014158,155478014083
1,747777,GET,155478014628,155478014516
1,934144,GET,155478014822,155478014787
1,934400,GET,155478014921,155478014891
1,934912,GET,155478015263,155478015194
1,748545,GET,155478016002,155478016001
1,748801,GET,155478016171,155478016167
1,749057,GET,155478017339,155478017228
1,936448,GET,155478017802,155478017801
1,936704,GET,155478018116,155478018010
1,750081,GET,155478018353,155478018320
1,936960,GET,155478018869,155478018835
1,937216,GET,155478018931,155478018897
1,937472,GET,155478019064,155478019028
1,937728,GET,155478019131,155478019097
1,750337,GET,155478019257,155478019222
1,937984,GET,155478019326,155478019291
1,938240,GET,155478019448,155478019414
1,938496,GET,155478019517,155478019482
1,750593,GET,155478019709,155478019675
1,750849,GET,155478019835,155478019801
1,751105,GET,155478019897,155478019863
1,751361,GET,155478020150,155478020116
1,938752,GET,155478020212,155478020178
1,751617,GET,155478020280,155478020246
1,939008,GET,155478020405,155478020371
1,751873,GET,155478020473,155478020439
1,752129,GET,155478020915,155478020881
1,752385,GET,155478020976,155478020942
1,939264,GET,155478021108,155478021075
1,752641,GET,155478021238,155478021204
1,752897,GET,155478021368,155478021332
1,753153,GET,155478021428,155478021394
1,753409,GET,155478021497,155478021461
1,753665,GET,155478021751,155478021716
1,753921,GET,155478021884,155478021849
1,754177,GET,155478021945,155478021910
1,939520,GET,155478022130,155478022095
1,754433,GET,155478022252,155478022217
1,754689,GET,155478022313,155478022278
1,939776,GET,155478022380,155478022346
1,940032,GET,155478022448,155478022415
1,754945,GET,155478022517,155478022482
1,755457,GET,155478023083,155478023034
1,940544,GET,155478023250,155478023140
1,755969,GET,155478023381,155478023308
1,940800,GET,155478023486,155478023414
1,756481,GET,155478023690,155478023573
1,756737,GET,155478023858,155478023747
1,757249,GET,155478024324,155478024206
1,757505,GET,155478024415,155478024380
1,757761,GET,155478024510,155478024476
1,758017,GET,155478024894,155478024773
1,942080,GET,155478024986,155478024952
1,942336,GET,155478025610,155478025502
1,758529,GET,155478025740,155478025669
1,942592,GET,155478025834,155478025801
1,942848,GET,155478026011,155478025907
1,759041,GET,155478026308,155478026196
1,759553,GET,155478026741,155478026629
1,759809,GET,155478026890,155478026799
1,943616,GET,155478026994,155478026918
1,944384,GET,155478028275,155478028151
1,760065,GET,155478028485,155478028450
1,944640,GET,155478028809,155478028773
1,760321,GET,155478028940,155478028906
1,944896,GET,155478029001,155478028967
1,945152,GET,155478029300,155478029227
1,945408,GET,155478029486,155478029358
1,945920,GET,155478029849,155478029831
1,946176,GET,155478030079,155478029998
1,946432,GET,155478030228,155478030178
1,761857,GET,155478030528,155478030421
1,946688,GET,155478030657,155478030623
1,946944,GET,155478031033,155478031027
1,762881,GET,155478031430,155478031359
1,763137,GET,155478031544,155478031464
1,763649,GET,155478031931,155478031817
1,947712,GET,155478032506,155478032385
1,764161,GET,155478032982,155478032872
1,948224,GET,155478033276,155478033240
1,764673,GET,155478033564,155478033555
1,765185,GET,155478033916,155478033846
1,948992,GET,155478034415,155478034330
1,765697,GET,155478034596,155478034513
1,766209,GET,155478034852,155478034838
1,766721,GET,155478035025,155478034909
1,949760,GET,155478035428,155478035317
1,767489,GET,155478036031,155478035989
1,767745,GET,155478036201,155478036157
1,950272,GET,155478036591,155478036507
1,950528,GET,155478036764,155478036650
1,768513,GET,155478037094,155478037040
1,951040,GET,155478037301,155478037171
1,768769,GET,155478037670,155478037625
1,769025,GET,155478037952,155478037931
1,952320,GET,155478038122,155478038009
1,769281,GET,155478038248,155478038178
1,952576,GET,155478038351,155478038319
1,953088,GET,155478039079,155478038967
1,770049,GET,155478039210,155478039137
1,953344,GET,155478039315,155478039282
1,953600,GET,155478040083,155478039969
1,954112,GET,155478040950,155478040840
1,954624,GET,155478041165,155478041036
1,954880,GET,155478041465,155478041412
1,955392,GET,155478041667,155478041542
1,955904,GET,155478041792,155478041724
1,956416,GET,155478042219,155478042192
1,956928,GET,155478042385,155478042361
1,957440,GET,155478042550,155478042442
1,957696,GET,155478042697,155478042606
1,958208,GET,155478043059,155478042947
1,958720,GET,155478043438,155478043322
1,958976,GET,155478043530,155478043495
1,959232,GET,155478043627,155478043557
1,959744,GET,155478043914,155478043859
1,960768,GET,155478044542,155478044459
1,961280,GET,155478045051,155478044940
1,961536,GET,155478045556,155478045502
1,961792,GET,155478045667,155478045632
1,962560,GET,155478046122,155478046015
1,963072,GET,155478046491,155478046457
1,963584,GET,155478046779,155478046671
1,963840,GET,155478047408,155478047354
1,964608,GET,155478047881,155478047771
1,964864,GET,155478048009,155478047977
1,965888,GET,155478048958,155478048953
1,966656,GET,155478049271,155478049158
1,967168,GET,155478049892,155478049781
1,967680,GET,155478050064,155478049948
1,968192,GET,155478050198,155478050122
1,969216,GET,155478050696,155478050614
1,969984,GET,155478050959,155478050939
1,970496,GET,155478051122,155478051016
1,972288,GET,155478052614,155478052542
1,972544,GET,155478052858,155478052824
1,973568,GET,155478053468,155478053353
1,973824,GET,155478053599,155478053527
1,974080,GET,155478053847,155478053780
1,974592,GET,155478054327,155478054241
1,975360,GET,155478054583,155478054568
1,975872,GET,155478054751,155478054639
1,976128,GET,155478054844,155478054808
1,977408,GET,155478055937,155478055916
1,978432,GET,155478056306,155478056266
1,770561,GET,155478056861,155478056750
1,979200,GET,155478057321,155478057316
1,979712,GET,155478058286,155478058169
1,771585,GET,155478058383,155478058338
1,980224,GET,155478058744,155478058731
1,980736,GET,155478059035,155478058960
1,772353,GET,155478059380,155478059256
1,981248,GET,155478059619,155478059585
1,772609,GET,155478059912,155478059848
1,981504,GET,155478060097,155478059971
1,981760,GET,155478060224,155478060155
1,773377,GET,155478060326,155478060258
1,773633,GET,155478060445,155478060360
1,773889,GET,155478060644,155478060609
1,774145,GET,155478060748,155478060677
1,774401,GET,155478060956,155478060923
1,774657,GET,155478061090,155478061055
1,774913,GET,155478061402,155478061367
1,982016,GET,155478061462,155478061428
1,982272,GET,155478061592,155478061558
1,775169,GET,155478061653,155478061618
1,775425,GET,155478061715,155478061680
1,982528,GET,155478061840,155478061805
1,982784,GET,155478062145,155478062092
1,775937,GET,155478062940,155478062871
1,983296,GET,155478063033,155478062999
1,983552,GET,155478063224,155478063103
1,776705,GET,155478063400,155478063288
1,776961,GET,155478063571,155478063461
1,777217,GET,155478064080,155478063972
1,984576,GET,155478064233,155478064138
1,777473,GET,155478064389,155478064287
1,984832,GET,155478064484,155478064452
1,985088,GET,155478064668,155478064557
1,777985,GET,155478065559,155478065465
1,778241,GET,155478065737,155478065651
1,985856,GET,155478065918,155478065834
1,779009,GET,155478066134,155478066064
1,779265,GET,155478066305,155478066199
1,779521,GET,155478066482,155478066370
1,779777,GET,155478066990,155478066937
1,987136,GET,155478067372,155478067368
1,987904,GET,155478068121,155478068002
1,988416,GET,155478068313,155478068186
1,988928,GET,155478068486,155478068371
1,989696,GET,155478069090,155478068977
1,780033,GET,155478069194,155478069158
1,990208,GET,155478069569,155478069548
1,990464,GET,155478069802,155478069689
1,990976,GET,155478070143,155478070031
1,780801,GET,155478070272,155478070248
1,781057,GET,155478070463,155478070354
1,991488,GET,155478070607,155478070577
1,991744,GET,155478070792,155478070680
1,992000,GET,155478071208,155478071209
1,993024,GET,155478071782,155478071668
1,993280,GET,155478071882,155478071808
1,782081,GET,155478071981,155478071910
1,782337,GET,155478072077,155478072033
1,782593,GET,155478072270,155478072137
1,782849,GET,155478072414,155478072328
1,993792,GET,155478072510,155478072449
1,783105,GET,155478072608,155478072546
1,994048,GET,155478073048,155478072990
1,783361,GET,155478073497,155478073384
1,783617,GET,155478073839,155478073785
1,994816,GET,155478074563,155478074452
1,995072,GET,155478074887,155478074772
1,995328,GET,155478075176,155478075085
1,995584,GET,155478075546,155478075436
1,784897,GET,155478075872,155478075819
1,996096,GET,155478076252,155478076141
1,996352,GET,155478076742,155478076630
1,785665,GET,155478076857,155478076821
1,997376,GET,155478078392,155478078281
1,997632,GET,155478078521,155478078487
1,997888,GET,155478078704,155478078595
1,786945,GET,155478078849,155478078814
1,998400,GET,155478079031,155478078921
1,787201,GET,155478079504,155478079392
1,998912,GET,155478079619,155478079585
1,787457,GET,155478079719,155478079685
1,787713,GET,155478080129,155478080018
1,787969,GET,155478080443,155478080390
1,788225,GET,155478080729,155478080680
1,999680,GET,155478081083,155478080991
1,999936,GET,155478081260,155478081140
1,790017,GET,155478082532,155478082433
1,790529,GET,155478083058,155478082989
1,790785,GET,155478083184,155478083150
1,791041,GET,155478083557,155478083523
1,791297,GET,155478083618,155478083585
1,1001472,GET,155478083679,155478083645
1,791553,GET,155478083872,155478083838
1,1001728,GET,155478083997,155478083963
1,791809,GET,155478084184,155478084151
1,1001984,GET,155478084307,155478084273
1,1002240,GET,155478084375,155478084341
1,792321,GET,155478084686,155478084684
1,792577,GET,155478084934,155478084806
1,1002752,GET,155478085083,155478085051
1,1003008,GET,155478085226,155478085157
1,793089,GET,155478085357,155478085284
1,793345,GET,155478085452,155478085417
1,793601,GET,155478085631,155478085589
1,1004032,GET,155478085943,155478085850
1,793857,GET,155478086119,155478086041
1,1004544,GET,155478087083,155478086976
1,795137,GET,155478087404,155478087373
1,795393,GET,155478087591,155478087552
1,796417,GET,155478088194,155478088173
1,796929,GET,155478088364,155478088252
1,797185,GET,155478088663,155478088610
1,1005568,GET,155478089647,155478089537
1,797953,GET,155478089753,155478089718
1,1006336,GET,155478090127,155478090017
1,798209,GET,155478090219,155478090185
1,1006592,GET,155478090317,155478090281
1,1007104,GET,155478090689,155478090674
1,1007360,GET,155478090926,155478090812
1,799489,GET,155478091430,155478091338
1,1007872,GET,155478091608,155478091489
1,1008128,GET,155478091753,155478091721
1,800001,GET,155478092274,155478092205
1,1008384,GET,155478092454,155478092333
1,800513,GET,155478092551,155478092516
1,800769,GET,155478092876,155478092796
1,801025,GET,155478093102,155478093021
1,1009408,GET,155478093195,155478093160
1,801281,GET,155478093294,155478093223
1,801537,GET,155478093474,155478093346
1,1009920,GET,155478093847,155478093831
1,1010176,GET,155478093973,155478093905
1,803073,GET,155478094447,155478094421
1,1010688,GET,155478094614,155478094590
1,804353,GET,155478095675,155478095565
1,804609,GET,155478095876,155478095757
1,804865,GET,155478096146,155478096076
1,1011712,GET,155478096249,155478096215
1,805377,GET,155478096614,155478096601
1,805633,GET,155478096784,155478096671
1,1012480,GET,155478096876,155478096841
1,806145,GET,155478097069,155478096940
1,1012736,GET,155478097217,155478097183
1,806401,GET,155478097401,155478097359
1,806657,GET,155478097570,155478097527
1,1013504,GET,155478097697,155478097627
1,807169,GET,155478098047,155478097984
1,807937,GET,155478098514,155478098498
1,1014016,GET,155478098683,155478098571
1,1014272,GET,155478098813,155478098780
1,808449,GET,155478098875,155478098841
1,1014528,GET,155478099068,155478099033
1,808705,GET,155478099260,155478099225
1,808961,GET,155478099514,155478099479
1,809217,GET,155478099575,155478099541
1,809473,GET,155478099835,155478099800
1,1014784,GET,155478099897,155478099861
1,1015040,GET,155478099964,155478099930
1,1015296,GET,155478100350,155478100317
1,809729,GET,155478100484,155478100450
1,809985,GET,155478100606,155478100573
1,810241,GET,155478100796,155478100761
1,1015552,GET,155478100864,155478100829
1,810497,GET,155478100931,155478100898
1,810753,GET,155478101119,155478101084
1,1015808,GET,155478101310,155478101275
1,811009,GET,155478101379,155478101343
1,1016064,GET,155478101439,155478101405
1,811265,GET,155478101624,155478101589
1,811521,GET,155478101691,155478101657
1,1016320,GET,155478101825,155478101790
1,811777,GET,155478102084,155478102050
1,812033,GET,155478102145,155478102110
1,812289,GET,155478102208,155478102172
