0,1055,PUT,2765688356332393,2765688356333035
0,1055,GET,2765688357626920,2765688357629596
0,799,PUT,2765688356331251,2765688356332273
0,799,GET,2765688357628343,2765688357629656
0,4639,PUT,2765688356342828,2765688356343940
0,4639,GET,2765688357630579,2765688357632854
0,4127,PUT,2765688356341565,2765688356342206
0,4127,GET,2765688357631250,2765688357632774
0,5919,PUT,2765688356348952,2765688356349593
0,5919,GET,2765688357633225,2765688357635480
0,3615,PUT,2765688356340071,2765688356340562
0,3615,GET,2765688357634006,2765688357635039
0,2335,PUT,2765688356336242,2765688356336874
0,2335,GET,2765688357634568,2765688357635600
0,2079,PUT,2765688356335731,2765688356336122
0,2079,GET,2765688357635771,2765688357637545
0,543,PUT,2765688356330218,2765688356331100
0,543,GET,2765688357635931,2765688357637434
0,7455,PUT,2765688356352620,2765688356353172
0,7455,GET,2765688357635961,2765688357636773
0,5134,PUT,2765688356361711,2765688356362283
0,5134,GET,2765688357636943,2765688357638296
0,5663,PUT,2765688356347980,2765688356348832
0,5663,GET,2765688357637585,2765688357638537
0,3854,PUT,2765688356358013,2765688356358564
0,3854,GET,2765688357637725,2765688357638737
0,4895,PUT,2765688356344211,2765688356345744
0,4895,GET,2765688357637966,2765688357638758
0,1311,PUT,2765688356333155,2765688356334077
0,1311,GET,2765688357638507,2765688357639499
0,5407,PUT,2765688356347168,2765688356347859
0,5407,GET,2765688357638617,2765688357639599
0,7711,PUT,2765688356353292,2765688356353873
0,7711,GET,2765688357638958,2765688357640171
0,7199,PUT,2765688356352109,2765688356352500
0,7199,GET,2765688357639068,2765688357639870
0,2591,PUT,2765688356336994,2765688356337646
0,2591,GET,2765688357639339,2765688357640832
0,1806,PUT,2765688356351377,2765688356352239
0,1806,GET,2765688357639630,2765688357640471
0,1038,PUT,2765688356348641,2765688356349433
0,1038,GET,2765688357640191,2765688357640993
0,1292,PUT,2765688356393766,2765688356394528
0,1292,GET,2765688357640331,2765688357640943
0,526,PUT,2765688356346767,2765688356347659
0,526,GET,2765688357640702,2765688357641514
0,524,PUT,2765688356390789,2765688356391751
0,524,GET,2765688357640782,2765688357641554
0,1567,PUT,2765688356334198,2765688356334849
0,1567,GET,2765688357641103,2765688357642246
0,2062,PUT,2765688356352360,2765688356353111
0,2062,GET,2765688357641454,2765688357642356
0,6431,PUT,2765688356350215,2765688356350606
0,6431,GET,2765688357641815,2765688357642596
0,2574,PUT,2765688356353953,2765688356354705
0,2574,GET,2765688357641835,2765688357642626
0,6943,PUT,2765688356351297,2765688356351989
0,6943,GET,2765688357642396,2765688357643388
0,3598,PUT,2765688356357331,2765688356357893
0,3598,GET,2765688357642466,2765688357643278
0,1804,PUT,2765688356395299,2765688356396161
0,1804,GET,2765688357642486,2765688357643098
0,6926,PUT,2765688356366001,2765688356366723
0,6926,GET,2765688357642727,2765688357643639
0,3871,PUT,2765688356340683,2765688356341444
0,3871,GET,2765688357642737,2765688357643579
0,3342,PUT,2765688356356820,2765688356357211
0,3342,GET,2765688357642777,2765688357643589
0,7182,PUT,2765688356366843,2765688356367765
0,7182,GET,2765688357643098,2765688357643839
0,1550,PUT,2765688356350556,2765688356351257
0,1550,GET,2765688357643629,2765688357644451
0,287,PUT,2765688356327743,2765688356329827
0,287,GET,2765688357643709,2765688357644501
0,2830,PUT,2765688356354825,2765688356355687
0,2830,GET,2765688357644080,2765688357644792
0,6156,PUT,2765688356408340,2765688356409021
0,6156,GET,2765688357644601,2765688357645553
0,2318,PUT,2765688356353232,2765688356353833
0,2318,GET,2765688357644631,2765688357645443
0,4110,PUT,2765688356358684,2765688356359246
0,4110,GET,2765688357644691,2765688357645453
0,3103,PUT,2765688356338277,2765688356339139
0,3103,GET,2765688357644932,2765688357645754
0,782,PUT,2765688356347809,2765688356348521
0,782,GET,2765688357645403,2765688357646165
0,270,PUT,2765688356344201,2765688356346015
0,270,GET,2765688357645583,2765688357646375
0,5151,PUT,2765688356346276,2765688356347047
0,5151,GET,2765688357645714,2765688357646495
0,8223,PUT,2765688356354775,2765688356355216
0,8223,GET,2765688357645934,2765688357646646
0,3359,PUT,2765688356339259,2765688356339951
0,3359,GET,2765688357646315,2765688357647137
0,1294,PUT,2765688356349553,2765688356350435
0,1294,GET,2765688357646445,2765688357647267
0,7967,PUT,2765688356353994,2765688356354655
0,7967,GET,2765688357646556,2765688357647357
0,5900,PUT,2765688356407448,2765688356408219
0,5900,GET,2765688357646796,2765688357647598
0,4622,PUT,2765688356360178,2765688356360900
0,4622,GET,2765688357647388,2765688357648310
0,6175,PUT,2765688356349714,2765688356350094
0,6175,GET,2765688357647398,2765688357648219
0,2828,PUT,2765688356398798,2765688356399359
0,2828,GET,2765688357647889,2765688357648681
0,268,PUT,2765688356388484,2765688356390097
0,268,GET,2765688357648029,2765688357648771
0,1823,PUT,2765688356334969,2765688356335611
0,1823,GET,2765688357648360,2765688357649061
0,4878,PUT,2765688356361020,2765688356361591
0,4878,GET,2765688357648731,2765688357649553
0,2572,PUT,2765688356397825,2765688356398677
0,2572,GET,2765688357648841,2765688357649663
0,780,PUT,2765688356391912,2765688356392774
0,780,GET,2765688357648901,2765688357649603
0,4886,PUT,2765688356438279,2765688356439071
0,4886,GET,2765688357649192,2765688357649964
0,6924,PUT,2765688356410655,2765688356411357
0,6924,GET,2765688357649212,2765688357649994
0,3086,PUT,2765688356355808,2765688356356700
0,3086,GET,2765688357649212,2765688357650044
0,3596,PUT,2765688356400732,2765688356401434
0,3596,GET,2765688357649372,2765688357650395
0,6414,PUT,2765688356364989,2765688356365380
0,6414,GET,2765688357649523,2765688357650314
0,2847,PUT,2765688356337766,2765688356338157
0,2847,GET,2765688357649733,2765688357650675
0,7950,PUT,2765688356369069,2765688356369630
0,7950,GET,2765688357649793,2765688357650665
0,7438,PUT,2765688356367886,2765688356368447
0,7438,GET,2765688357650134,2765688357650735
0,3084,PUT,2765688356399479,2765688356400101
0,3084,GET,2765688357650184,2765688357650816
0,4383,PUT,2765688356342326,2765688356342707
0,4383,GET,2765688357650204,2765688357650966
0,1283,PUT,2765688356469482,2765688356470354
0,1283,GET,2765688357650535,2765688357651206
0,4366,PUT,2765688356359366,2765688356360058
0,4366,GET,2765688357650876,2765688357651708
0,5398,PUT,2765688356439963,2765688356440545
0,5398,GET,2765688357650916,2765688357651487
0,2060,PUT,2765688356396282,2765688356396913
0,2060,GET,2765688357650956,2765688357651718
0,4108,PUT,2765688356402226,2765688356402787
0,4108,GET,2765688357651347,2765688357651998
0,7190,PUT,2765688356444243,2765688356444834
0,7190,GET,2765688357651708,2765688357652489
0,1548,PUT,2765688356394648,2765688356395179
0,1548,GET,2765688357651898,2765688357652710
0,7948,PUT,2765688356413442,2765688356414143
0,7948,GET,2765688357652008,2765688357652730
0,6668,PUT,2765688356409643,2765688356410535
0,6668,GET,2765688357652129,2765688357652930
0,3852,PUT,2765688356401554,2765688356402105
0,3852,GET,2765688357652159,2765688357653101
0,5646,PUT,2765688356362914,2765688356363476
0,5646,GET,2765688357652329,2765688357653081
0,5390,PUT,2765688356362403,2765688356362794
0,5390,GET,2765688357652730,2765688357653442
0,4620,PUT,2765688356403739,2765688356404451
0,4620,GET,2765688357652870,2765688357653412
0,6670,PUT,2765688356365500,2765688356365881
0,6670,GET,2765688357652870,2765688357653672
0,2838,PUT,2765688356432155,2765688356432797
0,2838,GET,2765688357653061,2765688357653822
0,5132,PUT,2765688356405443,2765688356406145
0,5132,GET,2765688357653101,2765688357653883
0,7436,PUT,2765688356411988,2765688356412620
0,7436,GET,2765688357653231,2765688357654103
0,1036,PUT,2765688356392894,2765688356393646
0,1036,GET,2765688357653532,2765688357654243
0,3606,PUT,2765688356434621,2765688356435312
0,3606,GET,2765688357653662,2765688357654484
0,3862,PUT,2765688356435433,2765688356435824
0,3862,GET,2765688357653772,2765688357654705
0,3587,PUT,2765688356476638,2765688356477370
0,3587,GET,2765688357654334,2765688357655065
0,4876,PUT,2765688356404571,2765688356405323
0,4876,GET,2765688357654384,2765688357654985
0,1046,PUT,2765688356425810,2765688356426612
0,1046,GET,2765688357654434,2765688357655276
0,278,PUT,2765688356421621,2765688356423274
0,278,GET,2765688357654785,2765688357655597
0,6158,PUT,2765688356364317,2765688356364869
0,6158,GET,2765688357655115,2765688357655827
0,5902,PUT,2765688356363596,2765688356364197
0,5902,GET,2765688357655216,2765688357655998
0,5388,PUT,2765688356406265,2765688356406826
0,5388,GET,2765688357655236,2765688357656148
0,1539,PUT,2765688356470474,2765688356471326
0,1539,GET,2765688357655306,2765688357656138
0,6412,PUT,2765688356409142,2765688356409522
0,6412,GET,2765688357655486,2765688357656338
0,6934,PUT,2765688356443732,2765688356444123
0,6934,GET,2765688357655486,2765688357656198
0,2582,PUT,2765688356431383,2765688356432035
0,2582,GET,2765688357655597,2765688357656338
0,3340,PUT,2765688356400221,2765688356400612
0,3340,GET,2765688357655967,2765688357656819
0,8214,PUT,2765688356446468,2765688356447050
0,8214,GET,2765688357656048,2765688357656930
0,5142,PUT,2765688356439191,2765688356439843
0,5142,GET,2765688357656128,2765688357656940
0,4118,PUT,2765688356435944,2765688356436645
0,4118,GET,2765688357656298,2765688357657100
0,2070,PUT,2765688356429559,2765688356430341
0,2070,GET,2765688357656459,2765688357657371
0,3075,PUT,2765688356475085,2765688356475837
0,3075,GET,2765688357657040,2765688357657772
0,4099,PUT,2765688356478322,2765688356479104
0,4099,GET,2765688357657070,2765688357657852
0,534,PUT,2765688356423776,2765688356424658
0,534,GET,2765688357657200,2765688357657992
0,8206,PUT,2765688356369750,2765688356370131
0,8206,GET,2765688357657291,2765688357658092
0,6422,PUT,2765688356442379,2765688356442770
0,6422,GET,2765688357657291,2765688357658122
0,4630,PUT,2765688356437778,2765688356438159
0,4630,GET,2765688357657301,2765688357658102
0,4364,PUT,2765688356402907,2765688356403619
0,4364,GET,2765688357657311,2765688357658102
0,4374,PUT,2765688356436766,2765688356437648
0,4374,GET,2765688357657381,2765688357658403
0,3350,PUT,2765688356433909,2765688356434500
0,3350,GET,2765688357657912,2765688357658724
0,771,PUT,2765688356467507,2765688356468369
0,771,GET,2765688357657992,2765688357658794
0,7692,PUT,2765688356412740,2765688356413321
0,7692,GET,2765688357658133,2765688357658934
0,7694,PUT,2765688356368567,2765688356368948
0,7694,GET,2765688357658223,2765688357659005
0,790,PUT,2765688356424798,2765688356425690
0,790,GET,2765688357658253,2765688357659035
0,7180,PUT,2765688356411477,2765688356411868
0,7180,GET,2765688357658253,2765688357659045
0,2316,PUT,2765688356397033,2765688356397705
0,2316,GET,2765688357658784,2765688357659666
0,8204,PUT,2765688356414263,2765688356414825
0,8204,GET,2765688357658864,2765688357659756
0,6147,PUT,2765688356483935,2765688356484517
0,6147,GET,2765688357658874,2765688357659726
0,3082,PUT,2765688356509695,2765688356510547
0,3082,GET,2765688357658924,2765688357659626
0,2819,PUT,2765688356474273,2765688356474964
0,2819,GET,2765688357658944,2765688357659937
0,5910,PUT,2765688356441176,2765688356441757
0,5910,GET,2765688357659125,2765688357659676
0,5642,PUT,2765688356517072,2765688356517844
0,5642,GET,2765688357659816,2765688357660508
0,7446,PUT,2765688356444955,2765688356445336
0,7446,GET,2765688357659907,2765688357660658
0,3594,PUT,2765688356511489,2765688356512121
0,3594,GET,2765688357660007,2765688357660849
0,515,PUT,2765688356466525,2765688356467377
0,515,GET,2765688357660067,2765688357660879
0,7690,PUT,2765688356522755,2765688356523136
0,7690,GET,2765688357660187,2765688357661170
0,5644,PUT,2765688356406946,2765688356407327
0,5644,GET,2765688357660749,2765688357661681
0,259,PUT,2765688356464450,2765688356466174
0,259,GET,2765688357660789,2765688357661721
0,1027,PUT,2765688356468489,2765688356469361
0,1027,GET,2765688357660949,2765688357661781
0,1814,PUT,2765688356428637,2765688356429439
0,1814,GET,2765688357661009,2765688357661881
0,5898,PUT,2765688356517964,2765688356518636
0,5898,GET,2765688357661170,2765688357662122
0,5650,PUT,2765688356544456,2765688356545228
0,5650,GET,2765688357661250,2765688357662623
0,2051,PUT,2765688356472268,2765688356472659
0,2051,GET,2765688357661731,2765688357662523
0,5123,PUT,2765688356481209,2765688356481600
0,5123,GET,2765688357661871,2765688357663244
0,7958,PUT,2765688356445967,2765688356446348
0,7958,GET,2765688357661991,2765688357662793
0,4355,PUT,2765688356479224,2765688356479846
0,4355,GET,2765688357662022,2765688357662823
0,6166,PUT,2765688356441878,2765688356442259
0,6166,GET,2765688357662092,2765688357662863
0,6410,PUT,2765688356519628,2765688356520440
0,6410,GET,2765688357662112,2765688357662944
0,6674,PUT,2765688356546861,2765688356547633
0,6674,GET,2765688357662272,2765688357663214
0,1302,PUT,2765688356426732,2765688356427534
0,1302,GET,2765688357662292,2765688357663385
0,2326,PUT,2765688356430461,2765688356431263
0,2326,GET,2765688357662673,2765688357663585
0,6678,PUT,2765688356442890,2765688356443612
0,6678,GET,2765688357662843,2765688357663475
0,1546,PUT,2765688356504974,2765688356505816
0,1546,GET,2765688357662954,2765688357663816
0,3338,PUT,2765688356510667,2765688356511369
0,3338,GET,2765688357663074,2765688357664457
0,2307,PUT,2765688356472779,2765688356473331
0,2307,GET,2765688357663084,2765688357663966
0,3094,PUT,2765688356432917,2765688356433789
0,3094,GET,2765688357663094,2765688357663846
0,3346,PUT,2765688356537369,2765688356538141
0,3346,GET,2765688357663264,2765688357664648
0,5635,PUT,2765688356482422,2765688356483133
0,5635,GET,2765688357663465,2765688357664557
0,3843,PUT,2765688356477490,2765688356478202
0,3843,GET,2765688357663605,2765688357664497
0,522,PUT,2765688356501115,2765688356502077
0,522,GET,2765688357663736,2765688357664307
0,4362,PUT,2765688356513524,2765688356514196
0,4362,GET,2765688357663936,2765688357664708
0,5130,PUT,2765688356515890,2765688356516270
0,5130,GET,2765688357664327,2765688357665129
0,6915,PUT,2765688356486261,2765688356486982
0,6915,GET,2765688357664357,2765688357665129
0,1795,PUT,2765688356471446,2765688356472148
0,1795,GET,2765688357664407,2765688357665129
0,4611,PUT,2765688356479966,2765688356480588
0,4611,GET,2765688357664497,2765688357665289
0,1300,PUT,2765688356557797,2765688356558408
0,1300,GET,2765688357664527,2765688357665309
0,6659,PUT,2765688356485429,2765688356486140
0,6659,GET,2765688357664648,2765688357665520
0,7683,PUT,2765688356488295,2765688356488676
0,7683,GET,2765688357664648,2765688357665029
0,6687,PUT,2765688356350726,2765688356351177
0,6687,GET,2765688357664748,2765688357665640
0,1034,PUT,2765688356503120,2765688356503972
0,1034,GET,2765688357664868,2765688357665700
0,3610,PUT,2765688356588989,2765688356589771
0,3610,GET,2765688357665008,2765688357665961
0,2563,PUT,2765688356473451,2765688356474153
0,2563,GET,2765688357665079,2765688357666221
0,4867,PUT,2765688356480708,2765688356481089
0,4867,GET,2765688357665169,2765688357666061
0,1558,PUT,2765688356427655,2765688356428517
0,1558,GET,2765688357665279,2765688357666312
0,4882,PUT,2765688356541980,2765688356542812
0,4882,GET,2765688357665419,2765688357666101
0,6922,PUT,2765688356521072,2765688356521452
0,6922,GET,2765688357665820,2765688357666632
0,2826,PUT,2765688356508893,2765688356509575
0,2826,GET,2765688357665850,2765688357666773
0,5654,PUT,2765688356440665,2765688356441056
0,5654,GET,2765688357665921,2765688357666722
0,3331,PUT,2765688356475957,2765688356476518
0,3331,GET,2765688357666161,2765688357666993
0,2068,PUT,2765688356560263,2765688356561135
0,2068,GET,2765688357666161,2765688357666893
0,3858,PUT,2765688356538953,2765688356539805
0,3858,GET,2765688357666201,2765688357666993
0,5891,PUT,2765688356483254,2765688356483815
0,5891,GET,2765688357666261,2765688357666953
0,7702,PUT,2765688356445456,2765688356445847
0,7702,GET,2765688357666442,2765688357667234
0,1042,PUT,2765688356529762,2765688356530624
0,1042,GET,2765688357666753,2765688357667655
0,7434,PUT,2765688356522254,2765688356522635
0,7434,GET,2765688357666793,2765688357667414
0,4372,PUT,2765688356567349,2765688356568131
0,4372,GET,2765688357666873,2765688357667655
0,2314,PUT,2765688356507470,2765688356508091
0,2314,GET,2765688357667123,2765688357667875
0,7171,PUT,2765688356487103,2765688356487664
0,7171,GET,2765688357667174,2765688357667955
0,8195,PUT,2765688356489298,2765688356490090
0,8195,GET,2765688357667364,2765688357668086
0,3090,PUT,2765688356536477,2765688356537249
0,3090,GET,2765688357667514,2765688357668336
0,2570,PUT,2765688356508212,2765688356508773
0,2570,GET,2765688357667544,2765688357668266
0,2058,PUT,2765688356506728,2765688356507350
0,2058,GET,2765688357667825,2765688357668717
0,8202,PUT,2765688356523768,2765688356524149
0,8202,GET,2765688357667855,2765688357668727
0,6154,PUT,2765688356518756,2765688356519508
0,6154,GET,2765688357668005,2765688357668877
0,1554,PUT,2765688356531746,2765688356532448
0,1554,GET,2765688357668025,2765688357668958
0,7178,PUT,2765688356521573,2765688356522134
0,7178,GET,2765688357668126,2765688357668958
0,5379,PUT,2765688356481720,2765688356482302
0,5379,GET,2765688357668226,2765688357668707
0,7427,PUT,2765688356487784,2765688356488175
0,7427,GET,2765688357668467,2765688357669288
0,530,PUT,2765688356527927,2765688356528800
0,530,GET,2765688357668477,2765688357669278
0,4618,PUT,2765688356514316,2765688356515088
0,4618,GET,2765688357668657,2765688357669379
0,7946,PUT,2765688356523257,2765688356523648
0,7946,GET,2765688357668757,2765688357669569
0,1298,PUT,2765688356530744,2765688356531626
0,1298,GET,2765688357668887,2765688357669679
0,274,PUT,2765688356525883,2765688356527527
0,274,GET,2765688357668887,2765688357669729
0,6403,PUT,2765688356484637,2765688356485309
0,6403,GET,2765688357669028,2765688357669739
0,2578,PUT,2765688356534954,2765688356535665
0,2578,GET,2765688357669048,2765688357669910
0,1044,PUT,2765688356556965,2765688356557677
0,1044,GET,2765688357669258,2765688357670110
0,1290,PUT,2765688356504092,2765688356504854
0,1290,GET,2765688357669419,2765688357670120
0,6932,PUT,2765688356574395,2765688356575227
0,6932,GET,2765688357669439,2765688357670241
0,3602,PUT,2765688356538261,2765688356538833
0,3602,GET,2765688357669509,2765688357670201
0,4114,PUT,2765688356539985,2765688356540657
0,4114,GET,2765688357669689,2765688357670351
0,778,PUT,2765688356502228,2765688356503000
0,778,GET,2765688357669729,2765688357670521
0,266,PUT,2765688356499301,2765688356500855
0,266,GET,2765688357669810,2765688357670591
0,788,PUT,2765688356556073,2765688356556845
0,788,GET,2765688357670080,2765688357670912
0,4628,PUT,2765688356568251,2765688356568632
0,4628,GET,2765688357670251,2765688357670662
0,8210,PUT,2765688356551332,2765688356551903
0,8210,GET,2765688357670341,2765688357671063
0,5906,PUT,2765688356545348,2765688356545729
0,5906,GET,2765688357670381,2765688357671113
0,7186,PUT,2765688356548656,2765688356549227
0,7186,GET,2765688357670481,2765688357671223
0,6930,PUT,2765688356547754,2765688356548535
0,6930,GET,2765688357670662,2765688357671443
0,4874,PUT,2765688356515208,2765688356515769
0,4874,GET,2765688357670692,2765688357671514
0,7188,PUT,2765688356575418,2765688356576681
0,7188,GET,2765688357671053,2765688357671784
0,7700,PUT,2765688356577994,2765688356578725
0,7700,GET,2765688357671073,2765688357671884
0,5908,PUT,2765688356571709,2765688356572100
0,5908,GET,2765688357671343,2765688357672175
0,1810,PUT,2765688356532568,2765688356533330
0,1810,GET,2765688357671363,2765688357672085
0,3604,PUT,2765688356565044,2765688356565826
0,3604,GET,2765688357671564,2765688357672065
0,2066,PUT,2765688356533450,2765688356534332
0,2066,GET,2765688357671935,2765688357672616
0,2324,PUT,2765688356561255,2765688356562067
0,2324,GET,2765688357672025,2765688357672596
0,7939,PUT,2765688356488797,2765688356489177
0,7939,GET,2765688357672025,2765688357672827
0,1802,PUT,2765688356505936,2765688356506608
0,1802,GET,2765688357672195,2765688357672957
0,4884,PUT,2765688356568752,2765688356569474
0,4884,GET,2765688357672215,2765688357673107
0,4122,PUT,2765688356590884,2765688356591645
0,4122,GET,2765688357672466,2765688357673268
0,5138,PUT,2765688356542932,2765688356543514
0,5138,GET,2765688357672526,2765688357673388
0,1556,PUT,2765688356558529,2765688356559310
0,1556,GET,2765688357672726,2765688357673338
0,3092,PUT,2765688356563440,2765688356564162
0,3092,GET,2765688357672817,2765688357673649
0,1306,PUT,2765688356581512,2765688356582424
0,1306,GET,2765688357672957,2765688357673779
0,5652,PUT,2765688356571208,2765688356571589
0,5652,GET,2765688357673047,2765688357673809
0,3850,PUT,2765688356512241,2765688356512722
0,3850,GET,2765688357673328,2765688357674160
0,7444,PUT,2765688356577212,2765688356577783
0,7444,GET,2765688357673428,2765688357674190
0,532,PUT,2765688356554960,2765688356555943
0,532,GET,2765688357673488,2765688357674350
0,2322,PUT,2765688356534453,2765688356534834
0,2322,GET,2765688357673518,2765688357674310
0,3348,PUT,2765688356564282,2765688356564923
0,3348,GET,2765688357673518,2765688357674390
0,7442,PUT,2765688356549347,2765688356549828
0,7442,GET,2765688357673548,2765688357674360
0,5394,PUT,2765688356543634,2765688356544336
0,5394,GET,2765688357673779,2765688357674601
0,1818,PUT,2765688356583186,2765688356584078
0,1818,GET,2765688357673959,2765688357674741
0,4116,PUT,2765688356566457,2765688356567229
0,4116,GET,2765688357674310,2765688357675102
0,2842,PUT,2765688356586243,2765688356586985
0,2842,GET,2765688357674330,2765688357675022
0,5146,PUT,2765688356593891,2765688356594582
0,5146,GET,2765688357674440,2765688357675132
0,3860,PUT,2765688356565946,2765688356566337
0,3860,GET,2765688357674450,2765688357675182
0,8212,PUT,2765688356579537,2765688356580028
0,8212,GET,2765688357674531,2765688357675302
0,6162,PUT,2765688356545849,2765688356546240
0,6162,GET,2765688357674641,2765688357675413
0,6666,PUT,2765688356520560,2765688356520951
0,6666,GET,2765688357674721,2765688357675643
0,4106,PUT,2765688356512842,2765688356513404
0,4106,GET,2765688357674761,2765688357675513
0,7956,PUT,2765688356578856,2765688356579417
0,7956,GET,2765688357675342,2765688357676054
0,6420,PUT,2765688356572912,2765688356573584
0,6420,GET,2765688357675342,2765688357676114
0,5386,PUT,2765688356516391,2765688356516952
0,5386,GET,2765688357675353,2765688357676134
0,786,PUT,2765688356528930,2765688356529641
0,786,GET,2765688357675443,2765688357676245
0,276,PUT,2765688356552705,2765688356554479
0,276,GET,2765688357675784,2765688357676605
0,2315,PUT,2765688356606731,2765688356607332
0,2315,GET,2765688357675904,2765688357676726
0,3354,PUT,2765688356587957,2765688356588869
0,3354,GET,2765688357676044,2765688357676866
0,2834,PUT,2765688356535786,2765688356536357
0,2834,GET,2765688357676134,2765688357676926
0,4631,PUT,2765688356640198,2765688356640980
0,4631,GET,2765688357676194,2765688357676976
0,4890,PUT,2765688356592928,2765688356593770
0,4890,GET,2765688357676215,2765688357677026
0,794,PUT,2765688356579658,2765688356580550
0,794,GET,2765688357676265,2765688357677077
0,1050,PUT,2765688356580670,2765688356581392
0,1050,GET,2765688357676385,2765688357677036
0,282,PUT,2765688356576190,2765688356578074
0,282,GET,2765688357676395,2765688357677217
0,6164,PUT,2765688356572220,2765688356572792
0,6164,GET,2765688357676475,2765688357677167
0,2580,PUT,2765688356562187,2765688356562809
0,2580,GET,2765688357676595,2765688357677297
0,4634,PUT,2765688356592277,2765688356592808
0,4634,GET,2765688357676776,2765688357677688
0,6418,PUT,2765688356546360,2765688356546741
0,6418,GET,2765688357677016,2765688357677808
0,7954,PUT,2765688356550811,2765688356551202
0,7954,GET,2765688357677066,2765688357677848
0,538,PUT,2765688356578615,2765688356579517
0,538,GET,2765688357677167,2765688357677979
0,2059,PUT,2765688356605919,2765688356606610
0,2059,GET,2765688357677327,2765688357678039
0,6676,PUT,2765688356573704,2765688356574275
0,6676,GET,2765688357677367,2765688357678309
0,3866,PUT,2765688356589891,2765688356590763
0,3866,GET,2765688357677367,2765688357678159
0,7698,PUT,2765688356549949,2765688356550650
0,7698,GET,2765688357677457,2765688357678169
0,4370,PUT,2765688356540777,2765688356541349
0,4370,GET,2765688357677728,2765688357678550
0,1812,PUT,2765688356559431,2765688356560142
0,1812,GET,2765688357677858,2765688357678841
0,6155,PUT,2765688356617536,2765688356618227
0,6155,GET,2765688357678169,2765688357678961
0,6923,PUT,2765688356619661,2765688356620041
0,6923,GET,2765688357678309,2765688357679161
0,7947,PUT,2765688356622267,2765688356622878
0,7947,GET,2765688357678309,2765688357679041
0,1054,PUT,2765688356665427,2765688356666138
0,1054,GET,2765688357678770,2765688357679472
0,6938,PUT,2765688356598902,2765688356599714
0,6938,GET,2765688357678911,2765688357679703
0,4626,PUT,2765688356541469,2765688356541860
0,4626,GET,2765688357678921,2765688357679753
0,5643,PUT,2765688356616062,2765688356616634
0,5643,GET,2765688357679001,2765688357680043
0,4363,PUT,2765688356612524,2765688356613226
0,4363,GET,2765688357679372,2765688357680073
0,5914,PUT,2765688356596447,2765688356597178
0,5914,GET,2765688357679462,2765688357680294
0,2571,PUT,2765688356607452,2765688356608074
0,2571,GET,2765688357679642,2765688357680394
0,5658,PUT,2765688356595545,2765688356596326
0,5658,GET,2765688357679652,2765688357680354
0,6426,PUT,2765688356597900,2765688356598281
0,6426,GET,2765688357679703,2765688357680494
0,7962,PUT,2765688356602010,2765688356602531
0,7962,GET,2765688357679783,2765688357680605
0,2836,PUT,2765688356562929,2765688356563320
0,2836,GET,2765688357679853,2765688357680585
0,1822,PUT,2765688356668043,2765688356668855
0,1822,GET,2765688357679913,2765688357680705
0,7194,PUT,2765688356599845,2765688356600626
0,7194,GET,2765688357680204,2765688357681246
0,3595,PUT,2765688356610419,2765688356611091
0,3595,GET,2765688357680214,2765688357681086
0,3851,PUT,2765688356611211,2765688356611903
0,3851,GET,2765688357680334,2765688357681126
0,2330,PUT,2765688356584709,2765688356585611
0,2330,GET,2765688357680434,2765688357681186
0,4378,PUT,2765688356591766,2765688356592157
0,4378,GET,2765688357680454,2765688357681246
0,5396,PUT,2765688356570506,2765688356571088
0,5396,GET,2765688357680535,2765688357681316
0,1291,PUT,2765688356603583,2765688356604205
0,1291,GET,2765688357680655,2765688357681457
0,6170,PUT,2765688356597299,2765688356597780
0,6170,GET,2765688357680735,2765688357681557
0,8203,PUT,2765688356622998,2765688356623389
0,8203,GET,2765688357680745,2765688357681617
0,2074,PUT,2765688356584198,2765688356584589
0,2074,GET,2765688357681086,2765688357681807
0,523,PUT,2765688356601097,2765688356601899
0,523,GET,2765688357681236,2765688357681948
0,5899,PUT,2765688356616754,2765688356617415
0,5899,GET,2765688357681276,2765688357682068
0,1547,PUT,2765688356604325,2765688356605057
0,1547,GET,2765688357681326,2765688357681757
0,2586,PUT,2765688356585732,2765688356586123
0,2586,GET,2765688357681326,2765688357682008
0,4887,PUT,2765688356641100,2765688356641812
0,4887,GET,2765688357681376,2765688357682359
0,8218,PUT,2765688356602651,2765688356603232
0,8218,GET,2765688357681447,2765688357682379
0,7435,PUT,2765688356621034,2765688356621645
0,7435,GET,2765688357681457,2765688357682198
0,4107,PUT,2765688356612023,2765688356612404
0,4107,GET,2765688357681597,2765688357682329
0,3339,PUT,2765688356609617,2765688356610299
0,3339,GET,2765688357681908,2765688357682599
0,279,PUT,2765688356626426,2765688356627980
0,279,GET,2765688357681948,2765688357682820
0,1562,PUT,2765688356582544,2765688356583066
0,1562,GET,2765688357682078,2765688357682840
0,2327,PUT,2765688356633974,2765688356634615
0,2327,GET,2765688357682148,2765688357682910
0,1803,PUT,2765688356605177,2765688356605798
0,1803,GET,2765688357682198,2765688357682920
0,5140,PUT,2765688356569594,2765688356570386
0,5140,GET,2765688357682419,2765688357683141
0,5131,PUT,2765688356615060,2765688356615441
0,5131,GET,2765688357682619,2765688357683421
0,1035,PUT,2765688356602841,2765688356603463
0,1035,GET,2765688357682740,2765688357683552
0,1303,PUT,2765688356630897,2765688356631528
0,1303,GET,2765688357682770,2765688357683572
0,779,PUT,2765688356602030,2765688356602721
0,779,GET,2765688357682900,2765688357683682
0,7179,PUT,2765688356620162,2765688356620913
0,7179,GET,2765688357682970,2765688357683822
0,7450,PUT,2765688356600747,2765688356601388
0,7450,GET,2765688357682970,2765688357683682
0,3614,PUT,2765688356673676,2765688356674398
0,3614,GET,2765688357683050,2765688357683852
0,6174,PUT,2765688356680291,2765688356680993
0,6174,GET,2765688357683291,2765688357684063
0,6682,PUT,2765688356598401,2765688356598782
0,6682,GET,2765688357683321,2765688357684083
0,6667,PUT,2765688356618859,2765688356619540
0,6667,GET,2765688357683341,2765688357683942
0,2827,PUT,2765688356608194,2765688356608805
0,2827,GET,2765688357683732,2765688357684514
0,4875,PUT,2765688356614258,2765688356614940
0,4875,GET,2765688357683812,2765688357684634
0,5402,PUT,2765688356594703,2765688356595424
0,5402,GET,2765688357683912,2765688357684714
0,7691,PUT,2765688356621765,2765688356622146
0,7691,GET,2765688357683942,2765688357684564
0,542,PUT,2765688356663633,2765688356664354
0,542,GET,2765688357683952,2765688357684784
0,1047,PUT,2765688356630065,2765688356630776
0,1047,GET,2765688357684083,2765688357684865
0,791,PUT,2765688356629223,2765688356629944
0,791,GET,2765688357684474,2765688357685185
0,7706,PUT,2765688356601508,2765688356601889
0,7706,GET,2765688357684694,2765688357685396
0,7454,PUT,2765688356683749,2765688356684190
0,7454,GET,2765688357685095,2765688357685877
0,1559,PUT,2765688356631648,2765688356632450
0,1559,GET,2765688357685266,2765688357685967
0,3607,PUT,2765688356637562,2765688356638364
0,3607,GET,2765688357685326,2765688357686107
0,4619,PUT,2765688356613346,2765688356614138
0,4619,GET,2765688357685676,2765688357686388
0,5655,PUT,2765688356643396,2765688356643787
0,5655,GET,2765688357685797,2765688357686859
0,7703,PUT,2765688356648788,2765688356649179
0,7703,GET,2765688357685797,2765688357686569
0,5387,PUT,2765688356615561,2765688356615942
0,5387,GET,2765688357685867,2765688357686669
0,1815,PUT,2765688356632571,2765688356633232
0,1815,GET,2765688357686248,2765688357687050
0,2075,PUT,2765688356691377,2765688356692009
0,2075,GET,2765688357686488,2765688357687340
0,7447,PUT,2765688356648026,2765688356648668
0,7447,GET,2765688357686518,2765688357687250
0,2331,PUT,2765688356692129,2765688356692520
0,2331,GET,2765688357686749,2765688357687621
0,8219,PUT,2765688356707785,2765688356708407
0,8219,GET,2765688357686809,2765688357687651
0,3095,PUT,2765688356636049,2765688356636740
0,3095,GET,2765688357686949,2765688357687611
0,2839,PUT,2765688356635237,2765688356635928
0,2839,GET,2765688357687010,2765688357687801
0,2583,PUT,2765688356634736,2765688356635116
0,2583,GET,2765688357687050,2765688357688022
0,6167,PUT,2765688356644659,2765688356645300
0,6167,GET,2765688357687180,2765688357687892
0,4375,PUT,2765688356639487,2765688356640078
0,4375,GET,2765688357687310,2765688357688062
0,6423,PUT,2765688356645420,2765688356645811
0,6423,GET,2765688357687491,2765688357688303
0,2078,PUT,2765688356668975,2765688356669627
0,2078,GET,2765688357687551,2765688357688363
0,3102,PUT,2765688356672122,2765688356672714
0,3102,GET,2765688357687771,2765688357688563
0,6679,PUT,2765688356645932,2765688356646623
0,6679,GET,2765688357687781,2765688357688493
0,7959,PUT,2765688356649299,2765688356649680
0,7959,GET,2765688357687781,2765688357688503
0,539,PUT,2765688356686426,2765688356687268
0,539,GET,2765688357688062,2765688357688874
0,286,PUT,2765688356661498,2765688356663051
0,286,GET,2765688357688313,2765688357689104
0,535,PUT,2765688356628391,2765688356629092
0,535,GET,2765688357688323,2765688357689104
0,3098,PUT,2765688356587105,2765688356587837
0,3098,GET,2765688357688453,2765688357689054
0,5915,PUT,2765688356701571,2765688356702272
0,5915,GET,2765688357688513,2765688357689315
0,283,PUT,2765688356684812,2765688356686115
0,283,GET,2765688357688603,2765688357689305
0,2590,PUT,2765688356670679,2765688356671381
0,2590,GET,2765688357688623,2765688357689325
0,4119,PUT,2765688356638985,2765688356639366
0,4119,GET,2765688357688643,2765688357689425
0,3358,PUT,2765688356672834,2765688356673556
0,3358,GET,2765688357688704,2765688357689505
0,3083,PUT,2765688356608926,2765688356609497
0,3083,GET,2765688357688824,2765688357689525
0,3870,PUT,2765688356674518,2765688356675099
0,3870,GET,2765688357689034,2765688357689856
0,1310,PUT,2765688356666259,2765688356667071
0,1310,GET,2765688357689195,2765688357689846
0,5150,PUT,2765688356677836,2765688356678537
0,5150,GET,2765688357689255,2765688357690077
0,1039,PUT,2765688356719653,2765688356720344
0,1039,GET,2765688357689555,2765688357690357
0,7195,PUT,2765688356705249,2765688356705831
0,7195,GET,2765688357689636,2765688357690438
0,5406,PUT,2765688356678658,2765688356679048
0,5406,GET,2765688357689776,2765688357690598
0,1307,PUT,2765688356689172,2765688356689813
0,1307,GET,2765688357690207,2765688357690728
0,6683,PUT,2765688356703595,2765688356704307
0,6683,GET,2765688357690307,2765688357691149
0,1563,PUT,2765688356689934,2765688356690645
0,1563,GET,2765688357690317,2765688357690919
0,4894,PUT,2765688356677064,2765688356677715
0,4894,GET,2765688357690458,2765688357690999
0,6411,PUT,2765688356618347,2765688356618738
0,6411,GET,2765688357690498,2765688357691290
0,3099,PUT,2765688356694023,2765688356694715
0,3099,GET,2765688357690788,2765688357691690
0,2328,PUT,2765688356757671,2765688356758543
0,2328,GET,2765688357690929,2765688357691771
0,6936,PUT,2765688356771002,2765688356771383
0,6936,GET,2765688357690939,2765688357692011
0,2071,PUT,2765688356633352,2765688356633854
0,2071,GET,2765688357691360,2765688357692252
0,5399,PUT,2765688356642694,2765688356643275
0,5399,GET,2765688357691420,2765688357692232
0,3351,PUT,2765688356636860,2765688356637442
0,3351,GET,2765688357691831,2765688357692633
0,4382,PUT,2765688356675851,2765688356676432
0,4382,GET,2765688357691951,2765688357692853
0,527,PUT,2765688356717849,2765688356718650
0,527,GET,2765688357692021,2765688357693775
0,795,PUT,2765688356687418,2765688356688210
0,795,GET,2765688357692071,2765688357693124
0,4638,PUT,2765688356676553,2765688356676944
0,4638,GET,2765688357692232,2765688357693445
0,6430,PUT,2765688356681113,2765688356681705
0,6430,GET,2765688357692292,2765688357693545
0,4367,PUT,2765688356729065,2765688356729676
0,4367,GET,2765688357692362,2765688357693144
0,7191,PUT,2765688356647515,2765688356647906
0,7191,GET,2765688357692392,2765688357693234
0,5918,PUT,2765688356679670,2765688356680171
0,5918,GET,2765688357692502,2765688357693154
0,4891,PUT,2765688356698844,2765688356699486
0,4891,GET,2765688357692763,2765688357693605
0,8215,PUT,2765688356649801,2765688356650181
0,8215,GET,2765688357692933,2765688357693835
0,2846,PUT,2765688356671501,2765688356672002
0,2846,GET,2765688357693314,2765688357693996
0,6935,PUT,2765688356646753,2765688356647325
0,6935,GET,2765688357693715,2765688357694617
0,5662,PUT,2765688356679169,2765688356679550
0,5662,GET,2765688357693725,2765688357694717
0,5647,PUT,2765688356732743,2765688356733134
0,5647,GET,2765688357693785,2765688357694557
0,5143,PUT,2765688356641932,2765688356642574
0,5143,GET,2765688357693785,2765688357694587
0,280,PUT,2765688356748770,2765688356750454
0,280,GET,2765688357694126,2765688357694928
0,6686,PUT,2765688356681825,2765688356682206
0,6686,GET,2765688357694156,2765688357695078
0,4623,PUT,2765688356729796,2765688356730478
0,4623,GET,2765688357694397,2765688357695098
0,798,PUT,2765688356664495,2765688356665307
0,798,GET,2765688357694507,2765688357695650
0,4123,PUT,2765688356696910,2765688356697602
0,4123,GET,2765688357694577,2765688357695289
0,4376,PUT,2765688356763936,2765688356764427
0,4376,GET,2765688357694587,2765688357695389
0,3599,PUT,2765688356726829,2765688356727451
0,3599,GET,2765688357694968,2765688357695910
0,1551,PUT,2765688356721287,2765688356721908
0,1551,GET,2765688357694998,2765688357695850
0,4379,PUT,2765688356697722,2765688356698223
0,4379,GET,2765688357695068,2765688357695870
0,3867,PUT,2765688356696409,2765688356696790
0,3867,GET,2765688357695319,2765688357696000
0,3863,PUT,2765688356638484,2765688356638865
0,3863,GET,2765688357695479,2765688357696241
0,2575,PUT,2765688356723963,2765688356724664
0,2575,GET,2765688357695539,2765688357696361
0,5911,PUT,2765688356643907,2765688356644538
0,5911,GET,2765688357695569,2765688357696261
0,3087,PUT,2765688356725386,2765688356725967
0,3087,GET,2765688357695780,2765688357696612
0,2334,PUT,2765688356669747,2765688356670559
0,2334,GET,2765688357695870,2765688357696682
0,4885,PUT,2765688356788503,2765688356789194
0,4885,GET,2765688357695970,2765688357696913
0,2843,PUT,2765688356693261,2765688356693903
0,2843,GET,2765688357696000,2765688357696883
0,267,PUT,2765688356599253,2765688356600697
0,267,GET,2765688357696010,2765688357696812
0,1813,PUT,2765688356779612,2765688356780304
0,1813,GET,2765688357696051,2765688357697013
0,3355,PUT,2765688356694835,2765688356695477
0,3355,GET,2765688357696261,2765688357697203
0,3611,PUT,2765688356695597,2765688356696289
0,3611,GET,2765688357696391,2765688357697163
0,6942,PUT,2765688356682326,2765688356682917
0,6942,GET,2765688357696421,2765688357697233
0,7451,PUT,2765688356705951,2765688356706542
0,7451,GET,2765688357696462,2765688357697564
0,7710,PUT,2765688356684311,2765688356685012
0,7710,GET,2765688357696482,2765688357697293
0,1566,PUT,2765688356667191,2765688356667923
0,1566,GET,2765688357696492,2765688357697283
0,2587,PUT,2765688356692640,2765688356693141
0,2587,GET,2765688357696822,2765688357697534
0,7198,PUT,2765688356683038,2765688356683629
0,7198,GET,2765688357697023,2765688357697865
0,6671,PUT,2765688356735239,2765688356735720
0,6671,GET,2765688357697073,2765688357697885
0,4126,PUT,2765688356675220,2765688356675731
0,4126,GET,2765688357697093,2765688357697965
0,1051,PUT,2765688356688330,2765688356689052
0,1051,GET,2765688357697113,2765688357697875
0,6927,PUT,2765688356735840,2765688356736221
0,6927,GET,2765688357697163,2765688357697995
0,1819,PUT,2765688356690766,2765688356691257
0,1819,GET,2765688357697303,2765688357698075
0,5403,PUT,2765688356700228,2765688356700939
0,5403,GET,2765688357697303,2765688357698125
0,8222,PUT,2765688356685884,2765688356686355
0,8222,GET,2765688357697354,2765688357697875
0,6427,PUT,2765688356702894,2765688356703475
0,6427,GET,2765688357697354,2765688357698216
0,2831,PUT,2765688356724785,2765688356725266
0,2831,GET,2765688357697444,2765688357698226
0,6939,PUT,2765688356704427,2765688356705129
0,6939,GET,2765688357697594,2765688357698316
0,6159,PUT,2765688356733756,2765688356734317
0,6159,GET,2765688357697604,2765688357698346
0,5147,PUT,2765688356699606,2765688356700107
0,5147,GET,2765688357697945,2765688357698677
0,1304,PUT,2765688356754063,2765688356754634
0,1304,GET,2765688357697995,2765688357698717
0,5135,PUT,2765688356731400,2765688356732022
0,5135,GET,2765688357698035,2765688357698556
0,3855,PUT,2765688356727571,2765688356728263
0,3855,GET,2765688357698055,2765688357698897
0,5659,PUT,2765688356701060,2765688356701451
0,5659,GET,2765688357698115,2765688357698847
0,4635,PUT,2765688356698343,2765688356698724
0,4635,GET,2765688357698236,2765688357699027
0,6168,PUT,2765688356768697,2765688356769338
0,6168,GET,2765688357698326,2765688357699027
0,8207,PUT,2765688356739038,2765688356739719
0,8207,GET,2765688357698496,2765688357699328
0,5400,PUT,2765688356766361,2765688356767053
0,5400,GET,2765688357698607,2765688357699258
0,1295,PUT,2765688356720465,2765688356721166
0,1295,GET,2765688357698847,2765688357699549
0,1807,PUT,2765688356722028,2765688356722730
0,1807,GET,2765688357698987,2765688357699749
0,5903,PUT,2765688356733254,2765688356733635
0,5903,GET,2765688357699158,2765688357699900
0,7960,PUT,2765688356773388,2765688356774149
0,7960,GET,2765688357699368,2765688357700190
0,1048,PUT,2765688356753151,2765688356753942
0,1048,GET,2765688357699388,2765688357700190
0,789,PUT,2765688356776375,2765688356777076
0,789,GET,2765688357699398,2765688357700230
0,533,PUT,2765688356775452,2765688356776224
0,533,GET,2765688357699689,2765688357700300
0,1816,PUT,2765688356755757,2765688356756528
0,1816,GET,2765688357699709,2765688357700361
0,2584,PUT,2765688356758663,2765688356759305
0,2584,GET,2765688357699749,2765688357700501
0,7966,PUT,2765688356685133,2765688356685744
0,7966,GET,2765688357699829,2765688357700772
0,8213,PUT,2765688356796872,2765688356797484
0,8213,GET,2765688357699900,2765688357700611
0,6171,PUT,2765688356702393,2765688356702774
0,6171,GET,2765688357700030,2765688357700842
0,792,PUT,2765688356752218,2765688356753030
0,792,GET,2765688357700090,2765688357701002
0,5656,PUT,2765688356767173,2765688356768065
0,5656,GET,2765688357700160,2765688357701082
0,7448,PUT,2765688356772125,2765688356772756
0,7448,GET,2765688357700210,2765688357701223
0,7183,PUT,2765688356736342,2765688356736913
0,7183,GET,2765688357700250,2765688357700872
0,7695,PUT,2765688356737745,2765688356738216
0,7695,GET,2765688357700331,2765688357701082
0,7707,PUT,2765688356706663,2765688356707054
0,7707,GET,2765688357700331,2765688357701102
0,7704,PUT,2765688356772876,2765688356773267
0,7704,GET,2765688357700361,2765688357701112
0,7951,PUT,2765688356738336,2765688356738918
0,7951,GET,2765688357700461,2765688357701162
0,1560,PUT,2765688356754754,2765688356755636
0,1560,GET,2765688357700561,2765688357701373
0,5404,PUT,2765688356826792,2765688356827604
0,5404,GET,2765688357700751,2765688357701523
0,271,PUT,2765688356716445,2765688356717518
0,271,GET,2765688357700762,2765688357701593
0,4120,PUT,2765688356763434,2765688356763815
0,4120,GET,2765688357700982,2765688357701704
0,2319,PUT,2765688356723351,2765688356723843
0,2319,GET,2765688357701152,2765688357701944
0,5141,PUT,2765688356789315,2765688356790006
0,5141,GET,2765688357701223,2765688357701944
0,783,PUT,2765688356718801,2765688356719533
0,783,GET,2765688357701243,2765688357701994
0,5909,PUT,2765688356791319,2765688356791991
0,5909,GET,2765688357701263,2765688357701974
0,7963,PUT,2765688356707174,2765688356707665
0,7963,GET,2765688357701313,2765688357702014
0,7445,PUT,2765688356795178,2765688356795569
0,7445,GET,2765688357701443,2765688357702465
0,4879,PUT,2765688356730598,2765688356731280
0,4879,GET,2765688357701744,2765688357702455
0,1557,PUT,2765688356778790,2765688356779492
0,1557,GET,2765688357701754,2765688357702696
0,6421,PUT,2765688356792933,2765688356793314
0,6421,GET,2765688357701894,2765688357702706
0,6413,PUT,2765688356938261,2765688356938932
0,6413,GET,2765688357701974,2765688357702786
0,3352,PUT,2765688356761310,2765688356761991
0,3352,GET,2765688357702034,2765688357702846
0,2063,PUT,2765688356722850,2765688356723231
0,2063,GET,2765688357702055,2765688357702846
0,1045,PUT,2765688356777196,2765688356777898
0,1045,GET,2765688357702075,2765688357702626
0,2069,PUT,2765688356780424,2765688356781126
0,2069,GET,2765688357702085,2765688357702736
0,7192,PUT,2765688356771523,2765688356772004
0,7192,GET,2765688357702095,2765688357702896
0,6677,PUT,2765688356793434,2765688356793825
0,6677,GET,2765688357702115,2765688357702846
0,5391,PUT,2765688356732142,2765688356732623
0,5391,GET,2765688357702125,2765688357702856
0,3608,PUT,2765688356762111,2765688356762502
0,3608,GET,2765688357702486,2765688357703247
0,536,PUT,2765688356751126,2765688356752098
0,536,GET,2765688357702586,2765688357703398
0,8216,PUT,2765688356774280,2765688356774911
0,8216,GET,2765688357702636,2765688357703588
0,4632,PUT,2765688356764547,2765688356765028
0,4632,GET,2765688357702686,2765688357703468
0,4117,PUT,2765688356786097,2765688356786779
0,4117,GET,2765688357702696,2765688357703538
0,2560,PUT,2765688356908381,2765688356909233
0,2560,GET,2765688357702836,2765688357703879
0,2072,PUT,2765688356756649,2765688356757551
0,2072,GET,2765688357702836,2765688357703678
0,3093,PUT,2765688356783471,2765688356784163
0,3093,GET,2765688357702886,2765688357703829
0,6415,PUT,2765688356734437,2765688356735119
0,6415,GET,2765688357703027,2765688357703779
0,3096,PUT,2765688356760277,2765688356761189
0,3096,GET,2765688357703027,2765688357703949
0,3864,PUT,2765688356762623,2765688356763314
0,3864,GET,2765688357703037,2765688357703688
0,1052,PUT,2765688356812659,2765688356813551
0,1052,GET,2765688357703167,2765688357704390
0,7439,PUT,2765688356737033,2765688356737625
0,7439,GET,2765688357703247,2765688357704260
0,4892,PUT,2765688356825068,2765688356825859
0,4892,GET,2765688357703388,2765688357704159
0,2837,PUT,2765688356782729,2765688356783351
0,2837,GET,2765688357703528,2765688357704280
0,2332,PUT,2765688356816798,2765688356817540
0,2332,GET,2765688357703608,2765688357704560
0,4380,PUT,2765688356823334,2765688356824035
0,4380,GET,2765688357703678,2765688357704460
0,3861,PUT,2765688356785596,2765688356785977
0,3861,GET,2765688357703809,2765688357704590
0,4629,PUT,2765688356787701,2765688356788382
0,4629,GET,2765688357703809,2765688357704590
0,5397,PUT,2765688356790126,2765688356790688
0,5397,GET,2765688357703839,2765688357704260
0,5653,PUT,2765688356790808,2765688356791199
0,5653,GET,2765688357703869,2765688357704701
0,5912,PUT,2765688356768186,2765688356768576
0,5912,GET,2765688357703939,2765688357704671
0,2588,PUT,2765688356817660,2765688356818683
0,2588,GET,2765688357703989,2765688357704841
0,3356,PUT,2765688356820327,2765688356820708
0,3356,GET,2765688357704009,2765688357704971
0,4888,PUT,2765688356765148,2765688356765730
0,4888,GET,2765688357704029,2765688357704861
0,6933,PUT,2765688356793945,2765688356794326
0,6933,GET,2765688357704109,2765688357704911
0,277,PUT,2765688356773889,2765688356774991
0,277,GET,2765688357704240,2765688357704891
0,2581,PUT,2765688356781917,2765688356782609
0,2581,GET,2765688357704270,2765688357705051
0,2840,PUT,2765688356759425,2765688356760157
0,2840,GET,2765688357704300,2765688357705011
0,4636,PUT,2765688356824156,2765688356824947
0,4636,GET,2765688357704410,2765688357705392
0,3343,PUT,2765688356726088,2765688356726709
0,3343,GET,2765688357704420,2765688357705182
0,6428,PUT,2765688356829628,2765688356830019
0,6428,GET,2765688357704671,2765688357705583
0,796,PUT,2765688356811797,2765688356812539
0,796,GET,2765688357704681,2765688357705503
0,7701,PUT,2765688356795689,2765688356796251
0,7701,GET,2765688357704711,2765688357705563
0,7196,PUT,2765688356831142,2765688356831643
0,7196,GET,2765688357704731,2765688357705513
0,4111,PUT,2765688356728383,2765688356728944
0,4111,GET,2765688357704801,2765688357705543
0,1024,PUT,2765688356901886,2765688356902938
0,1024,GET,2765688357704821,2765688357705803
0,540,PUT,2765688356810764,2765688356811646
0,540,GET,2765688357704851,2765688357705693
0,1792,PUT,2765688356905404,2765688356906477
0,1792,GET,2765688357704971,2765688357705813
0,2816,PUT,2765688356909414,2765688356910466
0,2816,GET,2765688357705041,2765688357705763
0,3612,PUT,2765688356820828,2765688356821219
0,3612,GET,2765688357705122,2765688357705934
0,7964,PUT,2765688356832776,2765688356833156
0,7964,GET,2765688357705312,2765688357706074
0,1301,PUT,2765688356778018,2765688356778670
0,1301,GET,2765688357705633,2765688357706124
0,3100,PUT,2765688356819314,2765688356820206
0,3100,GET,2765688357705683,2765688357706525
0,4352,PUT,2765688356915327,2765688356916209
0,4352,GET,2765688357705903,2765688357706495
0,2325,PUT,2765688356781246,2765688356781797
0,2325,GET,2765688357705944,2765688357706675
0,6172,PUT,2765688356829127,2765688356829508
0,6172,GET,2765688357705954,2765688357706755
0,4877,PUT,2765688356934181,2765688356934792
0,4877,GET,2765688357706074,2765688357706735
0,537,PUT,2765688356958798,2765688356959500
0,537,GET,2765688357706084,2765688357706755
0,3853,PUT,2765688356931124,2765688356931926
0,3853,GET,2765688357706084,2765688357706906
0,6165,PUT,2765688356792111,2765688356792813
0,6165,GET,2765688357706214,2765688357706986
0,1308,PUT,2765688356813671,2765688356814263
0,1308,GET,2765688357706304,2765688357706956
0,6424,PUT,2765688356769458,2765688356770040
0,6424,GET,2765688357706465,2765688357707126
0,7957,PUT,2765688356796371,2765688356796752
0,7957,GET,2765688357706575,2765688357707367
0,7189,PUT,2765688356794447,2765688356795058
0,7189,GET,2765688357706625,2765688357707437
0,5916,PUT,2765688356828415,2765688356829007
0,5916,GET,2765688357706645,2765688357707748
0,6680,PUT,2765688356770160,2765688356770882
0,6680,GET,2765688357706806,2765688357707487
0,768,PUT,2765688356900683,2765688356901726
0,768,GET,2765688357707086,2765688357707848
0,2844,PUT,2765688356818803,2765688356819194
0,2844,GET,2765688357707096,2765688357707738
0,5144,PUT,2765688356765850,2765688356766241
0,5144,GET,2765688357707287,2765688357708048
0,8217,PUT,2765688356979677,2765688356980449
0,8217,GET,2765688357707337,2765688357708048
0,3584,PUT,2765688356912561,2765688356913423
0,3584,GET,2765688357707567,2765688357708199
0,256,PUT,2765688356896925,2765688356898749
0,256,GET,2765688357707698,2765688357708469
0,3349,PUT,2765688356784283,2765688356784964
0,3349,GET,2765688357707748,2765688357708530
0,1564,PUT,2765688356814383,2765688356814764
0,1564,GET,2765688357707938,2765688357708720
0,4373,PUT,2765688356786899,2765688356787581
0,4373,GET,2765688357708008,2765688357708730
0,4864,PUT,2765688356917452,2765688356918384
0,4864,GET,2765688357708179,2765688357708991
0,6144,PUT,2765688356923025,2765688356923787
0,6144,GET,2765688357708199,2765688357709261
0,4365,PUT,2765688356932547,2765688356933239
0,4365,GET,2765688357708339,2765688357708830
0,4124,PUT,2765688356822351,2765688356823213
0,4124,GET,2765688357708359,2765688357709041
0,284,PUT,2765688356808619,2765688356810303
0,284,GET,2765688357708439,2765688357709231
0,3328,PUT,2765688356911689,2765688356912370
0,3328,GET,2765688357708760,2765688357709622
0,3868,PUT,2765688356821339,2765688356822231
0,3868,GET,2765688357708961,2765688357709652
0,2076,PUT,2765688356815896,2765688356816678
0,2076,GET,2765688357709001,2765688357709823
0,7452,PUT,2765688356831763,2765688356832154
0,7452,GET,2765688357709211,2765688357709983
0,3605,PUT,2765688356785085,2765688356785476
0,3605,GET,2765688357709291,2765688357709923
0,5660,PUT,2765688356827724,2765688356828295
0,5660,GET,2765688357709321,2765688357710143
0,2304,PUT,2765688356907329,2765688356908201
0,2304,GET,2765688357709382,2765688357710163
0,1293,PUT,2765688356923637,2765688356924298
0,1293,GET,2765688357709392,2765688357710213
0,4121,PUT,2765688356969483,2765688356969924
0,4121,GET,2765688357709412,2765688357710223
0,5148,PUT,2765688356825980,2765688356826671
0,5148,GET,2765688357709522,2765688357710143
0,6912,PUT,2765688356925371,2765688356925882
0,6912,GET,2765688357709582,2765688357710284
0,1536,PUT,2765688356904141,2765688356905224
0,1536,GET,2765688357709752,2765688357710554
0,1820,PUT,2765688356814884,2765688356815776
0,1820,GET,2765688357709933,2765688357710755
0,6669,PUT,2765688356939052,2765688356939724
0,6669,GET,2765688357709983,2765688357710805
0,7708,PUT,2765688356832274,2765688356832655
0,7708,GET,2765688357710063,2765688357710745
0,6684,PUT,2765688356830139,2765688356830520
0,6684,GET,2765688357710133,2765688357710855
0,5120,PUT,2765688356918585,2765688356920048
0,5120,GET,2765688357710193,2765688357711106
0,6400,PUT,2765688356923977,2765688356924499
0,6400,GET,2765688357710274,2765688357711106
0,6681,PUT,2765688356975848,2765688356976549
0,6681,GET,2765688357710294,2765688357710995
0,5901,PUT,2765688356937078,2765688356937639
0,5901,GET,2765688357710314,2765688357711045
0,1280,PUT,2765688356903109,2765688356903961
0,1280,GET,2765688357710404,2765688357711035
0,272,PUT,2765688357064644,2765688357066258
0,272,GET,2765688357710634,2765688357711426
0,8220,PUT,2765688356833277,2765688356833668
0,8220,GET,2765688357710654,2765688357711466
0,5376,PUT,2765688356920339,2765688356921101
0,5376,GET,2765688357710685,2765688357711386
0,6940,PUT,2765688356830641,2765688356831021
0,6940,GET,2765688357710865,2765688357711657
0,781,PUT,2765688356922103,2765688356922714
0,781,GET,2765688357710875,2765688357711577
0,1805,PUT,2765688356924930,2765688356925591
0,1805,GET,2765688357711136,2765688357711887
0,8192,PUT,2765688356929741,2765688356930422
0,8192,GET,2765688357711166,2765688357711867
0,512,PUT,2765688356899400,2765688356900483
0,512,GET,2765688357711186,2765688357711958
0,260,PUT,2765688356995233,2765688356996817
0,260,GET,2765688357711276,2765688357712298
0,5401,PUT,2765688356972560,2765688356973332
0,5401,GET,2765688357711346,2765688357712008
0,3097,PUT,2765688356966326,2765688356966977
0,3097,GET,2765688357711366,2765688357712168
0,2829,PUT,2765688356928057,2765688356928738
0,2829,GET,2765688357711516,2765688357712278
0,3597,PUT,2765688356930242,2765688356931004
0,3597,GET,2765688357711516,2765688357712308
0,7936,PUT,2765688356928768,2765688356929550
0,7936,GET,2765688357711707,2765688357712509
0,2048,PUT,2765688356906657,2765688356907158
0,2048,GET,2765688357711797,2765688357712569
0,1796,PUT,2765688357016883,2765688357017625
0,1796,GET,2765688357712008,2765688357712799
0,5389,PUT,2765688356935534,2765688356936216
0,5389,GET,2765688357712008,2765688357712759
0,1549,PUT,2765688356924418,2765688356924799
0,1549,GET,2765688357712028,2765688357712619
0,2073,PUT,2765688356963188,2765688356963890
0,2073,GET,2765688357712378,2765688357713361
0,7680,PUT,2765688356927616,2765688356928588
0,7680,GET,2765688357712409,2765688357713281
0,3353,PUT,2765688356967098,2765688356967799
0,3353,GET,2765688357712459,2765688357713230
0,3085,PUT,2765688356928859,2765688356929530
0,3085,GET,2765688357712639,2765688357713431
0,6656,PUT,2765688356924679,2765688356925180
0,6656,GET,2765688357712669,2765688357713501
0,1029,PUT,2765688357038634,2765688357039425
0,1029,GET,2765688357712699,2765688357713421
0,1561,PUT,2765688356961885,2765688356962557
0,1561,GET,2765688357712739,2765688357713621
0,2573,PUT,2765688356927255,2765688356927937
0,2573,GET,2765688357712860,2765688357713712
0,525,PUT,2765688356921241,2765688356921963
0,525,GET,2765688357712900,2765688357713631
0,7437,PUT,2765688356941157,2765688356941538
0,7437,GET,2765688357712900,2765688357713702
0,2308,PUT,2765688357018747,2765688357019128
0,2308,GET,2765688357712950,2765688357713641
0,5133,PUT,2765688356934913,2765688356935414
0,5133,GET,2765688357712990,2765688357713802
0,4356,PUT,2765688357024511,2765688357025323
0,4356,GET,2765688357713010,2765688357713912
0,2329,PUT,2765688356964010,2765688356964642
0,2329,GET,2765688357713150,2765688357714072
0,6157,PUT,2765688356937759,2765688356938140
0,6157,GET,2765688357713311,2765688357714082
0,7424,PUT,2765688356926744,2765688356927435
0,7424,GET,2765688357713411,2765688357714113
0,4109,PUT,2765688356932046,2765688356932427
0,4109,GET,2765688357713551,2765688357714283
0,2820,PUT,2765688357020251,2765688357020822
0,2820,GET,2765688357713641,2765688357714433
0,1037,PUT,2765688356922835,2765688356923516
0,1037,GET,2765688357713661,2765688357714483
0,7181,PUT,2765688356940646,2765688356941037
0,7181,GET,2765688357713782,2765688357714564
0,269,PUT,2765688356918685,2765688356920279
0,269,GET,2765688357713792,2765688357714624
0,3341,PUT,2765688356929651,2765688356930122
0,3341,GET,2765688357713852,2765688357714744
0,5632,PUT,2765688356921451,2765688356922153
0,5632,GET,2765688357713912,2765688357714624
0,6405,PUT,2765688357052416,2765688357052807
0,6405,GET,2765688357713952,2765688357714604
0,7449,PUT,2765688356977943,2765688356978334
0,7449,GET,2765688357714052,2765688357714894
0,3840,PUT,2765688356913603,2765688356914104
0,3840,GET,2765688357714233,2765688357715035
0,6404,PUT,2765688357030214,2765688357030785
0,6404,GET,2765688357714253,2765688357715045
0,4608,PUT,2765688356916390,2765688356917262
0,4608,GET,2765688357714303,2765688357714975
0,2053,PUT,2765688357041250,2765688357041941
0,2053,GET,2765688357714413,2765688357715225
0,3865,PUT,2765688356968651,2765688356969363
0,3865,GET,2765688357714493,2765688357715486
0,2061,PUT,2765688356925711,2765688356926323
0,2061,GET,2765688357714734,2765688357715526
0,3588,PUT,2765688357022356,2765688357023047
0,3588,GET,2765688357714784,2765688357715546
0,8205,PUT,2765688356942951,2765688356943332
0,8205,GET,2765688357715035,2765688357715806
0,6660,PUT,2765688357030906,2765688357031287
0,6660,GET,2765688357715115,2765688357715907
0,4096,PUT,2765688356914285,2765688356915147
0,4096,GET,2765688357715165,2765688357715967
0,2309,PUT,2765688357042062,2765688357042533
0,2309,GET,2765688357715215,2765688357716147
0,5888,PUT,2765688356922334,2765688356922855
0,5888,GET,2765688357715355,2765688357715786
0,1284,PUT,2765688357000024,2765688357016131
0,1284,GET,2765688357715466,2765688357716247
0,2317,PUT,2765688356926443,2765688356927125
0,2317,GET,2765688357715666,2765688357716548
0,7168,PUT,2765688356926062,2765688356926563
0,7168,GET,2765688357715676,2765688357716458
0,3609,PUT,2765688356967919,2765688356968531
0,3609,GET,2765688357715766,2765688357716468
0,1028,PUT,2765688356999062,2765688356999904
0,1028,GET,2765688357715947,2765688357716759
0,2841,PUT,2765688356965584,2765688356966205
0,2841,GET,2765688357715997,2765688357716699
0,516,PUT,2765688356997167,2765688356997939
0,516,GET,2765688357716057,2765688357716819
0,5136,PUT,2765688357081012,2765688357081864
0,5136,GET,2765688357716548,2765688357717370
0,3072,PUT,2765688356910646,2765688356911508
0,3072,GET,2765688357716578,2765688357717300
0,7949,PUT,2765688356942450,2765688356942831
0,7949,GET,2765688357716628,2765688357717400
0,7193,PUT,2765688356977181,2765688356977812
0,7193,GET,2765688357716729,2765688357717701
0,5657,PUT,2765688356973452,2765688356974024
0,5657,GET,2765688357716889,2765688357717601
0,3845,PUT,2765688357046031,2765688357046722
0,3845,GET,2765688357717120,2765688357717891
0,6925,PUT,2765688356939844,2765688356940526
0,6925,GET,2765688357717220,2765688357717891
0,4613,PUT,2765688357048086,2765688357048577
0,4613,GET,2765688357717310,2765688357718122
0,6169,PUT,2765688356974655,2765688356975226
0,6169,GET,2765688357717440,2765688357718262
0,2585,PUT,2765688356964762,2765688356965464
0,2585,GET,2765688357717490,2765688357718172
0,5645,PUT,2765688356936336,2765688356936947
0,5645,GET,2765688357717530,2765688357718192
0,1800,PUT,2765688357108145,2765688357108827
0,1800,GET,2765688357718012,2765688357718703
0,4621,PUT,2765688356933359,2765688356934061
0,4621,GET,2765688357718042,2765688357718793
0,3592,PUT,2765688357113598,2765688357114440
0,3592,GET,2765688357718322,2765688357719204
0,1049,PUT,2765688356960242,2765688356960953
0,1049,GET,2765688357718322,2765688357718994
0,5904,PUT,2765688357083658,2765688357084039
0,5904,GET,2765688357718332,2765688357719084
0,3077,PUT,2765688357044297,2765688357044798
0,3077,GET,2765688357718382,2765688357719194
0,1817,PUT,2765688356962677,2765688356963068
0,1817,GET,2765688357718392,2765688357719034
0,4377,PUT,2765688356970044,2765688356970626
0,4377,GET,2765688357718463,2765688357719164
0,3088,PUT,2765688357075229,2765688357075800
0,3088,GET,2765688357718623,2765688357719435
0,7684,PUT,2765688357033311,2765688357033702
0,7684,GET,2765688357718653,2765688357719375
0,5913,PUT,2765688356974144,2765688356974535
0,5913,GET,2765688357718743,2765688357719515
0,2565,PUT,2765688357042653,2765688357043345
0,2565,GET,2765688357718773,2765688357719555
0,2312,PUT,2765688357109759,2765688357110240
0,2312,GET,2765688357719044,2765688357719645
0,4889,PUT,2765688356971558,2765688356971939
0,4889,GET,2765688357719124,2765688357719876
0,5380,PUT,2765688357027829,2765688357028390
0,5380,GET,2765688357719224,2765688357720016
0,7693,PUT,2765688356941658,2765688356942330
0,7693,GET,2765688357719234,2765688357720026
0,281,PUT,2765688356956703,2765688356958217
0,281,GET,2765688357719355,2765688357720147
0,6425,PUT,2765688356975347,2765688356975728
0,6425,GET,2765688357719475,2765688357720267
0,5124,PUT,2765688357026856,2765688357027708
0,5124,GET,2765688357719535,2765688357720197
0,1540,PUT,2765688357016332,2765688357016763
0,1540,GET,2765688357719585,2765688357720317
0,7429,PUT,2765688357054531,2765688357054921
0,7429,GET,2765688357719625,2765688357720447
0,3332,PUT,2765688357021454,2765688357022236
0,3332,GET,2765688357719625,2765688357720367
0,2564,PUT,2765688357019249,2765688357020131
0,2564,GET,2765688357719796,2765688357720507
0,5145,PUT,2765688356972059,2765688356972440
0,5145,GET,2765688357720147,2765688357720978
0,772,PUT,2765688356998089,2765688356998941
0,772,GET,2765688357720287,2765688357721169
0,4633,PUT,2765688356970746,2765688356971438
0,4633,GET,2765688357720287,2765688357721039
0,793,PUT,2765688356959620,2765688356960121
0,793,GET,2765688357720447,2765688357721189
0,6920,PUT,2765688357123000,2765688357123380
0,6920,GET,2765688357720517,2765688357721359
0,3844,PUT,2765688357023168,2765688357023559
0,3844,GET,2765688357720608,2765688357721339
0,8196,PUT,2765688357034504,2765688357035126
0,8196,GET,2765688357720638,2765688357721440
0,7705,PUT,2765688356978454,2765688356979035
0,7705,GET,2765688357720878,2765688357721750
0,4612,PUT,2765688357025443,2765688357026004
0,4612,GET,2765688357721019,2765688357721720
0,6160,PUT,2765688357084159,2765688357084731
0,6160,GET,2765688357721059,2765688357721820
0,5892,PUT,2765688357029011,2765688357029583
0,5892,GET,2765688357721129,2765688357721830
0,4100,PUT,2765688357023679,2765688357024391
0,4100,GET,2765688357721169,2765688357722001
0,6937,PUT,2765688356976670,2765688356977061
0,6937,GET,2765688357721219,2765688357721951
0,7940,PUT,2765688357033822,2765688357034384
0,7940,GET,2765688357721239,2765688357722071
0,3076,PUT,2765688357020943,2765688357021333
0,3076,GET,2765688357721289,2765688357722071
0,4868,PUT,2765688357026125,2765688357026736
0,4868,GET,2765688357721319,2765688357722091
0,773,PUT,2765688357038042,2765688357038513
0,773,GET,2765688357721329,2765688357722131
0,2313,PUT,2765688357125586,2765688357126127
0,2313,GET,2765688357721369,2765688357722121
0,7173,PUT,2765688357054029,2765688357054410
0,7173,GET,2765688357721891,2765688357722592
0,1808,PUT,2765688357071741,2765688357072442
0,1808,GET,2765688357721941,2765688357722793
0,6685,PUT,2765688357177246,2765688357177937
0,6685,GET,2765688357722021,2765688357722823
0,6916,PUT,2765688357031407,2765688357031978
0,6916,GET,2765688357722151,2765688357723003
0,6148,PUT,2765688357029703,2765688357030094
0,6148,GET,2765688357722201,2765688357723053
0,7961,PUT,2765688356979156,2765688356979536
0,7961,GET,2765688357722201,2765688357723003
0,6928,PUT,2765688357086044,2765688357086896
0,6928,GET,2765688357722241,2765688357723023
0,2568,PUT,2765688357110360,2765688357111052
0,2568,GET,2765688357722342,2765688357723164
0,2052,PUT,2765688357017745,2765688357018627
0,2052,GET,2765688357722352,2765688357723093
0,5893,PUT,2765688357051263,2765688357051684
0,5893,GET,2765688357722492,2765688357723254
0,3589,PUT,2765688357045419,2765688357045911
0,3589,GET,2765688357722602,2765688357723424
0,1296,PUT,2765688357069856,2765688357070628
0,1296,GET,2765688357722652,2765688357723474
0,261,PUT,2765688357035957,2765688357036799
0,261,GET,2765688357722973,2765688357723755
0,2064,PUT,2765688357072562,2765688357073274
0,2064,GET,2765688357722993,2765688357723725
0,7428,PUT,2765688357032700,2765688357033191
0,7428,GET,2765688357723043,2765688357723905
0,8197,PUT,2765688357056275,2765688357056736
0,8197,GET,2765688357723133,2765688357723935
0,1541,PUT,2765688357040117,2765688357040528
0,1541,GET,2765688357723144,2765688357723895
0,7685,PUT,2765688357055042,2765688357055533
0,7685,GET,2765688357723164,2765688357724006
0,1053,PUT,2765688357161118,2765688357161800
0,1053,GET,2765688357723184,2765688357724056
0,1305,PUT,2765688356961074,2765688356961765
0,1305,GET,2765688357723214,2765688357723895
0,2821,PUT,2765688357043465,2765688357044177
0,2821,GET,2765688357723234,2765688357723995
0,1289,PUT,2765688357122899,2765688357123581
0,1289,GET,2765688357723605,2765688357724437
0,6416,PUT,2765688357084851,2765688357085232
0,6416,GET,2765688357723625,2765688357724276
0,784,PUT,2765688357067731,2765688357068653
0,784,GET,2765688357723665,2765688357724296
0,3333,PUT,2765688357044918,2765688357045299
0,3333,GET,2765688357723765,2765688357724527
0,517,PUT,2765688357037291,2765688357037922
0,517,GET,2765688357723865,2765688357724677
0,3344,PUT,2765688357075920,2765688357076311
0,3344,GET,2765688357723905,2765688357724597
0,7941,PUT,2765688357055653,2765688357056154
0,7941,GET,2765688357724046,2765688357724687
0,2576,PUT,2765688357074226,2765688357074607
0,2576,GET,2765688357724056,2765688357725088
0,1032,PUT,2765688357105589,2765688357106351
0,1032,GET,2765688357724096,2765688357724837
0,3080,PUT,2765688357111964,2765688357112656
0,3080,GET,2765688357724156,2765688357724968
0,1544,PUT,2765688357107464,2765688357108025
0,1544,GET,2765688357724166,2765688357725008
0,5896,PUT,2765688357120013,2765688357120394
0,5896,GET,2765688357724176,2765688357725098
0,3856,PUT,2765688357077243,2765688357078095
0,3856,GET,2765688357724196,2765688357725188
0,6661,PUT,2765688357052927,2765688357053308
0,6661,GET,2765688357724226,2765688357724948
0,4112,PUT,2765688357078216,2765688357078697
0,4112,GET,2765688357724406,2765688357725238
0,5129,PUT,2765688357132091,2765688357132692
0,5129,GET,2765688357724497,2765688357725449
0,4357,PUT,2765688357047384,2765688357047965
0,4357,GET,2765688357724677,2765688357725469
0,5128,PUT,2765688357118088,2765688357118710
0,5128,GET,2765688357724737,2765688357725439
0,5636,PUT,2765688357028510,2765688357028891
0,5636,GET,2765688357724817,2765688357725669
0,7172,PUT,2765688357032098,2765688357032580
0,7172,GET,2765688357724817,2765688357725629
0,7696,PUT,2765688357088309,2765688357088780
0,7696,GET,2765688357724817,2765688357725669
0,5125,PUT,2765688357049379,2765688357049900
0,5125,GET,2765688357724888,2765688357725719
0,3848,PUT,2765688357114560,2765688357115081
0,3848,GET,2765688357724928,2765688357725659
0,2824,PUT,2765688357111172,2765688357111844
0,2824,GET,2765688357724978,2765688357725820
0,2320,PUT,2765688357073394,2765688357074106
0,2320,GET,2765688357724988,2765688357725589
0,6917,PUT,2765688357053428,2765688357053909
0,6917,GET,2765688357725118,2765688357725800
0,1552,PUT,2765688357070748,2765688357071620
0,1552,GET,2765688357725248,2765688357726201
0,4869,PUT,2765688357048747,2765688357049248
0,4869,GET,2765688357725369,2765688357726080
0,7944,PUT,2765688357125355,2765688357125736
0,7944,GET,2765688357725579,2765688357726060
0,4101,PUT,2765688357046843,2765688357047264
0,4101,GET,2765688357725599,2765688357726411
0,4624,PUT,2765688357079499,2765688357080080
0,4624,GET,2765688357725599,2765688357726191
0,4880,PUT,2765688357080200,2765688357080892
0,4880,GET,2765688357725719,2765688357726431
0,5648,PUT,2765688357082706,2765688357083538
0,5648,GET,2765688357725760,2765688357726481
0,6152,PUT,2765688357120514,2765688357121256
0,6152,GET,2765688357725800,2765688357726541
0,7945,PUT,2765688357138255,2765688357138646
0,7945,GET,2765688357725810,2765688357726531
0,5381,PUT,2765688357050020,2765688357050621
0,5381,GET,2765688357725840,2765688357726652
0,1797,PUT,2765688357040648,2765688357041129
0,1797,GET,2765688357725870,2765688357726612
0,5637,PUT,2765688357050752,2765688357051143
0,5637,GET,2765688357725950,2765688357726752
0,2832,PUT,2765688357074727,2765688357075108
0,2832,GET,2765688357726090,2765688357726812
0,265,PUT,2765688357119341,2765688357120073
0,265,GET,2765688357726191,2765688357726882
0,1285,PUT,2765688357039546,2765688357039997
0,1285,GET,2765688357726221,2765688357727043
0,285,PUT,2765688357157420,2765688357158763
0,285,GET,2765688357726221,2765688357727012
0,1801,PUT,2765688357124293,2765688357124924
0,1801,GET,2765688357726291,2765688357727103
0,520,PUT,2765688357103945,2765688357104637
0,520,GET,2765688357726301,2765688357727002
0,4104,PUT,2765688357115201,2765688357115973
0,4104,GET,2765688357726331,2765688357727113
0,6149,PUT,2765688357051804,2765688357052295
0,6149,GET,2765688357726381,2765688357727103
0,1033,PUT,2765688357122358,2765688357122779
0,1033,GET,2765688357726561,2765688357727504
0,6665,PUT,2765688357135539,2765688357135930
0,6665,GET,2765688357726742,2765688357727534
0,5392,PUT,2765688357081984,2765688357082586
0,5392,GET,2765688357726792,2765688357727634
0,3600,PUT,2765688357076431,2765688357077123
0,3600,GET,2765688357726812,2765688357727343
0,8201,PUT,2765688357138766,2765688357139187
0,8201,GET,2765688357726972,2765688357727694
0,2569,PUT,2765688357126247,2765688357126688
0,2569,GET,2765688357727023,2765688357727804
0,5149,PUT,2765688357173126,2765688357173848
0,5149,GET,2765688357727313,2765688357728195
0,528,PUT,2765688357066609,2765688357067581
0,528,GET,2765688357727674,2765688357728496
0,6408,PUT,2765688357121376,2765688357122087
0,6408,GET,2765688357727744,2765688357728556
0,6672,PUT,2765688357085352,2765688357085923
0,6672,GET,2765688357727935,2765688357728616
0,3081,PUT,2765688357127390,2765688357127821
0,3081,GET,2765688357728025,2765688357728626
0,7453,PUT,2765688357179060,2765688357179501
0,7453,GET,2765688357728075,2765688357728807
0,264,PUT,2765688357101871,2765688357103534
0,264,GET,2765688357728255,2765688357729047
0,4617,PUT,2765688357131018,2765688357131429
0,4617,GET,2765688357728386,2765688357729368
0,2589,PUT,2765688357165468,2765688357166180
0,2589,GET,2765688357728406,2765688357729508
0,3336,PUT,2765688357112776,2765688357113477
0,3336,GET,2765688357728476,2765688357729278
0,4872,PUT,2765688357117407,2765688357117968
0,4872,GET,2765688357728506,2765688357729288
0,1821,PUT,2765688357163574,2765688357164015
0,1821,GET,2765688357728656,2765688357729388
0,4105,PUT,2765688357129866,2765688357130317
0,4105,GET,2765688357728696,2765688357729428
0,8200,PUT,2765688357125856,2765688357126307
0,8200,GET,2765688357728736,2765688357729548
0,7440,PUT,2765688357087708,2765688357088189
0,7440,GET,2765688357728747,2765688357729669
0,521,PUT,2765688357120564,2765688357121476
0,521,GET,2765688357728787,2765688357729598
0,1040,PUT,2765688357068784,2765688357069736
0,1040,GET,2765688357728857,2765688357729588
0,1309,PUT,2765688357161920,2765688357162642
0,1309,GET,2765688357728957,2765688357729769
0,4368,PUT,2765688357078817,2765688357079378
0,4368,GET,2765688357729047,2765688357729679
0,7187,PUT,2765688357271174,2765688357271785
0,7187,GET,2765688357729157,2765688357729859
0,7952,PUT,2765688357088900,2765688357089291
0,7952,GET,2765688357729208,2765688357729969
0,2825,PUT,2765688357126808,2765688357127270
0,2825,GET,2765688357729208,2765688357729999
0,6173,PUT,2765688357175933,2765688357176624
0,6173,GET,2765688357729408,2765688357730250
0,5385,PUT,2765688357132812,2765688357133263
0,5385,GET,2765688357729518,2765688357730360
0,3337,PUT,2765688357127941,2765688357128643
0,3337,GET,2765688357729558,2765688357730290
0,4616,PUT,2765688357116655,2765688357117286
0,4616,GET,2765688357729609,2765688357730140
0,8208,PUT,2765688357089412,2765688357089893
0,8208,GET,2765688357729669,2765688357730481
0,2333,PUT,2765688357164967,2765688357165348
0,2333,GET,2765688357729729,2765688357730531
0,1288,PUT,2765688357106471,2765688357107343
0,1288,GET,2765688357729749,2765688357730561
0,4097,PUT,2765688357241485,2765688357242096
0,4097,GET,2765688357729779,2765688357730581
0,797,PUT,2765688357160296,2765688357160998
0,797,GET,2765688357729919,2765688357730771
0,8221,PUT,2765688357180633,2765688357181225
0,8221,GET,2765688357730110,2765688357730861
0,776,PUT,2765688357104777,2765688357105469
0,776,GET,2765688357730140,2765688357730922
0,5897,PUT,2765688357133895,2765688357134316
0,5897,GET,2765688357730270,2765688357731132
0,1538,PUT,2765688357291772,2765688357292393
0,1538,GET,2765688357730390,2765688357731172
0,7177,PUT,2765688357136551,2765688357137112
0,7177,GET,2765688357730430,2765688357731142
0,7184,PUT,2765688357087016,2765688357087587
0,7184,GET,2765688357730571,2765688357731182
0,7688,PUT,2765688357124774,2765688357125235
0,7688,GET,2765688357730631,2765688357731413
0,4873,PUT,2765688357131549,2765688357131970
0,4873,GET,2765688357730661,2765688357731443
0,5640,PUT,2765688357119512,2765688357119892
0,5640,GET,2765688357730711,2765688357731683
0,6145,PUT,2765688357245975,2765688357246466
0,6145,GET,2765688357730741,2765688357731573
0,7689,PUT,2765688357137754,2765688357138135
0,7689,GET,2765688357730942,2765688357731703
0,3593,PUT,2765688357128763,2765688357129194
0,3593,GET,2765688357731052,2765688357731583
0,2056,PUT,2765688357108947,2765688357109639
0,2056,GET,2765688357731112,2765688357731914
0,777,PUT,2765688357121626,2765688357122238
0,777,GET,2765688357731262,2765688357732074
0,5641,PUT,2765688357133384,2765688357133775
0,5641,GET,2765688357731312,2765688357732094
0,4637,PUT,2765688357171452,2765688357172244
0,4637,GET,2765688357731322,2765688357732104
0,7432,PUT,2765688357124082,2765688357124653
0,7432,GET,2765688357731373,2765688357732164
0,2057,PUT,2765688357125044,2765688357125465
0,2057,GET,2765688357731573,2765688357732435
0,541,PUT,2765688357159324,2765688357160166
0,541,GET,2765688357731603,2765688357732375
0,4125,PUT,2765688357169999,2765688357170630
0,4125,GET,2765688357731683,2765688357732395
0,3329,PUT,2765688357239220,2765688357239841
0,3329,GET,2765688357731723,2765688357732555
0,6664,PUT,2765688357122208,2765688357122879
0,6664,GET,2765688357731743,2765688357732565
0,4361,PUT,2765688357130437,2765688357130898
0,4361,GET,2765688357731824,2765688357732565
0,4360,PUT,2765688357116094,2765688357116535
0,4360,GET,2765688357731854,2765688357732656
0,1025,PUT,2765688357232344,2765688357233065
0,1025,GET,2765688357731864,2765688357732836
0,3613,PUT,2765688357168626,2765688357169127
0,3613,GET,2765688357732154,2765688357732956
0,6941,PUT,2765688357178057,2765688357178438
0,6941,GET,2765688357732215,2765688357732736
0,1537,PUT,2765688357233997,2765688357234679
0,1537,GET,2765688357732235,2765688357732916
0,8193,PUT,2765688357251709,2765688357252099
0,8193,GET,2765688357732405,2765688357732956
0,6429,PUT,2765688357176744,2765688357177125
0,6429,GET,2765688357732505,2765688357733026
0,5651,PUT,2765688357267245,2765688357268006
0,5651,GET,2765688357732696,2765688357733498
0,5661,PUT,2765688357174720,2765688357175101
0,5661,GET,2765688357732706,2765688357733488
0,7176,PUT,2765688357123501,2765688357123962
0,7176,GET,2765688357732806,2765688357733568
0,7197,PUT,2765688357178559,2765688357178940
0,7197,GET,2765688357732876,2765688357733618
0,6913,PUT,2765688357247779,2765688357248461
0,6913,GET,2765688357733026,2765688357733949
0,5917,PUT,2765688357175221,2765688357175812
0,5917,GET,2765688357733047,2765688357733848
0,5121,PUT,2765688357243840,2765688357244231
0,5121,GET,2765688357733107,2765688357733828
0,6409,PUT,2765688357134957,2765688357135418
0,6409,GET,2765688357733117,2765688357733818
0,2561,PUT,2765688357237085,2765688357237696
0,2561,GET,2765688357733157,2765688357733959
0,5633,PUT,2765688357244963,2765688357245344
0,5633,GET,2765688357733157,2765688357733999
0,6153,PUT,2765688357134436,2765688357134837
0,6153,GET,2765688357733177,2765688357733949
0,2845,PUT,2765688357166300,2765688357166992
0,2845,GET,2765688357733357,2765688357734199
0,1793,PUT,2765688357234799,2765688357235441
0,1793,GET,2765688357733397,2765688357734109
0,1299,PUT,2765688357254786,2765688357255407
0,1299,GET,2765688357733457,2765688357734249
0,6658,PUT,2765688357305754,2765688357306466
0,6658,GET,2765688357733498,2765688357734229
0,4381,PUT,2765688357170751,2765688357171332
0,4381,GET,2765688357733638,2765688357734440
0,3869,PUT,2765688357169247,2765688357169878
0,3869,GET,2765688357733858,2765688357734570
0,3849,PUT,2765688357129314,2765688357129745
0,3849,GET,2765688357734099,2765688357734811
0,1281,PUT,2765688357233186,2765688357233877
0,1281,GET,2765688357734119,2765688357735081
0,7425,PUT,2765688357249102,2765688357249483
0,7425,GET,2765688357734149,2765688357734841
0,3357,PUT,2765688357167814,2765688357168505
0,3357,GET,2765688357734159,2765688357734941
0,513,PUT,2765688357230489,2765688357231291
0,513,GET,2765688357734249,2765688357735041
0,7169,PUT,2765688357248591,2765688357248982
0,7169,GET,2765688357734380,2765688357735171
0,3603,PUT,2765688357261541,2765688357262173
0,3603,GET,2765688357734460,2765688357735392
0,2077,PUT,2765688357164135,2765688357164847
0,2077,GET,2765688357734530,2765688357735161
0,531,PUT,2765688357252109,2765688357252931
0,531,GET,2765688357734530,2765688357735362
0,3841,PUT,2765688357240693,2765688357241365
0,3841,GET,2765688357734650,2765688357735462
0,5894,PUT,2765688357379345,2765688357380027
0,5894,GET,2765688357734690,2765688357735382
0,6675,PUT,2765688357270151,2765688357270542
0,6675,GET,2765688357734801,2765688357735482
0,2817,PUT,2765688357237816,2765688357238588
0,2817,GET,2765688357734951,2765688357735442
0,6657,PUT,2765688357247088,2765688357247659
0,6657,GET,2765688357734951,2765688357735743
0,275,PUT,2765688357249934,2765688357251528
0,275,GET,2765688357735071,2765688357735873
0,4883,PUT,2765688357265100,2765688357265681
0,4883,GET,2765688357735191,2765688357735963
0,2306,PUT,2765688357293776,2765688357294207
0,2306,GET,2765688357735312,2765688357736094
0,7433,PUT,2765688357137233,2765688357137634
0,7433,GET,2765688357735322,2765688357736164
0,1555,PUT,2765688357255527,2765688357256159
0,1555,GET,2765688357735322,2765688357736104
0,2049,PUT,2765688357235581,2765688357236273
0,2049,GET,2765688357735643,2765688357736344
0,6401,PUT,2765688357246587,2765688357246968
0,6401,GET,2765688357735673,2765688357736374
0,5405,PUT,2765688357173968,2765688357174599
0,5405,GET,2765688357735873,2765688357736595
0,2579,PUT,2765688357258755,2765688357259527
0,2579,GET,2765688357735953,2765688357736755
0,5384,PUT,2765688357118830,2765688357119391
0,5384,GET,2765688357736013,2765688357736825
0,3347,PUT,2765688357261040,2765688357261421
0,3347,GET,2765688357736023,2765688357736825
0,1565,PUT,2765688357162762,2765688357163454
0,1565,GET,2765688357736234,2765688357737026
0,5377,PUT,2765688357244351,2765688357244843
0,5377,GET,2765688357736254,2765688357736986
0,2305,PUT,2765688357236393,2765688357236964
0,2305,GET,2765688357736354,2765688357737136
0,257,PUT,2765688357228204,2765688357229738
0,257,GET,2765688357736404,2765688357737196
0,7681,PUT,2765688357249604,2765688357250506
0,7681,GET,2765688357736424,2765688357737126
0,5889,PUT,2765688357245464,2765688357245855
0,5889,GET,2765688357736444,2765688357737246
0,6402,PUT,2765688357305022,2765688357305634
0,6402,GET,2765688357736525,2765688357737286
0,3101,PUT,2765688357167112,2765688357167693
0,3101,GET,2765688357736575,2765688357737377
0,5139,PUT,2765688357265801,2765688357266433
0,5139,GET,2765688357736735,2765688357737266
0,769,PUT,2765688357231462,2765688357232223
0,769,GET,2765688357736885,2765688357737677
0,6921,PUT,2765688357136050,2765688357136431
0,6921,GET,2765688357736966,2765688357737737
0,4369,PUT,2765688357325680,2765688357326372
0,4369,GET,2765688357736966,2765688357737767
0,7426,PUT,2765688357307909,2765688357308661
0,7426,GET,2765688357737006,2765688357737707
0,5395,PUT,2765688357266553,2765688357267124
0,5395,GET,2765688357737106,2765688357737848
0,7937,PUT,2765688357250796,2765688357251538
0,7937,GET,2765688357737166,2765688357738018
0,3073,PUT,2765688357238708,2765688357239099
0,3073,GET,2765688357737256,2765688357738018
0,7955,PUT,2765688357273148,2765688357273539
0,7955,GET,2765688357737276,2765688357738068
0,4609,PUT,2765688357242728,2765688357243219
0,4609,GET,2765688357737397,2765688357738098
0,5634,PUT,2765688357302557,2765688357303348
0,5634,GET,2765688357737417,2765688357738188
0,6931,PUT,2765688357270663,2765688357271053
0,6931,GET,2765688357737517,2765688357738299
0,5137,PUT,2765688357327495,2765688357328176
0,5137,GET,2765688357737537,2765688357738399
0,4115,PUT,2765688357262995,2765688357263616
0,4115,GET,2765688357737808,2765688357738579
0,4881,PUT,2765688357326993,2765688357327374
0,4881,GET,2765688357737858,2765688357738549
0,4865,PUT,2765688357243339,2765688357243720
0,4865,GET,2765688357737888,2765688357738770
0,1545,PUT,2765688357123701,2765688357124172
0,1545,GET,2765688357737928,2765688357738730
0,1043,PUT,2765688357253874,2765688357254665
0,1043,GET,2765688357737958,2765688357738619
0,4866,PUT,2765688357300732,2765688357301314
0,4866,GET,2765688357738148,2765688357738910
0,4893,PUT,2765688357172364,2765688357173006
0,4893,GET,2765688357738148,2765688357738940
0,8211,PUT,2765688357273660,2765688357274050
0,8211,GET,2765688357738239,2765688357739030
0,7699,PUT,2765688357272407,2765688357273028
0,7699,GET,2765688357738319,2765688357739030
0,5122,PUT,2765688357301434,2765688357301825
0,5122,GET,2765688357738329,2765688357739221
0,4371,PUT,2765688357263736,2765688357264478
0,4371,GET,2765688357738660,2765688357739371
0,1553,PUT,2765688357317481,2765688357318153
0,1553,GET,2765688357738680,2765688357739512
0,6150,PUT,2765688357380147,2765688357380538
0,6150,GET,2765688357738750,2765688357739441
0,4627,PUT,2765688357264598,2765688357264979
0,4627,GET,2765688357738790,2765688357739431
0,3074,PUT,2765688357295871,2765688357296563
0,3074,GET,2765688357738850,2765688357739532
0,3091,PUT,2765688357260339,2765688357260920
0,3091,GET,2765688357738870,2765688357739632
0,7709,PUT,2765688357179621,2765688357180012
0,7709,GET,2765688357738970,2765688357739762
0,2067,PUT,2765688357257091,2765688357257793
0,2067,GET,2765688357739040,2765688357739832
0,1811,PUT,2765688357256279,2765688357256971
0,1811,GET,2765688357739060,2765688357739852
0,529,PUT,2765688357314093,2765688357314875
0,529,GET,2765688357739081,2765688357739852
0,6146,PUT,2765688357304271,2765688357304902
0,6146,GET,2765688357739271,2765688357740043
0,6163,PUT,2765688357268808,2765688357269199
0,6163,GET,2765688357739391,2765688357740183
0,7170,PUT,2765688357307398,2765688357307789
0,7170,GET,2765688357739401,2765688357740253
0,273,PUT,2765688357311989,2765688357313682
0,273,GET,2765688357739512,2765688357740323
0,518,PUT,2765688357362406,2765688357363348
0,518,GET,2765688357739642,2765688357740444
0,3859,PUT,2765688357262293,2765688357262874
0,3859,GET,2765688357739672,2765688357740293
0,2562,PUT,2765688357294328,2765688357295009
0,2562,GET,2765688357739692,2765688357740424
0,3585,PUT,2765688357239961,2765688357240573
0,3585,GET,2765688357739702,2765688357740394
0,258,PUT,2765688357286559,2765688357287963
0,258,GET,2765688357739772,2765688357740484
0,1809,PUT,2765688357318273,2765688357319055
0,1809,GET,2765688357739963,2765688357740724
0,6419,PUT,2765688357269319,2765688357270031
0,6419,GET,2765688357739993,2765688357740784
0,787,PUT,2765688357253082,2765688357253753
0,787,GET,2765688357740343,2765688357741246
0,5890,PUT,2765688357303469,2765688357304150
0,5890,GET,2765688357740374,2765688357741165
0,262,PUT,2765688357360311,2765688357362005
0,262,GET,2765688357740404,2765688357741236
0,2835,PUT,2765688357259647,2765688357260218
0,2835,GET,2765688357740564,2765688357741376
0,5905,PUT,2765688357329840,2765688357330401
0,5905,GET,2765688357740624,2765688357741376
0,5378,PUT,2765688357301945,2765688357302436
0,5378,GET,2765688357740634,2765688357741516
0,1041,PUT,2765688357315878,2765688357316559
0,1041,GET,2765688357740855,2765688357741536
0,1297,PUT,2765688357316679,2765688357317361
0,1297,GET,2765688357740865,2765688357741626
0,4353,PUT,2765688357242216,2765688357242607
0,4353,GET,2765688357740915,2765688357741416
0,2054,PUT,2765688357368500,2765688357369191
0,2054,GET,2765688357741155,2765688357741897
0,7938,PUT,2765688357309292,2765688357309914
0,7938,GET,2765688357741205,2765688357741897
0,1282,PUT,2765688357290940,2765688357291651
0,1282,GET,2765688357741266,2765688357741907
0,6161,PUT,2765688357330522,2765688357330902
0,6161,GET,2765688357741396,2765688357741827
0,770,PUT,2765688357289306,2765688357289997
0,770,GET,2765688357741506,2765688357742308
0,1543,PUT,2765688357380267,2765688357380959
0,1543,GET,2765688357741546,2765688357742298
0,2323,PUT,2765688357257913,2765688357258635
0,2323,GET,2765688357741677,2765688357742478
0,6673,PUT,2765688357331714,2765688357332396
0,6673,GET,2765688357741767,2765688357742478
0,1542,PUT,2765688357366505,2765688357367357
0,1542,GET,2765688357741847,2765688357742529
0,3601,PUT,2765688357323575,2765688357324006
0,3601,GET,2765688357741947,2765688357742729
0,1799,PUT,2765688357381079,2765688357381751
0,1799,GET,2765688357741967,2765688357742619
0,8194,PUT,2765688357310034,2765688357310625
0,8194,GET,2765688357742027,2765688357742899
0,7965,PUT,2765688357180132,2765688357180513
0,7965,GET,2765688357742037,2765688357742709
0,7443,PUT,2765688357271905,2765688357272286
0,7443,GET,2765688357742057,2765688357742799
0,3345,PUT,2765688357322713,2765688357323455
0,3345,GET,2765688357742128,2765688357742939
0,4610,PUT,2765688357300231,2765688357300612
0,4610,GET,2765688357742168,2765688357742819
0,1794,PUT,2765688357292513,2765688357292894
0,1794,GET,2765688357742448,2765688357743080
0,2310,PUT,2765688357369312,2765688357370003
0,2310,GET,2765688357742458,2765688357743300
0,3846,PUT,2765688357373832,2765688357374584
0,3846,GET,2765688357742589,2765688357743310
0,6914,PUT,2765688357306586,2765688357307278
0,6914,GET,2765688357742679,2765688357743501
0,3847,PUT,2765688357386231,2765688357386822
0,3847,GET,2765688357742839,2765688357743621
0,2567,PUT,2765688357383084,2765688357383545
0,2567,GET,2765688357742879,2765688357743581
0,2577,PUT,2765688357320639,2765688357321330
0,2577,GET,2765688357742929,2765688357743701
0,519,PUT,2765688357377030,2765688357377771
0,519,GET,2765688357742970,2765688357743671
0,3089,PUT,2765688357322052,2765688357322593
0,3089,GET,2765688357743060,2765688357743922
0,1026,PUT,2765688357290118,2765688357290819
0,1026,GET,2765688357743220,2765688357744022
0,4098,PUT,2765688357299028,2765688357299600
0,4098,GET,2765688357743220,2765688357743781
0,2818,PUT,2765688357295129,2765688357295751
0,2818,GET,2765688357743270,2765688357744052
0,7174,PUT,2765688357382693,2765688357383114
0,7174,GET,2765688357743431,2765688357744172
0,5127,PUT,2765688357389378,2765688357389769
0,5127,GET,2765688357743431,2765688357744122
0,4615,PUT,2765688357388085,2765688357388677
0,4615,GET,2765688357743631,2765688357744423
0,3842,PUT,2765688357298287,2765688357298908
0,3842,GET,2765688357743661,2765688357744273
0,5393,PUT,2765688357328296,2765688357328978
0,5393,GET,2765688357743711,2765688357744513
0,2050,PUT,2765688357293014,2765688357293656
0,2050,GET,2765688357743832,2765688357744613
0,785,PUT,2765688357315036,2765688357315757
0,785,GET,2765688357743832,2765688357744704
0,263,PUT,2765688357375516,2765688357376679
0,263,GET,2765688357743912,2765688357744714
0,2823,PUT,2765688357383665,2765688357384226
0,2823,GET,2765688357743982,2765688357744744
0,4102,PUT,2765688357374704,2765688357375526
0,4102,GET,2765688357744082,2765688357744804
0,4625,PUT,2765688357326492,2765688357326873
0,4625,GET,2765688357744152,2765688357744924
0,2833,PUT,2765688357321451,2765688357321932
0,2833,GET,2765688357744273,2765688357745034
0,7185,PUT,2765688357333027,2765688357333549
0,7185,GET,2765688357744363,2765688357745064
0,3857,PUT,2765688357324127,2765688357324748
0,3857,GET,2765688357744413,2765688357745315
0,6918,PUT,2765688357382031,2765688357382572
0,6918,GET,2765688357744533,2765688357745315
0,7686,PUT,2765688357383755,2765688357384327
0,7686,GET,2765688357744563,2765688357745255
0,3335,PUT,2765688357384988,2765688357385559
0,3335,GET,2765688357744593,2765688357745385
0,3586,PUT,2765688357297475,2765688357298166
0,3586,GET,2765688357744633,2765688357745385
0,4358,PUT,2765688357375646,2765688357376037
0,4358,GET,2765688357744653,2765688357745465
0,5649,PUT,2765688357329098,2765688357329720
0,5649,GET,2765688357744663,2765688357745485
0,5383,PUT,2765688357389889,2765688357390351
0,5383,GET,2765688357744834,2765688357745656
0,6919,PUT,2765688357393127,2765688357393608
0,6919,GET,2765688357745044,2765688357745806
0,6406,PUT,2765688357380658,2765688357381320
0,6406,GET,2765688357745165,2765688357745896
0,6417,PUT,2765688357331023,2765688357331594
0,6417,GET,2765688357745175,2765688357745997
0,7682,PUT,2765688357308781,2765688357309172
0,7682,GET,2765688357745395,2765688357746217
0,8707,PUT,2765688357628694,2765688357629566
0,8707,GET,2765688357745536,2765688357746317
0,9989,PUT,2765688357644561,2765688357645253
0,9989,GET,2765688357745636,2765688357746618
0,8724,PUT,2765688357636432,2765688357637264
0,8724,GET,2765688357745706,2765688357746518
0,6662,PUT,2765688357381440,2765688357381911
0,6662,GET,2765688357745786,2765688357746498
0,1031,PUT,2765688357378633,2765688357379445
0,1031,GET,2765688357745796,2765688357746628
0,2321,PUT,2765688357319907,2765688357320518
0,2321,GET,2765688357746067,2765688357746768
0,774,PUT,2765688357363498,2765688357364330
0,774,GET,2765688357746087,2765688357746839
0,7175,PUT,2765688357393728,2765688357394250
0,7175,GET,2765688357746127,2765688357746798
0,8209,PUT,2765688357335934,2765688357336425
0,8209,GET,2765688357746347,2765688357747019
0,5907,PUT,2765688357268127,2765688357268688
0,5907,GET,2765688357746448,2765688357747280
0,5126,PUT,2765688357377260,2765688357377952
0,5126,GET,2765688357746498,2765688357747420
0,6151,PUT,2765688357391533,2765688357391954
0,6151,GET,2765688357746758,2765688357747570
0,7697,PUT,2765688357334330,2765688357335072
0,7697,GET,2765688357746839,2765688357747630
0,1030,PUT,2765688357364450,2765688357365352
0,1030,GET,2765688357747049,2765688357747761
0,8714,PUT,2765688357640401,2765688357641283
0,8714,GET,2765688357747049,2765688357747841
0,7942,PUT,2765688357384447,2765688357384998
0,7942,GET,2765688357747149,2765688357747901
0,4354,PUT,2765688357299720,2765688357300111
0,4354,GET,2765688357747199,2765688357747961
0,4359,PUT,2765688357387494,2765688357387965
0,4359,GET,2765688357747209,2765688357747961
0,3330,PUT,2765688357296683,2765688357297355
0,3330,GET,2765688357747280,2765688357748071
0,8980,PUT,2765688357637424,2765688357638296
0,8980,GET,2765688357747310,2765688357747981
0,7953,PUT,2765688357335192,2765688357335814
0,7953,GET,2765688357747410,2765688357748322
0,7441,PUT,2765688357333669,2765688357334210
0,7441,GET,2765688357747570,2765688357748282
0,3079,PUT,2765688357384347,2765688357384868
0,3079,GET,2765688357747580,2765688357748512
0,2055,PUT,2765688357381871,2765688357382452
0,2055,GET,2765688357747660,2765688357748352
0,1286,PUT,2765688357365473,2765688357366385
0,1286,GET,2765688357747701,2765688357748532
0,775,PUT,2765688357377892,2765688357378513
0,775,GET,2765688357747711,2765688357748553
0,1287,PUT,2765688357379566,2765688357380147
0,1287,GET,2765688357747761,2765688357748542
0,2311,PUT,2765688357382572,2765688357382963
0,2311,GET,2765688357747841,2765688357748723
0,8451,PUT,2765688357626840,2765688357628283
0,8451,GET,2765688357747911,2765688357748673
0,11011,PUT,2765688357642516,2765688357643228
0,11011,GET,2765688357747991,2765688357748673
0,3590,PUT,2765688357373020,2765688357373712
0,3590,GET,2765688357748091,2765688357748873
0,10772,PUT,2765688357646435,2765688357647177
0,10772,GET,2765688357748122,2765688357748943
0,3334,PUT,2765688357372198,2765688357372900
0,3334,GET,2765688357748232,2765688357749024
0,8978,PUT,2765688357646536,2765688357647257
0,8978,GET,2765688357748232,2765688357749034
0,4113,PUT,2765688357324868,2765688357325560
0,4113,GET,2765688357748392,2765688357749194
0,9234,PUT,2765688357648460,2765688357649222
0,9234,GET,2765688357748442,2765688357749294
0,10245,PUT,2765688357647297,2765688357647879
0,10245,GET,2765688357748663,2765688357749465
0,6407,PUT,2765688357392075,2765688357392465
0,6407,GET,2765688357748683,2765688357749204
0,7431,PUT,2765688357394370,2765688357394751
0,7431,GET,2765688357748703,2765688357749555
0,11013,PUT,2765688357655747,2765688357656429
0,11013,GET,2765688357748903,2765688357749675
0,8468,PUT,2765688357634678,2765688357635871
0,8468,GET,2765688357749004,2765688357749635
0,4614,PUT,2765688357376158,2765688357376629
0,4614,GET,2765688357749164,2765688357749866
0,10499,PUT,2765688357639910,2765688357640552
0,10499,GET,2765688357749184,2765688357750006
0,3078,PUT,2765688357371517,2765688357372078
0,3078,GET,2765688357749274,2765688357750066
0,9244,PUT,2765688357643819,2765688357644541
0,9244,GET,2765688357749334,2765688357750116
0,514,PUT,2765688357288454,2765688357289156
0,514,GET,2765688357749344,2765688357750156
0,2822,PUT,2765688357371016,2765688357371397
0,2822,GET,2765688357749515,2765688357750327
0,11267,PUT,2765688357643358,2765688357644040
0,11267,GET,2765688357749665,2765688357750447
0,7943,PUT,2765688357395382,2765688357395763
0,7943,GET,2765688357749735,2765688357750627
0,8988,PUT,2765688357639940,2765688357640732
0,8988,GET,2765688357749765,2765688357750246
0,8466,PUT,2765688357635099,2765688357636302
0,8466,GET,2765688357749785,2765688357750567
0,2065,PUT,2765688357319175,2765688357319787
0,2065,GET,2765688357750006,2765688357750647
0,9987,PUT,2765688357636703,2765688357637485
0,9987,GET,2765688357750016,2765688357750798
0,4870,PUT,2765688357376749,2765688357377140
0,4870,GET,2765688357750196,2765688357750998
0,1798,PUT,2765688357367477,2765688357368380
0,1798,GET,2765688357750246,2765688357751018
0,8199,PUT,2765688357395883,2765688357396304
0,8199,GET,2765688357750266,2765688357751068
0,11269,PUT,2765688357656579,2765688357657130
0,11269,GET,2765688357750377,2765688357751169
0,12052,PUT,2765688357659726,2765688357660408
0,12052,GET,2765688357750437,2765688357751239
0,9733,PUT,2765688357643739,2765688357644421
0,9733,GET,2765688357750457,2765688357751128
0,7687,PUT,2765688357394871,2765688357395262
0,7687,GET,2765688357750527,2765688357751219
0,5638,PUT,2765688357378663,2765688357379225
0,5638,GET,2765688357750567,2765688357751339
0,10757,PUT,2765688357653983,2765688357654654
0,10757,GET,2765688357750577,2765688357751329
0,9731,PUT,2765688357635931,2765688357636562
0,9731,GET,2765688357750718,2765688357751489
0,8732,PUT,2765688357638687,2765688357639620
0,8732,GET,2765688357750788,2765688357751479
0,9477,PUT,2765688357640652,2765688357641664
0,9477,GET,2765688357750818,2765688357751620
0,9728,PUT,2765688357653361,2765688357654284
0,9728,GET,2765688357751128,2765688357751960
0,5895,PUT,2765688357390982,2765688357391413
0,5895,GET,2765688357751149,2765688357751840
0,8984,PUT,2765688357633355,2765688357634407
0,8984,GET,2765688357751209,2765688357752001
0,10776,PUT,2765688357648640,2765688357649372
0,10776,GET,2765688357751379,2765688357752151
0,9492,PUT,2765688357641424,2765688357642226
0,9492,GET,2765688357751439,2765688357752231
0,8198,PUT,2765688357385118,2765688357385690
0,8198,GET,2765688357751469,2765688357752221
0,10514,PUT,2765688357655536,2765688357656258
0,10514,GET,2765688357751489,2765688357752301
0,8469,PUT,2765688357650886,2765688357651968
0,8469,GET,2765688357751499,2765688357752281
0,11523,PUT,2765688357644170,2765688357644872
0,11523,GET,2765688357751630,2765688357752401
0,12035,PUT,2765688357645764,2765688357646405
0,12035,GET,2765688357751780,2765688357752612
0,9240,PUT,2765688357636923,2765688357637775
0,9240,GET,2765688357751780,2765688357752562
0,3591,PUT,2765688357385680,2765688357386111
0,3591,GET,2765688357751830,2765688357752632
0,10520,PUT,2765688357647758,2765688357648500
0,10520,GET,2765688357751980,2765688357752812
0,10004,PUT,2765688357644270,2765688357644962
0,10004,GET,2765688357752241,2765688357753053
0,13315,PUT,2765688357652359,2765688357652940
0,13315,GET,2765688357752542,2765688357753113
0,8708,PUT,2765688357655466,2765688357656298
0,8708,GET,2765688357752582,2765688357753364
0,8709,PUT,2765688357635340,2765688357636462
0,8709,GET,2765688357752762,2765688357753544
0,7430,PUT,2765688357383234,2765688357383635
0,7430,GET,2765688357752842,2765688357753684
0,15107,PUT,2765688357667043,2765688357667725
0,15107,GET,2765688357752933,2765688357753564
0,6929,PUT,2765688357332516,2765688357332907
0,6929,GET,2765688357752993,2765688357753775
0,8704,PUT,2765688357641223,2765688357642075
0,8704,GET,2765688357753023,2765688357753875
0,4103,PUT,2765688357386943,2765688357387374
0,4103,GET,2765688357753093,2765688357753785
0,12803,PUT,2765688357650094,2765688357650755
0,12803,GET,2765688357753163,2765688357753875
0,8960,PUT,2765688357646676,2765688357647488
0,8960,GET,2765688357753183,2765688357753965
0,5639,PUT,2765688357390471,2765688357390862
0,5639,GET,2765688357753213,2765688357753955
0,9236,PUT,2765688357638457,2765688357639098
0,9236,GET,2765688357753233,2765688357754035
0,8448,PUT,2765688357633545,2765688357634929
0,8448,GET,2765688357753253,2765688357754065
0,9219,PUT,2765688357633696,2765688357634818
0,9219,GET,2765688357753344,2765688357754105
0,8473,PUT,2765688357652219,2765688357653331
0,8473,GET,2765688357753835,2765688357754637
0,12298,PUT,2765688357667915,2765688357668607
0,12298,GET,2765688357753915,2765688357754687
0,8458,PUT,2765688357638848,2765688357640030
0,8458,GET,2765688357754015,2765688357754827
0,10008,PUT,2765688357644150,2765688357644942
0,10008,GET,2765688357754085,2765688357754877
0,9226,PUT,2765688357645914,2765688357646586
0,9226,GET,2765688357754095,2765688357754797
0,8728,PUT,2765688357632152,2765688357633205
0,8728,GET,2765688357754326,2765688357755188
0,2566,PUT,2765688357370124,2765688357370895
0,2566,GET,2765688357754336,2765688357755108
0,9738,PUT,2765688357647568,2765688357648209
0,9738,GET,2765688357754406,2765688357755198
0,11525,PUT,2765688357659155,2765688357660057
0,11525,GET,2765688357754446,2765688357755168
0,9220,PUT,2765688357659877,2765688357660618
0,9220,GET,2765688357754677,2765688357755218
0,10002,PUT,2765688357653822,2765688357654554
0,10002,GET,2765688357754767,2765688357755589
0,10516,PUT,2765688357645613,2765688357646305
0,10516,GET,2765688357754827,2765688357755509
0,10260,PUT,2765688357645102,2765688357645483
0,10260,GET,2765688357754837,2765688357755799
0,10005,PUT,2765688357664467,2765688357665289
0,10005,GET,2765688357754897,2765688357755689
0,11779,PUT,2765688357645012,2765688357645633
0,11779,GET,2765688357754957,2765688357755649
0,8472,PUT,2765688357630348,2765688357631661
0,8472,GET,2765688357755058,2765688357755779
0,13059,PUT,2765688357651627,2765688357652219
0,13059,GET,2765688357755088,2765688357755870
0,11032,PUT,2765688357650455,2765688357651096
0,11032,GET,2765688357755098,2765688357755719
0,8965,PUT,2765688357636933,2765688357638266
0,8965,GET,2765688357755308,2765688357756110
0,10258,PUT,2765688357654705,2765688357655406
0,10258,GET,2765688357755348,2765688357756140
0,10755,PUT,2765688357641664,2765688357642376
0,10755,GET,2765688357755639,2765688357756421
0,9752,PUT,2765688357642236,2765688357642947
0,9752,GET,2765688357755749,2765688357756531
0,11026,PUT,2765688357659205,2765688357659917
0,11026,GET,2765688357756000,2765688357756812
0,10506,PUT,2765688357653482,2765688357654183
0,10506,GET,2765688357756060,2765688357756842
0,10501,PUT,2765688357649753,2765688357650405
0,10501,GET,2765688357756130,2765688357756932
0,8729,PUT,2765688357655005,2765688357655907
0,8729,GET,2765688357756160,2765688357756982
0,10250,PUT,2765688357652650,2765688357653341
0,10250,GET,2765688357756190,2765688357756862
0,8722,PUT,2765688357639900,2765688357640642
0,8722,GET,2765688357756371,2765688357757173
0,4871,PUT,2765688357388797,2765688357389258
0,4871,GET,2765688357756521,2765688357757293
0,6663,PUT,2765688357392586,2765688357393007
0,6663,GET,2765688357756551,2765688357757353
0,8725,PUT,2765688357654274,2765688357655095
0,8725,GET,2765688357756571,2765688357757403
0,8981,PUT,2765688357656308,2765688357657140
0,8981,GET,2765688357756671,2765688357757433
0,5382,PUT,2765688357378072,2765688357378543
0,5382,GET,2765688357756732,2765688357757523
0,8963,PUT,2765688357629717,2765688357630779
0,8963,GET,2765688357756732,2765688357757604
0,9221,PUT,2765688357638467,2765688357639168
0,9221,GET,2765688357756732,2765688357757423
0,8453,PUT,2765688357631701,2765688357633325
0,8453,GET,2765688357757032,2765688357757844
0,11288,PUT,2765688357651236,2765688357651748
0,11288,GET,2765688357757112,2765688357757874
0,11282,PUT,2765688357660057,2765688357660879
0,11282,GET,2765688357757223,2765688357758014
0,8452,PUT,2765688357654223,2765688357655236
0,8452,GET,2765688357757333,2765688357757854
0,11800,PUT,2765688357654444,2765688357655156
0,11800,GET,2765688357757523,2765688357758235
0,12572,PUT,2765688357673107,2765688357673819
0,12572,GET,2765688357757644,2765688357758345
0,9482,PUT,2765688357646736,2765688357647428
0,9482,GET,2765688357757654,2765688357758405
0,10524,PUT,2765688357656348,2765688357657060
0,10524,GET,2765688357757754,2765688357758536
0,9994,PUT,2765688357651868,2765688357652489
0,9994,GET,2765688357757924,2765688357758566
0,10243,PUT,2765688357637635,2765688357638347
0,10243,GET,2765688357757994,2765688357758806
0,8985,PUT,2765688357657100,2765688357657912
0,8985,GET,2765688357758125,2765688357759077
0,12060,PUT,2765688357669890,2765688357670611
0,12060,GET,2765688357758175,2765688357758957
0,8477,PUT,2765688357659917,2765688357660949
0,8477,GET,2765688357758215,2765688357759017
0,9241,PUT,2765688357658062,2765688357658794
0,9241,GET,2765688357758375,2765688357759087
0,11794,PUT,2765688357664247,2765688357664948
0,11794,GET,2765688357758415,2765688357759207
0,9216,PUT,2765688357647728,2765688357648540
0,9216,GET,2765688357758496,2765688357759287
0,9756,PUT,2765688357648370,2765688357649081
0,9756,GET,2765688357758536,2765688357759287
0,8970,PUT,2765688357643268,2765688357643950
0,8970,GET,2765688357758596,2765688357759378
0,9748,PUT,2765688357643428,2765688357644130
0,9748,GET,2765688357758846,2765688357759538
0,12293,PUT,2765688357663385,2765688357664367
0,12293,GET,2765688357759077,2765688357759859
0,8476,PUT,2765688357636663,2765688357637875
0,8476,GET,2765688357759087,2765688357759869
0,11274,PUT,2765688357662673,2765688357663355
0,11274,GET,2765688357759227,2765688357760069
0,9237,PUT,2765688357658283,2765688357658984
0,9237,GET,2765688357759418,2765688357760210
0,10268,PUT,2765688357654644,2765688357655346
0,10268,GET,2765688357759518,2765688357760310
0,9475,PUT,2765688357635089,2765688357635771
0,9475,GET,2765688357759648,2765688357760450
0,10264,PUT,2765688357645082,2765688357645784
0,10264,GET,2765688357759648,2765688357760510
0,12316,PUT,2765688357670762,2765688357671413
0,12316,GET,2765688357759688,2765688357760460
0,9732,PUT,2765688357663655,2765688357664347
0,9732,GET,2765688357759999,2765688357760711
0,14083,PUT,2765688357656469,2765688357657160
0,14083,GET,2765688357760009,2765688357760711
0,10009,PUT,2765688357666823,2765688357667454
0,10009,GET,2765688357760149,2765688357761011
0,9496,PUT,2765688357641153,2765688357642055
0,9496,GET,2765688357760270,2765688357761042
0,11028,PUT,2765688357647307,2765688357647738
0,11028,GET,2765688357760290,2765688357761212
0,9749,PUT,2765688357661771,2765688357662523
0,9749,GET,2765688357760380,2765688357761062
0,13076,PUT,2765688357668857,2765688357669559
0,13076,GET,2765688357760400,2765688357761152
0,12564,PUT,2765688357661390,2765688357662142
0,12564,GET,2765688357760420,2765688357761232
0,12056,PUT,2765688357657250,2765688357657892
0,12056,GET,2765688357760600,2765688357761312
0,9490,PUT,2765688357649372,2765688357650054
0,9490,GET,2765688357760611,2765688357761412
0,10780,PUT,2765688357659085,2765688357659786
0,10780,GET,2765688357760651,2765688357761392
0,11538,PUT,2765688357661089,2765688357661831
0,11538,GET,2765688357760841,2765688357761633
0,9984,PUT,2765688357656529,2765688357657411
0,9984,GET,2765688357760931,2765688357761713
0,10240,PUT,2765688357657591,2765688357658453
0,10240,GET,2765688357761021,2765688357761733
0,12312,PUT,2765688357658022,2765688357658714
0,12312,GET,2765688357761092,2765688357762014
0,11284,PUT,2765688357650826,2765688357651577
0,11284,GET,2765688357761152,2765688357761853
0,12547,PUT,2765688357648340,2765688357649041
0,12547,GET,2765688357761172,2765688357761713
0,10770,PUT,2765688357656398,2765688357657150
0,10770,GET,2765688357761302,2765688357762074
0,9753,PUT,2765688357665850,2765688357666652
0,9753,GET,2765688357761362,2765688357762224
0,12824,PUT,2765688357664988,2765688357665670
0,12824,GET,2765688357761382,2765688357762214
0,11796,PUT,2765688357658884,2765688357659566
0,11796,GET,2765688357761483,2765688357762254
0,10762,PUT,2765688357659786,2765688357660558
0,10762,GET,2765688357761543,2765688357762365
0,11544,PUT,2765688357653592,2765688357654304
0,11544,GET,2765688357761813,2765688357762575
0,8962,PUT,2765688357670281,2765688357670932
0,8962,GET,2765688357761843,2765688357762665
0,14339,PUT,2765688357659185,2765688357659877
0,14339,GET,2765688357761883,2765688357762635
0,13080,PUT,2765688357668426,2765688357669128
0,13080,GET,2765688357761994,2765688357762735
0,8455,PUT,2765688357665790,2765688357666903
0,8455,GET,2765688357762144,2765688357762916
0,10752,PUT,2765688357659646,2765688357660588
0,10752,GET,2765688357762214,2765688357762966
0,13573,PUT,2765688357671413,2765688357672135
0,13573,GET,2765688357762355,2765688357763126
0,12037,PUT,2765688357662503,2765688357663244
0,12037,GET,2765688357762505,2765688357763237
0,11530,PUT,2765688357663525,2765688357664207
0,11530,GET,2765688357762515,2765688357763267
0,11540,PUT,2765688357652650,2765688357653351
0,11540,GET,2765688357762776,2765688357763547
0,12050,PUT,2765688357665089,2765688357665770
0,12050,GET,2765688357762836,2765688357763708
0,9500,PUT,2765688357645603,2765688357646295
0,9500,GET,2765688357762866,2765688357763638
0,9481,PUT,2765688357671955,2765688357672666
0,9481,GET,2765688357763056,2765688357763908
0,11264,PUT,2765688357666973,2765688357667865
0,11264,GET,2765688357763106,2765688357764069
0,12810,PUT,2765688357672676,2765688357673358
0,12810,GET,2765688357763207,2765688357763838
0,8706,PUT,2765688357666512,2765688357667374
0,8706,GET,2765688357763267,2765688357764079
0,13571,PUT,2765688357654013,2765688357654715
0,13571,GET,2765688357763337,2765688357764008
0,9493,PUT,2765688357660729,2765688357661601
0,9493,GET,2765688357763427,2765688357764159
0,8964,PUT,2765688357657962,2765688357658734
0,8964,GET,2765688357763447,2765688357764309
0,8711,PUT,2765688357668116,2765688357668968
0,8711,GET,2765688357763467,2765688357764219
0,8457,PUT,2765688357665209,2765688357666662
0,8457,GET,2765688357763768,2765688357764540
0,10012,PUT,2765688357651898,2765688357652600
0,10012,GET,2765688357764159,2765688357764880
0,9472,PUT,2765688357650866,2765688357651968
0,9472,GET,2765688357764209,2765688357764981
0,12308,PUT,2765688357660538,2765688357661250
0,12308,GET,2765688357764229,2765688357765021
0,11012,PUT,2765688357670191,2765688357670902
0,11012,GET,2765688357764289,2765688357765051
0,9479,PUT,2765688357670842,2765688357671524
0,9479,GET,2765688357764389,2765688357765171
0,11781,PUT,2765688357661340,2765688357662322
0,11781,GET,2765688357764500,2765688357765552
0,13829,PUT,2765688357672265,2765688357672887
0,13829,GET,2765688357764510,2765688357765291
0,12828,PUT,2765688357673969,2765688357674571
0,12828,GET,2765688357764640,2765688357765542
0,11018,PUT,2765688357660869,2765688357661581
0,11018,GET,2765688357764670,2765688357765452
0,9474,PUT,2765688357674420,2765688357675202
0,9474,GET,2765688357764941,2765688357765732
0,9245,PUT,2765688357667143,2765688357667885
0,9245,GET,2765688357765201,2765688357765983
0,11786,PUT,2765688357665269,2765688357666101
0,11786,GET,2765688357765331,2765688357766173
0,11008,PUT,2765688357660819,2765688357661701
0,11008,GET,2765688357765392,2765688357766153
0,10756,PUT,2765688357669208,2765688357670040
0,10756,GET,2765688357765612,2765688357766304
0,10781,PUT,2765688357673258,2765688357673989
0,10781,GET,2765688357765722,2765688357766554
0,12288,PUT,2765688357674531,2765688357675613
0,12288,GET,2765688357765813,2765688357766594
0,11029,PUT,2765688357669900,2765688357670541
0,11029,GET,2765688357765863,2765688357766655
0,12291,PUT,2765688357647488,2765688357648199
0,12291,GET,2765688357765873,2765688357766665
0,10496,PUT,2765688357658634,2765688357659466
0,10496,GET,2765688357765943,2765688357766855
0,9476,PUT,2765688357661931,2765688357662693
0,9476,GET,2765688357765963,2765688357766945
0,13827,PUT,2765688357654845,2765688357655446
0,13827,GET,2765688357766284,2765688357767066
0,13317,PUT,2765688357670611,2765688357671273
0,13317,GET,2765688357766304,2765688357767156
0,12042,PUT,2765688357667093,2765688357667775
0,12042,GET,2765688357766314,2765688357767156
0,12306,PUT,2765688357667805,2765688357668507
0,12306,GET,2765688357766434,2765688357767206
0,9988,PUT,2765688357666281,2765688357667163
0,9988,GET,2765688357766725,2765688357767497
0,13061,PUT,2765688357669790,2765688357670471
0,13061,GET,2765688357766755,2765688357767827
0,9225,PUT,2765688357671063,2765688357671804
0,9225,GET,2765688357766935,2765688357767867
0,11776,PUT,2765688357670251,2765688357671183
0,11776,GET,2765688357767005,2765688357767807
0,9223,PUT,2765688357669970,2765688357670702
0,9223,GET,2765688357767035,2765688357767717
0,10517,PUT,2765688357666382,2765688357667133
0,10517,GET,2765688357767045,2765688357767697
0,9497,PUT,2765688357663024,2765688357663786
0,9497,GET,2765688357767136,2765688357767717
0,13592,PUT,2765688357671664,2765688357672376
0,13592,GET,2765688357767176,2765688357767968
0,15619,PUT,2765688357671594,2765688357672315
0,15619,GET,2765688357767216,2765688357768008
0,8989,PUT,2765688357665279,2765688357666011
0,8989,GET,2765688357767276,2765688357767897
0,11292,PUT,2765688357661931,2765688357662653
0,11292,GET,2765688357767306,2765688357768168
0,12568,PUT,2765688357664187,2765688357664838
0,12568,GET,2765688357767316,2765688357768298
0,14851,PUT,2765688357663976,2765688357664878
0,14851,GET,2765688357767617,2765688357768248
0,10265,PUT,2765688357667584,2765688357668316
0,10265,GET,2765688357767707,2765688357768409
0,9737,PUT,2765688357673789,2765688357674490
0,9737,GET,2765688357767767,2765688357768549
0,10525,PUT,2765688357672496,2765688357673127
0,10525,GET,2765688357767787,2765688357768639
0,14104,PUT,2765688357675252,2765688357676064
0,14104,GET,2765688357767807,2765688357768639
0,8733,PUT,2765688357663395,2765688357664197
0,8733,GET,2765688357767837,2765688357768589
0,15109,PUT,2765688357678089,2765688357678760
0,15109,GET,2765688357768048,2765688357768900
0,14085,PUT,2765688357674901,2765688357675483
0,14085,GET,2765688357768058,2765688357768850
0,13848,PUT,2765688357672516,2765688357673177
0,13848,GET,2765688357768098,2765688357768940
0,12544,PUT,2765688357675804,2765688357676605
0,12544,GET,2765688357768138,2765688357768960
0,9993,PUT,2765688357675553,2765688357676245
0,9993,GET,2765688357768188,2765688357768950
0,12821,PUT,2765688357684764,2765688357685496
0,12821,GET,2765688357768238,2765688357769040
0,11780,PUT,2765688357677137,2765688357677828
0,11780,GET,2765688357768298,2765688357769070
0,9757,PUT,2765688357670000,2765688357670732
0,9757,GET,2765688357768379,2765688357769150
0,8967,PUT,2765688357669118,2765688357669830
0,8967,GET,2765688357768449,2765688357769150
0,11036,PUT,2765688357659937,2765688357660779
0,11036,GET,2765688357768559,2765688357769241
0,15124,PUT,2765688357683582,2765688357684253
0,15124,GET,2765688357768719,2765688357769652
0,11033,PUT,2765688357674911,2765688357675623
0,11033,GET,2765688357768719,2765688357769441
0,10773,PUT,2765688357667274,2765688357667855
0,10773,GET,2765688357768779,2765688357769561
0,10261,PUT,2765688357665439,2765688357666231
0,10261,GET,2765688357768790,2765688357769471
0,10013,PUT,2765688357670862,2765688357671564
0,10013,GET,2765688357768950,2765688357769742
0,8713,PUT,2765688357667093,2765688357667995
0,8713,GET,2765688357769080,2765688357769792
0,11805,PUT,2765688357678690,2765688357679312
0,11805,GET,2765688357769100,2765688357769962
0,12805,PUT,2765688357668867,2765688357669629
0,12805,GET,2765688357769120,2765688357769902
0,11520,PUT,2765688357669138,2765688357670060
0,11520,GET,2765688357769221,2765688357769992
0,14595,PUT,2765688357660999,2765688357661811
0,14595,GET,2765688357769281,2765688357770062
0,12820,PUT,2765688357663545,2765688357664257
0,12820,GET,2765688357769371,2765688357770052
0,12549,PUT,2765688357665450,2765688357666432
0,12549,GET,2765688357769611,2765688357770163
0,10244,PUT,2765688357667404,2765688357668206
0,10244,GET,2765688357769652,2765688357770333
0,11548,PUT,2765688357662793,2765688357663445
0,11548,GET,2765688357769702,2765688357770473
0,11268,PUT,2765688357672777,2765688357673448
0,11268,GET,2765688357769722,2765688357770614
0,12554,PUT,2765688357671594,2765688357672526
0,12554,GET,2765688357769732,2765688357770503
0,11037,PUT,2765688357674130,2765688357674861
0,11037,GET,2765688357769902,2765688357770624
0,12032,PUT,2765688357672366,2765688357673258
0,12032,GET,2765688357769932,2765688357770614
0,10521,PUT,2765688357671273,2765688357671894
0,10521,GET,2765688357769932,2765688357770744
0,11015,PUT,2765688357680855,2765688357681567
0,11015,GET,2765688357770062,2765688357770834
0,10498,PUT,2765688357678780,2765688357679502
0,10498,GET,2765688357770133,2765688357770894
0,9746,PUT,2765688357651116,2765688357651858
0,9746,GET,2765688357770183,2765688357770995
0,13844,PUT,2765688357674881,2765688357675563
0,13844,GET,2765688357770193,2765688357770965
0,10269,PUT,2765688357671704,2765688357672366
0,10269,GET,2765688357770303,2765688357771085
0,14853,PUT,2765688357677257,2765688357677949
0,14853,GET,2765688357770333,2765688357771095
0,11293,PUT,2765688357675002,2765688357675753
0,11293,GET,2765688357770443,2765688357771225
0,11801,PUT,2765688357680204,2765688357680925
0,11801,GET,2765688357770634,2765688357771426
0,15128,PUT,2765688357682549,2765688357683191
0,15128,GET,2765688357770884,2765688357771716
0,13074,PUT,2765688357672967,2765688357673628
0,13074,GET,2765688357770924,2765688357771646
0,10777,PUT,2765688357673929,2765688357674761
0,10777,GET,2765688357770934,2765688357771656
0,9218,PUT,2765688357673488,2765688357674260
0,9218,GET,2765688357770975,2765688357771746
0,14341,PUT,2765688357675623,2765688357676305
0,14341,GET,2765688357771035,2765688357771636
0,12292,PUT,2765688357678871,2765688357679552
0,12292,GET,2765688357771436,2765688357772238
0,12804,PUT,2765688357684233,2765688357684865
0,12804,GET,2765688357771526,2765688357772348
0,11804,PUT,2765688357668036,2765688357668757
0,11804,GET,2765688357771957,2765688357772638
0,13340,PUT,2765688357677648,2765688357678500
0,13340,GET,2765688357772107,2765688357773170
0,10500,PUT,2765688357668366,2765688357669078
0,10500,GET,2765688357772147,2765688357772939
0,11285,PUT,2765688357671664,2765688357672376
0,11285,GET,2765688357772157,2765688357772909
0,14090,PUT,2765688357684865,2765688357685546
0,14090,GET,2765688357772187,2765688357772889
0,13336,PUT,2765688357670812,2765688357671514
0,13336,GET,2765688357772228,2765688357772979
0,9735,PUT,2765688357671664,2765688357672546
0,9735,GET,2765688357772378,2765688357773170
0,15875,PUT,2765688357675172,2765688357675914
0,15875,GET,2765688357772598,2765688357773410
0,14360,PUT,2765688357678129,2765688357678801
0,14360,GET,2765688357772739,2765688357773510
0,8450,PUT,2765688357663595,2765688357664808
0,8450,GET,2765688357772879,2765688357773781
0,13330,PUT,2765688357675663,2765688357676355
0,13330,GET,2765688357772889,2765688357773641
0,13066,PUT,2765688357675292,2765688357676004
0,13066,GET,2765688357772919,2765688357773741
0,13586,PUT,2765688357676495,2765688357677207
0,13586,GET,2765688357773039,2765688357773801
0,12562,PUT,2765688357671223,2765688357671955
0,12562,GET,2765688357773049,2765688357773841
0,15365,PUT,2765688357680745,2765688357681447
0,15365,GET,2765688357773220,2765688357773952
0,9991,PUT,2765688357672696,2765688357673398
0,9991,GET,2765688357773240,2765688357773781
0,13084,PUT,2765688357676756,2765688357677497
0,13084,GET,2765688357773410,2765688357774192
0,14597,PUT,2765688357676445,2765688357677127
0,14597,GET,2765688357773541,2765688357774222
0,11549,PUT,2765688357676866,2765688357677578
0,11549,GET,2765688357773791,2765688357774563
0,9501,PUT,2765688357669118,2765688357669840
0,9501,GET,2765688357773931,2765688357774773
0,14100,PUT,2765688357675703,2765688357676325
0,14100,GET,2765688357773941,2765688357774653
0,14364,PUT,2765688357685807,2765688357686538
0,14364,GET,2765688357774002,2765688357774894
0,13578,PUT,2765688357679632,2765688357680304
0,13578,GET,2765688357774082,2765688357774793
0,12309,PUT,2765688357679582,2765688357680184
0,12309,GET,2765688357774342,2765688357775034
0,14612,PUT,2765688357679953,2765688357680595
0,14612,GET,2765688357774342,2765688357775034
0,12039,PUT,2765688357684183,2765688357684945
0,12039,GET,2765688357774372,2765688357775144
0,10503,PUT,2765688357677227,2765688357677898
0,10503,GET,2765688357774423,2765688357775465
0,10247,PUT,2765688357674490,2765688357675192
0,10247,GET,2765688357774493,2765688357775255
0,11010,PUT,2765688357683712,2765688357684333
0,11010,GET,2765688357774543,2765688357775866
0,11797,PUT,2765688357678039,2765688357678700
0,11797,GET,2765688357774563,2765688357775325
0,9986,PUT,2765688357677147,2765688357677848
0,9986,GET,2765688357774693,2765688357775385
0,12818,PUT,2765688357672105,2765688357672837
0,12818,GET,2765688357774703,2765688357775545
0,15363,PUT,2765688357670752,2765688357671433
0,15363,GET,2765688357774854,2765688357775545
0,13312,PUT,2765688357684744,2765688357685626
0,13312,GET,2765688357774864,2765688357775545
0,13596,PUT,2765688357678640,2765688357679232
0,13596,GET,2765688357774944,2765688357775645
0,14616,PUT,2765688357678951,2765688357679622
0,14616,GET,2765688357774944,2765688357775746
0,14108,PUT,2765688357684945,2765688357685656
0,14108,GET,2765688357774974,2765688357775766
0,13588,PUT,2765688357674110,2765688357674751
0,13588,GET,2765688357775034,2765688357775996
0,8969,PUT,2765688357668146,2765688357668877
0,8969,GET,2765688357775395,2765688357776207
0,14098,PUT,2765688357680023,2765688357680735
0,14098,GET,2765688357775455,2765688357776167
0,13056,PUT,2765688357683642,2765688357684594
0,13056,GET,2765688357775495,2765688357776277
0,12825,PUT,2765688357686569,2765688357687300
0,12825,GET,2765688357775595,2765688357776668
0,14602,PUT,2765688357688373,2765688357689074
0,14602,GET,2765688357775716,2765688357776527
0,11545,PUT,2765688357679322,2765688357680053
0,11545,GET,2765688357775806,2765688357776698
0,14356,PUT,2765688357679111,2765688357679793
0,14356,GET,2765688357775896,2765688357776588
0,14354,PUT,2765688357680875,2765688357681757
0,14354,GET,2765688357775896,2765688357776698
0,12548,PUT,2765688357682479,2765688357683191
0,12548,GET,2765688357775966,2765688357776548
0,10759,PUT,2765688357678029,2765688357678770
0,10759,GET,2765688357776006,2765688357776758
0,11289,PUT,2765688357675763,2765688357676435
0,11289,GET,2765688357776147,2765688357777009
0,11524,PUT,2765688357673608,2765688357674300
0,11524,GET,2765688357776157,2765688357777009
0,14868,PUT,2765688357681767,2765688357682469
0,14868,GET,2765688357776207,2765688357776999
0,11271,PUT,2765688357681697,2765688357682499
0,11271,GET,2765688357776598,2765688357777279
0,16899,PUT,2765688357683141,2765688357683792
0,16899,GET,2765688357776678,2765688357777480
0,15877,PUT,2765688357684223,2765688357684965
0,15877,GET,2765688357776708,2765688357777530
0,11541,PUT,2765688357677187,2765688357677888
0,11541,GET,2765688357776768,2765688357777470
0,9730,PUT,2765688357676285,2765688357677006
0,9730,GET,2765688357776778,2765688357777760
0,11273,PUT,2765688357684684,2765688357685356
0,11273,GET,2765688357776828,2765688357777600
0,13322,PUT,2765688357677999,2765688357678640
0,13322,GET,2765688357776838,2765688357777841
0,12317,PUT,2765688357683331,2765688357684033
0,12317,GET,2765688357776958,2765688357777770
0,13589,PUT,2765688357689245,2765688357690017
0,13589,GET,2765688357777089,2765688357778121
0,13085,PUT,2765688357686699,2765688357687390
0,13085,GET,2765688357777139,2765688357777931
0,16387,PUT,2765688357678811,2765688357679492
0,16387,GET,2765688357777189,2765688357778171
0,10249,PUT,2765688357678460,2765688357679211
0,10249,GET,2765688357777189,2765688357778021
0,13572,PUT,2765688357686639,2765688357687340
0,13572,GET,2765688357777249,2765688357778011
0,11527,PUT,2765688357682639,2765688357683211
0,11527,GET,2765688357777269,2765688357778061
0,12053,PUT,2765688357678841,2765688357679442
0,12053,GET,2765688357777329,2765688357778282
0,10242,PUT,2765688357677989,2765688357678640
0,10242,GET,2765688357777369,2765688357778181
0,12057,PUT,2765688357681056,2765688357681797
0,12057,GET,2765688357777600,2765688357778412
0,12551,PUT,2765688357686929,2765688357687621
0,12551,GET,2765688357777630,2765688357778432
0,15122,PUT,2765688357685536,2765688357686248
0,15122,GET,2765688357777710,2765688357778472
0,11783,PUT,2765688357683351,2765688357684053
0,11783,GET,2765688357777730,2765688357778522
0,12569,PUT,2765688357685727,2765688357686428
0,12569,GET,2765688357777921,2765688357778682
0,12297,PUT,2765688357689024,2765688357689656
0,12297,GET,2765688357777971,2765688357779093
0,12800,PUT,2765688357682539,2765688357683401
0,12800,GET,2765688357777981,2765688357778743
0,12061,PUT,2765688357682509,2765688357683181
0,12061,GET,2765688357778071,2765688357778693
0,15634,PUT,2765688357687210,2765688357687912
0,15634,GET,2765688357778141,2765688357778913
0,14346,PUT,2765688357687400,2765688357688222
0,14346,GET,2765688357778201,2765688357779003
0,12565,PUT,2765688357684003,2765688357684614
0,12565,GET,2765688357778302,2765688357779164
0,15890,PUT,2765688357690007,2765688357690638
0,15890,GET,2765688357778322,2765688357778993
0,14610,PUT,2765688357681908,2765688357682619
0,14610,GET,2765688357778422,2765688357779284
0,12313,PUT,2765688357684784,2765688357685566
0,12313,GET,2765688357778492,2765688357779164
0,13332,PUT,2765688357673268,2765688357673949
0,13332,GET,2765688357778652,2765688357779464
0,14872,PUT,2765688357681707,2765688357682399
0,14872,GET,2765688357778793,2765688357779494
0,12829,PUT,2765688357685005,2765688357685646
0,12829,GET,2765688357779043,2765688357779835
0,16389,PUT,2765688357685957,2765688357686599
0,16389,GET,2765688357779083,2765688357779845
0,13316,PUT,2765688357685787,2765688357686498
0,13316,GET,2765688357779113,2765688357780076
0,12807,PUT,2765688357687761,2765688357688453
0,12807,GET,2765688357779194,2765688357779965
0,15621,PUT,2765688357681587,2765688357682269
0,15621,GET,2765688357779294,2765688357780196
0,13060,PUT,2765688357685015,2765688357685646
0,13060,GET,2765688357779294,2765688357780176
0,17155,PUT,2765688357685556,2765688357686218
0,17155,GET,2765688357779304,2765688357780076
0,15636,PUT,2765688357686107,2765688357686799
0,15636,GET,2765688357779344,2765688357780066
0,13842,PUT,2765688357679191,2765688357679883
0,13842,GET,2765688357779384,2765688357780176
0,15378,PUT,2765688357686378,2765688357687080
0,15378,GET,2765688357779394,2765688357780106
0,13321,PUT,2765688357693384,2765688357693996
0,13321,GET,2765688357779454,2765688357780256
0,8456,PUT,2765688357692182,2765688357693384
0,8456,GET,2765688357779464,2765688357780216
0,12041,PUT,2765688357688202,2765688357688884
0,12041,GET,2765688357779595,2765688357780386
0,16645,PUT,2765688357689485,2765688357690177
0,16645,GET,2765688357779665,2765688357780557
0,12573,PUT,2765688357684173,2765688357684865
0,12573,GET,2765688357779965,2765688357781018
0,16643,PUT,2765688357682349,2765688357682980
0,16643,GET,2765688357779986,2765688357780777
0,16131,PUT,2765688357677959,2765688357678660
0,16131,GET,2765688357779996,2765688357780868
0,15380,PUT,2765688357684393,2765688357685105
0,15380,GET,2765688357780026,2765688357780807
0,14620,PUT,2765688357686679,2765688357687380
0,14620,GET,2765688357780056,2765688357780838
0,8720,PUT,2765688357696943,2765688357697785
0,8720,GET,2765688357780106,2765688357780868
0,12036,PUT,2765688357677979,2765688357678740
0,12036,GET,2765688357780206,2765688357780998
0,13828,PUT,2765688357690007,2765688357690698
0,13828,GET,2765688357780206,2765688357780777
0,14866,PUT,2765688357684684,2765688357685376
0,14866,GET,2765688357780316,2765688357781279
0,17411,PUT,2765688357686368,2765688357686859
0,17411,GET,2765688357780326,2765688357780858
0,14340,PUT,2765688357691831,2765688357692583
0,14340,GET,2765688357780346,2765688357781138
0,16133,PUT,2765688357685105,2765688357685827
0,16133,GET,2765688357780346,2765688357781299
0,11529,PUT,2765688357685486,2765688357686178
0,11529,GET,2765688357780467,2765688357781389
0,16404,PUT,2765688357693314,2765688357694006
0,16404,GET,2765688357780507,2765688357781379
0,13333,PUT,2765688357687481,2765688357688172
0,13333,GET,2765688357780527,2765688357781218
0,14876,PUT,2765688357687521,2765688357688162
0,14876,GET,2765688357780667,2765688357781369
0,11778,PUT,2765688357690758,2765688357691670
0,11778,GET,2765688357780697,2765688357781529
0,10754,PUT,2765688357680504,2765688357681176
0,10754,GET,2765688357780878,2765688357781960
0,18949,PUT,2765688357698797,2765688357699489
0,18949,GET,2765688357780918,2765688357781679
0,13063,PUT,2765688357689445,2765688357690157
0,13063,GET,2765688357780968,2765688357781669
0,13852,PUT,2765688357679372,2765688357680063
0,13852,GET,2765688357780968,2765688357781870
0,14101,PUT,2765688357690929,2765688357691781
0,14101,GET,2765688357780988,2765688357781750
0,14365,PUT,2765688357693695,2765688357694417
0,14365,GET,2765688357781068,2765688357781840
0,13577,PUT,2765688357694186,2765688357694958
0,13577,GET,2765688357781258,2765688357782211
0,10505,PUT,2765688357680224,2765688357680925
0,10505,GET,2765688357781269,2765688357782040
0,11266,PUT,2765688357688042,2765688357688744
0,11266,GET,2765688357781279,2765688357782070
0,13845,PUT,2765688357690147,2765688357690788
0,13845,GET,2765688357781449,2765688357782241
0,13065,PUT,2765688357691440,2765688357692152
0,13065,GET,2765688357781519,2765688357782331
0,15640,PUT,2765688357693495,2765688357694256
0,15640,GET,2765688357781529,2765688357782421
0,10761,PUT,2765688357681958,2765688357682750
0,10761,GET,2765688357781529,2765688357782321
0,13834,PUT,2765688357683060,2765688357683782
0,13834,GET,2765688357781539,2765688357782351
0,11785,PUT,2765688357686318,2765688357687160
0,11785,GET,2765688357781659,2765688357782501
0,12295,PUT,2765688357686017,2765688357686789
0,12295,GET,2765688357781810,2765688357782531
0,16156,PUT,2765688357691550,2765688357692332
0,16156,GET,2765688357781810,2765688357782572
0,13337,PUT,2765688357690889,2765688357691921
0,13337,GET,2765688357781870,2765688357782652
0,13319,PUT,2765688357691350,2765688357692021
0,13319,GET,2765688357782000,2765688357782692
0,14621,PUT,2765688357695429,2765688357696101
0,14621,GET,2765688357782131,2765688357783043
0,15388,PUT,2765688357689195,2765688357689696
0,15388,GET,2765688357782181,2765688357782902
0,17923,PUT,2765688357689676,2765688357690307
0,17923,GET,2765688357782271,2765688357783083
0,15626,PUT,2765688357694738,2765688357695419
0,15626,GET,2765688357782431,2765688357783604
0,15384,PUT,2765688357685025,2765688357685737
0,15384,GET,2765688357782461,2765688357783273
0,11522,PUT,2765688357688904,2765688357689626
0,11522,GET,2765688357782471,2765688357783343
0,15892,PUT,2765688357690588,2765688357691229
0,15892,GET,2765688357782481,2765688357783293
0,13597,PUT,2765688357691069,2765688357691851
0,13597,GET,2765688357782612,2765688357783333
0,16658,PUT,2765688357698276,2765688357698967
0,16658,GET,2765688357782702,2765688357783383
0,16660,PUT,2765688357694136,2765688357694808
0,16660,GET,2765688357782782,2765688357783474
0,13341,PUT,2765688357689465,2765688357690167
0,13341,GET,2765688357782812,2765688357783664
0,13831,PUT,2765688357694577,2765688357695189
0,13831,GET,2765688357782822,2765688357783574
0,19459,PUT,2765688357698196,2765688357698837
0,19459,GET,2765688357782832,2765688357783985
0,12553,PUT,2765688357689796,2765688357690468
0,12553,GET,2765688357782993,2765688357783925
0,15900,PUT,2765688357690708,2765688357691420
0,15900,GET,2765688357783043,2765688357783824
0,15644,PUT,2765688357689826,2765688357690568
0,15644,GET,2765688357783133,2765688357783925
0,14080,PUT,2765688357690007,2765688357690738
0,14080,GET,2765688357783183,2765688357784005
0,15896,PUT,2765688357695249,2765688357695740
0,15896,GET,2765688357783243,2765688357784015
0,13593,PUT,2765688357692071,2765688357692773
0,13593,GET,2765688357783283,2765688357784065
0,12034,PUT,2765688357691821,2765688357692522
0,12034,GET,2765688357783413,2765688357784195
0,8712,PUT,2765688357695219,2765688357696111
0,8712,GET,2765688357783504,2765688357784255
0,18947,PUT,2765688357694697,2765688357695419
0,18947,GET,2765688357783514,2765688357784306
0,14858,PUT,2765688357689215,2765688357689916
0,14858,GET,2765688357783604,2765688357784466
0,14357,PUT,2765688357691931,2765688357692633
0,14357,GET,2765688357783644,2765688357784416
0,15364,PUT,2765688357699188,2765688357699609
0,15364,GET,2765688357783684,2765688357784717
0,15901,PUT,2765688357701243,2765688357701934
0,15901,GET,2765688357783704,2765688357784486
0,14613,PUT,2765688357692783,2765688357693384
0,14613,GET,2765688357783814,2765688357784616
0,13058,PUT,2765688357696131,2765688357696923
0,13058,GET,2765688357783925,2765688357784626
0,17667,PUT,2765688357687962,2765688357688673
0,17667,GET,2765688357783965,2765688357784646
0,17172,PUT,2765688357696752,2765688357697444
0,17172,GET,2765688357784155,2765688357784957
0,17157,PUT,2765688357691179,2765688357691901
0,17157,GET,2765688357784165,2765688357785027
0,16148,PUT,2765688357692482,2765688357693164
0,16148,GET,2765688357784346,2765688357785117
0,16901,PUT,2765688357690327,2765688357691049
0,16901,GET,2765688357784396,2765688357785538
0,17413,PUT,2765688357693274,2765688357694006
0,17413,GET,2765688357784426,2765688357785107
0,15114,PUT,2765688357690057,2765688357690778
0,15114,GET,2765688357784456,2765688357785238
0,15108,PUT,2765688357697434,2765688357698196
0,15108,GET,2765688357784456,2765688357785338
0,16916,PUT,2765688357694938,2765688357695630
0,16916,GET,2765688357784596,2765688357785378
0,13081,PUT,2765688357687441,2765688357688162
0,13081,GET,2765688357784777,2765688357785508
0,13575,PUT,2765688357693605,2765688357694417
0,13575,GET,2765688357784777,2765688357785538
0,8968,PUT,2765688357698376,2765688357699178
0,8968,GET,2765688357784837,2765688357785538
0,14596,PUT,2765688357692793,2765688357693555
0,14596,GET,2765688357784887,2765688357785819
0,12809,PUT,2765688357690608,2765688357691099
0,12809,GET,2765688357784937,2765688357785739
0,18691,PUT,2765688357692903,2765688357693625
0,18691,GET,2765688357785037,2765688357785829
0,8464,PUT,2765688357695329,2765688357696622
0,8464,GET,2765688357785067,2765688357785839
0,13833,PUT,2765688357695098,2765688357695780
0,13833,GET,2765688357785087,2765688357785889
0,14361,PUT,2765688357695680,2765688357696331
0,14361,GET,2765688357785198,2765688357785899
0,12546,PUT,2765688357693575,2765688357694276
0,12546,GET,2765688357785218,2765688357786220
0,13824,PUT,2765688357689014,2765688357689836
0,13824,GET,2765688357785258,2765688357785959
0,14089,PUT,2765688357698176,2765688357698847
0,14089,GET,2765688357785258,2765688357786070
0,19205,PUT,2765688357699639,2765688357700310
0,19205,GET,2765688357785308,2765688357786200
0,15133,PUT,2765688357698015,2765688357698717
0,15133,GET,2765688357785378,2765688357786240
0,17925,PUT,2765688357695018,2765688357695620
0,17925,GET,2765688357785488,2765688357786420
0,14109,PUT,2765688357692903,2765688357693555
0,14109,GET,2765688357785518,2765688357786320
0,19203,PUT,2765688357697384,2765688357698065
0,19203,GET,2765688357785669,2765688357786461
0,18181,PUT,2765688357695760,2765688357696452
0,18181,GET,2765688357785679,2765688357786481
0,16412,PUT,2765688357696963,2765688357697574
0,16412,GET,2765688357785789,2765688357786681
0,18179,PUT,2765688357691290,2765688357691861
0,18179,GET,2765688357785939,2765688357786761
0,12290,PUT,2765688357692683,2765688357693445
0,12290,GET,2765688357785969,2765688357786771
0,13314,PUT,2765688357698717,2765688357699298
0,13314,GET,2765688357785999,2765688357786952
0,14336,PUT,2765688357696091,2765688357697013
0,14336,GET,2765688357786020,2765688357786902
0,9744,PUT,2765688357702766,2765688357703458
0,9744,GET,2765688357786140,2765688357787042
0,13849,PUT,2765688357694006,2765688357694707
0,13849,GET,2765688357786140,2765688357787122
0,11017,PUT,2765688357683832,2765688357684544
0,11017,GET,2765688357786150,2765688357786972
0,19461,PUT,2765688357702165,2765688357702846
0,19461,GET,2765688357786270,2765688357787032
0,17669,PUT,2765688357694136,2765688357694878
0,17669,GET,2765688357786380,2765688357787222
0,14852,PUT,2765688357693695,2765688357694427
0,14852,GET,2765688357786591,2765688357787363
0,14087,PUT,2765688357695329,2765688357695810
0,14087,GET,2765688357786621,2765688357787403
0,18437,PUT,2765688357696582,2765688357697203
0,18437,GET,2765688357786731,2765688357787443
0,16408,PUT,2765688357698536,2765688357699238
0,16408,GET,2765688357786912,2765688357787723
0,14343,PUT,2765688357699068,2765688357699930
0,14343,GET,2765688357787032,2765688357787814
0,9480,PUT,2765688357700331,2765688357701002
0,9480,GET,2765688357787052,2765688357787864
0,16152,PUT,2765688357697684,2765688357698376
0,16152,GET,2765688357787062,2765688357787784
0,14877,PUT,2765688357696241,2765688357696963
0,14877,GET,2765688357787152,2765688357788134
0,12802,PUT,2765688357694417,2765688357695159
0,12802,GET,2765688357787172,2765688357787974
0,17428,PUT,2765688357698446,2765688357699138
0,17428,GET,2765688357787262,2765688357787894
0,16138,PUT,2765688357696391,2765688357697153
0,16138,GET,2765688357787713,2765688357788515
0,18452,PUT,2765688357703809,2765688357704520
0,18452,GET,2765688357787754,2765688357788455
0,14105,PUT,2765688357694848,2765688357695539
0,14105,GET,2765688357787774,2765688357788465
0,16132,PUT,2765688357702215,2765688357702876
0,16132,GET,2765688357787954,2765688357789087
0,14084,PUT,2765688357690848,2765688357691700
0,14084,GET,2765688357787954,2765688357788766
0,17684,PUT,2765688357699268,2765688357699940
0,17684,GET,2765688357787974,2765688357788916
0,14869,PUT,2765688357693525,2765688357694196
0,14869,GET,2765688357788014,2765688357788796
0,16668,PUT,2765688357697734,2765688357698456
0,16668,GET,2765688357788054,2765688357788896
0,14082,PUT,2765688357701894,2765688357702536
0,14082,GET,2765688357788064,2765688357788896
0,14338,PUT,2765688357703608,2765688357704119
0,14338,GET,2765688357788084,2765688357789037
0,18435,PUT,2765688357692001,2765688357692743
0,18435,GET,2765688357788084,2765688357788866
0,8462,PUT,2765688357700010,2765688357701243
0,8462,GET,2765688357788104,2765688357788776
0,15104,PUT,2765688357699078,2765688357699950
0,15104,GET,2765688357788265,2765688357789006
0,8710,PUT,2765688357701533,2765688357702215
0,8710,GET,2765688357788285,2765688357789067
0,15381,PUT,2765688357700451,2765688357701132
0,15381,GET,2765688357788435,2765688357789157
0,14345,PUT,2765688357698977,2765688357699779
0,14345,GET,2765688357788445,2765688357789267
0,13853,PUT,2765688357692001,2765688357692753
0,13853,GET,2765688357788445,2765688357789237
0,15125,PUT,2765688357694337,2765688357694838
0,15125,GET,2765688357788535,2765688357789307
0,15882,PUT,2765688357695559,2765688357696261
0,15882,GET,2765688357788606,2765688357789468
0,13077,PUT,2765688357685636,2765688357686338
0,13077,GET,2765688357788766,2765688357789478
0,14617,PUT,2765688357698376,2765688357699218
0,14617,GET,2765688357788906,2765688357789698
0,17180,PUT,2765688357703007,2765688357703748
0,17180,GET,2765688357789006,2765688357789678
0,14601,PUT,2765688357699940,2765688357700611
0,14601,GET,2765688357789037,2765688357789889
0,16650,PUT,2765688357705021,2765688357705873
0,16650,GET,2765688357789047,2765688357789858
0,15360,PUT,2765688357703799,2765688357704520
0,15360,GET,2765688357789227,2765688357790029
0,13568,PUT,2765688357688192,2765688357688844
0,13568,GET,2765688357789287,2765688357790049
0,18196,PUT,2765688357702927,2765688357703668
0,18196,GET,2765688357789297,2765688357790330
0,16394,PUT,2765688357701002,2765688357701613
0,16394,GET,2765688357789468,2765688357790310
0,16402,PUT,2765688357694637,2765688357695329
0,16402,GET,2765688357789538,2765688357790330
0,8454,PUT,2765688357699308,2765688357700331
0,8454,GET,2765688357789608,2765688357790410
0,16388,PUT,2765688357704410,2765688357705112
0,16388,GET,2765688357789638,2765688357790420
0,19971,PUT,2765688357705162,2765688357705813
0,19971,GET,2765688357789768,2765688357790570
0,15620,PUT,2765688357700651,2765688357701182
0,15620,GET,2765688357789858,2765688357790480
0,13826,PUT,2765688357701012,2765688357701754
0,13826,GET,2765688357789989,2765688357790951
0,15111,PUT,2765688357705051,2765688357705954
0,15111,GET,2765688357790069,2765688357790931
0,18708,PUT,2765688357705723,2765688357706425
0,18708,GET,2765688357790149,2765688357790951
0,9224,PUT,2765688357699448,2765688357700190
0,9224,GET,2765688357790179,2765688357790951
0,16664,PUT,2765688357703017,2765688357703859
0,16664,GET,2765688357790239,2765688357791101
0,16146,PUT,2765688357693765,2765688357694477
0,16146,GET,2765688357790249,2765688357791071
0,14850,PUT,2765688357705893,2765688357706565
0,14850,GET,2765688357790340,2765688357791172
0,17426,PUT,2765688357701844,2765688357702546
0,17426,GET,2765688357790390,2765688357791121
0,15132,PUT,2765688357688303,2765688357689064
0,15132,GET,2765688357790440,2765688357791252
0,15872,PUT,2765688357705663,2765688357706455
0,15872,GET,2765688357790550,2765688357791202
0,14848,PUT,2765688357698186,2765688357698927
0,14848,GET,2765688357790560,2765688357791342
0,17432,PUT,2765688357706826,2765688357707527
0,17432,GET,2765688357790630,2765688357791613
0,18693,PUT,2765688357698005,2765688357698657
0,18693,GET,2765688357790680,2765688357791482
0,8721,PUT,2765688357699539,2765688357700621
0,8721,GET,2765688357790700,2765688357791392
0,19973,PUT,2765688357705853,2765688357706525
0,19973,GET,2765688357790730,2765688357791532
0,9233,PUT,2765688357704771,2765688357705533
0,9233,GET,2765688357790941,2765688357791703
0,8718,PUT,2765688357701924,2765688357702776
0,8718,GET,2765688357791001,2765688357791803
0,8966,PUT,2765688357702365,2765688357703037
0,8966,GET,2765688357791272,2765688357792054
0,14855,PUT,2765688357702997,2765688357704109
0,14855,GET,2765688357791282,2765688357791843
0,9745,PUT,2765688357706455,2765688357707136
0,9745,GET,2765688357791332,2765688357792124
0,15370,PUT,2765688357693003,2765688357693625
0,15370,GET,2765688357791392,2765688357792184
0,19732,PUT,2765688357711998,2765688357712649
0,19732,GET,2765688357791402,2765688357792184
0,17176,PUT,2765688357705974,2765688357706695
0,17176,GET,2765688357791472,2765688357792294
0,14594,PUT,2765688357705182,2765688357705753
0,14594,GET,2765688357791482,2765688357792264
0,15389,PUT,2765688357698857,2765688357699559
0,15389,GET,2765688357791653,2765688357792344
0,16914,PUT,2765688357699118,2765688357699950
0,16914,GET,2765688357791663,2765688357792485
0,10000,PUT,2765688357705723,2765688357706304
0,10000,GET,2765688357791673,2765688357792705
0,16644,PUT,2765688357705252,2765688357705924
0,16644,GET,2765688357791743,2765688357792645
0,15385,PUT,2765688357706826,2765688357707597
0,15385,GET,2765688357791783,2765688357792695
0,14873,PUT,2765688357702776,2765688357703538
0,14873,GET,2765688357791843,2765688357792615
0,10248,PUT,2765688357708369,2765688357709051
0,10248,GET,2765688357791873,2765688357792996
0,15106,PUT,2765688357706705,2765688357707387
0,15106,GET,2765688357791883,2765688357792725
0,14592,PUT,2765688357697303,2765688357698015
0,14592,GET,2765688357791933,2765688357792695
0,15362,PUT,2765688357707517,2765688357708209
0,15362,GET,2765688357791953,2765688357792906
0,19715,PUT,2765688357701684,2765688357702345
0,19715,GET,2765688357791973,2765688357792805
0,20741,PUT,2765688357708339,2765688357709341
0,20741,GET,2765688357792023,2765688357793126
0,19717,PUT,2765688357702987,2765688357703718
0,19717,GET,2765688357792064,2765688357792936
0,16157,PUT,2765688357706916,2765688357707617
0,16157,GET,2765688357792204,2765688357792896
0,15645,PUT,2765688357700501,2765688357701102
0,15645,GET,2765688357792344,2765688357793066
0,9489,PUT,2765688357705683,2765688357706314
0,9489,GET,2765688357792374,2765688357793056
0,15113,PUT,2765688357707978,2765688357708660
0,15113,GET,2765688357792404,2765688357793166
0,20485,PUT,2765688357707547,2765688357708209
0,20485,GET,2765688357792775,2765688357793547
0,8465,PUT,2765688357696151,2765688357697143
0,8465,GET,2765688357792855,2765688357793657
0,19220,PUT,2765688357708329,2765688357709432
0,19220,GET,2765688357792855,2765688357793617
0,10246,PUT,2765688357710494,2765688357711196
0,10246,GET,2765688357792936,2765688357793818
0,16906,PUT,2765688357706034,2765688357706685
0,16906,GET,2765688357792956,2765688357793567
0,9478,PUT,2765688357707998,2765688357708740
0,9478,GET,2765688357793056,2765688357793798
0,17944,PUT,2765688357708459,2765688357708850
0,17944,GET,2765688357793066,2765688357793998
0,16409,PUT,2765688357711296,2765688357711998
0,16409,GET,2765688357793136,2765688357794008
0,9232,PUT,2765688357700932,2765688357701724
0,9232,GET,2765688357793196,2765688357793958
0,17170,PUT,2765688357700170,2765688357700832
0,17170,GET,2765688357793246,2765688357794018
0,14599,PUT,2765688357701233,2765688357701914
0,14599,GET,2765688357793437,2765688357794088
0,15616,PUT,2765688357704711,2765688357705493
0,15616,GET,2765688357793487,2765688357794299
0,17938,PUT,2765688357706505,2765688357707186
0,17938,GET,2765688357793567,2765688357794379
0,15129,PUT,2765688357705964,2765688357706675
0,15129,GET,2765688357793677,2765688357794469
0,20229,PUT,2765688357706665,2765688357707407
0,20229,GET,2765688357793697,2765688357794339
0,16920,PUT,2765688357705142,2765688357705823
0,16920,GET,2765688357793717,2765688357794429
0,20227,PUT,2765688357707648,2765688357708299
0,20227,GET,2765688357793747,2765688357794559
0,15367,PUT,2765688357706906,2765688357707557
0,15367,GET,2765688357793798,2765688357794489
0,18180,PUT,2765688357714614,2765688357715315
0,18180,GET,2765688357793828,2765688357794680
0,17162,PUT,2765688357706826,2765688357707507
0,17162,GET,2765688357794128,2765688357794870
0,16900,PUT,2765688357706866,2765688357707467
0,16900,GET,2765688357794138,2765688357794960
0,13570,PUT,2765688357699428,2765688357700100
0,13570,GET,2765688357794148,2765688357794870
0,16413,PUT,2765688357708690,2765688357709392
0,16413,GET,2765688357794148,2765688357794920
0,17930,PUT,2765688357712048,2765688357712719
0,17930,GET,2765688357794158,2765688357795051
0,10256,PUT,2765688357707287,2765688357707858
0,10256,GET,2765688357794449,2765688357795191
0,17940,PUT,2765688357701142,2765688357701824
0,17940,GET,2765688357794620,2765688357795361
0,8977,PUT,2765688357700852,2765688357701724
0,8977,GET,2765688357794680,2765688357795572
0,15623,PUT,2765688357708630,2765688357709311
0,15623,GET,2765688357794710,2765688357795582
0,8976,PUT,2765688357698827,2765688357699679
0,8976,GET,2765688357794840,2765688357795622
0,9990,PUT,2765688357709722,2765688357710364
0,9990,GET,2765688357794890,2765688357795632
0,14857,PUT,2765688357707136,2765688357707828
0,14857,GET,2765688357795000,2765688357795742
0,18964,PUT,2765688357707507,2765688357708199
0,18964,GET,2765688357795051,2765688357795882
0,17156,PUT,2765688357707607,2765688357708289
0,17156,GET,2765688357795111,2765688357795712
0,9992,PUT,2765688357707537,2765688357708239
0,9992,GET,2765688357795321,2765688357796143
0,8974,PUT,2765688357707066,2765688357707788
0,8974,GET,2765688357795331,2765688357796163
0,16386,PUT,2765688357712599,2765688357713321
0,16386,GET,2765688357795351,2765688357796173
0,9488,PUT,2765688357701864,2765688357702636
0,9488,GET,2765688357795421,2765688357796203
0,15897,PUT,2765688357708660,2765688357709261
0,15897,GET,2765688357795431,2765688357796023
0,20500,PUT,2765688357715385,2765688357716097
0,20500,GET,2765688357795431,2765688357796223
0,10504,PUT,2765688357711005,2765688357711647
0,10504,GET,2765688357795732,2765688357796714
0,18450,PUT,2765688357710905,2765688357711657
0,18450,GET,2765688357795772,2765688357796494
0,17948,PUT,2765688357707888,2765688357708630
0,17948,GET,2765688357795772,2765688357796534
0,21253,PUT,2765688357712108,2765688357712850
0,21253,GET,2765688357795802,2765688357796504
0,16896,PUT,2765688357713521,2765688357714323
0,16896,GET,2765688357795892,2765688357796734
0,18436,PUT,2765688357716388,2765688357717069
0,18436,GET,2765688357795933,2765688357796764
0,19224,PUT,2765688357714985,2765688357715686
0,19224,GET,2765688357796073,2765688357796684
0,11024,PUT,2765688357710654,2765688357711366
0,11024,GET,2765688357796313,2765688357797025
0,17436,PUT,2765688357703919,2765688357704530
0,17436,GET,2765688357796313,2765688357797175
0,18200,PUT,2765688357710955,2765688357711677
0,18200,GET,2765688357796354,2765688357797145
0,17682,PUT,2765688357705673,2765688357706355
0,17682,GET,2765688357796374,2765688357797125
0,16669,PUT,2765688357711256,2765688357711887
0,16669,GET,2765688357796384,2765688357797195
0,10001,PUT,2765688357710374,2765688357711055
0,10001,GET,2765688357796544,2765688357797356
0,15876,PUT,2765688357701343,2765688357702065
0,15876,GET,2765688357796664,2765688357797396
0,9222,PUT,2765688357705573,2765688357706174
0,9222,GET,2765688357796664,2765688357797426
0,15874,PUT,2765688357709983,2765688357710715
0,15874,GET,2765688357796835,2765688357797516
0,15641,PUT,2765688357707738,2765688357708530
0,15641,GET,2765688357796895,2765688357797667
0,18712,PUT,2765688357712589,2765688357713000
0,18712,GET,2765688357797055,2765688357797937
0,15893,PUT,2765688357711617,2765688357712308
0,15893,GET,2765688357797075,2765688357797697
0,17692,PUT,2765688357706274,2765688357706966
0,17692,GET,2765688357797165,2765688357797987
0,20483,PUT,2765688357708459,2765688357709141
0,20483,GET,2765688357797256,2765688357797947
0,15625,PUT,2765688357709732,2765688357710394
0,15625,GET,2765688357797286,2765688357797977
0,16924,PUT,2765688357701263,2765688357701894
0,16924,GET,2765688357797346,2765688357798088
0,16391,PUT,2765688357711877,2765688357712589
0,16391,GET,2765688357797466,2765688357798248
0,16665,PUT,2765688357712138,2765688357712840
0,16665,GET,2765688357797486,2765688357798248
0,16135,PUT,2765688357711206,2765688357711727
0,16135,GET,2765688357797506,2765688357798288
0,16642,PUT,2765688357713451,2765688357714153
0,16642,GET,2765688357797516,2765688357798438
0,15879,PUT,2765688357709472,2765688357710163
0,15879,GET,2765688357797526,2765688357798338
0,10512,PUT,2765688357708880,2765688357709622
0,10512,GET,2765688357797596,2765688357798398
0,9736,PUT,2765688357706685,2765688357707387
0,9736,GET,2765688357797677,2765688357798499
0,18456,PUT,2765688357711807,2765688357712459
0,18456,GET,2765688357797737,2765688357798529
0,19988,PUT,2765688357712779,2765688357713511
0,19988,GET,2765688357797797,2765688357798599
0,18194,PUT,2765688357709141,2765688357709803
0,18194,GET,2765688357797827,2765688357798529
0,16128,PUT,2765688357707908,2765688357708920
0,16128,GET,2765688357798007,2765688357798990
0,17674,PUT,2765688357708469,2765688357709171
0,17674,GET,2765688357798017,2765688357798699
0,16384,PUT,2765688357709121,2765688357710013
0,16384,GET,2765688357798068,2765688357798940
0,19476,PUT,2765688357710424,2765688357711015
0,19476,GET,2765688357798078,2765688357798879
0,20997,PUT,2765688357709482,2765688357710254
0,20997,GET,2765688357798118,2765688357798869
0,9486,PUT,2765688357709752,2765688357710484
0,9486,GET,2765688357798118,2765688357799180
0,9734,PUT,2765688357708900,2765688357709582
0,9734,GET,2765688357798138,2765688357798970
0,16153,PUT,2765688357710364,2765688357711156
0,16153,GET,2765688357798338,2765688357799130
0,17688,PUT,2765688357707658,2765688357708319
0,17688,GET,2765688357798418,2765688357799200
0,16149,PUT,2765688357712469,2765688357713160
0,16149,GET,2765688357798559,2765688357799441
0,16137,PUT,2765688357712298,2765688357712990
0,16137,GET,2765688357798579,2765688357799401
0,15369,PUT,2765688357708800,2765688357709592
0,15369,GET,2765688357798589,2765688357799371
0,16898,PUT,2765688357715115,2765688357715726
0,16898,GET,2765688357798649,2765688357799481
0,16405,PUT,2765688357714243,2765688357714954
0,16405,GET,2765688357798659,2765688357799240
0,17668,PUT,2765688357711156,2765688357711857
0,17668,GET,2765688357798839,2765688357799521
0,17412,PUT,2765688357710324,2765688357711025
0,17412,GET,2765688357798930,2765688357799601
0,18962,PUT,2765688357714594,2765688357715305
0,18962,GET,2765688357799010,2765688357799761
0,9742,PUT,2765688357711567,2765688357712228
0,9742,GET,2765688357799030,2765688357799731
0,16917,PUT,2765688357716879,2765688357717631
0,16917,GET,2765688357799040,2765688357799812
0,17418,PUT,2765688357707648,2765688357708329
0,17418,GET,2765688357799250,2765688357800052
0,16925,PUT,2765688357712769,2765688357713481
0,16925,GET,2765688357799280,2765688357800062
0,11792,PUT,2765688357716849,2765688357717651
0,11792,GET,2765688357799300,2765688357800132
0,16393,PUT,2765688357713120,2765688357713762
0,16393,GET,2765688357799320,2765688357800182
0,15881,PUT,2765688357710524,2765688357711216
0,15881,GET,2765688357799330,2765688357800162
0,11014,PUT,2765688357715676,2765688357716338
0,11014,GET,2765688357799381,2765688357799862
0,20995,PUT,2765688357714433,2765688357715065
0,20995,GET,2765688357799531,2765688357800353
0,10758,PUT,2765688357714784,2765688357715536
0,10758,GET,2765688357799571,2765688357800373
0,15618,PUT,2765688357709181,2765688357709843
0,15618,GET,2765688357799621,2765688357800383
0,11536,PUT,2765688357715185,2765688357715847
0,11536,GET,2765688357799621,2765688357800393
0,16130,PUT,2765688357711797,2765688357712459
0,16130,GET,2765688357799661,2765688357800443
0,9230,PUT,2765688357708880,2765688357709592
0,9230,GET,2765688357799731,2765688357800433
0,10254,PUT,2765688357714303,2765688357714744
0,10254,GET,2765688357799862,2765688357800573
0,16903,PUT,2765688357715586,2765688357716207
0,16903,GET,2765688357799872,2765688357800724
0,11280,PUT,2765688357713381,2765688357714082
0,11280,GET,2765688357800042,2765688357800724
0,15637,PUT,2765688357709813,2765688357710514
0,15637,GET,2765688357800192,2765688357801004
0,17429,PUT,2765688357718603,2765688357719084
0,17429,GET,2765688357800273,2765688357801285
0,10513,PUT,2765688357713852,2765688357714564
0,10513,GET,2765688357800273,2765688357801064
0,18706,PUT,2765688357711817,2765688357712519
0,18706,GET,2765688357800293,2765688357801054
0,16640,PUT,2765688357712499,2765688357713351
0,16640,GET,2765688357800503,2765688357801315
0,17437,PUT,2765688357714353,2765688357715015
0,17437,GET,2765688357800704,2765688357801495
0,10769,PUT,2765688357714714,2765688357715385
0,10769,GET,2765688357800714,2765688357801526
0,18968,PUT,2765688357714203,2765688357714844
0,18968,GET,2765688357800834,2765688357801606
0,20739,PUT,2765688357713591,2765688357714273
0,20739,GET,2765688357800874,2765688357801265
0,11272,PUT,2765688357717561,2765688357718172
0,11272,GET,2765688357801135,2765688357801977
0,11537,PUT,2765688357717150,2765688357717811
0,11537,GET,2765688357801185,2765688357801906
0,12048,PUT,2765688357717781,2765688357718513
0,12048,GET,2765688357801335,2765688357802247
0,11526,PUT,2765688357718262,2765688357718894
0,11526,GET,2765688357801395,2765688357802157
0,16661,PUT,2765688357716067,2765688357716749
0,16661,GET,2765688357801415,2765688357802277
0,10257,PUT,2765688357711216,2765688357711857
0,10257,GET,2765688357801425,2765688357802177
0,12304,PUT,2765688357718653,2765688357719184
0,12304,GET,2765688357801445,2765688357802277
0,18716,PUT,2765688357717901,2765688357718613
0,18716,GET,2765688357801606,2765688357802337
0,10502,PUT,2765688357712148,2765688357712749
0,10502,GET,2765688357801646,2765688357802448
0,19218,PUT,2765688357715456,2765688357716127
0,19218,GET,2765688357801666,2765688357802337
0,17154,PUT,2765688357715867,2765688357716648
0,17154,GET,2765688357801676,2765688357802468
0,16647,PUT,2765688357714724,2765688357715446
0,16647,GET,2765688357801816,2765688357802598
0,17152,PUT,2765688357717891,2765688357718793
0,17152,GET,2765688357801836,2765688357802658
0,21268,PUT,2765688357717901,2765688357718503
0,21268,GET,2765688357802057,2765688357802899
0,17693,PUT,2765688357716107,2765688357716789
0,17693,GET,2765688357802067,2765688357802899
0,21507,PUT,2765688357718042,2765688357718643
0,21507,GET,2765688357802077,2765688357802879
0,17673,PUT,2765688357719826,2765688357720497
0,17673,GET,2765688357802247,2765688357803139
0,21765,PUT,2765688357718663,2765688357719325
0,21765,GET,2765688357802297,2765688357803129
0,19204,PUT,2765688357720638,2765688357721500
0,19204,GET,2765688357802388,2765688357803219
0,13072,PUT,2765688357723133,2765688357723935
0,13072,GET,2765688357802408,2765688357803250
0,17664,PUT,2765688357720056,2765688357720838
0,17664,GET,2765688357802418,2765688357803149
0,19474,PUT,2765688357716258,2765688357716899
0,19474,GET,2765688357802468,2765688357803250
0,19716,PUT,2765688357722462,2765688357723164
0,19716,GET,2765688357802488,2765688357803209
0,16921,PUT,2765688357715686,2765688357716448
0,16921,GET,2765688357802488,2765688357803250
0,10760,PUT,2765688357715947,2765688357716548
0,10760,GET,2765688357802578,2765688357803420
0,21251,PUT,2765688357716308,2765688357716959
0,21251,GET,2765688357802618,2765688357803380
0,11016,PUT,2765688357716699,2765688357717420
0,11016,GET,2765688357802939,2765688357803921
0,9998,PUT,2765688357713491,2765688357714173
0,9998,GET,2765688357803009,2765688357803811
0,20244,PUT,2765688357714624,2765688357715255
0,20244,GET,2765688357803039,2765688357803821
0,11025,PUT,2765688357715516,2765688357716187
0,11025,GET,2765688357803059,2765688357803811
0,18460,PUT,2765688357716979,2765688357717741
0,18460,GET,2765688357803139,2765688357803891
0,19986,PUT,2765688357717881,2765688357718593
0,19986,GET,2765688357803159,2765688357804041
0,10768,PUT,2765688357709762,2765688357710524
0,10768,GET,2765688357803199,2765688357804051
0,11281,PUT,2765688357716318,2765688357717009
0,11281,GET,2765688357803260,2765688357804061
0,17417,PUT,2765688357719064,2765688357719685
0,17417,GET,2765688357803290,2765688357804142
0,21509,PUT,2765688357717751,2765688357718513
0,21509,GET,2765688357803360,2765688357804142
0,11270,PUT,2765688357716478,2765688357717160
0,11270,GET,2765688357803380,2765688357804102
0,17433,PUT,2765688357720066,2765688357720728
0,17433,GET,2765688357803380,2765688357804092
0,19722,PUT,2765688357722933,2765688357723615
0,19722,GET,2765688357803440,2765688357804262
0,10510,PUT,2765688357714884,2765688357715616
0,10510,GET,2765688357803470,2765688357804162
0,16649,PUT,2765688357716618,2765688357717300
0,16649,GET,2765688357803550,2765688357804362
0,18186,PUT,2765688357714894,2765688357715556
0,18186,GET,2765688357803630,2765688357804462
0,17181,PUT,2765688357713631,2765688357714223
0,17181,GET,2765688357803650,2765688357804442
0,17924,PUT,2765688357713792,2765688357714473
0,17924,GET,2765688357803681,2765688357804653
0,18204,PUT,2765688357715205,2765688357715927
0,18204,GET,2765688357803701,2765688357804462
0,18948,PUT,2765688357719786,2765688357720507
0,18948,GET,2765688357803781,2765688357804553
0,17159,PUT,2765688357716338,2765688357717039
0,17159,GET,2765688357803941,2765688357804863
0,12560,PUT,2765688357719325,2765688357720137
0,12560,GET,2765688357803941,2765688357804773
0,11793,PUT,2765688357717951,2765688357718623
0,11793,GET,2765688357803951,2765688357804723
0,17415,PUT,2765688357717170,2765688357717861
0,17415,GET,2765688357804021,2765688357804903
0,19736,PUT,2765688357716638,2765688357717330
0,19736,GET,2765688357804182,2765688357805084
0,18442,PUT,2765688357715706,2765688357716398
0,18442,GET,2765688357804202,2765688357804893
0,17177,PUT,2765688357719184,2765688357719916
0,17177,GET,2765688357804242,2765688357805074
0,21763,PUT,2765688357718783,2765688357719475
0,21763,GET,2765688357804282,2765688357805064
0,19466,PUT,2765688357721119,2765688357721790
0,19466,GET,2765688357804292,2765688357805144
0,17666,PUT,2765688357717621,2765688357718312
0,17666,GET,2765688357804302,2765688357805114
0,20504,PUT,2765688357721820,2765688357722452
0,20504,GET,2765688357804502,2765688357805204
0,17410,PUT,2765688357716789,2765688357717490
0,17410,GET,2765688357804623,2765688357805415
0,18183,PUT,2765688357720357,2765688357721069
0,18183,GET,2765688357805044,2765688357805826
0,21012,PUT,2765688357717079,2765688357717771
0,21012,GET,2765688357805044,2765688357805675
0,10766,PUT,2765688357720167,2765688357720868
0,10766,GET,2765688357805204,2765688357805645
0,20756,PUT,2765688357716237,2765688357716939
0,20756,GET,2765688357805254,2765688357806136
0,16905,PUT,2765688357717460,2765688357718122
0,16905,GET,2765688357805294,2765688357806086
0,18698,PUT,2765688357717520,2765688357718232
0,18698,GET,2765688357805415,2765688357806186
0,12550,PUT,2765688357725238,2765688357725940
0,12550,GET,2765688357805745,2765688357806547
0,18461,PUT,2765688357722292,2765688357722913
0,18461,GET,2765688357805785,2765688357806497
0,17922,PUT,2765688357719305,2765688357719996
0,17922,GET,2765688357805805,2765688357806667
0,17161,PUT,2765688357718262,2765688357718924
0,17161,GET,2765688357805826,2765688357806688
0,21524,PUT,2765688357720347,2765688357721089
0,21524,GET,2765688357805886,2765688357806587
0,19480,PUT,2765688357715827,2765688357716508
0,19480,GET,2765688357805976,2765688357806718
0,18205,PUT,2765688357717791,2765688357718473
0,18205,GET,2765688357805986,2765688357806958
0,17408,PUT,2765688357718984,2765688357719866
0,17408,GET,2765688357806006,2765688357806718
0,12305,PUT,2765688357720467,2765688357721169
0,12305,GET,2765688357806016,2765688357806788
0,18972,PUT,2765688357718753,2765688357719475
0,18972,GET,2765688357806327,2765688357807129
0,19228,PUT,2765688357721520,2765688357722191
0,19228,GET,2765688357806337,2765688357807159
0,12049,PUT,2765688357719695,2765688357720327
0,12049,GET,2765688357806427,2765688357807119
0,17671,PUT,2765688357718844,2765688357719475
0,17671,GET,2765688357806627,2765688357807429
0,20242,PUT,2765688357719655,2765688357720367
0,20242,GET,2765688357806667,2765688357807369
0,17949,PUT,2765688357716929,2765688357717651
0,17949,GET,2765688357806698,2765688357807469
0,18692,PUT,2765688357718944,2765688357719645
0,18692,GET,2765688357806718,2765688357807489
0,17173,PUT,2765688357717761,2765688357718463
0,17173,GET,2765688357806828,2765688357807540
0,20484,PUT,2765688357726692,2765688357727273
0,20484,GET,2765688357806878,2765688357807750
0,17685,PUT,2765688357720167,2765688357720868
0,17685,GET,2765688357806928,2765688357807680
0,19730,PUT,2765688357717039,2765688357717741
0,19730,GET,2765688357807109,2765688357807971
0,22292,PUT,2765688357728777,2765688357729478
0,22292,GET,2765688357807239,2765688357807850
0,11534,PUT,2765688357723394,2765688357724076
0,11534,GET,2765688357807519,2765688357808231
0,11022,PUT,2765688357721019,2765688357721700
0,11022,GET,2765688357807620,2765688357808321
0,18439,PUT,2765688357722091,2765688357722823
0,18439,GET,2765688357807680,2765688357808472
0,12816,PUT,2765688357721309,2765688357722001
0,12816,GET,2765688357807680,2765688357808361
0,19484,PUT,2765688357723324,2765688357724016
0,19484,GET,2765688357807710,2765688357808512
0,13584,PUT,2765688357726692,2765688357727283
0,13584,GET,2765688357807790,2765688357808452
0,12808,PUT,2765688357730170,2765688357730781
0,12808,GET,2765688357807810,2765688357808482
0,20228,PUT,2765688357725950,2765688357726561
0,20228,GET,2765688357807900,2765688357808592
0,11278,PUT,2765688357721840,2765688357722342
0,11278,GET,2765688357807991,2765688357808802
0,18973,PUT,2765688357726642,2765688357727313
0,18973,GET,2765688357808001,2765688357808822
0,19741,PUT,2765688357729278,2765688357729959
0,19741,GET,2765688357808011,2765688357808943
0,18954,PUT,2765688357719345,2765688357720066
0,18954,GET,2765688357808091,2765688357809203
0,19996,PUT,2765688357726060,2765688357726722
0,19996,GET,2765688357808091,2765688357808873
0,18717,PUT,2765688357725830,2765688357726491
0,18717,GET,2765688357808131,2765688357808903
0,17927,PUT,2765688357719605,2765688357720227
0,17927,GET,2765688357808452,2765688357809253
0,19992,PUT,2765688357720026,2765688357720798
0,19992,GET,2765688357808452,2765688357809243
0,19978,PUT,2765688357727263,2765688357727935
0,19978,GET,2765688357808462,2765688357809213
0,18697,PUT,2765688357724046,2765688357724737
0,18697,GET,2765688357808512,2765688357809314
0,18690,PUT,2765688357724426,2765688357725118
0,18690,GET,2765688357808522,2765688357809213
0,17945,PUT,2765688357724597,2765688357725258
0,17945,GET,2765688357808572,2765688357809454
0,20746,PUT,2765688357732585,2765688357733187
0,20746,GET,2765688357808602,2765688357809414
0,22036,PUT,2765688357727193,2765688357727885
0,22036,GET,2765688357808612,2765688357809414
0,19210,PUT,2765688357720207,2765688357720978
0,19210,GET,2765688357808732,2765688357809524
0,17920,PUT,2765688357723003,2765688357723865
0,17920,GET,2765688357808782,2765688357809524
0,18434,PUT,2765688357722823,2765688357723514
0,18434,GET,2765688357808943,2765688357809735
0,19460,PUT,2765688357721640,2765688357722332
0,19460,GET,2765688357808953,2765688357809735
0,22021,PUT,2765688357720427,2765688357721139
0,22021,GET,2765688357808953,2765688357809765
0,20754,PUT,2765688357722261,2765688357722983
0,20754,GET,2765688357809053,2765688357809875
0,17941,PUT,2765688357721861,2765688357722492
0,17941,GET,2765688357809103,2765688357809865
0,12561,PUT,2765688357724156,2765688357724827
0,12561,GET,2765688357809203,2765688357810005
0,20740,PUT,2765688357727403,2765688357728105
0,20740,GET,2765688357809243,2765688357810065
0,21021,PUT,2765688357736104,2765688357736815
0,21021,GET,2765688357809344,2765688357809935
0,22019,PUT,2765688357721500,2765688357722201
0,22019,GET,2765688357809384,2765688357810105
0,20489,PUT,2765688357739191,2765688357739973
0,20489,GET,2765688357809404,2765688357810186
0,22789,PUT,2765688357727534,2765688357728235
0,22789,GET,2765688357809544,2765688357810366
0,18453,PUT,2765688357727985,2765688357728706
0,18453,GET,2765688357809584,2765688357810436
0,20498,PUT,2765688357720497,2765688357721219
0,20498,GET,2765688357809584,2765688357810386
0,11790,PUT,2765688357725078,2765688357726150
0,11790,GET,2765688357809674,2765688357810526
0,21780,PUT,2765688357725339,2765688357726080
0,21780,GET,2765688357809785,2765688357810567
0,11528,PUT,2765688357722151,2765688357722863
0,11528,GET,2765688357809865,2765688357810667
0,17929,PUT,2765688357720638,2765688357721480
0,17929,GET,2765688357809885,2765688357810557
0,18201,PUT,2765688357725419,2765688357726140
0,18201,GET,2765688357809885,2765688357810667
0,19989,PUT,2765688357740363,2765688357741005
0,19989,GET,2765688357809975,2765688357810737
0,11782,PUT,2765688357721590,2765688357722412
0,11782,GET,2765688357810005,2765688357810787
0,19485,PUT,2765688357728416,2765688357729137
0,19485,GET,2765688357810045,2765688357810807
0,12040,PUT,2765688357727464,2765688357728165
0,12040,GET,2765688357810156,2765688357810937
0,18457,PUT,2765688357727253,2765688357727955
0,18457,GET,2765688357810266,2765688357811068
0,20996,PUT,2765688357731012,2765688357731693
0,20996,GET,2765688357810326,2765688357811148
0,19740,PUT,2765688357725168,2765688357725920
0,19740,GET,2765688357810416,2765688357811108
0,18185,PUT,2765688357721610,2765688357722261
0,18185,GET,2765688357810426,2765688357811148
0,20760,PUT,2765688357723564,2765688357724346
0,20760,GET,2765688357810476,2765688357811288
0,22533,PUT,2765688357726702,2765688357727383
0,22533,GET,2765688357810496,2765688357811298
0,14096,PUT,2765688357728245,2765688357728897
0,14096,GET,2765688357810567,2765688357811409
0,18178,PUT,2765688357721991,2765688357722692
0,18178,GET,2765688357810657,2765688357811439
0,21016,PUT,2765688357726561,2765688357727163
0,21016,GET,2765688357810807,2765688357811569
0,22275,PUT,2765688357724146,2765688357724847
0,22275,GET,2765688357810897,2765688357811609
0,19229,PUT,2765688357727443,2765688357728285
0,19229,GET,2765688357810897,2765688357811629
0,17689,PUT,2765688357722753,2765688357723474
0,17689,GET,2765688357810927,2765688357811789
0,12817,PUT,2765688357724988,2765688357725679
0,12817,GET,2765688357810927,2765688357811689
0,19465,PUT,2765688357730270,2765688357730962
0,19465,GET,2765688357810957,2765688357811659
0,12038,PUT,2765688357722572,2765688357723264
0,12038,GET,2765688357811218,2765688357812030
0,22277,PUT,2765688357724056,2765688357724687
0,22277,GET,2765688357811288,2765688357812050
0,13840,PUT,2765688357727423,2765688357728115
0,13840,GET,2765688357811308,2765688357812060
0,22290,PUT,2765688357738559,2765688357739311
0,22290,GET,2765688357811559,2765688357812421
0,13318,PUT,2765688357728305,2765688357729007
0,13318,GET,2765688357811569,2765688357812331
0,12558,PUT,2765688357730711,2765688357731423
0,12558,GET,2765688357811589,2765688357812571
0,23813,PUT,2765688357732034,2765688357732656
0,23813,GET,2765688357811659,2765688357812431
0,12046,PUT,2765688357727143,2765688357727864
0,12046,GET,2765688357811699,2765688357812491
0,12294,PUT,2765688357723404,2765688357724026
0,12294,GET,2765688357811739,2765688357812541
0,19972,PUT,2765688357723304,2765688357724006
0,19972,GET,2765688357811769,2765688357812621
0,14097,PUT,2765688357732325,2765688357732966
0,14097,GET,2765688357811819,2765688357812631
0,21020,PUT,2765688357733097,2765688357733808
0,21020,GET,2765688357811910,2765688357812712
0,20509,PUT,2765688357732535,2765688357733207
0,20509,GET,2765688357811940,2765688357812772
0,18969,PUT,2765688357730922,2765688357731593
0,18969,GET,2765688357811940,2765688357812631
0,22296,PUT,2765688357737838,2765688357738519
0,22296,GET,2765688357811990,2765688357812792
0,19714,PUT,2765688357731573,2765688357732255
0,19714,GET,2765688357812180,2765688357813082
0,20508,PUT,2765688357730521,2765688357731232
0,20508,GET,2765688357812180,2765688357812902
0,22531,PUT,2765688357727654,2765688357728336
0,22531,GET,2765688357812230,2765688357813092
0,22034,PUT,2765688357735693,2765688357736424
0,22034,GET,2765688357812230,2765688357813022
0,20248,PUT,2765688357720948,2765688357721680
0,20248,GET,2765688357812471,2765688357813313
0,13073,PUT,2765688357727784,2765688357728596
0,13073,GET,2765688357812571,2765688357813193
0,18946,PUT,2765688357725248,2765688357725940
0,18946,GET,2765688357812581,2765688357813403
0,21272,PUT,2765688357728356,2765688357729057
0,21272,GET,2765688357812631,2765688357813604
0,20745,PUT,2765688357740133,2765688357740794
0,20745,GET,2765688357812702,2765688357813433
0,18441,PUT,2765688357722402,2765688357723063
0,18441,GET,2765688357812722,2765688357813423
0,22301,PUT,2765688357746678,2765688357747370
0,22301,GET,2765688357812722,2765688357813584
0,18695,PUT,2765688357729819,2765688357730440
0,18695,GET,2765688357812732,2765688357813533
0,13329,PUT,2765688357729699,2765688357730370
0,13329,GET,2765688357812742,2765688357813564
0,19202,PUT,2765688357727844,2765688357728686
0,19202,GET,2765688357812752,2765688357813373
0,13328,PUT,2765688357724066,2765688357724777
0,13328,GET,2765688357812752,2765688357813453
0,13585,PUT,2765688357730521,2765688357731242
0,13585,GET,2765688357812782,2765688357813694
0,12552,PUT,2765688357729288,2765688357730029
0,12552,GET,2765688357812842,2765688357813584
0,21010,PUT,2765688357726902,2765688357727614
0,21010,GET,2765688357812922,2765688357813644
0,22802,PUT,2765688357740323,2765688357741035
0,22802,GET,2765688357812952,2765688357813533
0,14353,PUT,2765688357733959,2765688357734540
0,14353,GET,2765688357813032,2765688357813864
0,18709,PUT,2765688357730691,2765688357731373
0,18709,GET,2765688357813153,2765688357813894
0,19458,PUT,2765688357728827,2765688357729518
0,19458,GET,2765688357813243,2765688357814005
0,21258,PUT,2765688357734981,2765688357735693
0,21258,GET,2765688357813463,2765688357814225
0,18713,PUT,2765688357728095,2765688357728807
0,18713,GET,2765688357813513,2765688357814375
0,13326,PUT,2765688357737096,2765688357737777
0,13326,GET,2765688357813543,2765688357813974
0,22794,PUT,2765688357748051,2765688357748753
0,22794,GET,2765688357813684,2765688357814496
0,18197,PUT,2765688357727163,2765688357727834
0,18197,GET,2765688357813704,2765688357814506
0,18432,PUT,2765688357729709,2765688357730561
0,18432,GET,2765688357813724,2765688357814606
0,13841,PUT,2765688357731383,2765688357732184
0,13841,GET,2765688357813754,2765688357814345
0,19207,PUT,2765688357735602,2765688357736284
0,19207,GET,2765688357813964,2765688357814726
0,19997,PUT,2765688357730090,2765688357730751
0,19997,GET,2765688357814005,2765688357814846
0,19225,PUT,2765688357733648,2765688357734329
0,19225,GET,2765688357814005,2765688357814816
0,13576,PUT,2765688357735282,2765688357736053
0,13576,GET,2765688357814025,2765688357814816
0,23555,PUT,2765688357737126,2765688357737808
0,23555,GET,2765688357814055,2765688357814826
0,24323,PUT,2765688357741306,2765688357741977
0,24323,GET,2765688357814145,2765688357814937
0,12296,PUT,2765688357728305,2765688357729157
0,12296,GET,2765688357814606,2765688357815478
0,21784,PUT,2765688357734380,2765688357735021
0,21784,GET,2765688357814626,2765688357815368
0,18953,PUT,2765688357727684,2765688357728366
0,18953,GET,2765688357814646,2765688357815177
0,19221,PUT,2765688357732385,2765688357733006
0,19221,GET,2765688357814646,2765688357815338
0,12302,PUT,2765688357727995,2765688357728636
0,12302,GET,2765688357814736,2765688357815498
0,21528,PUT,2765688357732706,2765688357733367
0,21528,GET,2765688357814736,2765688357815528
0,20764,PUT,2765688357732325,2765688357732936
0,20764,GET,2765688357814887,2765688357815729
0,15889,PUT,2765688357742468,2765688357743140
0,15889,GET,2765688357814897,2765688357815729
0,12806,PUT,2765688357726070,2765688357726662
0,12806,GET,2765688357814927,2765688357815558
0,15120,PUT,2765688357736976,2765688357737677
0,15120,GET,2765688357814977,2765688357815789
0,19209,PUT,2765688357729448,2765688357730120
0,19209,GET,2765688357815187,2765688357815879
0,21266,PUT,2765688357731312,2765688357732014
0,21266,GET,2765688357815247,2765688357816029
0,22808,PUT,2765688357741336,2765688357742047
0,22808,GET,2765688357815277,2765688357816079
0,14598,PUT,2765688357739191,2765688357739882
0,14598,GET,2765688357815308,2765688357816059
0,18176,PUT,2765688357727293,2765688357728205
0,18176,GET,2765688357815318,2765688357816220
0,23828,PUT,2765688357739562,2765688357740253
0,23828,GET,2765688357815478,2765688357816220
0,14609,PUT,2765688357735512,2765688357736254
0,14609,GET,2765688357815498,2765688357816300
0,22532,PUT,2765688357741205,2765688357741877
0,22532,GET,2765688357815648,2765688357816240
0,20252,PUT,2765688357726852,2765688357727524
0,20252,GET,2765688357815739,2765688357816530
0,19481,PUT,2765688357735552,2765688357736214
0,19481,GET,2765688357815859,2765688357816621
0,18965,PUT,2765688357731523,2765688357732245
0,18965,GET,2765688357815919,2765688357816691
0,13320,PUT,2765688357734590,2765688357735151
0,13320,GET,2765688357815929,2765688357816641
0,22556,PUT,2765688357739932,2765688357740634
0,22556,GET,2765688357815929,2765688357816681
0,11784,PUT,2765688357726632,2765688357727303
0,11784,GET,2765688357816099,2765688357816761
0,19977,PUT,2765688357732886,2765688357733708
0,19977,GET,2765688357816220,2765688357816971
0,14342,PUT,2765688357734109,2765688357734801
0,14342,GET,2765688357816230,2765688357817032
0,23044,PUT,2765688357742849,2765688357743561
0,23044,GET,2765688357816370,2765688357817162
0,21764,PUT,2765688357736314,2765688357736956
0,21764,GET,2765688357816440,2765688357817222
0,22804,PUT,2765688357735512,2765688357736204
0,22804,GET,2765688357816450,2765688357817242
0,19970,PUT,2765688357733107,2765688357733768
0,19970,GET,2765688357816560,2765688357817332
0,20738,PUT,2765688357737387,2765688357737988
0,20738,GET,2765688357816621,2765688357817352
0,22276,PUT,2765688357740444,2765688357741045
0,22276,GET,2765688357816681,2765688357817292
0,21252,PUT,2765688357733648,2765688357734340
0,21252,GET,2765688357816681,2765688357817382
0,18951,PUT,2765688357732255,2765688357733016
0,18951,GET,2765688357816751,2765688357817563
0,13830,PUT,2765688357730851,2765688357731473
0,13830,GET,2765688357816781,2765688357817623
0,24325,PUT,2765688357740003,2765688357740724
0,24325,GET,2765688357816811,2765688357817683
0,24069,PUT,2765688357733708,2765688357734380
0,24069,GET,2765688357816821,2765688357817683
0,24581,PUT,2765688357740875,2765688357741356
0,24581,GET,2765688357817032,2765688357817823
0,13062,PUT,2765688357727484,2765688357728175
0,13062,GET,2765688357817092,2765688357817924
0,20994,PUT,2765688357738128,2765688357738730
0,20994,GET,2765688357817112,2765688357817894
0,21001,PUT,2765688357740925,2765688357741616
0,21001,GET,2765688357817162,2765688357817964
0,20234,PUT,2765688357728967,2765688357729649
0,20234,GET,2765688357817192,2765688357818154
0,23045,PUT,2765688357729528,2765688357730240
0,23045,GET,2765688357817432,2765688357818224
0,19456,PUT,2765688357741436,2765688357742228
0,19456,GET,2765688357817493,2765688357818305
0,24837,PUT,2765688357741496,2765688357742007
0,24837,GET,2765688357817613,2765688357818445
0,21276,PUT,2765688357733939,2765688357734650
0,21276,GET,2765688357817633,2765688357818515
0,20490,PUT,2765688357731723,2765688357732435
0,20490,GET,2765688357817683,2765688357818615
0,14352,PUT,2765688357729809,2765688357730511
0,14352,GET,2765688357817753,2765688357818515
0,20253,PUT,2765688357730891,2765688357731533
0,20253,GET,2765688357817763,2765688357818635
0,19477,PUT,2765688357737918,2765688357738619
0,19477,GET,2765688357817823,2765688357818615
0,16134,PUT,2765688357746738,2765688357747420
0,16134,GET,2765688357818094,2765688357818575
0,18688,PUT,2765688357735262,2765688357736104
0,18688,GET,2765688357818214,2765688357818966
0,12814,PUT,2765688357732605,2765688357733307
0,12814,GET,2765688357818214,2765688357819016
0,24067,PUT,2765688357739532,2765688357740223
0,24067,GET,2765688357818365,2765688357819036
0,23043,PUT,2765688357734760,2765688357735352
0,23043,GET,2765688357818375,2765688357819347
0,22548,PUT,2765688357733778,2765688357734400
0,22548,GET,2765688357818375,2765688357819096
0,23557,PUT,2765688357731192,2765688357731894
0,23557,GET,2765688357818405,2765688357819197
0,23301,PUT,2765688357730380,2765688357731052
0,23301,GET,2765688357818435,2765688357819217
0,20765,PUT,2765688357734340,2765688357735041
0,20765,GET,2765688357818575,2765688357819407
0,20226,PUT,2765688357733898,2765688357734500
0,20226,GET,2765688357818665,2765688357819447
0,20482,PUT,2765688357735602,2765688357736294
0,20482,GET,2765688357818705,2765688357819567
0,23064,PUT,2765688357742178,2765688357742909
0,23064,GET,2765688357818746,2765688357819507
0,23316,PUT,2765688357737196,2765688357737838
0,23316,GET,2765688357818756,2765688357819357
0,13832,PUT,2765688357736194,2765688357736855
0,13832,GET,2765688357818886,2765688357819648
0,21002,PUT,2765688357733317,2765688357733999
0,21002,GET,2765688357818906,2765688357819708
0,14086,PUT,2765688357731613,2765688357732345
0,14086,GET,2765688357818936,2765688357819658
0,15376,PUT,2765688357738740,2765688357739271
0,15376,GET,2765688357819167,2765688357819918
0,21788,PUT,2765688357737336,2765688357738068
0,21788,GET,2765688357819167,2765688357819928
0,20245,PUT,2765688357743050,2765688357743691
0,20245,GET,2765688357819167,2765688357819958
0,14608,PUT,2765688357732525,2765688357733247
0,14608,GET,2765688357819257,2765688357820029
0,22787,PUT,2765688357733999,2765688357734610
0,22787,GET,2765688357819357,2765688357819778
0,21778,PUT,2765688357734861,2765688357735552
0,21778,GET,2765688357819497,2765688357820269
0,22040,PUT,2765688357735171,2765688357735803
0,22040,GET,2765688357819598,2765688357820369
0,21508,PUT,2765688357734490,2765688357735171
0,21508,GET,2765688357819918,2765688357820640
0,13064,PUT,2765688357732806,2765688357733488
0,13064,GET,2765688357820069,2765688357820870
0,21769,PUT,2765688357749625,2765688357750307
0,21769,GET,2765688357820189,2765688357820981
0,13070,PUT,2765688357736244,2765688357736946
0,13070,GET,2765688357820299,2765688357821091
0,19721,PUT,2765688357732064,2765688357732756
0,19721,GET,2765688357820349,2765688357821071
0,19463,PUT,2765688357742639,2765688357743300
0,19463,GET,2765688357820349,2765688357821171
0,22300,PUT,2765688357739101,2765688357739792
0,22300,GET,2765688357820500,2765688357821362
0,14854,PUT,2765688357740033,2765688357740714
0,14854,GET,2765688357820560,2765688357821402
0,19200,PUT,2765688357737276,2765688357738158
0,19200,GET,2765688357820740,2765688357821462
0,22282,PUT,2765688357740173,2765688357740875
0,22282,GET,2765688357820780,2765688357821592
0,14088,PUT,2765688357740594,2765688357741266
0,14088,GET,2765688357821001,2765688357821682
0,15121,PUT,2765688357738148,2765688357738820
0,15121,GET,2765688357821011,2765688357821783
0,14864,PUT,2765688357735202,2765688357735893
0,14864,GET,2765688357821131,2765688357821863
0,20233,PUT,2765688357734720,2765688357735522
0,20233,GET,2765688357821201,2765688357821993
0,22788,PUT,2765688357742017,2765688357742719
0,22788,GET,2765688357821211,2765688357821993
0,24068,PUT,2765688357748823,2765688357749505
0,24068,GET,2765688357821231,2765688357822023
0,23299,PUT,2765688357735492,2765688357736104
0,23299,GET,2765688357821261,2765688357821983
0,15377,PUT,2765688357739902,2765688357740484
0,15377,GET,2765688357821291,2765688357822063
0,21506,PUT,2765688357740534,2765688357741115
0,21506,GET,2765688357821332,2765688357822153
0,13574,PUT,2765688357729989,2765688357730711
0,13574,GET,2765688357821502,2765688357822254
0,16145,PUT,2765688357743280,2765688357743832
0,16145,GET,2765688357821522,2765688357822314
0,19968,PUT,2765688357743360,2765688357744222
0,19968,GET,2765688357821642,2765688357822434
0,21789,PUT,2765688357742378,2765688357743070
0,21789,GET,2765688357821652,2765688357822464
0,23060,PUT,2765688357736364,2765688357737056
0,23060,GET,2765688357821732,2765688357822554
0,22026,PUT,2765688357738439,2765688357739111
0,22026,GET,2765688357821783,2765688357822775
0,18944,PUT,2765688357736264,2765688357737116
0,18944,GET,2765688357821933,2765688357822725
0,24084,PUT,2765688357741376,2765688357741977
0,24084,GET,2765688357822133,2765688357822925
0,21532,PUT,2765688357736495,2765688357737206
0,21532,GET,2765688357822153,2765688357822935
0,21522,PUT,2765688357733999,2765688357734700
0,21522,GET,2765688357822224,2765688357822995
0,22552,PUT,2765688357740474,2765688357741185
0,22552,GET,2765688357822344,2765688357822975
0,14865,PUT,2765688357737326,2765688357738018
0,14865,GET,2765688357822394,2765688357823246
0,23572,PUT,2765688357737978,2765688357738639
0,23572,GET,2765688357822424,2765688357823156
0,22044,PUT,2765688357738208,2765688357738960
0,22044,GET,2765688357822444,2765688357823266
0,21277,PUT,2765688357738930,2765688357739542
0,21277,GET,2765688357822574,2765688357823406
0,20249,PUT,2765688357744333,2765688357745024
0,20249,GET,2765688357822625,2765688357823416
0,25861,PUT,2765688357746247,2765688357746899
0,25861,GET,2765688357822695,2765688357823487
0,21770,PUT,2765688357736695,2765688357737367
0,21770,GET,2765688357823005,2765688357823978
0,15110,PUT,2765688357741777,2765688357742438
0,15110,GET,2765688357823015,2765688357823797
0,23811,PUT,2765688357738760,2765688357739401
0,23811,GET,2765688357823076,2765688357823647
0,19737,PUT,2765688357738229,2765688357738920
0,19737,GET,2765688357823186,2765688357823887
0,21250,PUT,2765688357738870,2765688357739552
0,21250,GET,2765688357823336,2765688357824168
0,21514,PUT,2765688357735823,2765688357736565
0,21514,GET,2765688357823406,2765688357824228
0,21533,PUT,2765688357741526,2765688357742218
0,21533,GET,2765688357823426,2765688357824329
0,16913,PUT,2765688357748452,2765688357749144
0,16913,GET,2765688357823507,2765688357824329
0,22020,PUT,2765688357737998,2765688357738700
0,22020,GET,2765688357823557,2765688357824499
0,23580,PUT,2765688357745024,2765688357745746
0,23580,GET,2765688357823557,2765688357824308
0,15622,PUT,2765688357744273,2765688357744894
0,15622,GET,2765688357823687,2765688357824429
0,15632,PUT,2765688357740404,2765688357741075
0,15632,GET,2765688357823687,2765688357824469
0,24348,PUT,2765688357747480,2765688357748081
0,24348,GET,2765688357823787,2765688357824579
0,24596,PUT,2765688357743892,2765688357744513
0,24596,GET,2765688357823938,2765688357824539
0,15633,PUT,2765688357741656,2765688357742328
0,15633,GET,2765688357823978,2765688357824780
0,21257,PUT,2765688357742609,2765688357743280
0,21257,GET,2765688357823988,2765688357824790
0,23556,PUT,2765688357745455,2765688357746157
0,23556,GET,2765688357824038,2765688357824850
0,24579,PUT,2765688357742118,2765688357742789
0,24579,GET,2765688357824058,2765688357824850
0,25093,PUT,2765688357743832,2765688357744463
0,25093,GET,2765688357824188,2765688357825180
0,22546,PUT,2765688357739451,2765688357740163
0,22546,GET,2765688357824359,2765688357825170
0,23300,PUT,2765688357743691,2765688357744383
0,23300,GET,2765688357824459,2765688357825231
0,24835,PUT,2765688357742919,2765688357743651
0,24835,GET,2765688357824469,2765688357825251
0,24340,PUT,2765688357743070,2765688357743751
0,24340,GET,2765688357824479,2765688357825381
0,16657,PUT,2765688357746638,2765688357747260
0,16657,GET,2765688357824539,2765688357825451
0,23058,PUT,2765688357741165,2765688357741797
0,23058,GET,2765688357824619,2765688357825391
0,13582,PUT,2765688357745084,2765688357745766
0,13582,GET,2765688357824719,2765688357825531
0,15366,PUT,2765688357743471,2765688357744142
0,15366,GET,2765688357824850,2765688357825381
0,23570,PUT,2765688357746428,2765688357747049
0,23570,GET,2765688357824920,2765688357825632
0,25605,PUT,2765688357745435,2765688357746107
0,25605,GET,2765688357824930,2765688357825632
0,23068,PUT,2765688357742428,2765688357743120
0,23068,GET,2765688357824970,2765688357825722
0,16400,PUT,2765688357746357,2765688357747049
0,16400,GET,2765688357824990,2765688357825752
0,19719,PUT,2765688357743461,2765688357744212
0,19719,GET,2765688357825311,2765688357826103
0,14606,PUT,2765688357748432,2765688357749124
0,14606,GET,2765688357825381,2765688357826063
0,23324,PUT,2765688357744202,2765688357744884
0,23324,GET,2765688357825391,2765688357826223
0,23832,PUT,2765688357751289,2765688357751930
0,23832,GET,2765688357825411,2765688357826163
0,25859,PUT,2765688357748943,2765688357749635
0,25859,GET,2765688357825511,2765688357826393
0,19712,PUT,2765688357742408,2765688357743160
0,19712,GET,2765688357825531,2765688357826333
0,22018,PUT,2765688357745596,2765688357746297
0,22018,GET,2765688357825531,2765688357826363
0,21013,PUT,2765688357749104,2765688357749785
0,21013,GET,2765688357825601,2765688357826433
0,25620,PUT,2765688357749465,2765688357750096
0,25620,GET,2765688357825812,2765688357826654
0,21273,PUT,2765688357752041,2765688357752782
0,21273,GET,2765688357825882,2765688357826674
0,23320,PUT,2765688357744954,2765688357745646
0,23320,GET,2765688357825882,2765688357826634
0,14350,PUT,2765688357747620,2765688357748292
0,14350,GET,2765688357826313,2765688357827085
0,21762,PUT,2765688357744774,2765688357745445
0,21762,GET,2765688357826333,2765688357827115
0,24082,PUT,2765688357748903,2765688357749575
0,24082,GET,2765688357826333,2765688357827165
0,19993,PUT,2765688357741576,2765688357742328
0,19993,GET,2765688357826353,2765688357827125
0,22812,PUT,2765688357740774,2765688357741396
0,22812,GET,2765688357826463,2765688357827235
0,22538,PUT,2765688357741005,2765688357741687
0,22538,GET,2765688357826473,2765688357827325
0,23826,PUT,2765688357748122,2765688357748773
0,23826,GET,2765688357826504,2765688357827285
0,16656,PUT,2765688357751329,2765688357752011
0,16656,GET,2765688357826534,2765688357827346
0,14344,PUT,2765688357742779,2765688357743521
0,14344,GET,2765688357826574,2765688357827386
0,23314,PUT,2765688357745626,2765688357746267
0,23314,GET,2765688357826574,2765688357827175
0,19975,PUT,2765688357745215,2765688357745906
0,19975,GET,2765688357826774,2765688357827356
0,20231,PUT,2765688357746919,2765688357747500
0,20231,GET,2765688357826774,2765688357827396
0,22813,PUT,2765688357749344,2765688357750046
0,22813,GET,2765688357826804,2765688357827616
0,20501,PUT,2765688357745806,2765688357746317
0,20501,GET,2765688357826814,2765688357827596
0,15368,PUT,2765688357748873,2765688357749555
0,15368,GET,2765688357827005,2765688357827797
0,25349,PUT,2765688357744603,2765688357745295
0,25349,GET,2765688357827085,2765688357827897
0,14862,PUT,2765688357750216,2765688357750838
0,14862,GET,2765688357827255,2765688357828137
0,20505,PUT,2765688357746047,2765688357746698
0,20505,GET,2765688357827325,2765688357828027
0,13838,PUT,2765688357745916,2765688357746608
0,13838,GET,2765688357827386,2765688357828177
0,24324,PUT,2765688357749645,2765688357750387
0,24324,GET,2765688357827416,2765688357828117
0,22045,PUT,2765688357744864,2765688357745566
0,22045,GET,2765688357827426,2765688357828278
0,22274,PUT,2765688357746438,2765688357747129
0,22274,GET,2765688357827596,2765688357828298
0,19733,PUT,2765688357739592,2765688357740213
0,19733,GET,2765688357827736,2765688357828438
0,15888,PUT,2765688357743781,2765688357744463
0,15888,GET,2765688357827746,2765688357828578
0,15112,PUT,2765688357746989,2765688357747691
0,15112,GET,2765688357827927,2765688357828699
0,25347,PUT,2765688357747430,2765688357748091
0,25347,GET,2765688357827937,2765688357828749
0,25116,PUT,2765688357752702,2765688357753424
0,25116,GET,2765688357828037,2765688357828799
0,24092,PUT,2765688357746688,2765688357747350
0,24092,GET,2765688357828238,2765688357829080
0,24860,PUT,2765688357751008,2765688357751630
0,24860,GET,2765688357828238,2765688357828949
0,21017,PUT,2765688357751159,2765688357751900
0,21017,GET,2765688357828288,2765688357828999
0,15878,PUT,2765688357745946,2765688357746608
0,15878,GET,2765688357828388,2765688357829180
0,16912,PUT,2765688357752171,2765688357752842
0,16912,GET,2765688357828468,2765688357829230
0,22786,PUT,2765688357752411,2765688357753193
0,22786,GET,2765688357828809,2765688357829631
0,21513,PUT,2765688357746959,2765688357747560
0,21513,GET,2765688357828839,2765688357829611
0,16390,PUT,2765688357749455,2765688357750116
0,16390,GET,2765688357828929,2765688357829701
0,24836,PUT,2765688357751349,2765688357752041
0,24836,GET,2765688357829019,2765688357829801
0,23325,PUT,2765688357752993,2765688357753684
0,23325,GET,2765688357829100,2765688357830072
0,15624,PUT,2765688357749685,2765688357750377
0,15624,GET,2765688357829120,2765688357829831
0,15886,PUT,2765688357755338,2765688357756030
0,15886,GET,2765688357829220,2765688357829992
0,23069,PUT,2765688357752121,2765688357752832
0,23069,GET,2765688357829230,2765688357829992
0,23050,PUT,2765688357749825,2765688357750457
0,23050,GET,2765688357829250,2765688357830022
0,16401,PUT,2765688357744874,2765688357745636
0,16401,GET,2765688357829320,2765688357830122
0,26388,PUT,2765688357753694,2765688357754386
0,26388,GET,2765688357829330,2765688357830232
0,24604,PUT,2765688357750166,2765688357750868
0,24604,GET,2765688357829380,2765688357830152
0,23836,PUT,2765688357745876,2765688357746548
0,23836,GET,2765688357829400,2765688357830212
0,14600,PUT,2765688357744433,2765688357745115
0,14600,GET,2765688357829420,2765688357830202
0,21525,PUT,2765688357750718,2765688357751339
0,21525,GET,2765688357829541,2765688357830232
0,24580,PUT,2765688357750517,2765688357751209
0,24580,GET,2765688357829591,2765688357830302
0,24344,PUT,2765688357752933,2765688357753644
0,24344,GET,2765688357829741,2765688357830523
0,24850,PUT,2765688357753263,2765688357753935
0,24850,GET,2765688357829841,2765688357830603
0,26644,PUT,2765688357754516,2765688357755208
0,26644,GET,2765688357829932,2765688357830723
0,16646,PUT,2765688357752151,2765688357752822
0,16646,GET,2765688357830002,2765688357830593
0,22557,PUT,2765688357747520,2765688357748242
0,22557,GET,2765688357830012,2765688357830794
0,25603,PUT,2765688357748252,2765688357748803
0,25603,GET,2765688357830052,2765688357830794
0,26373,PUT,2765688357752381,2765688357753083
0,26373,GET,2765688357830282,2765688357831164
0,17169,PUT,2765688357749294,2765688357749866
0,17169,GET,2765688357830332,2765688357831124
0,25091,PUT,2765688357743791,2765688357744483
0,25091,GET,2765688357830373,2765688357831144
0,14856,PUT,2765688357745265,2765688357745936
0,14856,GET,2765688357830623,2765688357831435
0,22293,PUT,2765688357754737,2765688357755408
0,22293,GET,2765688357830703,2765688357831555
0,24088,PUT,2765688357752081,2765688357752792
0,24088,GET,2765688357830733,2765688357831525
0,20743,PUT,2765688357752973,2765688357753634
0,20743,GET,2765688357830763,2765688357831625
0,21269,PUT,2765688357749936,2765688357750577
0,21269,GET,2765688357830864,2765688357831635
0,24852,PUT,2765688357746768,2765688357747460
0,24852,GET,2765688357830884,2765688357831646
0,15118,PUT,2765688357750978,2765688357751680
0,15118,GET,2765688357831004,2765688357831786
0,20480,PUT,2765688357751820,2765688357752642
0,20480,GET,2765688357831024,2765688357831776
0,25348,PUT,2765688357754015,2765688357754727
0,25348,GET,2765688357831124,2765688357831886
0,24330,PUT,2765688357756772,2765688357757453
0,24330,GET,2765688357831275,2765688357832026
0,17425,PUT,2765688357750928,2765688357751630
0,17425,GET,2765688357831355,2765688357832097
0,26629,PUT,2765688357754105,2765688357754767
0,26629,GET,2765688357831515,2765688357832187
0,23306,PUT,2765688357750607,2765688357751289
0,23306,GET,2765688357831585,2765688357832377
0,27156,PUT,2765688357757002,2765688357757604
0,27156,GET,2765688357831585,2765688357832437
0,25108,PUT,2765688357747600,2765688357748302
0,25108,GET,2765688357831605,2765688357832407
0,23576,PUT,2765688357748703,2765688357749384
0,23576,GET,2765688357831776,2765688357832237
0,17670,PUT,2765688357757062,2765688357757774
0,17670,GET,2765688357831786,2765688357832608
0,16142,PUT,2765688357756170,2765688357756651
0,16142,GET,2765688357831786,2765688357832668
0,16144,PUT,2765688357745536,2765688357746207
0,16144,GET,2765688357831996,2765688357832718
0,23812,PUT,2765688357746297,2765688357746889
0,23812,GET,2765688357832026,2765688357832848
0,23818,PUT,2765688357754186,2765688357754897
0,23818,GET,2765688357832097,2765688357832798
0,20757,PUT,2765688357746468,2765688357747149
0,20757,GET,2765688357832127,2765688357832878
0,21781,PUT,2765688357752442,2765688357752943
0,21781,GET,2765688357832157,2765688357832718
0,24600,PUT,2765688357753775,2765688357754466
0,24600,GET,2765688357832237,2765688357833059
0,25364,PUT,2765688357748442,2765688357749334
0,25364,GET,2765688357832447,2765688357833139
0,17414,PUT,2765688357755298,2765688357755980
0,17414,GET,2765688357832758,2765688357833520
0,17937,PUT,2765688357753504,2765688357754186
0,17937,GET,2765688357832778,2765688357833550
0,20224,PUT,2765688357745485,2765688357746297
0,20224,GET,2765688357832798,2765688357833520
0,16398,PUT,2765688357756792,2765688357757493
0,16398,GET,2765688357832808,2765688357833600
0,25106,PUT,2765688357755048,2765688357755719
0,25106,GET,2765688357832808,2765688357833690
0,22530,PUT,2765688357751630,2765688357752261
0,22530,GET,2765688357832868,2765688357833560
0,26116,PUT,2765688357757433,2765688357758105
0,26116,GET,2765688357833049,2765688357834021
0,26117,PUT,2765688357748833,2765688357749515
0,26117,GET,2765688357833169,2765688357833871
0,20761,PUT,2765688357750307,2765688357751008
0,20761,GET,2765688357833219,2765688357834121
0,15374,PUT,2765688357752772,2765688357753484
0,15374,GET,2765688357833219,2765688357833981
0,24338,PUT,2765688357749715,2765688357750417
0,24338,GET,2765688357833289,2765688357834031
0,23049,PUT,2765688357759358,2765688357760049
0,23049,GET,2765688357833390,2765688357834151
0,25362,PUT,2765688357755880,2765688357756581
0,25362,GET,2765688357833390,2765688357834201
0,22025,PUT,2765688357751389,2765688357752101
0,22025,GET,2765688357833480,2765688357834342
0,23562,PUT,2765688357752391,2765688357753083
0,23562,GET,2765688357833520,2765688357834522
0,18961,PUT,2765688357758636,2765688357759368
0,18961,GET,2765688357833600,2765688357834412
0,14094,PUT,2765688357746758,2765688357747480
0,14094,GET,2765688357833640,2765688357834452
0,22805,PUT,2765688357758004,2765688357758616
0,22805,GET,2765688357833680,2765688357834452
0,24594,PUT,2765688357752442,2765688357753123
0,24594,GET,2765688357833740,2765688357834562
0,20999,PUT,2765688357753785,2765688357754526
0,20999,GET,2765688357833770,2765688357834592
0,27139,PUT,2765688357760410,2765688357761082
0,27139,GET,2765688357833891,2765688357834673
0,16136,PUT,2765688357755809,2765688357756591
0,16136,GET,2765688357833921,2765688357834683
0,26885,PUT,2765688357755839,2765688357756521
0,26885,GET,2765688357834071,2765688357834923
0,25884,PUT,2765688357757112,2765688357757834
0,25884,GET,2765688357834242,2765688357835023
0,23042,PUT,2765688357754256,2765688357754947
0,23042,GET,2765688357834252,2765688357834973
0,18193,PUT,2765688357755248,2765688357755910
0,18193,GET,2765688357834262,2765688357834983
0,15630,PUT,2765688357753624,2765688357754256
0,15630,GET,2765688357834302,2765688357835094
0,25604,PUT,2765688357754867,2765688357755549
0,25604,GET,2765688357834472,2765688357835003
0,20487,PUT,2765688357748502,2765688357749184
0,20487,GET,2765688357834693,2765688357835484
0,22037,PUT,2765688357753925,2765688357754597
0,22037,GET,2765688357834823,2765688357835575
0,22549,PUT,2765688357755549,2765688357756220
0,22549,GET,2765688357834843,2765688357835595
0,17926,PUT,2765688357758706,2765688357759378
0,17926,GET,2765688357834983,2765688357835725
0,26115,PUT,2765688357754216,2765688357754957
0,26115,GET,2765688357835023,2765688357835805
0,16902,PUT,2765688357752983,2765688357753594
0,16902,GET,2765688357835063,2765688357835925
0,21785,PUT,2765688357754466,2765688357755158
0,21785,GET,2765688357835104,2765688357835895
0,22041,PUT,2765688357756250,2765688357757072
0,22041,GET,2765688357835134,2765688357835905
0,25368,PUT,2765688357756180,2765688357756882
0,25368,GET,2765688357835314,2765688357836146
0,18449,PUT,2765688357756982,2765688357757684
0,18449,GET,2765688357835464,2765688357836407
0,26371,PUT,2765688357756962,2765688357757644
0,26371,GET,2765688357835474,2765688357836246
0,17158,PUT,2765688357753735,2765688357754296
0,17158,GET,2765688357835545,2765688357836286
0,25876,PUT,2765688357750236,2765688357750958
0,25876,GET,2765688357835595,2765688357836387
0,17681,PUT,2765688357751760,2765688357752432
0,17681,GET,2765688357835865,2765688357836647
0,25610,PUT,2765688357762014,2765688357762675
0,25610,GET,2765688357835956,2765688357836797
0,27141,PUT,2765688357756681,2765688357757373
0,27141,GET,2765688357836106,2765688357836838
0,26648,PUT,2765688357763096,2765688357763778
0,26648,GET,2765688357836136,2765688357836938
0,15880,PUT,2765688357752311,2765688357753013
0,15880,GET,2765688357836196,2765688357836998
0,21767,PUT,2765688357758856,2765688357759508
0,21767,GET,2765688357836226,2765688357836988
0,21511,PUT,2765688357758025,2765688357758706
0,21511,GET,2765688357836256,2765688357837178
0,21255,PUT,2765688357756290,2765688357756982
0,21255,GET,2765688357836286,2765688357837078
0,22023,PUT,2765688357759648,2765688357760109
0,22023,GET,2765688357836437,2765688357837238
0,23298,PUT,2765688357755870,2765688357756571
0,23298,GET,2765688357836457,2765688357837128
0,26883,PUT,2765688357759528,2765688357760280
0,26883,GET,2765688357836517,2765688357837329
0,26900,PUT,2765688357755348,2765688357756040
0,26900,GET,2765688357836527,2765688357837319
0,25874,PUT,2765688357759518,2765688357760260
0,25874,GET,2765688357836557,2765688357837339
0,24856,PUT,2765688357754597,2765688357755288
0,24856,GET,2765688357836777,2765688357837680
0,26132,PUT,2765688357751088,2765688357751630
0,26132,GET,2765688357836888,2765688357837589
0,25354,PUT,2765688357761202,2765688357761883
0,25354,GET,2765688357836908,2765688357837700
0,18182,PUT,2765688357759518,2765688357760240
0,18182,GET,2765688357836928,2765688357837910
0,25092,PUT,2765688357752171,2765688357752873
0,25092,GET,2765688357836948,2765688357837750
0,23581,PUT,2765688357755749,2765688357756431
0,23581,GET,2765688357836978,2765688357837790
0,23561,PUT,2765688357760941,2765688357761663
0,23561,GET,2765688357837088,2765688357837980
0,23837,PUT,2765688357757563,2765688357758085
0,23837,GET,2765688357837158,2765688357837950
0,26627,PUT,2765688357757794,2765688357758445
0,26627,GET,2765688357837319,2765688357838090
0,22793,PUT,2765688357758445,2765688357759227
0,22793,GET,2765688357837339,2765688357838171
0,18705,PUT,2765688357757824,2765688357758496
0,18705,GET,2765688357837379,2765688357838191
0,21529,PUT,2765688357753694,2765688357754336
0,21529,GET,2765688357837449,2765688357838221
0,26396,PUT,2765688357758806,2765688357759498
0,26396,GET,2765688357837469,2765688357838371
0,20736,PUT,2765688357753865,2765688357754657
0,20736,GET,2765688357837690,2765688357838582
0,24349,PUT,2765688357761793,2765688357762485
0,24349,GET,2765688357837740,2765688357838471
0,16392,PUT,2765688357757583,2765688357758285
0,16392,GET,2765688357837810,2765688357838582
0,25624,PUT,2765688357758967,2765688357759668
0,25624,GET,2765688357837860,2765688357838712
0,27924,PUT,2765688357762325,2765688357762836
0,27924,GET,2765688357837900,2765688357838792
0,22281,PUT,2765688357754947,2765688357755619
0,22281,GET,2765688357837980,2765688357838782
0,25372,PUT,2765688357753564,2765688357754176
0,25372,GET,2765688357838010,2765688357838792
0,26136,PUT,2765688357761523,2765688357762154
0,26136,GET,2765688357838080,2765688357838892
0,26140,PUT,2765688357757974,2765688357758666
0,26140,GET,2765688357838090,2765688357838802
0,17168,PUT,2765688357757513,2765688357758245
0,17168,GET,2765688357838090,2765688357838862
0,23317,PUT,2765688357760641,2765688357761332
0,23317,GET,2765688357838311,2765688357839123
0,22537,PUT,2765688357757583,2765688357758285
0,22537,GET,2765688357838321,2765688357839133
0,26628,PUT,2765688357760871,2765688357761483
0,26628,GET,2765688357838351,2765688357839083
0,25112,PUT,2765688357755428,2765688357756040
0,25112,GET,2765688357838612,2765688357839424
0,25628,PUT,2765688357755328,2765688357756010
0,25628,GET,2765688357838632,2765688357839424
0,18438,PUT,2765688357764229,2765688357764900
0,18438,GET,2765688357838712,2765688357839514
0,25098,PUT,2765688357759548,2765688357760230
0,25098,GET,2765688357838732,2765688357839634
0,25860,PUT,2765688357755689,2765688357756371
0,25860,GET,2765688357838812,2765688357839704
0,27397,PUT,2765688357758385,2765688357759077
0,27397,GET,2765688357838932,2765688357839825
0,23573,PUT,2765688357762385,2765688357763056
0,23573,GET,2765688357838932,2765688357839674
0,24066,PUT,2765688357762695,2765688357763377
0,24066,GET,2765688357838993,2765688357839825
0,27412,PUT,2765688357757744,2765688357758696
0,27412,GET,2765688357839003,2765688357839774
0,24586,PUT,2765688357757594,2765688357758606
0,24586,GET,2765688357839023,2765688357839744
0,24074,PUT,2765688357755930,2765688357756641
0,24074,GET,2765688357839043,2765688357839905
0,25618,PUT,2765688357758686,2765688357759378
0,25618,GET,2765688357839043,2765688357839905
0,24861,PUT,2765688357763477,2765688357764169
0,24861,GET,2765688357839163,2765688357839915
0,25866,PUT,2765688357763848,2765688357764540
0,25866,GET,2765688357839223,2765688357839925
0,16648,PUT,2765688357759358,2765688357760019
0,16648,GET,2765688357839263,2765688357840075
0,24322,PUT,2765688357763517,2765688357764139
0,24322,GET,2765688357839353,2765688357840125
0,25373,PUT,2765688357765131,2765688357765823
0,25373,GET,2765688357839363,2765688357840145
0,24842,PUT,2765688357758736,2765688357759408
0,24842,GET,2765688357839574,2765688357840426
0,25880,PUT,2765688357759799,2765688357760500
0,25880,GET,2765688357839574,2765688357840366
0,17422,PUT,2765688357762545,2765688357763297
0,17422,GET,2765688357839654,2765688357840506
0,16904,PUT,2765688357763788,2765688357764449
0,16904,GET,2765688357839744,2765688357840506
0,19473,PUT,2765688357761302,2765688357761974
0,19473,GET,2765688357839855,2765688357840676
0,17934,PUT,2765688357767316,2765688357768078
0,17934,GET,2765688357839875,2765688357840656
0,28436,PUT,2765688357763798,2765688357764490
0,28436,GET,2765688357839955,2765688357840707
0,23305,PUT,2765688357760190,2765688357760811
0,23305,GET,2765688357839965,2765688357840867
0,22279,PUT,2765688357760250,2765688357760871
0,22279,GET,2765688357840045,2765688357840837
0,17416,PUT,2765688357765432,2765688357766063
0,17416,GET,2765688357840065,2765688357840757
0,23554,PUT,2765688357759438,2765688357760139
0,23554,GET,2765688357840215,2765688357841027
0,27651,PUT,2765688357762094,2765688357762796
0,27651,GET,2765688357840266,2765688357840937
0,22553,PUT,2765688357760881,2765688357761593
0,22553,GET,2765688357840486,2765688357841328
0,27395,PUT,2765688357761212,2765688357761954
0,27395,GET,2765688357840486,2765688357841308
0,27140,PUT,2765688357764309,2765688357764991
0,27140,GET,2765688357840506,2765688357841348
0,23065,PUT,2765688357762575,2765688357763187
0,23065,GET,2765688357840556,2765688357841368
0,18192,PUT,2765688357763718,2765688357764469
0,18192,GET,2765688357840636,2765688357841478
0,17680,PUT,2765688357760069,2765688357760781
0,17680,GET,2765688357840817,2765688357841639
0,17678,PUT,2765688357764359,2765688357765231
0,17678,GET,2765688357840877,2765688357841579
0,21760,PUT,2765688357762385,2765688357763277
0,21760,GET,2765688357841077,2765688357841849
0,26372,PUT,2765688357758235,2765688357758927
0,26372,GET,2765688357841097,2765688357841869
0,17936,PUT,2765688357762816,2765688357763557
0,17936,GET,2765688357841418,2765688357842240
0,16654,PUT,2765688357760360,2765688357761052
0,16654,GET,2765688357841478,2765688357842330
0,26908,PUT,2765688357765181,2765688357765833
0,26908,GET,2765688357841488,2765688357842270
0,23829,PUT,2765688357763968,2765688357764520
0,23829,GET,2765688357841508,2765688357842300
0,23061,PUT,2765688357758746,2765688357759498
0,23061,GET,2765688357841549,2765688357842350
0,24093,PUT,2765688357759167,2765688357759869
0,24093,GET,2765688357841659,2765688357842350
0,28163,PUT,2765688357764680,2765688357765291
0,28163,GET,2765688357841709,2765688357842431
0,26884,PUT,2765688357761613,2765688357762365
0,26884,GET,2765688357841719,2765688357842411
0,21248,PUT,2765688357757092,2765688357757954
0,21248,GET,2765688357841799,2765688357842591
0,26130,PUT,2765688357765131,2765688357765803
0,26130,GET,2765688357841799,2765688357842611
0,17166,PUT,2765688357762024,2765688357762405
0,17166,GET,2765688357841819,2765688357842461
0,19216,PUT,2765688357769170,2765688357769782
0,19216,GET,2765688357842020,2765688357842781
0,19729,PUT,2765688357762114,2765688357762776
0,19729,GET,2765688357842150,2765688357842962
0,22809,PUT,2765688357761733,2765688357762445
0,22809,GET,2765688357842230,2765688357843082
0,23810,PUT,2765688357761863,2765688357762545
0,23810,GET,2765688357842400,2765688357843212
0,24329,PUT,2765688357766324,2765688357767025
0,24329,GET,2765688357842431,2765688357843232
0,25117,PUT,2765688357764309,2765688357764991
0,25117,GET,2765688357842471,2765688357843242
0,28419,PUT,2765688357765432,2765688357766133
0,28419,GET,2765688357842501,2765688357843122
0,19217,PUT,2765688357760440,2765688357761162
0,19217,GET,2765688357842541,2765688357843323
0,23817,PUT,2765688357762725,2765688357763417
0,23817,GET,2765688357842571,2765688357843232
0,23321,PUT,2765688357765031,2765688357765712
0,23321,GET,2765688357842661,2765688357843463
0,20992,PUT,2765688357756000,2765688357756892
0,20992,GET,2765688357842671,2765688357843453
0,17928,PUT,2765688357767005,2765688357767617
0,17928,GET,2765688357842791,2765688357843473
0,27907,PUT,2765688357762926,2765688357763607
0,27907,GET,2765688357842922,2765688357843693
0,27668,PUT,2765688357761463,2765688357762174
0,27668,GET,2765688357843102,2765688357843924
0,19985,PUT,2765688357762916,2765688357763567
0,19985,GET,2765688357843112,2765688357843924
0,26652,PUT,2765688357763397,2765688357764089
0,26652,GET,2765688357843132,2765688357843924
0,24605,PUT,2765688357762635,2765688357763337
0,24605,GET,2765688357843232,2765688357844034
0,22016,PUT,2765688357766825,2765688357767647
0,22016,GET,2765688357843242,2765688357844004
0,18190,PUT,2765688357768228,2765688357768970
0,18190,GET,2765688357843252,2765688357844004
0,26392,PUT,2765688357762294,2765688357762956
0,26392,GET,2765688357843343,2765688357844195
0,28692,PUT,2765688357765682,2765688357766364
0,28692,GET,2765688357843363,2765688357844135
0,17160,PUT,2765688357764610,2765688357765301
0,17160,GET,2765688357843373,2765688357844135
0,18704,PUT,2765688357765582,2765688357766274
0,18704,GET,2765688357843393,2765688357844175
0,21504,PUT,2765688357759257,2765688357760099
0,21504,GET,2765688357843443,2765688357844205
0,27909,PUT,2765688357764069,2765688357764800
0,27909,GET,2765688357843463,2765688357844165
0,27160,PUT,2765688357764670,2765688357765382
0,27160,GET,2765688357843613,2765688357844185
0,8475,PUT,2765688357763768,2765688357765121
0,8475,GET,2765688357844034,2765688357844796
0,8731,PUT,2765688357765552,2765688357766394
0,8731,GET,2765688357844064,2765688357844856
0,17672,PUT,2765688357766204,2765688357766875
0,17672,GET,2765688357844155,2765688357845127
0,28180,PUT,2765688357762976,2765688357763668
0,28180,GET,2765688357844165,2765688357844946
0,25885,PUT,2765688357768008,2765688357768729
0,25885,GET,2765688357844245,2765688357844956
0,20497,PUT,2765688357764700,2765688357765442
0,20497,GET,2765688357844265,2765688357845047
0,24085,PUT,2765688357765582,2765688357766173
0,24085,GET,2765688357844275,2765688357844976
0,20241,PUT,2765688357763718,2765688357764500
0,20241,GET,2765688357844325,2765688357845127
0,26386,PUT,2765688357767968,2765688357768659
0,26386,GET,2765688357844415,2765688357845187
0,27416,PUT,2765688357765512,2765688357766103
0,27416,GET,2765688357844576,2765688357845518
0,18694,PUT,2765688357765051,2765688357765662
0,18694,GET,2765688357844786,2765688357845748
0,29204,PUT,2765688357769311,2765688357769992
0,29204,GET,2765688357844916,2765688357845808
0,27672,PUT,2765688357766244,2765688357766985
0,27672,GET,2765688357844936,2765688357845828
0,24073,PUT,2765688357763547,2765688357764239
0,24073,GET,2765688357844986,2765688357845678
0,26122,PUT,2765688357764680,2765688357765362
0,26122,GET,2765688357844986,2765688357845798
0,22535,PUT,2765688357763698,2765688357764379
0,22535,GET,2765688357845107,2765688357845929
0,26904,PUT,2765688357763908,2765688357764540
0,26904,GET,2765688357845117,2765688357845929
0,27676,PUT,2765688357770634,2765688357771386
0,27676,GET,2765688357845227,2765688357846099
0,20753,PUT,2765688357766434,2765688357767126
0,20753,GET,2765688357845227,2765688357846019
0,22784,PUT,2765688357770995,2765688357771887
0,22784,GET,2765688357845247,2765688357845979
0,27396,PUT,2765688357765131,2765688357765943
0,27396,GET,2765688357845257,2765688357846049
0,27164,PUT,2765688357767116,2765688357767767
0,27164,GET,2765688357845257,2765688357846029
0,17424,PUT,2765688357759237,2765688357759919
0,17424,GET,2765688357845287,2765688357846129
0,24834,PUT,2765688357767867,2765688357768569
0,24834,GET,2765688357845317,2765688357846149
0,25346,PUT,2765688357771386,2765688357771997
0,25346,GET,2765688357845337,2765688357846079
0,25629,PUT,2765688357765963,2765688357766685
0,25629,GET,2765688357845448,2765688357846239
0,28677,PUT,2765688357771947,2765688357772729
0,28677,GET,2765688357845648,2765688357846500
0,21009,PUT,2765688357769050,2765688357769742
0,21009,GET,2765688357845758,2765688357846550
0,22297,PUT,2765688357760029,2765688357760731
0,22297,GET,2765688357845828,2765688357846550
0,19206,PUT,2765688357768529,2765688357769221
0,19206,GET,2765688357845899,2765688357846690
0,24601,PUT,2765688357772759,2765688357773390
0,24601,GET,2765688357845929,2765688357846771
0,23047,PUT,2765688357766314,2765688357766895
0,23047,GET,2765688357845979,2765688357846921
0,28184,PUT,2765688357771576,2765688357772207
0,28184,GET,2765688357846009,2765688357846721
0,23577,PUT,2765688357766815,2765688357767547
0,23577,GET,2765688357846059,2765688357846981
0,24597,PUT,2765688357767216,2765688357767958
0,24597,GET,2765688357846109,2765688357846911
0,18950,PUT,2765688357767657,2765688357768379
0,18950,GET,2765688357846159,2765688357847061
0,28188,PUT,2765688357772368,2765688357773090
0,28188,GET,2765688357846169,2765688357847051
0,16910,PUT,2765688357761202,2765688357761883
0,16910,GET,2765688357846219,2765688357847011
0,26141,PUT,2765688357768860,2765688357769571
0,26141,GET,2765688357846229,2765688357847061
0,28165,PUT,2765688357766875,2765688357767486
0,28165,GET,2765688357846259,2765688357847061
0,27928,PUT,2765688357769000,2765688357769581
0,27928,GET,2765688357846640,2765688357847332
0,25097,PUT,2765688357770614,2765688357771285
0,25097,GET,2765688357846690,2765688357847462
0,30484,PUT,2765688357773911,2765688357774663
0,30484,GET,2765688357846700,2765688357847422
0,27420,PUT,2765688357767917,2765688357768629
0,27420,GET,2765688357846801,2765688357847552
0,28948,PUT,2765688357766494,2765688357767156
0,28948,GET,2765688357846821,2765688357847633
0,28189,PUT,2765688357784496,2765688357785228
0,28189,GET,2765688357846871,2765688357847342
0,22528,PUT,2765688357769932,2765688357770804
0,22528,GET,2765688357846901,2765688357847703
0,26378,PUT,2765688357765502,2765688357766163
0,26378,GET,2765688357847051,2765688357847833
0,9243,PUT,2765688357773921,2765688357774753
0,9243,GET,2765688357847081,2765688357847873
0,22272,PUT,2765688357768850,2765688357769732
0,22272,GET,2765688357847131,2765688357847913
0,24341,PUT,2765688357766314,2765688357767055
0,24341,GET,2765688357847141,2765688357848124
0,19464,PUT,2765688357773591,2765688357774192
0,19464,GET,2765688357847202,2765688357847953
0,29460,PUT,2765688357770133,2765688357770774
0,29460,GET,2765688357847202,2765688357847993
0,24345,PUT,2765688357771997,2765688357772618
0,24345,GET,2765688357847532,2765688357848144
0,25090,PUT,2765688357769812,2765688357770293
0,25090,GET,2765688357847552,2765688357848324
0,27653,PUT,2765688357760220,2765688357760941
0,27653,GET,2765688357847603,2765688357848334
0,24841,PUT,2765688357769842,2765688357770473
0,24841,GET,2765688357847773,2765688357848555
0,26397,PUT,2765688357770744,2765688357771376
0,26397,GET,2765688357847773,2765688357848685
0,24585,PUT,2765688357769090,2765688357769692
0,24585,GET,2765688357847783,2765688357848575
0,18702,PUT,2765688357773801,2765688357774483
0,18702,GET,2765688357847823,2765688357848675
0,18446,PUT,2765688357772017,2765688357772689
0,18446,GET,2765688357847893,2765688357848705
0,25877,PUT,2765688357774182,2765688357774864
0,25877,GET,2765688357847913,2765688357848715
0,21521,PUT,2765688357770634,2765688357771285
0,21521,GET,2765688357847953,2765688357848735
0,24853,PUT,2765688357768098,2765688357768790
0,24853,GET,2765688357847963,2765688357848765
0,24578,PUT,2765688357766143,2765688357766885
0,24578,GET,2765688357848004,2765688357848695
0,23559,PUT,2765688357771245,2765688357771957
0,23559,GET,2765688357848034,2765688357848825
0,26898,PUT,2765688357770493,2765688357771205
0,26898,GET,2765688357848064,2765688357848835
0,27908,PUT,2765688357766935,2765688357767627
0,27908,GET,2765688357848094,2765688357848866
0,19984,PUT,2765688357772358,2765688357773110
0,19984,GET,2765688357848134,2765688357848996
0,18448,PUT,2765688357764680,2765688357765442
0,18448,GET,2765688357848254,2765688357848966
0,29972,PUT,2765688357772608,2765688357773240
0,29972,GET,2765688357848424,2765688357849196
0,25621,PUT,2765688357773300,2765688357773992
0,25621,GET,2765688357848485,2765688357849176
0,19718,PUT,2765688357771075,2765688357771726
0,19718,GET,2765688357848545,2765688357849307
0,19208,PUT,2765688357772799,2765688357773460
0,19208,GET,2765688357848845,2765688357849607
0,19472,PUT,2765688357770744,2765688357771416
0,19472,GET,2765688357848886,2765688357849728
0,29716,PUT,2765688357771776,2765688357772478
0,29716,GET,2765688357848946,2765688357849687
0,8987,PUT,2765688357772087,2765688357772769
0,8987,GET,2765688357849106,2765688357849858
0,25365,PUT,2765688357771626,2765688357772228
0,25365,GET,2765688357849136,2765688357849818
0,29187,PUT,2765688357772679,2765688357773621
0,29187,GET,2765688357849206,2765688357849898
0,19728,PUT,2765688357771556,2765688357772217
0,19728,GET,2765688357849507,2765688357850469
0,26890,PUT,2765688357773571,2765688357774403
0,26890,GET,2765688357849547,2765688357850349
0,20486,PUT,2765688357775395,2765688357776056
0,20486,GET,2765688357849607,2765688357850379
0,30228,PUT,2765688357773380,2765688357773771
0,30228,GET,2765688357849667,2765688357850519
0,8479,PUT,2765688357776297,2765688357777319
0,8479,GET,2765688357849667,2765688357850610
0,18960,PUT,2765688357767346,2765688357768088
0,18960,GET,2765688357849707,2765688357850489
0,27652,PUT,2765688357766083,2765688357766795
0,27652,GET,2765688357849738,2765688357850499
0,27154,PUT,2765688357771335,2765688357772037
0,27154,GET,2765688357849888,2765688357850670
0,20230,PUT,2765688357773651,2765688357774342
0,20230,GET,2765688357849968,2765688357850529
0,23833,PUT,2765688357769401,2765688357770042
0,23833,GET,2765688357849978,2765688357850740
0,28675,PUT,2765688357770123,2765688357770794
0,28675,GET,2765688357850068,2765688357850870
0,27666,PUT,2765688357774864,2765688357775555
0,27666,GET,2765688357850159,2765688357850930
0,19976,PUT,2765688357776898,2765688357777540
0,19976,GET,2765688357850269,2765688357851041
0,28421,PUT,2765688357771115,2765688357771786
0,28421,GET,2765688357850329,2765688357851111
0,29188,PUT,2765688357775706,2765688357776377
0,29188,GET,2765688357850439,2765688357851211
0,28931,PUT,2765688357771817,2765688357772518
0,28931,GET,2765688357850479,2765688357851291
0,26642,PUT,2765688357768810,2765688357769501
0,26642,GET,2765688357850479,2765688357851371
0,18184,PUT,2765688357768679,2765688357769451
0,18184,GET,2765688357850559,2765688357851181
0,28952,PUT,2765688357775064,2765688357775746
0,28952,GET,2765688357850640,2765688357851351
0,27146,PUT,2765688357776327,2765688357777029
0,27146,GET,2765688357850660,2765688357851552
0,22791,PUT,2765688357765452,2765688357766163
0,22791,GET,2765688357850670,2765688357851472
0,20240,PUT,2765688357775184,2765688357775816
0,20240,GET,2765688357850670,2765688357851351
0,23296,PUT,2765688357774573,2765688357775385
0,23296,GET,2765688357850700,2765688357851512
0,8478,PUT,2765688357772638,2765688357773972
0,8478,GET,2765688357850820,2765688357851702
0,25609,PUT,2765688357773170,2765688357773861
0,25609,GET,2765688357850860,2765688357851552
0,25109,PUT,2765688357770774,2765688357771486
0,25109,GET,2765688357851021,2765688357851802
0,21777,PUT,2765688357771426,2765688357772077
0,21777,GET,2765688357851331,2765688357852113
0,23552,PUT,2765688357776878,2765688357777540
0,23552,GET,2765688357851421,2765688357852233
0,29720,PUT,2765688357777470,2765688357778181
0,29720,GET,2765688357851482,2765688357852293
0,18440,PUT,2765688357769591,2765688357770153
0,18440,GET,2765688357851612,2765688357852103
0,23815,PUT,2765688357773992,2765688357774713
0,23815,GET,2765688357851622,2765688357852083
0,18952,PUT,2765688357771977,2765688357772659
0,18952,GET,2765688357851712,2765688357852504
0,28696,PUT,2765688357773190,2765688357773791
0,28696,GET,2765688357851832,2765688357852734
0,27138,PUT,2765688357786541,2765688357787202
0,27138,GET,2765688357851883,2765688357852574
0,28956,PUT,2765688357776457,2765688357777209
0,28956,GET,2765688357851913,2765688357852674
0,28933,PUT,2765688357776748,2765688357777430
0,28933,GET,2765688357851933,2765688357852745
0,25858,PUT,2765688357774092,2765688357774783
0,25858,GET,2765688357852123,2765688357852995
0,9499,PUT,2765688357774944,2765688357775645
0,9499,GET,2765688357852163,2765688357853045
0,23303,PUT,2765688357769591,2765688357770193
0,23303,GET,2765688357852203,2765688357852995
0,18958,PUT,2765688357774643,2765688357775345
0,18958,GET,2765688357852213,2765688357853045
0,10523,PUT,2765688357779665,2765688357780406
0,10523,GET,2765688357852233,2765688357853326
0,29208,PUT,2765688357775886,2765688357776608
0,29208,GET,2765688357852374,2765688357853165
0,27932,PUT,2765688357771536,2765688357772238
0,27932,GET,2765688357852404,2765688357853306
0,21254,PUT,2765688357781910,2765688357782592
0,21254,GET,2765688357852434,2765688357853216
0,28444,PUT,2765688357773911,2765688357774703
0,28444,GET,2765688357852444,2765688357853186
0,25353,PUT,2765688357772378,2765688357773039
0,25353,GET,2765688357852474,2765688357853266
0,19214,PUT,2765688357776427,2765688357777099
0,19214,GET,2765688357852474,2765688357853356
0,8463,PUT,2765688357784306,2765688357785368
0,8463,GET,2765688357852494,2765688357853306
0,24857,PUT,2765688357775315,2765688357775996
0,24857,GET,2765688357852524,2765688357853346
0,26389,PUT,2765688357778081,2765688357778632
0,26389,GET,2765688357852815,2765688357853566
0,28932,PUT,2765688357773871,2765688357774543
0,28932,GET,2765688357853135,2765688357853957
0,26653,PUT,2765688357772478,2765688357773019
0,26653,GET,2765688357853196,2765688357854078
0,28440,PUT,2765688357772368,2765688357773049
0,28440,GET,2765688357853206,2765688357853897
0,19462,PUT,2765688357770203,2765688357770934
0,19462,GET,2765688357853316,2765688357854108
0,19974,PUT,2765688357771867,2765688357772578
0,19974,GET,2765688357853316,2765688357854138
0,21265,PUT,2765688357769882,2765688357770503
0,21265,GET,2765688357853436,2765688357854378
0,20742,PUT,2765688357777129,2765688357777560
0,20742,GET,2765688357853506,2765688357854298
0,9483,PUT,2765688357786811,2765688357787463
0,9483,GET,2765688357853506,2765688357854248
0,24089,PUT,2765688357771145,2765688357771837
0,24089,GET,2765688357853566,2765688357854368
0,10779,PUT,2765688357783434,2765688357784135
0,10779,GET,2765688357853697,2765688357854469
0,28676,PUT,2765688357772799,2765688357773721
0,28676,GET,2765688357853877,2765688357854479
0,28420,PUT,2765688357771135,2765688357771807
0,28420,GET,2765688357854058,2765688357854859
0,26114,PUT,2765688357775776,2765688357776447
0,26114,GET,2765688357854098,2765688357854759
0,30996,PUT,2765688357776347,2765688357777019
0,30996,GET,2765688357854098,2765688357854719
0,10011,PUT,2765688357777911,2765688357778642
0,10011,GET,2765688357854208,2765688357854639
0,30232,PUT,2765688357779144,2765688357779835
0,30232,GET,2765688357854218,2765688357854950
0,29976,PUT,2765688357778312,2765688357779003
0,29976,GET,2765688357854378,2765688357855200
0,31252,PUT,2765688357779144,2765688357779905
0,31252,GET,2765688357854378,2765688357855190
0,23040,PUT,2765688357773380,2765688357774312
0,23040,GET,2765688357854408,2765688357855120
0,29443,PUT,2765688357775535,2765688357776217
0,29443,GET,2765688357854519,2765688357855290
0,26133,PUT,2765688357777179,2765688357777931
0,26133,GET,2765688357854519,2765688357855371
0,25865,PUT,2765688357774002,2765688357774793
0,25865,GET,2765688357854539,2765688357855300
0,8734,PUT,2765688357775916,2765688357776918
0,8734,GET,2765688357854619,2765688357855290
0,29212,PUT,2765688357778312,2765688357779023
0,29212,GET,2765688357854769,2765688357855541
0,30488,PUT,2765688357780918,2765688357781589
0,30488,GET,2765688357855010,2765688357855812
0,29699,PUT,2765688357776367,2765688357777119
0,29699,GET,2765688357855100,2765688357855882
0,20752,PUT,2765688357778682,2765688357779314
0,20752,GET,2765688357855120,2765688357855922
0,26909,PUT,2765688357773160,2765688357773851
0,26909,GET,2765688357855210,2765688357855992
0,8470,PUT,2765688357777179,2765688357778733
0,8470,GET,2765688357855331,2765688357856162
0,18696,PUT,2765688357771215,2765688357771847
0,18696,GET,2765688357855421,2765688357856182
0,22801,PUT,2765688357780657,2765688357781499
0,22801,GET,2765688357855421,2765688357856193
0,10267,PUT,2765688357778773,2765688357779524
0,10267,GET,2765688357855431,2765688357856122
0,27410,PUT,2765688357773952,2765688357774733
0,27410,GET,2765688357855441,2765688357856122
0,28426,PUT,2765688357784075,2765688357784787
0,28426,GET,2765688357855511,2765688357856283
0,22289,PUT,2765688357778903,2765688357779665
0,22289,GET,2765688357855541,2765688357856353
0,22278,PUT,2765688357787072,2765688357787814
0,22278,GET,2765688357855591,2765688357856473
0,27402,PUT,2765688357778181,2765688357778933
0,27402,GET,2765688357855601,2765688357856433
0,28164,PUT,2765688357770313,2765688357770975
0,28164,GET,2765688357855711,2765688357856423
0,29956,PUT,2765688357779254,2765688357779845
0,29956,GET,2765688357855892,2765688357856794
0,29444,PUT,2765688357776507,2765688357777179
0,29444,GET,2765688357855922,2765688357856644
0,20238,PUT,2765688357786922,2765688357787643
0,20238,GET,2765688357855942,2765688357856744
0,8726,PUT,2765688357779224,2765688357780256
0,8726,GET,2765688357856072,2765688357856854
0,30744,PUT,2765688357781730,2765688357782451
0,30744,GET,2765688357856122,2765688357857105
0,9229,PUT,2765688357787212,2765688357787934
0,9229,GET,2765688357856273,2765688357857034
0,27677,PUT,2765688357778833,2765688357779514
0,27677,GET,2765688357856373,2765688357857315
0,26370,PUT,2765688357777420,2765688357778251
0,26370,GET,2765688357856553,2765688357857355
0,29189,PUT,2765688357778592,2765688357779204
0,29189,GET,2765688357856563,2765688357857285
0,27165,PUT,2765688357775054,2765688357775746
0,27165,GET,2765688357856563,2765688357857245
0,26634,PUT,2765688357771786,2765688357772468
0,26634,GET,2765688357856573,2765688357857055
0,29700,PUT,2765688357778412,2765688357779113
0,29700,GET,2765688357856794,2765688357857606
0,23808,PUT,2765688357780406,2765688357781309
0,23808,GET,2765688357856984,2765688357857726
0,22033,PUT,2765688357774944,2765688357775655
0,22033,GET,2765688357857034,2765688357857836
0,19720,PUT,2765688357775164,2765688357775856
0,19720,GET,2765688357857145,2765688357857957
0,29724,PUT,2765688357782030,2765688357782692
0,29724,GET,2765688357857155,2765688357857927
0,29468,PUT,2765688357779154,2765688357779875
0,29468,GET,2765688357857185,2765688357857957
0,29955,PUT,2765688357781028,2765688357781740
0,29955,GET,2765688357857225,2765688357858007
0,8991,PUT,2765688357780286,2765688357781218
0,8991,GET,2765688357857455,2765688357858257
0,24064,PUT,2765688357782622,2765688357783454
0,24064,GET,2765688357857506,2765688357858227
0,28700,PUT,2765688357775676,2765688357776327
0,28700,GET,2765688357857506,2765688357858197
0,28178,PUT,2765688357779504,2765688357780196
0,28178,GET,2765688357857506,2765688357858287
0,27922,PUT,2765688357778562,2765688357779344
0,27922,GET,2765688357857967,2765688357858779
0,24583,PUT,2765688357781148,2765688357781850
0,24583,GET,2765688357858017,2765688357858779
0,25369,PUT,2765688357779645,2765688357780356
0,25369,GET,2765688357858087,2765688357858879
0,20232,PUT,2765688357777670,2765688357778442
0,20232,GET,2765688357858097,2765688357858809
0,8715,PUT,2765688357780386,2765688357781038
0,8715,GET,2765688357858117,2765688357858829
0,20496,PUT,2765688357777680,2765688357778342
0,20496,GET,2765688357858147,2765688357858849
0,25602,PUT,2765688357773130,2765688357773962
0,25602,GET,2765688357858358,2765688357859139
0,30740,PUT,2765688357774814,2765688357775234
0,30740,GET,2765688357858368,2765688357859139
0,28170,PUT,2765688357782060,2765688357782832
0,28170,GET,2765688357858528,2765688357859430
0,24327,PUT,2765688357777680,2765688357778362
0,24327,GET,2765688357858548,2765688357859320
0,25351,PUT,2765688357786230,2765688357786912
0,25351,GET,2765688357858578,2765688357859450
0,23313,PUT,2765688357782612,2765688357783253
0,23313,GET,2765688357858648,2765688357859510
0,32020,PUT,2765688357787443,2765688357788134
0,32020,GET,2765688357858698,2765688357859470
0,8982,PUT,2765688357780487,2765688357781279
0,8982,GET,2765688357858738,2765688357859560
0,9503,PUT,2765688357782381,2765688357783033
0,9503,GET,2765688357858819,2765688357859600
0,30212,PUT,2765688357780998,2765688357781679
0,30212,GET,2765688357858879,2765688357859460
0,29464,PUT,2765688357776738,2765688357777329
0,29464,GET,2765688357858949,2765688357859480
0,8990,PUT,2765688357781439,2765688357782471
0,8990,GET,2765688357858979,2765688357859731
0,10270,PUT,2765688357787262,2765688357787934
0,10270,GET,2765688357859019,2765688357859971
0,26626,PUT,2765688357780417,2765688357781118
0,26626,GET,2765688357859079,2765688357859851
0,8459,PUT,2765688357778833,2765688357780016
0,8459,GET,2765688357859200,2765688357859901
0,24071,PUT,2765688357775696,2765688357776527
0,24071,GET,2765688357859270,2765688357860082
0,31748,PUT,2765688357788656,2765688357789407
0,31748,GET,2765688357859290,2765688357860302
0,19726,PUT,2765688357783273,2765688357784025
0,19726,GET,2765688357859390,2765688357860112
0,19982,PUT,2765688357784195,2765688357784877
0,19982,GET,2765688357859460,2765688357860222
0,26633,PUT,2765688357782942,2765688357783774
0,26633,GET,2765688357859480,2765688357860182
0,8973,PUT,2765688357783183,2765688357783955
0,8973,GET,2765688357859580,2765688357860152
0,26121,PUT,2765688357781369,2765688357781960
0,26121,GET,2765688357859600,2765688357860322
0,32024,PUT,2765688357787924,2765688357788606
0,32024,GET,2765688357859600,2765688357860412
0,28434,PUT,2765688357782221,2765688357783003
0,28434,GET,2765688357859610,2765688357860422
0,22545,PUT,2765688357779845,2765688357780527
0,22545,GET,2765688357859620,2765688357860292
0,8719,PUT,2765688357785589,2765688357786320
0,8719,GET,2765688357859641,2765688357860442
0,27914,PUT,2765688357780998,2765688357781810
0,27914,GET,2765688357859821,2765688357860623
0,9755,PUT,2765688357775806,2765688357776618
0,9755,GET,2765688357859821,2765688357860613
0,9247,PUT,2765688357781359,2765688357782231
0,9247,GET,2765688357859871,2765688357860633
0,25113,PUT,2765688357778853,2765688357779484
0,25113,GET,2765688357859901,2765688357860683
0,8717,PUT,2765688357782171,2765688357783023
0,8717,GET,2765688357860242,2765688357861064
0,9238,PUT,2765688357781429,2765688357782221
0,9238,GET,2765688357860292,2765688357860994
0,27421,PUT,2765688357775876,2765688357776808
0,27421,GET,2765688357860372,2765688357861174
0,21008,PUT,2765688357782401,2765688357783103
0,21008,GET,2765688357860432,2765688357861184
0,31764,PUT,2765688357786581,2765688357787282
0,31764,GET,2765688357860432,2765688357861134
0,26377,PUT,2765688357782110,2765688357782802
0,26377,GET,2765688357860452,2765688357861214
0,20488,PUT,2765688357778572,2765688357779244
0,20488,GET,2765688357860523,2765688357861294
0,30468,PUT,2765688357781810,2765688357782551
0,30468,GET,2765688357860593,2765688357861435
0,11035,PUT,2765688357784286,2765688357784937
0,11035,GET,2765688357860763,2765688357861535
0,28690,PUT,2765688357784175,2765688357784927
0,28690,GET,2765688357860873,2765688357861575
0,19470,PUT,2765688357781238,2765688357781990
0,19470,GET,2765688357860893,2765688357861765
0,27658,PUT,2765688357780076,2765688357780817
0,27658,GET,2765688357860903,2765688357861595
0,21000,PUT,2765688357781970,2765688357782652
0,21000,GET,2765688357860984,2765688357861906
0,29980,PUT,2765688357782822,2765688357783534
0,29980,GET,2765688357861024,2765688357861715
0,23057,PUT,2765688357781710,2765688357782461
0,23057,GET,2765688357861074,2765688357861836
0,20998,PUT,2765688357778612,2765688357779234
0,20998,GET,2765688357861154,2765688357861986
0,30724,PUT,2765688357783514,2765688357784135
0,30724,GET,2765688357861194,2765688357861876
0,9246,PUT,2765688357782642,2765688357783343
0,9246,GET,2765688357861194,2765688357861966
0,27933,PUT,2765688357782662,2765688357783363
0,27933,GET,2765688357861324,2765688357862096
0,31000,PUT,2765688357783654,2765688357784286
0,31000,GET,2765688357861324,2765688357862096
0,20744,PUT,2765688357780246,2765688357780918
0,20744,GET,2765688357861355,2765688357862056
0,8461,PUT,2765688357780366,2765688357781760
0,8461,GET,2765688357861375,2765688357862217
0,30980,PUT,2765688357784265,2765688357785047
0,30980,GET,2765688357861445,2765688357862227
0,24320,PUT,2765688357783634,2765688357784596
0,24320,GET,2765688357861505,2765688357862357
0,29202,PUT,2765688357788946,2765688357789628
0,29202,GET,2765688357861816,2765688357862617
0,24576,PUT,2765688357784767,2765688357785619
0,24576,GET,2765688357861866,2765688357862758
0,31508,PUT,2765688357782732,2765688357783383
0,31508,GET,2765688357861916,2765688357862698
0,26901,PUT,2765688357783454,2765688357784286
0,26901,GET,2765688357862056,2765688357862758
0,8975,PUT,2765688357786461,2765688357787172
0,8975,GET,2765688357862116,2765688357863028
0,9485,PUT,2765688357790049,2765688357790791
0,9485,GET,2765688357862126,2765688357862958
0,26645,PUT,2765688357779635,2765688357780316
0,26645,GET,2765688357862186,2765688357862968
0,24832,PUT,2765688357786872,2765688357787723
0,24832,GET,2765688357862237,2765688357863028
0,8735,PUT,2765688357777851,2765688357778903
0,8735,GET,2765688357862357,2765688357863149
0,25625,PUT,2765688357787523,2765688357788305
0,25625,GET,2765688357862447,2765688357863229
0,11547,PUT,2765688357786892,2765688357787603
0,11547,GET,2765688357862497,2765688357863269
0,25095,PUT,2765688357785418,2765688357786100
0,25095,GET,2765688357862507,2765688357863299
0,9750,PUT,2765688357787373,2765688357788165
0,9750,GET,2765688357862537,2765688357863329
0,10262,PUT,2765688357789077,2765688357789788
0,10262,GET,2765688357862547,2765688357863389
0,10015,PUT,2765688357785879,2765688357786601
0,10015,GET,2765688357862597,2765688357863269
0,22022,PUT,2765688357786220,2765688357786942
0,22022,GET,2765688357862828,2765688357863530
0,31256,PUT,2765688357784416,2765688357785158
0,31256,GET,2765688357862838,2765688357863660
0,9227,PUT,2765688357786060,2765688357786681
0,9227,GET,2765688357862848,2765688357863590
0,31768,PUT,2765688357787112,2765688357787794
0,31768,GET,2765688357862928,2765688357863640
0,24839,PUT,2765688357784636,2765688357785258
0,24839,GET,2765688357862948,2765688357863870
0,21256,PUT,2765688357784777,2765688357785478
0,21256,GET,2765688357863058,2765688357863880
0,21766,PUT,2765688357783564,2765688357784275
0,21766,GET,2765688357863159,2765688357863870
0,9494,PUT,2765688357784195,2765688357785027
0,9494,GET,2765688357863189,2765688357863981
0,26882,PUT,2765688357785659,2765688357786390
0,26882,GET,2765688357863209,2765688357863981
0,28682,PUT,2765688357784947,2765688357785739
0,28682,GET,2765688357863309,2765688357864181
0,9231,PUT,2765688357787303,2765688357788606
0,9231,GET,2765688357863409,2765688357864301
0,28445,PUT,2765688357786400,2765688357787022
0,28445,GET,2765688357863419,2765688357864111
0,9758,PUT,2765688357784346,2765688357785047
0,9758,GET,2765688357863530,2765688357864492
0,21510,PUT,2765688357782742,2765688357783434
0,21510,GET,2765688357863670,2765688357864472
0,24081,PUT,2765688357788706,2765688357789387
0,24081,GET,2765688357863690,2765688357864472
0,27650,PUT,2765688357788165,2765688357788896
0,27650,GET,2765688357863710,2765688357864482
0,32532,PUT,2765688357791101,2765688357791793
0,32532,GET,2765688357863710,2765688357864722
0,9502,PUT,2765688357783474,2765688357784215
0,9502,GET,2765688357863780,2765688357864632
0,30467,PUT,2765688357785388,2765688357786130
0,30467,GET,2765688357863850,2765688357864552
0,31236,PUT,2765688357786040,2765688357786731
0,31236,GET,2765688357863850,2765688357864632
0,27157,PUT,2765688357784446,2765688357785148
0,27157,GET,2765688357863941,2765688357864672
0,26889,PUT,2765688357787553,2765688357788295
0,26889,GET,2765688357864011,2765688357864863
0,28181,PUT,2765688357788926,2765688357789618
0,28181,GET,2765688357864031,2765688357864913
0,27145,PUT,2765688357790199,2765688357790871
0,27145,GET,2765688357864071,2765688357864632
0,25088,PUT,2765688357789237,2765688357790069
0,25088,GET,2765688357864131,2765688357864963
0,10006,PUT,2765688357788305,2765688357788936
0,10006,GET,2765688357864221,2765688357865013
0,29701,PUT,2765688357786471,2765688357787092
0,29701,GET,2765688357864251,2765688357865023
0,9741,PUT,2765688357790941,2765688357791633
0,9741,GET,2765688357864321,2765688357865223
0,21264,PUT,2765688357788926,2765688357789417
0,21264,GET,2765688357864522,2765688357865314
0,29706,PUT,2765688357791101,2765688357791863
0,29706,GET,2765688357864532,2765688357865444
0,31235,PUT,2765688357792465,2765688357793096
0,31235,GET,2765688357864602,2765688357865274
0,27669,PUT,2765688357787182,2765688357787924
0,27669,GET,2765688357864602,2765688357865404
0,32536,PUT,2765688357789578,2765688357790289
0,32536,GET,2765688357864622,2765688357865414
0,22534,PUT,2765688357787944,2765688357788616
0,22534,GET,2765688357864702,2765688357865484
0,25607,PUT,2765688357787914,2765688357788686
0,25607,GET,2765688357864772,2765688357865564
0,26649,PUT,2765688357792956,2765688357793677
0,26649,GET,2765688357864772,2765688357865494
0,27394,PUT,2765688357787343,2765688357788024
0,27394,GET,2765688357864953,2765688357865775
0,27906,PUT,2765688357789027,2765688357789708
0,27906,GET,2765688357865013,2765688357865815
0,9743,PUT,2765688357789578,2765688357790299
0,9743,GET,2765688357865143,2765688357865915
0,30211,PUT,2765688357783634,2765688357784326
0,30211,GET,2765688357865153,2765688357865845
0,21768,PUT,2765688357786430,2765688357787112
0,21768,GET,2765688357865364,2765688357866085
0,32280,PUT,2765688357788746,2765688357789447
0,32280,GET,2765688357865424,2765688357866196
0,21520,PUT,2765688357789578,2765688357790239
0,21520,GET,2765688357865554,2765688357866266
0,23569,PUT,2765688357786110,2765688357786781
0,23569,GET,2765688357865554,2765688357866366
0,29957,PUT,2765688357787242,2765688357787934
0,29957,GET,2765688357865634,2765688357866386
0,29194,PUT,2765688357787583,2765688357788225
0,29194,GET,2765688357865665,2765688357866486
0,31512,PUT,2765688357785288,2765688357785989
0,31512,GET,2765688357865695,2765688357866476
0,28701,PUT,2765688357789157,2765688357789929
0,28701,GET,2765688357865705,2765688357866516
0,21512,PUT,2765688357785619,2765688357786290
0,21512,GET,2765688357865865,2765688357866657
0,10518,PUT,2765688357789929,2765688357790650
0,10518,GET,2765688357866005,2765688357866757
0,10271,PUT,2765688357786731,2765688357787473
0,10271,GET,2765688357866075,2765688357866717
0,30723,PUT,2765688357789858,2765688357790550
0,30723,GET,2765688357866085,2765688357866877
0,26375,PUT,2765688357791302,2765688357791983
0,26375,GET,2765688357866226,2765688357866988
0,29450,PUT,2765688357788365,2765688357789077
0,29450,GET,2765688357866286,2765688357867138
0,20750,PUT,2765688357789468,2765688357790149
0,20750,GET,2765688357866506,2765688357867288
0,25863,PUT,2765688357788816,2765688357789447
0,25863,GET,2765688357866516,2765688357867368
0,28437,PUT,2765688357789758,2765688357790470
0,28437,GET,2765688357866727,2765688357867529
0,29205,PUT,2765688357794048,2765688357794730
0,29205,GET,2765688357866807,2765688357867649
0,10782,PUT,2765688357791061,2765688357791803
0,10782,GET,2765688357866877,2765688357867659
0,31492,PUT,2765688357786872,2765688357787563
0,31492,GET,2765688357866897,2765688357867579
0,11291,PUT,2765688357785077,2765688357785789
0,11291,GET,2765688357866937,2765688357867719
0,11803,PUT,2765688357792274,2765688357793006
0,11803,GET,2765688357866947,2765688357868180
0,29445,PUT,2765688357782682,2765688357783474
0,29445,GET,2765688357867028,2765688357867870
0,9739,PUT,2765688357787593,2765688357788295
0,9739,GET,2765688357867038,2765688357867810
0,10253,PUT,2765688357795512,2765688357796233
0,10253,GET,2765688357867088,2765688357868100
0,10507,PUT,2765688357791091,2765688357791783
0,10507,GET,2765688357867128,2765688357867960
0,23825,PUT,2765688357787884,2765688357788555
0,23825,GET,2765688357867128,2765688357867890
0,10014,PUT,2765688357785188,2765688357785989
0,10014,GET,2765688357867158,2765688357868100
0,9759,PUT,2765688357784145,2765688357784787
0,9759,GET,2765688357867188,2765688357868180
0,28693,PUT,2765688357790600,2765688357791242
0,28693,GET,2765688357867218,2765688357868230
0,28957,PUT,2765688357790079,2765688357790791
0,28957,GET,2765688357867248,2765688357868010
0,11039,PUT,2765688357791342,2765688357792094
0,11039,GET,2765688357867268,2765688357868251
0,11019,PUT,2765688357793607,2765688357794289
0,11019,GET,2765688357867368,2765688357868261
0,22536,PUT,2765688357790771,2765688357791432
0,22536,GET,2765688357867389,2765688357868030
0,32788,PUT,2765688357791923,2765688357792625
0,32788,GET,2765688357867429,2765688357868281
0,10526,PUT,2765688357789177,2765688357789919
0,10526,GET,2765688357867589,2765688357868281
0,22790,PUT,2765688357793327,2765688357794018
0,22790,GET,2765688357867719,2765688357868511
0,32260,PUT,2765688357790400,2765688357791121
0,32260,GET,2765688357867789,2765688357868661
0,29458,PUT,2765688357792635,2765688357793347
0,29458,GET,2765688357867789,2765688357868611
0,9487,PUT,2765688357788756,2765688357789437
0,9487,GET,2765688357867810,2765688357868621
0,24337,PUT,2765688357790480,2765688357791502
0,24337,GET,2765688357867860,2765688357868621
0,10255,PUT,2765688357792434,2765688357793066
0,10255,GET,2765688357867940,2765688357868321
0,8971,PUT,2765688357785218,2765688357785899
0,8971,GET,2765688357868020,2765688357868792
0,28938,PUT,2765688357785899,2765688357786581
0,28938,GET,2765688357868020,2765688357868742
0,30979,PUT,2765688357791633,2765688357792304
0,30979,GET,2765688357868090,2765688357868702
0,32276,PUT,2765688357789227,2765688357789999
0,32276,GET,2765688357868110,2765688357868912
0,32792,PUT,2765688357792344,2765688357793016
0,32792,GET,2765688357868140,2765688357868932
0,27925,PUT,2765688357788064,2765688357788786
0,27925,GET,2765688357868251,2765688357868992
0,20494,PUT,2765688357788616,2765688357789317
0,20494,GET,2765688357868351,2765688357869032
0,28946,PUT,2765688357786150,2765688357786922
0,28946,GET,2765688357868371,2765688357869092
0,30748,PUT,2765688357793968,2765688357794760
0,30748,GET,2765688357868381,2765688357869163
0,21518,PUT,2765688357792896,2765688357793597
0,21518,GET,2765688357868411,2765688357869313
0,27413,PUT,2765688357786350,2765688357787052
0,27413,GET,2765688357868411,2765688357869213
0,11295,PUT,2765688357792234,2765688357792966
0,11295,GET,2765688357868421,2765688357869183
0,30469,PUT,2765688357791542,2765688357792244
0,30469,GET,2765688357868551,2765688357869413
0,30236,PUT,2765688357787132,2765688357787844
0,30236,GET,2765688357868591,2765688357869453
0,24593,PUT,2765688357792495,2765688357793196
0,24593,GET,2765688357868682,2765688357869403
0,10763,PUT,2765688357792835,2765688357793467
0,10763,GET,2765688357868752,2765688357869523
0,22792,PUT,2765688357791562,2765688357792274
0,22792,GET,2765688357868812,2765688357869604
0,32772,PUT,2765688357793838,2765688357794529
0,32772,GET,2765688357868862,2765688357869674
0,25361,PUT,2765688357796073,2765688357796754
0,25361,GET,2765688357868892,2765688357869804
0,22280,PUT,2765688357789868,2765688357790630
0,22280,GET,2765688357869042,2765688357869814
0,21006,PUT,2765688357790279,2765688357790911
0,21006,GET,2765688357869042,2765688357869884
0,29213,PUT,2765688357792765,2765688357793427
0,29213,GET,2765688357869062,2765688357869784
0,32003,PUT,2765688357794970,2765688357795712
0,32003,GET,2765688357869233,2765688357869904
0,11294,PUT,2765688357794810,2765688357795361
0,11294,GET,2765688357869313,2765688357870105
0,30213,PUT,2765688357789838,2765688357790570
0,30213,GET,2765688357869323,2765688357870015
0,10527,PUT,2765688357787613,2765688357788385
0,10527,GET,2765688357869443,2765688357870215
0,32004,PUT,2765688357789568,2765688357790259
0,32004,GET,2765688357869523,2765688357870245
0,30725,PUT,2765688357794108,2765688357794790
0,30725,GET,2765688357869523,2765688357870516
0,21262,PUT,2765688357791051,2765688357791733
0,21262,GET,2765688357869544,2765688357870345
0,26119,PUT,2765688357789588,2765688357790189
0,26119,GET,2765688357869634,2765688357870375
0,12063,PUT,2765688357794790,2765688357795552
0,12063,GET,2765688357869654,2765688357870446
0,29973,PUT,2765688357796474,2765688357797105
0,29973,GET,2765688357869924,2765688357870706
0,26631,PUT,2765688357792114,2765688357792805
0,26631,GET,2765688357869944,2765688357870726
0,21774,PUT,2765688357795732,2765688357796444
0,21774,GET,2765688357870035,2765688357870917
0,25344,PUT,2765688357793306,2765688357794519
0,25344,GET,2765688357870145,2765688357870907
0,11807,PUT,2765688357793928,2765688357794650
0,11807,GET,2765688357870245,2765688357871047
0,27401,PUT,2765688357791963,2765688357792715
0,27401,GET,2765688357870255,2765688357871017
0,8460,PUT,2765688357790771,2765688357791643
0,8460,GET,2765688357870355,2765688357871127
0,9995,PUT,2765688357789407,2765688357790119
0,9995,GET,2765688357870406,2765688357871197
0,22024,PUT,2765688357789057,2765688357789728
0,22024,GET,2765688357870586,2765688357871328
0,9999,PUT,2765688357790440,2765688357791322
0,9999,GET,2765688357870596,2765688357871388
0,10251,PUT,2765688357790259,2765688357790951
0,10251,GET,2765688357870706,2765688357871488
0,8972,PUT,2765688357796033,2765688357796494
0,8972,GET,2765688357870786,2765688357871578
0,23558,PUT,2765688357796704,2765688357797316
0,23558,GET,2765688357870827,2765688357871528
0,8716,PUT,2765688357793196,2765688357793998
0,8716,GET,2765688357870837,2765688357871699
0,29714,PUT,2765688357796293,2765688357796925
0,29714,GET,2765688357870867,2765688357871448
0,32516,PUT,2765688357793046,2765688357793707
0,32516,GET,2765688357870947,2765688357871478
0,29469,PUT,2765688357794539,2765688357795221
0,29469,GET,2765688357871037,2765688357871839
0,11531,PUT,2765688357795241,2765688357795923
0,11531,GET,2765688357871047,2765688357871839
0,23304,PUT,2765688357794148,2765688357794850
0,23304,GET,2765688357871187,2765688357871889
0,31491,PUT,2765688357793236,2765688357793948
0,31491,GET,2765688357871197,2765688357871889
0,30730,PUT,2765688357794980,2765688357795652
0,30730,GET,2765688357871258,2765688357872059
0,23816,PUT,2765688357797516,2765688357798188
0,23816,GET,2765688357871338,2765688357872130
0,31747,PUT,2765688357794078,2765688357794840
0,31747,GET,2765688357871348,2765688357872130
0,30492,PUT,2765688357791111,2765688357791833
0,30492,GET,2765688357871368,2765688357872180
0,11787,PUT,2765688357797667,2765688357798428
0,11787,GET,2765688357871418,2765688357872049
0,23302,PUT,2765688357795892,2765688357796574
0,23302,GET,2765688357871468,2765688357872190
0,21776,PUT,2765688357791272,2765688357791913
0,21776,GET,2765688357871528,2765688357872300
0,10511,PUT,2765688357793196,2765688357793788
0,10511,GET,2765688357871578,2765688357872360
0,30218,PUT,2765688357792555,2765688357793286
0,30218,GET,2765688357871628,2765688357872400
0,25856,PUT,2765688357799200,2765688357800072
0,25856,GET,2765688357871658,2765688357872551
0,26393,PUT,2765688357792144,2765688357792815
0,26393,GET,2765688357871749,2765688357872540
0,10783,PUT,2765688357790460,2765688357791202
0,10783,GET,2765688357871829,2765688357872641
0,28418,PUT,2765688357796183,2765688357796935
0,28418,GET,2765688357871919,2765688357872701
0,25105,PUT,2765688357795191,2765688357795933
0,25105,GET,2765688357871919,2765688357872751
0,22032,PUT,2765688357795030,2765688357795792
0,22032,GET,2765688357871989,2765688357872691
0,12047,PUT,2765688357800754,2765688357801455
0,12047,GET,2765688357872109,2765688357872661
0,12059,PUT,2765688357795872,2765688357796825
0,12059,GET,2765688357872140,2765688357872871
0,32515,PUT,2765688357796664,2765688357797366
0,32515,GET,2765688357872170,2765688357872941
0,28949,PUT,2765688357793216,2765688357793908
0,28949,GET,2765688357872260,2765688357873032
0,11551,PUT,2765688357793106,2765688357793788
0,11551,GET,2765688357872290,2765688357873072
0,23046,PUT,2765688357795020,2765688357795732
0,23046,GET,2765688357872310,2765688357873052
0,29962,PUT,2765688357792003,2765688357792424
0,29962,GET,2765688357872320,2765688357873112
0,26905,PUT,2765688357794820,2765688357795652
0,26905,GET,2765688357872440,2765688357872961
0,12571,PUT,2765688357797787,2765688357798519
0,12571,GET,2765688357872520,2765688357873312
0,24849,PUT,2765688357793337,2765688357794008
0,24849,GET,2765688357872540,2765688357873372
0,32259,PUT,2765688357795852,2765688357796534
0,32259,GET,2765688357872551,2765688357873192
0,30741,PUT,2765688357799882,2765688357800553
0,30741,GET,2765688357872701,2765688357873463
0,28441,PUT,2765688357804172,2765688357804893
0,28441,GET,2765688357872781,2765688357873503
0,30474,PUT,2765688357794229,2765688357794840
0,30474,GET,2765688357872811,2765688357873683
0,27657,PUT,2765688357794650,2765688357795291
0,27657,GET,2765688357872831,2765688357873523
0,10767,PUT,2765688357793918,2765688357794690
0,10767,GET,2765688357872831,2765688357873773
0,9997,PUT,2765688357793768,2765688357794489
0,9997,GET,2765688357872851,2765688357873603
0,12319,PUT,2765688357795692,2765688357796394
0,12319,GET,2765688357872881,2765688357873693
0,28162,PUT,2765688357794620,2765688357795301
0,28162,GET,2765688357872921,2765688357873713
0,25881,PUT,2765688357789397,2765688357790109
0,25881,GET,2765688357872921,2765688357873683
0,11023,PUT,2765688357796654,2765688357797246
0,11023,GET,2765688357873092,2765688357873914
0,30485,PUT,2765688357799080,2765688357799751
0,30485,GET,2765688357873172,2765688357873653
0,11279,PUT,2765688357797386,2765688357798088
0,11279,GET,2765688357873202,2765688357873904
0,12315,PUT,2765688357796985,2765688357797647
0,12315,GET,2765688357873322,2765688357874094
0,31260,PUT,2765688357801235,2765688357801937
0,31260,GET,2765688357873463,2765688357874275
0,9484,PUT,2765688357798428,2765688357799140
0,9484,GET,2765688357873503,2765688357874124
0,25617,PUT,2765688357796885,2765688357797586
0,25617,GET,2765688357873533,2765688357874325
0,11550,PUT,2765688357795492,2765688357796233
0,11550,GET,2765688357873593,2765688357874365
0,29186,PUT,2765688357803530,2765688357804222
0,29186,GET,2765688357873643,2765688357874505
0,11286,PUT,2765688357794479,2765688357795181
0,11286,GET,2765688357873643,2765688357874335
0,26887,PUT,2765688357794589,2765688357795281
0,26887,GET,2765688357873653,2765688357874545
0,27161,PUT,2765688357795782,2765688357796554
0,27161,GET,2765688357873723,2765688357874435
0,32771,PUT,2765688357797496,2765688357798188
0,32771,GET,2765688357873823,2765688357874665
0,30237,PUT,2765688357799982,2765688357800684
0,30237,GET,2765688357873823,2765688357874625
0,22030,PUT,2765688357796584,2765688357797336
0,22030,GET,2765688357873833,2765688357874525
0,31237,PUT,2765688357795792,2765688357796624
0,31237,GET,2765688357873914,2765688357874645
0,28425,PUT,2765688357800593,2765688357801265
0,28425,GET,2765688357874074,2765688357874866
0,10774,PUT,2765688357790791,2765688357791522
0,10774,GET,2765688357874184,2765688357874946
0,11038,PUT,2765688357793948,2765688357794680
0,11038,GET,2765688357874224,2765688357874976
0,11275,PUT,2765688357794429,2765688357795101
0,11275,GET,2765688357874455,2765688357875287
0,11277,PUT,2765688357802257,2765688357803029
0,11277,GET,2765688357874535,2765688357875317
0,27913,PUT,2765688357796354,2765688357797035
0,27913,GET,2765688357874585,2765688357875457
0,26137,PUT,2765688357791222,2765688357791983
0,26137,GET,2765688357874635,2765688357875497
0,11791,PUT,2765688357799942,2765688357800623
0,11791,GET,2765688357874645,2765688357875367
0,11806,PUT,2765688357798238,2765688357798879
0,11806,GET,2765688357874645,2765688357875437
0,26368,PUT,2765688357802608,2765688357803480
0,26368,GET,2765688357874776,2765688357875668
0,29725,PUT,2765688357797336,2765688357797997
0,29725,GET,2765688357874876,2765688357875648
0,27417,PUT,2765688357796684,2765688357797446
0,27417,GET,2765688357874896,2765688357875688
0,11535,PUT,2765688357798228,2765688357798889
0,11535,GET,2765688357874996,2765688357875788
0,29461,PUT,2765688357794870,2765688357795582
0,29461,GET,2765688357875116,2765688357875888
0,31754,PUT,2765688357804703,2765688357805385
0,31754,GET,2765688357875247,2765688357876029
0,31493,PUT,2765688357796764,2765688357797526
0,31493,GET,2765688357875357,2765688357876039
0,30986,PUT,2765688357797576,2765688357798268
0,30986,GET,2765688357875457,2765688357876269
0,12043,PUT,2765688357799521,2765688357800202
0,12043,GET,2765688357875507,2765688357876299
0,31749,PUT,2765688357800543,2765688357801205
0,31749,GET,2765688357875537,2765688357876450
0,28169,PUT,2765688357797185,2765688357797857
0,28169,GET,2765688357875568,2765688357876389
0,27143,PUT,2765688357799040,2765688357799721
0,27143,GET,2765688357875598,2765688357876319
0,26129,PUT,2765688357800192,2765688357800864
0,26129,GET,2765688357875608,2765688357876419
0,22542,PUT,2765688357799200,2765688357799872
0,22542,GET,2765688357875638,2765688357876409
0,11030,PUT,2765688357792845,2765688357793547
0,11030,GET,2765688357875668,2765688357876440
0,30981,PUT,2765688357794950,2765688357795662
0,30981,GET,2765688357875708,2765688357876430
0,24070,PUT,2765688357799200,2765688357799892
0,24070,GET,2765688357875798,2765688357876590
0,23048,PUT,2765688357792414,2765688357793096
0,23048,GET,2765688357875798,2765688357876590
0,29698,PUT,2765688357805164,2765688357805856
0,29698,GET,2765688357875928,2765688357876610
0,12575,PUT,2765688357799561,2765688357800263
0,12575,GET,2765688357875938,2765688357876620
0,30229,PUT,2765688357797236,2765688357797917
0,30229,GET,2765688357876019,2765688357876710
0,12299,PUT,2765688357800333,2765688357800944
0,12299,GET,2765688357876199,2765688357876991
0,12831,PUT,2765688357800413,2765688357801125
0,12831,GET,2765688357876269,2765688357877131
0,29717,PUT,2765688357795712,2765688357796344
0,29717,GET,2765688357876279,2765688357877091
0,31004,PUT,2765688357798499,2765688357799170
0,31004,GET,2765688357876419,2765688357877141
0,10509,PUT,2765688357799912,2765688357800533
0,10509,GET,2765688357876520,2765688357877362
0,23814,PUT,2765688357798388,2765688357799060
0,23814,GET,2765688357876540,2765688357877302
0,29981,PUT,2765688357799120,2765688357799832
0,29981,GET,2765688357876540,2765688357877382
0,22286,PUT,2765688357798388,2765688357799060
0,22286,GET,2765688357876570,2765688357877422
0,12827,PUT,2765688357798649,2765688357799381
0,12827,GET,2765688357876730,2765688357877492
0,25873,PUT,2765688357798669,2765688357799100
0,25873,GET,2765688357876750,2765688357877562
0,13087,PUT,2765688357801265,2765688357801906
0,13087,GET,2765688357876760,2765688357877542
0,27929,PUT,2765688357801445,2765688357802147
0,27929,GET,2765688357876851,2765688357877582
0,22288,PUT,2765688357798759,2765688357799491
0,22288,GET,2765688357876871,2765688357877662
0,25094,PUT,2765688357804933,2765688357805515
0,25094,GET,2765688357877011,2765688357877803
0,22544,PUT,2765688357800533,2765688357801285
0,22544,GET,2765688357877061,2765688357877913
0,25600,PUT,2765688357796935,2765688357797797
0,25600,GET,2765688357877131,2765688357877923
0,23560,PUT,2765688357796885,2765688357797376
0,23560,GET,2765688357877292,2765688357878053
0,9740,PUT,2765688357799270,2765688357799952
0,9740,GET,2765688357877432,2765688357878133
0,26641,PUT,2765688357802788,2765688357803550
0,26641,GET,2765688357877432,2765688357878264
0,29970,PUT,2765688357798088,2765688357798789
0,29970,GET,2765688357877552,2765688357878364
0,26112,PUT,2765688357801506,2765688357802408
0,26112,GET,2765688357877592,2765688357878374
0,12811,PUT,2765688357801896,2765688357802658
0,12811,GET,2765688357877622,2765688357878504
0,32028,PUT,2765688357806397,2765688357807088
0,32028,GET,2765688357877672,2765688357878524
0,11542,PUT,2765688357800343,2765688357801054
0,11542,GET,2765688357877723,2765688357878324
0,29954,PUT,2765688357806858,2765688357807489
0,29954,GET,2765688357877813,2765688357878595
0,11798,PUT,2765688357801205,2765688357801916
0,11798,GET,2765688357877943,2765688357878795
0,28674,PUT,2765688357800022,2765688357800694
0,28674,GET,2765688357878053,2765688357878805
0,9996,PUT,2765688357800092,2765688357800844
0,9996,GET,2765688357878083,2765688357878855
0,31516,PUT,2765688357804923,2765688357805625
0,31516,GET,2765688357878133,2765688357878945
0,22800,PUT,2765688357802327,2765688357803009
0,22800,GET,2765688357878184,2765688357878965
0,13343,PUT,2765688357803059,2765688357803801
0,13343,GET,2765688357878214,2765688357879036
0,13599,PUT,2765688357803931,2765688357804563
0,13599,GET,2765688357878304,2765688357879096
0,28930,PUT,2765688357801756,2765688357802478
0,28930,GET,2765688357878384,2765688357879186
0,11533,PUT,2765688357804212,2765688357804843
0,11533,GET,2765688357878414,2765688357879186
0,30226,PUT,2765688357800583,2765688357801285
0,30226,GET,2765688357878504,2765688357879336
0,32261,PUT,2765688357806116,2765688357806858
0,32261,GET,2765688357878514,2765688357879396
0,31772,PUT,2765688357805775,2765688357806257
0,31772,GET,2765688357878544,2765688357879316
0,26385,PUT,2765688357801004,2765688357801686
0,26385,GET,2765688357878564,2765688357879346
0,8467,PUT,2765688357801526,2765688357802558
0,8467,GET,2765688357878735,2765688357879406
0,10764,PUT,2765688357805565,2765688357806196
0,10764,GET,2765688357878795,2765688357879557
0,10765,PUT,2765688357800684,2765688357801375
0,10765,GET,2765688357878925,2765688357879657
0,23310,PUT,2765688357801726,2765688357802317
0,23310,GET,2765688357879026,2765688357879797
0,11021,PUT,2765688357801506,2765688357802117
0,11021,GET,2765688357879096,2765688357879918
0,23566,PUT,2765688357803390,2765688357804031
0,23566,GET,2765688357879096,2765688357879938
0,13323,PUT,2765688357804593,2765688357805234
0,13323,GET,2765688357879166,2765688357879958
0,12062,PUT,2765688357800874,2765688357801576
0,12062,GET,2765688357879316,2765688357880038
0,26897,PUT,2765688357804593,2765688357805254
0,26897,GET,2765688357879386,2765688357880168
0,23054,PUT,2765688357800884,2765688357801586
0,23054,GET,2765688357879477,2765688357880288
0,31253,PUT,2765688357806196,2765688357806868
0,31253,GET,2765688357879507,2765688357880309
0,12054,PUT,2765688357804893,2765688357805605
0,12054,GET,2765688357879557,2765688357880359
0,22798,PUT,2765688357800002,2765688357800754
0,22798,GET,2765688357879697,2765688357880479
0,9228,PUT,2765688357796654,2765688357797356
0,9228,GET,2765688357879737,2765688357880449
0,23822,PUT,2765688357805224,2765688357805926
0,23822,GET,2765688357879787,2765688357880579
0,12555,PUT,2765688357801075,2765688357801766
0,12555,GET,2765688357879847,2765688357880699
0,24072,PUT,2765688357802137,2765688357802919
0,24072,GET,2765688357879928,2765688357880719
0,30493,PUT,2765688357800824,2765688357801516
0,30493,GET,2765688357879928,2765688357880619
0,10252,PUT,2765688357800984,2765688357801666
0,10252,GET,2765688357879958,2765688357880719
0,23056,PUT,2765688357805064,2765688357805685
0,23056,GET,2765688357880078,2765688357881030
0,10508,PUT,2765688357802738,2765688357803420
0,10508,GET,2765688357880098,2765688357881080
0,13086,PUT,2765688357805234,2765688357805936
0,13086,GET,2765688357880098,2765688357880880
0,12318,PUT,2765688357801736,2765688357802428
0,12318,GET,2765688357880168,2765688357880880
0,27673,PUT,2765688357800523,2765688357801285
0,27673,GET,2765688357880319,2765688357881090
0,13067,PUT,2765688357802839,2765688357803480
0,13067,GET,2765688357880339,2765688357881110
0,12830,PUT,2765688357804402,2765688357805094
0,12830,GET,2765688357880369,2765688357881271
0,26880,PUT,2765688357807169,2765688357807900
0,26880,GET,2765688357880459,2765688357881351
0,14111,PUT,2765688357805475,2765688357806176
0,14111,GET,2765688357880519,2765688357881481
0,11020,PUT,2765688357806347,2765688357807028
0,11020,GET,2765688357880719,2765688357881491
0,13579,PUT,2765688357805364,2765688357806046
0,13579,GET,2765688357880740,2765688357881491
0,24840,PUT,2765688357807630,2765688357808422
0,24840,GET,2765688357880790,2765688357881421
0,12045,PUT,2765688357806798,2765688357807349
0,12045,GET,2765688357880850,2765688357881632
0,24334,PUT,2765688357806868,2765688357807529
0,24334,GET,2765688357880850,2765688357881692
0,31498,PUT,2765688357802949,2765688357803630
0,31498,GET,2765688357880870,2765688357881612
0,28185,PUT,2765688357802277,2765688357803009
0,28185,GET,2765688357880870,2765688357881451
0,24584,PUT,2765688357805866,2765688357806547
0,24584,GET,2765688357881020,2765688357881802
0,12574,PUT,2765688357802558,2765688357803280
0,12574,GET,2765688357881020,2765688357881852
0,25350,PUT,2765688357805655,2765688357806317
0,25350,GET,2765688357881211,2765688357881972
0,30738,PUT,2765688357805164,2765688357805866
0,30738,GET,2765688357881221,2765688357881942
0,23824,PUT,2765688357808371,2765688357809053
0,23824,GET,2765688357881231,2765688357881972
0,12566,PUT,2765688357807509,2765688357808301
0,12566,GET,2765688357881251,2765688357882002
0,32266,PUT,2765688357807299,2765688357807800
0,32266,GET,2765688357881291,2765688357881982
0,31261,PUT,2765688357806878,2765688357807560
0,31261,GET,2765688357881391,2765688357882093
0,30749,PUT,2765688357803370,2765688357804061
0,30749,GET,2765688357881411,2765688357882183
0,11789,PUT,2765688357804984,2765688357805655
0,11789,GET,2765688357881592,2765688357882393
0,8723,PUT,2765688357806257,2765688357806968
0,8723,GET,2765688357881642,2765688357882393
0,23568,PUT,2765688357807519,2765688357808231
0,23568,GET,2765688357881702,2765688357882534
0,30482,PUT,2765688357804322,2765688357805014
0,30482,GET,2765688357881762,2765688357882464
0,12310,PUT,2765688357806718,2765688357807349
0,12310,GET,2765688357881932,2765688357882664
0,31509,PUT,2765688357807008,2765688357807850
0,31509,GET,2765688357881982,2765688357882794
0,30994,PUT,2765688357805996,2765688357806728
0,30994,GET,2765688357882023,2765688357882804
0,27392,PUT,2765688357810476,2765688357811348
0,27392,GET,2765688357882133,2765688357882834
0,28177,PUT,2765688357812361,2765688357812982
0,28177,GET,2765688357882203,2765688357883075
0,30997,PUT,2765688357805364,2765688357806046
0,30997,GET,2765688357882233,2765688357882895
0,14091,PUT,2765688357807018,2765688357807810
0,14091,GET,2765688357882243,2765688357883025
0,27409,PUT,2765688357808111,2765688357808792
0,27409,GET,2765688357882313,2765688357883145
0,13334,PUT,2765688357812932,2765688357813654
0,13334,GET,2765688357882373,2765688357883185
0,32010,PUT,2765688357805525,2765688357806267
0,32010,GET,2765688357882423,2765688357883185
0,29442,PUT,2765688357804382,2765688357805034
0,29442,GET,2765688357882454,2765688357883305
0,12815,PUT,2765688357807119,2765688357807940
0,12815,GET,2765688357882504,2765688357883336
0,25862,PUT,2765688357807289,2765688357807981
0,25862,GET,2765688357882524,2765688357883366
0,11532,PUT,2765688357808041,2765688357808712
0,11532,GET,2765688357882604,2765688357883366
0,13083,PUT,2765688357807590,2765688357808381
0,13083,GET,2765688357882634,2765688357883426
0,27655,PUT,2765688357805264,2765688357805886
0,27655,GET,2765688357882734,2765688357883546
0,31517,PUT,2765688357808672,2765688357809354
0,31517,GET,2765688357882734,2765688357883506
0,24326,PUT,2765688357801415,2765688357802087
0,24326,GET,2765688357882804,2765688357883586
0,13854,PUT,2765688357809564,2765688357810266
0,13854,GET,2765688357882824,2765688357883736
0,13342,PUT,2765688357806066,2765688357806778
0,13342,GET,2765688357882864,2765688357883596
0,27911,PUT,2765688357808642,2765688357809444
0,27911,GET,2765688357882874,2765688357883586
0,31773,PUT,2765688357809494,2765688357810206
0,31773,GET,2765688357882955,2765688357883736
0,31242,PUT,2765688357802057,2765688357802718
0,31242,GET,2765688357883035,2765688357883817
0,32005,PUT,2765688357805214,2765688357805966
0,32005,GET,2765688357883145,2765688357883927
0,12559,PUT,2765688357806297,2765688357806968
0,12559,GET,2765688357883155,2765688357883867
0,24328,PUT,2765688357805024,2765688357805715
0,24328,GET,2765688357883326,2765688357884017
0,26624,PUT,2765688357804873,2765688357805775
0,26624,GET,2765688357883376,2765688357884157
0,27153,PUT,2765688357807309,2765688357807981
0,27153,GET,2765688357883466,2765688357884258
0,31005,PUT,2765688357804202,2765688357804893
0,31005,GET,2765688357883496,2765688357884258
0,27399,PUT,2765688357802618,2765688357803340
0,27399,GET,2765688357883496,2765688357884208
0,28423,PUT,2765688357812281,2765688357812862
0,28423,GET,2765688357883586,2765688357884288
0,30210,PUT,2765688357807620,2765688357808301
0,30210,GET,2765688357883716,2765688357884428
0,33048,PUT,2765688357809153,2765688357809895
0,33048,GET,2765688357883726,2765688357884448
0,24582,PUT,2765688357803290,2765688357803971
0,24582,GET,2765688357883817,2765688357884659
0,24838,PUT,2765688357804122,2765688357804803
0,24838,GET,2765688357883817,2765688357884508
0,33300,PUT,2765688357808131,2765688357809033
0,33300,GET,2765688357883867,2765688357884619
0,32773,PUT,2765688357807620,2765688357808311
0,32773,GET,2765688357883997,2765688357884829
0,13598,PUT,2765688357806928,2765688357807640
0,13598,GET,2765688357884077,2765688357884859
0,23312,PUT,2765688357805836,2765688357806517
0,23312,GET,2765688357884077,2765688357884839
0,13835,PUT,2765688357806186,2765688357806878
0,13835,GET,2765688357884137,2765688357884999
0,31506,PUT,2765688357811439,2765688357812100
0,31506,GET,2765688357884147,2765688357885029
0,33044,PUT,2765688357807088,2765688357807960
0,33044,GET,2765688357884178,2765688357884949
0,32029,PUT,2765688357810356,2765688357811068
0,32029,GET,2765688357884308,2765688357885090
0,14366,PUT,2765688357813794,2765688357814516
0,14366,GET,2765688357884368,2765688357885160
0,8979,PUT,2765688357808131,2765688357808822
0,8979,GET,2765688357884568,2765688357885290
0,12301,PUT,2765688357808371,2765688357809063
0,12301,GET,2765688357884588,2765688357885440
0,13855,PUT,2765688357804703,2765688357805344
0,13855,GET,2765688357884609,2765688357885430
0,24846,PUT,2765688357810085,2765688357810767
0,24846,GET,2765688357884749,2765688357885531
0,24078,PUT,2765688357806056,2765688357806728
0,24078,GET,2765688357884989,2765688357885781
0,27142,PUT,2765688357814365,2765688357815037
0,27142,GET,2765688357885140,2765688357885891
0,12044,PUT,2765688357810707,2765688357811439
0,12044,GET,2765688357885160,2765688357885972
0,24590,PUT,2765688357809364,2765688357809945
0,24590,GET,2765688357885230,2765688357886042
0,9747,PUT,2765688357810707,2765688357811509
0,9747,GET,2765688357885290,2765688357886072
0,13595,PUT,2765688357810276,2765688357810957
0,13595,GET,2765688357885300,2765688357885922
0,32284,PUT,2765688357809925,2765688357810767
0,32284,GET,2765688357885330,2765688357886092
0,25606,PUT,2765688357806457,2765688357807149
0,25606,GET,2765688357885370,2765688357886172
0,27136,PUT,2765688357809414,2765688357810286
0,27136,GET,2765688357885440,2765688357886222
0,11276,PUT,2765688357807159,2765688357807900
0,11276,GET,2765688357885511,2765688357886323
0,32285,PUT,2765688357814977,2765688357815668
0,32285,GET,2765688357885561,2765688357886363
0,13071,PUT,2765688357809023,2765688357809725
0,13071,GET,2765688357885661,2765688357886483
0,32540,PUT,2765688357811769,2765688357812581
0,32540,GET,2765688357885751,2765688357886423
0,12556,PUT,2765688357815648,2765688357816320
0,12556,GET,2765688357885861,2765688357886483
0,9491,PUT,2765688357809815,2765688357810567
0,9491,GET,2765688357885861,2765688357886653
0,28937,PUT,2765688357810085,2765688357810757
0,28937,GET,2765688357885922,2765688357886523
0,13327,PUT,2765688357810817,2765688357811579
0,13327,GET,2765688357886002,2765688357886754
0,27665,PUT,2765688357810707,2765688357811409
0,27665,GET,2765688357886022,2765688357886854
0,14110,PUT,2765688357811298,2765688357811840
0,14110,GET,2765688357886172,2765688357886844
0,14603,PUT,2765688357813493,2765688357814175
0,14603,GET,2765688357886202,2765688357886904
0,14879,PUT,2765688357809133,2765688357809825
0,14879,GET,2765688357886242,2765688357886974
0,33028,PUT,2765688357809444,2765688357810196
0,33028,GET,2765688357886323,2765688357887104
0,33560,PUT,2765688357811870,2765688357812581
0,33560,GET,2765688357886353,2765688357887134
0,12303,PUT,2765688357804242,2765688357805114
0,12303,GET,2765688357886383,2765688357887185
0,28681,PUT,2765688357805044,2765688357805745
0,28681,GET,2765688357886443,2765688357887265
0,12822,PUT,2765688357810266,2765688357810937
0,12822,GET,2765688357886453,2765688357887265
0,13339,PUT,2765688357809474,2765688357810126
0,13339,GET,2765688357886513,2765688357887315
0,13846,PUT,2765688357815869,2765688357816581
0,13846,GET,2765688357886613,2765688357887445
0,13851,PUT,2765688357811098,2765688357811789
0,13851,GET,2765688357886623,2765688357887435
0,29449,PUT,2765688357815378,2765688357816059
0,29449,GET,2765688357886663,2765688357887345
0,9235,PUT,2765688357808973,2765688357809674
0,9235,GET,2765688357886743,2765688357887555
0,31250,PUT,2765688357809674,2765688357810336
0,31250,GET,2765688357886914,2765688357887676
0,25102,PUT,2765688357811930,2765688357812601
0,25102,GET,2765688357886994,2765688357887756
0,13583,PUT,2765688357811719,2765688357812421
0,13583,GET,2765688357887064,2765688357887585
0,14614,PUT,2765688357818425,2765688357819126
0,14614,GET,2765688357887084,2765688357887866
0,26630,PUT,2765688357811779,2765688357812471
0,26630,GET,2765688357887114,2765688357887926
0,28953,PUT,2765688357812321,2765688357812992
0,28953,GET,2765688357887305,2765688357888137
0,24336,PUT,2765688357815688,2765688357816380
0,24336,GET,2765688357887405,2765688357888097
0,15647,PUT,2765688357814385,2765688357815097
0,15647,GET,2765688357887415,2765688357888057
0,14347,PUT,2765688357812651,2765688357813333
0,14347,GET,2765688357887475,2765688357888267
0,26118,PUT,2765688357810025,2765688357810847
0,26118,GET,2765688357887585,2765688357888337
0,33556,PUT,2765688357811228,2765688357811940
0,33556,GET,2765688357887585,2765688357888327
0,14363,PUT,2765688357813604,2765688357814295
0,14363,GET,2765688357887595,2765688357888347
0,25096,PUT,2765688357810536,2765688357811168
0,25096,GET,2765688357887646,2765688357888357
0,28679,PUT,2765688357813002,2765688357813594
0,28679,GET,2765688357887706,2765688357888498
0,24592,PUT,2765688357817503,2765688357818224
0,24592,GET,2765688357887716,2765688357888498
0,28167,PUT,2765688357811559,2765688357812130
0,28167,GET,2765688357887786,2765688357888598
0,12557,PUT,2765688357809193,2765688357809895
0,12557,GET,2765688357887816,2765688357888367
0,26374,PUT,2765688357810978,2765688357811649
0,26374,GET,2765688357888067,2765688357888919
0,32778,PUT,2765688357813463,2765688357814245
0,32778,GET,2765688357888077,2765688357888858
0,14095,PUT,2765688357814145,2765688357814766
0,14095,GET,2765688357888097,2765688357888868
0,14607,PUT,2765688357817533,2765688357818204
0,14607,GET,2765688357888187,2765688357888999
0,34051,PUT,2765688357816059,2765688357816751
0,34051,GET,2765688357888237,2765688357889039
0,32517,PUT,2765688357806988,2765688357807479
0,32517,GET,2765688357888407,2765688357889099
0,14623,PUT,2765688357808241,2765688357808993
0,14623,GET,2765688357888467,2765688357889269
0,13078,PUT,2765688357811088,2765688357811779
0,13078,GET,2765688357888488,2765688357889350
0,25608,PUT,2765688357813062,2765688357813774
0,25608,GET,2765688357888508,2765688357889139
0,25358,PUT,2765688357813584,2765688357814265
0,25358,GET,2765688357888578,2765688357889370
0,14102,PUT,2765688357816721,2765688357817443
0,14102,GET,2765688357888638,2765688357889590
0,25864,PUT,2765688357813914,2765688357814586
0,25864,GET,2765688357888718,2765688357889380
0,33795,PUT,2765688357815247,2765688357815919
0,33795,GET,2765688357888848,2765688357889630
0,29209,PUT,2765688357814977,2765688357815668
0,29209,GET,2765688357888858,2765688357889660
0,29193,PUT,2765688357814526,2765688357815217
0,29193,GET,2765688357888898,2765688357889660
0,15883,PUT,2765688357820079,2765688357820770
0,15883,GET,2765688357889009,2765688357889821
0,15135,PUT,2765688357810887,2765688357811589
0,15135,GET,2765688357889059,2765688357889871
0,30978,PUT,2765688357815849,2765688357816530
0,30978,GET,2765688357889139,2765688357889971
0,24080,PUT,2765688357811088,2765688357811759
0,24080,GET,2765688357889139,2765688357889931
0,33283,PUT,2765688357813564,2765688357814285
0,33283,GET,2765688357889179,2765688357889951
0,12813,PUT,2765688357810947,2765688357811669
0,12813,GET,2765688357889259,2765688357890091
0,32541,PUT,2765688357815829,2765688357816601
0,32541,GET,2765688357889269,2765688357890061
0,15391,PUT,2765688357813584,2765688357814245
0,15391,GET,2765688357889319,2765688357890101
0,33816,PUT,2765688357813664,2765688357814315
0,33816,GET,2765688357889350,2765688357890202
0,25614,PUT,2765688357814395,2765688357815097
0,25614,GET,2765688357889350,2765688357890121
0,27921,PUT,2765688357811549,2765688357812220
0,27921,GET,2765688357889400,2765688357890181
0,33796,PUT,2765688357820429,2765688357821121
0,33796,GET,2765688357889490,2765688357890352
0,14107,PUT,2765688357812772,2765688357813463
0,14107,GET,2765688357889510,2765688357890232
0,29465,PUT,2765688357815829,2765688357816681
0,29465,GET,2765688357889520,2765688357890292
0,33540,PUT,2765688357815097,2765688357815779
0,33540,GET,2765688357889590,2765688357890382
0,15903,PUT,2765688357815227,2765688357815819
0,15903,GET,2765688357889600,2765688357890372
0,14358,PUT,2765688357817583,2765688357818284
0,14358,GET,2765688357889620,2765688357890502
0,26376,PUT,2765688357817122,2765688357817793
0,26376,GET,2765688357889710,2765688357890532
0,11788,PUT,2765688357808853,2765688357809634
0,11788,GET,2765688357889720,2765688357890512
0,33284,PUT,2765688357811298,2765688357812080
0,33284,GET,2765688357889791,2765688357890592
0,12300,PUT,2765688357813574,2765688357814365
0,12300,GET,2765688357889801,2765688357890602
0,30466,PUT,2765688357813233,2765688357813914
0,30466,GET,2765688357889891,2765688357890713
0,33812,PUT,2765688357812080,2765688357812802
0,33812,GET,2765688357889951,2765688357890753
0,34068,PUT,2765688357817372,2765688357818054
0,34068,GET,2765688357890091,2765688357891033
0,13581,PUT,2765688357815698,2765688357816400
0,13581,GET,2765688357890091,2765688357890843
0,14619,PUT,2765688357814436,2765688357815167
0,14619,GET,2765688357890131,2765688357890923
0,28697,PUT,2765688357811449,2765688357812160
0,28697,GET,2765688357890242,2765688357890943
0,25352,PUT,2765688357812220,2765688357812912
0,25352,GET,2765688357890252,2765688357891094
0,27398,PUT,2765688357816019,2765688357816751
0,27398,GET,2765688357890272,2765688357891184
0,13590,PUT,2765688357813784,2765688357814736
0,13590,GET,2765688357890352,2765688357891013
0,14367,PUT,2765688357807279,2765688357808111
0,14367,GET,2765688357890352,2765688357891043
0,13325,PUT,2765688357814806,2765688357815548
0,13325,GET,2765688357890482,2765688357891344
0,32522,PUT,2765688357807940,2765688357808632
0,32522,GET,2765688357890522,2765688357891595
0,31765,PUT,2765688357811850,2765688357812611
0,31765,GET,2765688357890653,2765688357891454
0,14351,PUT,2765688357814907,2765688357815588
0,14351,GET,2765688357890683,2765688357891454
0,28689,PUT,2765688357816781,2765688357817463
0,28689,GET,2765688357890733,2765688357891394
0,34307,PUT,2765688357816881,2765688357817503
0,34307,GET,2765688357890843,2765688357891625
0,29959,PUT,2765688357818555,2765688357819177
0,29959,GET,2765688357890883,2765688357891705
0,26632,PUT,2765688357817924,2765688357818595
0,26632,GET,2765688357890903,2765688357891785
0,15371,PUT,2765688357816530,2765688357817222
0,15371,GET,2765688357890943,2765688357891705
0,25870,PUT,2765688357816170,2765688357816881
0,25870,GET,2765688357891033,2765688357891905
0,29703,PUT,2765688357817723,2765688357818425
0,29703,GET,2765688357891053,2765688357891835
0,13068,PUT,2765688357818174,2765688357818876
0,13068,GET,2765688357891144,2765688357891835
0,33304,PUT,2765688357810045,2765688357810757
0,33304,GET,2765688357891234,2765688357892016
0,28672,PUT,2765688357820670,2765688357821562
0,28672,GET,2765688357891374,2765688357892166
0,31762,PUT,2765688357813173,2765688357813864
0,31762,GET,2765688357891384,2765688357892156
0,15115,PUT,2765688357815698,2765688357816390
0,15115,GET,2765688357891545,2765688357892326
0,28935,PUT,2765688357814476,2765688357815127
0,28935,GET,2765688357891585,2765688357892407
0,26886,PUT,2765688357812601,2765688357813313
0,26886,GET,2765688357891745,2765688357892196
0,14859,PUT,2765688357814375,2765688357814766
0,14859,GET,2765688357891775,2765688357892557
0,13580,PUT,2765688357819858,2765688357820560
0,13580,GET,2765688357891785,2765688357892657
0,28160,PUT,2765688357816069,2765688357816971
0,28160,GET,2765688357891835,2765688357892697
0,29977,PUT,2765688357817623,2765688357818254
0,29977,GET,2765688357891915,2765688357892707
0,28433,PUT,2765688357813122,2765688357813814
0,28433,GET,2765688357891966,2765688357892838
0,34819,PUT,2765688357819668,2765688357820349
0,34819,GET,2765688357891976,2765688357892687
0,13839,PUT,2765688357813323,2765688357814005
0,13839,GET,2765688357892166,2765688357893088
0,27648,PUT,2765688357813784,2765688357814796
0,27648,GET,2765688357892306,2765688357893088
0,15134,PUT,2765688357819858,2765688357820500
0,15134,GET,2765688357892346,2765688357893028
0,12812,PUT,2765688357817402,2765688357818024
0,12812,GET,2765688357892346,2765688357893058
0,26120,PUT,2765688357816390,2765688357816981
0,26120,GET,2765688357892387,2765688357893158
0,32533,PUT,2765688357818254,2765688357819016
0,32533,GET,2765688357892457,2765688357893279
0,33539,PUT,2765688357814426,2765688357815117
0,33539,GET,2765688357892477,2765688357893249
0,15627,PUT,2765688357817352,2765688357818064
0,15627,GET,2765688357892667,2765688357893379
0,27904,PUT,2765688357815057,2765688357815889
0,27904,GET,2765688357892727,2765688357893559
0,15899,PUT,2765688357821512,2765688357822244
0,15899,GET,2765688357892757,2765688357893970
0,30722,PUT,2765688357814977,2765688357815698
0,30722,GET,2765688357892767,2765688357893549
0,29721,PUT,2765688357816811,2765688357817473
0,29721,GET,2765688357892788,2765688357893639
0,15126,PUT,2765688357820109,2765688357820760
0,15126,GET,2765688357892838,2765688357893710
0,26126,PUT,2765688357817964,2765688357818645
0,26126,GET,2765688357892898,2765688357893690
0,33027,PUT,2765688357812601,2765688357813423
0,33027,GET,2765688357892938,2765688357893680
0,10003,PUT,2765688357814135,2765688357814927
0,10003,GET,2765688357893229,2765688357893740
0,16671,PUT,2765688357818655,2765688357819367
0,16671,GET,2765688357893229,2765688357894020
0,34072,PUT,2765688357814456,2765688357815127
0,34072,GET,2765688357893389,2765688357894161
0,29201,PUT,2765688357820369,2765688357821061
0,29201,GET,2765688357893509,2765688357894121
0,28166,PUT,2765688357822143,2765688357822885
0,28166,GET,2765688357893539,2765688357894351
0,32796,PUT,2765688357813734,2765688357814536
0,32796,GET,2765688357893660,2765688357894411
0,10771,PUT,2765688357819457,2765688357820149
0,10771,GET,2765688357893700,2765688357894391
0,26888,PUT,2765688357819638,2765688357820359
0,26888,GET,2765688357893710,2765688357894251
0,14622,PUT,2765688357816210,2765688357816951
0,14622,GET,2765688357893820,2765688357894602
0,29713,PUT,2765688357823046,2765688357823867
0,29713,GET,2765688357893880,2765688357894622
0,14878,PUT,2765688357818074,2765688357818776
0,14878,GET,2765688357893880,2765688357894632
0,32789,PUT,2765688357820089,2765688357820780
0,32789,GET,2765688357893960,2765688357894732
0,30745,PUT,2765688357822855,2765688357823527
0,30745,GET,2765688357893980,2765688357894702
0,33285,PUT,2765688357821001,2765688357821692
0,33285,GET,2765688357894141,2765688357894902
0,29705,PUT,2765688357818044,2765688357818756
0,29705,GET,2765688357894161,2765688357894943
0,16927,PUT,2765688357819497,2765688357820199
0,16927,GET,2765688357894161,2765688357895003
0,29191,PUT,2765688357815267,2765688357815949
0,29191,GET,2765688357894241,2765688357894943
0,32274,PUT,2765688357818756,2765688357819447
0,32274,GET,2765688357894241,2765688357895033
0,13324,PUT,2765688357819016,2765688357819718
0,13324,GET,2765688357894301,2765688357895053
0,29961,PUT,2765688357819808,2765688357820520
0,29961,GET,2765688357894391,2765688357895293
0,16415,PUT,2765688357816761,2765688357817483
0,16415,GET,2765688357894421,2765688357895083
0,32021,PUT,2765688357816370,2765688357817182
0,32021,GET,2765688357894522,2765688357895243
0,14870,PUT,2765688357819257,2765688357819968
0,14870,GET,2765688357894542,2765688357895504
0,15387,PUT,2765688357819798,2765688357820540
0,15387,GET,2765688357894562,2765688357895524
0,34328,PUT,2765688357819728,2765688357820419
0,34328,GET,2765688357894632,2765688357895414
0,29447,PUT,2765688357816901,2765688357817583
0,29447,GET,2765688357894692,2765688357895404
0,31001,PUT,2765688357827476,2765688357828238
0,31001,GET,2765688357894692,2765688357895394
0,10259,PUT,2765688357815097,2765688357815779
0,10259,GET,2765688357894702,2765688357895564
0,31497,PUT,2765688357827526,2765688357828318
0,31497,GET,2765688357894752,2765688357895494
0,14875,PUT,2765688357817322,2765688357817964
0,14875,GET,2765688357894772,2765688357895564
0,32530,PUT,2765688357820540,2765688357821221
0,32530,GET,2765688357894862,2765688357895394
0,32002,PUT,2765688357822785,2765688357823537
0,32002,GET,2765688357895053,2765688357895895
0,32018,PUT,2765688357817853,2765688357818585
0,32018,GET,2765688357895083,2765688357895845
0,30983,PUT,2765688357823717,2765688357824389
0,30983,GET,2765688357895153,2765688357895845
0,27654,PUT,2765688357816891,2765688357817603
0,27654,GET,2765688357895163,2765688357895945
0,25616,PUT,2765688357820931,2765688357821492
0,25616,GET,2765688357895183,2765688357895985
0,34563,PUT,2765688357818836,2765688357819527
0,34563,GET,2765688357895193,2765688357895925
0,33029,PUT,2765688357820099,2765688357820850
0,33029,GET,2765688357895203,2765688357895875
0,16159,PUT,2765688357815949,2765688357816631
0,16159,GET,2765688357895424,2765688357896185
0,26638,PUT,2765688357819628,2765688357820319
0,26638,GET,2765688357895454,2765688357895995
0,26382,PUT,2765688357818786,2765688357819497
0,26382,GET,2765688357895524,2765688357896286
0,30471,PUT,2765688357820199,2765688357820860
0,30471,GET,2765688357895544,2765688357896356
0,30215,PUT,2765688357819307,2765688357820059
0,30215,GET,2765688357895554,2765688357896226
0,13069,PUT,2765688357813854,2765688357814636
0,13069,GET,2765688357895694,2765688357896466
0,14863,PUT,2765688357821843,2765688357822564
0,14863,GET,2765688357895724,2765688357896687
0,25360,PUT,2765688357820049,2765688357820790
0,25360,GET,2765688357895724,2765688357896386
0,25104,PUT,2765688357819197,2765688357819908
0,25104,GET,2765688357895724,2765688357896516
0,25872,PUT,2765688357822564,2765688357823276
0,25872,GET,2765688357895855,2765688357896616
0,29969,PUT,2765688357823998,2765688357824749
0,29969,GET,2765688357895915,2765688357896616
0,10515,PUT,2765688357818806,2765688357819297
0,10515,GET,2765688357895955,2765688357896757
0,15902,PUT,2765688357824329,2765688357825040
0,15902,GET,2765688357895975,2765688357896646
0,15131,PUT,2765688357818094,2765688357818786
0,15131,GET,2765688357895985,2765688357896737
0,24848,PUT,2765688357818375,2765688357819056
0,24848,GET,2765688357896035,2765688357896797
0,27144,PUT,2765688357820490,2765688357821111
0,27144,GET,2765688357896075,2765688357896697
0,27910,PUT,2765688357819598,2765688357820199
0,27910,GET,2765688357896185,2765688357896947
0,16651,PUT,2765688357824469,2765688357825241
0,16651,GET,2765688357896316,2765688357897027
0,27400,PUT,2765688357823076,2765688357823797
0,27400,GET,2765688357896426,2765688357897208
0,17438,PUT,2765688357829009,2765688357829681
0,17438,GET,2765688357896496,2765688357897308
0,14093,PUT,2765688357821612,2765688357822304
0,14093,GET,2765688357896516,2765688357897218
0,28416,PUT,2765688357819557,2765688357820450
0,28416,GET,2765688357896596,2765688357897408
0,16139,PUT,2765688357820901,2765688357821592
0,16139,GET,2765688357896596,2765688357897388
0,30233,PUT,2765688357819337,2765688357820039
0,30233,GET,2765688357896657,2765688357897368
0,15643,PUT,2765688357820670,2765688357821372
0,15643,GET,2765688357896767,2765688357897488
0,26894,PUT,2765688357820460,2765688357821141
0,26894,GET,2765688357896827,2765688357897519
0,32797,PUT,2765688357817713,2765688357818465
0,32797,GET,2765688357896827,2765688357897589
0,14605,PUT,2765688357823116,2765688357823827
0,14605,GET,2765688357896837,2765688357897659
0,16395,PUT,2765688357821743,2765688357822424
0,16395,GET,2765688357896937,2765688357897599
0,34053,PUT,2765688357824719,2765688357825391
0,34053,GET,2765688357896967,2765688357897739
0,15375,PUT,2765688357825391,2765688357826063
0,15375,GET,2765688357897017,2765688357897779
0,14092,PUT,2765688357821522,2765688357822214
0,14092,GET,2765688357897098,2765688357897939
0,13836,PUT,2765688357820700,2765688357821382
0,13836,GET,2765688357897168,2765688357897929
0,34052,PUT,2765688357821271,2765688357822043
0,34052,GET,2765688357897178,2765688357897709
0,34820,PUT,2765688357823918,2765688357824669
0,34820,GET,2765688357897268,2765688357898070
0,32277,PUT,2765688357817342,2765688357818114
0,32277,GET,2765688357897338,2765688357898120
0,33541,PUT,2765688357821833,2765688357822514
0,33541,GET,2765688357897348,2765688357898130
0,29457,PUT,2765688357822143,2765688357822905
0,29457,GET,2765688357897438,2765688357898240
0,13837,PUT,2765688357819938,2765688357820600
0,13837,GET,2765688357897488,2765688357898250
0,16670,PUT,2765688357826874,2765688357827556
0,16670,GET,2765688357897519,2765688357898140
0,28945,PUT,2765688357819567,2765688357820219
0,28945,GET,2765688357897629,2765688357898411
0,15390,PUT,2765688357820650,2765688357821352
0,15390,GET,2765688357897639,2765688357898481
0,30727,PUT,2765688357822875,2765688357823587
0,30727,GET,2765688357897659,2765688357898461
0,31234,PUT,2765688357820189,2765688357820941
0,31234,GET,2765688357897729,2765688357898511
0,32258,PUT,2765688357824569,2765688357825291
0,32258,GET,2765688357897759,2765688357898541
0,30489,PUT,2765688357822013,2765688357822715
0,30489,GET,2765688357897809,2765688357898641
0,35608,PUT,2765688357825872,2765688357826554
0,35608,GET,2765688357897839,2765688357898641
0,35331,PUT,2765688357823106,2765688357823938
0,35331,GET,2765688357897879,2765688357898571
0,29184,PUT,2765688357826594,2765688357827516
0,29184,GET,2765688357897909,2765688357898691
0,34564,PUT,2765688357823056,2765688357823727
0,34564,GET,2765688357897950,2765688357898832
0,33797,PUT,2765688357822645,2765688357823346
0,33797,GET,2765688357898020,2765688357898902
0,34836,PUT,2765688357826223,2765688357826955
0,34836,GET,2765688357898070,2765688357898571
0,27150,PUT,2765688357823146,2765688357823827
0,27150,GET,2765688357898200,2765688357898972
0,30225,PUT,2765688357824880,2765688357825561
0,30225,GET,2765688357898250,2765688357899032
0,17183,PUT,2765688357822304,2765688357823025
0,17183,GET,2765688357898260,2765688357899012
0,35352,PUT,2765688357825020,2765688357825732
0,35352,GET,2765688357898270,2765688357899062
0,32770,PUT,2765688357828177,2765688357828869
0,32770,GET,2765688357898391,2765688357899192
0,28678,PUT,2765688357825541,2765688357826183
0,28678,GET,2765688357898411,2765688357899182
0,35096,PUT,2765688357824158,2765688357824890
0,35096,GET,2765688357898541,2765688357899273
0,16158,PUT,2765688357825170,2765688357825892
0,16158,GET,2765688357898581,2765688357899403
0,15117,PUT,2765688357827335,2765688357827977
0,15117,GET,2765688357898591,2765688357899403
0,34309,PUT,2765688357825521,2765688357826303
0,34309,GET,2765688357898651,2765688357899503
0,14348,PUT,2765688357822354,2765688357823036
0,14348,GET,2765688357898711,2765688357899553
0,17695,PUT,2765688357825000,2765688357825662
0,17695,GET,2765688357898721,2765688357899533
0,14349,PUT,2765688357822454,2765688357822975
0,14349,GET,2765688357898791,2765688357899513
0,32786,PUT,2765688357821362,2765688357822083
0,32786,GET,2765688357898822,2765688357899593
0,14604,PUT,2765688357827516,2765688357828218
0,14604,GET,2765688357898852,2765688357899623
0,15382,PUT,2765688357820901,2765688357821502
0,15382,GET,2765688357898982,2765688357899764
0,34324,PUT,2765688357819146,2765688357819778
0,34324,GET,2765688357899092,2765688357899914
0,16411,PUT,2765688357827115,2765688357827817
0,16411,GET,2765688357899112,2765688357899914
0,34584,PUT,2765688357821562,2765688357822284
0,34584,GET,2765688357899333,2765688357900105
0,29440,PUT,2765688357827726,2765688357828859
0,29440,GET,2765688357899343,2765688357900115
0,15638,PUT,2765688357823577,2765688357824278
0,15638,GET,2765688357899413,2765688357900205
0,30729,PUT,2765688357824258,2765688357824930
0,30729,GET,2765688357899433,2765688357900245
0,15631,PUT,2765688357826223,2765688357826854
0,15631,GET,2765688357899473,2765688357900235
0,35075,PUT,2765688357821492,2765688357822194
0,35075,GET,2765688357899543,2765688357900265
0,34308,PUT,2765688357822184,2765688357822915
0,34308,GET,2765688357899553,2765688357900225
0,16662,PUT,2765688357827045,2765688357827787
0,16662,GET,2765688357899583,2765688357900215
0,15119,PUT,2765688357822725,2765688357823356
0,15119,GET,2765688357899613,2765688357900425
0,27912,PUT,2765688357824790,2765688357825261
0,27912,GET,2765688357899633,2765688357900405
0,28422,PUT,2765688357824699,2765688357825381
0,28422,GET,2765688357899694,2765688357900435
0,35843,PUT,2765688357828588,2765688357829280
0,35843,GET,2765688357899744,2765688357900756
0,17439,PUT,2765688357823156,2765688357823908
0,17439,GET,2765688357899994,2765688357900776
0,16406,PUT,2765688357826173,2765688357826915
0,16406,GET,2765688357900044,2765688357900846
0,16150,PUT,2765688357825291,2765688357826032
0,16150,GET,2765688357900054,2765688357900876
0,27656,PUT,2765688357823938,2765688357824659
0,27656,GET,2765688357900175,2765688357900977
0,34565,PUT,2765688357828328,2765688357829080
0,34565,GET,2765688357900245,2765688357901097
0,16923,PUT,2765688357829771,2765688357830463
0,16923,GET,2765688357900255,2765688357901057
0,27662,PUT,2765688357826574,2765688357827446
0,27662,GET,2765688357900295,2765688357901117
0,29190,PUT,2765688357828107,2765688357828909
0,29190,GET,2765688357900325,2765688357901127
0,32514,PUT,2765688357825421,2765688357826183
0,32514,GET,2765688357900335,2765688357901237
0,30217,PUT,2765688357820670,2765688357821372
0,30217,GET,2765688357900576,2765688357901387
0,28928,PUT,2765688357825401,2765688357826353
0,28928,GET,2765688357900606,2765688357901398
0,34840,PUT,2765688357823306,2765688357824008
0,34840,GET,2765688357900706,2765688357901478
0,28168,PUT,2765688357827245,2765688357827877
0,28168,GET,2765688357900866,2765688357901608
0,16918,PUT,2765688357828889,2765688357829601
0,16918,GET,2765688357900906,2765688357901608
0,15894,PUT,2765688357824419,2765688357825160
0,15894,GET,2765688357900916,2765688357901708
0,30737,PUT,2765688357826594,2765688357827275
0,30737,GET,2765688357901107,2765688357901939
0,31490,PUT,2765688357821091,2765688357821863
0,31490,GET,2765688357901187,2765688357901939
0,27918,PUT,2765688357828448,2765688357828969
0,27918,GET,2765688357901197,2765688357901989
0,17182,PUT,2765688357828208,2765688357828869
0,17182,GET,2765688357901327,2765688357902109
0,11539,PUT,2765688357828268,2765688357828959
0,11539,GET,2765688357901327,2765688357902159
0,31753,PUT,2765688357830302,2765688357830974
0,31753,GET,2765688357901357,2765688357902199
0,15116,PUT,2765688357829200,2765688357829861
0,15116,GET,2765688357901387,2765688357902169
0,29446,PUT,2765688357829039,2765688357829781
0,29446,GET,2765688357901418,2765688357902109
0,16926,PUT,2765688357827696,2765688357828077
0,16926,GET,2765688357901428,2765688357902370
0,31746,PUT,2765688357822003,2765688357822655
0,31746,GET,2765688357901458,2765688357902229
0,30473,PUT,2765688357823416,2765688357824108
0,30473,GET,2765688357901478,2765688357902249
0,34580,PUT,2765688357823637,2765688357824329
0,34580,GET,2765688357901528,2765688357902330
0,27406,PUT,2765688357825782,2765688357826413
0,27406,GET,2765688357901758,2765688357902470
0,16155,PUT,2765688357826263,2765688357826955
0,16155,GET,2765688357901758,2765688357902540
0,17951,PUT,2765688357828739,2765688357829460
0,17951,GET,2765688357901839,2765688357902670
0,36632,PUT,2765688357830353,2765688357831054
0,36632,GET,2765688357902059,2765688357902851
0,15629,PUT,2765688357829942,2765688357830713
0,15629,GET,2765688357902069,2765688357902811
0,11027,PUT,2765688357825692,2765688357826373
0,11027,GET,2765688357902089,2765688357902871
0,28934,PUT,2765688357827265,2765688357827967
0,28934,GET,2765688357902099,2765688357902891
0,31505,PUT,2765688357829881,2765688357830613
0,31505,GET,2765688357902109,2765688357902841
0,33052,PUT,2765688357828548,2765688357829280
0,33052,GET,2765688357902129,2765688357902931
0,16414,PUT,2765688357826022,2765688357826734
0,16414,GET,2765688357902229,2765688357903091
0,35587,PUT,2765688357824078,2765688357824800
0,35587,GET,2765688357902239,2765688357902961
0,30481,PUT,2765688357825702,2765688357826453
0,30481,GET,2765688357902290,2765688357903111
0,28424,PUT,2765688357828007,2765688357828578
0,28424,GET,2765688357902370,2765688357903132
0,36376,PUT,2765688357828548,2765688357829250
0,36376,GET,2765688357902460,2765688357903242
0,15373,PUT,2765688357828117,2765688357828869
0,15373,GET,2765688357902470,2765688357903312
0,14860,PUT,2765688357828378,2765688357829060
0,14860,GET,2765688357902580,2765688357903573
0,33821,PUT,2765688357832728,2765688357833430
0,33821,GET,2765688357902680,2765688357903452
0,33546,PUT,2765688357831154,2765688357831846
0,33546,GET,2765688357902711,2765688357903482
0,35076,PUT,2765688357828438,2765688357829080
0,35076,GET,2765688357902811,2765688357903623
0,14861,PUT,2765688357825782,2765688357826423
0,14861,GET,2765688357902821,2765688357903522
0,32007,PUT,2765688357833720,2765688357834482
0,32007,GET,2765688357902981,2765688357903733
0,30985,PUT,2765688357825060,2765688357825792
0,30985,GET,2765688357903011,2765688357903893
0,15646,PUT,2765688357822404,2765688357823176
0,15646,GET,2765688357903142,2765688357903803
0,11283,PUT,2765688357826524,2765688357827265
0,11283,GET,2765688357903232,2765688357904054
0,35864,PUT,2765688357826684,2765688357827516
0,35864,GET,2765688357903272,2765688357904024
0,17694,PUT,2765688357829821,2765688357830553
0,17694,GET,2765688357903302,2765688357904054
0,31241,PUT,2765688357825932,2765688357826624
0,31241,GET,2765688357903372,2765688357904134
0,16907,PUT,2765688357829160,2765688357829871
0,16907,GET,2765688357903452,2765688357904184
0,28174,PUT,2765688357829992,2765688357830613
0,28174,GET,2765688357903462,2765688357904274
0,33564,PUT,2765688357830062,2765688357830784
0,33564,GET,2765688357903673,2765688357904485
0,30993,PUT,2765688357827406,2765688357828087
0,30993,GET,2765688357903753,2765688357904585
0,36120,PUT,2765688357827656,2765688357828408
0,36120,GET,2765688357903803,2765688357904545
0,15372,PUT,2765688357830934,2765688357831635
0,15372,GET,2765688357903903,2765688357904685
0,36888,PUT,2765688357831184,2765688357831826
0,36888,GET,2765688357903933,2765688357904765
0,31495,PUT,2765688357828358,2765688357829180
0,31495,GET,2765688357903963,2765688357904815
0,17950,PUT,2765688357831696,2765688357832397
0,17950,GET,2765688357903973,2765688357904835
0,33565,PUT,2765688357831906,2765688357832598
0,33565,GET,2765688357904024,2765688357904835
0,12051,PUT,2765688357829942,2765688357830613
0,12051,GET,2765688357904184,2765688357905016
0,31257,PUT,2765688357830282,2765688357830984
0,31257,GET,2765688357904254,2765688357904946
0,12307,PUT,2765688357830743,2765688357831445
0,12307,GET,2765688357904264,2765688357905046
0,17942,PUT,2765688357832287,2765688357832999
0,17942,GET,2765688357904314,2765688357905146
0,34821,PUT,2765688357830142,2765688357830874
0,34821,GET,2765688357904334,2765688357905096
0,28430,PUT,2765688357831776,2765688357832668
0,28430,GET,2765688357904394,2765688357905066
0,35348,PUT,2765688357832538,2765688357833249
0,35348,GET,2765688357904425,2765688357905106
0,34332,PUT,2765688357832528,2765688357833049
0,34332,GET,2765688357904565,2765688357905357
0,15887,PUT,2765688357830673,2765688357831375
0,15887,GET,2765688357904625,2765688357905096
0,26128,PUT,2765688357827496,2765688357828107
0,26128,GET,2765688357904695,2765688357905537
0,16667,PUT,2765688357827957,2765688357828659
0,16667,GET,2765688357904705,2765688357905517
0,29702,PUT,2765688357832387,2765688357833079
0,29702,GET,2765688357904886,2765688357905788
0,33802,PUT,2765688357833720,2765688357834342
0,33802,GET,2765688357904946,2765688357905718
0,17419,PUT,2765688357832528,2765688357833199
0,17419,GET,2765688357904956,2765688357905768
0,35092,PUT,2765688357830753,2765688357831455
0,35092,GET,2765688357904986,2765688357905728
0,28936,PUT,2765688357830363,2765688357831164
0,28936,GET,2765688357905036,2765688357905838
0,32025,PUT,2765688357833831,2765688357834562
0,32025,GET,2765688357905146,2765688357905908
0,33820,PUT,2765688357830914,2765688357831555
0,33820,GET,2765688357905236,2765688357905998
0,11795,PUT,2765688357829100,2765688357829801
0,11795,GET,2765688357905246,2765688357906038
0,17174,PUT,2765688357829731,2765688357830453
0,17174,GET,2765688357905287,2765688357906229
0,29952,PUT,2765688357832497,2765688357833299
0,29952,GET,2765688357905517,2765688357906289
0,33034,PUT,2765688357828348,2765688357829090
0,33034,GET,2765688357905607,2765688357906379
0,31239,PUT,2765688357827546,2765688357828208
0,31239,GET,2765688357905667,2765688357906369
0,34076,PUT,2765688357831696,2765688357832387
0,34076,GET,2765688357905677,2765688357906459
0,17430,PUT,2765688357830593,2765688357831305
0,17430,GET,2765688357905748,2765688357906570
0,35844,PUT,2765688357831906,2765688357832518
0,35844,GET,2765688357905758,2765688357906479
0,26384,PUT,2765688357830152,2765688357830874
0,26384,GET,2765688357905768,2765688357906409
0,37144,PUT,2765688357831956,2765688357832648
0,37144,GET,2765688357905828,2765688357906660
0,18207,PUT,2765688357830463,2765688357831225
0,18207,GET,2765688357905838,2765688357906620
0,31249,PUT,2765688357829090,2765688357829751
0,31249,GET,2765688357905848,2765688357906800
0,32009,PUT,2765688357832999,2765688357833750
0,32009,GET,2765688357905918,2765688357906991
0,29696,PUT,2765688357831375,2765688357832287
0,29696,GET,2765688357905948,2765688357906900
0,35332,PUT,2765688357829240,2765688357829901
0,35332,GET,2765688357905988,2765688357906810
0,15885,PUT,2765688357835645,2765688357836326
0,15885,GET,2765688357905988,2765688357907151
0,32529,PUT,2765688357835204,2765688357835986
0,32529,GET,2765688357906048,2765688357907051
0,33053,PUT,2765688357830102,2765688357830924
0,33053,GET,2765688357906068,2765688357907051
0,17931,PUT,2765688357833941,2765688357834632
0,17931,GET,2765688357906108,2765688357906870
0,28680,PUT,2765688357828719,2765688357829390
0,28680,GET,2765688357906129,2765688357906980
0,29192,PUT,2765688357831305,2765688357831966
0,29192,GET,2765688357906169,2765688357906960
0,31761,PUT,2765688357830753,2765688357831495
0,31761,GET,2765688357906179,2765688357906880
0,17163,PUT,2765688357831676,2765688357832367
0,17163,GET,2765688357906379,2765688357907161
0,31513,PUT,2765688357831144,2765688357831846
0,31513,GET,2765688357906389,2765688357906920
0,26640,PUT,2765688357831936,2765688357832608
0,26640,GET,2765688357906700,2765688357907391
0,35588,PUT,2765688357830954,2765688357831766
0,35588,GET,2765688357906720,2765688357907522
0,33309,PUT,2765688357831064,2765688357831766
0,33309,GET,2765688357906850,2765688357907622
0,18463,PUT,2765688357833209,2765688357833941
0,18463,GET,2765688357906950,2765688357907752
0,31751,PUT,2765688357832878,2765688357833560
0,31751,GET,2765688357907011,2765688357907802
0,33290,PUT,2765688357830232,2765688357830994
0,33290,GET,2765688357907021,2765688357907792
0,17686,PUT,2765688357831435,2765688357832157
0,17686,GET,2765688357907071,2765688357907853
0,37400,PUT,2765688357833660,2765688357834292
0,37400,GET,2765688357907121,2765688357907883
0,18699,PUT,2765688357836497,2765688357837168
0,18699,GET,2765688357907121,2765688357907933
0,17435,PUT,2765688357835164,2765688357835925
0,17435,GET,2765688357907191,2765688357907953
0,36355,PUT,2765688357832959,2765688357833640
0,36355,GET,2765688357907271,2765688357908233
0,18462,PUT,2765688357834342,2765688357834983
0,18462,GET,2765688357907341,2765688357908143
0,36099,PUT,2765688357831275,2765688357831966
0,36099,GET,2765688357907411,2765688357908203
0,26896,PUT,2765688357832758,2765688357833450
0,26896,GET,2765688357907592,2765688357908294
0,32017,PUT,2765688357831625,2765688357832297
0,32017,GET,2765688357907642,2765688357908444
0,17947,PUT,2765688357837058,2765688357837930
0,17947,GET,2765688357907692,2765688357908564
0,18718,PUT,2765688357835124,2765688357835835
0,18718,GET,2765688357907893,2765688357908674
0,33298,PUT,2765688357836006,2765688357836717
0,33298,GET,2765688357907933,2765688357908704
0,33308,PUT,2765688357829440,2765688357829922
0,33308,GET,2765688357907983,2765688357908885
0,18974,PUT,2765688357835976,2765688357836677
0,18974,GET,2765688357907993,2765688357908775
0,32281,PUT,2765688357834703,2765688357835394
0,32281,GET,2765688357908053,2765688357908895
0,19478,PUT,2765688357837359,2765688357838080
0,19478,GET,2765688357908133,2765688357908965
0,34826,PUT,2765688357837960,2765688357838662
0,34826,GET,2765688357908304,2765688357909105
0,16140,PUT,2765688357835384,2765688357836096
0,16140,GET,2765688357908364,2765688357909135
0,28686,PUT,2765688357832808,2765688357833490
0,28686,GET,2765688357908394,2765688357909186
0,35077,PUT,2765688357831936,2765688357832628
0,35077,GET,2765688357908444,2765688357909396
0,33042,PUT,2765688357835043,2765688357835865
0,33042,GET,2765688357908444,2765688357909176
0,12563,PUT,2765688357832548,2765688357833239
0,12563,GET,2765688357908594,2765688357909386
0,34333,PUT,2765688357834382,2765688357835073
0,34333,GET,2765688357908624,2765688357909496
0,29448,PUT,2765688357833019,2765688357833770
0,29448,GET,2765688357908634,2765688357909506
0,35860,PUT,2765688357834342,2765688357835094
0,35860,GET,2765688357908694,2765688357909446
0,35845,PUT,2765688357839835,2765688357840506
0,35845,GET,2765688357908815,2765688357909607
0,34588,PUT,2765688357834171,2765688357834873
0,34588,GET,2765688357908845,2765688357909637
0,16396,PUT,2765688357839273,2765688357839995
0,16396,GET,2765688357908915,2765688357909516
0,32785,PUT,2765688357838131,2765688357838822
0,32785,GET,2765688357908975,2765688357909657
0,15628,PUT,2765688357833680,2765688357834432
0,15628,GET,2765688357908995,2765688357909757
0,18206,PUT,2765688357832538,2765688357833239
0,18206,GET,2765688357908995,2765688357909727
0,36372,PUT,2765688357836968,2765688357837649
0,36372,GET,2765688357909035,2765688357909817
0,15884,PUT,2765688357834582,2765688357835254
0,15884,GET,2765688357909085,2765688357909857
0,18454,PUT,2765688357833700,2765688357834412
0,18454,GET,2765688357909095,2765688357909857
0,27152,PUT,2765688357834562,2765688357835164
0,27152,GET,2765688357909105,2765688357909867
0,32777,PUT,2765688357840085,2765688357840817
0,32777,GET,2765688357909186,2765688357909987
0,34077,PUT,2765688357833570,2765688357834252
0,34077,GET,2765688357909246,2765688357910008
0,36356,PUT,2765688357833430,2765688357834111
0,36356,GET,2765688357909286,2765688357910078
0,33045,PUT,2765688357835154,2765688357836036
0,33045,GET,2765688357909336,2765688357910138
0,36611,PUT,2765688357834753,2765688357835464
0,36611,GET,2765688357909516,2765688357910348
0,18443,PUT,2765688357835615,2765688357836356
0,18443,GET,2765688357909526,2765688357910298
0,34314,PUT,2765688357835294,2765688357836076
0,34314,GET,2765688357909627,2765688357910428
0,19230,PUT,2765688357836818,2765688357837539
0,19230,GET,2765688357909637,2765688357910428
0,38168,PUT,2765688357836116,2765688357836757
0,38168,GET,2765688357909657,2765688357910439
0,35604,PUT,2765688357833400,2765688357834191
0,35604,GET,2765688357909757,2765688357910549
0,16143,PUT,2765688357832347,2765688357833029
0,16143,GET,2765688357909777,2765688357910579
0,17675,PUT,2765688357833339,2765688357833811
0,17675,GET,2765688357909867,2765688357910559
0,36125,PUT,2765688357841318,2765688357842000
0,36125,GET,2765688357909887,2765688357910559
0,16399,PUT,2765688357834021,2765688357834843
0,16399,GET,2765688357909927,2765688357910739
0,32273,PUT,2765688357834191,2765688357835063
0,32273,GET,2765688357909957,2765688357910649
0,37656,PUT,2765688357834422,2765688357835154
0,37656,GET,2765688357910008,2765688357910759
0,34058,PUT,2765688357834492,2765688357835164
0,34058,GET,2765688357910008,2765688357910769
0,36868,PUT,2765688357837098,2765688357837830
0,36868,GET,2765688357910128,2765688357910910
0,29960,PUT,2765688357837479,2765688357838151
0,29960,GET,2765688357910158,2765688357910960
0,35589,PUT,2765688357836407,2765688357837028
0,35589,GET,2765688357910208,2765688357910990
0,37123,PUT,2765688357838391,2765688357838872
0,37123,GET,2765688357910268,2765688357911070
0,18966,PUT,2765688357835625,2765688357836306
0,18966,GET,2765688357910268,2765688357911090
0,18198,PUT,2765688357833129,2765688357833560
0,18198,GET,2765688357910428,2765688357911130
0,36100,PUT,2765688357832658,2765688357833289
0,36100,GET,2765688357910449,2765688357911421
0,30208,PUT,2765688357834723,2765688357835585
0,30208,GET,2765688357910479,2765688357911200
0,36116,PUT,2765688357835234,2765688357835956
0,36116,GET,2765688357910569,2765688357911270
0,35612,PUT,2765688357839524,2765688357840326
0,35612,GET,2765688357910569,2765688357911260
0,31769,PUT,2765688357831986,2765688357832658
0,31769,GET,2765688357910619,2765688357911471
0,36628,PUT,2765688357837790,2765688357838461
0,36628,GET,2765688357910699,2765688357911431
0,16397,PUT,2765688357838191,2765688357838892
0,16397,GET,2765688357910709,2765688357911491
0,29958,PUT,2765688357836056,2765688357836737
0,29958,GET,2765688357910739,2765688357911531
0,34589,PUT,2765688357835204,2765688357835885
0,34589,GET,2765688357910890,2765688357911651
0,35333,PUT,2765688357834612,2765688357835344
0,35333,GET,2765688357910900,2765688357911661
0,18187,PUT,2765688357834763,2765688357835474
0,18187,GET,2765688357910900,2765688357911832
0,17179,PUT,2765688357832588,2765688357833329
0,17179,GET,2765688357910990,2765688357911782
0,33554,PUT,2765688357837790,2765688357838481
0,33554,GET,2765688357911050,2765688357912002
0,35101,PUT,2765688357836948,2765688357837539
0,35101,GET,2765688357911120,2765688357911892
0,30982,PUT,2765688357840276,2765688357840947
0,30982,GET,2765688357911210,2765688357912032
0,33026,PUT,2765688357841508,2765688357842150
0,33026,GET,2765688357911230,2765688357911952
0,29704,PUT,2765688357835745,2765688357836376
0,29704,GET,2765688357911230,2765688357912052
0,32519,PUT,2765688357835545,2765688357836226
0,32519,GET,2765688357911331,2765688357912203
0,18955,PUT,2765688357838231,2765688357838852
0,18955,GET,2765688357911401,2765688357912102
0,35356,PUT,2765688357838662,2765688357839394
0,35356,GET,2765688357911401,2765688357912293
0,30976,PUT,2765688357839353,2765688357840276
0,30976,GET,2765688357911501,2765688357912373
0,37379,PUT,2765688357839905,2765688357840626
0,37379,GET,2765688357911521,2765688357912323
0,20254,PUT,2765688357842511,2765688357843222
0,20254,GET,2765688357911581,2765688357912443
0,28176,PUT,2765688357843323,2765688357844004
0,28176,GET,2765688357911621,2765688357912543
0,30470,PUT,2765688357837720,2765688357838381
0,30470,GET,2765688357911631,2765688357912423
0,36884,PUT,2765688357840516,2765688357841298
0,36884,GET,2765688357911732,2765688357912423
0,29454,PUT,2765688357842010,2765688357842661
0,29454,GET,2765688357911742,2765688357912814
0,18719,PUT,2765688357836076,2765688357836838
0,18719,GET,2765688357911792,2765688357912583
0,38424,PUT,2765688357838862,2765688357839644
0,38424,GET,2765688357911952,2765688357912874
0,30214,PUT,2765688357836888,2765688357837579
0,30214,GET,2765688357911992,2765688357912794
0,17691,PUT,2765688357836076,2765688357836918
0,17691,GET,2765688357912032,2765688357912844
0,37140,PUT,2765688357841438,2765688357842130
0,37140,GET,2765688357912102,2765688357912774
0,13075,PUT,2765688357836066,2765688357836797
0,13075,GET,2765688357912102,2765688357912794
0,33282,PUT,2765688357842300,2765688357842982
0,33282,GET,2765688357912183,2765688357912904
0,19211,PUT,2765688357839915,2765688357840596
0,19211,GET,2765688357912323,2765688357913155
0,36867,PUT,2765688357837479,2765688357838231
0,36867,GET,2765688357912413,2765688357913185
0,34570,PUT,2765688357837128,2765688357837820
0,34570,GET,2765688357912423,2765688357913225
0,37912,PUT,2765688357835294,2765688357835976
0,37912,GET,2765688357912453,2765688357913205
0,35100,PUT,2765688357837810,2765688357838521
0,35100,GET,2765688357912513,2765688357913315
0,34844,PUT,2765688357836958,2765688357837680
0,34844,GET,2765688357912563,2765688357913325
0,37124,PUT,2765688357841017,2765688357841679
0,37124,GET,2765688357912934,2765688357913656
0,19467,PUT,2765688357840727,2765688357841398
0,19467,GET,2765688357912934,2765688357913716
0,12819,PUT,2765688357835304,2765688357835925
0,12819,GET,2765688357912954,2765688357913756
0,32265,PUT,2765688357835725,2765688357836437
0,32265,GET,2765688357912994,2765688357913766
0,19734,PUT,2765688357838221,2765688357838902
0,19734,GET,2765688357913014,2765688357913716
0,16653,PUT,2765688357840055,2765688357840727
0,16653,GET,2765688357913035,2765688357913786
0,32775,PUT,2765688357836366,2765688357837108
0,32775,GET,2765688357913035,2765688357913716
0,29198,PUT,2765688357838521,2765688357839223
0,29198,GET,2765688357913205,2765688357913586
0,31744,PUT,2765688357842571,2765688357843533
0,31744,GET,2765688357913285,2765688357914057
0,17165,PUT,2765688357845157,2765688357845859
0,17165,GET,2765688357913315,2765688357913997
0,18203,PUT,2765688357840997,2765688357841689
0,18203,GET,2765688357913335,2765688357914107
0,19222,PUT,2765688357836437,2765688357837218
0,19222,GET,2765688357913365,2765688357914157
0,17676,PUT,2765688357844335,2765688357845027
0,17676,GET,2765688357913445,2765688357914187
0,34069,PUT,2765688357840576,2765688357841268
0,34069,GET,2765688357913586,2765688357914378
0,19486,PUT,2765688357839784,2765688357840526
0,19486,GET,2765688357913686,2765688357914418
0,16652,PUT,2765688357840145,2765688357840817
0,16652,GET,2765688357913786,2765688357914608
0,31232,PUT,2765688357840486,2765688357841448
0,31232,GET,2765688357913846,2765688357914718
0,35869,PUT,2765688357840486,2765688357841178
0,35869,GET,2765688357913856,2765688357914628
0,30464,PUT,2765688357835805,2765688357836717
0,30464,GET,2765688357913876,2765688357914688
0,19743,PUT,2765688357841438,2765688357842080
0,19743,GET,2765688357913907,2765688357914618
0,13587,PUT,2765688357840666,2765688357841408
0,13587,GET,2765688357913927,2765688357914688
0,18975,PUT,2765688357837940,2765688357838642
0,18975,GET,2765688357913937,2765688357914769
0,36612,PUT,2765688357836086,2765688357836958
0,36612,GET,2765688357914027,2765688357914829
0,38680,PUT,2765688357839774,2765688357840546
0,38680,GET,2765688357914077,2765688357914929
0,19231,PUT,2765688357838802,2765688357839504
0,19231,GET,2765688357914157,2765688357914849
0,13331,PUT,2765688357838942,2765688357839594
0,13331,GET,2765688357914167,2765688357915240
0,19487,PUT,2765688357839634,2765688357840336
0,19487,GET,2765688357914237,2765688357915200
0,33810,PUT,2765688357842461,2765688357843172
0,33810,GET,2765688357914287,2765688357915099
0,33557,PUT,2765688357838932,2765688357839604
0,33557,GET,2765688357914318,2765688357915129
0,30726,PUT,2765688357838521,2765688357839213
0,30726,GET,2765688357914388,2765688357915340
0,36636,PUT,2765688357843994,2765688357844696
0,36636,GET,2765688357914428,2765688357915280
0,32521,PUT,2765688357836587,2765688357837299
0,32521,GET,2765688357914508,2765688357915180
0,34845,PUT,2765688357836026,2765688357836807
0,34845,GET,2765688357914508,2765688357915280
0,30216,PUT,2765688357838291,2765688357839013
0,30216,GET,2765688357914728,2765688357915530
0,30720,PUT,2765688357838111,2765688357839163
0,30720,GET,2765688357914759,2765688357915661
0,32256,PUT,2765688357848344,2765688357849286
0,32256,GET,2765688357914769,2765688357915590
0,35613,PUT,2765688357839504,2765688357840326
0,35613,GET,2765688357914859,2765688357915560
0,33301,PUT,2765688357837138,2765688357837860
0,33301,GET,2765688357914959,2765688357915751
0,27920,PUT,2765688357842501,2765688357843172
0,27920,GET,2765688357914979,2765688357915691
0,37396,PUT,2765688357842270,2765688357842952
0,37396,GET,2765688357915029,2765688357915811
0,19998,PUT,2765688357841639,2765688357842380
0,19998,GET,2765688357915079,2765688357915761
0,37635,PUT,2765688357840767,2765688357841428
0,37635,GET,2765688357915310,2765688357916042
0,32537,PUT,2765688357841178,2765688357841909
0,32537,GET,2765688357915330,2765688357916032
0,16909,PUT,2765688357844315,2765688357845007
0,16909,GET,2765688357915420,2765688357916182
0,35357,PUT,2765688357838662,2765688357839363
0,35357,GET,2765688357915430,2765688357916242
0,17677,PUT,2765688357850018,2765688357850680
0,17677,GET,2765688357915440,2765688357916242
0,19990,PUT,2765688357839043,2765688357839724
0,19990,GET,2765688357915450,2765688357916402
0,27408,PUT,2765688357837228,2765688357837960
0,27408,GET,2765688357915490,2765688357916272
0,20502,PUT,2765688357843623,2765688357844425
0,20502,GET,2765688357915681,2765688357916493
0,37652,PUT,2765688357844064,2765688357844766
0,37652,GET,2765688357915761,2765688357916533
0,32793,PUT,2765688357842070,2765688357842741
0,32793,GET,2765688357915791,2765688357916663
0,37908,PUT,2765688357845949,2765688357846580
0,37908,GET,2765688357915831,2765688357916603
0,36357,PUT,2765688357843393,2765688357844074
0,36357,GET,2765688357915901,2765688357916743
0,33538,PUT,2765688357844064,2765688357844766
0,33538,GET,2765688357916072,2765688357916944
0,18459,PUT,2765688357841839,2765688357842521
0,18459,GET,2765688357916102,2765688357916853
0,30472,PUT,2765688357840907,2765688357841649
0,30472,GET,2765688357916152,2765688357916954
0,30728,PUT,2765688357842741,2765688357843443
0,30728,GET,2765688357916232,2765688357916944
0,36124,PUT,2765688357842330,2765688357843062
0,36124,GET,2765688357916282,2765688357917024
0,33813,PUT,2765688357839734,2765688357840436
0,33813,GET,2765688357916322,2765688357917044
0,14099,PUT,2765688357842350,2765688357843092
0,14099,GET,2765688357916372,2765688357917104
0,38403,PUT,2765688357844135,2765688357844836
0,38403,GET,2765688357916573,2765688357917335
0,20510,PUT,2765688357843363,2765688357844094
0,20510,GET,2765688357916633,2765688357917725
0,37636,PUT,2765688357844365,2765688357845157
0,37636,GET,2765688357916683,2765688357917435
0,38659,PUT,2765688357848485,2765688357849066
0,38659,GET,2765688357916733,2765688357917555
0,29710,PUT,2765688357844345,2765688357845097
0,29710,GET,2765688357916883,2765688357917565
0,17420,PUT,2765688357843573,2765688357844185
0,17420,GET,2765688357916994,2765688357917776
0,36869,PUT,2765688357844966,2765688357845598
0,36869,GET,2765688357917004,2765688357917776
0,35082,PUT,2765688357840827,2765688357841579
0,35082,GET,2765688357917094,2765688357917916
0,19723,PUT,2765688357842481,2765688357843242
0,19723,GET,2765688357917104,2765688357917896
0,35868,PUT,2765688357841488,2765688357842190
0,35868,GET,2765688357917154,2765688357917996
0,16655,PUT,2765688357841629,2765688357842370
0,16655,GET,2765688357917174,2765688357917856
0,28942,PUT,2765688357834582,2765688357835314
0,28942,GET,2765688357917204,2765688357917946
0,36892,PUT,2765688357844826,2765688357845518
0,36892,GET,2765688357917214,2765688357918046
0,38936,PUT,2765688357840687,2765688357841338
0,38936,GET,2765688357917234,2765688357918026
0,38147,PUT,2765688357842431,2765688357843092
0,38147,GET,2765688357917335,2765688357918116
0,19742,PUT,2765688357840666,2765688357841508
0,19742,GET,2765688357917425,2765688357918156
0,20255,PUT,2765688357846921,2765688357847633
0,20255,GET,2765688357917425,2765688357918237
0,37125,PUT,2765688357846680,2765688357847402
0,37125,GET,2765688357917465,2765688357918247
0,20766,PUT,2765688357846089,2765688357846801
0,20766,GET,2765688357917485,2765688357918176
0,34322,PUT,2765688357844315,2765688357845077
0,34322,GET,2765688357917565,2765688357918297
0,36380,PUT,2765688357843192,2765688357843854
0,36380,GET,2765688357917705,2765688357918477
0,19979,PUT,2765688357847212,2765688357847823
0,19979,GET,2765688357917725,2765688357918517
0,34578,PUT,2765688357847212,2765688357847913
0,34578,GET,2765688357917816,2765688357918517
0,35346,PUT,2765688357851652,2765688357852253
0,35346,GET,2765688357917986,2765688357918778
0,16911,PUT,2765688357843273,2765688357843894
0,16911,GET,2765688357918026,2765688357918778
0,31496,PUT,2765688357848004,2765688357848695
0,31496,GET,2765688357918026,2765688357919049
0,32263,PUT,2765688357834622,2765688357835404
0,32263,GET,2765688357918046,2765688357918858
0,37891,PUT,2765688357841569,2765688357842300
0,37891,GET,2765688357918086,2765688357918848
0,18710,PUT,2765688357834572,2765688357835484
0,18710,GET,2765688357918096,2765688357918888
0,35338,PUT,2765688357845197,2765688357845889
0,35338,GET,2765688357918136,2765688357918788
0,14355,PUT,2765688357845107,2765688357845738
0,14355,GET,2765688357918156,2765688357919069
0,17164,PUT,2765688357842751,2765688357843433
0,17164,GET,2765688357918197,2765688357918948
0,17932,PUT,2765688357845157,2765688357845909
0,17932,GET,2765688357918217,2765688357918988
0,20511,PUT,2765688357848715,2765688357849407
0,20511,GET,2765688357918277,2765688357919129
0,38915,PUT,2765688357850058,2765688357850730
0,38915,GET,2765688357918367,2765688357919139
0,39192,PUT,2765688357846079,2765688357846801
0,39192,GET,2765688357918387,2765688357919179
0,36637,PUT,2765688357845838,2765688357846550
0,36637,GET,2765688357918427,2765688357918908
0,36106,PUT,2765688357848655,2765688357849337
0,36106,GET,2765688357918527,2765688357919369
0,30984,PUT,2765688357843583,2765688357844265
0,30984,GET,2765688357918618,2765688357919379
0,28432,PUT,2765688357846199,2765688357846941
0,28432,GET,2765688357918658,2765688357919480
0,34066,PUT,2765688357843323,2765688357844175
0,34066,GET,2765688357918718,2765688357919520
0,37916,PUT,2765688357848866,2765688357849517
0,37916,GET,2765688357918748,2765688357919459
0,39427,PUT,2765688357852544,2765688357853316
0,39427,GET,2765688357918908,2765688357919700
0,32262,PUT,2765688357848966,2765688357849667
0,32262,GET,2765688357918918,2765688357919680
0,37892,PUT,2765688357849016,2765688357849748
0,37892,GET,2765688357918978,2765688357919780
0,38164,PUT,2765688357846710,2765688357847382
0,38164,GET,2765688357918998,2765688357919780
0,33794,PUT,2765688357844906,2765688357845578
0,33794,GET,2765688357919049,2765688357919840
0,27664,PUT,2765688357840867,2765688357841528
0,27664,GET,2765688357919139,2765688357919921
0,21270,PUT,2765688357849186,2765688357849918
0,21270,GET,2765688357919219,2765688357920161
0,21278,PUT,2765688357848805,2765688357849457
0,21278,GET,2765688357919269,2765688357920071
0,28944,PUT,2765688357849617,2765688357850289
0,28944,GET,2765688357919299,2765688357920091
0,18715,PUT,2765688357843603,2765688357844295
0,18715,GET,2765688357919349,2765688357920121
0,34306,PUT,2765688357846430,2765688357847101
0,34306,GET,2765688357919409,2765688357920201
0,21022,PUT,2765688357846931,2765688357847673
0,21022,GET,2765688357919500,2765688357920392
0,18971,PUT,2765688357844435,2765688357845167
0,18971,GET,2765688357919520,2765688357920201
0,32006,PUT,2765688357847202,2765688357847883
0,32006,GET,2765688357919590,2765688357920502
0,31240,PUT,2765688357847162,2765688357847853
0,31240,GET,2765688357919610,2765688357920311
0,21014,PUT,2765688357848334,2765688357849046
0,21014,GET,2765688357919690,2765688357920522
0,34562,PUT,2765688357847242,2765688357847963
0,34562,GET,2765688357919710,2765688357920452
0,20246,PUT,2765688357841789,2765688357842511
0,20246,GET,2765688357919740,2765688357920492
0,13843,PUT,2765688357841538,2765688357842220
0,13843,GET,2765688357919820,2765688357920632
0,39704,PUT,2765688357848735,2765688357849517
0,39704,GET,2765688357919830,2765688357920652
0,38420,PUT,2765688357848284,2765688357848986
0,38420,GET,2765688357919850,2765688357920722
0,18188,PUT,2765688357848074,2765688357848735
0,18188,GET,2765688357919921,2765688357920843
0,31488,PUT,2765688357841649,2765688357842370
0,31488,GET,2765688357919961,2765688357920712
0,32774,PUT,2765688357850620,2765688357851301
0,32774,GET,2765688357920051,2765688357920863
0,16908,PUT,2765688357840947,2765688357841649
0,16908,GET,2765688357920241,2765688357921033
0,31494,PUT,2765688357844686,2765688357845297
0,31494,GET,2765688357920352,2765688357921033
0,19999,PUT,2765688357844195,2765688357844836
0,19999,GET,2765688357920502,2765688357921234
0,19227,PUT,2765688357846290,2765688357846981
0,19227,GET,2765688357920542,2765688357921334
0,40472,PUT,2765688357853496,2765688357854188
0,40472,GET,2765688357920642,2765688357921444
0,29966,PUT,2765688357849146,2765688357849848
0,29966,GET,2765688357920662,2765688357921374
0,32000,PUT,2765688357843744,2765688357844555
0,32000,GET,2765688357920672,2765688357921434
0,36381,PUT,2765688357845007,2765688357845688
0,36381,GET,2765688357920672,2765688357921444
0,37404,PUT,2765688357846470,2765688357847011
0,37404,GET,2765688357920803,2765688357921614
0,30478,PUT,2765688357851652,2765688357852344
0,30478,GET,2765688357920913,2765688357921665
0,17679,PUT,2765688357849457,2765688357850138
0,17679,GET,2765688357920993,2765688357921695
0,21259,PUT,2765688357854980,2765688357855561
0,21259,GET,2765688357921043,2765688357921915
0,36618,PUT,2765688357850259,2765688357850890
0,36618,GET,2765688357921063,2765688357921885
0,37380,PUT,2765688357842621,2765688357843303
0,37380,GET,2765688357921113,2765688357921865
0,18956,PUT,2765688357852223,2765688357852905
0,18956,GET,2765688357921163,2765688357922035
0,14611,PUT,2765688357848835,2765688357849597
0,14611,GET,2765688357921414,2765688357922416
0,33031,PUT,2765688357853496,2765688357854318
0,33031,GET,2765688357921464,2765688357922366
0,35330,PUT,2765688357850860,2765688357851562
0,35330,GET,2765688357921604,2765688357922376
0,18700,PUT,2765688357850790,2765688357851472
0,18700,GET,2765688357921604,2765688357922406
0,35090,PUT,2765688357849858,2765688357850549
0,35090,GET,2765688357921685,2765688357922466
0,34325,PUT,2765688357844345,2765688357845117
0,34325,GET,2765688357921715,2765688357922547
0,37660,PUT,2765688357847141,2765688357847763
0,37660,GET,2765688357921745,2765688357922537
0,21023,PUT,2765688357854288,2765688357854990
0,21023,GET,2765688357921745,2765688357922476
0,34050,PUT,2765688357845718,2765688357846300
0,34050,GET,2765688357921805,2765688357922757
0,35594,PUT,2765688357846039,2765688357846751
0,35594,GET,2765688357921955,2765688357922657
0,20758,PUT,2765688357847482,2765688357848184
0,20758,GET,2765688357921965,2765688357922887
0,20491,PUT,2765688357849697,2765688357850329
0,20491,GET,2765688357922045,2765688357922827
0,19483,PUT,2765688357847121,2765688357847743
0,19483,GET,2765688357922336,2765688357923098
0,16141,PUT,2765688357837289,2765688357838040
0,16141,GET,2765688357922356,2765688357923138
0,36893,PUT,2765688357847572,2765688357848274
0,36893,GET,2765688357922436,2765688357923208
0,35586,PUT,2765688357852634,2765688357853346
0,35586,GET,2765688357922517,2765688357923288
0,38660,PUT,2765688357853416,2765688357854108
0,38660,GET,2765688357922527,2765688357923318
0,36613,PUT,2765688357844225,2765688357844826
0,36613,GET,2765688357922537,2765688357923298
0,31752,PUT,2765688357849758,2765688357850509
0,31752,GET,2765688357922617,2765688357923619
0,32512,PUT,2765688357850690,2765688357851622
0,32512,GET,2765688357922697,2765688357923469
0,17935,PUT,2765688357851201,2765688357851772
0,17935,GET,2765688357922707,2765688357923479
0,39700,PUT,2765688357856864,2765688357857546
0,39700,GET,2765688357922827,2765688357923529
0,30222,PUT,2765688357850890,2765688357851502
0,30222,GET,2765688357923028,2765688357923970
0,37405,PUT,2765688357851271,2765688357852013
0,37405,GET,2765688357923058,2765688357923940
0,21790,PUT,2765688357851351,2765688357852063
0,21790,GET,2765688357923258,2765688357924020
0,38676,PUT,2765688357851502,2765688357852203
0,38676,GET,2765688357923338,2765688357924231
0,19739,PUT,2765688357848845,2765688357849557
0,19739,GET,2765688357923439,2765688357924210
0,21534,PUT,2765688357850519,2765688357851211
0,21534,GET,2765688357923479,2765688357924351
0,17167,PUT,2765688357845979,2765688357846660
0,17167,GET,2765688357923509,2765688357924311
0,38172,PUT,2765688357853496,2765688357854248
0,38172,GET,2765688357923599,2765688357924381
0,17423,PUT,2765688357847713,2765688357848404
0,17423,GET,2765688357923639,2765688357924401
0,32008,PUT,2765688357851702,2765688357852374
0,32008,GET,2765688357923649,2765688357924271
0,20767,PUT,2765688357851532,2765688357852314
0,20767,GET,2765688357923689,2765688357924511
0,39960,PUT,2765688357850760,2765688357851472
0,39960,GET,2765688357923709,2765688357924471
0,36874,PUT,2765688357851031,2765688357851732
0,36874,GET,2765688357923810,2765688357924652
0,34581,PUT,2765688357848926,2765688357849647
0,34581,GET,2765688357923840,2765688357924601
0,38148,PUT,2765688357850820,2765688357851482
0,38148,GET,2765688357924110,2765688357924932
0,34837,PUT,2765688357849798,2765688357850409
0,34837,GET,2765688357924170,2765688357924932
0,18447,PUT,2765688357854679,2765688357855361
0,18447,GET,2765688357924190,2765688357924962
0,34834,PUT,2765688357848986,2765688357849728
0,34834,GET,2765688357924200,2765688357924962
0,32518,PUT,2765688357849808,2765688357850489
0,32518,GET,2765688357924371,2765688357925173
0,20251,PUT,2765688357852384,2765688357853095
0,20251,GET,2765688357924401,2765688357925173
0,37637,PUT,2765688357851081,2765688357851592
0,37637,GET,2765688357924431,2765688357925223
0,36101,PUT,2765688357840656,2765688357841328
0,36101,GET,2765688357924441,2765688357925233
0,21279,PUT,2765688357855150,2765688357855741
0,21279,GET,2765688357924471,2765688357925243
0,38405,PUT,2765688357853045,2765688357853546
0,38405,GET,2765688357924511,2765688357925363
0,33287,PUT,2765688357856634,2765688357857365
0,33287,GET,2765688357924511,2765688357925243
0,36362,PUT,2765688357849477,2765688357850128
0,36362,GET,2765688357924551,2765688357925393
0,36354,PUT,2765688357856062,2765688357856744
0,36354,GET,2765688357924571,2765688357925383
0,33561,PUT,2765688357857075,2765688357857766
0,33561,GET,2765688357924631,2765688357925544
0,37893,PUT,2765688357851732,2765688357852384
0,37893,GET,2765688357924672,2765688357925453
0,37149,PUT,2765688357849347,2765688357850179
0,37149,GET,2765688357924742,2765688357925524
0,35602,PUT,2765688357853436,2765688357854068
0,35602,GET,2765688357924752,2765688357925524
0,38932,PUT,2765688357852354,2765688357853165
0,38932,GET,2765688357924812,2765688357925463
0,29456,PUT,2765688357854920,2765688357855571
0,29456,GET,2765688357924842,2765688357925945
0,15123,PUT,2765688357853366,2765688357854228
0,15123,GET,2765688357924902,2765688357925694
0,34818,PUT,2765688357848104,2765688357848795
0,34818,GET,2765688357924922,2765688357925714
0,17421,PUT,2765688357847502,2765688357848124
0,17421,GET,2765688357925073,2765688357925844
0,36373,PUT,2765688357860232,2765688357860893
0,36373,GET,2765688357925113,2765688357925804
0,28688,PUT,2765688357848855,2765688357849467
0,28688,GET,2765688357925323,2765688357925924
0,37381,PUT,2765688357849327,2765688357850008
0,37381,GET,2765688357925363,2765688357926175
0,15379,PUT,2765688357854378,2765688357855060
0,15379,GET,2765688357925373,2765688357926205
0,38404,PUT,2765688357851642,2765688357852324
0,38404,GET,2765688357925383,2765688357926065
0,35850,PUT,2765688357847843,2765688357848525
0,35850,GET,2765688357925534,2765688357926305
0,18189,PUT,2765688357852704,2765688357853356
0,18189,GET,2765688357925724,2765688357926315
0,14867,PUT,2765688357850660,2765688357851351
0,14867,GET,2765688357925834,2765688357926606
0,35093,PUT,2765688357852263,2765688357852965
0,35093,GET,2765688357925834,2765688357926616
0,21526,PUT,2765688357852895,2765688357853596
0,21526,GET,2765688357925864,2765688357926486
0,21003,PUT,2765688357854158,2765688357854839
0,21003,GET,2765688357925884,2765688357926746
0,38149,PUT,2765688357852514,2765688357852905
0,38149,GET,2765688357925965,2765688357926736
0,41496,PUT,2765688357856764,2765688357857455
0,41496,GET,2765688357925975,2765688357926766
0,20235,PUT,2765688357848886,2765688357849547
0,20235,GET,2765688357926055,2765688357926837
0,20747,PUT,2765688357853316,2765688357854007
0,20747,GET,2765688357926105,2765688357926927
0,39940,PUT,2765688357857486,2765688357858107
0,39940,GET,2765688357926135,2765688357927117
0,32264,PUT,2765688357853506,2765688357854258
0,32264,GET,2765688357926205,2765688357926987
0,38916,PUT,2765688357854248,2765688357854940
0,38916,GET,2765688357926345,2765688357926937
0,21275,PUT,2765688357855762,2765688357856473
0,21275,GET,2765688357926355,2765688357927057
0,21019,PUT,2765688357854920,2765688357855631
0,21019,GET,2765688357926436,2765688357927197
0,35842,PUT,2765688357854438,2765688357855120
0,35842,GET,2765688357926516,2765688357927348
0,18959,PUT,2765688357857275,2765688357857967
0,18959,GET,2765688357926526,2765688357927338
0,39171,PUT,2765688357851712,2765688357852384
0,39171,GET,2765688357926736,2765688357927508
0,37130,PUT,2765688357852704,2765688357853416
0,37130,GET,2765688357926736,2765688357927518
0,36117,PUT,2765688357858448,2765688357859129
0,36117,GET,2765688357926736,2765688357927538
0,22550,PUT,2765688357857345,2765688357858077
0,22550,GET,2765688357926766,2765688357927608
0,19995,PUT,2765688357851502,2765688357852243
0,19995,GET,2765688357926807,2765688357927518
0,39188,PUT,2765688357854268,2765688357854950
0,39188,GET,2765688357926847,2765688357927528
0,17933,PUT,2765688357851852,2765688357852534
0,17933,GET,2765688357926887,2765688357927659
0,18191,PUT,2765688357853807,2765688357854519
0,18191,GET,2765688357926917,2765688357927699
0,18445,PUT,2765688357856313,2765688357857014
0,18445,GET,2765688357926987,2765688357927648
0,35605,PUT,2765688357854849,2765688357855541
0,35605,GET,2765688357927057,2765688357927839
0,38685,PUT,2765688357859210,2765688357859921
0,38685,GET,2765688357927107,2765688357927839
0,30734,PUT,2765688357856283,2765688357857095
0,30734,GET,2765688357927137,2765688357927689
0,33799,PUT,2765688357860452,2765688357861174
0,33799,GET,2765688357927167,2765688357927919
0,39172,PUT,2765688357855070,2765688357855731
0,39172,GET,2765688357927187,2765688357927979
0,37917,PUT,2765688357854910,2765688357855451
0,37917,GET,2765688357927207,2765688357927909
0,31238,PUT,2765688357843854,2765688357844535
0,31238,GET,2765688357927338,2765688357928160
0,35858,PUT,2765688357855090,2765688357855772
0,35858,GET,2765688357927478,2765688357928260
0,35349,PUT,2765688357853115,2765688357853927
0,35349,GET,2765688357927498,2765688357928220
0,32768,PUT,2765688357852945,2765688357853867
0,32768,GET,2765688357927669,2765688357928430
0,21782,PUT,2765688357853757,2765688357854479
0,21782,GET,2765688357927729,2765688357928510
0,22046,PUT,2765688357853186,2765688357853907
0,22046,GET,2765688357927779,2765688357928480
0,39428,PUT,2765688357855872,2765688357856583
0,39428,GET,2765688357927819,2765688357928510
0,18444,PUT,2765688357849878,2765688357850650
0,18444,GET,2765688357927979,2765688357928831
0,39683,PUT,2765688357853466,2765688357854158
0,39683,GET,2765688357928059,2765688357928851
0,35074,PUT,2765688357849828,2765688357850730
0,35074,GET,2765688357928220,2765688357929042
0,18703,PUT,2765688357856433,2765688357857125
0,18703,GET,2765688357928320,2765688357929082
0,31750,PUT,2765688357846390,2765688357847061
0,31750,GET,2765688357928490,2765688357929383
0,15635,PUT,2765688357857265,2765688357857957
0,15635,GET,2765688357928601,2765688357929372
0,37148,PUT,2765688357845658,2765688357846340
0,37148,GET,2765688357928611,2765688357929302
0,40216,PUT,2765688357851602,2765688357852324
0,40216,GET,2765688357928651,2765688357929573
0,40728,PUT,2765688357854318,2765688357855050
0,40728,GET,2765688357928761,2765688357929563
0,22038,PUT,2765688357854609,2765688357855391
0,22038,GET,2765688357928791,2765688357929483
0,41752,PUT,2765688357857596,2765688357858167
0,41752,GET,2765688357928841,2765688357929573
0,21791,PUT,2765688357857826,2765688357858428
0,21791,GET,2765688357928962,2765688357929653
0,30224,PUT,2765688357860272,2765688357861044
0,30224,GET,2765688357928982,2765688357929693
0,19980,PUT,2765688357857987,2765688357858658
0,19980,GET,2765688357929082,2765688357929874
0,29200,PUT,2765688357851371,2765688357852043
0,29200,GET,2765688357929112,2765688357929884
0,39448,PUT,2765688357846951,2765688357847633
0,39448,GET,2765688357929212,2765688357929974
0,38661,PUT,2765688357856343,2765688357857014
0,38661,GET,2765688357929222,2765688357930054
0,32520,PUT,2765688357855280,2765688357855962
0,32520,GET,2765688357929252,2765688357930064
0,19212,PUT,2765688357853045,2765688357853677
0,19212,GET,2765688357929322,2765688357930114
0,35861,PUT,2765688357855671,2765688357856403
0,35861,GET,2765688357929372,2765688357929834
0,39956,PUT,2765688357857676,2765688357858378
0,39956,GET,2765688357929403,2765688357930234
0,33545,PUT,2765688357860172,2765688357860913
0,33545,GET,2765688357929443,2765688357930204
0,36098,PUT,2765688357855250,2765688357855922
0,36098,GET,2765688357929513,2765688357930375
0,37642,PUT,2765688357857195,2765688357857866
0,37642,GET,2765688357929513,2765688357930295
0,22302,PUT,2765688357856894,2765688357857626
0,22302,GET,2765688357929523,2765688357930074
0,20507,PUT,2765688357853236,2765688357853937
0,20507,GET,2765688357929613,2765688357930575
0,19468,PUT,2765688357854619,2765688357855280
0,19468,GET,2765688357929693,2765688357930575
0,19215,PUT,2765688357861695,2765688357862367
0,19215,GET,2765688357929713,2765688357930325
0,38429,PUT,2765688357858277,2765688357859079
0,38429,GET,2765688357929723,2765688357930455
0,42264,PUT,2765688357860031,2765688357860743
0,42264,GET,2765688357929753,2765688357930555
0,36610,PUT,2765688357856874,2765688357857586
0,36610,GET,2765688357930014,2765688357930706
0,22043,PUT,2765688357859139,2765688357859781
0,22043,GET,2765688357930024,2765688357930786
0,40212,PUT,2765688357861154,2765688357861846
0,40212,GET,2765688357930265,2765688357931066
0,33041,PUT,2765688357855701,2765688357856423
0,33041,GET,2765688357930345,2765688357931107
0,21515,PUT,2765688357855701,2765688357856413
0,21515,GET,2765688357930375,2765688357931137
0,21771,PUT,2765688357857385,2765688357858157
0,21771,GET,2765688357930445,2765688357931257
0,37661,PUT,2765688357854058,2765688357854759
0,37661,GET,2765688357930455,2765688357931247
0,39444,PUT,2765688357856032,2765688357856734
0,39444,GET,2765688357930495,2765688357931247
0,38428,PUT,2765688357855351,2765688357856052
0,38428,GET,2765688357930495,2765688357931277
0,22294,PUT,2765688357856493,2765688357857215
0,22294,GET,2765688357930515,2765688357931307
0,22027,PUT,2765688357858287,2765688357859149
0,22027,GET,2765688357930565,2765688357931277
0,22303,PUT,2765688357861405,2765688357862106
0,22303,GET,2765688357930625,2765688357931407
0,41240,PUT,2765688357855992,2765688357856634
0,41240,GET,2765688357930625,2765688357931447
0,40984,PUT,2765688357855180,2765688357855862
0,40984,GET,2765688357930706,2765688357931527
0,29712,PUT,2765688357856573,2765688357857375
0,29712,GET,2765688357930786,2765688357931758
0,40980,PUT,2765688357864572,2765688357865274
0,40980,GET,2765688357930786,2765688357931608
0,40451,PUT,2765688357858658,2765688357859240
0,40451,GET,2765688357930946,2765688357931718
0,33049,PUT,2765688357855270,2765688357856062
0,33049,GET,2765688357931076,2765688357931868
0,40196,PUT,2765688357858247,2765688357858929
0,40196,GET,2765688357931107,2765688357931969
0,32776,PUT,2765688357856102,2765688357856874
0,32776,GET,2765688357931187,2765688357931858
0,20763,PUT,2765688357854078,2765688357854789
0,20763,GET,2765688357931387,2765688357932179
0,39684,PUT,2765688357856724,2765688357857345
0,39684,GET,2765688357931407,2765688357932199
0,38684,PUT,2765688357856203,2765688357856884
0,38684,GET,2765688357931447,2765688357932249
0,34055,PUT,2765688357865975,2765688357866597
0,34055,GET,2765688357931538,2765688357932349
0,36866,PUT,2765688357857726,2765688357858398
0,36866,GET,2765688357931548,2765688357932319
0,33033,PUT,2765688357858368,2765688357859099
0,33033,GET,2765688357931578,2765688357932299
0,33305,PUT,2765688357856223,2765688357856944
0,33305,GET,2765688357931748,2765688357932530
0,42520,PUT,2765688357866527,2765688357867248
0,42520,GET,2765688357931798,2765688357932580
0,22047,PUT,2765688357860583,2765688357861274
0,22047,GET,2765688357931969,2765688357933051
0,39196,PUT,2765688357859711,2765688357860402
0,39196,GET,2765688357932019,2765688357932770
0,33543,PUT,2765688357857516,2765688357858197
0,33543,GET,2765688357932049,2765688357933011
0,42008,PUT,2765688357858307,2765688357859039
0,42008,GET,2765688357932149,2765688357932931
0,36370,PUT,2765688357858618,2765688357859310
0,36370,GET,2765688357932199,2765688357932981
0,15891,PUT,2765688357858117,2765688357858548
0,15891,GET,2765688357932199,2765688357932981
0,36885,PUT,2765688357862698,2765688357863530
0,36885,GET,2765688357932309,2765688357933191
0,23062,PUT,2765688357859059,2765688357859751
0,23062,GET,2765688357932329,2765688357933081
0,39453,PUT,2765688357862758,2765688357863439
0,39453,GET,2765688357932329,2765688357933121
0,37898,PUT,2765688357858929,2765688357859470
0,37898,GET,2765688357932379,2765688357932770
0,22806,PUT,2765688357858217,2765688357858929
0,22806,GET,2765688357932389,2765688357933181
0,33289,PUT,2765688357859270,2765688357860031
0,33289,GET,2765688357932440,2765688357933402
0,30480,PUT,2765688357862116,2765688357862748
0,30480,GET,2765688357932440,2765688357933332
0,22558,PUT,2765688357857786,2765688357858498
0,22558,GET,2765688357932460,2765688357933332
0,36626,PUT,2765688357861334,2765688357861976
0,36626,GET,2765688357932490,2765688357933282
0,37386,PUT,2765688357856343,2765688357857034
0,37386,GET,2765688357932520,2765688357933272
0,33817,PUT,2765688357858979,2765688357859671
0,33817,GET,2765688357932700,2765688357933522
0,40707,PUT,2765688357862036,2765688357862708
0,40707,GET,2765688357932730,2765688357933482
0,19724,PUT,2765688357857195,2765688357857856
0,19724,GET,2765688357932901,2765688357933682
0,38917,PUT,2765688357860132,2765688357860743
0,38917,GET,2765688357932911,2765688357933612
0,39452,PUT,2765688357860543,2765688357861224
0,39452,GET,2765688357933061,2765688357933863
0,41219,PUT,2765688357864642,2765688357865244
0,41219,GET,2765688357933221,2765688357934003
0,39173,PUT,2765688357861725,2765688357862407
0,39173,GET,2765688357933241,2765688357934234
0,36114,PUT,2765688357857756,2765688357858478
0,36114,GET,2765688357933272,2765688357934124
0,38154,PUT,2765688357862257,2765688357862948
0,38154,GET,2765688357933292,2765688357934103
0,29968,PUT,2765688357859290,2765688357860112
0,29968,GET,2765688357933432,2765688357934124
0,22283,PUT,2765688357859290,2765688357860011
0,22283,GET,2765688357933472,2765688357934294
0,16915,PUT,2765688357863149,2765688357863700
0,16915,GET,2765688357933713,2765688357934685
0,18701,PUT,2765688357858087,2765688357858748
0,18701,GET,2765688357933753,2765688357934545
0,22299,PUT,2765688357859921,2765688357860623
0,22299,GET,2765688357933993,2765688357934625
0,16147,PUT,2765688357860563,2765688357861234
0,16147,GET,2765688357934073,2765688357934855
0,37378,PUT,2765688357863189,2765688357863941
0,37378,GET,2765688357934144,2765688357934705
0,40195,PUT,2765688357857886,2765688357858508
0,40195,GET,2765688357934174,2765688357934875
0,18957,PUT,2765688357863119,2765688357863810
0,18957,GET,2765688357934274,2765688357935146
0,39939,PUT,2765688357854288,2765688357854970
0,39939,GET,2765688357934284,2765688357934905
0,38173,PUT,2765688357857435,2765688357858127
0,38173,GET,2765688357934424,2765688357935226
0,34329,PUT,2765688357863459,2765688357864171
0,34329,GET,2765688357934464,2765688357935246
0,40964,PUT,2765688357865995,2765688357866797
0,40964,GET,2765688357934524,2765688357935346
0,21535,PUT,2765688357856944,2765688357857696
0,21535,GET,2765688357934585,2765688357935467
0,21531,PUT,2765688357856603,2765688357857305
0,21531,GET,2765688357934745,2765688357935547
0,22795,PUT,2765688357862908,2765688357863540
0,22795,GET,2765688357934755,2765688357935567
0,33809,PUT,2765688357862076,2765688357862798
0,33809,GET,2765688357935006,2765688357935777
0,39709,PUT,2765688357863580,2765688357864351
0,39709,GET,2765688357935006,2765688357935797
0,30992,PUT,2765688357864622,2765688357865314
0,30992,GET,2765688357935036,2765688357935858
0,38941,PUT,2765688357860062,2765688357860743
0,38941,GET,2765688357935056,2765688357935838
0,40452,PUT,2765688357859991,2765688357860753
0,40452,GET,2765688357935126,2765688357935888
0,31758,PUT,2765688357863389,2765688357864011
0,31758,GET,2765688357935126,2765688357935888
0,38410,PUT,2765688357863109,2765688357863700
0,38410,GET,2765688357935206,2765688357935908
0,8727,PUT,2765688357865274,2765688357866136
0,8727,GET,2765688357935206,2765688357936098
0,16659,PUT,2765688357862237,2765688357862998
0,16659,GET,2765688357935296,2765688357936188
0,40708,PUT,2765688357861735,2765688357862447
0,40708,GET,2765688357935306,2765688357936068
0,22555,PUT,2765688357860753,2765688357861475
0,22555,GET,2765688357935366,2765688357936068
0,36629,PUT,2765688357861866,2765688357862537
0,36629,GET,2765688357935396,2765688357936058
0,23067,PUT,2765688357864331,2765688357865043
0,23067,GET,2765688357935467,2765688357936800
0,30990,PUT,2765688357859009,2765688357859691
0,30990,GET,2765688357935487,2765688357936178
0,20236,PUT,2765688357859741,2765688357860362
0,20236,GET,2765688357935627,2765688357936429
0,37890,PUT,2765688357864923,2765688357865604
0,37890,GET,2765688357935667,2765688357936730
0,31502,PUT,2765688357861595,2765688357862297
0,31502,GET,2765688357935667,2765688357936389
0,22559,PUT,2765688357862237,2765688357863038
0,22559,GET,2765688357935697,2765688357936479
0,31248,PUT,2765688357865444,2765688357866136
0,31248,GET,2765688357935707,2765688357936529
0,38940,PUT,2765688357857987,2765688357858588
0,38940,GET,2765688357935747,2765688357936449
0,22811,PUT,2765688357861615,2765688357862206
0,22811,GET,2765688357935908,2765688357936589
0,33553,PUT,2765688357861294,2765688357861926
0,33553,GET,2765688357935988,2765688357936920
0,32270,PUT,2765688357865905,2765688357866587
0,32270,GET,2765688357935988,2765688357936770
0,16403,PUT,2765688357861385,2765688357862096
0,16403,GET,2765688357936038,2765688357936880
0,17171,PUT,2765688357865644,2765688357866356
0,17171,GET,2765688357936198,2765688357936970
0,37634,PUT,2765688357864101,2765688357864782
0,37634,GET,2765688357936208,2765688357937131
0,38402,PUT,2765688357866547,2765688357867218
0,38402,GET,2765688357936269,2765688357936950
0,21787,PUT,2765688357858388,2765688357858999
0,21787,GET,2765688357936299,2765688357937120
0,39708,PUT,2765688357862347,2765688357862908
0,39708,GET,2765688357936309,2765688357937080
0,38146,PUT,2765688357865735,2765688357866406
0,38146,GET,2765688357936539,2765688357937331
0,19213,PUT,2765688357864833,2765688357865564
0,19213,GET,2765688357936579,2765688357937361
0,40724,PUT,2765688357863740,2765688357864432
0,40724,GET,2765688357936589,2765688357937341
0,37122,PUT,2765688357860332,2765688357861014
0,37122,GET,2765688357936609,2765688357937441
0,8471,PUT,2765688357862206,2765688357863329
0,8471,GET,2765688357936629,2765688357937191
0,33801,PUT,2765688357861976,2765688357862668
0,33801,GET,2765688357936720,2765688357937501
0,19471,PUT,2765688357863429,2765688357864081
0,19471,GET,2765688357936800,2765688357937592
0,34073,PUT,2765688357860763,2765688357861355
0,34073,GET,2765688357936870,2765688357937592
0,20492,PUT,2765688357862387,2765688357863058
0,20492,GET,2765688357936900,2765688357937662
0,22814,PUT,2765688357861595,2765688357862417
0,22814,GET,2765688357936920,2765688357937852
0,23323,PUT,2765688357865183,2765688357865885
0,23323,GET,2765688357937010,2765688357937772
0,32014,PUT,2765688357864141,2765688357864803
0,32014,GET,2765688357937030,2765688357937812
0,34065,PUT,2765688357864031,2765688357864702
0,34065,GET,2765688357937060,2765688357937832
0,34833,PUT,2765688357867379,2765688357868070
0,34833,GET,2765688357937070,2765688357937862
0,23574,PUT,2765688357864813,2765688357865504
0,23574,GET,2765688357937100,2765688357937702
0,20748,PUT,2765688357864181,2765688357864873
0,20748,GET,2765688357937271,2765688357938113
0,30736,PUT,2765688357862878,2765688357863560
0,30736,GET,2765688357937401,2765688357938113
0,34057,PUT,2765688357862798,2765688357863530
0,34057,GET,2765688357937461,2765688357938233
0,39197,PUT,2765688357860883,2765688357861665
0,39197,GET,2765688357937481,2765688357938263
0,40468,PUT,2765688357861996,2765688357862698
0,40468,GET,2765688357937491,2765688357938303
0,22539,PUT,2765688357860152,2765688357860833
0,22539,GET,2765688357937572,2765688357938373
0,39965,PUT,2765688357865454,2765688357866085
0,39965,GET,2765688357937632,2765688357938444
0,35089,PUT,2765688357868200,2765688357868742
0,35089,GET,2765688357937652,2765688357938454
0,19983,PUT,2765688357866897,2765688357867569
0,19983,GET,2765688357937732,2765688357938534
0,41731,PUT,2765688357866216,2765688357866877
0,41731,GET,2765688357937752,2765688357938654
0,38666,PUT,2765688357865644,2765688357866336
0,38666,GET,2765688357937772,2765688357938564
0,36882,PUT,2765688357863139,2765688357863920
0,36882,GET,2765688357937842,2765688357938544
0,21004,PUT,2765688357865013,2765688357865715
0,21004,GET,2765688357937882,2765688357938514
0,34569,PUT,2765688357864592,2765688357865284
0,34569,GET,2765688357937962,2765688357938754
0,34841,PUT,2765688357867078,2765688357867789
0,34841,GET,2765688357938073,2765688357938754
0,40988,PUT,2765688357870385,2765688357871087
0,40988,GET,2765688357938073,2765688357938885
0,39964,PUT,2765688357865093,2765688357865805
0,39964,GET,2765688357938153,2765688357938925
0,19725,PUT,2765688357867499,2765688357868100
0,19725,GET,2765688357938233,2765688357938935
0,37397,PUT,2765688357864532,2765688357865133
0,37397,GET,2765688357938243,2765688357939055
0,40220,PUT,2765688357865935,2765688357866657
0,40220,GET,2765688357938373,2765688357939165
0,33297,PUT,2765688357859631,2765688357860292
0,33297,GET,2765688357938514,2765688357939346
0,34313,PUT,2765688357863660,2765688357864442
0,34313,GET,2765688357938664,2765688357939436
0,37653,PUT,2765688357865274,2765688357865925
0,37653,GET,2765688357938704,2765688357939566
0,23070,PUT,2765688357866416,2765688357867118
0,23070,GET,2765688357938794,2765688357939596
0,40221,PUT,2765688357866226,2765688357866937
0,40221,GET,2765688357938804,2765688357939606
0,39429,PUT,2765688357863489,2765688357864171
0,39429,GET,2765688357938814,2765688357939616
0,31246,PUT,2765688357860763,2765688357861435
0,31246,GET,2765688357938895,2765688357939717
0,23327,PUT,2765688357870496,2765688357871227
0,23327,GET,2765688357939015,2765688357939727
0,23318,PUT,2765688357860813,2765688357861715
0,23318,GET,2765688357939075,2765688357939897
0,39685,PUT,2765688357864321,2765688357864993
0,39685,GET,2765688357939095,2765688357939877
0,34311,PUT,2765688357867679,2765688357868441
0,34311,GET,2765688357939265,2765688357939977
0,40197,PUT,2765688357868481,2765688357869153
0,40197,GET,2765688357939296,2765688357940067
0,23051,PUT,2765688357865424,2765688357866096
0,23051,GET,2765688357939296,2765688357940077
0,23579,PUT,2765688357866025,2765688357866737
0,23579,GET,2765688357939306,2765688357940288
0,20237,PUT,2765688357869103,2765688357869804
0,20237,GET,2765688357939346,2765688357940127
0,31504,PUT,2765688357867278,2765688357867940
0,31504,GET,2765688357939496,2765688357940268
0,41476,PUT,2765688357870596,2765688357871398
0,41476,GET,2765688357939516,2765688357940298
0,22815,PUT,2765688357865113,2765688357865855
0,22815,GET,2765688357939546,2765688357940368
0,41236,PUT,2765688357866336,2765688357867038
0,41236,GET,2765688357939576,2765688357940368
0,19469,PUT,2765688357866667,2765688357867348
0,19469,GET,2765688357939606,2765688357940368
0,32526,PUT,2765688357866727,2765688357867439
0,32526,GET,2765688357939666,2765688357940629
0,21260,PUT,2765688357868792,2765688357869323
0,21260,GET,2765688357939686,2765688357940488
0,24091,PUT,2765688357867739,2765688357868401
0,24091,GET,2765688357939717,2765688357940548
0,20493,PUT,2765688357869944,2765688357870626
0,20493,GET,2765688357939757,2765688357940639
0,34585,PUT,2765688357866236,2765688357866927
0,34585,GET,2765688357939757,2765688357940458
0,35081,PUT,2765688357866286,2765688357866978
0,35081,GET,2765688357939847,2765688357940619
0,24347,PUT,2765688357869554,2765688357870265
0,24347,GET,2765688357940017,2765688357940799
0,33286,PUT,2765688357866446,2765688357867118
0,33286,GET,2765688357940027,2765688357940819
0,40733,PUT,2765688357869985,2765688357870676
0,40733,GET,2765688357940208,2765688357940899
0,8983,PUT,2765688357866296,2765688357867008
0,8983,GET,2765688357940228,2765688357941010
0,43032,PUT,2765688357870035,2765688357870746
0,43032,GET,2765688357940318,2765688357941100
0,23830,PUT,2765688357867569,2765688357868230
0,23830,GET,2765688357940398,2765688357941210
0,33542,PUT,2765688357871989,2765688357872701
0,33542,GET,2765688357940428,2765688357941120
0,19727,PUT,2765688357866065,2765688357866747
0,19727,GET,2765688357940428,2765688357941240
0,41492,PUT,2765688357869183,2765688357869884
0,41492,GET,2765688357940498,2765688357941280
0,41475,PUT,2765688357865374,2765688357866075
0,41475,GET,2765688357940619,2765688357941350
0,39941,PUT,2765688357865133,2765688357865935
0,39941,GET,2765688357940639,2765688357941420
0,17427,PUT,2765688357869363,2765688357870035
0,17427,GET,2765688357940709,2765688357941420
0,41987,PUT,2765688357868952,2765688357869634
0,41987,GET,2765688357940759,2765688357941531
0,19981,PUT,2765688357868301,2765688357868972
0,19981,GET,2765688357940759,2765688357941531
0,35097,PUT,2765688357867930,2765688357868611
0,35097,GET,2765688357940989,2765688357941711
0,35345,PUT,2765688357869944,2765688357870646
0,35345,GET,2765688357941030,2765688357941811
0,40476,PUT,2765688357866797,2765688357867579
0,40476,GET,2765688357941210,2765688357941982
0,23563,PUT,2765688357869734,2765688357870406
0,23563,GET,2765688357941260,2765688357942122
0,37141,PUT,2765688357863660,2765688357864392
0,37141,GET,2765688357941330,2765688357942192
0,9239,PUT,2765688357868281,2765688357869002
0,9239,GET,2765688357941350,2765688357942132
0,42776,PUT,2765688357868190,2765688357868912
0,42776,GET,2765688357941360,2765688357942142
0,34825,PUT,2765688357865424,2765688357866156
0,34825,GET,2765688357941420,2765688357942222
0,20751,PUT,2765688357870275,2765688357870887
0,20751,GET,2765688357941551,2765688357942353
0,34577,PUT,2765688357866617,2765688357867238
0,34577,GET,2765688357941551,2765688357942333
0,38922,PUT,2765688357866496,2765688357867058
0,38922,GET,2765688357941571,2765688357942593
0,10007,PUT,2765688357872029,2765688357872701
0,10007,GET,2765688357941691,2765688357942443
0,9498,PUT,2765688357878655,2765688357879356
0,9498,GET,2765688357941781,2765688357942844
0,32016,PUT,2765688357870586,2765688357871268
0,32016,GET,2765688357941841,2765688357942633
0,39178,PUT,2765688357877893,2765688357878615
0,39178,GET,2765688357941851,2765688357942744
0,40963,PUT,2765688357863810,2765688357864482
0,40963,GET,2765688357941922,2765688357942623
0,42499,PUT,2765688357870586,2765688357871197
0,42499,GET,2765688357941982,2765688357942764
0,41732,PUT,2765688357871528,2765688357872210
0,41732,GET,2765688357942042,2765688357942844
0,35857,PUT,2765688357874525,2765688357875217
0,35857,GET,2765688357942062,2765688357942593
0,21772,PUT,2765688357871167,2765688357871849
0,21772,GET,2765688357942082,2765688357942864
0,38658,PUT,2765688357869463,2765688357870255
0,38658,GET,2765688357942202,2765688357942994
0,33032,PUT,2765688357874285,2765688357874966
0,33032,GET,2765688357942262,2765688357943054
0,34321,PUT,2765688357864843,2765688357865514
0,34321,GET,2765688357942353,2765688357943215
0,32782,PUT,2765688357868411,2765688357869123
0,32782,GET,2765688357942403,2765688357943064
0,24342,PUT,2765688357873864,2765688357874515
0,24342,GET,2765688357942403,2765688357943445
0,35353,PUT,2765688357868752,2765688357869503
0,35353,GET,2765688357942453,2765688357943325
0,9751,PUT,2765688357870235,2765688357871027
0,9751,GET,2765688357942483,2765688357943355
0,23071,PUT,2765688357867729,2765688357868551
0,23071,GET,2765688357942583,2765688357943275
0,40477,PUT,2765688357869143,2765688357869844
0,40477,GET,2765688357942744,2765688357943656
0,22028,PUT,2765688357871979,2765688357872661
0,22028,GET,2765688357942754,2765688357943555
0,17683,PUT,2765688357870195,2765688357870907
0,17683,GET,2765688357942904,2765688357943585
0,17939,PUT,2765688357871047,2765688357871809
0,17939,GET,2765688357942944,2765688357943706
0,26651,PUT,2765688357878905,2765688357879587
0,26651,GET,2765688357942984,2765688357943736
0,20749,PUT,2765688357871719,2765688357872400
0,20749,GET,2765688357943094,2765688357943876
0,42243,PUT,2765688357869764,2765688357870456
0,42243,GET,2765688357943124,2765688357943906
0,21775,PUT,2765688357877231,2765688357877923
0,21775,GET,2765688357943134,2765688357943636
0,41988,PUT,2765688357872350,2765688357873052
0,41988,GET,2765688357943144,2765688357943816
0,43288,PUT,2765688357870897,2765688357871598
0,43288,GET,2765688357943205,2765688357944027
0,34567,PUT,2765688357868611,2765688357869293
0,34567,GET,2765688357943305,2765688357944197
0,24603,PUT,2765688357870396,2765688357871137
0,24603,GET,2765688357943355,2765688357944137
0,23819,PUT,2765688357870536,2765688357871207
0,23819,GET,2765688357943475,2765688357944257
0,31760,PUT,2765688357869824,2765688357870446
0,31760,GET,2765688357943485,2765688357944277
0,18195,PUT,2765688357871939,2765688357872631
0,18195,GET,2765688357943525,2765688357944347
0,32272,PUT,2765688357872190,2765688357872771
0,32272,GET,2765688357943636,2765688357944478
0,35865,PUT,2765688357873924,2765688357874615
0,35865,GET,2765688357943686,2765688357944478
0,20239,PUT,2765688357868672,2765688357869293
0,20239,GET,2765688357943726,2765688357944648
0,25371,PUT,2765688357873854,2765688357874545
0,25371,GET,2765688357943726,2765688357944588
0,22284,PUT,2765688357872791,2765688357873493
0,22284,GET,2765688357943836,2765688357944678
0,10519,PUT,2765688357874585,2765688357875307
0,10519,GET,2765688357943856,2765688357944798
0,37650,PUT,2765688357875768,2765688357876389
0,37650,GET,2765688357944037,2765688357944518
0,35591,PUT,2765688357874786,2765688357875457
0,35591,GET,2765688357944057,2765688357944758
0,33030,PUT,2765688357865584,2765688357866286
0,33030,GET,2765688357944257,2765688357944989
0,40453,PUT,2765688357869303,2765688357869975
0,40453,GET,2765688357944417,2765688357945189
0,43544,PUT,2765688357872691,2765688357873382
0,43544,GET,2765688357944437,2765688357945239
0,40709,PUT,2765688357870115,2765688357870796
0,40709,GET,2765688357944498,2765688357945269
0,23583,PUT,2765688357873202,2765688357873914
0,23583,GET,2765688357944608,2765688357945380
0,21007,PUT,2765688357872841,2765688357873553
0,21007,GET,2765688357944618,2765688357945420
0,24075,PUT,2765688357871338,2765688357872019
0,24075,GET,2765688357944648,2765688357945330
0,18451,PUT,2765688357872771,2765688357873563
0,18451,GET,2765688357944648,2765688357945440
0,37909,PUT,2765688357869754,2765688357870456
0,37909,GET,2765688357944798,2765688357945730
0,9495,PUT,2765688357869223,2765688357870095
0,9495,GET,2765688357944808,2765688357945690
0,21261,PUT,2765688357875086,2765688357875778
0,21261,GET,2765688357944828,2765688357945650
0,23835,PUT,2765688357866867,2765688357867609
0,23835,GET,2765688357944848,2765688357945620
0,33798,PUT,2765688357874706,2765688357875367
0,33798,GET,2765688357944919,2765688357945730
0,23307,PUT,2765688357868902,2765688357869584
0,23307,GET,2765688357944919,2765688357945761
0,41244,PUT,2765688357871227,2765688357871959
0,41244,GET,2765688357944929,2765688357945720
0,35601,PUT,2765688357870786,2765688357871508
0,35601,GET,2765688357944989,2765688357945871
0,41245,PUT,2765688357874435,2765688357874986
0,41245,GET,2765688357945189,2765688357946021
0,35337,PUT,2765688357872510,2765688357873192
0,35337,GET,2765688357945239,2765688357945991
0,40732,PUT,2765688357868772,2765688357869373
0,40732,GET,2765688357945259,2765688357946021
0,24859,PUT,2765688357871298,2765688357871989
0,24859,GET,2765688357945340,2765688357946141
0,24351,PUT,2765688357876570,2765688357877282
0,24351,GET,2765688357945410,2765688357946262
0,24086,PUT,2765688357872049,2765688357872791
0,24086,GET,2765688357945440,2765688357946172
0,21263,PUT,2765688357873683,2765688357874385
0,21263,GET,2765688357945490,2765688357946272
0,23839,PUT,2765688357874064,2765688357874716
0,23839,GET,2765688357945510,2765688357946202
0,40989,PUT,2765688357871668,2765688357872370
0,40989,GET,2765688357945550,2765688357946252
0,21516,PUT,2765688357869473,2765688357870105
0,21516,GET,2765688357945600,2765688357946512
0,8986,PUT,2765688357875898,2765688357876640
0,8986,GET,2765688357945751,2765688357946532
0,35847,PUT,2765688357875598,2765688357876269
0,35847,GET,2765688357945751,2765688357946442
0,34823,PUT,2765688357872210,2765688357872901
0,34823,GET,2765688357945851,2765688357946643
0,36121,PUT,2765688357874746,2765688357875457
0,36121,GET,2765688357945851,2765688357946562
0,24331,PUT,2765688357874074,2765688357874746
0,24331,GET,2765688357945891,2765688357946783
0,41501,PUT,2765688357875116,2765688357875878
0,41501,GET,2765688357945901,2765688357946793
0,8474,PUT,2765688357870596,2765688357871548
0,8474,GET,2765688357946001,2765688357946793
0,8730,PUT,2765688357874816,2765688357875748
0,8730,GET,2765688357946031,2765688357946713
0,41500,PUT,2765688357874776,2765688357875527
0,41500,GET,2765688357946041,2765688357946833
0,20495,PUT,2765688357869423,2765688357870135
0,20495,GET,2765688357946151,2765688357946903
0,35609,PUT,2765688357873122,2765688357873763
0,35609,GET,2765688357946161,2765688357946923
0,41756,PUT,2765688357876590,2765688357877302
0,41756,GET,2765688357946272,2765688357947034
0,38914,PUT,2765688357873803,2765688357874505
0,38914,GET,2765688357946302,2765688357947084
0,41757,PUT,2765688357876009,2765688357876720
0,41757,GET,2765688357946332,2765688357947104
0,41220,PUT,2765688357869684,2765688357870436
0,41220,GET,2765688357946352,2765688357947134
0,38165,PUT,2765688357873262,2765688357873944
0,38165,GET,2765688357946382,2765688357947184
0,21005,PUT,2765688357873332,2765688357874034
0,21005,GET,2765688357946392,2765688357947044
0,34310,PUT,2765688357876319,2765688357876931
0,34310,GET,2765688357946422,2765688357947124
0,25627,PUT,2765688357874685,2765688357875287
0,25627,GET,2765688357946643,2765688357947334
0,33800,PUT,2765688357880068,2765688357880719
0,33800,GET,2765688357946673,2765688357947424
0,21517,PUT,2765688357876750,2765688357877562
0,21517,GET,2765688357946763,2765688357947545
0,38421,PUT,2765688357875938,2765688357876620
0,38421,GET,2765688357946783,2765688357947495
0,36113,PUT,2765688357876199,2765688357876871
0,36113,GET,2765688357946863,2765688357947565
0,21519,PUT,2765688357875447,2765688357876119
0,21519,GET,2765688357946923,2765688357947745
0,43012,PUT,2765688357880379,2765688357881060
0,43012,GET,2765688357947314,2765688357948156
0,38418,PUT,2765688357879948,2765688357880639
0,38418,GET,2765688357947314,2765688357948096
0,25883,PUT,2765688357875427,2765688357876079
0,25883,GET,2765688357947475,2765688357948246
0,24587,PUT,2765688357875848,2765688357876550
0,24587,GET,2765688357947555,2765688357948306
0,44056,PUT,2765688357877292,2765688357877963
0,44056,GET,2765688357947595,2765688357948276
0,36103,PUT,2765688357877282,2765688357877923
0,36103,GET,2765688357947645,2765688357948327
0,22029,PUT,2765688357879557,2765688357880278
0,22029,GET,2765688357947695,2765688357948477
0,44824,PUT,2765688357881842,2765688357882584
0,44824,GET,2765688357947695,2765688357948587
0,45336,PUT,2765688357884508,2765688357885220
0,45336,GET,2765688357947916,2765688357948938
0,38162,PUT,2765688357879126,2765688357879807
0,38162,GET,2765688357947986,2765688357948768
0,22541,PUT,2765688357882995,2765688357883666
0,22541,GET,2765688357948056,2765688357948768
0,34566,PUT,2765688357877061,2765688357877632
0,34566,GET,2765688357948066,2765688357948858
0,22287,PUT,2765688357879878,2765688357880589
0,22287,GET,2765688357948086,2765688357948737
0,42012,PUT,2765688357877452,2765688357878154
0,42012,GET,2765688357948136,2765688357948978
0,32528,PUT,2765688357874685,2765688357875387
0,32528,GET,2765688357948377,2765688357949058
0,42244,PUT,2765688357874034,2765688357874726
0,42244,GET,2765688357948457,2765688357949229
0,25115,PUT,2765688357873012,2765688357873713
0,25115,GET,2765688357948617,2765688357949399
0,34054,PUT,2765688357875517,2765688357876189
0,34054,GET,2765688357948727,2765688357949449
0,18707,PUT,2765688357876470,2765688357877171
0,18707,GET,2765688357948878,2765688357949559
0,34056,PUT,2765688357881752,2765688357882413
0,34056,GET,2765688357948908,2765688357949680
0,37127,PUT,2765688357881612,2765688357882183
0,37127,GET,2765688357948928,2765688357949770
0,36359,PUT,2765688357878053,2765688357878695
0,36359,GET,2765688357949008,2765688357949680
0,22540,PUT,2765688357874475,2765688357875096
0,22540,GET,2765688357949108,2765688357949960
0,41748,PUT,2765688357871077,2765688357871759
0,41748,GET,2765688357949108,2765688357949860
0,36615,PUT,2765688357878825,2765688357879517
0,36615,GET,2765688357949289,2765688357950201
0,10263,PUT,2765688357873753,2765688357874455
0,10263,GET,2765688357949289,2765688357950131
0,35593,PUT,2765688357875126,2765688357875808
0,35593,GET,2765688357949359,2765688357950141
0,34822,PUT,2765688357877763,2765688357878454
0,34822,GET,2765688357949369,2765688357950101
0,36871,PUT,2765688357879657,2765688357880369
0,36871,GET,2765688357949519,2765688357950311
0,10775,PUT,2765688357876409,2765688357877161
0,10775,GET,2765688357949529,2765688357950271
0,35079,PUT,2765688357873062,2765688357873793
0,35079,GET,2765688357949539,2765688357950201
0,26139,PUT,2765688357876219,2765688357876911
0,26139,GET,2765688357949579,2765688357950371
0,42500,PUT,2765688357876740,2765688357877442
0,42500,GET,2765688357949650,2765688357950321
0,32784,PUT,2765688357876610,2765688357877211
0,32784,GET,2765688357949740,2765688357950502
0,42004,PUT,2765688357878665,2765688357879336
0,42004,GET,2765688357949820,2765688357950592
0,24095,PUT,2765688357874846,2765688357875557
0,24095,GET,2765688357949840,2765688357950662
0,35078,PUT,2765688357878595,2765688357879236
0,35078,GET,2765688357949920,2765688357950772
0,26395,PUT,2765688357878053,2765688357878765
0,26395,GET,2765688357949970,2765688357950712
0,23326,PUT,2765688357877542,2765688357878254
0,23326,GET,2765688357950051,2765688357950842
0,44568,PUT,2765688357878905,2765688357879697
0,44568,GET,2765688357950101,2765688357950933
0,38933,PUT,2765688357879497,2765688357880198
0,38933,GET,2765688357950151,2765688357951113
0,22285,PUT,2765688357880419,2765688357881140
0,22285,GET,2765688357950271,2765688357950993
0,25110,PUT,2765688357880860,2765688357881551
0,25110,GET,2765688357950281,2765688357951113
0,11031,PUT,2765688357877292,2765688357877983
0,11031,GET,2765688357950301,2765688357951093
0,23308,PUT,2765688357881742,2765688357882353
0,23308,GET,2765688357950341,2765688357951023
0,25867,PUT,2765688357882554,2765688357883145
0,25867,GET,2765688357950411,2765688357951193
0,24094,PUT,2765688357884659,2765688357885370
0,24094,GET,2765688357950471,2765688357951253
0,24854,PUT,2765688357880068,2765688357880709
0,24854,GET,2765688357950482,2765688357951323
0,39426,PUT,2765688357878204,2765688357878885
0,39426,GET,2765688357950602,2765688357951394
0,23052,PUT,2765688357880780,2765688357881581
0,23052,GET,2765688357950612,2765688357951434
0,18963,PUT,2765688357877322,2765688357878063
0,18963,GET,2765688357950652,2765688357951434
0,37906,PUT,2765688357878284,2765688357878965
0,37906,GET,2765688357950722,2765688357951424
0,22796,PUT,2765688357878965,2765688357879787
0,22796,GET,2765688357950732,2765688357951564
0,42268,PUT,2765688357879256,2765688357879948
0,42268,GET,2765688357950802,2765688357951504
0,38674,PUT,2765688357881561,2765688357882263
0,38674,GET,2765688357950872,2765688357951584
0,33288,PUT,2765688357878484,2765688357879166
0,33288,GET,2765688357950923,2765688357951744
0,33544,PUT,2765688357879316,2765688357879928
0,33544,GET,2765688357951063,2765688357951885
0,42756,PUT,2765688357879547,2765688357880218
0,42756,GET,2765688357951163,2765688357951684
0,24598,PUT,2765688357877512,2765688357878043
0,24598,GET,2765688357951243,2765688357951835
0,38677,PUT,2765688357877692,2765688357878424
0,38677,GET,2765688357951263,2765688357952015
0,37138,PUT,2765688357873854,2765688357874575
0,37138,GET,2765688357951283,2765688357952326
0,9242,PUT,2765688357876780,2765688357877522
0,9242,GET,2765688357951384,2765688357952185
0,12055,PUT,2765688357884679,2765688357885370
0,12055,GET,2765688357951404,2765688357952095
0,22799,PUT,2765688357885300,2765688357885992
0,22799,GET,2765688357951474,2765688357952566
0,36361,PUT,2765688357880299,2765688357881100
0,36361,GET,2765688357951544,2765688357952306
0,25611,PUT,2765688357879136,2765688357879807
0,25611,GET,2765688357951714,2765688357952526
0,35849,PUT,2765688357877723,2765688357878414
0,35849,GET,2765688357951724,2765688357952446
0,40965,PUT,2765688357879928,2765688357880639
0,40965,GET,2765688357951815,2765688357952566
0,11287,PUT,2765688357881181,2765688357881892
0,11287,GET,2765688357951815,2765688357952707
0,23582,PUT,2765688357879346,2765688357880038
0,23582,GET,2765688357951875,2765688357952727
0,9754,PUT,2765688357881511,2765688357882223
0,9754,GET,2765688357951965,2765688357952657
0,36881,PUT,2765688357884308,2765688357885040
0,36881,GET,2765688357952015,2765688357952847
0,41221,PUT,2765688357880830,2765688357881642
0,41221,GET,2765688357952155,2765688357952937
0,42524,PUT,2765688357882093,2765688357882734
0,42524,GET,2765688357952175,2765688357952977
0,35334,PUT,2765688357882123,2765688357882734
0,35334,GET,2765688357952226,2765688357952997
0,25631,PUT,2765688357884689,2765688357885410
0,25631,GET,2765688357952226,2765688357953198
0,25099,PUT,2765688357877502,2765688357878123
0,25099,GET,2765688357952376,2765688357953158
0,35335,PUT,2765688357873934,2765688357874645
0,35335,GET,2765688357952386,2765688357953188
0,43800,PUT,2765688357875447,2765688357876129
0,43800,GET,2765688357952436,2765688357953268
0,41989,PUT,2765688357886072,2765688357886764
0,41989,GET,2765688357952466,2765688357953248
0,22031,PUT,2765688357878985,2765688357879747
0,22031,GET,2765688357952576,2765688357953298
0,36625,PUT,2765688357883486,2765688357884157
0,36625,GET,2765688357952657,2765688357953458
0,42013,PUT,2765688357878755,2765688357879406
0,42013,GET,2765688357952657,2765688357953478
0,25119,PUT,2765688357881942,2765688357882674
0,25119,GET,2765688357952687,2765688357953499
0,23564,PUT,2765688357883496,2765688357884218
0,23564,GET,2765688357952697,2765688357953499
0,37394,PUT,2765688357874776,2765688357875608
0,37394,GET,2765688357952707,2765688357953468
0,36105,PUT,2765688357879477,2765688357880138
0,36105,GET,2765688357952787,2765688357953569
0,11543,PUT,2765688357882965,2765688357883676
0,11543,GET,2765688357952817,2765688357953338
0,26907,PUT,2765688357880589,2765688357881241
0,26907,GET,2765688357952837,2765688357953639
0,39170,PUT,2765688357876460,2765688357877161
0,39170,GET,2765688357952857,2765688357953689
0,22797,PUT,2765688357884809,2765688357885491
0,22797,GET,2765688357953078,2765688357953779
0,43037,PUT,2765688357884969,2765688357885711
0,43037,GET,2765688357953118,2765688357953799
0,23838,PUT,2765688357882955,2765688357883686
0,23838,GET,2765688357953138,2765688357953869
0,27419,PUT,2765688357886573,2765688357887265
0,27419,GET,2765688357953168,2765688357954000
0,25878,PUT,2765688357885220,2765688357885932
0,25878,GET,2765688357953288,2765688357954050
0,21773,PUT,2765688357877702,2765688357878585
0,21773,GET,2765688357953308,2765688357954080
0,25375,PUT,2765688357883877,2765688357884548
0,25375,GET,2765688357953398,2765688357954020
0,37129,PUT,2765688357884478,2765688357885180
0,37129,GET,2765688357953468,2765688357954280
0,24607,PUT,2765688357880198,2765688357880900
0,24607,GET,2765688357953629,2765688357954411
0,36617,PUT,2765688357882163,2765688357882584
0,36617,GET,2765688357953739,2765688357954501
0,44312,PUT,2765688357878123,2765688357878765
0,44312,GET,2765688357953769,2765688357954591
0,34568,PUT,2765688357886994,2765688357887666
0,34568,GET,2765688357953779,2765688357954491
0,25366,PUT,2765688357882684,2765688357883316
0,25366,GET,2765688357953829,2765688357954441
0,33806,PUT,2765688357887676,2765688357888367
0,33806,GET,2765688357953909,2765688357954611
0,12311,PUT,2765688357885511,2765688357886192
0,12311,GET,2765688357953940,2765688357954771
0,39690,PUT,2765688357881471,2765688357882083
0,39690,GET,2765688357954010,2765688357954711
0,26123,PUT,2765688357883305,2765688357883987
0,26123,GET,2765688357954120,2765688357954892
0,25355,PUT,2765688357878264,2765688357879006
0,25355,GET,2765688357954140,2765688357954912
0,43011,PUT,2765688357885100,2765688357885791
0,43011,GET,2765688357954210,2765688357954992
0,36369,PUT,2765688357881652,2765688357882313
0,36369,GET,2765688357954210,2765688357955022
0,24843,PUT,2765688357876680,2765688357877362
0,24843,GET,2765688357954411,2765688357955213
0,37649,PUT,2765688357888638,2765688357889249
0,37649,GET,2765688357954521,2765688357955393
0,43268,PUT,2765688357882123,2765688357882804
0,43268,GET,2765688357954531,2765688357955313
0,41477,PUT,2765688357881782,2765688357882474
0,41477,GET,2765688357954782,2765688357955573
0,39442,PUT,2765688357884949,2765688357885631
0,39442,GET,2765688357954902,2765688357955714
0,22543,PUT,2765688357884358,2765688357885140
0,22543,GET,2765688357955042,2765688357955744
0,39946,PUT,2765688357883977,2765688357884588
0,39946,GET,2765688357955042,2765688357955834
0,42755,PUT,2765688357883305,2765688357883997
0,42755,GET,2765688357955152,2765688357955944
0,19219,PUT,2765688357885591,2765688357886242
0,19219,GET,2765688357955162,2765688357956024
0,34824,PUT,2765688357887816,2765688357888598
0,34824,GET,2765688357955223,2765688357956085
0,39434,PUT,2765688357880629,2765688357881311
0,39434,GET,2765688357955433,2765688357956145
0,40458,PUT,2765688357885551,2765688357886052
0,40458,GET,2765688357955453,2765688357956255
0,42269,PUT,2765688357880509,2765688357881231
0,42269,GET,2765688357955493,2765688357956275
0,23820,PUT,2765688357886232,2765688357886904
0,23820,GET,2765688357955543,2765688357956345
0,42525,PUT,2765688357881371,2765688357882053
0,42525,GET,2765688357955583,2765688357956546
0,19475,PUT,2765688357887345,2765688357888016
0,19475,GET,2765688357955684,2765688357956786
0,39938,PUT,2765688357885280,2765688357886142
0,39938,GET,2765688357955734,2765688357956546
0,33550,PUT,2765688357886854,2765688357887535
0,33550,GET,2765688357955874,2765688357956656
0,36873,PUT,2765688357883656,2765688357884338
0,36873,GET,2765688357956004,2765688357956796
0,38161,PUT,2765688357890011,2765688357890683
0,38161,GET,2765688357956034,2765688357956836
0,43036,PUT,2765688357885581,2765688357886302
0,43036,GET,2765688357956105,2765688357956906
0,27163,PUT,2765688357884989,2765688357885621
0,27163,GET,2765688357956215,2765688357956987
0,33038,PUT,2765688357884017,2765688357884829
0,33038,GET,2765688357956395,2765688357957167
0,35590,PUT,2765688357887295,2765688357887966
0,35590,GET,2765688357956465,2765688357957287
0,37383,PUT,2765688357882323,2765688357882995
0,37383,GET,2765688357956485,2765688357957267
0,37905,PUT,2765688357889390,2765688357889871
0,37905,GET,2765688357956706,2765688357957508
0,34312,PUT,2765688357882544,2765688357883225
0,34312,GET,2765688357956726,2765688357957538
0,42781,PUT,2765688357883215,2765688357883927
0,42781,GET,2765688357956786,2765688357957458
0,25622,PUT,2765688357884408,2765688357885080
0,25622,GET,2765688357956836,2765688357957648
0,43523,PUT,2765688357891234,2765688357892086
0,43523,GET,2765688357956926,2765688357957748
0,10266,PUT,2765688357886924,2765688357887636
0,10266,GET,2765688357956926,2765688357957809
0,23311,PUT,2765688357886934,2765688357887555
0,23311,GET,2765688357956937,2765688357957728
0,38930,PUT,2765688357883316,2765688357883977
0,38930,GET,2765688357956967,2765688357957849
0,37385,PUT,2765688357887124,2765688357887796
0,37385,GET,2765688357956967,2765688357957758
0,26134,PUT,2765688357886062,2765688357886593
0,26134,GET,2765688357956997,2765688357957708
0,41733,PUT,2765688357884448,2765688357885150
0,41733,GET,2765688357957137,2765688357957949
0,37393,PUT,2765688357886884,2765688357887565
0,37393,GET,2765688357957227,2765688357958059
0,43292,PUT,2765688357886453,2765688357887154
0,43292,GET,2765688357957277,2765688357958139
0,40450,PUT,2765688357889019,2765688357889620
0,40450,GET,2765688357957297,2765688357958029
0,45592,PUT,2765688357887255,2765688357887946
0,45592,GET,2765688357957408,2765688357958219
0,24350,PUT,2765688357887425,2765688357888107
0,24350,GET,2765688357957598,2765688357958350
0,40194,PUT,2765688357886282,2765688357886964
0,40194,GET,2765688357957648,2765688357958430
0,39189,PUT,2765688357887866,2765688357888568
0,39189,GET,2765688357957668,2765688357958510
0,35846,PUT,2765688357888117,2765688357888748
0,35846,GET,2765688357957819,2765688357958701
0,12567,PUT,2765688357886323,2765688357886924
0,12567,GET,2765688357957839,2765688357958630
0,23567,PUT,2765688357887686,2765688357888357
0,23567,GET,2765688357957859,2765688357958640
0,36889,PUT,2765688357890663,2765688357891495
0,36889,GET,2765688357957949,2765688357958781
0,27659,PUT,2765688357895374,2765688357896035
0,27659,GET,2765688357957999,2765688357958871
0,36377,PUT,2765688357887906,2765688357888668
0,36377,GET,2765688357958029,2765688357958931
0,27403,PUT,2765688357893690,2765688357894371
0,27403,GET,2765688357958079,2765688357959292
0,24606,PUT,2765688357890993,2765688357891635
0,24606,GET,2765688357958139,2765688357958961
0,44573,PUT,2765688357897519,2765688357898220
0,44573,GET,2765688357958209,2765688357959071
0,26379,PUT,2765688357887916,2765688357888588
0,26379,GET,2765688357958270,2765688357959071
0,24863,PUT,2765688357881060,2765688357881802
0,24863,GET,2765688357958280,2765688357958861
0,10010,PUT,2765688357886122,2765688357886764
0,10010,GET,2765688357958310,2765688357958951
0,45080,PUT,2765688357883696,2765688357884368
0,45080,GET,2765688357958490,2765688357959202
0,41226,PUT,2765688357891114,2765688357891795
0,41226,GET,2765688357958741,2765688357959633
0,42245,PUT,2765688357887826,2765688357888518
0,42245,GET,2765688357958761,2765688357959563
0,27675,PUT,2765688357888247,2765688357888939
0,27675,GET,2765688357958771,2765688357959553
0,36102,PUT,2765688357890763,2765688357891374
0,36102,GET,2765688357958781,2765688357959543
0,25887,PUT,2765688357887465,2765688357888157
0,25887,GET,2765688357958821,2765688357959533
0,26891,PUT,2765688357891294,2765688357891956
0,26891,GET,2765688357958861,2765688357959653
0,10522,PUT,2765688357888748,2765688357889370
0,10522,GET,2765688357958921,2765688357959613
0,26902,PUT,2765688357893429,2765688357894161
0,26902,GET,2765688357959001,2765688357959753
0,10778,PUT,2765688357889510,2765688357890202
0,10778,GET,2765688357959011,2765688357959813
0,19731,PUT,2765688357888167,2765688357888858
0,19731,GET,2765688357959031,2765688357959773
0,24076,PUT,2765688357887064,2765688357887666
0,24076,GET,2765688357959061,2765688357959783
0,43805,PUT,2765688357892176,2765688357892918
0,43805,GET,2765688357959122,2765688357959813
0,40706,PUT,2765688357889760,2765688357890382
0,40706,GET,2765688357959222,2765688357960004
0,38151,PUT,2765688357888518,2765688357889189
0,38151,GET,2765688357959222,2765688357959903
0,43293,PUT,2765688357886633,2765688357887435
0,43293,GET,2765688357959312,2765688357960124
0,46104,PUT,2765688357890091,2765688357890793
0,46104,GET,2765688357959332,2765688357960104
0,24844,PUT,2765688357894752,2765688357895424
0,24844,GET,2765688357959422,2765688357960144
0,43525,PUT,2765688357895013,2765688357895704
0,43525,GET,2765688357959432,2765688357960294
0,26635,PUT,2765688357890442,2765688357891144
0,26635,GET,2765688357959442,2765688357960435
0,42260,PUT,2765688357890041,2765688357890713
0,42260,GET,2765688357959492,2765688357960294
0,37641,PUT,2765688357887926,2765688357888698
0,37641,GET,2765688357959683,2765688357960505
0,40962,PUT,2765688357890512,2765688357891224
0,40962,GET,2765688357959693,2765688357960495
0,40202,PUT,2765688357884739,2765688357885410
0,40202,GET,2765688357959743,2765688357960515
0,42780,PUT,2765688357883757,2765688357884478
0,42780,GET,2765688357959753,2765688357960575
0,23823,PUT,2765688357888498,2765688357889109
0,23823,GET,2765688357959833,2765688357960615
0,39698,PUT,2765688357885771,2765688357886473
0,39698,GET,2765688357959843,2765688357960665
0,26399,PUT,2765688357890111,2765688357890803
0,26399,GET,2765688357959853,2765688357960675
0,26143,PUT,2765688357888297,2765688357888979
0,26143,GET,2765688357959893,2765688357960846
0,27931,PUT,2765688357889089,2765688357889740
0,27931,GET,2765688357959923,2765688357960765
0,37137,PUT,2765688357885180,2765688357885851
0,37137,GET,2765688357959943,2765688357960625
0,42501,PUT,2765688357888648,2765688357889440
0,42501,GET,2765688357960234,2765688357961016
0,24079,PUT,2765688357891094,2765688357891795
0,24079,GET,2765688357960364,2765688357961176
0,12823,PUT,2765688357887996,2765688357888668
0,12823,GET,2765688357960445,2765688357961156
0,39682,PUT,2765688357884408,2765688357885130
0,39682,GET,2765688357960495,2765688357961267
0,26646,PUT,2765688357891484,2765688357892196
0,26646,GET,2765688357960535,2765688357961307
0,43549,PUT,2765688357888467,2765688357889169
0,43549,GET,2765688357960605,2765688357961387
0,43779,PUT,2765688357892266,2765688357892888
0,43779,GET,2765688357960615,2765688357961667
0,40210,PUT,2765688357891334,2765688357892016
0,40210,GET,2765688357960625,2765688357961407
0,24588,PUT,2765688357892056,2765688357892788
0,24588,GET,2765688357960645,2765688357961427
0,37895,PUT,2765688357886824,2765688357887495
0,37895,GET,2765688357960765,2765688357961527
0,45848,PUT,2765688357889029,2765688357889961
0,45848,GET,2765688357960826,2765688357961657
0,37639,PUT,2765688357885932,2765688357886673
0,37639,GET,2765688357960836,2765688357961627
0,13079,PUT,2765688357888808,2765688357889470
0,13079,GET,2765688357960856,2765688357961698
0,39186,PUT,2765688357884117,2765688357884809
0,39186,GET,2765688357960956,2765688357961748
0,23055,PUT,2765688357886132,2765688357886794
0,23055,GET,2765688357960986,2765688357961838
0,39954,PUT,2765688357890502,2765688357891184
0,39954,GET,2765688357961146,2765688357961537
0,26390,PUT,2765688357890673,2765688357891324
0,26390,GET,2765688357961156,2765688357961888
0,36633,PUT,2765688357889821,2765688357890512
0,36633,GET,2765688357961166,2765688357961938
0,43780,PUT,2765688357891234,2765688357891895
0,43780,GET,2765688357961287,2765688357962078
0,11290,PUT,2765688357892086,2765688357892908
0,11290,GET,2765688357961317,2765688357962088
0,39701,PUT,2765688357890532,2765688357891244
0,39701,GET,2765688357961327,2765688357962139
0,13335,PUT,2765688357891605,2765688357892316
0,13335,GET,2765688357961397,2765688357962179
0,38417,PUT,2765688357892717,2765688357893399
0,38417,GET,2765688357961527,2765688357962399
0,11034,PUT,2765688357891234,2765688357891936
0,11034,GET,2765688357961537,2765688357962369
0,42250,PUT,2765688357895363,2765688357896055
0,42250,GET,2765688357961577,2765688357962439
0,44061,PUT,2765688357893078,2765688357893830
0,44061,GET,2765688357961617,2765688357962469
0,23053,PUT,2765688357885621,2765688357886292
0,23053,GET,2765688357961647,2765688357962469
0,43267,PUT,2765688357889249,2765688357889961
0,43267,GET,2765688357961667,2765688357962560
0,41738,PUT,2765688357892757,2765688357893389
0,41738,GET,2765688357961678,2765688357962489
0,34830,PUT,2765688357896055,2765688357896737
0,34830,GET,2765688357961768,2765688357962550
0,27147,PUT,2765688357892086,2765688357892567
0,27147,GET,2765688357961788,2765688357962590
0,39445,PUT,2765688357888758,2765688357889450
0,39445,GET,2765688357961798,2765688357962429
0,28187,PUT,2765688357890863,2765688357891615
0,28187,GET,2765688357961868,2765688357962760
0,25374,PUT,2765688357894371,2765688357895133
0,25374,GET,2765688357961878,2765688357962590
0,43548,PUT,2765688357896576,2765688357897288
0,43548,GET,2765688357961908,2765688357962690
0,33040,PUT,2765688357893439,2765688357894070
0,33040,GET,2765688357962209,2765688357962680
0,41482,PUT,2765688357891936,2765688357892617
0,41482,GET,2765688357962279,2765688357962981
0,37657,PUT,2765688357893549,2765688357894211
0,37657,GET,2765688357962359,2765688357963131
0,24332,PUT,2765688357890232,2765688357890903
0,24332,GET,2765688357962570,2765688357963462
0,35080,PUT,2765688357888728,2765688357889560
0,35080,GET,2765688357962590,2765688357963301
0,34062,PUT,2765688357888508,2765688357889199
0,34062,GET,2765688357962610,2765688357963341
0,43269,PUT,2765688357894141,2765688357894882
0,43269,GET,2765688357962620,2765688357963422
0,25118,PUT,2765688357893529,2765688357894241
0,25118,GET,2765688357962690,2765688357963221
0,26911,PUT,2765688357891775,2765688357892497
0,26911,GET,2765688357962720,2765688357963552
0,35086,PUT,2765688357896897,2765688357897278
0,35086,GET,2765688357962760,2765688357963582
0,26655,PUT,2765688357890953,2765688357891645
0,26655,GET,2765688357962780,2765688357963572
0,27423,PUT,2765688357894271,2765688357894963
0,27423,GET,2765688357962840,2765688357963672
0,24862,PUT,2765688357891785,2765688357892517
0,24862,GET,2765688357962900,2765688357963792
0,19987,PUT,2765688357893880,2765688357894562
0,19987,GET,2765688357963031,2765688357964123
0,42757,PUT,2765688357892357,2765688357893008
0,42757,GET,2765688357963071,2765688357963752
0,41218,PUT,2765688357895654,2765688357896276
0,41218,GET,2765688357963141,2765688357963883
0,27167,PUT,2765688357892637,2765688357893349
0,27167,GET,2765688357963161,2765688357963742
0,37897,PUT,2765688357891555,2765688357892326
0,37897,GET,2765688357963351,2765688357964183
0,24335,PUT,2765688357891946,2765688357892617
0,24335,GET,2765688357963532,2765688357964454
0,40213,PUT,2765688357896005,2765688357896687
0,40213,GET,2765688357963552,2765688357964264
0,35592,PUT,2765688357893599,2765688357894271
0,35592,GET,2765688357963602,2765688357964464
0,37145,PUT,2765688357891655,2765688357892407
0,37145,GET,2765688357963722,2765688357964334
0,39957,PUT,2765688357892326,2765688357893098
0,39957,GET,2765688357963812,2765688357964594
0,42516,PUT,2765688357892858,2765688357893579
0,42516,GET,2765688357963893,2765688357964654
0,41994,PUT,2765688357894501,2765688357895223
0,41994,GET,2765688357963943,2765688357964695
0,36614,PUT,2765688357893188,2765688357893810
0,36614,GET,2765688357963983,2765688357964845
0,38407,PUT,2765688357892848,2765688357893529
0,38407,GET,2765688357964023,2765688357964805
0,44035,PUT,2765688357893018,2765688357893660
0,44035,GET,2765688357964083,2765688357964865
0,44036,PUT,2765688357892056,2765688357892747
0,44036,GET,2765688357964113,2765688357964895
0,12314,PUT,2765688357895734,2765688357896446
0,12314,GET,2765688357964113,2765688357964985
0,44291,PUT,2765688357893800,2765688357894481
0,44291,GET,2765688357964314,2765688357964805
0,24591,PUT,2765688357894582,2765688357895263
0,24591,GET,2765688357964334,2765688357965105
0,38673,PUT,2765688357893529,2765688357894231
0,38673,GET,2765688357964364,2765688357965196
0,12058,PUT,2765688357894902,2765688357895594
0,12058,GET,2765688357964384,2765688357965075
0,13591,PUT,2765688357892447,2765688357893108
0,13591,GET,2765688357964404,2765688357965206
0,35848,PUT,2765688357895243,2765688357895875
0,35848,GET,2765688357964444,2765688357965216
0,33024,PUT,2765688357890903,2765688357892397
0,33024,GET,2765688357964564,2765688357965366
0,34318,PUT,2765688357891344,2765688357892236
0,34318,GET,2765688357964715,2765688357965516
0,25630,PUT,2765688357895273,2765688357895975
0,25630,GET,2765688357964735,2765688357965426
0,11802,PUT,2765688357893860,2765688357894772
0,11802,GET,2765688357964765,2765688357965637
0,41474,PUT,2765688357896436,2765688357897098
0,41474,GET,2765688357964795,2765688357965516
0,27414,PUT,2765688357895133,2765688357895825
0,27414,GET,2765688357964885,2765688357965717
0,11799,PUT,2765688357883827,2765688357884538
0,11799,GET,2765688357964935,2765688357965737
0,45059,PUT,2765688357897198,2765688357897799
0,45059,GET,2765688357964945,2765688357965707
0,43028,PUT,2765688357898842,2765688357899533
0,43028,GET,2765688357964995,2765688357965707
0,38169,PUT,2765688357896115,2765688357896757
0,38169,GET,2765688357964995,2765688357965777
0,38929,PUT,2765688357894361,2765688357895053
0,38929,GET,2765688357965015,2765688357965717
0,23309,PUT,2765688357893018,2765688357893740
0,23309,GET,2765688357965065,2765688357965927
0,13847,PUT,2765688357893309,2765688357894000
0,13847,GET,2765688357965206,2765688357965907
0,21267,PUT,2765688357900385,2765688357901077
0,21267,GET,2765688357965256,2765688357966028
0,28443,PUT,2765688357893800,2765688357894562
0,28443,GET,2765688357965276,2765688357966268
0,36104,PUT,2765688357896005,2765688357896687
0,36104,GET,2765688357965296,2765688357966058
0,43013,PUT,2765688357893168,2765688357894000
0,43013,GET,2765688357965356,2765688357965927
0,44548,PUT,2765688357899172,2765688357899854
0,44548,GET,2765688357965406,2765688357966198
0,35336,PUT,2765688357892587,2765688357893449
0,35336,GET,2765688357965496,2765688357966208
0,35598,PUT,2765688357898230,2765688357898932
0,35598,GET,2765688357965516,2765688357966409
0,27935,PUT,2765688357896887,2765688357897729
0,27935,GET,2765688357965557,2765688357966358
0,37913,PUT,2765688357894341,2765688357895023
0,37913,GET,2765688357965647,2765688357966429
0,33294,PUT,2765688357884969,2765688357885661
0,33294,GET,2765688357965807,2765688357966689
0,20243,PUT,2765688357895554,2765688357896246
0,20243,GET,2765688357965847,2765688357966599
0,42762,PUT,2765688357898691,2765688357899403
0,42762,GET,2765688357965867,2765688357966819
0,41986,PUT,2765688357897970,2765688357898671
0,41986,GET,2765688357965877,2765688357966739
0,41730,PUT,2765688357897238,2765688357897839
0,41730,GET,2765688357965897,2765688357966840
0,27926,PUT,2765688357898621,2765688357899313
0,27926,GET,2765688357965907,2765688357966679
0,44037,PUT,2765688357897559,2765688357898260
0,44037,GET,2765688357965947,2765688357966629
0,20755,PUT,2765688357897859,2765688357898541
0,20755,GET,2765688357965988,2765688357966769
0,26142,PUT,2765688357896927,2765688357897689
0,26142,GET,2765688357966038,2765688357966779
0,44292,PUT,2765688357893830,2765688357894552
0,44292,GET,2765688357966098,2765688357966870
0,44317,PUT,2765688357894852,2765688357895564
0,44317,GET,2765688357966158,2765688357966930
0,40714,PUT,2765688357887736,2765688357888427
0,40714,GET,2765688357966158,2765688357966940
0,44293,PUT,2765688357901247,2765688357901939
0,44293,GET,2765688357966198,2765688357967160
0,33552,PUT,2765688357897739,2765688357898431
0,33552,GET,2765688357966268,2765688357967050
0,40466,PUT,2765688357893429,2765688357894091
0,40466,GET,2765688357966338,2765688357967130
0,11546,PUT,2765688357893048,2765688357893730
0,11546,GET,2765688357966338,2765688357967110
0,20499,PUT,2765688357896396,2765688357897027
0,20499,GET,2765688357966409,2765688357967060
0,26398,PUT,2765688357899674,2765688357900355
0,26398,GET,2765688357966499,2765688357967301
0,24847,PUT,2765688357898080,2765688357898721
0,24847,GET,2765688357966549,2765688357967351
0,33792,PUT,2765688357900265,2765688357901217
0,33792,GET,2765688357966669,2765688357967331
0,44803,PUT,2765688357896336,2765688357897057
0,44803,GET,2765688357966779,2765688357967571
0,44829,PUT,2765688357898370,2765688357899192
0,44829,GET,2765688357966870,2765688357967661
0,44549,PUT,2765688357902089,2765688357902831
0,44549,GET,2765688357966900,2765688357967932
0,13594,PUT,2765688357901217,2765688357901909
0,13594,GET,2765688357966910,2765688357967762
0,43524,PUT,2765688357890332,2765688357891033
0,43524,GET,2765688357966920,2765688357967681
0,25100,PUT,2765688357896376,2765688357897138
0,25100,GET,2765688357966940,2765688357967772
0,36616,PUT,2765688357900566,2765688357901307
0,36616,GET,2765688357966960,2765688357967972
0,38425,PUT,2765688357896887,2765688357897589
0,38425,GET,2765688357967040,2765688357967832
0,41490,PUT,2765688357903001,2765688357903663
0,41490,GET,2765688357967070,2765688357968373
0,12570,PUT,2765688357897549,2765688357898360
0,12570,GET,2765688357967070,2765688357967852
0,25615,PUT,2765688357903272,2765688357903994
0,25615,GET,2765688357967170,2765688357968283
0,35342,PUT,2765688357897418,2765688357898090
0,35342,GET,2765688357967200,2765688357967882
0,28955,PUT,2765688357899243,2765688357899904
0,28955,GET,2765688357967200,2765688357967992
0,27158,PUT,2765688357894301,2765688357894993
0,27158,GET,2765688357967250,2765688357967992
0,28191,PUT,2765688357898711,2765688357899433
0,28191,GET,2765688357967381,2765688357968293
0,39185,PUT,2765688357897889,2765688357898521
0,39185,GET,2765688357967421,2765688357968213
0,43781,PUT,2765688357896747,2765688357897418
0,43781,GET,2765688357967461,2765688357968133
0,14103,PUT,2765688357895083,2765688357895764
0,14103,GET,2765688357967481,2765688357968263
0,40469,PUT,2765688357899553,2765688357900185
0,40469,GET,2765688357967531,2765688357968283
0,36358,PUT,2765688357891525,2765688357892196
0,36358,GET,2765688357967641,2765688357968313
0,21011,PUT,2765688357898681,2765688357899283
0,21011,GET,2765688357967812,2765688357968574
0,27915,PUT,2765688357899704,2765688357900475
0,27915,GET,2765688357967882,2765688357968654
0,39441,PUT,2765688357899653,2765688357900345
0,39441,GET,2765688357967892,2765688357968513
0,36870,PUT,2765688357899182,2765688357899924
0,36870,GET,2765688357967902,2765688357968784
0,40970,PUT,2765688357890382,2765688357890953
0,40970,GET,2765688357967902,2765688357968664
0,47128,PUT,2765688357903172,2765688357903873
0,47128,GET,2765688357967982,2765688357968864
0,26654,PUT,2765688357900495,2765688357901207
0,26654,GET,2765688357968082,2765688357968894
0,34304,PUT,2765688357904956,2765688357905868
0,34304,GET,2765688357968112,2765688357968954
0,28699,PUT,2765688357898391,2765688357899092
0,28699,GET,2765688357968122,2765688357968844
0,37401,PUT,2765688357892537,2765688357893419
0,37401,GET,2765688357968133,2765688357968934
0,43530,PUT,2765688357901969,2765688357902670
0,43530,GET,2765688357968233,2765688357968804
0,25103,PUT,2765688357899774,2765688357900475
0,25103,GET,2765688357968333,2765688357969035
0,34574,PUT,2765688357893369,2765688357893990
0,34574,GET,2765688357968403,2765688357969115
0,43018,PUT,2765688357900385,2765688357901017
0,43018,GET,2765688357968433,2765688357969175
0,21523,PUT,2765688357901207,2765688357901919
0,21523,GET,2765688357968503,2765688357969285
0,13338,PUT,2765688357900385,2765688357901087
0,13338,GET,2765688357968553,2765688357969185
0,33296,PUT,2765688357896887,2765688357897589
0,33296,GET,2765688357968624,2765688357969405
0,27679,PUT,2765688357895103,2765688357895794
0,27679,GET,2765688357968664,2765688357969456
0,40722,PUT,2765688357898661,2765688357899373
0,40722,GET,2765688357968754,2765688357969486
0,33808,PUT,2765688357900425,2765688357901187
0,33808,GET,2765688357968814,2765688357969526
0,44547,PUT,2765688357895544,2765688357896195
0,44547,GET,2765688357968854,2765688357969676
0,25886,PUT,2765688357896105,2765688357896787
0,25886,GET,2765688357968894,2765688357969586
0,25356,PUT,2765688357900997,2765688357901678
0,25356,GET,2765688357968904,2765688357969736
0,43274,PUT,2765688357901157,2765688357901839
0,43274,GET,2765688357969055,2765688357969947
0,42506,PUT,2765688357896195,2765688357896787
0,42506,GET,2765688357969075,2765688357969877
0,12826,PUT,2765688357898491,2765688357899413
0,12826,GET,2765688357969185,2765688357969877
0,46616,PUT,2765688357901498,2765688357902199
0,46616,GET,2765688357969255,2765688357970067
0,25612,PUT,2765688357901829,2765688357902500
0,25612,GET,2765688357969295,2765688357970107
0,40209,PUT,2765688357903091,2765688357903753
0,40209,GET,2765688357969305,2765688357970117
0,42772,PUT,2765688357896155,2765688357896877
0,42772,GET,2765688357969315,2765688357970127
0,43284,PUT,2765688357899694,2765688357900335
0,43284,GET,2765688357969415,2765688357969977
0,38937,PUT,2765688357898551,2765688357899463
0,38937,GET,2765688357969436,2765688357970207
0,23565,PUT,2765688357899222,2765688357899884
0,23565,GET,2765688357969536,2765688357970358
0,37382,PUT,2765688357901869,2765688357902560
0,37382,GET,2765688357969596,2765688357970408
0,45315,PUT,2765688357899914,2765688357900556
0,45315,GET,2765688357969636,2765688357970398
0,29211,PUT,2765688357900044,2765688357900756
0,29211,GET,2765688357969656,2765688357970488
0,46360,PUT,2765688357900596,2765688357901297
0,46360,GET,2765688357969666,2765688357970478
0,24333,PUT,2765688357902590,2765688357903272
0,24333,GET,2765688357969816,2765688357970628
0,43804,PUT,2765688357899343,2765688357900044
0,43804,GET,2765688357969826,2765688357970608
0,36360,PUT,2765688357898801,2765688357899483
0,36360,GET,2765688357969927,2765688357970698
0,43796,PUT,2765688357902310,2765688357902991
0,43796,GET,2765688357969957,2765688357970739
0,22291,PUT,2765688357904625,2765688357905156
0,22291,GET,2765688357969967,2765688357970618
0,33280,PUT,2765688357896907,2765688357897819
0,33280,GET,2765688357970007,2765688357970759
0,37894,PUT,2765688357904445,2765688357905136
0,37894,GET,2765688357970007,2765688357970789
0,38681,PUT,2765688357897729,2765688357898411
0,38681,GET,2765688357970017,2765688357970799
0,37126,PUT,2765688357901027,2765688357901708
0,37126,GET,2765688357970037,2765688357970799
0,29467,PUT,2765688357900886,2765688357901608
0,29467,GET,2765688357970097,2765688357970909
0,45571,PUT,2765688357901628,2765688357902310
0,45571,GET,2765688357970107,2765688357970929
0,28182,PUT,2765688357900375,2765688357901177
0,28182,GET,2765688357970117,2765688357970879
0,40978,PUT,2765688357899523,2765688357900145
0,40978,GET,2765688357970127,2765688357970969
0,28694,PUT,2765688357903132,2765688357903783
0,28694,GET,2765688357970197,2765688357970949
0,41234,PUT,2765688357901267,2765688357901959
0,41234,GET,2765688357970247,2765688357971059
0,27670,PUT,2765688357896787,2765688357897488
0,27670,GET,2765688357970247,2765688357971079
0,33536,PUT,2765688357899122,2765688357900054
0,33536,GET,2765688357970257,2765688357971059
0,41746,PUT,2765688357903793,2765688357904415
0,41746,GET,2765688357970388,2765688357971069
0,13082,PUT,2765688357899543,2765688357900255
0,13082,GET,2765688357970528,2765688357971460
0,29723,PUT,2765688357902600,2765688357903352
0,29723,GET,2765688357970598,2765688357971330
0,46872,PUT,2765688357902340,2765688357903041
0,46872,GET,2765688357970618,2765688357971310
0,28438,PUT,2765688357902310,2765688357903001
0,28438,GET,2765688357970698,2765688357971691
0,39953,PUT,2765688357902260,2765688357902951
0,39953,GET,2765688357970739,2765688357971550
0,25868,PUT,2765688357902630,2765688357903312
0,25868,GET,2765688357970889,2765688357971581
0,22035,PUT,2765688357903773,2765688357904495
0,22035,GET,2765688357970899,2765688357971681
0,44316,PUT,2765688357902941,2765688357903653
0,44316,GET,2765688357970919,2765688357971631
0,28171,PUT,2765688357900626,2765688357901327
0,28171,GET,2765688357971099,2765688357971991
0,36110,PUT,2765688357903603,2765688357904204
0,36110,GET,2765688357971109,2765688357971871
0,44060,PUT,2765688357902089,2765688357902781
0,44060,GET,2765688357971180,2765688357971981
0,35854,PUT,2765688357900064,2765688357900756
0,35854,GET,2765688357971280,2765688357972072
0,40465,PUT,2765688357904825,2765688357905457
0,40465,GET,2765688357971420,2765688357972042
0,39697,PUT,2765688357900505,2765688357901267
0,39697,GET,2765688357971480,2765688357972202
0,44805,PUT,2765688357903883,2765688357904555
0,44805,GET,2765688357971570,2765688357972342
0,13850,PUT,2765688357902991,2765688357903683
0,13850,GET,2765688357971701,2765688357972292
0,23821,PUT,2765688357900034,2765688357900716
0,23821,GET,2765688357971711,2765688357972463
0,25871,PUT,2765688357904154,2765688357904675
0,25871,GET,2765688357971761,2765688357972603
0,25101,PUT,2765688357907031,2765688357907582
0,25101,GET,2765688357971771,2765688357972483
0,14359,PUT,2765688357901398,2765688357902099
0,14359,GET,2765688357971831,2765688357972603
0,38150,PUT,2765688357907311,2765688357907983
0,38150,GET,2765688357971901,2765688357972673
0,26127,PUT,2765688357904815,2765688357905527
0,26127,GET,2765688357971991,2765688357972683
0,24589,PUT,2765688357903412,2765688357904104
0,24589,GET,2765688357971991,2765688357972723
0,36366,PUT,2765688357906159,2765688357906710
0,36366,GET,2765688357972132,2765688357973004
0,40725,PUT,2765688357901287,2765688357901959
0,40725,GET,2765688357972152,2765688357973014
0,30235,PUT,2765688357905196,2765688357905888
0,30235,GET,2765688357972152,2765688357972964
0,25359,PUT,2765688357901548,2765688357902159
0,25359,GET,2765688357972172,2765688357972954
0,47384,PUT,2765688357904976,2765688357905677
0,47384,GET,2765688357972242,2765688357973024
0,28939,PUT,2765688357905066,2765688357905687
0,28939,GET,2765688357972282,2765688357972813
0,34048,PUT,2765688357903773,2765688357904745
0,34048,GET,2765688357972292,2765688357973104
0,26636,PUT,2765688357909597,2765688357910278
0,26636,GET,2765688357972422,2765688357972994
0,26910,PUT,2765688357902330,2765688357903182
0,26910,GET,2765688357972553,2765688357973274
0,41493,PUT,2765688357905908,2765688357906590
0,41493,GET,2765688357972603,2765688357973295
0,45085,PUT,2765688357903081,2765688357903843
0,45085,GET,2765688357972673,2765688357973455
0,44804,PUT,2765688357904735,2765688357905617
0,44804,GET,2765688357972753,2765688357973555
0,26380,PUT,2765688357907923,2765688357908544
0,26380,GET,2765688357972864,2765688357973726
0,14874,PUT,2765688357906289,2765688357906970
0,14874,GET,2765688357972864,2765688357973645
0,36872,PUT,2765688357904174,2765688357904856
0,36872,GET,2765688357972894,2765688357973776
0,24077,PUT,2765688357901768,2765688357902460
0,24077,GET,2765688357972954,2765688357973565
0,44572,PUT,2765688357906529,2765688357907281
0,44572,GET,2765688357973024,2765688357973826
0,40981,PUT,2765688357903051,2765688357903723
0,40981,GET,2765688357973064,2765688357973836
0,34832,PUT,2765688357905567,2765688357906229
0,34832,GET,2765688357973084,2765688357973886
0,25869,PUT,2765688357909356,2765688357909877
0,25869,GET,2765688357973134,2765688357974157
0,14362,PUT,2765688357904645,2765688357905327
0,14362,GET,2765688357973134,2765688357973916
0,28703,PUT,2765688357904044,2765688357904765
0,28703,GET,2765688357973174,2765688357974116
0,38153,PUT,2765688357907151,2765688357907863
0,38153,GET,2765688357973254,2765688357974056
0,43540,PUT,2765688357900475,2765688357901237
0,43540,GET,2765688357973274,2765688357974106
0,45829,PUT,2765688357908153,2765688357908825
0,45829,GET,2765688357973315,2765688357974106
0,27678,PUT,2765688357907301,2765688357908023
0,27678,GET,2765688357973365,2765688357974277
0,28959,PUT,2765688357904916,2765688357905617
0,28959,GET,2765688357973405,2765688357974177
0,29195,PUT,2765688357909767,2765688357910609
0,29195,GET,2765688357973435,2765688357974387
0,34576,PUT,2765688357904775,2765688357905437
0,34576,GET,2765688357973505,2765688357974267
0,27166,PUT,2765688357903322,2765688357903953
0,27166,GET,2765688357973515,2765688357974297
0,45341,PUT,2765688357904996,2765688357905698
0,45341,GET,2765688357973605,2765688357974387
0,45061,PUT,2765688357905667,2765688357906359
0,45061,GET,2765688357973615,2765688357974457
0,30747,PUT,2765688357906850,2765688357907542
0,30747,GET,2765688357973655,2765688357974337
0,14618,PUT,2765688357905467,2765688357906149
0,14618,GET,2765688357973685,2765688357974487
0,14106,PUT,2765688357903823,2765688357904505
0,14106,GET,2765688357973695,2765688357974497
0,28427,PUT,2765688357902410,2765688357903152
0,28427,GET,2765688357973856,2765688357974758
0,41237,PUT,2765688357903883,2765688357904805
0,41237,GET,2765688357973856,2765688357974648
0,22547,PUT,2765688357905297,2765688357905958
0,22547,GET,2765688357973866,2765688357974407
0,41749,PUT,2765688357906730,2765688357907442
0,41749,GET,2765688357973966,2765688357974928
0,37638,PUT,2765688357903633,2765688357904314
0,37638,GET,2765688357973966,2765688357974818
0,29215,PUT,2765688357906570,2765688357907361
0,29215,GET,2765688357973966,2765688357974738
0,46595,PUT,2765688357907853,2765688357908805
0,46595,GET,2765688357974056,2765688357974888
0,39193,PUT,2765688357905297,2765688357906048
0,39193,GET,2765688357974197,2765688357975109
0,27422,PUT,2765688357904094,2765688357904886
0,27422,GET,2765688357974247,2765688357975029
0,47640,PUT,2765688357906800,2765688357907492
0,47640,GET,2765688357974257,2765688357975019
0,46085,PUT,2765688357909797,2765688357910378
0,46085,GET,2765688357974267,2765688357975099
0,45597,PUT,2765688357906780,2765688357907411
0,45597,GET,2765688357974287,2765688357975109
0,34064,PUT,2765688357903111,2765688357903803
0,34064,GET,2765688357974327,2765688357975169
0,28683,PUT,2765688357904204,2765688357904936
0,28683,GET,2765688357974427,2765688357975199
0,47896,PUT,2765688357908574,2765688357909286
0,47896,GET,2765688357974487,2765688357975259
0,40721,PUT,2765688357906519,2765688357907191
0,40721,GET,2765688357974527,2765688357975199
0,45060,PUT,2765688357906640,2765688357907311
0,45060,GET,2765688357974567,2765688357975279
0,27934,PUT,2765688357908153,2765688357908845
0,27934,GET,2765688357974648,2765688357975450
0,44308,PUT,2765688357907542,2765688357908223
0,44308,GET,2765688357974828,2765688357975610
0,43786,PUT,2765688357905246,2765688357905988
0,43786,GET,2765688357974868,2765688357975670
0,31003,PUT,2765688357908704,2765688357909426
0,31003,GET,2765688357974908,2765688357975770
0,46083,PUT,2765688357906199,2765688357906910
0,46083,GET,2765688357974938,2765688357975640
0,37640,PUT,2765688357907622,2765688357908213
0,37640,GET,2765688357974958,2765688357975830
0,14871,PUT,2765688357906960,2765688357907672
0,14871,GET,2765688357975019,2765688357975700
0,26383,PUT,2765688357906600,2765688357907361
0,26383,GET,2765688357975159,2765688357976201
0,48152,PUT,2765688357909416,2765688357910118
0,48152,GET,2765688357975169,2765688357976001
0,38409,PUT,2765688357909055,2765688357909797
0,38409,GET,2765688357975209,2765688357976011
0,46851,PUT,2765688357908945,2765688357909607
0,46851,GET,2765688357975259,2765688357976251
0,29206,PUT,2765688357907672,2765688357908474
0,29206,GET,2765688357975259,2765688357976041
0,45076,PUT,2765688357910048,2765688357910749
0,45076,GET,2765688357975289,2765688357976161
0,38918,PUT,2765688357913496,2765688357914277
0,38918,GET,2765688357975329,2765688357976281
0,24845,PUT,2765688357905076,2765688357905798
0,24845,GET,2765688357975329,2765688357976041
0,26639,PUT,2765688357907492,2765688357908153
0,26639,GET,2765688357975369,2765688357975981
0,34320,PUT,2765688357903953,2765688357904635
0,34320,GET,2765688357975389,2765688357976161
0,21779,PUT,2765688357902941,2765688357903643
0,21779,GET,2765688357975419,2765688357976231
0,30491,PUT,2765688357906018,2765688357906710
0,30491,GET,2765688357975470,2765688357976271
0,45316,PUT,2765688357907462,2765688357908143
0,45316,GET,2765688357975550,2765688357976412
0,28950,PUT,2765688357904896,2765688357905597
0,28950,GET,2765688357975590,2765688357976281
0,42754,PUT,2765688357911641,2765688357912323
0,42754,GET,2765688357975770,2765688357976542
0,36622,PUT,2765688357907782,2765688357908464
0,36622,GET,2765688357975820,2765688357976572
0,16154,PUT,2765688357911160,2765688357911872
0,16154,GET,2765688357975860,2765688357976763
0,44052,PUT,2765688357905868,2765688357906560
0,44052,GET,2765688357975931,2765688357976482
0,34816,PUT,2765688357909807,2765688357910729
0,34816,GET,2765688357976001,2765688357976773
0,37384,PUT,2765688357906810,2765688357907482
0,37384,GET,2765688357976131,2765688357976823
0,28447,PUT,2765688357900345,2765688357901037
0,28447,GET,2765688357976131,2765688357976803
0,44828,PUT,2765688357908364,2765688357909055
0,44828,GET,2765688357976131,2765688357976893
0,31515,PUT,2765688357910398,2765688357911080
0,31515,GET,2765688357976141,2765688357976923
0,45317,PUT,2765688357906489,2765688357907251
0,45317,GET,2765688357976181,2765688357976893
0,42002,PUT,2765688357906439,2765688357907061
0,42002,GET,2765688357976281,2765688357977163
0,29471,PUT,2765688357907492,2765688357908243
0,29471,GET,2765688357976301,2765688357977133
0,42258,PUT,2765688357907191,2765688357907832
0,42258,GET,2765688357976362,2765688357977174
0,39449,PUT,2765688357910729,2765688357911371
0,39449,GET,2765688357976402,2765688357977254
0,28190,PUT,2765688357909867,2765688357910469
0,28190,GET,2765688357976412,2765688357977354
0,44042,PUT,2765688357908043,2765688357908735
0,44042,GET,2765688357976562,2765688357977324
0,46339,PUT,2765688357907051,2765688357907722
0,46339,GET,2765688357976953,2765688357977665
0,37128,PUT,2765688357905888,2765688357906660
0,37128,GET,2765688357976973,2765688357977765
0,22803,PUT,2765688357907943,2765688357908644
0,22803,GET,2765688357977023,2765688357977805
0,35072,PUT,2765688357910920,2765688357911531
0,35072,GET,2765688357977043,2765688357977815
0,45853,PUT,2765688357907562,2765688357908294
0,45853,GET,2765688357977264,2765688357978156
0,42498,PUT,2765688357909055,2765688357909717
0,42498,GET,2765688357977294,2765688357978136
0,46621,PUT,2765688357913876,2765688357914558
0,46621,GET,2765688357977304,2765688357978226
0,15386,PUT,2765688357908915,2765688357909607
0,15386,GET,2765688357977384,2765688357978186
0,44564,PUT,2765688357908384,2765688357909085
0,44564,GET,2765688357977494,2765688357978316
0,15642,PUT,2765688357909747,2765688357910328
0,15642,GET,2765688357977504,2765688357978517
0,26381,PUT,2765688357910789,2765688357911471
0,26381,GET,2765688357977564,2765688357978456
0,26895,PUT,2765688357908294,2765688357908935
0,26895,GET,2765688357977625,2765688357978336
0,46365,PUT,2765688357911120,2765688357911802
0,46365,GET,2765688357977685,2765688357978477
0,44554,PUT,2765688357909637,2765688357910308
0,44554,GET,2765688357977815,2765688357978577
0,46341,PUT,2765688357910509,2765688357911140
0,46341,GET,2765688357977895,2765688357978557
0,25357,PUT,2765688357907712,2765688357908394
0,25357,GET,2765688357977895,2765688357978707
0,40977,PUT,2765688357910158,2765688357910859
0,40977,GET,2765688357977895,2765688357978667
0,42773,PUT,2765688357913025,2765688357913726
0,42773,GET,2765688357977905,2765688357978697
0,29979,PUT,2765688357903492,2765688357904244
0,29979,GET,2765688357977945,2765688357978707
0,23571,PUT,2765688357911551,2765688357912263
0,23571,GET,2765688357978166,2765688357978968
0,38663,PUT,2765688357908123,2765688357908805
0,38663,GET,2765688357978196,2765688357978898
0,23315,PUT,2765688357909617,2765688357910298
0,23315,GET,2765688357978226,2765688357978928
0,26125,PUT,2765688357910008,2765688357910659
0,26125,GET,2765688357978276,2765688357979138
0,41233,PUT,2765688357911942,2765688357912624
0,41233,GET,2765688357978286,2765688357979088
0,47363,PUT,2765688357912203,2765688357912884
0,47363,GET,2765688357978296,2765688357979068
0,35088,PUT,2765688357910599,2765688357911391
0,35088,GET,2765688357978336,2765688357979138
0,47107,PUT,2765688357911581,2765688357912072
0,47107,GET,2765688357978396,2765688357979228
0,14615,PUT,2765688357905166,2765688357905848
0,14615,GET,2765688357978446,2765688357979278
0,29451,PUT,2765688357911681,2765688357912273
0,29451,GET,2765688357978477,2765688357979248
0,44820,PUT,2765688357909216,2765688357909907
0,44820,GET,2765688357978627,2765688357979409
0,42770,PUT,2765688357912594,2765688357913205
0,42770,GET,2765688357978687,2765688357979529
0,45827,PUT,2765688357905206,2765688357906048
0,45827,GET,2765688357978707,2765688357979519
0,16410,PUT,2765688357912012,2765688357912734
0,16410,GET,2765688357978727,2765688357979519
0,38406,PUT,2765688357911802,2765688357912473
0,38406,GET,2765688357978777,2765688357979559
0,41489,PUT,2765688357912774,2765688357913435
0,41489,GET,2765688357978807,2765688357979810
0,44810,PUT,2765688357910439,2765688357911060
0,44810,GET,2765688357978827,2765688357979619
0,38919,PUT,2765688357910709,2765688357911331
0,38919,GET,2765688357979088,2765688357979790
0,15127,PUT,2765688357907822,2765688357908474
0,15127,GET,2765688357979108,2765688357979910
0,45573,PUT,2765688357907381,2765688357908023
0,45573,GET,2765688357979218,2765688357980050
0,32539,PUT,2765688357914588,2765688357915300
0,32539,GET,2765688357979218,2765688357980040
0,42514,PUT,2765688357910799,2765688357911441
0,42514,GET,2765688357979268,2765688357979950
0,38665,PUT,2765688357910900,2765688357911601
0,38665,GET,2765688357979449,2765688357980301
0,46109,PUT,2765688357909336,2765688357910008
0,46109,GET,2765688357979519,2765688357980211
0,36878,PUT,2765688357912353,2765688357913045
0,36878,GET,2765688357979649,2765688357980491
0,15895,PUT,2765688357914618,2765688357915290
0,15895,GET,2765688357979659,2765688357980451
0,46597,PUT,2765688357911280,2765688357911952
0,46597,GET,2765688357979669,2765688357980431
0,38152,PUT,2765688357913776,2765688357914458
0,38152,GET,2765688357979679,2765688357980391
0,29707,PUT,2765688357912433,2765688357913105
0,29707,GET,2765688357979679,2765688357980481
0,32027,PUT,2765688357912904,2765688357913616
0,32027,GET,2765688357979699,2765688357980611
0,15130,PUT,2765688357908073,2765688357908775
0,15130,GET,2765688357979729,2765688357980511
0,25613,PUT,2765688357908534,2765688357909216
0,25613,GET,2765688357979870,2765688357980591
0,48408,PUT,2765688357911200,2765688357911902
0,48408,GET,2765688357979940,2765688357980822
0,29470,PUT,2765688357919008,2765688357919710
0,29470,GET,2765688357980020,2765688357981053
0,26124,PUT,2765688357907111,2765688357907772
0,26124,GET,2765688357980040,2765688357980832
0,39433,PUT,2765688357914909,2765688357915611
0,39433,GET,2765688357980050,2765688357980822
0,30219,PUT,2765688357917715,2765688357918397
0,30219,GET,2765688357980080,2765688357980902
0,28446,PUT,2765688357912573,2765688357913285
0,28446,GET,2765688357980140,2765688357980752
0,42261,PUT,2765688357911351,2765688357912072
0,42261,GET,2765688357980170,2765688357980852
0,45572,PUT,2765688357908284,2765688357908935
0,45572,GET,2765688357980241,2765688357981012
0,31771,PUT,2765688357912193,2765688357912764
0,31771,GET,2765688357980341,2765688357981133
0,24595,PUT,2765688357916703,2765688357917415
0,24595,GET,2765688357980371,2765688357981123
0,44298,PUT,2765688357908885,2765688357909496
0,44298,GET,2765688357980521,2765688357981303
0,45084,PUT,2765688357912163,2765688357912884
0,45084,GET,2765688357980531,2765688357981343
0,26893,PUT,2765688357913466,2765688357914237
0,26893,GET,2765688357980551,2765688357981443
0,34560,PUT,2765688357908444,2765688357909597
0,34560,GET,2765688357980581,2765688357981353
0,48131,PUT,2765688357916573,2765688357917184
0,48131,GET,2765688357980632,2765688357981323
0,40217,PUT,2765688357916964,2765688357917655
0,40217,GET,2765688357980642,2765688357981514
0,24083,PUT,2765688357914127,2765688357914809
0,24083,GET,2765688357980652,2765688357981413
0,16922,PUT,2765688357914548,2765688357915250
0,16922,GET,2765688357980652,2765688357981423
0,15898,PUT,2765688357910469,2765688357911010
0,15898,GET,2765688357980792,2765688357981614
0,29462,PUT,2765688357915250,2765688357915971
0,29462,GET,2765688357980952,2765688357981754
0,29718,PUT,2765688357917014,2765688357917495
0,29718,GET,2765688357980972,2765688357981744
0,24339,PUT,2765688357915891,2765688357916573
0,24339,GET,2765688357981053,2765688357981925
0,39961,PUT,2765688357916122,2765688357916823
0,39961,GET,2765688357981113,2765688357981985
0,38662,PUT,2765688357912634,2765688357913365
0,38662,GET,2765688357981253,2765688357982235
0,27407,PUT,2765688357913556,2765688357914358
0,27407,GET,2765688357981273,2765688357982125
0,46853,PUT,2765688357912082,2765688357912844
0,46853,GET,2765688357981283,2765688357982055
0,30495,PUT,2765688357917335,2765688357917946
0,30495,GET,2765688357981393,2765688357982095
0,38664,PUT,2765688357916382,2765688357917064
0,38664,GET,2765688357981473,2765688357982245
0,42005,PUT,2765688357910449,2765688357911200
0,42005,GET,2765688357981484,2765688357982346
0,32283,PUT,2765688357913746,2765688357914448
0,32283,GET,2765688357981514,2765688357982185
0,37896,PUT,2765688357912994,2765688357913626
0,37896,GET,2765688357981554,2765688357982295
0,31259,PUT,2765688357909556,2765688357910268
0,31259,GET,2765688357981574,2765688357982325
0,43029,PUT,2765688357914819,2765688357915550
0,43029,GET,2765688357981594,2765688357982596
0,37134,PUT,2765688357913195,2765688357913876
0,37134,GET,2765688357981674,2765688357982506
0,43010,PUT,2765688357912483,2765688357913165
0,43010,GET,2765688357981814,2765688357982496
0,16151,PUT,2765688357915430,2765688357916072
0,16151,GET,2765688357981884,2765688357982626
0,29727,PUT,2765688357914759,2765688357915470
0,29727,GET,2765688357981925,2765688357982566
0,47619,PUT,2765688357914929,2765688357915621
0,47619,GET,2765688357981935,2765688357982756
0,26637,PUT,2765688357912684,2765688357913335
0,26637,GET,2765688357981975,2765688357982756
0,15383,PUT,2765688357912263,2765688357913065
0,15383,GET,2765688357982105,2765688357982797
0,29963,PUT,2765688357913235,2765688357913927
0,29963,GET,2765688357982135,2765688357982927
0,27916,PUT,2765688357915390,2765688357916132
0,27916,GET,2765688357982135,2765688357983027
0,41745,PUT,2765688357917194,2765688357917856
0,41745,GET,2765688357982185,2765688357983037
0,37390,PUT,2765688357914989,2765688357915681
0,37390,GET,2765688357982416,2765688357983198
0,27660,PUT,2765688357914578,2765688357915250
0,27660,GET,2765688357982456,2765688357983218
0,47365,PUT,2765688357915611,2765688357916292
0,47365,GET,2765688357982546,2765688357983338
0,26892,PUT,2765688357911290,2765688357911952
0,26892,GET,2765688357982606,2765688357983198
0,42242,PUT,2765688357908103,2765688357908845
0,42242,GET,2765688357982716,2765688357983548
0,17178,PUT,2765688357915390,2765688357916001
0,17178,GET,2765688357982726,2765688357983518
0,35328,PUT,2765688357913045,2765688357913947
0,35328,GET,2765688357982767,2765688357983548
0,39175,PUT,2765688357911491,2765688357912173
0,39175,GET,2765688357982767,2765688357983528
0,15639,PUT,2765688357913736,2765688357914458
0,15639,GET,2765688357982907,2765688357983588
0,45578,PUT,2765688357917455,2765688357918217
0,45578,GET,2765688357983137,2765688357983799
0,38921,PUT,2765688357913486,2765688357914097
0,38921,GET,2765688357983167,2765688357983939
0,47133,PUT,2765688357915611,2765688357916312
0,47133,GET,2765688357983228,2765688357983919
0,43797,PUT,2765688357917365,2765688357918066
0,43797,GET,2765688357983358,2765688357984150
0,27404,PUT,2765688357913746,2765688357914438
0,27404,GET,2765688357983598,2765688357984420
0,43522,PUT,2765688357918317,2765688357918868
0,43522,GET,2765688357983669,2765688357984440
0,45340,PUT,2765688357913035,2765688357913746
0,45340,GET,2765688357983669,2765688357984531
0,36096,PUT,2765688357920301,2765688357921214
0,36096,GET,2765688357983679,2765688357984400
0,39687,PUT,2765688357915961,2765688357916733
0,39687,GET,2765688357983689,2765688357984531
0,39177,PUT,2765688357914247,2765688357914769
0,39177,GET,2765688357983769,2765688357984541
0,39431,PUT,2765688357914217,2765688357914899
0,39431,GET,2765688357984039,2765688357984841
0,39689,PUT,2765688357919991,2765688357920712
0,39689,GET,2765688357984080,2765688357984861
0,27148,PUT,2765688357912934,2765688357913616
0,27148,GET,2765688357984140,2765688357984952
0,48664,PUT,2765688357912032,2765688357912804
0,48664,GET,2765688357984180,2765688357984601
0,45596,PUT,2765688357913876,2765688357914578
0,45596,GET,2765688357984210,2765688357984771
0,49176,PUT,2765688357917645,2765688357918327
0,49176,GET,2765688357984220,2765688357984901
0,27663,PUT,2765688357916202,2765688357916863
0,27663,GET,2765688357984390,2765688357985152
0,29983,PUT,2765688357915631,2765688357916342
0,29983,GET,2765688357984410,2765688357985112
0,27149,PUT,2765688357916422,2765688357917004
0,27149,GET,2765688357984571,2765688357985433
0,25107,PUT,2765688357918307,2765688357918978
0,25107,GET,2765688357984761,2765688357985573
0,48920,PUT,2765688357916813,2765688357917485
0,48920,GET,2765688357984771,2765688357985693
0,23059,PUT,2765688357908775,2765688357909476
0,23059,GET,2765688357984871,2765688357985663
0,47877,PUT,2765688357917254,2765688357917876
0,47877,GET,2765688357984891,2765688357985663
0,32795,PUT,2765688357915440,2765688357916162
0,32795,GET,2765688357984962,2765688357985753
0,29974,PUT,2765688357917645,2765688357918327
0,29974,GET,2765688357985042,2765688357985804
0,17434,PUT,2765688357919229,2765688357919941
0,17434,GET,2765688357985102,2765688357985894
0,38920,PUT,2765688357919099,2765688357919780
0,38920,GET,2765688357985262,2765688357986044
0,25363,PUT,2765688357919119,2765688357919810
0,25363,GET,2765688357985282,2765688357986054
0,29214,PUT,2765688357915210,2765688357915921
0,29214,GET,2765688357985292,2765688357986154
0,43026,PUT,2765688357916182,2765688357916863
0,43026,GET,2765688357985383,2765688357986014
0,49432,PUT,2765688357918457,2765688357919139
0,49432,GET,2765688357985443,2765688357986114
0,35840,PUT,2765688357919139,2765688357920111
0,35840,GET,2765688357985493,2765688357986285
0,47621,PUT,2765688357916432,2765688357917114
0,47621,GET,2765688357985543,2765688357986355
0,37902,PUT,2765688357920362,2765688357920983
0,37902,GET,2765688357985563,2765688357986425
0,23827,PUT,2765688357913325,2765688357913997
0,23827,GET,2765688357985573,2765688357986345
0,17690,PUT,2765688357920091,2765688357920522
0,17690,GET,2765688357985573,2765688357986395
0,42517,PUT,2765688357912203,2765688357912894
0,42517,GET,2765688357985633,2765688357986225
0,16407,PUT,2765688357917084,2765688357917725
0,16407,GET,2765688357985663,2765688357986465
0,47645,PUT,2765688357918377,2765688357919069
0,47645,GET,2765688357985814,2765688357986595
0,48643,PUT,2765688357920993,2765688357921655
0,48643,GET,2765688357985854,2765688357986756
0,40473,PUT,2765688357918658,2765688357919349
0,40473,GET,2765688357985864,2765688357986595
0,30751,PUT,2765688357919038,2765688357919680
0,30751,GET,2765688357985904,2765688357986726
0,16666,PUT,2765688357912864,2765688357913536
0,16666,GET,2765688357986014,2765688357986696
0,43285,PUT,2765688357915691,2765688357916362
0,43285,GET,2765688357986184,2765688357987006
0,43266,PUT,2765688357916753,2765688357917284
0,43266,GET,2765688357986255,2765688357987036
0,39705,PUT,2765688357915280,2765688357915971
0,39705,GET,2765688357986365,2765688357987167
0,43282,PUT,2765688357917926,2765688357918618
0,43282,GET,2765688357986555,2765688357987508
0,46877,PUT,2765688357914708,2765688357915480
0,46877,GET,2765688357986605,2765688357987497
0,30731,PUT,2765688357920352,2765688357921003
0,30731,GET,2765688357986615,2765688357987528
0,28428,PUT,2765688357919850,2765688357920522
0,28428,GET,2765688357986625,2765688357987387
0,44034,PUT,2765688357920773,2765688357921454
0,44034,GET,2765688357986726,2765688357987618
0,27151,PUT,2765688357912734,2765688357913405
0,27151,GET,2765688357986736,2765688357987187
0,27661,PUT,2765688357921725,2765688357922366
0,27661,GET,2765688357986746,2765688357987638
0,37646,PUT,2765688357915811,2765688357916583
0,37646,GET,2765688357986796,2765688357987568
0,45332,PUT,2765688357915741,2765688357916442
0,45332,GET,2765688357986856,2765688357987608
0,47109,PUT,2765688357914839,2765688357915480
0,47109,GET,2765688357986866,2765688357987678
0,48389,PUT,2765688357920632,2765688357921314
0,48389,GET,2765688357986906,2765688357987698
0,48133,PUT,2765688357918918,2765688357919590
0,48133,GET,2765688357986976,2765688357987808
0,24851,PUT,2765688357917545,2765688357918166
0,24851,GET,2765688357987187,2765688357987969
0,45588,PUT,2765688357918337,2765688357919219
0,45588,GET,2765688357987197,2765688357987979
0,40199,PUT,2765688357920462,2765688357921113
0,40199,GET,2765688357987227,2765688357988009
0,28958,PUT,2765688357914318,2765688357915079
0,28958,GET,2765688357987327,2765688357988059
0,39430,PUT,2765688357920051,2765688357920773
0,39430,GET,2765688357987357,2765688357988149
0,43778,PUT,2765688357919931,2765688357920612
0,43778,GET,2765688357987387,2765688357988079
0,16663,PUT,2765688357917856,2765688357918567
0,16663,GET,2765688357987508,2765688357988259
0,45844,PUT,2765688357920281,2765688357920963
0,45844,GET,2765688357987618,2765688357988610
0,25619,PUT,2765688357920853,2765688357921594
0,25619,GET,2765688357987658,2765688357988540
0,47389,PUT,2765688357916452,2765688357917274
0,47389,GET,2765688357987688,2765688357988450
0,28702,PUT,2765688357913415,2765688357914177
0,28702,GET,2765688357987708,2765688357988420
0,47901,PUT,2765688357920291,2765688357920983
0,47901,GET,2765688357987748,2765688357988510
0,38408,PUT,2765688357914588,2765688357915290
0,38408,GET,2765688357987778,2765688357988710
0,28172,PUT,2765688357918016,2765688357918758
0,28172,GET,2765688357987798,2765688357988520
0,30742,PUT,2765688357922005,2765688357922697
0,30742,GET,2765688357987808,2765688357988640
0,42001,PUT,2765688357918928,2765688357919560
0,42001,GET,2765688357987848,2765688357988750
0,43541,PUT,2765688357916493,2765688357917234
0,43541,GET,2765688357987959,2765688357988821
0,40729,PUT,2765688357921494,2765688357922156
0,40729,GET,2765688357987969,2765688357988831
0,27919,PUT,2765688357917936,2765688357918738
0,27919,GET,2765688357987989,2765688357988801
0,48387,PUT,2765688357920221,2765688357920833
0,48387,GET,2765688357988039,2765688357988821
0,29982,PUT,2765688357922707,2765688357923389
0,29982,GET,2765688357988119,2765688357988901
0,18202,PUT,2765688357922416,2765688357923118
0,18202,GET,2765688357988149,2765688357989051
0,45066,PUT,2765688357915711,2765688357916432
0,45066,GET,2765688357988159,2765688357989011
0,40967,PUT,2765688357922827,2765688357923549
0,40967,GET,2765688357988289,2765688357988811
0,40455,PUT,2765688357921274,2765688357921945
0,40455,GET,2765688357988400,2765688357989242
0,40198,PUT,2765688357923609,2765688357924281
0,40198,GET,2765688357988580,2765688357989542
0,17431,PUT,2765688357922196,2765688357922907
0,17431,GET,2765688357988580,2765688357989362
0,46108,PUT,2765688357919329,2765688357920061
0,46108,GET,2765688357988580,2765688357989452
0,39943,PUT,2765688357916894,2765688357917575
0,39943,GET,2765688357988680,2765688357989502
0,40711,PUT,2765688357922076,2765688357922687
0,40711,GET,2765688357988760,2765688357989532
0,28431,PUT,2765688357920602,2765688357921334
0,28431,GET,2765688357988871,2765688357989673
0,35584,PUT,2765688357917946,2765688357918898
0,35584,GET,2765688357988951,2765688357989763
0,44053,PUT,2765688357921845,2765688357922557
0,44053,GET,2765688357988961,2765688357989783
0,39945,PUT,2765688357920863,2765688357921534
0,39945,GET,2765688357988991,2765688357989833
0,30987,PUT,2765688357921143,2765688357921825
0,30987,GET,2765688357989031,2765688357989833
0,39432,PUT,2765688357920783,2765688357921454
0,39432,GET,2765688357989141,2765688357989933
0,29726,PUT,2765688357920873,2765688357921584
0,29726,GET,2765688357989141,2765688357989923
0,44290,PUT,2765688357923459,2765688357924140
0,44290,GET,2765688357989191,2765688357989903
0,42513,PUT,2765688357923288,2765688357923920
0,42513,GET,2765688357989352,2765688357990073
0,31007,PUT,2765688357922627,2765688357923348
0,31007,GET,2765688357989372,2765688357990053
0,31243,PUT,2765688357921965,2765688357922647
0,31243,GET,2765688357989422,2765688357990194
0,28173,PUT,2765688357923569,2765688357924241
0,28173,GET,2765688357989492,2765688357990284
0,47875,PUT,2765688357915751,2765688357916432
0,47875,GET,2765688357989582,2765688357990414
0,36112,PUT,2765688357925534,2765688357926145
0,36112,GET,2765688357989642,2765688357990424
0,39688,PUT,2765688357922517,2765688357923208
0,39688,GET,2765688357989652,2765688357990394
0,48645,PUT,2765688357923469,2765688357924150
0,48645,GET,2765688357989803,2765688357990665
0,16919,PUT,2765688357919650,2765688357920352
0,16919,GET,2765688357989803,2765688357990635
0,30239,PUT,2765688357916483,2765688357917194
0,30239,GET,2765688357989843,2765688357990705
0,46340,PUT,2765688357922817,2765688357923489
0,46340,GET,2765688357989853,2765688357990735
0,46100,PUT,2765688357921113,2765688357921805
0,46100,GET,2765688357989903,2765688357990725
0,35344,PUT,2765688357920111,2765688357920843
0,35344,GET,2765688357989913,2765688357990695
0,48157,PUT,2765688357921113,2765688357921805
0,48157,GET,2765688357989943,2765688357990725
0,39174,PUT,2765688357919229,2765688357919890
0,39174,GET,2765688357989963,2765688357990715
0,46090,PUT,2765688357920091,2765688357920762
0,46090,GET,2765688357990013,2765688357990835
0,39686,PUT,2765688357920903,2765688357921665
0,39686,GET,2765688357990033,2765688357990755
0,45322,PUT,2765688357916583,2765688357917314
0,45322,GET,2765688357990053,2765688357990845
0,28943,PUT,2765688357925093,2765688357925754
0,28943,GET,2765688357990083,2765688357990905
0,25875,PUT,2765688357922687,2765688357923359
0,25875,GET,2765688357990184,2765688357991186
0,28687,PUT,2765688357921464,2765688357922186
0,28687,GET,2765688357990214,2765688357990966
0,18714,PUT,2765688357924100,2765688357924852
0,18714,GET,2765688357990304,2765688357991116
0,47132,PUT,2765688357924521,2765688357925223
0,47132,GET,2765688357990344,2765688357991126
0,30238,PUT,2765688357923549,2765688357924291
0,30238,GET,2765688357990414,2765688357991186
0,45852,PUT,2765688357916643,2765688357917314
0,45852,GET,2765688357990535,2765688357991316
0,30230,PUT,2765688357918467,2765688357919259
0,30230,GET,2765688357990555,2765688357991336
0,28940,PUT,2765688357923359,2765688357924040
0,28940,GET,2765688357990805,2765688357991607
0,30486,PUT,2765688357921183,2765688357921865
0,30486,GET,2765688357990815,2765688357991717
0,46346,PUT,2765688357921795,2765688357922366
0,46346,GET,2765688357990855,2765688357991757
0,43538,PUT,2765688357921594,2765688357922326
0,43538,GET,2765688357990875,2765688357991657
0,38670,PUT,2765688357923729,2765688357924601
0,38670,GET,2765688357990976,2765688357991407
0,39176,PUT,2765688357919911,2765688357920652
0,39176,GET,2765688357991036,2765688357991908
0,45834,PUT,2765688357919279,2765688357919961
0,45834,GET,2765688357991046,2765688357991838
0,43794,PUT,2765688357922486,2765688357923178
0,43794,GET,2765688357991116,2765688357991858
0,49155,PUT,2765688357925674,2765688357926396
0,49155,GET,2765688357991366,2765688357992188
0,38926,PUT,2765688357925674,2765688357926205
0,38926,GET,2765688357991387,2765688357992359
0,28941,PUT,2765688357925904,2765688357926586
0,28941,GET,2765688357991397,2765688357992329
0,38414,PUT,2765688357922928,2765688357923589
0,38414,GET,2765688357991477,2765688357992309
0,49944,PUT,2765688357925995,2765688357926676
0,49944,GET,2765688357991527,2765688357992369
0,39944,PUT,2765688357923338,2765688357924040
0,39944,GET,2765688357991547,2765688357992208
0,49667,PUT,2765688357927368,2765688357928069
0,49667,GET,2765688357991657,2765688357992449
0,48899,PUT,2765688357922907,2765688357923689
0,48899,GET,2765688357991737,2765688357992559
0,44802,PUT,2765688357925203,2765688357925814
0,44802,GET,2765688357991878,2765688357992680
0,45058,PUT,2765688357927819,2765688357928330
0,45058,GET,2765688357991888,2765688357992760
0,41241,PUT,2765688357923118,2765688357923830
0,41241,GET,2765688357991988,2765688357992790
0,17946,PUT,2765688357921584,2765688357922276
0,17946,GET,2765688357992048,2765688357992830
0,35856,PUT,2765688357923820,2765688357924421
0,35856,GET,2765688357992058,2765688357992970
0,44546,PUT,2765688357924301,2765688357925062
0,44546,GET,2765688357992108,2765688357993111
0,42769,PUT,2765688357924070,2765688357924752
0,42769,GET,2765688357992309,2765688357993080
0,28175,PUT,2765688357918888,2765688357919560
0,28175,GET,2765688357992339,2765688357993070
0,40201,PUT,2765688357922617,2765688357923228
0,40201,GET,2765688357992429,2765688357993201
0,31263,PUT,2765688357924511,2765688357925253
0,31263,GET,2765688357992439,2765688357993221
0,28684,PUT,2765688357921594,2765688357922286
0,28684,GET,2765688357992449,2765688357993281
0,46364,PUT,2765688357920211,2765688357920913
0,46364,GET,2765688357992459,2765688357993211
0,41753,PUT,2765688357925594,2765688357926275
0,41753,GET,2765688357992469,2765688357993261
0,30998,PUT,2765688357922837,2765688357923539
0,30998,GET,2765688357992559,2765688357993461
0,41497,PUT,2765688357923960,2765688357924662
0,41497,GET,2765688357992579,2765688357993361
0,31519,PUT,2765688357925403,2765688357926115
0,31519,GET,2765688357992599,2765688357993301
0,29197,PUT,2765688357927659,2765688357928039
0,29197,GET,2765688357992659,2765688357993341
0,45828,PUT,2765688357921023,2765688357921775
0,45828,GET,2765688357992700,2765688357993471
0,18458,PUT,2765688357923268,2765688357923960
0,18458,GET,2765688357992810,2765688357993602
0,40454,PUT,2765688357926225,2765688357926917
0,40454,GET,2765688357992840,2765688357993612
0,32031,PUT,2765688357928130,2765688357928841
0,32031,GET,2765688357992890,2765688357993792
0,18970,PUT,2765688357924992,2765688357925674
0,18970,GET,2765688357992890,2765688357993722
0,27405,PUT,2765688357920793,2765688357921574
0,27405,GET,2765688357992930,2765688357993692
0,31499,PUT,2765688357922787,2765688357923459
0,31499,GET,2765688357993161,2765688357993922
0,42009,PUT,2765688357926406,2765688357927107
0,42009,GET,2765688357993201,2765688357994033
0,49688,PUT,2765688357922186,2765688357922897
0,49688,GET,2765688357993221,2765688357994163
0,17175,PUT,2765688357921374,2765688357922066
0,17175,GET,2765688357993251,2765688357993912
0,30475,PUT,2765688357919530,2765688357920191
0,30475,GET,2765688357993371,2765688357994133
0,32011,PUT,2765688357925383,2765688357926055
0,32011,GET,2765688357993371,2765688357994404
0,30476,PUT,2765688357928821,2765688357929593
0,30476,GET,2765688357993451,2765688357994293
0,41478,PUT,2765688357929503,2765688357930184
0,41478,GET,2765688357993632,2765688357994113
0,42521,PUT,2765688357928090,2765688357928781
0,42521,GET,2765688357993662,2765688357994363
0,39942,PUT,2765688357921805,2765688357922557
0,39942,GET,2765688357993672,2765688357994564
0,26643,PUT,2765688357927929,2765688357928611
0,26643,GET,2765688357993702,2765688357994524
0,49157,PUT,2765688357925133,2765688357925824
0,49157,GET,2765688357993732,2765688357994444
0,29964,PUT,2765688357927217,2765688357927879
0,29964,GET,2765688357993772,2765688357994544
0,44050,PUT,2765688357925333,2765688357925965
0,44050,GET,2765688357993792,2765688357994484
0,46858,PUT,2765688357925183,2765688357925904
0,46858,GET,2765688357993952,2765688357994754
0,46876,PUT,2765688357923679,2765688357924391
0,46876,GET,2765688357993993,2765688357994895
0,44821,PUT,2765688357927137,2765688357927799
0,44821,GET,2765688357994073,2765688357994825
0,26387,PUT,2765688357927087,2765688357927789
0,26387,GET,2765688357994163,2765688357994945
0,29196,PUT,2765688357924170,2765688357924832
0,29196,GET,2765688357994163,2765688357994955
0,40457,PUT,2765688357923369,2765688357924050
0,40457,GET,2765688357994273,2765688357994985
0,29452,PUT,2765688357924972,2765688357925574
0,29452,GET,2765688357994273,2765688357995055
0,26131,PUT,2765688357925393,2765688357926195
0,26131,GET,2765688357994394,2765688357995175
0,31755,PUT,2765688357923589,2765688357924361
0,31755,GET,2765688357994404,2765688357995135
0,30494,PUT,2765688357926325,2765688357927037
0,30494,GET,2765688357994424,2765688357995266
0,31254,PUT,2765688357925604,2765688357926366
0,31254,GET,2765688357994504,2765688357995296
0,44565,PUT,2765688357926355,2765688357926997
0,44565,GET,2765688357994584,2765688357995386
0,36352,PUT,2765688357927308,2765688357928220
0,36352,GET,2765688357994644,2765688357995256
0,45314,PUT,2765688357928470,2765688357929172
0,45314,GET,2765688357994774,2765688357995546
0,32523,PUT,2765688357929443,2765688357930144
0,32523,GET,2765688357994855,2765688357995727
0,42257,PUT,2765688357921524,2765688357922226
0,42257,GET,2765688357995055,2765688357995827
0,48901,PUT,2765688357924281,2765688357924992
0,48901,GET,2765688357995065,2765688357995857
0,47388,PUT,2765688357926345,2765688357927077
0,47388,GET,2765688357995085,2765688357995937
0,45077,PUT,2765688357927939,2765688357928661
0,45077,GET,2765688357995115,2765688357995887
0,19226,PUT,2765688357927759,2765688357928450
0,19226,GET,2765688357995135,2765688357995887
0,46356,PUT,2765688357922827,2765688357923499
0,46356,GET,2765688357995205,2765688357995977
0,42265,PUT,2765688357927238,2765688357927949
0,42265,GET,2765688357995215,2765688357996067
0,35600,PUT,2765688357922978,2765688357923669
0,35600,GET,2765688357995266,2765688357995907
0,28685,PUT,2765688357925113,2765688357925774
0,28685,GET,2765688357995276,2765688357996228
0,38158,PUT,2765688357922025,2765688357922777
0,38158,GET,2765688357995306,2765688357996097
0,29453,PUT,2765688357928170,2765688357928861
0,29453,GET,2765688357995326,2765688357996138
0,46084,PUT,2765688357921985,2765688357922687
0,46084,GET,2765688357995396,2765688357996107
0,46612,PUT,2765688357926075,2765688357926716
0,46612,GET,2765688357995426,2765688357996228
0,42777,PUT,2765688357928921,2765688357929543
0,42777,GET,2765688357995546,2765688357996238
0,36368,PUT,2765688357926285,2765688357926957
0,36368,GET,2765688357995727,2765688357996478
0,50200,PUT,2765688357927679,2765688357928240
0,50200,GET,2765688357995797,2765688357996468
0,28429,PUT,2765688357924381,2765688357924982
0,28429,GET,2765688357995887,2765688357996659
0,32543,PUT,2765688357929824,2765688357930595
0,32543,GET,2765688357995907,2765688357996629
0,49411,PUT,2765688357926546,2765688357927228
0,49411,GET,2765688357995977,2765688357996809
0,41223,PUT,2765688357925694,2765688357926376
0,41223,GET,2765688357996027,2765688357996819
0,40713,PUT,2765688357925103,2765688357925784
0,40713,GET,2765688357996107,2765688357996879
0,47900,PUT,2765688357928029,2765688357928691
0,47900,GET,2765688357996198,2765688357996899
0,44309,PUT,2765688357925524,2765688357926205
0,44309,GET,2765688357996268,2765688357997060
0,39694,PUT,2765688357930214,2765688357930826
0,39694,GET,2765688357996288,2765688357997110
0,43537,PUT,2765688357929984,2765688357930676
0,43537,GET,2765688357996358,2765688357997110
0,43281,PUT,2765688357928521,2765688357929222
0,43281,GET,2765688357996388,2765688357997100
0,30221,PUT,2765688357930706,2765688357931377
0,30221,GET,2765688357996448,2765688357997320
0,43793,PUT,2765688357930806,2765688357931527
0,43793,GET,2765688357996508,2765688357997180
0,18199,PUT,2765688357928380,2765688357929072
0,18199,GET,2765688357996619,2765688357997501
0,40985,PUT,2765688357922296,2765688357922978
0,40985,GET,2765688357996619,2765688357997380
0,31775,PUT,2765688357926255,2765688357927037
0,31775,GET,2765688357996639,2765688357997310
0,50712,PUT,2765688357930024,2765688357930635
0,50712,GET,2765688357996789,2765688357997591
0,49669,PUT,2765688357928691,2765688357929362
0,49669,GET,2765688357996949,2765688357997711
0,44306,PUT,2765688357929803,2765688357930495
0,44306,GET,2765688357997020,2765688357997831
0,17943,PUT,2765688357926636,2765688357927348
0,17943,GET,2765688357997090,2765688357997872
0,19482,PUT,2765688357931467,2765688357932149
0,19482,GET,2765688357997190,2765688357998132
0,45333,PUT,2765688357928791,2765688357929523
0,45333,GET,2765688357997240,2765688357998052
0,46620,PUT,2765688357922035,2765688357922677
0,46620,GET,2765688357997250,2765688357998022
0,49413,PUT,2765688357927849,2765688357928551
0,49413,GET,2765688357997260,2765688357998012
0,41479,PUT,2765688357927488,2765688357928160
0,41479,GET,2765688357997280,2765688357998082
0,40966,PUT,2765688357927869,2765688357928551
0,40966,GET,2765688357997421,2765688357998182
0,31510,PUT,2765688357928410,2765688357929122
0,31510,GET,2765688357997561,2765688357998373
0,41737,PUT,2765688357930345,2765688357931036
0,41737,GET,2765688357997591,2765688357998363
0,32267,PUT,2765688357928671,2765688357929282
0,32267,GET,2765688357997661,2765688357998433
0,46596,PUT,2765688357928310,2765688357928982
0,46596,GET,2765688357997671,2765688357998463
0,29455,PUT,2765688357929723,2765688357930415
0,29455,GET,2765688357997781,2765688357998593
0,43025,PUT,2765688357927689,2765688357928370
0,43025,GET,2765688357997801,2765688357998563
0,41735,PUT,2765688357930124,2765688357930806
0,41735,GET,2765688357997842,2765688357998583
0,39182,PUT,2765688357928059,2765688357928721
0,39182,GET,2765688357997982,2765688357998934
0,30220,PUT,2765688357928009,2765688357928691
0,30220,GET,2765688357998022,2765688357998804
0,45589,PUT,2765688357929663,2765688357930345
0,45589,GET,2765688357998022,2765688357998784
0,29708,PUT,2765688357926456,2765688357927077
0,29708,GET,2765688357998142,2765688357999415
0,32287,PUT,2765688357928982,2765688357929683
0,32287,GET,2765688357998142,2765688357998924
0,42247,PUT,2765688357931758,2765688357932379
0,42247,GET,2765688357998152,2765688357998944
0,29709,PUT,2765688357928992,2765688357929733
0,29709,GET,2765688357998222,2765688357999014
0,27917,PUT,2765688357922497,2765688357923429
0,27917,GET,2765688357998242,2765688357999014
0,29965,PUT,2765688357929884,2765688357930565
0,29965,GET,2765688357998262,2765688357999074
0,47114,PUT,2765688357931267,2765688357931928
0,47114,GET,2765688357998273,2765688357999034
0,29199,PUT,2765688357926897,2765688357927588
0,29199,GET,2765688357998303,2765688357999124
0,41225,PUT,2765688357927648,2765688357928340
0,41225,GET,2765688357998323,2765688357999104
0,18455,PUT,2765688357930214,2765688357930956
0,18455,GET,2765688357998343,2765688357999155
0,41481,PUT,2765688357929523,2765688357930214
0,41481,GET,2765688357998343,2765688357999155
0,39438,PUT,2765688357928861,2765688357929362
0,39438,GET,2765688357998453,2765688357999225
0,49925,PUT,2765688357931407,2765688357932229
0,49925,GET,2765688357998583,2765688357999445
0,32022,PUT,2765688357932019,2765688357932710
0,32022,GET,2765688357998874,2765688357999706
0,31766,PUT,2765688357930224,2765688357930946
0,31766,GET,2765688357998914,2765688357999606
0,40710,PUT,2765688357927057,2765688357927739
0,40710,GET,2765688357999054,2765688357999846
0,48669,PUT,2765688357930836,2765688357931487
0,48669,GET,2765688357999084,2765688357999786
0,17687,PUT,2765688357924080,2765688357924772
0,17687,GET,2765688357999084,2765688357999866
0,47370,PUT,2765688357932089,2765688357932790
0,47370,GET,2765688357999104,2765688358000137
0,42249,PUT,2765688357931979,2765688357932640
0,42249,GET,2765688357999205,2765688357999997
0,48413,PUT,2765688357929924,2765688357930635
0,48413,GET,2765688357999255,2765688358000037
0,46101,PUT,2765688357933121,2765688357933783
0,46101,GET,2765688357999305,2765688358018459
0,33307,PUT,2765688357933642,2765688357934294
0,33307,GET,2765688357999355,2765688358000167
0,46602,PUT,2765688357924371,2765688357925052
0,46602,GET,2765688357999395,2765688358022619
0,39950,PUT,2765688357930966,2765688357931648
0,39950,GET,2765688357999475,2765688358000227
0,46357,PUT,2765688357933923,2765688357934625
0,46357,GET,2765688357999535,2765688358018439
0,32278,PUT,2765688357932861,2765688357933562
0,32278,GET,2765688357999566,2765688358021055
0,43033,PUT,2765688357930706,2765688357931397
0,43033,GET,2765688357999576,2765688358022248
0,48412,PUT,2765688357933332,2765688357934033
0,48412,GET,2765688357999606,2765688358018349
0,46338,PUT,2765688357934915,2765688357935667
0,46338,GET,2765688357999626,2765688358025516
0,32799,PUT,2765688357930726,2765688357931477
0,32799,GET,2765688357999756,2765688358019512
0,46082,PUT,2765688357934164,2765688357934785
0,46082,GET,2765688357999916,2765688358020294
0,42503,PUT,2765688357932520,2765688357933111
0,42503,GET,2765688357999926,2765688358000347
0,32779,PUT,2765688357930285,2765688357931026
0,32779,GET,2765688358000137,2765688358020875
0,30750,PUT,2765688357929844,2765688357930495
0,30750,GET,2765688358000387,2765688358020173
0,44562,PUT,2765688357933482,2765688357934154
0,44562,GET,2765688358018650,2765688358019442
0,49923,PUT,2765688357929172,2765688357929874
0,49923,GET,2765688358018941,2765688358019782
0,46868,PUT,2765688357928581,2765688357929272
0,46868,GET,2765688358019191,2765688358020003
0,47626,PUT,2765688357932931,2765688357933612
0,47626,GET,2765688358019582,2765688358020304
0,41734,PUT,2765688357930325,2765688357931036
0,41734,GET,2765688358020193,2765688358020975
0,47108,PUT,2765688357931688,2765688357932369
0,47108,GET,2765688358020434,2765688358021316
0,43545,PUT,2765688357934274,2765688357935096
0,43545,GET,2765688358020464,2765688358021236
0,47882,PUT,2765688357933743,2765688357934424
0,47882,GET,2765688358020524,2765688358021326
0,46852,PUT,2765688357930856,2765688357931538
0,46852,GET,2765688358020624,2765688358021506
0,42505,PUT,2765688357932780,2765688357933452
0,42505,GET,2765688358020885,2765688358021767
0,36608,PUT,2765688357928430,2765688357929393
0,36608,GET,2765688358020935,2765688358021797
0,40200,PUT,2765688357932620,2765688357933322
0,40200,GET,2765688358021055,2765688358021567
0,49437,PUT,2765688357934244,2765688357934965
0,49437,GET,2765688358021116,2765688358021857
0,40969,PUT,2765688357925914,2765688357926586
0,40969,GET,2765688358021156,2765688358021917
0,47644,PUT,2765688357927207,2765688357927889
0,47644,GET,2765688358021336,2765688358022218
0,40206,PUT,2765688357933642,2765688357934344
0,40206,GET,2765688358021356,2765688358022489
0,36624,PUT,2765688357927969,2765688357928641
0,36624,GET,2765688358021466,2765688358022338
0,32534,PUT,2765688357934855,2765688357935557
0,32534,GET,2765688358021597,2765688358022469
0,30733,PUT,2765688357933402,2765688357934124
0,30733,GET,2765688358021657,2765688358022469
0,43289,PUT,2765688357931538,2765688357932179
0,43289,GET,2765688358021787,2765688358022519
0,20250,PUT,2765688357934354,2765688357935056
0,20250,GET,2765688358021988,2765688358022659
0,47124,PUT,2765688357931297,2765688357932009
0,47124,GET,2765688358022048,2765688358022830
0,48156,PUT,2765688357930615,2765688357931297
0,48156,GET,2765688358022068,2765688358022810
0,30477,PUT,2765688357932490,2765688357933262
0,30477,GET,2765688358022088,2765688358022920
0,50456,PUT,2765688357928390,2765688357928931
0,50456,GET,2765688358022168,2765688358022860
0,50435,PUT,2765688357933693,2765688357934374
0,50435,GET,2765688358022358,2765688358023150
0,37136,PUT,2765688357931387,2765688357932049
0,37136,GET,2765688358022519,2765688358023461
0,18711,PUT,2765688357932119,2765688357932810
0,18711,GET,2765688358022599,2765688358023451
0,33051,PUT,2765688357931417,2765688357932219
0,33051,GET,2765688358022639,2765688358023391
0,45845,PUT,2765688357931417,2765688357932049
0,45845,GET,2765688358022649,2765688358023451
0,31244,PUT,2765688357933332,2765688357933953
0,31244,GET,2765688358022729,2765688358023591
0,27923,PUT,2765688357936820,2765688357937501
0,27923,GET,2765688358022840,2765688358023591
0,30988,PUT,2765688357932510,2765688357933201
0,30988,GET,2765688358022860,2765688358023631
0,46594,PUT,2765688357935797,2765688357936479
0,46594,GET,2765688358022990,2765688358023912
0,50179,PUT,2765688357931868,2765688357932550
0,50179,GET,2765688358023000,2765688358023672
0,49693,PUT,2765688357935106,2765688357935848
0,49693,GET,2765688358023090,2765688358023932
0,26899,PUT,2765688357933352,2765688357934043
0,26899,GET,2765688358023251,2765688358023942
0,43801,PUT,2765688357935236,2765688357935908
0,43801,GET,2765688358023281,2765688358023972
0,51992,PUT,2765688357937141,2765688357937812
0,51992,GET,2765688358023321,2765688358024163
0,45570,PUT,2765688357931217,2765688357931898
0,45570,GET,2765688358023381,2765688358024363
0,30732,PUT,2765688357931678,2765688357932359
0,30732,GET,2765688358023391,2765688358023982
0,50181,PUT,2765688357934695,2765688357935316
0,50181,GET,2765688358023521,2765688358024233
0,37392,PUT,2765688357933121,2765688357933833
0,37392,GET,2765688358023521,2765688358024333
0,45826,PUT,2765688357933171,2765688357934033
0,45826,GET,2765688358023591,2765688358024463
0,50968,PUT,2765688357932690,2765688357933372
0,50968,GET,2765688358023591,2765688358024363
0,44313,PUT,2765688357938003,2765688357938714
0,44313,GET,2765688358023591,2765688358024393
0,19994,PUT,2765688357933482,2765688357934214
0,19994,GET,2765688358023782,2765688358025205
0,48925,PUT,2765688357931628,2765688357932289
0,48925,GET,2765688358023802,2765688358024423
0,41993,PUT,2765688357931167,2765688357931838
0,41993,GET,2765688358023812,2765688358024493
0,47620,PUT,2765688357934274,2765688357934976
0,47620,GET,2765688358023832,2765688358024574
0,19479,PUT,2765688357935677,2765688357936389
0,19479,GET,2765688358023952,2765688358024844
0,51736,PUT,2765688357936329,2765688357937000
0,51736,GET,2765688358023952,2765688358024744
0,19738,PUT,2765688357932299,2765688357933332
0,19738,GET,2765688358024092,2765688358024864
0,29711,PUT,2765688357934865,2765688357935617
0,29711,GET,2765688358024213,2765688358025035
0,47364,PUT,2765688357933422,2765688357934134
0,47364,GET,2765688358024293,2765688358025155
0,36880,PUT,2765688357929623,2765688357930345
0,36880,GET,2765688358024293,2765688358024914
0,45330,PUT,2765688357940498,2765688357941110
0,45330,GET,2765688358024323,2765688358025075
0,41222,PUT,2765688357928691,2765688357929372
0,41222,GET,2765688358024363,2765688358025155
0,46613,PUT,2765688357934755,2765688357935477
0,46613,GET,2765688358024383,2765688358025235
0,31500,PUT,2765688357934083,2765688357934815
0,31500,GET,2765688358024554,2765688358025345
0,37648,PUT,2765688357933973,2765688357934705
0,37648,GET,2765688358024564,2765688358025385
0,49949,PUT,2765688357935988,2765688357936720
0,49949,GET,2765688358024594,2765688358025406
0,48906,PUT,2765688357936720,2765688357937481
0,48906,GET,2765688358024804,2765688358025596
0,50693,PUT,2765688357936329,2765688357936980
0,50693,GET,2765688358024894,2765688358025596
0,44049,PUT,2765688357931668,2765688357932339
0,44049,GET,2765688358025025,2765688358025796
0,40462,PUT,2765688357934474,2765688357935056
0,40462,GET,2765688358025055,2765688358025827
0,50437,PUT,2765688357935477,2765688357936188
0,50437,GET,2765688358025075,2765688358025847
0,49181,PUT,2765688357932430,2765688357933141
0,49181,GET,2765688358025075,2765688358025847
0,19735,PUT,2765688357936529,2765688357937251
0,19735,GET,2765688358025085,2765688358025806
0,51224,PUT,2765688357933522,2765688357934204
0,51224,GET,2765688358025245,2765688358025997
0,33563,PUT,2765688357934434,2765688357935166
0,33563,GET,2765688358025275,2765688358026107
0,40456,PUT,2765688357933522,2765688357934154
0,40456,GET,2765688358025285,2765688358026127
0,44305,PUT,2765688357934274,2765688357935066
0,44305,GET,2765688358025295,2765688358026308
0,44561,PUT,2765688357935206,2765688357935888
0,44561,GET,2765688358025375,2765688358026057
0,41230,PUT,2765688357937952,2765688357938634
0,41230,GET,2765688358025385,2765688358026107
0,43783,PUT,2765688357944738,2765688357945470
0,43783,GET,2765688358025466,2765688358026237
0,41224,PUT,2765688357937802,2765688357938524
0,41224,GET,2765688358025546,2765688358026418
0,33547,PUT,2765688357945921,2765688357946613
0,33547,GET,2765688358025596,2765688358026338
0,18967,PUT,2765688357932941,2765688357933642
0,18967,GET,2765688358025676,2765688358026398
0,31006,PUT,2765688357936218,2765688357936900
0,31006,GET,2765688358025686,2765688358026508
0,49418,PUT,2765688357938454,2765688357939145
0,49418,GET,2765688358025726,2765688358026568
0,42759,PUT,2765688357933241,2765688357933923
0,42759,GET,2765688358025746,2765688358026528
0,47106,PUT,2765688357940047,2765688357940719
0,47106,GET,2765688358025786,2765688358026739
0,51205,PUT,2765688357937932,2765688357938654
0,51205,GET,2765688358025796,2765688358026588
0,41991,PUT,2765688357930956,2765688357931618
0,41991,GET,2765688358025937,2765688358027009
0,52504,PUT,2765688357940619,2765688357941270
0,52504,GET,2765688358025937,2765688358026668
0,29967,PUT,2765688357938424,2765688357939045
0,29967,GET,2765688358025967,2765688358027049
0,27411,PUT,2765688357935116,2765688357935807
0,27411,GET,2765688358025997,2765688358026779
0,37904,PUT,2765688357934845,2765688357935517
0,37904,GET,2765688358026117,2765688358026939
0,33819,PUT,2765688357935306,2765688357936148
0,33819,GET,2765688358026147,2765688358026939
0,36864,PUT,2765688357938043,2765688357939075
0,36864,GET,2765688358026187,2765688358026859
0,48668,PUT,2765688357935958,2765688357936669
0,48668,GET,2765688358026237,2765688358026939
0,31262,PUT,2765688357937972,2765688357938684
0,31262,GET,2765688358026247,2765688358027039
0,48138,PUT,2765688357934565,2765688357935246
0,48138,GET,2765688358026348,2765688358027130
0,40712,PUT,2765688357934284,2765688357934976
0,40712,GET,2765688358026398,2765688358026999
0,48394,PUT,2765688357935376,2765688357935757
0,48394,GET,2765688358026668,2765688358027360
0,50691,PUT,2765688357937231,2765688357937932
0,50691,GET,2765688358026709,2765688358027390
0,27155,PUT,2765688357934204,2765688357934976
0,27155,GET,2765688358026839,2765688358027551
0,48650,PUT,2765688357935898,2765688357936589
0,48650,GET,2765688358026889,2765688358027581
0,42761,PUT,2765688357933582,2765688357934314
0,42761,GET,2765688358026909,2765688358027741
0,43527,PUT,2765688357941140,2765688357941831
0,43527,GET,2765688358026979,2765688358027781
0,43273,PUT,2765688357939566,2765688357940278
0,43273,GET,2765688358026989,2765688358027801
0,49162,PUT,2765688357937612,2765688357938323
0,49162,GET,2765688358027069,2765688358027781
0,27667,PUT,2765688357935938,2765688357936689
0,27667,GET,2765688358027079,2765688358027781
0,32790,PUT,2765688357936679,2765688357937361
0,32790,GET,2765688358027150,2765688358027821
0,45074,PUT,2765688357939717,2765688357940348
0,45074,GET,2765688358027180,2765688358028172
0,52248,PUT,2765688357937952,2765688357938654
0,52248,GET,2765688358027180,2765688358027971
0,30989,PUT,2765688357937281,2765688357937942
0,30989,GET,2765688358027190,2765688358028032
0,47618,PUT,2765688357941681,2765688357942303
0,47618,GET,2765688358027250,2765688358028002
0,50205,PUT,2765688357939747,2765688357940478
0,50205,GET,2765688358027510,2765688358028282
0,44817,PUT,2765688357936028,2765688357936790
0,44817,GET,2765688358027510,2765688358028332
0,51717,PUT,2765688357940498,2765688357941200
0,51717,GET,2765688358027681,2765688358028713
0,46869,PUT,2765688357938454,2765688357939135
0,46869,GET,2765688358027721,2765688358028523
0,19223,PUT,2765688357933783,2765688357934555
0,19223,GET,2765688358027721,2765688358028563
0,28435,PUT,2765688357939255,2765688357939877
0,28435,GET,2765688358027901,2765688358028703
0,40968,PUT,2765688357936028,2765688357936750
0,40968,GET,2765688358027931,2765688358028743
0,51480,PUT,2765688357934344,2765688357935146
0,51480,GET,2765688358027931,2765688358028763
0,48132,PUT,2765688357938784,2765688357939396
0,48132,GET,2765688358028012,2765688358028844
0,51229,PUT,2765688357946953,2765688357947645
0,51229,GET,2765688358028042,2765688358029104
0,44057,PUT,2765688357936048,2765688357936920
0,44057,GET,2765688358028112,2765688358028924
0,40718,PUT,2765688357936038,2765688357937000
0,40718,GET,2765688358028162,2765688358029174
0,46850,PUT,2765688357937331,2765688357938003
0,46850,GET,2765688358028172,2765688358028844
0,19991,PUT,2765688357938243,2765688357938885
0,19991,GET,2765688358028232,2765688358028924
0,44818,PUT,2765688357936920,2765688357937642
0,44818,GET,2765688358028272,2765688358028984
0,51461,PUT,2765688357938784,2765688357939456
0,51461,GET,2765688358028282,2765688358029174
0,47125,PUT,2765688357940137,2765688357940849
0,47125,GET,2765688358028322,2765688358029234
0,48924,PUT,2765688357938684,2765688357939376
0,48924,GET,2765688358028372,2765688358028984
0,47876,PUT,2765688357937942,2765688357938634
0,47876,GET,2765688358028423,2765688358029224
0,44569,PUT,2765688357938855,2765688357939536
0,44569,GET,2765688358028443,2765688358029244
0,48388,PUT,2765688357941430,2765688357942102
0,48388,GET,2765688358028573,2765688358029565
0,48644,PUT,2765688357942252,2765688357942934
0,48644,GET,2765688358028693,2765688358029545
0,47362,PUT,2765688357940849,2765688357941551
0,47362,GET,2765688358028773,2765688358029575
0,50947,PUT,2765688357938905,2765688357939586
0,50947,GET,2765688358028854,2765688358029675
0,28179,PUT,2765688357938594,2765688357939115
0,28179,GET,2765688358028854,2765688358029565
0,34587,PUT,2765688357940939,2765688357941631
0,34587,GET,2765688358028874,2765688358029756
0,50461,PUT,2765688357941501,2765688357942202
0,50461,GET,2765688358028984,2765688358029846
0,50949,PUT,2765688357937120,2765688357937792
0,50949,GET,2765688358029054,2765688358029856
0,34075,PUT,2765688357939235,2765688357939937
0,34075,GET,2765688358029074,2765688358029846
0,52229,PUT,2765688357943114,2765688357943646
0,52229,GET,2765688358029114,2765688358029976
0,30223,PUT,2765688357939195,2765688357939877
0,30223,GET,2765688358029134,2765688358029946
0,28691,PUT,2765688357940959,2765688357941631
0,28691,GET,2765688358029134,2765688358029966
0,38160,PUT,2765688357941962,2765688357942653
0,38160,GET,2765688358029194,2765688358029956
0,47636,PUT,2765688357942303,2765688357942984
0,47636,GET,2765688358029224,2765688358030237
0,41998,PUT,2765688357941240,2765688357941912
0,41998,GET,2765688358029275,2765688358030307
0,43015,PUT,2765688357938594,2765688357939215
0,43015,GET,2765688358029305,2765688358030086
0,43017,PUT,2765688357938694,2765688357939406
0,43017,GET,2765688358029305,2765688358030016
0,40974,PUT,2765688357937131,2765688357937822
0,40974,GET,2765688358029305,2765688358030147
0,45585,PUT,2765688357942343,2765688357943014
0,45585,GET,2765688358029345,2765688358030066
0,41486,PUT,2765688357938764,2765688357939356
0,41486,GET,2765688358029365,2765688358030267
0,45329,PUT,2765688357940518,2765688357941200
0,45329,GET,2765688358029375,2765688358030147
0,31501,PUT,2765688357940699,2765688357941370
0,31501,GET,2765688358029395,2765688358030407
0,20247,PUT,2765688357939025,2765688357939666
0,20247,GET,2765688358029395,2765688358030207
0,20762,PUT,2765688357940969,2765688357941781
0,20762,GET,2765688358029505,2765688358030357
0,33035,PUT,2765688357943185,2765688357943916
0,33035,GET,2765688358029515,2765688358030377
0,41736,PUT,2765688357941270,2765688357941892
0,41736,GET,2765688358029675,2765688358030497
0,20503,PUT,2765688357939807,2765688357940558
0,20503,GET,2765688358029695,2765688358030447
0,45073,PUT,2765688357936930,2765688357937722
0,45073,GET,2765688358029716,2765688358030527
0,51203,PUT,2765688357940709,2765688357941420
0,51203,GET,2765688358029826,2765688358030618
0,41742,PUT,2765688357939486,2765688357940168
0,41742,GET,2765688358029856,2765688358030558
0,48386,PUT,2765688357947976,2765688357948657
0,48386,GET,2765688358029996,2765688358030638
0,30735,PUT,2765688357943425,2765688357944097
0,30735,GET,2765688358030116,2765688358030898
0,43785,PUT,2765688357942122,2765688357942794
0,43785,GET,2765688358030227,2765688358031019
0,44825,PUT,2765688357942483,2765688357943175
0,44825,GET,2765688358030277,2765688358031069
0,8705,PUT,2765688357940829,2765688357941661
0,8705,GET,2765688358030347,2765688358031019
0,30479,PUT,2765688357940017,2765688357940609
0,30479,GET,2765688358030407,2765688358031199
0,32286,PUT,2765688357943355,2765688357944117
0,32286,GET,2765688358030427,2765688358031119
0,28947,PUT,2765688357941771,2765688357942252
0,28947,GET,2765688358030497,2765688358031570
0,20506,PUT,2765688357937100,2765688357938003
0,20506,GET,2765688358030497,2765688358031279
0,47380,PUT,2765688357939496,2765688357940258
0,47380,GET,2765688358030507,2765688358031329
0,42504,PUT,2765688357947264,2765688357947956
0,42504,GET,2765688358030517,2765688358031219
0,31774,PUT,2765688357941651,2765688357942373
0,31774,GET,2765688358030588,2765688358031359
0,31245,PUT,2765688357939877,2765688357940548
0,31245,GET,2765688358030608,2765688358031379
0,21783,PUT,2765688357946853,2765688357947605
0,21783,GET,2765688358030628,2765688358031420
0,48148,PUT,2765688357944909,2765688357945600
0,48148,GET,2765688358030668,2765688358031710
0,21015,PUT,2765688357943515,2765688357944237
0,21015,GET,2765688358030748,2765688358031630
0,8449,PUT,2765688357937772,2765688357938975
0,8449,GET,2765688358030838,2765688358031630
0,31757,PUT,2765688357941511,2765688357942192
0,31757,GET,2765688358030868,2765688358031630
0,49436,PUT,2765688357943796,2765688357944498
0,49436,GET,2765688358030938,2765688358031610
0,48900,PUT,2765688357944027,2765688357944698
0,48900,GET,2765688358030948,2765688358031760
0,33291,PUT,2765688357944057,2765688357944718
0,33291,GET,2765688358030968,2765688358031760
0,21527,PUT,2765688357945199,2765688357945881
0,21527,GET,2765688358030989,2765688358031780
0,52760,PUT,2765688357944287,2765688357944999
0,52760,GET,2765688358031029,2765688358031800
0,29459,PUT,2765688357947194,2765688357947926
0,29459,GET,2765688358031049,2765688358031991
0,49674,PUT,2765688357941170,2765688357941932
0,49674,GET,2765688358031159,2765688358031851
0,43271,PUT,2765688357940288,2765688357940989
0,43271,GET,2765688358031179,2765688358031931
0,46097,PUT,2765688357945841,2765688357946512
0,46097,GET,2765688358031209,2765688358031991
0,41990,PUT,2765688357941501,2765688357942212
0,41990,GET,2765688358031349,2765688358032141
0,43529,PUT,2765688357940418,2765688357941060
0,43529,GET,2765688358031349,2765688358032051
0,32780,PUT,2765688357945941,2765688357946643
0,32780,GET,2765688358031540,2765688358032322
0,31756,PUT,2765688357941681,2765688357942383
0,31756,GET,2765688358031540,2765688358032322
0,45841,PUT,2765688357943976,2765688357944678
0,45841,GET,2765688358031580,2765688358032221
0,8961,PUT,2765688357942804,2765688357943565
0,8961,GET,2765688358031740,2765688358032662
0,46354,PUT,2765688357947164,2765688357947845
0,46354,GET,2765688358031760,2765688358032702
0,51973,PUT,2765688357942272,2765688357942974
0,51973,GET,2765688358031770,2765688358032562
0,45586,PUT,2765688357943205,2765688357943896
0,45586,GET,2765688358031851,2765688358032632
0,47893,PUT,2765688357944668,2765688357945340
0,47893,GET,2765688358031861,2765688358032662
0,49930,PUT,2765688357943014,2765688357943485
0,49930,GET,2765688358031931,2765688358032773
0,42248,PUT,2765688357944728,2765688357945360
0,42248,GET,2765688358031931,2765688358032743
0,29971,PUT,2765688357948898,2765688357949589
0,29971,GET,2765688358032061,2765688358032933
0,31247,PUT,2765688357945009,2765688357945700
0,31247,GET,2765688358032071,2765688358033083
0,20759,PUT,2765688357942744,2765688357943385
0,20759,GET,2765688358032131,2765688358032833
0,51459,PUT,2765688357944437,2765688357945129
0,51459,GET,2765688358032141,2765688358033123
0,51997,PUT,2765688357949419,2765688357950131
0,51997,GET,2765688358032151,2765688358032923
0,49180,PUT,2765688357941390,2765688357942072
0,49180,GET,2765688358032181,2765688358032933
0,41480,PUT,2765688357938664,2765688357939346
0,41480,GET,2765688358032261,2765688358032983
0,34331,PUT,2765688357940097,2765688357940799
0,34331,GET,2765688358032282,2765688358032983
0,50186,PUT,2765688357945530,2765688357946222
0,50186,GET,2765688358032332,2765688358033113
0,46098,PUT,2765688357946362,2765688357947023
0,46098,GET,2765688358032452,2765688358033244
0,48130,PUT,2765688357947054,2765688357947815
0,48130,GET,2765688358032582,2765688358033394
0,32524,PUT,2765688357945129,2765688357945801
0,32524,GET,2765688358032713,2765688358033414
0,47892,PUT,2765688357944067,2765688357944758
0,47892,GET,2765688358032803,2765688358033785
0,9217,PUT,2765688357946953,2765688357947775
0,9217,GET,2765688358032823,2765688358033635
0,47381,PUT,2765688357942904,2765688357943696
0,47381,GET,2765688358032853,2765688358033805
0,32269,PUT,2765688357947204,2765688357947996
0,32269,GET,2765688358032883,2765688358033635
0,38416,PUT,2765688357942814,2765688357943475
0,38416,GET,2765688358032913,2765688358033705
0,21271,PUT,2765688357944377,2765688357945059
0,21271,GET,2765688358033063,2765688358033845
0,38928,PUT,2765688357945380,2765688357946151
0,38928,GET,2765688358033083,2765688358033915
0,33055,PUT,2765688357946913,2765688357947715
0,33055,GET,2765688358033113,2765688358033815
0,52485,PUT,2765688357943786,2765688357944257
0,52485,GET,2765688358033234,2765688358034046
0,50717,PUT,2765688357942363,2765688357943014
0,50717,GET,2765688358033244,2765688358034156
0,45081,PUT,2765688357944347,2765688357945049
0,45081,GET,2765688358033244,2765688358034126
0,49692,PUT,2765688357944658,2765688357945289
0,49692,GET,2765688358033264,2765688358033995
0,48642,PUT,2765688357948798,2765688357949499
0,48642,GET,2765688358033284,2765688358033945
0,48404,PUT,2765688357946592,2765688357947164
0,48404,GET,2765688358033394,2765688358034186
0,30991,PUT,2765688357944257,2765688357944879
0,30991,GET,2765688358033725,2765688358034537
0,31503,PUT,2765688357946693,2765688357947364
0,31503,GET,2765688358033735,2765688358034497
0,22039,PUT,2765688357947735,2765688357948487
0,22039,GET,2765688358033765,2765688358034667
0,32268,PUT,2765688357943435,2765688357944107
0,32268,GET,2765688358033835,2765688358034607
0,53016,PUT,2765688357945149,2765688357945851
0,53016,GET,2765688358033865,2765688358034527
0,42510,PUT,2765688357945490,2765688357946202
0,42510,GET,2765688358033915,2765688358034707
0,32013,PUT,2765688357942333,2765688357943375
0,32013,GET,2765688358033975,2765688358034777
0,53272,PUT,2765688357947896,2765688357948587
0,53272,GET,2765688358033985,2765688358034978
0,32030,PUT,2765688357942503,2765688357943215
0,32030,GET,2765688358034006,2765688358034837
0,29203,PUT,2765688357943585,2765688357944267
0,29203,GET,2765688358034056,2765688358034807
0,50698,PUT,2765688357947134,2765688357947906
0,50698,GET,2765688358034116,2765688358034948
0,35355,PUT,2765688357946613,2765688357947314
0,35355,GET,2765688358034136,2765688358034938
0,53528,PUT,2765688357948747,2765688357949379
0,53528,GET,2765688358034176,2765688358035118
0,52997,PUT,2765688357946121,2765688357946633
0,52997,GET,2765688358034236,2765688358035018
0,47637,PUT,2765688357943846,2765688357944538
0,47637,GET,2765688358034256,2765688358035028
0,38672,PUT,2765688357943606,2765688357944287
0,38672,GET,2765688358034447,2765688358035258
0,42246,PUT,2765688357944177,2765688357944858
0,42246,GET,2765688358034457,2765688358035288
0,46610,PUT,2765688357947976,2765688357948677
0,46610,GET,2765688358034537,2765688358035529
0,50972,PUT,2765688357949710,2765688357950331
0,50972,GET,2765688358034637,2765688358035399
0,51741,PUT,2765688357948577,2765688357949289
0,51741,GET,2765688358034657,2765688358035469
0,50973,PUT,2765688357943154,2765688357943906
0,50973,GET,2765688358034667,2765688358035509
0,48149,PUT,2765688357947284,2765688357947976
0,48149,GET,2765688358034797,2765688358035579
0,31518,PUT,2765688357940799,2765688357941501
0,31518,GET,2765688358034888,2765688358035609
0,32542,PUT,2765688357944257,2765688357944939
0,32542,GET,2765688358034908,2765688358035709
0,53253,PUT,2765688357950261,2765688357950832
0,53253,GET,2765688358034948,2765688358035679
0,45849,PUT,2765688357947795,2765688357948497
0,45849,GET,2765688358034948,2765688358035719
0,48661,PUT,2765688357949910,2765688357950582
0,48661,GET,2765688358034948,2765688358035950
0,50460,PUT,2765688357948006,2765688357948727
0,50460,GET,2765688358035048,2765688358035780
0,42502,PUT,2765688357946031,2765688357946733
0,42502,GET,2765688358035158,2765688358035800
0,44041,PUT,2765688357946803,2765688357947465
0,44041,GET,2765688358035158,2765688358035930
0,35611,PUT,2765688357947444,2765688357948146
0,35611,GET,2765688358035168,2765688358036060
0,49948,PUT,2765688357946332,2765688357947023
0,49948,GET,2765688358035278,2765688358035870
0,35099,PUT,2765688357945811,2765688357946482
0,35099,GET,2765688358035409,2765688358036201
0,22295,PUT,2765688357948617,2765688357949369
0,22295,GET,2765688358035429,2765688358036221
0,48916,PUT,2765688357949068,2765688357949770
0,48916,GET,2765688358035469,2765688358036241
0,49412,PUT,2765688357948437,2765688357949138
0,49412,GET,2765688358035499,2765688358036090
0,47874,PUT,2765688357944417,2765688357945039
0,47874,GET,2765688358035589,2765688358036401
0,9729,PUT,2765688357949108,2765688357949980
0,9729,GET,2765688358035619,2765688358036381
0,46105,PUT,2765688357948637,2765688357949309
0,46105,GET,2765688358035639,2765688358036421
0,33567,PUT,2765688357950040,2765688357950812
0,33567,GET,2765688358035659,2765688358036361
0,42760,PUT,2765688357949720,2765688357950471
0,42760,GET,2765688358035679,2765688358036501
