0,282,PUT,2766142845495174
0,282,GET,2766142847142460
0,538,PUT,2766142845496086
0,538,GET,2766142847143553
0,794,PUT,2766142845496507
0,794,GET,2766142847143954
0,1306,PUT,2766142845497189
0,1306,GET,2766142847144575
0,1050,PUT,2766142845496848
0,1050,GET,2766142847144485
0,1562,PUT,2766142845497530
0,1562,GET,2766142847145197
0,1818,PUT,2766142845497870
0,1818,GET,2766142847145517
0,2074,PUT,2766142845498372
0,2074,GET,2766142847146329
0,2330,PUT,2766142845498712
0,2330,GET,2766142847147031
0,2586,PUT,2766142845499053
0,2586,GET,2766142847148484
0,2842,PUT,2766142845499404
0,2842,GET,2766142847148665
0,3098,PUT,2766142845499745
0,3098,GET,2766142847149998
0,3354,PUT,2766142845500086
0,3354,GET,2766142847150178
0,3610,PUT,2766142845500426
0,3610,GET,2766142847151140
0,3866,PUT,2766142845500767
0,3866,GET,2766142847151872
0,4378,PUT,2766142845501599
0,4378,GET,2766142847152103
0,4122,PUT,2766142845501258
0,4122,GET,2766142847152012
0,4634,PUT,2766142845501940
0,4634,GET,2766142847152293
0,5146,PUT,2766142845502621
0,5146,GET,2766142847153115
0,4890,PUT,2766142845502281
0,4890,GET,2766142847152854
0,5914,PUT,2766142845503644
0,5914,GET,2766142847153736
0,5402,PUT,2766142845502962
0,5402,GET,2766142847153456
0,5658,PUT,2766142845503303
0,5658,GET,2766142847153656
0,6170,PUT,2766142845504135
0,6170,GET,2766142847154328
0,6426,PUT,2766142845504476
0,6426,GET,2766142847154298
0,6682,PUT,2766142845504817
0,6682,GET,2766142847154578
0,6938,PUT,2766142845505157
0,6938,GET,2766142847154669
0,7194,PUT,2766142845505498
0,7194,GET,2766142847155240
0,7450,PUT,2766142845505839
0,7450,GET,2766142847155430
0,272,PUT,2766142845511141
0,272,GET,2766142847156413
0,7706,PUT,2766142845506180
0,7706,GET,2766142847155781
0,784,PUT,2766142845512585
0,784,GET,2766142847156483
0,7962,PUT,2766142845506520
0,7962,GET,2766142847156092
0,8218,PUT,2766142845507012
0,8218,GET,2766142847156132
0,528,PUT,2766142845512154
0,528,GET,2766142847156393
0,1040,PUT,2766142845512925
0,1040,GET,2766142847156673
0,1296,PUT,2766142845513266
0,1296,GET,2766142847157064
0,1808,PUT,2766142845513948
0,1808,GET,2766142847157224
0,2064,PUT,2766142845514439
0,2064,GET,2766142847157465
0,1552,PUT,2766142845513607
0,1552,GET,2766142847157134
0,2576,PUT,2766142845515120
0,2576,GET,2766142847157876
0,2320,PUT,2766142845514780
0,2320,GET,2766142847157816
0,2832,PUT,2766142845515461
0,2832,GET,2766142847158066
0,3344,PUT,2766142845516143
0,3344,GET,2766142847158758
0,3088,PUT,2766142845515802
0,3088,GET,2766142847158668
0,3600,PUT,2766142845516484
0,3600,GET,2766142847158888
0,3856,PUT,2766142845516824
0,3856,GET,2766142847159500
0,4112,PUT,2766142845517306
0,4112,GET,2766142847160091
0,4368,PUT,2766142845517646
0,4368,GET,2766142847160312
0,4624,PUT,2766142845517987
0,4624,GET,2766142847160522
0,5136,PUT,2766142845518669
0,5136,GET,2766142847161003
0,4880,PUT,2766142845518328
0,4880,GET,2766142847160923
0,5392,PUT,2766142845519009
0,5392,GET,2766142847161073
0,6672,PUT,2766142845520864
0,6672,GET,2766142847162236
0,6160,PUT,2766142845520182
0,6160,GET,2766142847162076
0,5648,PUT,2766142845519350
0,5648,GET,2766142847161795
0,5904,PUT,2766142845519691
0,5904,GET,2766142847161875
0,7184,PUT,2766142845521545
0,7184,GET,2766142847162597
0,6416,PUT,2766142845520523
0,6416,GET,2766142847162156
0,6928,PUT,2766142845521205
0,6928,GET,2766142847162517
0,7440,PUT,2766142845521886
0,7440,GET,2766142847162797
0,7696,PUT,2766142845522227
0,7696,GET,2766142847163008
0,7952,PUT,2766142845522568
0,7952,GET,2766142847163228
0,8208,PUT,2766142845523059
0,8208,GET,2766142847163579
0,533,PUT,2766142845534556
0,533,GET,2766142847164050
0,1045,PUT,2766142845535287
0,1045,GET,2766142847164321
0,277,PUT,2766142845533513
0,277,GET,2766142847163780
0,789,PUT,2766142845534946
0,789,GET,2766142847164120
0,1301,PUT,2766142845535628
0,1301,GET,2766142847164401
0,1557,PUT,2766142845535969
0,1557,GET,2766142847164602
0,1813,PUT,2766142845536310
0,1813,GET,2766142847164802
0,2069,PUT,2766142845536821
0,2069,GET,2766142847165003
0,2837,PUT,2766142845537853
0,2837,GET,2766142847165634
0,2581,PUT,2766142845537512
0,2581,GET,2766142847165544
0,2325,PUT,2766142845537162
0,2325,GET,2766142847165213
0,3093,PUT,2766142845538194
0,3093,GET,2766142847165975
0,3605,PUT,2766142845538876
0,3605,GET,2766142847166145
0,3349,PUT,2766142845538535
0,3349,GET,2766142847166055
0,4885,PUT,2766142845540730
0,4885,GET,2766142847167067
0,3861,PUT,2766142845539216
0,3861,GET,2766142847166215
0,4373,PUT,2766142845540048
0,4373,GET,2766142847166646
0,4117,PUT,2766142845539708
0,4117,GET,2766142847166556
0,4629,PUT,2766142845540389
0,4629,GET,2766142847166837
0,5141,PUT,2766142845541071
0,5141,GET,2766142847167147
0,5397,PUT,2766142845541412
0,5397,GET,2766142847167418
0,5653,PUT,2766142845541752
0,5653,GET,2766142847167508
0,5909,PUT,2766142845542093
0,5909,GET,2766142847167829
0,6165,PUT,2766142845542584
0,6165,GET,2766142847168110
0,6421,PUT,2766142845542925
0,6421,GET,2766142847168481
0,6677,PUT,2766142845543266
0,6677,GET,2766142847168731
0,6933,PUT,2766142845543607
0,6933,GET,2766142847169012
0,7445,PUT,2766142845544288
0,7445,GET,2766142847169272
0,7189,PUT,2766142845543947
0,7189,GET,2766142847169192
0,7701,PUT,2766142845544629
0,7701,GET,2766142847169463
0,8213,PUT,2766142845545461
0,8213,GET,2766142847169784
0,7957,PUT,2766142845544970
0,7957,GET,2766142847169754
0,785,PUT,2766142845553510
0,785,GET,2766142847170666
0,2065,PUT,2766142845555364
0,2065,GET,2766142847171237
0,273,PUT,2766142845551936
0,273,GET,2766142847170124
0,2577,PUT,2766142845556046
0,2577,GET,2766142847171638
0,529,PUT,2766142845553079
0,529,GET,2766142847170205
0,1809,PUT,2766142845554873
0,1809,GET,2766142847171107
0,2321,PUT,2766142845555705
0,2321,GET,2766142847171267
0,1553,PUT,2766142845554532
0,1553,GET,2766142847171027
0,1041,PUT,2766142845553850
0,1041,GET,2766142847170686
0,1297,PUT,2766142845554191
0,1297,GET,2766142847170986
0,3089,PUT,2766142845556727
0,3089,GET,2766142847171959
0,2833,PUT,2766142845556386
0,2833,GET,2766142847171708
0,3857,PUT,2766142845557749
0,3857,GET,2766142847172209
0,3345,PUT,2766142845557068
0,3345,GET,2766142847171979
0,4369,PUT,2766142845558581
0,4369,GET,2766142847172540
0,3601,PUT,2766142845557409
0,3601,GET,2766142847172019
0,4113,PUT,2766142845558241
0,4113,GET,2766142847172530
0,5137,PUT,2766142845559604
0,5137,GET,2766142847173021
0,7441,PUT,2766142845562821
0,7441,GET,2766142847174565
0,4881,PUT,2766142845559263
0,4881,GET,2766142847172931
0,4625,PUT,2766142845558922
0,4625,GET,2766142847172751
0,5393,PUT,2766142845559945
0,5393,GET,2766142847173382
0,6673,PUT,2766142845561799
0,6673,GET,2766142847174184
0,6161,PUT,2766142845561117
0,6161,GET,2766142847173763
0,6417,PUT,2766142845561458
0,6417,GET,2766142847173903
0,6929,PUT,2766142845562140
0,6929,GET,2766142847174264
0,5649,PUT,2766142845560285
0,5649,GET,2766142847173713
0,5905,PUT,2766142845560626
0,5905,GET,2766142847173703
0,7185,PUT,2766142845562480
0,7185,GET,2766142847174344
0,1039,PUT,2766142845577235
0,1039,GET,2766142847175798
0,527,PUT,2766142845576473
0,527,GET,2766142847175447
0,1807,PUT,2766142845578257
0,1807,GET,2766142847176199
0,7697,PUT,2766142845563162
0,7697,GET,2766142847175016
0,8209,PUT,2766142845563994
0,8209,GET,2766142847175326
0,7953,PUT,2766142845563503
0,7953,GET,2766142847175246
0,2063,PUT,2766142845578748
0,2063,GET,2766142847176239
0,1295,PUT,2766142845577576
0,1295,GET,2766142847175888
0,271,PUT,2766142845575551
0,271,GET,2766142847175457
0,783,PUT,2766142845576894
0,783,GET,2766142847175727
0,2575,PUT,2766142845579430
0,2575,GET,2766142847176519
0,2319,PUT,2766142845579089
0,2319,GET,2766142847176349
0,1551,PUT,2766142845577916
0,1551,GET,2766142847176098
0,2831,PUT,2766142845579771
0,2831,GET,2766142847176710
0,3087,PUT,2766142845580111
0,3087,GET,2766142847177050
0,3599,PUT,2766142845580793
0,3599,GET,2766142847177411
0,4367,PUT,2766142845581956
0,4367,GET,2766142847178033
0,4623,PUT,2766142845582307
0,4623,GET,2766142847178073
0,3855,PUT,2766142845581134
0,3855,GET,2766142847177672
0,3343,PUT,2766142845580452
0,3343,GET,2766142847177331
0,4111,PUT,2766142845581615
0,4111,GET,2766142847177702
0,4879,PUT,2766142845582647
0,4879,GET,2766142847178263
0,5647,PUT,2766142845583670
0,5647,GET,2766142847178945
0,6415,PUT,2766142845584842
0,6415,GET,2766142847179286
0,5135,PUT,2766142845582988
0,5135,GET,2766142847178534
0,5903,PUT,2766142845584010
0,5903,GET,2766142847178985
0,1310,PUT,2766142845599637
0,1310,GET,2766142847181250
0,6927,PUT,2766142845585524
0,6927,GET,2766142847179757
0,5391,PUT,2766142845583329
0,5391,GET,2766142847178694
0,6159,PUT,2766142845584502
0,6159,GET,2766142847179185
0,5662,PUT,2766142845605751
0,5662,GET,2766142847184468
0,5918,PUT,2766142845606092
0,5918,GET,2766142847184508
0,7695,PUT,2766142845586546
0,7695,GET,2766142847180228
0,7439,PUT,2766142845586206
0,7439,GET,2766142847180158
0,6671,PUT,2766142845585183
0,6671,GET,2766142847179576
0,7183,PUT,2766142845585865
0,7183,GET,2766142847179947
0,8207,PUT,2766142845587378
0,8207,GET,2766142847180639
0,286,PUT,2766142845597722
0,286,GET,2766142847180679
0,1566,PUT,2766142845599978
0,1566,GET,2766142847181691
0,7951,PUT,2766142845586887
0,7951,GET,2766142847180428
0,542,PUT,2766142845598594
0,542,GET,2766142847181060
0,3358,PUT,2766142845602523
0,3358,GET,2766142847182403
0,798,PUT,2766142845598955
0,798,GET,2766142847181090
0,1054,PUT,2766142845599296
0,1054,GET,2766142847181170
0,1822,PUT,2766142845600328
0,1822,GET,2766142847181781
0,2846,PUT,2766142845601842
0,2846,GET,2766142847182072
0,3102,PUT,2766142845602183
0,3102,GET,2766142847182212
0,2590,PUT,2766142845601501
0,2590,GET,2766142847182022
0,2078,PUT,2766142845600820
0,2078,GET,2766142847181862
0,2334,PUT,2766142845601160
0,2334,GET,2766142847181892
0,4126,PUT,2766142845603706
0,4126,GET,2766142847182864
0,3614,PUT,2766142845602864
0,3614,GET,2766142847182573
0,3870,PUT,2766142845603205
0,3870,GET,2766142847182654
0,5150,PUT,2766142845605069
0,5150,GET,2766142847183796
0,4638,PUT,2766142845604388
0,4638,GET,2766142847183305
0,7966,PUT,2766142845608978
0,7966,GET,2766142847185550
0,4382,PUT,2766142845604047
0,4382,GET,2766142847183205
0,6430,PUT,2766142845606924
0,6430,GET,2766142847184758
0,4894,PUT,2766142845604729
0,4894,GET,2766142847183345
0,7710,PUT,2766142845608638
0,7710,GET,2766142847185410
0,3352,PUT,2766142845627020
0,3352,GET,2766142847187234
0,6942,PUT,2766142845607605
0,6942,GET,2766142847185059
0,6174,PUT,2766142845606583
0,6174,GET,2766142847184688
0,5406,PUT,2766142845605410
0,5406,GET,2766142847184107
0,1304,PUT,2766142845624134
0,1304,GET,2766142847186452
0,2328,PUT,2766142845625657
0,2328,GET,2766142847186903
0,7198,PUT,2766142845607946
0,7198,GET,2766142847185240
0,8222,PUT,2766142845609470
0,8222,GET,2766142847185660
0,7454,PUT,2766142845608287
0,7454,GET,2766142847185280
0,4120,PUT,2766142845628193
0,4120,GET,2766142847187765
0,6686,PUT,2766142845607264
0,6686,GET,2766142847184839
0,792,PUT,2766142845623452
0,792,GET,2766142847186342
0,280,PUT,2766142845622099
0,280,GET,2766142847185731
0,1048,PUT,2766142845623793
0,1048,GET,2766142847186372
0,2584,PUT,2766142845625998
0,2584,GET,2766142847187004
0,536,PUT,2766142845623051
0,536,GET,2766142847185921
0,3864,PUT,2766142845627702
0,3864,GET,2766142847187495
0,2840,PUT,2766142845626339
0,2840,GET,2766142847187034
0,4376,PUT,2766142845628534
0,4376,GET,2766142847187815
0,1560,PUT,2766142845624474
0,1560,GET,2766142847186703
0,7960,PUT,2766142845633465
0,7960,GET,2766142847189560
0,2072,PUT,2766142845625306
0,2072,GET,2766142847186823
0,1816,PUT,2766142845624815
0,1816,GET,2766142847186783
0,3096,PUT,2766142845626680
0,3096,GET,2766142847187154
0,6936,PUT,2766142845632102
0,6936,GET,2766142847188928
0,3608,PUT,2766142845627361
0,3608,GET,2766142847187425
0,5656,PUT,2766142845630238
0,5656,GET,2766142847188367
0,5400,PUT,2766142845629897
0,5400,GET,2766142847188186
0,2331,PUT,2766142845646395
0,2331,GET,2766142847191013
0,6680,PUT,2766142845631761
0,6680,GET,2766142847188878
0,5659,PUT,2766142845650976
0,5659,GET,2766142847192476
0,5144,PUT,2766142845629556
0,5144,GET,2766142847188146
0,5403,PUT,2766142845650635
0,5403,GET,2766142847192386
0,539,PUT,2766142845643759
0,539,GET,2766142847190101
0,4632,PUT,2766142845628875
0,4632,GET,2766142847187846
0,6424,PUT,2766142845631411
0,6424,GET,2766142847188858
0,7704,PUT,2766142845633125
0,7704,GET,2766142847189489
0,4888,PUT,2766142845629215
0,4888,GET,2766142847188046
0,2587,PUT,2766142845646736
0,2587,GET,2766142847191113
0,5912,PUT,2766142845630579
0,5912,GET,2766142847188457
0,7192,PUT,2766142845632443
0,7192,GET,2766142847189219
0,7448,PUT,2766142845632784
0,7448,GET,2766142847189269
0,3867,PUT,2766142845648440
0,3867,GET,2766142847191464
0,3099,PUT,2766142845647418
0,3099,GET,2766142847191274
0,283,PUT,2766142845642907
0,283,GET,2766142847190051
0,6168,PUT,2766142845631070
0,6168,GET,2766142847188728
0,3355,PUT,2766142845647759
0,3355,GET,2766142847191344
0,3611,PUT,2766142845648099
0,3611,GET,2766142847191384
0,1819,PUT,2766142845645563
0,1819,GET,2766142847190642
0,2075,PUT,2766142845646055
0,2075,GET,2766142847190692
0,1051,PUT,2766142845644541
0,1051,GET,2766142847190171
0,8216,PUT,2766142845633946
0,8216,GET,2766142847190021
0,795,PUT,2766142845644200
0,795,GET,2766142847190141
0,3330,PUT,2766142845698827
0,3330,GET,2766142847195283
0,4123,PUT,2766142845648931
0,4123,GET,2766142847191534
0,4379,PUT,2766142845649272
0,4379,GET,2766142847191564
0,1563,PUT,2766142845645223
0,1563,GET,2766142847190562
0,6939,PUT,2766142845652830
0,6939,GET,2766142847192937
0,5915,PUT,2766142845651317
0,5915,GET,2766142847192506
0,1307,PUT,2766142845644882
0,1307,GET,2766142847190532
0,2843,PUT,2766142845647077
0,2843,GET,2766142847191193
0,6683,PUT,2766142845652490
0,6683,GET,2766142847192697
0,6171,PUT,2766142845651808
0,6171,GET,2766142847192597
0,7451,PUT,2766142845653512
0,7451,GET,2766142847193038
0,7707,PUT,2766142845653853
0,7707,GET,2766142847193088
0,258,PUT,2766142845693475
0,258,GET,2766142847193829
0,4635,PUT,2766142845649613
0,4635,GET,2766142847192055
0,4891,PUT,2766142845649954
0,4891,GET,2766142847192286
0,6427,PUT,2766142845652149
0,6427,GET,2766142847192627
0,770,PUT,2766142845695259
0,770,GET,2766142847193940
0,7963,PUT,2766142845654193
0,7963,GET,2766142847193489
0,5147,PUT,2766142845650294
0,5147,GET,2766142847192306
0,7195,PUT,2766142845653171
0,7195,GET,2766142847192967
0,514,PUT,2766142845694858
0,514,GET,2766142847193860
0,2068,PUT,2766142845728045
0,2068,GET,2766142847198580
0,2324,PUT,2766142845728386
0,2324,GET,2766142847198611
0,3586,PUT,2766142845699168
0,3586,GET,2766142847195313
0,1794,PUT,2766142845696632
0,1794,GET,2766142847194551
0,1282,PUT,2766142845695950
0,1282,GET,2766142847194291
0,1538,PUT,2766142845696291
0,1538,GET,2766142847194331
0,4354,PUT,2766142845700341
0,4354,GET,2766142847195984
0,2818,PUT,2766142845698146
0,2818,GET,2766142847195002
0,4098,PUT,2766142845700000
0,4098,GET,2766142847195704
0,2562,PUT,2766142845697805
0,2562,GET,2766142847194962
0,8219,PUT,2766142845654705
0,8219,GET,2766142847193749
0,5378,PUT,2766142845701704
0,5378,GET,2766142847196656
0,6146,PUT,2766142845702877
0,6146,GET,2766142847197027
0,1026,PUT,2766142845695600
0,1026,GET,2766142847194080
0,6658,PUT,2766142845703558
0,6658,GET,2766142847197167
0,5122,PUT,2766142845701363
0,5122,GET,2766142847196586
0,2306,PUT,2766142845697454
0,2306,GET,2766142847194722
0,1300,PUT,2766142845726872
0,1300,GET,2766142847198119
0,3842,PUT,2766142845699509
0,3842,GET,2766142847195513
0,5634,PUT,2766142845702045
0,5634,GET,2766142847196686
0,2050,PUT,2766142845697113
0,2050,GET,2766142847194591
0,6402,PUT,2766142845703217
0,6402,GET,2766142847197127
0,3074,PUT,2766142845698486
0,3074,GET,2766142847195233
0,4866,PUT,2766142845701022
0,4866,GET,2766142847196556
0,8212,PUT,2766142845736705
0,8212,GET,2766142847201738
0,4610,PUT,2766142845700681
0,4610,GET,2766142847196325
0,5890,PUT,2766142845702385
0,5890,GET,2766142847196766
0,1044,PUT,2766142845726531
0,1044,GET,2766142847197929
0,7956,PUT,2766142845736194
0,7956,GET,2766142847201708
0,788,PUT,2766142845726191
0,788,GET,2766142847197819
0,276,PUT,2766142845725038
0,276,GET,2766142847197708
0,6932,PUT,2766142845734831
0,6932,GET,2766142847201086
0,7938,PUT,2766142845705262
0,7938,GET,2766142847197588
0,532,PUT,2766142845725800
0,532,GET,2766142847197739
0,8194,PUT,2766142845705753
0,8194,GET,2766142847197628
0,2580,PUT,2766142845728727
0,2580,GET,2766142847198681
0,6914,PUT,2766142845703899
0,6914,GET,2766142847197358
0,7170,PUT,2766142845704240
0,7170,GET,2766142847197388
0,7426,PUT,2766142845704581
0,7426,GET,2766142847197468
0,1556,PUT,2766142845727213
0,1556,GET,2766142847198149
0,7682,PUT,2766142845704921
0,7682,GET,2766142847197508
0,7188,PUT,2766142845735172
0,7188,GET,2766142847201126
0,4628,PUT,2766142845731613
0,4628,GET,2766142847199914
0,1812,PUT,2766142845727554
0,1812,GET,2766142847198230
0,4372,PUT,2766142845731273
0,4372,GET,2766142847199493
0,3604,PUT,2766142845730090
0,3604,GET,2766142847199292
0,1540,PUT,2766142845780938
0,1540,GET,2766142847202169
0,6164,PUT,2766142845733808
0,6164,GET,2766142847200695
0,6676,PUT,2766142845734490
0,6676,GET,2766142847200806
0,3348,PUT,2766142845729749
0,3348,GET,2766142847199092
0,5396,PUT,2766142845732636
0,5396,GET,2766142847200294
0,3092,PUT,2766142845729408
0,3092,GET,2766142847199052
0,2836,PUT,2766142845729067
0,2836,GET,2766142847198971
0,1284,PUT,2766142845780597
0,1284,GET,2766142847202129
0,7444,PUT,2766142845735512
0,7444,GET,2766142847201197
0,3860,PUT,2766142845730431
0,3860,GET,2766142847199322
0,4868,PUT,2766142845785659
0,4868,GET,2766142847204103
0,4116,PUT,2766142845730932
0,4116,GET,2766142847199402
0,790,PUT,2766142845813113
0,790,GET,2766142847206078
0,2052,PUT,2766142845781770
0,2052,GET,2766142847202319
0,4884,PUT,2766142845731954
0,4884,GET,2766142847199994
0,6420,PUT,2766142845734149
0,6420,GET,2766142847200725
0,3844,PUT,2766142845784155
0,3844,GET,2766142847203342
0,260,PUT,2766142845778041
0,260,GET,2766142847201818
0,5908,PUT,2766142845733317
0,5908,GET,2766142847200595
0,7700,PUT,2766142845735853
0,7700,GET,2766142847201537
0,5140,PUT,2766142845732295
0,5140,GET,2766142847200084
0,772,PUT,2766142845779915
0,772,GET,2766142847202018
0,5124,PUT,2766142845786000
0,5124,GET,2766142847204274
0,7940,PUT,2766142845789899
0,7940,GET,2766142847205517
0,4100,PUT,2766142845784636
0,4100,GET,2766142847203763
0,5652,PUT,2766142845732976
0,5652,GET,2766142847200505
0,1796,PUT,2766142845781279
0,1796,GET,2766142847202239
0,1028,PUT,2766142845780256
0,1028,GET,2766142847202059
0,516,PUT,2766142845779484
0,516,GET,2766142847201918
0,2070,PUT,2766142845814977
0,2070,GET,2766142847206349
0,3588,PUT,2766142845783815
0,3588,GET,2766142847203301
0,5636,PUT,2766142845786681
0,5636,GET,2766142847204474
0,2326,PUT,2766142845815318
0,2326,GET,2766142847206439
0,6660,PUT,2766142845788195
0,6660,GET,2766142847204845
0,6404,PUT,2766142845787854
0,6404,GET,2766142847204655
0,2308,PUT,2766142845782111
0,2308,GET,2766142847202620
0,4612,PUT,2766142845785318
0,4612,GET,2766142847203883
0,6148,PUT,2766142845787513
0,6148,GET,2766142847204584
0,2582,PUT,2766142845815659
0,2582,GET,2766142847206529
0,4356,PUT,2766142845784977
0,4356,GET,2766142847203813
0,3076,PUT,2766142845783133
0,3076,GET,2766142847203191
0,3332,PUT,2766142845783474
0,3332,GET,2766142847203221
0,1046,PUT,2766142845813453
0,1046,GET,2766142847206128
0,2564,PUT,2766142845782451
0,2564,GET,2766142847202830
0,5892,PUT,2766142845787022
0,5892,GET,2766142847204514
0,4118,PUT,2766142845817864
0,4118,GET,2766142847207531
0,4374,PUT,2766142845818204
0,4374,GET,2766142847207561
0,6916,PUT,2766142845788536
0,6916,GET,2766142847204945
0,2820,PUT,2766142845782792
0,2820,GET,2766142847203051
0,3862,PUT,2766142845817362
0,3862,GET,2766142847207030
0,7428,PUT,2766142845789217
0,7428,GET,2766142847205056
0,1302,PUT,2766142845813794
0,1302,GET,2766142847206158
0,7684,PUT,2766142845789558
0,7684,GET,2766142847205096
0,7172,PUT,2766142845788876
0,7172,GET,2766142847204985
0,5380,PUT,2766142845786340
0,5380,GET,2766142847204294
0,3606,PUT,2766142845817022
0,3606,GET,2766142847206990
0,1558,PUT,2766142845814135
0,1558,GET,2766142847206238
0,278,PUT,2766142845811800
0,278,GET,2766142847205807
0,3350,PUT,2766142845816681
0,3350,GET,2766142847206910
0,2838,PUT,2766142845815999
0,2838,GET,2766142847206749
0,6934,PUT,2766142845821763
0,6934,GET,2766142847208494
0,1814,PUT,2766142845814476
0,1814,GET,2766142847206278
0,534,PUT,2766142845812722
0,534,GET,2766142847205847
0,8196,PUT,2766142845790380
0,8196,GET,2766142847205617
0,5910,PUT,2766142845820249
0,5910,GET,2766142847208223
0,3094,PUT,2766142845816340
0,3094,GET,2766142847206830
0,4630,PUT,2766142845818545
0,4630,GET,2766142847207642
0,5398,PUT,2766142845819568
0,5398,GET,2766142847208113
0,7443,PUT,2766142846189156
0,7443,GET,2766142847212473
0,8214,PUT,2766142845823637
0,8214,GET,2766142847209536
0,275,PUT,2766142846178130
0,275,GET,2766142847209576
0,5654,PUT,2766142845819908
0,5654,GET,2766142847208153
0,1043,PUT,2766142846180185
0,1043,GET,2766142847209997
0,7702,PUT,2766142845822785
0,7702,GET,2766142847209356
0,6166,PUT,2766142845820740
0,6166,GET,2766142847208273
0,4886,PUT,2766142845818886
0,4886,GET,2766142847207852
0,6678,PUT,2766142845821422
0,6678,GET,2766142847208403
0,5142,PUT,2766142845819227
0,5142,GET,2766142847207932
0,1299,PUT,2766142846180526
0,1299,GET,2766142847210027
0,7955,PUT,2766142846189838
0,7955,GET,2766142847212964
0,7446,PUT,2766142845822444
0,7446,GET,2766142847209075
0,7190,PUT,2766142845822103
0,7190,GET,2766142847208714
0,8211,PUT,2766142846190319
0,8211,GET,2766142847212994
0,6422,PUT,2766142845821081
0,6422,GET,2766142847208333
0,7958,PUT,2766142845823126
0,7958,GET,2766142847209446
0,2579,PUT,2766142846182380
0,2579,GET,2766142847210719
0,6931,PUT,2766142846188474
0,6931,GET,2766142847212363
0,531,PUT,2766142846179443
0,531,GET,2766142847209766
0,5907,PUT,2766142846186951
0,5907,GET,2766142847211992
0,5395,PUT,2766142846186269
0,5395,GET,2766142847211881
0,1555,PUT,2766142846180867
0,1555,GET,2766142847210228
0,7187,PUT,2766142846188815
0,7187,GET,2766142847212403
0,5139,PUT,2766142846185929
0,5139,GET,2766142847211781
0,1811,PUT,2766142846181208
0,1811,GET,2766142847210318
0,2067,PUT,2766142846181699
0,2067,GET,2766142847210528
0,7699,PUT,2766142846189497
0,7699,GET,2766142847212563
0,787,PUT,2766142846179844
0,787,GET,2766142847209807
0,3859,PUT,2766142846184084
0,3859,GET,2766142847211029
0,4115,PUT,2766142846184565
0,4115,GET,2766142847211230
0,2323,PUT,2766142846182039
0,2323,GET,2766142847210618
0,3347,PUT,2766142846183403
0,3347,GET,2766142847210919
0,4371,PUT,2766142846184906
0,4371,GET,2766142847211320
0,5651,PUT,2766142846186610
0,5651,GET,2766142847211911
0,3603,PUT,2766142846183743
0,3603,GET,2766142847210959
0,3097,PUT,2766142846199019
0,3097,GET,2766142847214187
0,2835,PUT,2766142846182721
0,2835,GET,2766142847210819
0,793,PUT,2766142846195801
0,793,GET,2766142847213535
0,3091,PUT,2766142846183062
0,3091,GET,2766142847210849
0,2585,PUT,2766142846198337
0,2585,GET,2766142847213906
0,4883,PUT,2766142846185588
0,4883,GET,2766142847211691
0,2329,PUT,2766142846197997
0,2329,GET,2766142847213866
0,6419,PUT,2766142846187793
0,6419,GET,2766142847212172
0,537,PUT,2766142846195411
0,537,GET,2766142847213174
0,4627,PUT,2766142846185247
0,4627,GET,2766142847211420
0,6675,PUT,2766142846188134
0,6675,GET,2766142847212272
0,1817,PUT,2766142846197165
0,1817,GET,2766142847213766
0,1049,PUT,2766142846196142
0,1049,GET,2766142847213575
0,6163,PUT,2766142846187452
0,6163,GET,2766142847212092
0,4121,PUT,2766142846200563
0,4121,GET,2766142847214818
0,281,PUT,2766142846194408
0,281,GET,2766142847213074
0,2841,PUT,2766142846198678
0,2841,GET,2766142847214097
0,4377,PUT,2766142846200903
0,4377,GET,2766142847214848
0,2073,PUT,2766142846197656
0,2073,GET,2766142847213796
0,7193,PUT,2766142846204812
0,7193,GET,2766142847216101
0,6937,PUT,2766142846204462
0,6937,GET,2766142847216001
0,3353,PUT,2766142846199360
0,3353,GET,2766142847214397
0,1305,PUT,2766142846196483
0,1305,GET,2766142847213645
0,1036,PUT,2766142846228167
0,1036,GET,2766142847216883
0,1561,PUT,2766142846196824
0,1561,GET,2766142847213686
0,4889,PUT,2766142846201585
0,4889,GET,2766142847215149
0,4633,PUT,2766142846201244
0,4633,GET,2766142847215059
0,6681,PUT,2766142846204121
0,6681,GET,2766142847215911
0,1806,PUT,2766142846255169
0,1806,GET,2766142847220822
0,6425,PUT,2766142846203780
0,6425,GET,2766142847215881
0,3609,PUT,2766142846199700
0,3609,GET,2766142847214698
0,7961,PUT,2766142846205835
0,7961,GET,2766142847216552
0,5913,PUT,2766142846202948
0,5913,GET,2766142847215770
0,6169,PUT,2766142846203439
0,6169,GET,2766142847215800
0,1548,PUT,2766142846228848
0,1548,GET,2766142847217043
0,3340,PUT,2766142846231384
0,3340,GET,2766142847218156
0,3865,PUT,2766142846200041
0,3865,GET,2766142847214738
0,2062,PUT,2766142846255681
0,2062,GET,2766142847220862
0,8217,PUT,2766142846206336
0,8217,GET,2766142847216652
0,5401,PUT,2766142846202266
0,5401,GET,2766142847215450
0,5132,PUT,2766142846233930
0,5132,GET,2766142847218978
0,5657,PUT,2766142846202607
0,5657,GET,2766142847215550
0,7705,PUT,2766142846205494
0,7705,GET,2766142847216462
0,5145,PUT,2766142846201926
0,5145,GET,2766142847215359
0,1804,PUT,2766142846229189
0,1804,GET,2766142847217144
0,268,PUT,2766142846226513
0,268,GET,2766142847216683
0,2060,PUT,2766142846229680
0,2060,GET,2766142847217244
0,5388,PUT,2766142846234271
0,5388,GET,2766142847219018
0,7449,PUT,2766142846205153
0,7449,GET,2766142847216181
0,524,PUT,2766142846227405
0,524,GET,2766142847216763
0,270,PUT,2766142846252263
0,270,GET,2766142847220341
0,7438,PUT,2766142846263138
0,7438,GET,2766142847223498
0,1292,PUT,2766142846228507
0,1292,GET,2766142847216973
0,780,PUT,2766142846227826
0,780,GET,2766142847216803
0,2572,PUT,2766142846230362
0,2572,GET,2766142847217424
0,3084,PUT,2766142846231043
0,3084,GET,2766142847217955
0,3596,PUT,2766142846231725
0,3596,GET,2766142847218256
0,2316,PUT,2766142846230021
0,2316,GET,2766142847217324
0,4620,PUT,2766142846233248
0,4620,GET,2766142847218868
0,2828,PUT,2766142846230703
0,2828,GET,2766142847217514
0,7436,PUT,2766142846237147
0,7436,GET,2766142847219910
0,4876,PUT,2766142846233589
0,4876,GET,2766142847218908
0,6156,PUT,2766142846235444
0,6156,GET,2766142847219389
0,6412,PUT,2766142846235784
0,6412,GET,2766142847219489
0,7948,PUT,2766142846237829
0,7948,GET,2766142847220231
0,8204,PUT,2766142846238330
0,8204,GET,2766142847220261
0,6668,PUT,2766142846236125
0,6668,GET,2766142847219589
0,4108,PUT,2766142846232567
0,4108,GET,2766142847218677
0,1294,PUT,2766142846254488
0,1294,GET,2766142847220712
0,526,PUT,2766142846253415
0,526,GET,2766142847220371
0,3852,PUT,2766142846232066
0,3852,GET,2766142847218286
0,6924,PUT,2766142846236466
0,6924,GET,2766142847219800
0,1550,PUT,2766142846254829
0,1550,GET,2766142847220742
0,4364,PUT,2766142846232908
0,4364,GET,2766142847218587
0,5902,PUT,2766142846260943
0,5902,GET,2766142847222717
0,5900,PUT,2766142846234952
0,5900,GET,2766142847219118
0,5644,PUT,2766142846234612
0,5644,GET,2766142847219088
0,7692,PUT,2766142846237488
0,7692,GET,2766142847220131
0,1038,PUT,2766142846254147
0,1038,GET,2766142847220632
0,7180,PUT,2766142846236807
0,7180,GET,2766142847219840
0,2830,PUT,2766142846256703
0,2830,GET,2766142847221043
0,4878,PUT,2766142846259580
0,4878,GET,2766142847222496
0,3086,PUT,2766142846257044
0,3086,GET,2766142847221083
0,2318,PUT,2766142846256021
0,2318,GET,2766142847220932
0,1793,PUT,2766142846326395
0,1793,GET,2766142847224791
0,5134,PUT,2766142846259920
0,5134,GET,2766142847222536
0,8206,PUT,2766142846264321
0,8206,GET,2766142847224110
0,2574,PUT,2766142846256362
0,2574,GET,2766142847220973
0,3342,PUT,2766142846257384
0,3342,GET,2766142847221514
0,1025,PUT,2766142846325362
0,1025,GET,2766142847224591
0,4366,PUT,2766142846258898
0,4366,GET,2766142847222326
0,7182,PUT,2766142846262797
0,7182,GET,2766142847223298
0,782,PUT,2766142846253806
0,782,GET,2766142847220552
0,2049,PUT,2766142846326886
0,2049,GET,2766142847224821
0,3329,PUT,2766142846328590
0,3329,GET,2766142847225393
0,4622,PUT,2766142846259239
0,4622,GET,2766142847222406
0,6414,PUT,2766142846261775
0,6414,GET,2766142847222897
0,5390,PUT,2766142846260261
0,5390,GET,2766142847222606
0,5646,PUT,2766142846260602
0,5646,GET,2766142847222646
0,4110,PUT,2766142846258557
0,4110,GET,2766142847222035
0,3854,PUT,2766142846258066
0,3854,GET,2766142847221995
0,3598,PUT,2766142846257725
0,3598,GET,2766142847221915
0,6158,PUT,2766142846261434
0,6158,GET,2766142847222817
0,6670,PUT,2766142846262115
0,6670,GET,2766142847222927
0,7950,PUT,2766142846263819
0,7950,GET,2766142847224010
0,6926,PUT,2766142846262456
0,6926,GET,2766142847223198
0,2305,PUT,2766142846327227
0,2305,GET,2766142847224902
0,7431,PUT,2766142846400146
0,7431,GET,2766142847231497
0,7687,PUT,2766142846400487
0,7687,GET,2766142847231527
0,2561,PUT,2766142846327567
0,2561,GET,2766142847225002
0,5633,PUT,2766142846331807
0,5633,GET,2766142847227027
0,1281,PUT,2766142846325703
0,1281,GET,2766142847224671
0,4097,PUT,2766142846329753
0,4097,GET,2766142847225864
0,1537,PUT,2766142846326054
0,1537,GET,2766142847224711
0,7694,PUT,2766142846263479
0,7694,GET,2766142847223709
0,257,PUT,2766142846323328
0,257,GET,2766142847224200
0,513,PUT,2766142846324621
0,513,GET,2766142847224300
0,6657,PUT,2766142846333321
0,6657,GET,2766142847227458
0,5889,PUT,2766142846332148
0,5889,GET,2766142847227067
0,769,PUT,2766142846325022
0,769,GET,2766142847224330
0,3073,PUT,2766142846328249
0,3073,GET,2766142847225182
0,4615,PUT,2766142846396247
0,4615,GET,2766142847229883
0,4353,PUT,2766142846330093
0,4353,GET,2766142847226114
0,3585,PUT,2766142846328931
0,3585,GET,2766142847225493
0,6145,PUT,2766142846332629
0,6145,GET,2766142847227147
0,2817,PUT,2766142846327908
0,2817,GET,2766142847225102
0,1031,PUT,2766142846391185
0,1031,GET,2766142847228380
0,5377,PUT,2766142846331467
0,5377,GET,2766142847226746
0,7169,PUT,2766142846334053
0,7169,GET,2766142847227568
0,2567,PUT,2766142846393380
0,2567,GET,2766142847228901
0,4871,PUT,2766142846396588
0,4871,GET,2766142847229903
0,4865,PUT,2766142846330775
0,4865,GET,2766142847226576
0,1287,PUT,2766142846391526
0,1287,GET,2766142847228420
0,4609,PUT,2766142846330434
0,4609,GET,2766142847226215
0,5121,PUT,2766142846331116
0,5121,GET,2766142847226656
0,6401,PUT,2766142846332970
0,6401,GET,2766142847227247
0,3841,PUT,2766142846329271
0,3841,GET,2766142847225784
0,6913,PUT,2766142846333712
0,6913,GET,2766142847227488
0,5639,PUT,2766142846397610
0,5639,GET,2766142847230324
0,2311,PUT,2766142846393040
0,2311,GET,2766142847228710
0,519,PUT,2766142846390433
0,519,GET,2766142847228269
0,263,PUT,2766142846389501
0,263,GET,2766142847228169
0,7425,PUT,2766142846334393
0,7425,GET,2766142847227608
0,775,PUT,2766142846390844
0,775,GET,2766142847228310
0,4359,PUT,2766142846395906
0,4359,GET,2766142847229623
0,3591,PUT,2766142846394744
0,3591,GET,2766142847229302
0,7681,PUT,2766142846334734
0,7681,GET,2766142847227798
0,7937,PUT,2766142846335075
0,7937,GET,2766142847227879
0,4103,PUT,2766142846395565
0,4103,GET,2766142847229552
0,3847,PUT,2766142846395084
0,3847,GET,2766142847229512
0,5895,PUT,2766142846397951
0,5895,GET,2766142847230354
0,1543,PUT,2766142846391867
0,1543,GET,2766142847228500
0,1799,PUT,2766142846392208
0,1799,GET,2766142847228540
0,2055,PUT,2766142846392699
0,2055,GET,2766142847228620
0,8193,PUT,2766142846335576
0,8193,GET,2766142847228099
0,3335,PUT,2766142846394403
0,3335,GET,2766142847229222
0,2823,PUT,2766142846393721
0,2823,GET,2766142847229121
0,7175,PUT,2766142846399805
0,7175,GET,2766142847231216
0,6663,PUT,2766142846399124
0,6663,GET,2766142847230996
0,3079,PUT,2766142846394062
0,3079,GET,2766142847229152
0,2569,PUT,2766142846426487
0,2569,GET,2766142847232630
0,7943,PUT,2766142846400828
0,7943,GET,2766142847231727
0,5127,PUT,2766142846396929
0,5127,GET,2766142847229933
0,5383,PUT,2766142846397269
0,5383,GET,2766142847229973
0,2825,PUT,2766142846426828
0,2825,GET,2766142847232930
0,1289,PUT,2766142846424633
0,1289,GET,2766142847232319
0,6151,PUT,2766142846398442
0,6151,GET,2766142847230565
0,3849,PUT,2766142846428191
0,3849,GET,2766142847233371
0,3081,PUT,2766142846427169
0,3081,GET,2766142847232960
0,4105,PUT,2766142846428692
0,4105,GET,2766142847233472
0,2057,PUT,2766142846425806
0,2057,GET,2766142847232519
0,6919,PUT,2766142846399464
0,6919,GET,2766142847231026
0,6407,PUT,2766142846398783
0,6407,GET,2766142847230645
0,265,PUT,2766142846422458
0,265,GET,2766142847231898
0,521,PUT,2766142846423550
0,521,GET,2766142847231928
0,8199,PUT,2766142846401309
0,8199,GET,2766142847231818
0,267,PUT,2766142846451355
0,267,GET,2766142847235526
0,1035,PUT,2766142846453199
0,1035,GET,2766142847236118
0,4361,PUT,2766142846429033
0,4361,GET,2766142847233572
0,5641,PUT,2766142846430737
0,5641,GET,2766142847234273
0,4617,PUT,2766142846429374
0,4617,GET,2766142847233612
0,2313,PUT,2766142846426146
0,2313,GET,2766142847232559
0,1801,PUT,2766142846425315
0,1801,GET,2766142847232449
0,523,PUT,2766142846452407
0,523,GET,2766142847235807
0,777,PUT,2766142846423951
0,777,GET,2766142847232199
0,1033,PUT,2766142846424292
0,1033,GET,2766142847232229
0,1545,PUT,2766142846424974
0,1545,GET,2766142847232409
0,4107,PUT,2766142846457589
0,4107,GET,2766142847237501
0,3337,PUT,2766142846427510
0,3337,GET,2766142847233151
0,6921,PUT,2766142846432591
0,6921,GET,2766142847234935
0,5897,PUT,2766142846431078
0,5897,GET,2766142847234374
0,4363,PUT,2766142846457930
0,4363,GET,2766142847237531
0,6153,PUT,2766142846431569
0,6153,GET,2766142847234414
0,7177,PUT,2766142846432932
0,7177,GET,2766142847235015
0,2583,PUT,2766142846481214
0,2583,GET,2766142847240979
0,2839,PUT,2766142846481555
0,2839,GET,2766142847241019
0,7959,PUT,2766142846489012
0,7959,GET,2766142847243284
0,7703,PUT,2766142846488672
0,7703,GET,2766142847243244
0,3593,PUT,2766142846427850
0,3593,GET,2766142847233191
0,6409,PUT,2766142846431910
0,6409,GET,2766142847234664
0,4873,PUT,2766142846429715
0,4873,GET,2766142847233692
0,5385,PUT,2766142846430396
0,5385,GET,2766142847234173
0,6665,PUT,2766142846432251
0,6665,GET,2766142847234744
0,5129,PUT,2766142846430056
0,5129,GET,2766142847233963
0,7945,PUT,2766142846433955
0,7945,GET,2766142847235426
0,4619,PUT,2766142846458271
0,4619,GET,2766142847237731
0,8201,PUT,2766142846434456
0,8201,GET,2766142847235456
0,1547,PUT,2766142846453881
0,1547,GET,2766142847236699
0,7433,PUT,2766142846433273
0,7433,GET,2766142847235196
0,7689,PUT,2766142846433614
0,7689,GET,2766142847235236
0,779,PUT,2766142846452858
0,779,GET,2766142847235887
0,1291,PUT,2766142846453540
0,1291,GET,2766142847236408
0,1803,PUT,2766142846454222
0,1803,GET,2766142847236729
0,4875,PUT,2766142846458612
0,4875,GET,2766142847237952
0,3339,PUT,2766142846456417
0,3339,GET,2766142847237290
0,2315,PUT,2766142846455054
0,2315,GET,2766142847236879
0,2827,PUT,2766142846455735
0,2827,GET,2766142847237000
0,3595,PUT,2766142846456758
0,3595,GET,2766142847237381
0,5143,PUT,2766142846484773
0,5143,GET,2766142847242132
0,3851,PUT,2766142846457098
0,3851,GET,2766142847237421
0,7179,PUT,2766142846461829
0,7179,GET,2766142847239165
0,2571,PUT,2766142846455394
0,2571,GET,2766142847236920
0,2059,PUT,2766142846454713
0,2059,GET,2766142847236819
0,2071,PUT,2766142846480533
0,2071,GET,2766142847240869
0,7435,PUT,2766142846462170
0,7435,GET,2766142847239205
0,5387,PUT,2766142846459293
0,5387,GET,2766142847238062
0,5131,PUT,2766142846458953
0,5131,GET,2766142847238022
0,5899,PUT,2766142846459975
0,5899,GET,2766142847238333
0,3083,PUT,2766142846456076
0,3083,GET,2766142847237210
0,6411,PUT,2766142846460807
0,6411,GET,2766142847238844
0,5643,PUT,2766142846459634
0,5643,GET,2766142847238253
0,2327,PUT,2766142846480874
0,2327,GET,2766142847240909
0,1303,PUT,2766142846479360
0,1303,GET,2766142847240528
0,6667,PUT,2766142846461148
0,6667,GET,2766142847239055
0,6923,PUT,2766142846461489
0,6923,GET,2766142847239095
0,7691,PUT,2766142846462511
0,7691,GET,2766142847239395
0,1559,PUT,2766142846479701
0,1559,GET,2766142847240588
0,6155,PUT,2766142846460466
0,6155,GET,2766142847238543
0,279,PUT,2766142846477355
0,279,GET,2766142847239786
0,3351,PUT,2766142846482237
0,3351,GET,2766142847241300
0,259,PUT,2766142846533837
0,259,GET,2766142847243665
0,3863,PUT,2766142846482918
0,3863,GET,2766142847241490
0,791,PUT,2766142846478678
0,791,GET,2766142847240067
0,8215,PUT,2766142846489524
0,8215,GET,2766142847243365
0,1047,PUT,2766142846479019
0,1047,GET,2766142847240107
0,535,PUT,2766142846478267
0,535,GET,2766142847239997
0,4119,PUT,2766142846483409
0,4119,GET,2766142847241520
0,1815,PUT,2766142846480042
0,1815,GET,2766142847240678
0,7947,PUT,2766142846462852
0,7947,GET,2766142847239676
0,4887,PUT,2766142846484432
0,4887,GET,2766142847241901
0,8203,PUT,2766142846463333
0,8203,GET,2766142847239716
0,4375,PUT,2766142846483750
0,4375,GET,2766142847241600
0,3095,PUT,2766142846481896
0,3095,GET,2766142847241220
0,771,PUT,2766142846535771
0,771,GET,2766142847243826
0,1027,PUT,2766142846536112
0,1027,GET,2766142847243856
0,6935,PUT,2766142846487319
0,6935,GET,2766142847242853
0,4631,PUT,2766142846484091
0,4631,GET,2766142847241630
0,3607,PUT,2766142846482578
0,3607,GET,2766142847241400
0,6167,PUT,2766142846486296
0,6167,GET,2766142847242553
0,5399,PUT,2766142846485113
0,5399,GET,2766142847242232
0,7191,PUT,2766142846487990
0,7191,GET,2766142847242883
0,2819,PUT,2766142846538648
0,2819,GET,2766142847244958
0,3075,PUT,2766142846538989
0,3075,GET,2766142847244988
0,5655,PUT,2766142846485454
0,5655,GET,2766142847242262
0,2051,PUT,2766142846537625
0,2051,GET,2766142847244637
0,6423,PUT,2766142846486637
0,6423,GET,2766142847242623
0,6679,PUT,2766142846486978
0,6679,GET,2766142847242663
0,1283,PUT,2766142846536453
0,1283,GET,2766142847244136
0,1539,PUT,2766142846536793
0,1539,GET,2766142847244166
0,5911,PUT,2766142846485795
0,5911,GET,2766142847242472
0,6403,PUT,2766142846543750
0,6403,GET,2766142847246532
0,2307,PUT,2766142846537966
0,2307,GET,2766142847244738
0,1795,PUT,2766142846537134
0,1795,GET,2766142847244377
0,515,PUT,2766142846535340
0,515,GET,2766142847243735
0,7171,PUT,2766142846544772
0,7171,GET,2766142847246973
0,7447,PUT,2766142846488331
0,7447,GET,2766142847243164
0,3331,PUT,2766142846539329
0,3331,GET,2766142847245259
0,4355,PUT,2766142846540863
0,4355,GET,2766142847245640
0,2563,PUT,2766142846538307
0,2563,GET,2766142847244768
0,525,PUT,2766142846559075
0,525,GET,2766142847248055
0,5123,PUT,2766142846541885
0,5123,GET,2766142847245880
0,4611,PUT,2766142846541204
0,4611,GET,2766142847245750
0,4867,PUT,2766142846541544
0,4867,GET,2766142847245780
0,4099,PUT,2766142846540522
0,4099,GET,2766142847245570
0,6147,PUT,2766142846543409
0,6147,GET,2766142847246251
0,269,PUT,2766142846557993
0,269,GET,2766142847247835
0,4621,PUT,2766142846564949
0,4621,GET,2766142847249900
0,3587,PUT,2766142846539670
0,3587,GET,2766142847245449
0,3843,PUT,2766142846540021
0,3843,GET,2766142847245489
0,5379,PUT,2766142846542226
0,5379,GET,2766142847245930
0,1293,PUT,2766142846560208
0,1293,GET,2766142847248386
0,781,PUT,2766142846559526
0,781,GET,2766142847248156
0,7683,PUT,2766142846545454
0,7683,GET,2766142847247444
0,5635,PUT,2766142846542567
0,5635,GET,2766142847246131
0,6659,PUT,2766142846544090
0,6659,GET,2766142847246752
0,6915,PUT,2766142846544431
0,6915,GET,2766142847246792
0,1037,PUT,2766142846559867
0,1037,GET,2766142847248186
0,5891,PUT,2766142846542908
0,5891,GET,2766142847246171
0,7427,PUT,2766142846545113
0,7427,GET,2766142847247073
0,1805,PUT,2766142846560889
0,1805,GET,2766142847248747
0,6157,PUT,2766142846567134
0,6157,GET,2766142847250712
0,6413,PUT,2766142846567475
0,6413,GET,2766142847250752
0,7939,PUT,2766142846545794
0,7939,GET,2766142847247544
0,4109,PUT,2766142846564267
0,4109,GET,2766142847249609
0,5901,PUT,2766142846566653
0,5901,GET,2766142847250501
0,8195,PUT,2766142846546285
0,8195,GET,2766142847247624
0,3341,PUT,2766142846563074
0,3341,GET,2766142847249198
0,1549,PUT,2766142846560549
0,1549,GET,2766142847248657
0,7173,PUT,2766142846613562
0,7173,GET,2766142847255332
0,2317,PUT,2766142846561711
0,2317,GET,2766142847248847
0,3597,PUT,2766142846563415
0,3597,GET,2766142847249409
0,2573,PUT,2766142846562052
0,2573,GET,2766142847248947
0,2061,PUT,2766142846561371
0,2061,GET,2766142847248767
0,5389,PUT,2766142846565971
0,5389,GET,2766142847250381
0,3853,PUT,2766142846563756
0,3853,GET,2766142847249499
0,5133,PUT,2766142846565630
0,5133,GET,2766142847250301
0,2821,PUT,2766142846607468
0,2821,GET,2766142847252776
0,2829,PUT,2766142846562393
0,2829,GET,2766142847249038
0,7429,PUT,2766142846613903
0,7429,GET,2766142847255372
0,6917,PUT,2766142846613221
0,6917,GET,2766142847255122
0,2053,PUT,2766142846606445
0,2053,GET,2766142847252556
0,5645,PUT,2766142846566312
0,5645,GET,2766142847250411
0,7181,PUT,2766142846568497
0,7181,GET,2766142847251133
0,1029,PUT,2766142846604932
0,1029,GET,2766142847252155
0,3085,PUT,2766142846562734
0,3085,GET,2766142847249118
0,7437,PUT,2766142846568838
0,7437,GET,2766142847251233
0,773,PUT,2766142846604591
0,773,GET,2766142847252125
0,5637,PUT,2766142846611377
0,5637,GET,2766142847254240
0,3845,PUT,2766142846608831
0,3845,GET,2766142847253438
0,4101,PUT,2766142846609332
0,4101,GET,2766142847253468
0,4365,PUT,2766142846564608
0,4365,GET,2766142847249699
0,4877,PUT,2766142846565290
0,4877,GET,2766142847250100
0,4357,PUT,2766142846609673
0,4357,GET,2766142847253538
0,5893,PUT,2766142846611717
0,5893,GET,2766142847254280
0,1797,PUT,2766142846605954
0,1797,GET,2766142847252345
0,6669,PUT,2766142846567815
0,6669,GET,2766142847251012
0,4613,PUT,2766142846610013
0,4613,GET,2766142847253578
0,6925,PUT,2766142846568156
0,6925,GET,2766142847251052
0,3077,PUT,2766142846607808
0,3077,GET,2766142847252867
0,7949,PUT,2766142846569519
0,7949,GET,2766142847251594
0,7685,PUT,2766142846614243
0,7685,GET,2766142847255453
0,517,PUT,2766142846604160
0,517,GET,2766142847252025
0,1285,PUT,2766142846605272
0,1285,GET,2766142847252235
0,7693,PUT,2766142846569179
0,7693,GET,2766142847251323
0,2309,PUT,2766142846606786
0,2309,GET,2766142847252656
0,8205,PUT,2766142846570021
0,8205,GET,2766142847251794
0,261,PUT,2766142846602777
0,261,GET,2766142847251824
0,2565,PUT,2766142846607127
0,2565,GET,2766142847252696
0,5125,PUT,2766142846610695
0,5125,GET,2766142847254130
0,3333,PUT,2766142846608149
0,3333,GET,2766142847253057
0,1541,PUT,2766142846605613
0,1541,GET,2766142847252265
0,522,PUT,2766142846627384
0,522,GET,2766142847255944
0,6149,PUT,2766142846612199
0,6149,GET,2766142847254350
0,5381,PUT,2766142846611036
0,5381,GET,2766142847254170
0,778,PUT,2766142846627785
0,778,GET,2766142847255974
0,2058,PUT,2766142846629639
0,2058,GET,2766142847256826
0,1802,PUT,2766142846629148
0,1802,GET,2766142847256796
0,7941,PUT,2766142846614584
0,7941,GET,2766142847255523
0,3589,PUT,2766142846608490
0,3589,GET,2766142847253358
0,2570,PUT,2766142846630321
0,2570,GET,2766142847256996
0,2826,PUT,2766142846630661
0,2826,GET,2766142847257026
0,4869,PUT,2766142846610354
0,4869,GET,2766142847253859
0,5149,PUT,2766142846666184
0,5149,GET,2766142847262228
0,8197,PUT,2766142846615075
0,8197,GET,2766142847255823
0,5130,PUT,2766142846633879
0,5130,GET,2766142847257858
0,5405,PUT,2766142846666525
0,5405,GET,2766142847262258
0,5386,PUT,2766142846634220
0,5386,GET,2766142847257888
0,6405,PUT,2766142846612539
0,6405,GET,2766142847254711
0,3850,PUT,2766142846632035
0,3850,GET,2766142847257417
0,4106,PUT,2766142846632516
0,4106,GET,2766142847257447
0,266,PUT,2766142846626361
0,266,GET,2766142847255864
0,1546,PUT,2766142846628807
0,1546,GET,2766142847256435
0,6661,PUT,2766142846612880
0,6661,GET,2766142847254921
0,3082,PUT,2766142846631002
0,3082,GET,2766142847257096
0,5642,PUT,2766142846634561
0,5642,GET,2766142847258109
0,6666,PUT,2766142846636074
0,6666,GET,2766142847258931
0,1034,PUT,2766142846628126
0,1034,GET,2766142847256054
0,6922,PUT,2766142846636415
0,6922,GET,2766142847258971
0,2314,PUT,2766142846629980
0,2314,GET,2766142847256906
0,5898,PUT,2766142846634901
0,5898,GET,2766142847258289
0,541,PUT,2766142846659679
0,541,GET,2766142847259983
0,6410,PUT,2766142846635733
0,6410,GET,2766142847258861
0,1290,PUT,2766142846628466
0,1290,GET,2766142847256244
0,4362,PUT,2766142846632857
0,4362,GET,2766142847257648
0,797,PUT,2766142846660090
0,797,GET,2766142847260013
0,3594,PUT,2766142846631694
0,3594,GET,2766142847257227
0,6154,PUT,2766142846635392
0,6154,GET,2766142847258560
0,7690,PUT,2766142846637437
0,7690,GET,2766142847259442
0,3338,PUT,2766142846631353
0,3338,GET,2766142847257187
0,285,PUT,2766142846658596
0,285,GET,2766142847259763
0,2845,PUT,2766142846662966
0,2845,GET,2766142847261016
0,3101,PUT,2766142846663307
0,3101,GET,2766142847261056
0,4618,PUT,2766142846633197
0,4618,GET,2766142847257738
0,7434,PUT,2766142846637096
0,7434,GET,2766142847259342
0,4874,PUT,2766142846633538
0,4874,GET,2766142847257778
0,3357,PUT,2766142846663648
0,3357,GET,2766142847261236
0,7178,PUT,2766142846636756
0,7178,GET,2766142847259051
0,4637,PUT,2766142846665502
0,4637,GET,2766142847261998
0,4893,PUT,2766142846665843
0,4893,GET,2766142847262038
0,7946,PUT,2766142846637778
0,7946,GET,2766142847259642
0,3613,PUT,2766142846663989
0,3613,GET,2766142847261276
0,8202,PUT,2766142846638269
0,8202,GET,2766142847259682
0,3869,PUT,2766142846664330
0,3869,GET,2766142847261346
0,4125,PUT,2766142846664821
0,4125,GET,2766142847261386
0,3602,PUT,2766142846729631
0,3602,GET,2766142847264935
0,3858,PUT,2766142846729972
0,3858,GET,2766142847264965
0,1053,PUT,2766142846660431
0,1053,GET,2766142847260093
0,1309,PUT,2766142846660771
0,1309,GET,2766142847260194
0,2077,PUT,2766142846661944
0,2077,GET,2766142847260595
0,7965,PUT,2766142846670093
0,7965,GET,2766142847263191
0,6685,PUT,2766142846668389
0,6685,GET,2766142847262740
0,6941,PUT,2766142846668730
0,6941,GET,2766142847262780
0,7709,PUT,2766142846669752
0,7709,GET,2766142847263090
0,1821,PUT,2766142846661453
0,1821,GET,2766142847260494
0,4381,PUT,2766142846665162
0,4381,GET,2766142847261637
0,1565,PUT,2766142846661112
0,1565,GET,2766142847260414
0,5917,PUT,2766142846667206
0,5917,GET,2766142847262419
0,2589,PUT,2766142846662626
0,2589,GET,2766142847260825
0,6173,PUT,2766142846667707
0,6173,GET,2766142847262459
0,2333,PUT,2766142846662285
0,2333,GET,2766142847260625
0,2066,PUT,2766142846727587
0,2066,GET,2766142847264303
0,2322,PUT,2766142846727927
0,2322,GET,2766142847264343
0,7197,PUT,2766142846669071
0,7197,GET,2766142847262860
0,7453,PUT,2766142846669411
0,7453,GET,2766142847262900
0,8221,PUT,2766142846670584
0,8221,GET,2766142847263281
0,274,PUT,2766142846724008
0,274,GET,2766142847263491
0,5661,PUT,2766142846666866
0,5661,GET,2766142847262339
0,4114,PUT,2766142846730453
0,4114,GET,2766142847265045
0,4370,PUT,2766142846730794
0,4370,GET,2766142847265085
0,1554,PUT,2766142846726755
0,1554,GET,2766142847264073
0,1810,PUT,2766142846727095
0,1810,GET,2766142847264113
0,6429,PUT,2766142846668048
0,6429,GET,2766142847262529
0,1288,PUT,2766142846795695
0,1288,GET,2766142847271249
0,786,PUT,2766142846725732
0,786,GET,2766142847263882
0,530,PUT,2766142846725321
0,530,GET,2766142847263792
0,6930,PUT,2766142846734352
0,6930,GET,2766142847266348
0,1544,PUT,2766142846796056
0,1544,GET,2766142847271289
0,4626,PUT,2766142846731135
0,4626,GET,2766142847265265
0,4882,PUT,2766142846731476
0,4882,GET,2766142847265305
0,7186,PUT,2766142846734693
0,7186,GET,2766142847266428
0,5650,PUT,2766142846732498
0,5650,GET,2766142847265676
0,5906,PUT,2766142846732839
0,5906,GET,2766142847265706
0,5138,PUT,2766142846731816
0,5138,GET,2766142847265386
0,6674,PUT,2766142846734011
0,6674,GET,2766142847266308
0,2834,PUT,2766142846728609
0,2834,GET,2766142847264614
0,3090,PUT,2766142846728950
0,3090,GET,2766142847264654
0,7698,PUT,2766142846735375
0,7698,GET,2766142847266538
0,7442,PUT,2766142846735034
0,7442,GET,2766142847266458
0,7954,PUT,2766142846735715
0,7954,GET,2766142847266578
0,5394,PUT,2766142846732157
0,5394,GET,2766142847265406
0,1042,PUT,2766142846726073
0,1042,GET,2766142847263962
0,3346,PUT,2766142846729291
0,3346,GET,2766142847264724
0,2578,PUT,2766142846728268
0,2578,GET,2766142847264534
0,1298,PUT,2766142846726414
0,1298,GET,2766142847264002
0,540,PUT,2766142846747874
0,540,GET,2766142847267060
0,3592,PUT,2766142846799063
0,3592,GET,2766142847272322
0,3848,PUT,2766142846799413
0,3848,GET,2766142847272362
0,1052,PUT,2766142846748605
0,1052,GET,2766142847267440
0,4380,PUT,2766142846753346
0,4380,GET,2766142847269134
0,2076,PUT,2766142846750129
0,2076,GET,2766142847267972
0,1308,PUT,2766142846748946
0,1308,GET,2766142847267641
0,6162,PUT,2766142846733330
0,6162,GET,2766142847266067
0,1564,PUT,2766142846749287
0,1564,GET,2766142847267681
0,2332,PUT,2766142846750470
0,2332,GET,2766142847268002
0,796,PUT,2766142846748265
0,796,GET,2766142847267160
0,2568,PUT,2766142846797629
0,2568,GET,2766142847271821
0,8210,PUT,2766142846736207
0,8210,GET,2766142847266829
0,284,PUT,2766142846746952
0,284,GET,2766142847266869
0,6418,PUT,2766142846733671
0,6418,GET,2766142847266097
0,6172,PUT,2766142846755882
0,6172,GET,2766142847270006
0,2588,PUT,2766142846750811
0,2588,GET,2766142847268272
0,4636,PUT,2766142846753687
0,4636,GET,2766142847269174
0,2844,PUT,2766142846751151
0,2844,GET,2766142847268363
0,3100,PUT,2766142846751492
0,3100,GET,2766142847268403
0,6428,PUT,2766142846756223
0,6428,GET,2766142847270036
0,1820,PUT,2766142846749628
0,1820,GET,2766142847267751
0,776,PUT,2766142846794983
0,776,GET,2766142847270848
0,4104,PUT,2766142846799995
0,4104,GET,2766142847272552
0,4360,PUT,2766142846800356
0,4360,GET,2766142847272592
0,5148,PUT,2766142846754369
0,5148,GET,2766142847269445
0,5404,PUT,2766142846754710
0,5404,GET,2766142847269485
0,5660,PUT,2766142846755050
0,5660,GET,2766142847269886
0,1032,PUT,2766142846795344
0,1032,GET,2766142847270878
0,5384,PUT,2766142846801789
0,5384,GET,2766142847273344
0,3356,PUT,2766142846751833
0,3356,GET,2766142847268593
0,5916,PUT,2766142846755391
0,5916,GET,2766142847269926
0,6684,PUT,2766142846756564
0,6684,GET,2766142847270107
0,6940,PUT,2766142846756905
0,6940,GET,2766142847270147
0,4124,PUT,2766142846753006
0,4124,GET,2766142847269034
0,7196,PUT,2766142846757245
0,7196,GET,2766142847270217
0,3612,PUT,2766142846752174
0,3612,GET,2766142847268794
0,3868,PUT,2766142846752514
0,3868,GET,2766142847268824
0,4892,PUT,2766142846754028
0,4892,GET,2766142847269255
0,6664,PUT,2766142846803723
0,6664,GET,2766142847274166
0,264,PUT,2766142846793480
0,264,GET,2766142847270728
0,3336,PUT,2766142846798702
0,3336,GET,2766142847272101
0,7452,PUT,2766142846757586
0,7452,GET,2766142847270257
0,7964,PUT,2766142846758268
0,7964,GET,2766142847270367
0,7708,PUT,2766142846757927
0,7708,GET,2766142847270337
0,520,PUT,2766142846794532
0,520,GET,2766142847270768
0,6920,PUT,2766142846804084
0,6920,GET,2766142847274186
0,8220,PUT,2766142846758759
0,8220,GET,2766142847270628
0,1798,PUT,2766142846823559
0,1798,GET,2766142847275279
0,2824,PUT,2766142846797990
0,2824,GET,2766142847271921
0,1800,PUT,2766142846796406
0,1800,GET,2766142847271620
0,2054,PUT,2766142846824041
0,2054,GET,2766142847275309
0,2312,PUT,2766142846797268
0,2312,GET,2766142847271740
0,1030,PUT,2766142846822537
0,1030,GET,2766142847274948
0,2056,PUT,2766142846796918
0,2056,GET,2766142847271700
0,6152,PUT,2766142846803012
0,6152,GET,2766142847274046
0,6408,PUT,2766142846803363
0,6408,GET,2766142847274086
0,7176,PUT,2766142846804435
0,7176,GET,2766142847274266
0,3080,PUT,2766142846798341
0,3080,GET,2766142847272021
0,1286,PUT,2766142846822878
0,1286,GET,2766142847274978
0,4616,PUT,2766142846800716
0,4616,GET,2766142847272793
0,518,PUT,2766142846821805
0,518,GET,2766142847274838
0,774,PUT,2766142846822196
0,774,GET,2766142847274878
0,7944,PUT,2766142846805508
0,7944,GET,2766142847274467
0,4872,PUT,2766142846801077
0,4872,GET,2766142847273063
0,7432,PUT,2766142846804796
0,7432,GET,2766142847274306
0,7688,PUT,2766142846805157
0,7688,GET,2766142847274377
0,8200,PUT,2766142846806009
0,8200,GET,2766142847274557
0,5640,PUT,2766142846802150
0,5640,GET,2766142847273555
0,4870,PUT,2766142846827940
0,4870,GET,2766142847276852
0,1542,PUT,2766142846823219
0,1542,GET,2766142847275178
0,3846,PUT,2766142846826426
0,3846,GET,2766142847276562
0,5128,PUT,2766142846801428
0,5128,GET,2766142847273154
0,5896,PUT,2766142846802501
0,5896,GET,2766142847273835
0,2822,PUT,2766142846825063
0,2822,GET,2766142847275740
0,262,PUT,2766142846821004
0,262,GET,2766142847274657
0,4102,PUT,2766142846826917
0,4102,GET,2766142847276642
0,3590,PUT,2766142846826085
0,3590,GET,2766142847276522
0,5126,PUT,2766142846828280
0,5126,GET,2766142847276892
0,3078,PUT,2766142846825404
0,3078,GET,2766142847276101
0,2591,PUT,2766142846875580
0,2591,GET,2766142847279569
0,5382,PUT,2766142846828621
0,5382,GET,2766142847276973
0,6662,PUT,2766142846830466
0,6662,GET,2766142847277764
0,3334,PUT,2766142846825745
0,3334,GET,2766142847276321
0,2847,PUT,2766142846875921
0,2847,GET,2766142847279599
0,6406,PUT,2766142846830125
0,6406,GET,2766142847277564
0,7174,PUT,2766142846831147
0,7174,GET,2766142847277955
0,7430,PUT,2766142846831488
0,7430,GET,2766142847277995
0,4358,PUT,2766142846827258
0,4358,GET,2766142847276742
0,4614,PUT,2766142846827599
0,4614,GET,2766142847276772
0,2310,PUT,2766142846824381
0,2310,GET,2766142847275579
0,8223,PUT,2766142846883529
0,8223,GET,2766142847282205
0,2566,PUT,2766142846824722
0,2566,GET,2766142847275670
0,7967,PUT,2766142846883038
0,7967,GET,2766142847282165
0,1055,PUT,2766142846873375
0,1055,GET,2766142847278757
0,6918,PUT,2766142846830806
0,6918,GET,2766142847277865
0,1823,PUT,2766142846874398
0,1823,GET,2766142847279077
0,2079,PUT,2766142846874899
0,2079,GET,2766142847279118
0,1311,PUT,2766142846873716
0,1311,GET,2766142847278797
0,7686,PUT,2766142846831829
0,7686,GET,2766142847278065
0,5894,PUT,2766142846829303
0,5894,GET,2766142847277444
0,5638,PUT,2766142846828962
0,5638,GET,2766142847277233
0,8198,PUT,2766142846832661
0,8198,GET,2766142847278446
0,6175,PUT,2766142846880652
0,6175,GET,2766142847281162
0,6431,PUT,2766142846880993
0,6431,GET,2766142847281202
0,6150,PUT,2766142846829784
0,6150,GET,2766142847277474
0,768,PUT,2766142846902533
0,768,GET,2766142847282586
0,2304,PUT,2766142846904718
0,2304,GET,2766142847283177
0,1024,PUT,2766142846902874
0,1024,GET,2766142847282666
0,543,PUT,2766142846872653
0,543,GET,2766142847278646
0,287,PUT,2766142846871802
0,287,GET,2766142847278546
0,4127,PUT,2766142846877775
0,4127,GET,2766142847280511
0,4383,PUT,2766142846878116
0,4383,GET,2766142847280541
0,4639,PUT,2766142846878457
0,4639,GET,2766142847280621
0,2560,PUT,2766142846905059
0,2560,GET,2766142847283207
0,7942,PUT,2766142846832169
0,7942,GET,2766142847278276
0,3359,PUT,2766142846876603
0,3359,GET,2766142847279970
0,799,PUT,2766142846873034
0,799,GET,2766142847278687
0,2335,PUT,2766142846875240
0,2335,GET,2766142847279198
0,3871,PUT,2766142846877284
0,3871,GET,2766142847280421
0,1567,PUT,2766142846874057
0,1567,GET,2766142847278987
0,6687,PUT,2766142846881334
0,6687,GET,2766142847281393
0,7455,PUT,2766142846882356
0,7455,GET,2766142847281704
0,3103,PUT,2766142846876262
0,3103,GET,2766142847279679
0,5663,PUT,2766142846879820
0,5663,GET,2766142847281052
0,5919,PUT,2766142846880161
0,5919,GET,2766142847281082
0,5151,PUT,2766142846879139
0,5151,GET,2766142847280942
0,7711,PUT,2766142846882697
0,7711,GET,2766142847281744
0,7199,PUT,2766142846882015
0,7199,GET,2766142847281613
0,4895,PUT,2766142846878798
0,4895,GET,2766142847280661
0,3615,PUT,2766142846876943
0,3615,GET,2766142847280350
0,5407,PUT,2766142846879479
0,5407,GET,2766142847280972
0,3328,PUT,2766142846906081
0,3328,GET,2766142847283849
0,256,PUT,2766142846900889
0,256,GET,2766142847282285
0,6943,PUT,2766142846881674
0,6943,GET,2766142847281423
0,4096,PUT,2766142846907254
0,4096,GET,2766142847284059
0,2048,PUT,2766142846904377
0,2048,GET,2766142847283077
0,512,PUT,2766142846902092
0,512,GET,2766142847282385
0,2816,PUT,2766142846905400
0,2816,GET,2766142847283468
0,6144,PUT,2766142846910131
0,6144,GET,2766142847284821
0,6912,PUT,2766142846911153
0,6912,GET,2766142847285192
0,4864,PUT,2766142846908276
0,4864,GET,2766142847284320
0,1536,PUT,2766142846903555
0,1536,GET,2766142847282956
0,3072,PUT,2766142846905740
0,3072,GET,2766142847283498
0,3584,PUT,2766142846906422
0,3584,GET,2766142847283949
0,5888,PUT,2766142846909639
0,5888,GET,2766142847284791
0,4608,PUT,2766142846907935
0,4608,GET,2766142847284179
0,4352,PUT,2766142846907595
0,4352,GET,2766142847284099
0,1792,PUT,2766142846903896
0,1792,GET,2766142847282997
0,3840,PUT,2766142846906763
0,3840,GET,2766142847283979
0,8192,PUT,2766142846913007
0,8192,GET,2766142847286224
0,1280,PUT,2766142846903214
0,1280,GET,2766142847282746
0,5120,PUT,2766142846908617
0,5120,GET,2766142847284530
0,6400,PUT,2766142846910471
0,6400,GET,2766142847284911
0,7168,PUT,2766142846911494
0,7168,GET,2766142847285492
0,5376,PUT,2766142846908958
0,5376,GET,2766142847284731
0,5632,PUT,2766142846909299
0,5632,GET,2766142847284771
0,6656,PUT,2766142846910812
0,6656,GET,2766142847285101
0,7680,PUT,2766142846912175
0,7680,GET,2766142847285943
0,7936,PUT,2766142846912516
0,7936,GET,2766142847285984
0,7424,PUT,2766142846911835
0,7424,GET,2766142847285683
0,8467,PUT,2766142847149767
0,8467,GET,2766142847286976
0,8723,PUT,2766142847152634
0,8723,GET,2766142847287377
0,8470,PUT,2766142847152824
0,8470,GET,2766142847287687
0,8726,PUT,2766142847157315
0,8726,GET,2766142847288489
0,8465,PUT,2766142847154087
0,8465,GET,2766142847287878
0,8450,PUT,2766142847154839
0,8450,GET,2766142847287968
0,8454,PUT,2766142847156342
0,8454,GET,2766142847287998
0,8710,PUT,2766142847156994
0,8710,GET,2766142847288289
0,8721,PUT,2766142847157495
0,8721,GET,2766142847288559
0,9233,PUT,2766142847158858
0,9233,GET,2766142847289472
0,8477,PUT,2766142847158327
0,8477,GET,2766142847288940
0,8979,PUT,2766142847157726
0,8979,GET,2766142847288830
0,8966,PUT,2766142847158608
0,8966,GET,2766142847288980
0,8977,PUT,2766142847158247
0,8977,GET,2766142847288870
0,8706,PUT,2766142847158688
0,8706,GET,2766142847289311
0,8473,PUT,2766142847158778
0,8473,GET,2766142847289401
0,8982,PUT,2766142847159399
0,8982,GET,2766142847289512
0,9489,PUT,2766142847159430
0,9489,GET,2766142847289873
0,9235,PUT,2766142847159510
0,9235,GET,2766142847290133
0,8962,PUT,2766142847159630
0,8962,GET,2766142847290213
0,9222,PUT,2766142847159710
0,9222,GET,2766142847290684
0,8468,PUT,2766142847159841
0,8468,GET,2766142847290875
0,9745,PUT,2766142847159991
0,9745,GET,2766142847291115
0,8733,PUT,2766142847160131
0,8733,GET,2766142847291356
0,9238,PUT,2766142847160151
0,9238,GET,2766142847291937
0,9478,PUT,2766142847160402
0,9478,GET,2766142847293060
0,10001,PUT,2766142847160552
0,10001,GET,2766142847293521
0,9218,PUT,2766142847160893
0,9218,GET,2766142847294072
0,8989,PUT,2766142847160703
0,8989,GET,2766142847293872
0,9734,PUT,2766142847160973
0,9734,GET,2766142847294433
0,9491,PUT,2766142847161073
0,9491,GET,2766142847294744
0,10257,PUT,2766142847161144
0,10257,GET,2766142847295095
0,9245,PUT,2766142847161254
0,9245,GET,2766142847296157
0,8729,PUT,2766142847161534
0,8729,GET,2766142847296809
0,9474,PUT,2766142847161454
0,9474,GET,2766142847296728
0,9730,PUT,2766142847162016
0,9730,GET,2766142847298462
0,8724,PUT,2766142847162427
0,8724,GET,2766142847298833
0,9494,PUT,2766142847162507
0,9494,GET,2766142847299836
0,9990,PUT,2766142847162637
0,9990,GET,2766142847300287
0,9747,PUT,2766142847162797
0,9747,GET,2766142847300758
0,8980,PUT,2766142847163008
0,8980,GET,2766142847301710
0,9750,PUT,2766142847163098
0,9750,GET,2766142847302051
0,10246,PUT,2766142847163198
0,10246,GET,2766142847302301
0,10513,PUT,2766142847163289
0,10513,GET,2766142847302772
0,10006,PUT,2766142847163669
0,10006,GET,2766142847303123
0,8985,PUT,2766142847163810
0,8985,GET,2766142847303594
0,9986,PUT,2766142847164171
0,9986,GET,2766142847303925
0,10262,PUT,2766142847164271
0,10262,GET,2766142847304376
0,9241,PUT,2766142847164371
0,9241,GET,2766142847304767
0,10003,PUT,2766142847164602
0,10003,GET,2766142847305639
0,10242,PUT,2766142847164752
0,10242,GET,2766142847306641
0,10754,PUT,2766142847165784
0,10754,GET,2766142847307123
0,10498,PUT,2766142847165323
0,10498,GET,2766142847306912
0,9236,PUT,2766142847165163
0,9236,GET,2766142847306822
0,9497,PUT,2766142847166125
0,9497,GET,2766142847307363
0,10518,PUT,2766142847166636
0,10518,GET,2766142847307804
0,10259,PUT,2766142847166526
0,10259,GET,2766142847307604
0,10769,PUT,2766142847166777
0,10769,GET,2766142847308045
0,11010,PUT,2766142847167178
0,11010,GET,2766142847308396
0,10515,PUT,2766142847167097
0,10515,GET,2766142847308315
0,9501,PUT,2766142847167268
0,9501,GET,2766142847308596
0,8462,PUT,2766142847167348
0,8462,GET,2766142847308867
0,10502,PUT,2766142847167438
0,10502,GET,2766142847309077
0,9492,PUT,2766142847167639
0,9492,GET,2766142847309488
0,10771,PUT,2766142847167709
0,10771,GET,2766142847309658
0,11266,PUT,2766142847167799
0,11266,GET,2766142847309909
0,11025,PUT,2766142847168070
0,11025,GET,2766142847310019
0,9757,PUT,2766142847167879
0,9757,GET,2766142847309939
0,10758,PUT,2766142847168150
0,10758,GET,2766142847310621
0,8718,PUT,2766142847168230
0,8718,GET,2766142847311012
0,9748,PUT,2766142847168310
0,9748,GET,2766142847311302
0,11027,PUT,2766142847168390
0,11027,GET,2766142847311503
0,10013,PUT,2766142847168461
0,10013,GET,2766142847311693
0,11281,PUT,2766142847168691
0,11281,GET,2766142847311964
0,11014,PUT,2766142847168721
0,11014,GET,2766142847312164
0,10774,PUT,2766142847168801
0,10774,GET,2766142847312385
0,10269,PUT,2766142847169032
0,10269,GET,2766142847312986
0,10004,PUT,2766142847168952
0,10004,GET,2766142847312796
0,11270,PUT,2766142847169333
0,11270,GET,2766142847313056
0,9753,PUT,2766142847169453
0,9753,GET,2766142847313257
0,11526,PUT,2766142847169894
0,11526,GET,2766142847313467
0,8448,PUT,2766142847170144
0,8448,GET,2766142847313507
0,11283,PUT,2766142847170806
0,11283,GET,2766142847313698
0,8704,PUT,2766142847171287
0,8704,GET,2766142847313948
0,11539,PUT,2766142847171548
0,11539,GET,2766142847314219
0,11522,PUT,2766142847170896
0,11522,GET,2766142847313908
0,10260,PUT,2766142847171678
0,10260,GET,2766142847314309
0,11030,PUT,2766142847172590
0,11030,GET,2766142847315312
0,8451,PUT,2766142847172209
0,8451,GET,2766142847314730
0,11782,PUT,2766142847172289
0,11782,GET,2766142847315021
0,10265,PUT,2766142847172670
0,10265,GET,2766142847315632
0,10009,PUT,2766142847172049
0,10009,GET,2766142847314640
0,11778,PUT,2766142847172881
0,11778,GET,2766142847315662
0,8461,PUT,2766142847174444
0,8461,GET,2766142847316825
0,11795,PUT,2766142847173633
0,11795,GET,2766142847316555
0,8974,PUT,2766142847172370
0,8974,GET,2766142847315231
0,10516,PUT,2766142847173663
0,10516,GET,2766142847316585
0,12307,PUT,2766142847177361
0,12307,GET,2766142847318469
0,12294,PUT,2766142847174735
0,12294,GET,2766142847316865
0,8707,PUT,2766142847172921
0,8707,GET,2766142847316134
0,8471,PUT,2766142847173522
0,8471,GET,2766142847316424
0,8457,PUT,2766142847175226
0,8457,GET,2766142847317046
0,9230,PUT,2766142847173101
0,9230,GET,2766142847316334
0,11537,PUT,2766142847179857
0,11537,GET,2766142847321265
0,10521,PUT,2766142847176790
0,10521,GET,2766142847317707
0,8727,PUT,2766142847176820
0,8727,GET,2766142847317747
0,9486,PUT,2766142847173793
0,9486,GET,2766142847316605
0,12038,PUT,2766142847174023
0,12038,GET,2766142847316645
0,8960,PUT,2766142847175597
0,8960,GET,2766142847317306
0,11286,PUT,2766142847179035
0,11286,GET,2766142847320744
0,12550,PUT,2766142847176910
0,12550,GET,2766142847317878
0,13075,PUT,2766142847179205
0,13075,GET,2766142847320784
0,9216,PUT,2766142847176289
0,9216,GET,2766142847317417
0,8458,PUT,2766142847176088
0,8458,GET,2766142847317346
0,11542,PUT,2766142847181230
0,11542,GET,2766142847322358
0,9742,PUT,2766142847177281
0,9742,GET,2766142847318319
0,12051,PUT,2766142847176660
0,12051,GET,2766142847317647
0,9998,PUT,2766142847179566
0,9998,GET,2766142847320965
0,10772,PUT,2766142847176429
0,10772,GET,2766142847317597
0,11028,PUT,2766142847177040
0,11028,GET,2766142847318048
0,12034,PUT,2766142847178774
0,12034,GET,2766142847320333
0,8709,PUT,2766142847181320
0,8709,GET,2766142847322388
0,12563,PUT,2766142847177933
0,12563,GET,2766142847319341
0,8476,PUT,2766142847178083
0,8476,GET,2766142847319622
0,8453,PUT,2766142847178243
0,8453,GET,2766142847319892
0,11033,PUT,2766142847178323
0,11033,GET,2766142847319932
0,8983,PUT,2766142847177502
0,8983,GET,2766142847318720
0,8963,PUT,2766142847178815
0,8963,GET,2766142847320403
0,10777,PUT,2766142847177652
0,10777,GET,2766142847319060
0,12806,PUT,2766142847177572
0,12806,GET,2766142847318800
0,11540,PUT,2766142847178394
0,11540,GET,2766142847320013
0,9472,PUT,2766142847178624
0,9472,GET,2766142847320283
0,9219,PUT,2766142847179416
0,9219,GET,2766142847320854
0,11284,PUT,2766142847177732
0,11284,GET,2766142847319090
0,8466,PUT,2766142847180017
0,8466,GET,2766142847321536
0,8965,PUT,2766142847182052
0,8965,GET,2766142847323060
0,9239,PUT,2766142847178163
0,9239,GET,2766142847319702
0,9495,PUT,2766142847178835
0,9495,GET,2766142847320544
0,12290,PUT,2766142847180729
0,12290,GET,2766142847321957
0,9728,PUT,2766142847180418
0,9728,GET,2766142847321727
0,12819,PUT,2766142847178554
0,12819,GET,2766142847320213
0,8969,PUT,2766142847183345
0,8969,GET,2766142847324723
0,12052,PUT,2766142847181501
0,12052,GET,2766142847322468
0,11289,PUT,2766142847179747
0,11289,GET,2766142847321045
0,10519,PUT,2766142847183415
0,10519,GET,2766142847324904
0,10240,PUT,2766142847183576
0,10240,GET,2766142847324944
0,10510,PUT,2766142847182433
0,10510,GET,2766142847323601
0,9751,PUT,2766142847181200
0,9751,GET,2766142847322158
0,10254,PUT,2766142847181761
0,10254,GET,2766142847322558
0,11793,PUT,2766142847180488
0,11793,GET,2766142847321767
0,8717,PUT,2766142847181982
0,8717,GET,2766142847322959
0,13062,PUT,2766142847181892
0,13062,GET,2766142847322869
0,10007,PUT,2766142847181812
0,10007,GET,2766142847322589
0,10263,PUT,2766142847182633
0,10263,GET,2766142847324032
0,12546,PUT,2766142847182523
0,12546,GET,2766142847323811
0,11796,PUT,2766142847180930
0,11796,GET,2766142847322047
0,9984,PUT,2766142847181070
0,9984,GET,2766142847322087
0,9475,PUT,2766142847182553
0,9475,GET,2766142847323851
0,11545,PUT,2766142847182343
0,11545,GET,2766142847323511
0,8479,PUT,2766142847182142
0,8479,GET,2766142847323160
0,11801,PUT,2766142847187455
0,11801,GET,2766142847326758
0,8713,PUT,2766142847182263
0,8713,GET,2766142847323230
0,8973,PUT,2766142847184488
0,8973,GET,2766142847325926
0,13570,PUT,2766142847187535
0,13570,GET,2766142847326798
0,12802,PUT,2766142847183215
0,12802,GET,2766142847324553
0,9221,PUT,2766142847182714
0,9221,GET,2766142847324313
0,8991,PUT,2766142847186773
0,8991,GET,2766142847326447
0,13314,PUT,2766142847186893
0,13314,GET,2766142847326538
0,10766,PUT,2766142847183024
0,10766,GET,2766142847324423
0,9987,PUT,2766142847183836
0,9987,GET,2766142847325285
0,10243,PUT,2766142847186923
0,10243,GET,2766142847326578
0,13318,PUT,2766142847182814
0,13318,GET,2766142847324353
0,11037,PUT,2766142847187946
0,11037,GET,2766142847327340
0,12054,PUT,2766142847183716
0,12054,GET,2766142847325134
0,11798,PUT,2766142847183135
0,11798,GET,2766142847324523
0,9731,PUT,2766142847183255
0,9731,GET,2766142847324633
0,13058,PUT,2766142847183796
0,13058,GET,2766142847325205
0,11022,PUT,2766142847187004
0,11022,GET,2766142847326648
0,11278,PUT,2766142847187725
0,11278,GET,2766142847326999
0,9225,PUT,2766142847183926
0,9225,GET,2766142847325626
0,10781,PUT,2766142847187364
0,10781,GET,2766142847326688
0,8469,PUT,2766142847184979
0,8469,GET,2766142847326217
0,10525,PUT,2766142847185119
0,10525,GET,2766142847326257
0,8722,PUT,2766142847185871
0,8722,GET,2766142847326337
0,10775,PUT,2766142847184017
0,10775,GET,2766142847325666
0,8725,PUT,2766142847190853
0,8725,GET,2766142847330246
0,8968,PUT,2766142847191033
0,8968,GET,2766142847330286
0,12313,PUT,2766142847188587
0,12313,GET,2766142847328021
0,8735,PUT,2766142847186292
0,8735,GET,2766142847326367
0,10499,PUT,2766142847187565
0,10499,GET,2766142847326878
0,9481,PUT,2766142847187645
0,9481,GET,2766142847326919
0,11790,PUT,2766142847190532
0,11790,GET,2766142847329705
0,11293,PUT,2766142847190632
0,11293,GET,2766142847329745
0,10755,PUT,2766142847188146
0,10755,GET,2766142847327831
0,13826,PUT,2766142847188106
0,13826,GET,2766142847327630
0,11549,PUT,2766142847191233
0,11549,GET,2766142847330747
0,9503,PUT,2766142847191364
0,9503,GET,2766142847330788
0,8732,PUT,2766142847188467
0,8732,GET,2766142847327981
0,8472,PUT,2766142847189339
0,8472,GET,2766142847328482
0,12057,PUT,2766142847188026
0,12057,GET,2766142847327540
0,9993,PUT,2766142847188828
0,9993,GET,2766142847328312
0,9759,PUT,2766142847193018
0,9759,GET,2766142847332973
0,9737,PUT,2766142847188226
0,9737,GET,2766142847327901
0,8456,PUT,2766142847189560
0,8456,GET,2766142847328973
0,8478,PUT,2766142847189479
0,8478,GET,2766142847328562
0,9246,PUT,2766142847193048
0,9246,GET,2766142847333013
0,8712,PUT,2766142847190442
0,8712,GET,2766142847329615
0,12569,PUT,2766142847189249
0,12569,GET,2766142847328402
0,12825,PUT,2766142847189840
0,12825,GET,2766142847329164
0,11534,PUT,2766142847189920
0,11534,GET,2766142847329204
0,13081,PUT,2766142847191163
0,13081,GET,2766142847330367
0,9224,PUT,2766142847191654
0,9224,GET,2766142847331048
0,11031,PUT,2766142847191574
0,11031,GET,2766142847331008
0,8734,PUT,2766142847190291
0,8734,GET,2766142847329545
0,8463,PUT,2766142847190371
0,8463,GET,2766142847329585
0,12310,PUT,2766142847190111
0,12310,GET,2766142847329354
0,8720,PUT,2766142847192597
0,8720,GET,2766142847332261
0,8449,PUT,2766142847193128
0,8449,GET,2766142847333283
0,12061,PUT,2766142847192476
0,12061,GET,2766142847332201
0,12049,PUT,2766142847192627
0,12049,GET,2766142847332291
0,9247,PUT,2766142847190732
0,9247,GET,2766142847330076
0,8988,PUT,2766142847191865
0,8988,GET,2766142847331539
0,8990,PUT,2766142847190782
0,8990,GET,2766142847330176
0,8978,PUT,2766142847192166
0,8978,GET,2766142847331980
0,8464,PUT,2766142847191434
0,8464,GET,2766142847330938
0,11805,PUT,2766142847191835
0,11805,GET,2766142847331329
0,12046,PUT,2766142847193719
0,12046,GET,2766142847334526
0,9244,PUT,2766142847192516
0,9244,GET,2766142847332241
0,13331,PUT,2766142847192206
0,13331,GET,2766142847332010
0,13337,PUT,2766142847191745
0,13337,GET,2766142847331118
0,14082,PUT,2766142847191945
0,14082,GET,2766142847331559
0,9500,PUT,2766142847193208
0,9500,GET,2766142847333323
0,11287,PUT,2766142847192276
0,11287,GET,2766142847332040
0,9480,PUT,2766142847192406
0,9480,GET,2766142847332071
0,8981,PUT,2766142847194912
0,8981,GET,2766142847336070
0,10015,PUT,2766142847193639
0,10015,GET,2766142847334486
0,10496,PUT,2766142847192095
0,10496,GET,2766142847331599
0,12558,PUT,2766142847195072
0,12558,GET,2766142847336200
0,12317,PUT,2766142847195153
0,12317,GET,2766142847336230
0,10752,PUT,2766142847192937
0,10752,GET,2766142847332652
0,14338,PUT,2766142847192707
0,14338,GET,2766142847332481
0,8984,PUT,2766142847195263
0,8984,GET,2766142847336501
0,9482,PUT,2766142847195343
0,9482,GET,2766142847336541
0,11543,PUT,2766142847192857
0,11543,GET,2766142847332572
0,9226,PUT,2766142847194752
0,9226,GET,2766142847335829
0,12308,PUT,2766142847194882
0,12308,GET,2766142847335869
0,8474,PUT,2766142847193569
0,8474,GET,2766142847334145
0,8714,PUT,2766142847193288
0,8714,GET,2766142847333504
0,8976,PUT,2766142847193368
0,8976,GET,2766142847333694
0,8455,PUT,2766142847193489
0,8455,GET,2766142847333815
0,9229,PUT,2766142847194671
0,9229,GET,2766142847335689
0,8719,PUT,2766142847193749
0,8719,GET,2766142847334747
0,12305,PUT,2766142847193408
0,12305,GET,2766142847333734
0,12829,PUT,2766142847196375
0,12829,GET,2766142847338275
0,9232,PUT,2766142847193990
0,9232,GET,2766142847335017
0,10271,PUT,2766142847195473
0,10271,GET,2766142847336601
0,13574,PUT,2766142847194140
0,13574,GET,2766142847335128
0,9502,PUT,2766142847195834
0,9502,GET,2766142847337493
0,9756,PUT,2766142847193829
0,9756,GET,2766142847334837
0,9733,PUT,2766142847194992
0,9733,GET,2766142847336100
0,8730,PUT,2766142847194591
0,8730,GET,2766142847335589
0,8728,PUT,2766142847194521
0,8728,GET,2766142847335519
0,9477,PUT,2766142847194341
0,9477,GET,2766142847335408
0,12311,PUT,2766142847196806
0,12311,GET,2766142847339167
0,12573,PUT,2766142847195764
0,12573,GET,2766142847337212
0,12564,PUT,2766142847195493
0,12564,GET,2766142847336882
0,8970,PUT,2766142847194010
0,8970,GET,2766142847335057
0,9237,PUT,2766142847195523
0,9237,GET,2766142847336912
0,9736,PUT,2766142847195994
0,9736,GET,2766142847337633
0,12302,PUT,2766142847194481
0,12302,GET,2766142847335478
0,11799,PUT,2766142847195604
0,11799,GET,2766142847336992
0,12814,PUT,2766142847195674
0,12814,GET,2766142847337022
0,10012,PUT,2766142847195183
0,10012,GET,2766142847336421
0,9738,PUT,2766142847195914
0,9738,GET,2766142847337593
0,12055,PUT,2766142847196215
0,12055,GET,2766142847338004
0,13070,PUT,2766142847196295
0,13070,GET,2766142847338074
0,9493,PUT,2766142847196145
0,9493,GET,2766142847337964
0,13332,PUT,2766142847197247
0,13332,GET,2766142847339508
0,12567,PUT,2766142847197438
0,12567,GET,2766142847340009
0,13076,PUT,2766142847196696
0,13076,GET,2766142847339057
0,8475,PUT,2766142847196466
0,8475,GET,2766142847338556
0,12820,PUT,2766142847196115
0,12820,GET,2766142847337884
0,13085,PUT,2766142847196967
0,13085,GET,2766142847339257
0,8705,PUT,2766142847197919
0,8705,GET,2766142847340901
0,9992,PUT,2766142847196586
0,9992,GET,2766142847338596
0,10005,PUT,2766142847197287
0,10005,GET,2766142847339608
0,9749,PUT,2766142847196726
0,9749,GET,2766142847339087
0,10268,PUT,2766142847198490
0,10268,GET,2766142847341563
0,8961,PUT,2766142847198570
0,8961,GET,2766142847341593
0,8711,PUT,2766142847197538
0,8711,GET,2766142847340089
0,13830,PUT,2766142847197127
0,13830,GET,2766142847339297
0,13326,PUT,2766142847198761
0,13326,GET,2766142847342134
0,11520,PUT,2766142847198721
0,11520,GET,2766142847341863
0,8731,PUT,2766142847198099
0,8731,GET,2766142847341282
0,14342,PUT,2766142847198260
0,14342,GET,2766142847341322
0,13341,PUT,2766142847198891
0,13341,GET,2766142847342174
0,14594,PUT,2766142847199282
0,14594,GET,2766142847342785
0,11776,PUT,2766142847199382
0,11776,GET,2766142847342815
0,14086,PUT,2766142847197618
0,14086,GET,2766142847340280
0,10261,PUT,2766142847197839
0,10261,GET,2766142847340821
0,12561,PUT,2766142847197739
0,12561,GET,2766142847340721
0,11008,PUT,2766142847197368
0,11008,GET,2766142847339819
0,14850,PUT,2766142847200665
0,14850,GET,2766142847344109
0,9485,PUT,2766142847200525
0,9485,GET,2766142847343838
0,13593,PUT,2766142847198410
0,13593,GET,2766142847341482
0,10524,PUT,2766142847199122
0,10524,GET,2766142847342354
0,9217,PUT,2766142847200756
0,9217,GET,2766142847344149
0,13073,PUT,2766142847198971
0,13073,GET,2766142847342244
0,13849,PUT,2766142847199042
0,13849,GET,2766142847342284
0,9488,PUT,2766142847197708
0,9488,GET,2766142847340520
0,8987,PUT,2766142847198691
0,8987,GET,2766142847341933
0,11264,PUT,2766142847197959
0,11264,GET,2766142847341081
0,12817,PUT,2766142847198330
0,12817,GET,2766142847341392
0,14361,PUT,2766142847200194
0,14361,GET,2766142847343657
0,9744,PUT,2766142847199553
0,9744,GET,2766142847343076
0,13587,PUT,2766142847199202
0,13587,GET,2766142847342565
0,9240,PUT,2766142847201778
0,9240,GET,2766142847345281
0,10517,PUT,2766142847200004
0,10517,GET,2766142847343617
0,14355,PUT,2766142847200986
0,14355,GET,2766142847344339
0,9989,PUT,2766142847202299
0,9989,GET,2766142847345512
0,14105,PUT,2766142847199633
0,14105,GET,2766142847343166
0,10527,PUT,2766142847199703
0,10527,GET,2766142847343206
0,10760,PUT,2766142847204394
0,10760,GET,2766142847346554
0,10780,PUT,2766142847199783
0,10780,GET,2766142847343297
0,10783,PUT,2766142847200305
0,10783,GET,2766142847343738
0,14099,PUT,2766142847200425
0,14099,GET,2766142847343768
0,9997,PUT,2766142847204544
0,9997,GET,2766142847346985
0,9473,PUT,2766142847201387
0,9473,GET,2766142847344860
0,13843,PUT,2766142847199853
0,13843,GET,2766142847343357
0,11295,PUT,2766142847204464
0,11295,GET,2766142847346594
0,15362,PUT,2766142847201878
0,15362,GET,2766142847345472
0,13582,PUT,2766142847203953
0,13582,GET,2766142847346213
0,10249,PUT,2766142847201658
0,10249,GET,2766142847345171
0,11036,PUT,2766142847203542
0,11036,GET,2766142847345833
0,9243,PUT,2766142847201457
0,9243,GET,2766142847344890
0,9741,PUT,2766142847201106
0,9741,GET,2766142847344740
0,10248,PUT,2766142847201688
0,10248,GET,2766142847345201
0,12566,PUT,2766142847204685
0,12566,GET,2766142847347025
0,8452,PUT,2766142847202931
0,8452,GET,2766142847345762
0,12060,PUT,2766142847205908
0,12060,GET,2766142847348779
0,10504,PUT,2766142847203783
0,10504,GET,2766142847345923
0,15106,PUT,2766142847201257
0,15106,GET,2766142847344780
0,9994,PUT,2766142847202820
0,9994,GET,2766142847345682
0,11039,PUT,2766142847203873
0,11039,GET,2766142847346133
0,15110,PUT,2766142847207902
0,15110,GET,2766142847351656
0,14617,PUT,2766142847202490
0,14617,GET,2766142847345582
0,8975,PUT,2766142847206088
0,8975,GET,2766142847348829
0,10000,PUT,2766142847204314
0,10000,GET,2766142847346474
0,11292,PUT,2766142847204133
0,11292,GET,2766142847346404
0,10512,PUT,2766142847207982
0,10512,GET,2766142847351696
0,12032,PUT,2766142847204905
0,12032,GET,2766142847347366
0,11011,PUT,2766142847205066
0,11011,GET,2766142847347396
0,10008,PUT,2766142847211330
0,10008,GET,2766142847355164
0,13590,PUT,2766142847211250
0,13590,GET,2766142847355124
0,9496,PUT,2766142847206810
0,9496,GET,2766142847349842
0,11016,PUT,2766142847206890
0,11016,GET,2766142847349872
0,11804,PUT,2766142847205336
0,11804,GET,2766142847347947
0,10253,PUT,2766142847205146
0,10253,GET,2766142847347587
0,11548,PUT,2766142847204755
0,11548,GET,2766142847347286
0,12288,PUT,2766142847205547
0,12288,GET,2766142847347988
0,14611,PUT,2766142847205727
0,14611,GET,2766142847348539
0,12822,PUT,2766142847205266
0,12822,GET,2766142847347877
0,14598,PUT,2766142847206649
0,14598,GET,2766142847349471
0,11267,PUT,2766142847205647
0,11267,GET,2766142847348188
0,11272,PUT,2766142847207481
0,11272,GET,2766142847350874
0,15618,PUT,2766142847206258
0,15618,GET,2766142847348990
0,12823,PUT,2766142847205226
0,12823,GET,2766142847347807
0,12544,PUT,2766142847206168
0,12544,GET,2766142847348890
0,8459,PUT,2766142847205807
0,8459,GET,2766142847348579
0,9231,PUT,2766142847206739
0,9231,GET,2766142847349541
0,12316,PUT,2766142847206489
0,12316,GET,2766142847349180
0,8715,PUT,2766142847206569
0,8715,GET,2766142847349391
0,11523,PUT,2766142847206298
0,11523,GET,2766142847349020
0,12035,PUT,2766142847209917
0,12035,GET,2766142847354012
0,8967,PUT,2766142847206980
0,8967,GET,2766142847350072
0,13078,PUT,2766142847210137
0,13078,GET,2766142847354162
0,13838,PUT,2766142847207571
0,13838,GET,2766142847350954
0,9758,PUT,2766142847206379
0,9758,GET,2766142847349100
0,9223,PUT,2766142847207652
0,9223,GET,2766142847351025
0,11280,PUT,2766142847210007
0,11280,GET,2766142847354052
0,12828,PUT,2766142847207732
0,12828,GET,2766142847351235
0,15874,PUT,2766142847207060
0,15874,GET,2766142847350163
0,14854,PUT,2766142847207251
0,14854,GET,2766142847350483
0,10256,PUT,2766142847207331
0,10256,GET,2766142847350764
0,12572,PUT,2766142847207140
0,12572,GET,2766142847350193
0,14094,PUT,2766142847208303
0,14094,GET,2766142847352458
0,13079,PUT,2766142847210097
0,13079,GET,2766142847354132
0,9752,PUT,2766142847207411
0,9752,GET,2766142847350804
0,10505,PUT,2766142847208483
0,10505,GET,2766142847352759
0,10501,PUT,2766142847208393
0,10501,GET,2766142847352548
0,10245,PUT,2766142847207812
0,10245,GET,2766142847351456
0,13329,PUT,2766142847208644
0,13329,GET,2766142847353039
0,15622,PUT,2766142847210368
0,15622,GET,2766142847354633
0,9729,PUT,2766142847208884
0,9729,GET,2766142847353490
0,13334,PUT,2766142847210689
0,13334,GET,2766142847354663
0,8708,PUT,2766142847209025
0,8708,GET,2766142847353520
0,10773,PUT,2766142847208143
0,10773,GET,2766142847351836
0,11528,PUT,2766142847208063
0,11528,GET,2766142847351766
0,12800,PUT,2766142847209215
0,12800,GET,2766142847353671
0,15366,PUT,2766142847208564
0,15366,GET,2766142847352969
0,10250,PUT,2766142847208223
0,10250,GET,2766142847352247
0,11779,PUT,2766142847209275
0,11779,GET,2766142847353701
0,9234,PUT,2766142847210819
0,9234,GET,2766142847354954
0,15878,PUT,2766142847210949
0,15878,GET,2766142847354974
0,11024,PUT,2766142847209356
0,11024,GET,2766142847353901
0,8971,PUT,2766142847209666
0,8971,GET,2766142847353941
0,9746,PUT,2766142847211972
0,9746,GET,2766142847356036
0,10241,PUT,2766142847212162
0,10241,GET,2766142847356066
0,10768,PUT,2766142847208674
0,10768,GET,2766142847353250
0,14867,PUT,2766142847208754
0,14867,GET,2766142847353290
0,10761,PUT,2766142847209105
0,10761,GET,2766142847353601
0,13084,PUT,2766142847212563
0,13084,GET,2766142847356608
0,13597,PUT,2766142847213164
0,13597,GET,2766142847357109
0,9227,PUT,2766142847210228
0,9227,GET,2766142847354352
0,10270,PUT,2766142847215139
0,10270,GET,2766142847358923
0,13340,PUT,2766142847215259
0,13340,GET,2766142847358953
0,10753,PUT,2766142847213325
0,10753,GET,2766142847357149
0,10765,PUT,2766142847213676
0,10765,GET,2766142847357419
0,9490,PUT,2766142847211410
0,9490,GET,2766142847355355
0,13585,PUT,2766142847212663
0,13585,GET,2766142847356698
0,15123,PUT,2766142847211170
0,15123,GET,2766142847355054
0,16130,PUT,2766142847211490
0,16130,GET,2766142847355435
0,9985,PUT,2766142847211571
0,9985,GET,2766142847355475
0,10497,PUT,2766142847212753
0,10497,GET,2766142847356738
0,13056,PUT,2766142847211611
0,13056,GET,2766142847355725
0,13846,PUT,2766142847217635
0,13846,GET,2766142847361108
0,15635,PUT,2766142847212352
0,15635,GET,2766142847356247
0,15379,PUT,2766142847211751
0,15379,GET,2766142847355766
0,10264,PUT,2766142847211891
0,10264,GET,2766142847355956
0,11009,PUT,2766142847213896
0,11009,GET,2766142847357710
0,10258,PUT,2766142847212964
0,10258,GET,2766142847356998
0,10509,PUT,2766142847213094
0,10509,GET,2766142847357039
0,16386,PUT,2766142847214628
0,16386,GET,2766142847358622
0,9739,PUT,2766142847219329
0,9739,GET,2766142847362040
0,10514,PUT,2766142847213545
0,10514,GET,2766142847357339
0,9479,PUT,2766142847214117
0,9479,GET,2766142847357740
0,10002,PUT,2766142847212463
0,10002,GET,2766142847356537
0,11265,PUT,2766142847214467
0,11265,GET,2766142847358121
0,9735,PUT,2766142847214718
0,9735,GET,2766142847358652
0,11285,PUT,2766142847219449
0,11285,GET,2766142847362070
0,10757,PUT,2766142847217565
0,10757,GET,2766142847361068
0,11021,PUT,2766142847216021
0,11021,GET,2766142847359374
0,16134,PUT,2766142847214157
0,16134,GET,2766142847358011
0,11017,PUT,2766142847214267
0,11017,GET,2766142847358041
0,11551,PUT,2766142847216131
0,11551,GET,2766142847359454
0,10014,PUT,2766142847214558
0,10014,GET,2766142847358532
0,11029,PUT,2766142847216452
0,11029,GET,2766142847359765
0,13596,PUT,2766142847217374
0,13596,GET,2766142847360988
0,14606,PUT,2766142847216211
0,14606,GET,2766142847359655
0,14350,PUT,2766142847215570
0,14350,GET,2766142847359033
0,10506,PUT,2766142847214989
0,10506,GET,2766142847358722
0,10526,PUT,2766142847215780
0,10526,GET,2766142847359143
0,13312,PUT,2766142847216803
0,13312,GET,2766142847360266
0,13335,PUT,2766142847215700
0,13335,GET,2766142847359063
0,13591,PUT,2766142847218437
0,13591,GET,2766142847361469
0,14102,PUT,2766142847218216
0,14102,GET,2766142847361409
0,16390,PUT,2766142847217976
0,16390,GET,2766142847361178
0,9499,PUT,2766142847216332
0,9499,GET,2766142847359735
0,13853,PUT,2766142847217334
0,13853,GET,2766142847360787
0,11277,PUT,2766142847216592
0,11277,GET,2766142847359845
0,9755,PUT,2766142847216943
0,9755,GET,2766142847360677
0,11013,PUT,2766142847218136
0,11013,GET,2766142847361218
0,8964,PUT,2766142847217043
0,8964,GET,2766142847360757
0,16642,PUT,2766142847219569
0,16642,GET,2766142847362150
0,13852,PUT,2766142847219669
0,13852,GET,2766142847362190
0,14365,PUT,2766142847220281
0,14365,GET,2766142847362541
0,11807,PUT,2766142847216713
0,11807,GET,2766142847360186
0,14364,PUT,2766142847220872
0,14364,GET,2766142847363273
0,14862,PUT,2766142847216873
0,14862,GET,2766142847360487
0,9476,PUT,2766142847220993
0,9476,GET,2766142847363704
0,10011,PUT,2766142847218848
0,10011,GET,2766142847361800
0,9220,PUT,2766142847220371
0,9220,GET,2766142847362571
0,13568,PUT,2766142847219249
0,13568,GET,2766142847361840
0,9487,PUT,2766142847221073
0,9487,GET,2766142847363744
0,9483,PUT,2766142847218727
0,9483,GET,2766142847361529
0,14358,PUT,2766142847221734
0,14358,GET,2766142847364606
0,14108,PUT,2766142847220251
0,14108,GET,2766142847362511
0,14873,PUT,2766142847221303
0,14873,GET,2766142847363945
0,16898,PUT,2766142847220151
0,16898,GET,2766142847362381
0,11541,PUT,2766142847220030
0,11541,GET,2766142847362301
0,14109,PUT,2766142847219700
0,14109,GET,2766142847362261
0,13847,PUT,2766142847221764
0,13847,GET,2766142847364636
0,14621,PUT,2766142847220912
0,14621,GET,2766142847363313
0,10520,PUT,2766142847221263
0,10520,GET,2766142847363904
0,14080,PUT,2766142847222235
0,14080,GET,2766142847365518
0,11792,PUT,2766142847221373
0,11792,GET,2766142847364015
0,11529,PUT,2766142847221464
0,11529,GET,2766142847364055
0,14614,PUT,2766142847222326
0,14614,GET,2766142847365558
0,9991,PUT,2766142847220491
0,9991,GET,2766142847362902
0,11536,PUT,2766142847220702
0,11536,GET,2766142847362942
0,11273,PUT,2766142847220802
0,11273,GET,2766142847363012
0,11269,PUT,2766142847221163
0,11269,GET,2766142847363814
0,11525,PUT,2766142847221845
0,11525,GET,2766142847364716
0,10770,PUT,2766142847221935
0,10770,GET,2766142847364756
0,14877,PUT,2766142847222676
0,14877,GET,2766142847366310
0,9743,PUT,2766142847223659
0,9743,GET,2766142847367583
0,12048,PUT,2766142847222005
0,12048,GET,2766142847364977
0,11521,PUT,2766142847221614
0,11521,GET,2766142847364125
0,13824,PUT,2766142847221654
0,13824,GET,2766142847364416
0,11777,PUT,2766142847222205
0,11777,GET,2766142847365438
0,14103,PUT,2766142847222356
0,14103,GET,2766142847365749
0,8986,PUT,2766142847223097
0,8986,GET,2766142847366841
0,16902,PUT,2766142847223819
0,16902,GET,2766142847367884
0,11282,PUT,2766142847223017
0,11282,GET,2766142847366581
0,14336,PUT,2766142847222797
0,14336,GET,2766142847366541
0,12289,PUT,2766142847223338
0,12289,GET,2766142847367142
0,10762,PUT,2766142847224170
0,10762,GET,2766142847368405
0,12033,PUT,2766142847222767
0,12033,GET,2766142847366350
0,11781,PUT,2766142847222436
0,11781,GET,2766142847366029
0,14848,PUT,2766142847224020
0,14848,GET,2766142847368174
0,13841,PUT,2766142847222045
0,13841,GET,2766142847365328
0,15129,PUT,2766142847222115
0,15129,GET,2766142847365358
0,9732,PUT,2766142847223538
0,9732,GET,2766142847367473
0,15118,PUT,2766142847223619
0,15118,GET,2766142847367503
0,12063,PUT,2766142847223899
0,12063,GET,2766142847367954
0,17158,PUT,2766142847224451
0,17158,GET,2766142847368645
0,11026,PUT,2766142847222516
0,11026,GET,2766142847366130
0,11038,PUT,2766142847224090
0,11038,GET,2766142847368214
0,9999,PUT,2766142847224290
0,9999,GET,2766142847368435
0,11538,PUT,2766142847223729
0,11538,GET,2766142847367844
0,16646,PUT,2766142847223228
0,16646,GET,2766142847367062
0,10776,PUT,2766142847224591
0,10776,GET,2766142847368846
0,12041,PUT,2766142847226475
0,12041,GET,2766142847371402
0,11785,PUT,2766142847225894
0,11785,GET,2766142847371091
0,14592,PUT,2766142847223378
0,14592,GET,2766142847367352
0,10782,PUT,2766142847223458
0,10782,GET,2766142847367393
0,15382,PUT,2766142847226555
0,15382,GET,2766142847371432
0,15385,PUT,2766142847225663
0,15385,GET,2766142847370700
0,11294,PUT,2766142847224751
0,11294,GET,2766142847369137
0,15126,PUT,2766142847225974
0,15126,GET,2766142847371121
0,11032,PUT,2766142847225242
0,11032,GET,2766142847369728
0,10255,PUT,2766142847225002
0,10255,GET,2766142847369347
0,11530,PUT,2766142847226064
0,11530,GET,2766142847371201
0,15641,PUT,2766142847226235
0,15641,GET,2766142847371242
0,11018,PUT,2766142847224922
0,11018,GET,2766142847369247
0,14870,PUT,2766142847225323
0,14870,GET,2766142847370219
0,12803,PUT,2766142847227889
0,12803,GET,2766142847372675
0,12291,PUT,2766142847224841
0,12291,GET,2766142847369167
0,15104,PUT,2766142847224681
0,15104,GET,2766142847368946
0,15897,PUT,2766142847226816
0,15897,GET,2766142847371612
0,11274,PUT,2766142847225503
0,11274,GET,2766142847370249
0,10267,PUT,2766142847225172
0,10267,GET,2766142847369648
0,12050,PUT,2766142847226315
0,12050,GET,2766142847371302
0,10523,PUT,2766142847225814
0,10523,GET,2766142847371001
0,14615,PUT,2766142847227718
0,14615,GET,2766142847372565
0,12547,PUT,2766142847227237
0,12547,GET,2766142847372254
0,17414,PUT,2766142847225082
0,17414,GET,2766142847369588
0,11797,PUT,2766142847225583
0,11797,GET,2766142847370510
0,12042,PUT,2766142847227317
0,12042,GET,2766142847372464
0,14359,PUT,2766142847227147
0,14359,GET,2766142847371993
0,11794,PUT,2766142847225744
0,11794,GET,2766142847370800
0,15891,PUT,2766142847227808
0,15891,GET,2766142847372595
0,15638,PUT,2766142847227117
0,15638,GET,2766142847371652
0,11786,PUT,2766142847226636
0,11786,GET,2766142847371502
0,9988,PUT,2766142847226716
0,9988,GET,2766142847371542
0,17670,PUT,2766142847228049
0,17670,GET,2766142847372885
0,10767,PUT,2766142847229663
0,10767,GET,2766142847374690
0,13059,PUT,2766142847228470
0,13059,GET,2766142847373607
0,10779,PUT,2766142847228189
0,10779,GET,2766142847373056
0,11784,PUT,2766142847228610
0,11784,GET,2766142847373687
0,12306,PUT,2766142847228350
0,12306,GET,2766142847373096
0,12040,PUT,2766142847229202
0,12040,GET,2766142847374359
0,16915,PUT,2766142847230024
0,16915,GET,2766142847375291
0,16147,PUT,2766142847228390
0,16147,GET,2766142847373507
0,12053,PUT,2766142847228731
0,12053,GET,2766142847373727
0,11023,PUT,2766142847232610
0,11023,GET,2766142847378418
0,12574,PUT,2766142847232960
0,12574,GET,2766142847378448
0,15630,PUT,2766142847229623
0,15630,GET,2766142847374599
0,9242,PUT,2766142847228149
0,9242,GET,2766142847372976
0,10511,PUT,2766142847228931
0,10511,GET,2766142847374158
0,9498,PUT,2766142847228811
0,9498,GET,2766142847373988
0,17171,PUT,2766142847230886
0,17171,GET,2766142847376845
0,15374,PUT,2766142847228891
0,15374,GET,2766142847374068
0,16403,PUT,2766142847229001
0,16403,GET,2766142847374188
0,16659,PUT,2766142847229462
0,16659,GET,2766142847374449
0,13588,PUT,2766142847229893
0,13588,GET,2766142847375201
0,13844,PUT,2766142847230655
0,13844,GET,2766142847376654
0,9995,PUT,2766142847229542
0,9995,GET,2766142847374529
0,12293,PUT,2766142847230966
0,12293,GET,2766142847376875
0,14620,PUT,2766142847229081
0,14620,GET,2766142847374269
0,11550,PUT,2766142847230725
0,11550,GET,2766142847376684
0,10251,PUT,2766142847230104
0,10251,GET,2766142847375361
0,12549,PUT,2766142847233051
0,12549,GET,2766142847378709
0,10247,PUT,2766142847233131
0,10247,GET,2766142847378749
0,12037,PUT,2766142847230244
0,12037,GET,2766142847375712
0,11806,PUT,2766142847231307
0,11806,GET,2766142847377255
0,18182,PUT,2766142847230404
0,18182,GET,2766142847375962
0,14100,PUT,2766142847231186
0,14100,GET,2766142847377035
0,12805,PUT,2766142847233652
0,12805,GET,2766142847379631
0,10503,PUT,2766142847233732
0,10503,GET,2766142847379671
0,14876,PUT,2766142847229733
0,14876,GET,2766142847374980
0,17926,PUT,2766142847229813
0,17926,GET,2766142847375020
0,10507,PUT,2766142847230805
0,10507,GET,2766142847376764
0,10244,PUT,2766142847230485
0,10244,GET,2766142847376043
0,14612,PUT,2766142847232299
0,14612,GET,2766142847378168
0,12297,PUT,2766142847231537
0,12297,GET,2766142847377606
0,15132,PUT,2766142847230324
0,15132,GET,2766142847375772
0,12304,PUT,2766142847232068
0,12304,GET,2766142847377987
0,12545,PUT,2766142847230565
0,12545,GET,2766142847376464
0,14356,PUT,2766142847231748
0,14356,GET,2766142847377807
0,12309,PUT,2766142847231146
0,12309,GET,2766142847376965
0,17427,PUT,2766142847231437
0,17427,GET,2766142847377536
0,13086,PUT,2766142847234123
0,13086,GET,2766142847380553
0,11288,PUT,2766142847234203
0,11288,GET,2766142847380633
0,11279,PUT,2766142847233211
0,11279,GET,2766142847378949
0,12062,PUT,2766142847231848
0,12062,GET,2766142847377907
0,15388,PUT,2766142847234885
0,15388,GET,2766142847381245
0,12565,PUT,2766142847233822
0,12565,GET,2766142847379862
0,12830,PUT,2766142847233572
0,12830,GET,2766142847379421
0,14097,PUT,2766142847232098
0,14097,GET,2766142847378077
0,11291,PUT,2766142847235155
0,11291,GET,2766142847381596
0,14868,PUT,2766142847233852
0,14868,GET,2766142847379902
0,15886,PUT,2766142847232579
0,15886,GET,2766142847378338
0,13315,PUT,2766142847233492
0,13315,GET,2766142847379050
0,12318,PUT,2766142847232409
0,12318,GET,2766142847378268
0,17683,PUT,2766142847234965
0,17683,GET,2766142847381275
0,13598,PUT,2766142847235466
0,13598,GET,2766142847381976
0,11535,PUT,2766142847233933
0,11535,GET,2766142847379972
0,11035,PUT,2766142847234574
0,11035,GET,2766142847380954
0,15644,PUT,2766142847237711
0,15644,GET,2766142847384392
0,12821,PUT,2766142847234394
0,12821,GET,2766142847380673
0,12818,PUT,2766142847235536
0,12818,GET,2766142847382067
0,11800,PUT,2766142847237882
0,11800,GET,2766142847384432
0,11533,PUT,2766142847235617
0,11533,GET,2766142847382097
0,16150,PUT,2766142847234654
0,16150,GET,2766142847381034
0,12296,PUT,2766142847238172
0,12296,GET,2766142847384703
0,17939,PUT,2766142847239636
0,17939,GET,2766142847386497
0,10500,PUT,2766142847235817
0,10500,GET,2766142847382297
0,15389,PUT,2766142847235897
0,15389,GET,2766142847382327
0,15894,PUT,2766142847234013
0,15894,GET,2766142847380212
0,11791,PUT,2766142847234494
0,11791,GET,2766142847380854
0,11789,PUT,2766142847236238
0,11789,GET,2766142847382828
0,15133,PUT,2766142847235306
0,15133,GET,2766142847381856
0,16142,PUT,2766142847235386
0,16142,GET,2766142847381896
0,12562,PUT,2766142847235005
0,12562,GET,2766142847381345
0,12047,PUT,2766142847235075
0,12047,GET,2766142847381385
0,13342,PUT,2766142847234734
0,13342,GET,2766142847381134
0,18438,PUT,2766142847234815
0,18438,GET,2766142847381165
0,11544,PUT,2766142847237320
0,11544,GET,2766142847384001
0,16406,PUT,2766142847235226
0,16406,GET,2766142847381666
0,12303,PUT,2766142847235707
0,12303,GET,2766142847382177
0,13061,PUT,2766142847235787
0,13061,GET,2766142847382237
0,12319,PUT,2766142847236769
0,12319,GET,2766142847383400
0,15380,PUT,2766142847237631
0,15380,GET,2766142847384202
0,13057,PUT,2766142847236960
0,13057,GET,2766142847383480
0,12801,PUT,2766142847236378
0,12801,GET,2766142847383039
0,17410,PUT,2766142847236689
0,17410,GET,2766142847383069
0,13330,PUT,2766142847240237
0,13330,GET,2766142847386818
0,18694,PUT,2766142847240337
0,18694,GET,2766142847386858
0,15900,PUT,2766142847238293
0,15900,GET,2766142847384783
0,13854,PUT,2766142847236017
0,13854,GET,2766142847382598
0,17154,PUT,2766142847236098
0,17154,GET,2766142847382638
0,12575,PUT,2766142847237391
0,12575,GET,2766142847384091
0,13313,PUT,2766142847237541
0,13313,GET,2766142847384131
0,12056,PUT,2766142847238453
0,12056,GET,2766142847384823
0,16153,PUT,2766142847237280
0,16153,GET,2766142847383771
0,16918,PUT,2766142847238684
0,16918,GET,2766142847385174
0,13074,PUT,2766142847239676
0,13074,GET,2766142847386597
0,12559,PUT,2766142847239756
0,12559,GET,2766142847386637
0,13077,PUT,2766142847240668
0,13077,GET,2766142847387088
0,16156,PUT,2766142847238854
0,16156,GET,2766142847385394
0,15124,PUT,2766142847237050
0,15124,GET,2766142847383580
0,16412,PUT,2766142847239395
0,16412,GET,2766142847386016
0,13071,PUT,2766142847243074
0,13071,GET,2766142847390416
0,12312,PUT,2766142847239004
0,12312,GET,2766142847385685
0,11012,PUT,2766142847239185
0,11012,GET,2766142847385725
0,16662,PUT,2766142847238072
0,16662,GET,2766142847384512
0,10756,PUT,2766142847238603
0,10756,GET,2766142847384893
0,13080,PUT,2766142847240748
0,13080,GET,2766142847387359
0,10759,PUT,2766142847238934
0,10759,GET,2766142847385424
0,17174,PUT,2766142847239265
0,17174,GET,2766142847385795
0,13571,PUT,2766142847243485
0,13571,GET,2766142847391108
0,15360,PUT,2766142847241179
0,15360,GET,2766142847387469
0,11780,PUT,2766142847242703
0,11780,GET,2766142847389113
0,16921,PUT,2766142847242633
0,16921,GET,2766142847389083
0,16409,PUT,2766142847241270
0,16409,GET,2766142847387509
0,15127,PUT,2766142847240989
0,15127,GET,2766142847387389
0,12568,PUT,2766142847239566
0,12568,GET,2766142847386236
0,14871,PUT,2766142847240418
0,14871,GET,2766142847386928
0,17666,PUT,2766142847243515
0,17666,GET,2766142847391138
0,11268,PUT,2766142847239836
0,11268,GET,2766142847386717
0,12552,PUT,2766142847242172
0,12552,GET,2766142847388582
0,12045,PUT,2766142847241410
0,12045,GET,2766142847387710
0,11015,PUT,2766142847240498
0,11015,GET,2766142847387008
0,15383,PUT,2766142847241550
0,15383,GET,2766142847387980
0,12824,PUT,2766142847240117
0,12824,GET,2766142847386748
0,15616,PUT,2766142847241811
0,15616,GET,2766142847388010
0,16665,PUT,2766142847241901
0,16665,GET,2766142847388211
0,15872,PUT,2766142847242543
0,15872,GET,2766142847389003
0,11524,PUT,2766142847241981
0,11524,GET,2766142847388241
0,12553,PUT,2766142847242142
0,12553,GET,2766142847388512
0,12301,PUT,2766142847242061
0,12301,GET,2766142847388431
0,15636,PUT,2766142847242803
0,15636,GET,2766142847389524
0,15639,PUT,2766142847242252
0,15639,GET,2766142847388812
0,12815,PUT,2766142847242332
0,12815,GET,2766142847388852
0,15895,PUT,2766142847242954
0,15895,GET,2766142847390035
0,12808,PUT,2766142847242873
0,12808,GET,2766142847389554
0,16128,PUT,2766142847243244
0,16128,GET,2766142847390717
0,12036,PUT,2766142847243324
0,12036,GET,2766142847390757
0,12557,PUT,2766142847245109
0,12557,GET,2766142847393784
0,14110,PUT,2766142847242452
0,14110,GET,2766142847388923
0,13569,PUT,2766142847244758
0,13569,GET,2766142847393253
0,17922,PUT,2766142847244136
0,17922,GET,2766142847391859
0,14366,PUT,2766142847243144
0,14366,GET,2766142847390506
0,14083,PUT,2766142847245189
0,14083,GET,2766142847393784
0,16151,PUT,2766142847243595
0,16151,GET,2766142847391208
0,16148,PUT,2766142847244056
0,16148,GET,2766142847391759
0,17430,PUT,2766142847242994
0,17430,GET,2766142847390226
0,15892,PUT,2766142847243405
0,15892,GET,2766142847391007
0,16407,PUT,2766142847244838
0,16407,GET,2766142847393283
0,9754,PUT,2766142847244247
0,9754,GET,2766142847392080
0,11547,PUT,2766142847244287
0,11547,GET,2766142847392120
0,17686,PUT,2766142847243635
0,17686,GET,2766142847391248
0,10763,PUT,2766142847243946
0,10763,GET,2766142847391609
0,13586,PUT,2766142847243705
0,13586,GET,2766142847391328
0,13827,PUT,2766142847244166
0,13827,GET,2766142847391889
0,13333,PUT,2766142847243785
0,13333,GET,2766142847391428
0,17177,PUT,2766142847243866
0,17177,GET,2766142847391529
0,14339,PUT,2766142847245890
0,14339,GET,2766142847395127
0,17942,PUT,2766142847244868
0,17942,GET,2766142847393353
0,12292,PUT,2766142847244668
0,12292,GET,2766142847393162
0,12548,PUT,2766142847245279
0,12548,GET,2766142847393974
0,12298,PUT,2766142847243976
0,12298,GET,2766142847391689
0,14595,PUT,2766142847246963
0,14595,GET,2766142847397142
0,14337,PUT,2766142847247053
0,14337,GET,2766142847397182
0,13825,PUT,2766142847245439
0,13825,GET,2766142847394205
0,16654,PUT,2766142847246742
0,16654,GET,2766142847396560
0,13842,PUT,2766142847244357
0,13842,GET,2766142847392581
0,11271,PUT,2766142847246001
0,11271,GET,2766142847395448
0,18198,PUT,2766142847245520
0,18198,GET,2766142847394405
0,16398,PUT,2766142847245680
0,16398,GET,2766142847394586
0,13327,PUT,2766142847245710
0,13327,GET,2766142847394626
0,14353,PUT,2766142847244948
0,14353,GET,2766142847393563
0,12813,PUT,2766142847245790
0,12813,GET,2766142847394696
0,13064,PUT,2766142847244507
0,13064,GET,2766142847392872
0,13589,PUT,2766142847244437
0,13589,GET,2766142847392621
0,16668,PUT,2766142847246382
0,16668,GET,2766142847396169
0,12554,PUT,2766142847245359
0,12554,GET,2766142847394014
0,17433,PUT,2766142847244587
0,17433,GET,2766142847392962
0,14081,PUT,2766142847246462
0,14081,GET,2766142847396199
0,18950,PUT,2766142847245971
0,18950,GET,2766142847395418
0,13845,PUT,2766142847245028
0,13845,GET,2766142847393654
0,17689,PUT,2766142847246191
0,17689,GET,2766142847395638
0,13336,PUT,2766142847246231
0,13336,GET,2766142847395738
0,12809,PUT,2766142847247785
0,12809,GET,2766142847398204
0,14609,PUT,2766142847245600
0,14609,GET,2766142847394506
0,11527,PUT,2766142847246662
0,11527,GET,2766142847396460
0,15645,PUT,2766142847247865
0,15645,GET,2766142847398284
0,19718,PUT,2766142847247945
0,19718,GET,2766142847398324
0,13069,PUT,2766142847246542
0,13069,GET,2766142847396280
0,12804,PUT,2766142847246111
0,12804,GET,2766142847395558
0,13317,PUT,2766142847246081
0,13317,GET,2766142847395528
0,15121,PUT,2766142847247133
0,15121,GET,2766142847397242
0,13583,PUT,2766142847246772
0,13583,GET,2766142847396781
0,14865,PUT,2766142847246301
0,14865,GET,2766142847395959
0,10010,PUT,2766142847247374
0,10010,GET,2766142847397583
0,17945,PUT,2766142847247524
0,17945,GET,2766142847397893
0,14354,PUT,2766142847247444
0,14354,GET,2766142847397623
0,17166,PUT,2766142847248496
0,17166,GET,2766142847399718
0,19974,PUT,2766142847248587
0,19974,GET,2766142847399758
0,19206,PUT,2766142847246622
0,19206,GET,2766142847396360
0,18195,PUT,2766142847246853
0,18195,GET,2766142847396981
0,12810,PUT,2766142847247213
0,12810,GET,2766142847397432
0,11019,PUT,2766142847248176
0,11019,GET,2766142847399016
0,16924,PUT,2766142847248256
0,16924,GET,2766142847399046
0,14098,PUT,2766142847246883
0,14098,GET,2766142847397061
0,19462,PUT,2766142847247294
0,19462,GET,2766142847397513
0,20230,PUT,2766142847249158
0,20230,GET,2766142847400229
0,13581,PUT,2766142847248336
0,13581,GET,2766142847399307
0,14613,PUT,2766142847252005
0,14613,GET,2766142847402665
0,15901,PUT,2766142847248657
0,15901,GET,2766142847399838
0,16919,PUT,2766142847249298
0,16919,GET,2766142847400259
0,16910,PUT,2766142847247604
0,16910,GET,2766142847398094
0,14610,PUT,2766142847248096
0,14610,GET,2766142847398816
0,16663,PUT,2766142847248737
0,16663,GET,2766142847399868
0,15377,PUT,2766142847248015
0,15377,GET,2766142847398395
0,18690,PUT,2766142847250291
0,18690,GET,2766142847401662
0,13325,PUT,2766142847247685
0,13325,GET,2766142847398134
0,16404,PUT,2766142847250180
0,16404,GET,2766142847401592
0,18966,PUT,2766142847252897
0,18966,GET,2766142847403456
0,13576,PUT,2766142847249589
0,13576,GET,2766142847400810
0,18178,PUT,2766142847248416
0,18178,GET,2766142847399507
0,14360,PUT,2766142847252977
0,14360,GET,2766142847403496
0,13320,PUT,2766142847249008
0,13320,GET,2766142847400149
0,13837,PUT,2766142847248927
0,13837,GET,2766142847399948
0,18434,PUT,2766142847249699
0,18434,GET,2766142847400910
0,14101,PUT,2766142847250862
0,14101,GET,2766142847401792
0,14593,PUT,2766142847254089
0,14593,GET,2766142847404348
0,14357,PUT,2766142847251453
0,14357,GET,2766142847402254
0,17175,PUT,2766142847249870
0,17175,GET,2766142847401221
0,14095,PUT,2766142847252576
0,14095,GET,2766142847403346
0,14851,PUT,2766142847252816
0,14851,GET,2766142847403376
0,13839,PUT,2766142847249960
0,13839,GET,2766142847401321
0,18946,PUT,2766142847250752
0,18946,GET,2766142847401772
0,18710,PUT,2766142847252265
0,18710,GET,2766142847402735
0,14093,PUT,2766142847249499
0,14093,GET,2766142847400740
0,19202,PUT,2766142847251253
0,19202,GET,2766142847402023
0,11803,PUT,2766142847251614
0,11803,GET,2766142847402334
0,18454,PUT,2766142847251694
0,18454,GET,2766142847402374
0,12831,PUT,2766142847249799
0,12831,GET,2766142847401131
0,13592,PUT,2766142847251163
0,13592,GET,2766142847401953
0,14104,PUT,2766142847252345
0,14104,GET,2766142847402775
0,13066,PUT,2766142847250952
0,13066,GET,2766142847401873
0,13848,PUT,2766142847251774
0,13848,GET,2766142847402564
0,15107,PUT,2766142847253408
0,15107,GET,2766142847403767
0,13573,PUT,2766142847252426
0,13573,GET,2766142847403025
0,20486,PUT,2766142847254931
0,20486,GET,2766142847405140
0,15363,PUT,2766142847253999
0,15363,GET,2766142847404248
0,19222,PUT,2766142847253488
0,19222,GET,2766142847403837
0,15105,PUT,2766142847255232
0,15105,GET,2766142847405611
0,14878,PUT,2766142847253709
0,14878,GET,2766142847404148
0,13060,PUT,2766142847252456
0,13060,GET,2766142847403236
0,11783,PUT,2766142847256655
0,11783,GET,2766142847406894
0,13322,PUT,2766142847253237
0,13322,GET,2766142847403647
0,21254,PUT,2766142847256685
0,21254,GET,2766142847406934
0,17678,PUT,2766142847254200
0,17678,GET,2766142847404719
0,18201,PUT,2766142847253328
0,18201,GET,2766142847403707
0,14849,PUT,2766142847254671
0,14849,GET,2766142847404759
0,14622,PUT,2766142847253107
0,14622,GET,2766142847403567
0,17422,PUT,2766142847253618
0,17422,GET,2766142847404048
0,14349,PUT,2766142847253919
0,14349,GET,2766142847404178
0,18963,PUT,2766142847257076
0,18963,GET,2766142847407115
0,16916,PUT,2766142847257157
0,16916,GET,2766142847407145
0,16384,PUT,2766142847254130
0,16384,GET,2766142847404629
0,19714,PUT,2766142847261236
0,19714,GET,2766142847410533
0,16643,PUT,2766142847261276
0,16643,GET,2766142847410563
0,17934,PUT,2766142847254831
0,17934,GET,2766142847404920
0,10266,PUT,2766142847254751
0,10266,GET,2766142847404830
0,19734,PUT,2766142847255673
0,19734,GET,2766142847405972
0,16660,PUT,2766142847256575
0,16660,GET,2766142847406684
0,17684,PUT,2766142847259061
0,17684,GET,2766142847409611
0,20742,PUT,2766142847255493
0,20742,GET,2766142847405872
0,15134,PUT,2766142847259141
0,15134,GET,2766142847409691
0,15633,PUT,2766142847255753
0,15633,GET,2766142847406042
0,19475,PUT,2766142847258289
0,19475,GET,2766142847408779
0,20998,PUT,2766142847256104
0,20998,GET,2766142847406493
0,17431,PUT,2766142847255012
0,17431,GET,2766142847405411
0,19478,PUT,2766142847255122
0,19478,GET,2766142847405511
0,14607,PUT,2766142847257578
0,14607,GET,2766142847407606
0,13087,PUT,2766142847256415
0,13087,GET,2766142847406533
0,18451,PUT,2766142847255884
0,18451,GET,2766142847406123
0,14866,PUT,2766142847256816
0,14866,GET,2766142847407005
0,19219,PUT,2766142847257658
0,19219,GET,2766142847407646
0,12560,PUT,2766142847256024
0,12560,GET,2766142847406393
0,18707,PUT,2766142847256495
0,18707,GET,2766142847406604
0,14351,PUT,2766142847256996
0,14351,GET,2766142847407035
0,16131,PUT,2766142847258981
0,16131,GET,2766142847409520
0,17428,PUT,2766142847258480
0,17428,GET,2766142847409089
0,15619,PUT,2766142847257808
0,15619,GET,2766142847407796
0,15889,PUT,2766142847258009
0,15889,GET,2766142847408388
0,14869,PUT,2766142847261396
0,14869,GET,2766142847410643
0,13065,PUT,2766142847258089
0,13065,GET,2766142847408428
0,16387,PUT,2766142847259562
0,16387,GET,2766142847410112
0,13343,PUT,2766142847260394
0,13343,GET,2766142847410142
0,13832,PUT,2766142847258129
0,13832,GET,2766142847408608
0,12816,PUT,2766142847257978
0,12816,GET,2766142847408298
0,17172,PUT,2766142847257728
0,17172,GET,2766142847407726
0,15122,PUT,2766142847257377
0,15122,GET,2766142847407416
0,13829,PUT,2766142847257898
0,13829,GET,2766142847408217
0,21510,PUT,2766142847261627
0,21510,GET,2766142847410904
0,15361,PUT,2766142847259422
0,15361,GET,2766142847409731
0,14863,PUT,2766142847258209
0,14863,GET,2766142847408688
0,16145,PUT,2766142847262068
0,16145,GET,2766142847411315
0,16640,PUT,2766142847258810
0,16640,GET,2766142847409170
0,19970,PUT,2766142847261817
0,19970,GET,2766142847410944
0,19458,PUT,2766142847258369
0,19458,GET,2766142847408989
0,15875,PUT,2766142847258399
0,15875,GET,2766142847409019
0,15125,PUT,2766142847261958
0,15125,GET,2766142847411014
0,18190,PUT,2766142847260915
0,18190,GET,2766142847410252
0,15119,PUT,2766142847260675
0,15119,GET,2766142847410222
0,16896,PUT,2766142847259472
0,16896,GET,2766142847410012
0,17940,PUT,2766142847262910
0,17940,GET,2766142847412096
0,12039,PUT,2766142847261597
0,12039,GET,2766142847410833
0,20226,PUT,2766142847264363
0,20226,GET,2766142847412527
0,15390,PUT,2766142847264443
0,15390,GET,2766142847412568
0,15617,PUT,2766142847263080
0,15617,GET,2766142847412307
0,15375,PUT,2766142847261156
0,15375,GET,2766142847410453
0,13855,PUT,2766142847264634
0,13855,GET,2766142847412968
0,13072,PUT,2766142847262028
0,13072,GET,2766142847411054
0,15381,PUT,2766142847262519
0,15381,GET,2766142847411746
0,17180,PUT,2766142847262599
0,17180,GET,2766142847411786
0,12295,PUT,2766142847262178
0,12295,GET,2766142847411655
0,18457,PUT,2766142847264895
0,18457,GET,2766142847413510
0,20482,PUT,2766142847264975
0,20482,GET,2766142847413540
0,18702,PUT,2766142847266248
0,18702,GET,2766142847415013
0,14344,PUT,2766142847266167
0,14344,GET,2766142847414973
0,16157,PUT,2766142847262639
0,16157,GET,2766142847411976
0,13328,PUT,2766142847262719
0,13328,GET,2766142847412016
0,16899,PUT,2766142847263160
0,16899,GET,2766142847412377
0,13599,PUT,2766142847264053
0,13599,GET,2766142847412457
0,17152,PUT,2766142847266047
0,17152,GET,2766142847414763
0,14616,PUT,2766142847264864
0,14616,GET,2766142847413309
0,12059,PUT,2766142847269696
0,12059,GET,2766142847417008
0,17181,PUT,2766142847269585
0,17181,GET,2766142847416978
0,19731,PUT,2766142847264564
0,19731,GET,2766142847412748
0,10522,PUT,2766142847265235
0,10522,GET,2766142847414031
0,15646,PUT,2766142847265055
0,15646,GET,2766142847413620
0,19987,PUT,2766142847265125
0,19987,GET,2766142847413830
0,10778,PUT,2766142847265817
0,10778,GET,2766142847414652
0,18713,PUT,2766142847265466
0,18713,GET,2766142847414292
0,15873,PUT,2766142847265997
0,15873,GET,2766142847414692
0,17411,PUT,2766142847268784
0,17411,GET,2766142847416657
0,14872,PUT,2766142847266629
0,14872,GET,2766142847415284
0,18969,PUT,2766142847266659
0,18969,GET,2766142847415324
0,19225,PUT,2766142847267220
0,19225,GET,2766142847415815
0,18446,PUT,2766142847265646
0,18446,GET,2766142847414552
0,13321,PUT,2766142847265536
0,13321,GET,2766142847414362
0,19214,PUT,2766142847268884
0,19214,GET,2766142847416697
0,14088,PUT,2766142847265576
0,14088,GET,2766142847414462
0,16413,PUT,2766142847266328
0,16413,GET,2766142847415083
0,16925,PUT,2766142847267541
0,16925,GET,2766142847416196
0,11531,PUT,2766142847270798
0,11531,GET,2766142847418181
0,20738,PUT,2766142847270898
0,20738,GET,2766142847418211
0,13578,PUT,2766142847267440
0,13578,GET,2766142847416116
0,16669,PUT,2766142847266959
0,16669,GET,2766142847415725
0,11275,PUT,2766142847267400
0,11275,GET,2766142847415905
0,13584,PUT,2766142847266889
0,13584,GET,2766142847415394
0,13577,PUT,2766142847270668
0,13577,GET,2766142847417950
0,14861,PUT,2766142847268623
0,14861,GET,2766142847416577
0,18958,PUT,2766142847268292
0,18958,GET,2766142847416497
0,14600,PUT,2766142847270698
0,14600,GET,2766142847417990
0,16129,PUT,2766142847268974
0,16129,GET,2766142847416888
0,17155,PUT,2766142847268212
0,17155,GET,2766142847416467
0,17667,PUT,2766142847270939
0,17667,GET,2766142847418481
0,17436,PUT,2766142847269836
0,17436,GET,2766142847417088
0,19737,PUT,2766142847271159
0,19737,GET,2766142847418511
0,12571,PUT,2766142847273304
0,12571,GET,2766142847421408
0,14605,PUT,2766142847268012
0,14605,GET,2766142847416386
0,17437,PUT,2766142847270157
0,17437,GET,2766142847417649
0,17692,PUT,2766142847270327
0,17692,GET,2766142847417689
0,19990,PUT,2766142847270036
0,19990,GET,2766142847417369
0,17693,PUT,2766142847272402
0,17693,GET,2766142847419564
0,15117,PUT,2766142847272733
0,15117,GET,2766142847420265
0,22022,PUT,2766142847272572
0,22022,GET,2766142847419895
0,13316,PUT,2766142847272913
0,13316,GET,2766142847420295
0,16143,PUT,2766142847272482
0,16143,GET,2766142847419854
0,15631,PUT,2766142847271309
0,15631,GET,2766142847418662
0,19481,PUT,2766142847270588
0,19481,GET,2766142847417880
0,13833,PUT,2766142847271400
0,13833,GET,2766142847418702
0,11034,PUT,2766142847271229
0,11034,GET,2766142847418591
0,16401,PUT,2766142847271480
0,16401,GET,2766142847418782
0,15887,PUT,2766142847271891
0,15887,GET,2766142847419133
0,20249,PUT,2766142847272282
0,20249,GET,2766142847419173
0,12807,PUT,2766142847274206
0,12807,GET,2766142847422320
0,19993,PUT,2766142847271730
0,19993,GET,2766142847419033
0,12315,PUT,2766142847272643
0,12315,GET,2766142847420165
0,21766,PUT,2766142847271811
0,21766,GET,2766142847419053
0,15902,PUT,2766142847274627
0,15902,GET,2766142847422420
0,16152,PUT,2766142847279589
0,16152,GET,2766142847428074
0,16641,PUT,2766142847275509
0,16641,GET,2766142847423212
0,12827,PUT,2766142847273885
0,12827,GET,2766142847421999
0,17948,PUT,2766142847272372
0,17948,GET,2766142847419363
0,18204,PUT,2766142847272993
0,18204,GET,2766142847420626
0,14090,PUT,2766142847276241
0,14090,GET,2766142847423794
0,14085,PUT,2766142847273735
0,14085,GET,2766142847421588
0,13834,PUT,2766142847275599
0,13834,GET,2766142847423252
0,15637,PUT,2766142847273144
0,15637,GET,2766142847421047
0,13831,PUT,2766142847276451
0,13831,GET,2766142847424034
0,16399,PUT,2766142847273074
0,16399,GET,2766142847420706
0,13083,PUT,2766142847274457
0,13083,GET,2766142847422350
0,15384,PUT,2766142847276732
0,15384,GET,2766142847424124
0,16657,PUT,2766142847274958
0,16657,GET,2766142847423012
0,22278,PUT,2766142847273224
0,22278,GET,2766142847421328
0,22534,PUT,2766142847273815
0,22534,GET,2766142847421819
0,16655,PUT,2766142847277634
0,16655,GET,2766142847425798
0,11787,PUT,2766142847275629
0,11787,GET,2766142847423322
0,15128,PUT,2766142847276161
0,15128,GET,2766142847423733
0,12551,PUT,2766142847273625
0,12551,GET,2766142847421488
0,22790,PUT,2766142847276872
0,22790,GET,2766142847424195
0,15378,PUT,2766142847273966
0,15378,GET,2766142847422220
0,13063,PUT,2766142847274757
0,13063,GET,2766142847422721
0,16385,PUT,2766142847274838
0,16385,GET,2766142847422821
0,13575,PUT,2766142847275890
0,13575,GET,2766142847423493
0,14111,PUT,2766142847274667
0,14111,GET,2766142847422641
0,13339,PUT,2766142847277414
0,13339,GET,2766142847425337
0,11290,PUT,2766142847277444
0,11290,GET,2766142847425377
0,13840,PUT,2766142847276351
0,13840,GET,2766142847423964
0,14087,PUT,2766142847276932
0,14087,GET,2766142847424535
0,16913,PUT,2766142847275710
0,16913,GET,2766142847423413
0,17169,PUT,2766142847277985
0,17169,GET,2766142847426179
0,13319,PUT,2766142847275319
0,13319,GET,2766142847423102
0,17923,PUT,2766142847275429
0,17923,GET,2766142847423142
0,19470,PUT,2766142847277604
0,19470,GET,2766142847425538
0,12043,PUT,2766142847276271
0,12043,GET,2766142847423884
0,17408,PUT,2766142847278947
0,17408,GET,2766142847426861
0,18205,PUT,2766142847277714
0,18205,GET,2766142847425898
0,19726,PUT,2766142847278185
0,19726,GET,2766142847426259
0,15373,PUT,2766142847277794
0,15373,GET,2766142847425979
0,17949,PUT,2766142847277183
0,17949,GET,2766142847424856
0,18460,PUT,2766142847277113
0,18460,GET,2766142847424796
0,14345,PUT,2766142847279188
0,14345,GET,2766142847427362
0,15640,PUT,2766142847277273
0,15640,GET,2766142847425046
0,17425,PUT,2766142847278646
0,17425,GET,2766142847426570
0,14343,PUT,2766142847277524
0,14343,GET,2766142847425447
0,19982,PUT,2766142847278757
0,19982,GET,2766142847426760
0,14601,PUT,2766142847279769
0,14601,GET,2766142847428354
0,17681,PUT,2766142847279278
0,17681,GET,2766142847427643
0,14089,PUT,2766142847278566
0,14089,GET,2766142847426470
0,18179,PUT,2766142847279428
0,18179,GET,2766142847427923
0,20761,PUT,2766142847280140
0,20761,GET,2766142847428414
0,20243,PUT,2766142847280220
0,20243,GET,2766142847428615
0,20238,PUT,2766142847279348
0,20238,GET,2766142847427723
0,15896,PUT,2766142847279108
0,15896,GET,2766142847427061
0,20505,PUT,2766142847279559
0,20505,GET,2766142847427993
0,17687,PUT,2766142847279659
0,17687,GET,2766142847428174
0,20246,PUT,2766142847279699
0,20246,GET,2766142847428254
0,20502,PUT,2766142847280330
0,20502,GET,2766142847428895
0,17943,PUT,2766142847280300
0,17943,GET,2766142847428825
0,20499,PUT,2766142847280791
0,20499,GET,2766142847429567
0,15893,PUT,2766142847280411
0,15893,GET,2766142847429186
0,21017,PUT,2766142847280691
0,21017,GET,2766142847429507
0,20494,PUT,2766142847280862
0,20494,GET,2766142847429647
0,18199,PUT,2766142847280942
0,18199,GET,2766142847430028
0,20758,PUT,2766142847280972
0,20758,GET,2766142847430229
0,13595,PUT,2766142847281062
0,13595,GET,2766142847430449
0,21273,PUT,2766142847281293
0,21273,GET,2766142847430880
0,17937,PUT,2766142847281212
0,17937,GET,2766142847430800
0,18435,PUT,2766142847281583
0,18435,GET,2766142847431481
0,20750,PUT,2766142847281413
0,20750,GET,2766142847431081
0,18461,PUT,2766142847281673
0,18461,GET,2766142847431572
0,18455,PUT,2766142847281503
0,18455,GET,2766142847431291
0,12299,PUT,2766142847281784
0,12299,GET,2766142847431932
0,14346,PUT,2766142847281754
0,14346,GET,2766142847431852
0,14856,PUT,2766142847281974
0,14856,GET,2766142847432133
0,20755,PUT,2766142847291697
0,20755,GET,2766142847433115
0,14599,PUT,2766142847292990
0,14599,GET,2766142847433185
0,14855,PUT,2766142847293481
0,14855,GET,2766142847433266
0,15367,PUT,2766142847295576
0,15367,GET,2766142847433777
0,15111,PUT,2766142847295205
0,15111,GET,2766142847433687
0,21011,PUT,2766142847295676
0,21011,GET,2766142847434108
0,21523,PUT,2766142847297410
0,21523,GET,2766142847434599
0,21267,PUT,2766142847296157
0,21267,GET,2766142847434308
0,15623,PUT,2766142847297220
0,15623,GET,2766142847434518
0,15879,PUT,2766142847297821
0,15879,GET,2766142847434819
0,21779,PUT,2766142847297981
0,21779,GET,2766142847435030
0,16391,PUT,2766142847298873
0,16391,GET,2766142847435481
0,16903,PUT,2766142847300417
0,16903,GET,2766142847436263
0,16135,PUT,2766142847298392
0,16135,GET,2766142847435391
0,16647,PUT,2766142847299234
0,16647,GET,2766142847435771
0,22035,PUT,2766142847299304
0,22035,GET,2766142847435872
0,22291,PUT,2766142847299675
0,22291,GET,2766142847436062
0,17159,PUT,2766142847300878
0,17159,GET,2766142847436343
0,22547,PUT,2766142847301229
0,22547,GET,2766142847436563
0,17415,PUT,2766142847301349
0,17415,GET,2766142847436874
0,17671,PUT,2766142847302502
0,17671,GET,2766142847437074
0,22803,PUT,2766142847303244
0,22803,GET,2766142847437275
0,17927,PUT,2766142847304065
0,17927,GET,2766142847437355
0,23059,PUT,2766142847304847
0,23059,GET,2766142847437566
0,16158,PUT,2766142847305098
0,16158,GET,2766142847437806
0,18183,PUT,2766142847305328
0,18183,GET,2766142847437997
0,14857,PUT,2766142847305579
0,14857,GET,2766142847438287
0,14602,PUT,2766142847305779
0,14602,GET,2766142847438377
0,16414,PUT,2766142847305850
0,16414,GET,2766142847438678
0,23315,PUT,2766142847306231
0,23315,GET,2766142847439370
0,18439,PUT,2766142847305930
0,18439,GET,2766142847439159
0,23571,PUT,2766142847307373
0,23571,GET,2766142847439891
0,14858,PUT,2766142847306581
0,14858,GET,2766142847439450
0,12555,PUT,2766142847306962
0,12555,GET,2766142847439650
0,12811,PUT,2766142847307644
0,12811,GET,2766142847440111
0,18695,PUT,2766142847308185
0,18695,GET,2766142847440202
0,13067,PUT,2766142847308275
0,13067,GET,2766142847440432
0,18711,PUT,2766142847308406
0,18711,GET,2766142847441004
0,16408,PUT,2766142847309147
0,16408,GET,2766142847441525
0,15114,PUT,2766142847308897
0,15114,GET,2766142847441164
0,24083,PUT,2766142847309067
0,24083,GET,2766142847441244
0,23827,PUT,2766142847308596
0,23827,GET,2766142847441084
0,18691,PUT,2766142847310230
0,18691,GET,2766142847442266
0,16664,PUT,2766142847309899
0,16664,GET,2766142847442106
0,16670,PUT,2766142847310079
0,16670,GET,2766142847442146
0,21014,PUT,2766142847310150
0,21014,GET,2766142847442186
0,24595,PUT,2766142847310320
0,24595,GET,2766142847442627
0,24339,PUT,2766142847309669
0,24339,GET,2766142847441896
0,13323,PUT,2766142847309869
0,13323,GET,2766142847441976
0,15370,PUT,2766142847310520
0,15370,GET,2766142847443349
0,21782,PUT,2766142847312074
0,21782,GET,2766142847446145
0,13579,PUT,2766142847310480
0,13579,GET,2766142847443048
0,13835,PUT,2766142847311342
0,13835,GET,2766142847444883
0,18967,PUT,2766142847310400
0,18967,GET,2766142847442838
0,18947,PUT,2766142847311002
0,18947,GET,2766142847444041
0,16920,PUT,2766142847310601
0,16920,GET,2766142847443419
0,18951,PUT,2766142847310681
0,18951,GET,2766142847443519
0,17176,PUT,2766142847311172
0,17176,GET,2766142847444442
0,11546,PUT,2766142847311262
0,11546,GET,2766142847444482
0,16926,PUT,2766142847310931
0,16926,GET,2766142847443960
0,15626,PUT,2766142847311382
0,15626,GET,2766142847445013
0,21270,PUT,2766142847310861
0,21270,GET,2766142847443880
0,19223,PUT,2766142847311092
0,19223,GET,2766142847444351
0,15112,PUT,2766142847310771
0,15112,GET,2766142847443810
0,21526,PUT,2766142847311453
0,21526,GET,2766142847445073
0,15368,PUT,2766142847311543
0,15368,GET,2766142847445193
0,24851,PUT,2766142847311623
0,24851,GET,2766142847445233
0,17688,PUT,2766142847312585
0,17688,GET,2766142847446607
0,19479,PUT,2766142847311824
0,19479,GET,2766142847445324
0,17432,PUT,2766142847311894
0,17432,GET,2766142847445524
0,15882,PUT,2766142847313147
0,15882,GET,2766142847448080
0,19203,PUT,2766142847311723
0,19203,GET,2766142847445304
0,20994,PUT,2766142847312665
0,20994,GET,2766142847446647
0,23046,PUT,2766142847313317
0,23046,GET,2766142847448140
0,19735,PUT,2766142847312415
0,19735,GET,2766142847446496
0,15624,PUT,2766142847312505
0,15624,GET,2766142847446526
0,14091,PUT,2766142847311994
0,14091,GET,2766142847445895
0,25107,PUT,2766142847312244
0,25107,GET,2766142847446316
0,19459,PUT,2766142847312325
0,19459,GET,2766142847446356
0,15880,PUT,2766142847313227
0,15880,GET,2766142847448110
0,19207,PUT,2766142847312154
0,19207,GET,2766142847446246
0,14367,PUT,2766142847312886
0,14367,GET,2766142847446917
0,11802,PUT,2766142847312806
0,11802,GET,2766142847446837
0,19991,PUT,2766142847312996
0,19991,GET,2766142847447509
0,15113,PUT,2766142847313878
0,15113,GET,2766142847448762
0,17944,PUT,2766142847313387
0,17944,GET,2766142847448180
0,19463,PUT,2766142847312966
0,19463,GET,2766142847447268
0,16904,PUT,2766142847316444
0,16904,GET,2766142847453112
0,22038,PUT,2766142847314600
0,22038,GET,2766142847450556
0,17182,PUT,2766142847313066
0,17182,GET,2766142847447809
0,19719,PUT,2766142847313748
0,19719,GET,2766142847448681
0,13572,PUT,2766142847313477
0,13572,GET,2766142847448240
0,14347,PUT,2766142847313588
0,14347,GET,2766142847448551
0,14341,PUT,2766142847313568
0,14341,GET,2766142847448371
0,14623,PUT,2766142847313668
0,14623,GET,2766142847448591
0,18193,PUT,2766142847314680
0,18193,GET,2766142847450596
0,16136,PUT,2766142847313868
0,16136,GET,2766142847449082
0,16149,PUT,2766142847314530
0,16149,GET,2766142847450476
0,18716,PUT,2766142847316364
0,18716,GET,2766142847453082
0,18456,PUT,2766142847314841
0,18456,GET,2766142847450887
0,13851,PUT,2766142847314760
0,13851,GET,2766142847450836
0,25363,PUT,2766142847313938
0,25363,GET,2766142847449122
0,20231,PUT,2766142847315091
0,20231,GET,2766142847451348
0,18200,PUT,2766142847314029
0,18200,GET,2766142847449533
0,19971,PUT,2766142847315011
0,19971,GET,2766142847451267
0,19715,PUT,2766142847314289
0,19715,GET,2766142847449644
0,19975,PUT,2766142847314410
0,19975,GET,2766142847449824
0,14603,PUT,2766142847314209
0,14603,GET,2766142847449573
0,21250,PUT,2766142847314319
0,21250,GET,2766142847449794
0,14363,PUT,2766142847316083
0,14363,GET,2766142847452059
0,14340,PUT,2766142847316164
0,14340,GET,2766142847452099
0,16648,PUT,2766142847315773
0,16648,GET,2766142847451859
0,16138,PUT,2766142847317346
0,16138,GET,2766142847453663
0,14859,PUT,2766142847317306
0,14859,GET,2766142847453623
0,18196,PUT,2766142847314490
0,18196,GET,2766142847450245
0,16392,PUT,2766142847315181
0,16392,GET,2766142847451518
0,13828,PUT,2766142847314921
0,13828,GET,2766142847451197
0,18452,PUT,2766142847315272
0,18452,GET,2766142847451498
0,16405,PUT,2766142847315302
0,16405,GET,2766142847451588
0,16911,PUT,2766142847315863
0,16911,GET,2766142847451949
0,23302,PUT,2766142847315973
0,23302,GET,2766142847451979
0,14096,PUT,2766142847316254
0,14096,GET,2766142847452791
0,14107,PUT,2766142847315502
0,14107,GET,2766142847451628
0,14084,PUT,2766142847315532
0,14084,GET,2766142847451759
0,20487,PUT,2766142847315672
0,20487,GET,2766142847451769
0,18708,PUT,2766142847317427
0,18708,GET,2766142847453863
0,25619,PUT,2766142847316695
0,25619,GET,2766142847453192
0,15115,PUT,2766142847317878
0,15115,GET,2766142847454234
0,18972,PUT,2766142847318409
0,18972,GET,2766142847455006
0,18449,PUT,2766142847317086
0,18449,GET,2766142847453432
0,17167,PUT,2766142847323070
0,17167,GET,2766142847459787
0,14597,PUT,2766142847316935
0,14597,GET,2766142847453232
0,17950,PUT,2766142847319501
0,17950,GET,2766142847456490
0,14608,PUT,2766142847319632
0,14608,GET,2766142847456520
0,14879,PUT,2766142847318299
0,14879,GET,2766142847454745
0,20247,PUT,2766142847317497
0,20247,GET,2766142847453934
0,22294,PUT,2766142847317527
0,22294,GET,2766142847453964
0,16650,PUT,2766142847319301
0,16650,GET,2766142847455778
0,15903,PUT,2766142847320604
0,15903,GET,2766142847457973
0,22550,PUT,2766142847318188
0,22550,GET,2766142847454695
0,17160,PUT,2766142847321767
0,17160,GET,2766142847458755
0,18717,PUT,2766142847316334
0,18717,GET,2766142847452991
0,15634,PUT,2766142847319381
0,15634,GET,2766142847455828
0,15135,PUT,2766142847318870
0,15135,GET,2766142847455307
0,14352,PUT,2766142847319060
0,14352,GET,2766142847455427
0,16394,PUT,2766142847317918
0,16394,GET,2766142847454465
0,17694,PUT,2766142847318900
0,17694,GET,2766142847455347
0,14596,PUT,2766142847323150
0,14596,GET,2766142847459817
0,15369,PUT,2766142847318489
0,15369,GET,2766142847455197
0,15627,PUT,2766142847319161
0,15627,GET,2766142847455658
0,15371,PUT,2766142847318579
0,15371,GET,2766142847455237
0,16139,PUT,2766142847320373
0,16139,GET,2766142847457171
0,18964,PUT,2766142847318078
0,18964,GET,2766142847454495
0,17438,PUT,2766142847318329
0,17438,GET,2766142847454926
0,20227,PUT,2766142847321847
0,20227,GET,2766142847458985
0,15391,PUT,2766142847319461
0,15391,GET,2766142847456199
0,16906,PUT,2766142847319822
0,16906,GET,2766142847456770
0,15647,PUT,2766142847320043
0,15647,GET,2766142847456810
0,12058,PUT,2766142847320474
0,12058,GET,2766142847457412
0,14864,PUT,2766142847320203
0,14864,GET,2766142847456880
0,15120,PUT,2766142847320764
0,15120,GET,2766142847458053
0,25875,PUT,2766142847320834
0,25875,GET,2766142847458093
0,19228,PUT,2766142847319712
0,19228,GET,2766142847456600
0,15883,PUT,2766142847319792
0,15883,GET,2766142847456680
0,23558,PUT,2766142847321356
0,23558,GET,2766142847458645
0,19484,PUT,2766142847320293
0,19484,GET,2766142847457091
0,15387,PUT,2766142847323240
0,15387,GET,2766142847460178
0,18462,PUT,2766142847322899
0,18462,GET,2766142847459597
0,19740,PUT,2766142847320975
0,19740,GET,2766142847458284
0,14619,PUT,2766142847320514
0,14619,GET,2766142847457622
0,17162,PUT,2766142847321626
0,17162,GET,2766142847458685
0,12570,PUT,2766142847322619
0,12570,GET,2766142847459376
0,14875,PUT,2766142847321105
0,14875,GET,2766142847458464
0,15632,PUT,2766142847324092
0,15632,GET,2766142847461130
0,18973,PUT,2766142847321185
0,18973,GET,2766142847458554
0,17418,PUT,2766142847322238
0,17418,GET,2766142847459146
0,18206,PUT,2766142847322308
0,18206,GET,2766142847459186
0,12314,PUT,2766142847321075
0,12314,GET,2766142847458374
0,15131,PUT,2766142847322659
0,15131,GET,2766142847459416
0,17674,PUT,2766142847322819
0,17674,GET,2766142847459486
0,15625,PUT,2766142847322147
0,15625,GET,2766142847459055
0,15890,PUT,2766142847323360
0,15890,GET,2766142847460479
0,17930,PUT,2766142847323430
0,17930,GET,2766142847460519
0,22806,PUT,2766142847324603
0,22806,GET,2766142847461712
0,20483,PUT,2766142847323721
0,20483,GET,2766142847460800
0,19229,PUT,2766142847324413
0,19229,GET,2766142847461461
0,16146,PUT,2766142847323952
0,16146,GET,2766142847460830
0,16897,PUT,2766142847326107
0,16897,GET,2766142847463125
0,16402,PUT,2766142847324533
0,16402,GET,2766142847461491
0,21506,PUT,2766142847323631
0,21506,GET,2766142847460679
0,15376,PUT,2766142847323521
0,15376,GET,2766142847460589
0,20739,PUT,2766142847324262
0,20739,GET,2766142847461381
0,20995,PUT,2766142847324824
0,20995,GET,2766142847462303
0,23814,PUT,2766142847326919
0,23814,GET,2766142847463646
0,20743,PUT,2766142847325034
0,20743,GET,2766142847462483
0,26131,PUT,2766142847323320
0,26131,GET,2766142847460268
0,17416,PUT,2766142847327340
0,17416,GET,2766142847464077
0,21762,PUT,2766142847324222
0,21762,GET,2766142847461341
0,16658,PUT,2766142847325114
0,16658,GET,2766142847462524
0,24070,PUT,2766142847327730
0,24070,GET,2766142847464679
0,20252,PUT,2766142847327841
0,20252,GET,2766142847464759
0,18712,PUT,2766142847325335
0,18712,GET,2766142847462694
0,17153,PUT,2766142847327009
0,17153,GET,2766142847463847
0,15108,PUT,2766142847325545
0,15108,GET,2766142847462824
0,16651,PUT,2766142847327490
0,16651,GET,2766142847464217
0,16907,PUT,2766142847329755
0,16907,GET,2766142847467024
0,18705,PUT,2766142847326528
0,18705,GET,2766142847463215
0,17664,PUT,2766142847327049
0,17664,GET,2766142847463887
0,14853,PUT,2766142847324924
0,14853,GET,2766142847462373
0,18186,PUT,2766142847326798
0,18186,GET,2766142847463476
0,18442,PUT,2766142847327450
0,18442,GET,2766142847464177
0,15881,PUT,2766142847327370
0,15881,GET,2766142847464107
0,23062,PUT,2766142847325215
0,23062,GET,2766142847462604
0,14852,PUT,2766142847324954
0,14852,GET,2766142847462413
0,26643,PUT,2766142847328202
0,26643,GET,2766142847465380
0,12826,PUT,2766142847328111
0,12826,GET,2766142847465290
0,15364,PUT,2766142847326006
0,15364,GET,2766142847462874
0,15888,PUT,2766142847327650
0,15888,GET,2766142847464378
0,18968,PUT,2766142847328292
0,18968,GET,2766142847465420
0,16395,PUT,2766142847326828
0,16395,GET,2766142847463566
0,16914,PUT,2766142847329645
0,16914,GET,2766142847466994
0,24326,PUT,2766142847328382
0,24326,GET,2766142847465500
0,26387,PUT,2766142847327570
0,26387,GET,2766142847464288
0,16649,PUT,2766142847329134
0,16649,GET,2766142847466232
0,27155,PUT,2766142847329254
0,27155,GET,2766142847466262
0,16159,PUT,2766142847327139
0,16159,GET,2766142847463957
0,19996,PUT,2766142847327219
0,19996,GET,2766142847463997
0,17665,PUT,2766142847331579
0,17665,GET,2766142847468227
0,18698,PUT,2766142847330798
0,18698,GET,2766142847467956
0,19224,PUT,2766142847328893
0,19224,GET,2766142847466122
0,24582,PUT,2766142847328973
0,24582,GET,2766142847466162
0,16144,PUT,2766142847328472
0,16144,GET,2766142847465701
0,13338,PUT,2766142847329354
0,13338,GET,2766142847466543
0,26899,PUT,2766142847328683
0,26899,GET,2766142847465972
0,16393,PUT,2766142847328562
0,16393,GET,2766142847465931
0,16137,PUT,2766142847327941
0,16137,GET,2766142847464969
0,16415,PUT,2766142847333734
0,16415,GET,2766142847470913
0,17920,PUT,2766142847328031
0,17920,GET,2766142847465009
0,19220,PUT,2766142847332702
0,19220,GET,2766142847468989
0,17409,PUT,2766142847330888
0,17409,GET,2766142847468036
0,13082,PUT,2766142847328773
0,13082,GET,2766142847466042
0,16656,PUT,2766142847333845
0,16656,GET,2766142847471144
0,17161,PUT,2766142847332782
0,17161,GET,2766142847469029
0,18184,PUT,2766142847331640
0,18184,GET,2766142847468307
0,16905,PUT,2766142847332101
0,16905,GET,2766142847468417
0,20759,PUT,2766142847330958
0,20759,GET,2766142847468066
0,19480,PUT,2766142847329475
0,19480,GET,2766142847466884
0,23318,PUT,2766142847331720
0,23318,GET,2766142847468337
0,17672,PUT,2766142847330246
0,17672,GET,2766142847467365
0,24838,PUT,2766142847329555
0,24838,GET,2766142847466924
0,15620,PUT,2766142847330156
0,15620,GET,2766142847467325
0,17921,PUT,2766142847332221
0,17921,GET,2766142847468608
0,15629,PUT,2766142847332471
0,15629,GET,2766142847468698
0,13594,PUT,2766142847329916
0,13594,GET,2766142847467234
0,20503,PUT,2766142847330326
0,20503,GET,2766142847467836
0,15876,PUT,2766142847330707
0,15876,GET,2766142847467876
0,17928,PUT,2766142847331038
0,17928,GET,2766142847468167
0,20999,PUT,2766142847332902
0,20999,GET,2766142847469590
0,18689,PUT,2766142847334266
0,18689,GET,2766142847471625
0,19992,PUT,2766142847338666
0,19992,GET,2766142847476757
0,17170,PUT,2766142847332612
0,17170,GET,2766142847468778
0,27667,PUT,2766142847334596
0,27667,GET,2766142847472056
0,18176,PUT,2766142847332221
0,18176,GET,2766142847468507
0,25094,PUT,2766142847332862
0,25094,GET,2766142847469309
0,15621,PUT,2766142847338836
0,15621,GET,2766142847476797
0,19473,PUT,2766142847334506
0,19473,GET,2766142847472026
0,18433,PUT,2766142847333654
0,18433,GET,2766142847470813
0,21015,PUT,2766142847333063
0,21015,GET,2766142847469971
0,25350,PUT,2766142847333434
0,25350,GET,2766142847470241
0,21255,PUT,2766142847333474
0,21255,GET,2766142847470592
0,15885,PUT,2766142847333554
0,15885,GET,2766142847470622
0,19217,PUT,2766142847333805
0,19217,GET,2766142847470943
0,18177,PUT,2766142847332983
0,18177,GET,2766142847469680
0,18961,PUT,2766142847333133
0,18961,GET,2766142847470011
0,17163,PUT,2766142847336391
0,17163,GET,2766142847473479
0,18440,PUT,2766142847336250
0,18440,GET,2766142847473258
0,16671,PUT,2766142847334346
0,16671,GET,2766142847471715
0,16661,PUT,2766142847334416
0,16661,GET,2766142847471755
0,27411,PUT,2766142847334035
0,27411,GET,2766142847471514
0,16400,PUT,2766142847333173
0,16400,GET,2766142847470081
0,25606,PUT,2766142847334115
0,25606,GET,2766142847471555
0,17426,PUT,2766142847333243
0,17426,GET,2766142847470171
0,17941,PUT,2766142847340059
0,17941,GET,2766142847477959
0,25862,PUT,2766142847339748
0,25862,GET,2766142847477919
0,16909,PUT,2766142847337944
0,16909,GET,2766142847476135
0,15643,PUT,2766142847333925
0,15643,GET,2766142847471224
0,18432,PUT,2766142847334687
0,18432,GET,2766142847472417
0,15109,PUT,2766142847335158
0,15109,GET,2766142847472457
0,27923,PUT,2766142847335188
0,27923,GET,2766142847472547
0,17419,PUT,2766142847337102
0,17419,GET,2766142847474922
0,19210,PUT,2766142847337132
0,19210,GET,2766142847474962
0,18954,PUT,2766142847336431
0,18954,GET,2766142847473579
0,17682,PUT,2766142847334005
0,17682,GET,2766142847471424
0,16397,PUT,2766142847336511
0,16397,GET,2766142847473810
0,19736,PUT,2766142847335328
0,19736,GET,2766142847472747
0,18688,PUT,2766142847335428
0,18688,GET,2766142847472787
0,16653,PUT,2766142847337373
0,16653,GET,2766142847475203
0,19476,PUT,2766142847336771
0,19476,GET,2766142847474431
0,19985,PUT,2766142847336661
0,19985,GET,2766142847473910
0,16141,PUT,2766142847335719
0,16141,GET,2766142847472858
0,19729,PUT,2766142847336060
0,19729,GET,2766142847473078
0,16912,PUT,2766142847336090
0,16912,GET,2766142847473108
0,20241,PUT,2766142847337293
0,20241,GET,2766142847475113
0,17675,PUT,2766142847340721
0,17675,GET,2766142847478942
0,15899,PUT,2766142847336170
0,15899,GET,2766142847473178
0,16917,PUT,2766142847337633
0,16917,GET,2766142847475584
0,19466,PUT,2766142847337734
0,19466,GET,2766142847475624
0,14618,PUT,2766142847340921
0,14618,GET,2766142847479112
0,19722,PUT,2766142847338415
0,19722,GET,2766142847476676
0,18945,PUT,2766142847337553
0,18945,GET,2766142847475504
0,17168,PUT,2766142847336691
0,17168,GET,2766142847474151
0,21251,PUT,2766142847336852
0,21251,GET,2766142847474732
0,20508,PUT,2766142847337473
0,20508,GET,2766142847475403
0,18696,PUT,2766142847336942
0,18696,GET,2766142847474772
0,23574,PUT,2766142847337814
0,23574,GET,2766142847475814
0,16132,PUT,2766142847338255
0,16132,GET,2766142847476326
0,13850,PUT,2766142847337022
0,13850,GET,2766142847474842
0,21271,PUT,2766142847337212
0,21271,GET,2766142847475033
0,19201,PUT,2766142847338145
0,19201,GET,2766142847476215
0,15365,PUT,2766142847338225
0,15365,GET,2766142847476245
0,17173,PUT,2766142847338335
0,17173,GET,2766142847476396
0,21527,PUT,2766142847337844
0,21527,GET,2766142847476035
0,17165,PUT,2766142847338536
0,17165,GET,2766142847476676
0,22018,PUT,2766142847339167
0,22018,GET,2766142847477528
0,18197,PUT,2766142847340630
0,18197,GET,2766142847478851
0,17685,PUT,2766142847339488
0,17685,GET,2766142847477558
0,26118,PUT,2766142847340400
0,26118,GET,2766142847478400
0,18952,PUT,2766142847340229
0,18952,GET,2766142847478230
0,17429,PUT,2766142847338926
0,17429,GET,2766142847477127
0,14362,PUT,2766142847340310
0,14362,GET,2766142847478270
0,19978,PUT,2766142847339007
0,19978,GET,2766142847477168
0,18709,PUT,2766142847341833
0,18709,GET,2766142847480575
0,26630,PUT,2766142847341733
0,26630,GET,2766142847480535
0,20234,PUT,2766142847339568
0,20234,GET,2766142847477639
0,14106,PUT,2766142847339658
0,14106,GET,2766142847477829
0,19464,PUT,2766142847341472
0,19464,GET,2766142847480175
0,19732,PUT,2766142847341563
0,19732,GET,2766142847480205
0,21002,PUT,2766142847342896
0,21002,GET,2766142847481909
0,21511,PUT,2766142847342445
0,21511,GET,2766142847481317
0,19969,PUT,2766142847343728
0,19969,GET,2766142847483171
0,20490,PUT,2766142847340139
0,20490,GET,2766142847478030
0,20497,PUT,2766142847342986
0,20497,GET,2766142847481949
0,19457,PUT,2766142847341021
0,19457,GET,2766142847479313
0,18944,PUT,2766142847341051
0,18944,GET,2766142847479353
0,19208,PUT,2766142847340841
0,19208,GET,2766142847479032
0,19485,PUT,2766142847342815
0,19485,GET,2766142847481838
0,16388,PUT,2766142847341302
0,16388,GET,2766142847480024
0,26374,PUT,2766142847341132
0,26374,GET,2766142847479633
0,18453,PUT,2766142847341222
0,18453,GET,2766142847479934
0,19200,PUT,2766142847341683
0,19200,GET,2766142847480285
0,17931,PUT,2766142847341382
0,17931,GET,2766142847480094
0,19976,PUT,2766142847346935
0,19976,GET,2766142847487161
0,16644,PUT,2766142847341913
0,16644,GET,2766142847480646
0,21258,PUT,2766142847343517
0,21258,GET,2766142847482600
0,20764,PUT,2766142847342785
0,20764,GET,2766142847481798
0,22039,PUT,2766142847344329
0,22039,GET,2766142847484124
0,21276,PUT,2766142847343958
0,21276,GET,2766142847483703
0,20248,PUT,2766142847344399
0,20248,GET,2766142847484164
0,20746,PUT,2766142847342104
0,20746,GET,2766142847481077
0,18187,PUT,2766142847342144
0,18187,GET,2766142847481107
0,17938,PUT,2766142847343447
0,17938,GET,2766142847482360
0,19456,PUT,2766142847344058
0,19456,GET,2766142847483743
0,16900,PUT,2766142847342705
0,16900,GET,2766142847481728
0,23830,PUT,2766142847341994
0,23830,GET,2766142847480926
0,20753,PUT,2766142847345472
0,20753,GET,2766142847485326
0,18965,PUT,2766142847342525
0,18965,GET,2766142847481407
0,21783,PUT,2766142847342024
0,21783,GET,2766142847481006
0,17421,PUT,2766142847342615
0,17421,GET,2766142847481447
0,17156,PUT,2766142847343277
0,17156,GET,2766142847482249
0,19713,PUT,2766142847343136
0,19713,GET,2766142847482159
0,14874,PUT,2766142847343627
0,14874,GET,2766142847482971
0,17183,PUT,2766142847345351
0,17183,GET,2766142847484976
0,16927,PUT,2766142847343798
0,16927,GET,2766142847483252
0,21020,PUT,2766142847343367
0,21020,GET,2766142847482320
0,17424,PUT,2766142847345442
0,17424,GET,2766142847485016
0,22274,PUT,2766142847344780
0,22274,GET,2766142847484274
0,17673,PUT,2766142847344890
0,17673,GET,2766142847484344
0,15877,PUT,2766142847344971
0,15877,GET,2766142847484384
0,16411,PUT,2766142847344690
0,16411,GET,2766142847484234
0,24086,PUT,2766142847346484
0,24086,GET,2766142847486680
0,20504,PUT,2766142847345051
0,20504,GET,2766142847484735
0,16155,PUT,2766142847344119
0,16155,GET,2766142847483803
0,15130,PUT,2766142847344159
0,15130,GET,2766142847483843
0,17929,PUT,2766142847345562
0,17929,GET,2766142847485577
0,17412,PUT,2766142847343878
0,17412,GET,2766142847483332
0,18718,PUT,2766142847345321
0,18718,GET,2766142847484775
0,16410,PUT,2766142847350303
0,16410,GET,2766142847492092
0,22044,PUT,2766142847350383
0,22044,GET,2766142847492132
0,16133,PUT,2766142847345642
0,16133,GET,2766142847485617
0,17417,PUT,2766142847344239
0,17417,GET,2766142847484033
0,19988,PUT,2766142847346063
0,19988,GET,2766142847485818
0,17679,PUT,2766142847346554
0,17679,GET,2766142847486710
0,17924,PUT,2766142847346825
0,17924,GET,2766142847486830
0,26886,PUT,2766142847347236
0,26886,GET,2766142847487762
0,27142,PUT,2766142847347827
0,27142,GET,2766142847488504
0,20760,PUT,2766142847345722
0,20760,GET,2766142847485707
0,17423,PUT,2766142847345893
0,17423,GET,2766142847485747
0,16389,PUT,2766142847346223
0,16389,GET,2766142847486279
0,17668,PUT,2766142847346253
0,17668,GET,2766142847486319
0,16667,PUT,2766142847347085
0,16667,GET,2766142847487532
0,19997,PUT,2766142847347005
0,19997,GET,2766142847487301
0,19741,PUT,2766142847346414
0,19741,GET,2766142847486479
0,16645,PUT,2766142847346785
0,16645,GET,2766142847486790
0,15386,PUT,2766142847346143
0,15386,GET,2766142847486078
0,21770,PUT,2766142847348208
0,21770,GET,2766142847489135
0,24342,PUT,2766142847347156
0,24342,GET,2766142847487562
0,17179,PUT,2766142847348288
0,17179,GET,2766142847489707
0,16923,PUT,2766142847347687
0,16923,GET,2766142847488424
0,18180,PUT,2766142847347406
0,18180,GET,2766142847488123
0,19720,PUT,2766142847346334
0,19720,GET,2766142847486389
0,28179,PUT,2766142847347998
0,28179,GET,2766142847488805
0,17157,PUT,2766142847348088
0,17157,GET,2766142847488835
0,16901,PUT,2766142847347366
0,16901,GET,2766142847487842
0,27398,PUT,2766142847349641
0,27398,GET,2766142847491290
0,15642,PUT,2766142847348459
0,15642,GET,2766142847489957
0,20253,PUT,2766142847351626
0,20253,GET,2766142847493315
0,20232,PUT,2766142847348368
0,20232,GET,2766142847489927
0,21514,PUT,2766142847347597
0,21514,GET,2766142847488203
0,17435,PUT,2766142847348850
0,17435,GET,2766142847490438
0,15898,PUT,2766142847349050
0,15898,GET,2766142847490559
0,21784,PUT,2766142847349872
0,21784,GET,2766142847491531
0,18436,PUT,2766142847348118
0,18436,GET,2766142847488915
0,20488,PUT,2766142847348970
0,20488,GET,2766142847490468
0,21272,PUT,2766142847348539
0,21272,GET,2766142847490037
0,16154,PUT,2766142847349722
0,16154,GET,2766142847491411
0,20481,PUT,2766142847349972
0,20481,GET,2766142847491571
0,17691,PUT,2766142847351776
0,17691,GET,2766142847493355
0,21016,PUT,2766142847347917
0,21016,GET,2766142847488724
0,22295,PUT,2766142847351546
0,22295,GET,2766142847493225
0,18692,PUT,2766142847348709
0,18692,GET,2766142847490348
0,21788,PUT,2766142847349802
0,21788,GET,2766142847491451
0,21767,PUT,2766142847349611
0,21767,GET,2766142847491200
0,20244,PUT,2766142847348629
0,20244,GET,2766142847490118
0,20765,PUT,2766142847352809
0,20765,GET,2766142847494408
0,21528,PUT,2766142847349210
0,21528,GET,2766142847490739
0,21532,PUT,2766142847349130
0,21532,GET,2766142847490649
0,20225,PUT,2766142847349381
0,20225,GET,2766142847490919
0,18948,PUT,2766142847349301
0,18948,GET,2766142847490839
0,20509,PUT,2766142847352227
0,20509,GET,2766142847494137
0,17935,PUT,2766142847351466
0,17935,GET,2766142847493135
0,18703,PUT,2766142847353250
0,18703,GET,2766142847494909
0,22023,PUT,2766142847350193
0,22023,GET,2766142847491982
0,17680,PUT,2766142847350463
0,17680,GET,2766142847492493
0,27654,PUT,2766142847350223
0,27654,GET,2766142847492022
0,24598,PUT,2766142847350102
0,24598,GET,2766142847491641
0,19712,PUT,2766142847351225
0,19712,GET,2766142847492834
0,23063,PUT,2766142847353330
0,23063,GET,2766142847494939
0,17936,PUT,2766142847351035
0,17936,GET,2766142847492794
0,21009,PUT,2766142847350493
0,21009,GET,2766142847492684
0,18185,PUT,2766142847351375
0,18185,GET,2766142847493044
0,18441,PUT,2766142847351967
0,18441,GET,2766142847493556
0,24854,PUT,2766142847350674
0,24854,GET,2766142847492724
