0,8223,PUT,2765875350025828
0,8223,GET,2765875351312767
0,7191,PUT,2765875350072326
0,7191,GET,2765875351315363
0,5655,PUT,2765875350065981
0,5655,GET,2765875351317217
0,5918,PUT,2765875350207109
0,5918,GET,2765875351317217
0,7950,PUT,2765875350030740
0,7950,GET,2765875351317217
0,543,PUT,2765875349971993
0,543,GET,2765875351318591
0,1801,PUT,2765875350427381
0,1801,GET,2765875351318761
0,3614,PUT,2765875350199602
0,3614,GET,2765875351320605
0,1292,PUT,2765875350226895
0,1292,GET,2765875351321918
0,261,PUT,2765875350852338
0,261,GET,2765875351322620
0,4110,PUT,2765875350017910
0,4110,GET,2765875351322750
0,6403,PUT,2765875350160952
0,6403,GET,2765875351322790
0,2072,PUT,2765875350102246
0,2072,GET,2765875351323252
0,7951,PUT,2765875350048391
0,7951,GET,2765875351324093
0,5911,PUT,2765875350067134
0,5911,GET,2765875351325026
0,3344,PUT,2765875350373075
0,3344,GET,2765875351325276
0,515,PUT,2765875350139622
0,515,GET,2765875351325296
0,8207,PUT,2765875350049343
0,8207,GET,2765875351325557
0,7690,PUT,2765875350329564
0,7690,GET,2765875351325717
0,2335,PUT,2765875349978889
0,2335,GET,2765875351325527
0,5134,PUT,2765875350021318
0,5134,GET,2765875351326349
0,4124,PUT,2765875350082299
0,4124,GET,2765875351326539
0,2079,PUT,2765875349977927
0,2079,GET,2765875351326339
0,2575,PUT,2765875350029747
0,2575,GET,2765875351326700
0,7695,PUT,2765875350047368
0,7695,GET,2765875351326960
0,4887,PUT,2765875350063385
0,4887,GET,2765875351326689
0,4127,PUT,2765875349985695
0,4127,GET,2765875351327682
0,2071,PUT,2765875350053071
0,2071,GET,2765875351327491
0,1567,PUT,2765875349975942
0,1567,GET,2765875351327772
0,4637,PUT,2765875350345330
0,4637,GET,2765875351327882
0,5407,PUT,2765875349991839
0,5407,GET,2765875351328093
0,4355,PUT,2765875350153936
0,4355,GET,2765875351327972
0,1564,PUT,2765875350073489
0,1564,GET,2765875351328133
0,1566,PUT,2765875350192585
0,1566,GET,2765875351328413
0,4375,PUT,2765875350061651
0,4375,GET,2765875351328935
0,5391,PUT,2765875350039139
0,5391,GET,2765875351328995
0,4895,PUT,2765875349989865
0,4895,GET,2765875351329155
0,540,PUT,2765875350069820
0,540,GET,2765875351329386
0,1039,PUT,2765875350024615
0,1039,GET,2765875351329346
0,778,PUT,2765875350304606
0,778,GET,2765875351329696
0,4892,PUT,2765875350085176
0,4892,GET,2765875351330418
0,6156,PUT,2765875350244686
0,6156,GET,2765875351330288
0,527,PUT,2765875350022701
0,527,GET,2765875351330799
0,6408,PUT,2765875350295003
0,6408,GET,2765875351330819
0,6424,PUT,2765875350118052
0,6424,GET,2765875351330809
0,6431,PUT,2765875349995578
0,6431,GET,2765875351330869
0,5644,PUT,2765875350242832
0,5644,GET,2765875351331120
0,3342,PUT,2765875349999256
0,3342,GET,2765875351331400
0,2829,PUT,2765875350249828
0,2829,GET,2765875351331170
0,780,PUT,2765875350224890
0,780,GET,2765875351331581
0,5891,PUT,2765875350159148
0,5891,GET,2765875351331641
0,4622,PUT,2765875350019654
0,4622,GET,2765875351331691
0,3854,PUT,2765875350017058
0,3854,GET,2765875351332142
0,2327,PUT,2765875350053963
0,2327,GET,2765875351332503
0,7183,PUT,2765875350045875
0,7183,GET,2765875351332553
0,7182,PUT,2765875350028073
0,7182,GET,2765875351332754
0,5903,PUT,2765875350040823
0,5903,GET,2765875351333004
0,271,PUT,2765875350021368
0,271,GET,2765875351333205
0,2332,PUT,2765875350076335
0,2332,GET,2765875351333485
0,783,PUT,2765875350023743
0,783,GET,2765875351333465
0,2590,PUT,2765875350195923
0,2590,GET,2765875351333716
0,1036,PUT,2765875350225823
0,1036,GET,2765875351333836
0,1806,PUT,2765875349993934
0,1806,GET,2765875351333826
0,3103,PUT,2765875349981796
0,3103,GET,2765875351333646
0,6175,PUT,2765875349994606
0,6175,GET,2765875351333986
0,2316,PUT,2765875350230524
0,2316,GET,2765875351334417
0,3615,PUT,2765875349983450
0,3615,GET,2765875351334979
0,3087,PUT,2765875350031421
0,3087,GET,2765875351334427
0,4611,PUT,2765875350154868
0,4611,GET,2765875351334367
0,4617,PUT,2765875350437003
0,4617,GET,2765875351334748
0,1815,PUT,2765875350052149
0,1815,GET,2765875351334899
0,6920,PUT,2765875350296818
0,6920,GET,2765875351334939
0,2063,PUT,2765875350027883
0,2063,GET,2765875351335119
0,2831,PUT,2765875350030499
0,2831,GET,2765875351335209
0,7438,PUT,2765875350029076
0,7438,GET,2765875351335400
0,284,PUT,2765875350068447
0,284,GET,2765875351335310
0,5898,PUT,2765875350323179
0,5898,GET,2765875351335710
0,7688,PUT,2765875350299434
0,7688,GET,2765875351335791
0,536,PUT,2765875350096252
0,536,GET,2765875351336212
0,4383,PUT,2765875349987669
0,4383,GET,2765875351336111
0,7709,PUT,2765875350355825
0,7709,GET,2765875351336232
0,3594,PUT,2765875350314809
0,3594,GET,2765875351336151
0,7428,PUT,2765875350662808
0,7428,GET,2765875351335971
0,796,PUT,2765875350070612
0,796,GET,2765875351336212
0,5404,PUT,2765875350086940
0,5404,GET,2765875351336643
0,1038,PUT,2765875349991138
0,1038,GET,2765875351336993
0,7193,PUT,2765875350721003
0,7193,GET,2765875351337264
0,1309,PUT,2765875350334004
0,1309,GET,2765875351337104
0,1311,PUT,2765875349974980
0,1311,GET,2765875351337174
0,7694,PUT,2765875350029918
0,7694,GET,2765875351337284
0,4126,PUT,2765875350201296
0,4126,GET,2765875351337705
0,3358,PUT,2765875350198700
0,3358,GET,2765875351337495
0,518,PUT,2765875350400889
0,518,GET,2765875351337615
0,5646,PUT,2765875350023102
0,5646,GET,2765875351337855
0,2307,PUT,2765875350146769
0,2307,GET,2765875351339008
0,1551,PUT,2765875350026199
0,1551,GET,2765875351338838
0,6167,PUT,2765875350068728
0,6167,GET,2765875351338838
0,2062,PUT,2765875349994886
0,2062,GET,2765875351338988
0,1303,PUT,2765875350050365
0,1303,GET,2765875351339630
0,6942,PUT,2765875350210587
0,6942,GET,2765875351340010
0,3343,PUT,2765875350032383
0,3343,GET,2765875351340271
0,8220,PUT,2765875350098146
0,8220,GET,2765875351340391
0,8216,PUT,2765875350124367
0,8216,GET,2765875351340862
0,4380,PUT,2765875350083322
0,4380,GET,2765875351341183
0,4894,PUT,2765875350203932
0,4894,GET,2765875351341023
0,7967,PUT,2765875350024625
0,7967,GET,2765875351342095
0,3086,PUT,2765875349998394
0,3086,GET,2765875351342376
0,798,PUT,2765875350189759
0,798,GET,2765875351342426
0,2830,PUT,2765875349997492
0,2830,GET,2765875351342717
0,7439,PUT,2765875350046797
0,7439,GET,2765875351342697
0,287,PUT,2765875349970439
0,287,GET,2765875351342997
0,6409,PUT,2765875350443077
0,6409,GET,2765875351343318
0,3351,PUT,2765875350057893
0,3351,GET,2765875351343058
0,1807,PUT,2765875350027081
0,1807,GET,2765875351343328
0,1294,PUT,2765875349992110
0,1294,GET,2765875351343509
0,1820,PUT,2765875350074401
0,1820,GET,2765875351343799
0,3588,PUT,2765875350649216
0,3588,GET,2765875351344431
0,6162,PUT,2765875350589217
0,6162,GET,2765875351344200
0,5151,PUT,2765875349990847
0,5151,GET,2765875351344431
0,6670,PUT,2765875350026069
0,6670,GET,2765875351344581
0,791,PUT,2765875350048541
0,791,GET,2765875351344952
0,3341,PUT,2765875350251693
0,3341,GET,2765875351345283
0,3081,PUT,2765875350431761
0,3081,GET,2765875351345283
0,6157,PUT,2765875350260944
0,6157,GET,2765875351345313
0,3095,PUT,2765875350056840
0,3095,GET,2765875351345503
0,2583,PUT,2765875350055036
0,2583,GET,2765875351345563
0,270,PUT,2765875349987619
0,270,GET,2765875351346165
0,5896,PUT,2765875350293319
0,5896,GET,2765875351346385
0,7708,PUT,2765875350096232
0,7708,GET,2765875351346906
0,1055,PUT,2765875349973988
0,1055,GET,2765875351347237
0,1047,PUT,2765875350049583
0,1047,GET,2765875351347197
0,535,PUT,2765875350047398
0,535,GET,2765875351347297
0,3871,PUT,2765875349984221
0,3871,GET,2765875351347257
0,1821,PUT,2765875350335828
0,1821,GET,2765875351347438
0,2333,PUT,2765875350337592
0,2333,GET,2765875351347809
0,3843,PUT,2765875350152152
0,3843,GET,2765875351347819
0,513,PUT,2765875350536494
0,513,GET,2765875351348019
0,1304,PUT,2765875350099309
0,1304,GET,2765875351348169
0,1550,PUT,2765875349992982
0,1550,GET,2765875351348159
0,6414,PUT,2765875350025096
0,6414,GET,2765875351348099
0,5659,PUT,2765875350485796
0,5659,GET,2765875351348129
0,6665,PUT,2765875350443979
0,6665,GET,2765875351348681
0,5904,PUT,2765875350382647
0,5904,GET,2765875351348751
0,8210,PUT,2765875350596484
0,8210,GET,2765875351348951
0,5647,PUT,2765875350040001
0,5647,GET,2765875351349142
0,6685,PUT,2765875350352146
0,6685,GET,2765875351349021
0,4876,PUT,2765875350240066
0,4876,GET,2765875351349593
0,4097,PUT,2765875350549685
0,4097,GET,2765875351349262
0,4119,PUT,2765875350060739
0,4119,GET,2765875351349502
0,2570,PUT,2765875350311031
0,2570,GET,2765875351349653
0,4636,PUT,2765875350084154
0,4636,GET,2765875351349683
0,1823,PUT,2765875349976925
0,1823,GET,2765875351350174
0,7956,PUT,2765875350823360
0,7956,GET,2765875351350655
0,5640,PUT,2765875350292437
0,5640,GET,2765875351350695
0,2317,PUT,2765875350248235
0,2317,GET,2765875351350485
0,6943,PUT,2765875349997111
0,6943,GET,2765875351350856
0,3334,PUT,2765875350411153
0,3334,GET,2765875351350645
0,792,PUT,2765875350097344
0,792,GET,2765875351351076
0,1559,PUT,2765875350051287
0,1559,GET,2765875351351447
0,4638,PUT,2765875350203070
0,4638,GET,2765875351351377
0,4621,PUT,2765875350255802
0,4621,GET,2765875351351367
0,4616,PUT,2765875350288548
0,4616,GET,2765875351351617
0,5399,PUT,2765875350065039
0,5399,GET,2765875351351748
0,6159,PUT,2765875350041665
0,6159,GET,2765875351351587
0,5636,PUT,2765875350656974
0,5636,GET,2765875351351908
0,7454,PUT,2765875350212341
0,7454,GET,2765875351352018
0,2076,PUT,2765875350075363
0,2076,GET,2765875351352349
0,7455,PUT,2765875349999076
0,7455,GET,2765875351352790
0,4639,PUT,2765875349989043
0,4639,GET,2765875351352750
0,7199,PUT,2765875349998084
0,7199,GET,2765875351352830
0,3612,PUT,2765875350080645
0,3612,GET,2765875351353231
0,7453,PUT,2765875350354812
0,7453,GET,2765875351352920
0,6936,PUT,2765875350119776
0,6936,GET,2765875351353231
0,1052,PUT,2765875350071534
0,1052,GET,2765875351353271
0,8215,PUT,2765875350075774
0,8215,GET,2765875351353381
0,799,PUT,2765875349972995
0,799,GET,2765875351353883
0,4365,PUT,2765875350254980
0,4365,GET,2765875351354113
0,1816,PUT,2765875350101233
0,1816,GET,2765875351354354
0,4364,PUT,2765875350238161
0,4364,GET,2765875351354504
0,5400,PUT,2765875350114775
0,5400,GET,2765875351354334
0,2817,PUT,2765875350544904
0,2817,GET,2765875351354404
0,5902,PUT,2765875350024054
0,5902,GET,2765875351354875
0,782,PUT,2765875349990376
0,782,GET,2765875351354925
0,2846,PUT,2765875350196745
0,2846,GET,2765875351354785
0,5912,PUT,2765875350116328
0,5912,GET,2765875351354755
0,3607,PUT,2765875350058805
0,3607,GET,2765875351355226
0,4632,PUT,2765875350111898
0,4632,GET,2765875351355266
0,5919,PUT,2765875349993623
0,5919,GET,2765875351355476
0,5389,PUT,2765875350258358
0,5389,GET,2765875351355246
0,2840,PUT,2765875350105162
0,2840,GET,2765875351355797
0,2058,PUT,2765875350309086
0,2058,GET,2765875351355867
0,1548,PUT,2765875350227767
0,1548,GET,2765875351355887
0,6170,PUT,2765875350691635
0,6170,GET,2765875351356168
0,5149,PUT,2765875350347044
0,5149,GET,2765875351356268
0,4609,PUT,2765875350551389
0,4609,GET,2765875351356228
0,6423,PUT,2765875350069570
0,6423,GET,2765875351357541
0,5384,PUT,2765875350291475
0,5384,GET,2765875351356829
0,7197,PUT,2765875350353890
0,7197,GET,2765875351357120
0,3359,PUT,2765875349982638
0,3359,GET,2765875351357591
0,2579,PUT,2765875350593847
0,2579,GET,2765875351357210
0,8213,PUT,2765875350840931
0,8213,GET,2765875351357411
0,5126,PUT,2765875350417788
0,5126,GET,2765875351357481
0,4108,PUT,2765875350237169
0,4108,GET,2765875351357311
0,5648,PUT,2765875350381655
0,5648,GET,2765875351357591
0,1800,PUT,2765875350278475
0,1800,GET,2765875351357752
0,7692,PUT,2765875350250099
0,7692,GET,2765875351357832
0,7178,PUT,2765875350327449
0,7178,GET,2765875351357792
0,6940,PUT,2765875350092754
0,6940,GET,2765875351358082
0,280,PUT,2765875350094518
0,280,GET,2765875351357872
0,7437,PUT,2765875350264703
0,7437,GET,2765875351358353
0,266,PUT,2765875350302070
0,266,GET,2765875351358353
0,1818,PUT,2765875350676008
0,1818,GET,2765875351358463
0,4624,PUT,2765875350377896
0,4624,GET,2765875351358704
0,5906,PUT,2765875350588294
0,5906,GET,2765875351358513
0,8222,PUT,2765875350215098
0,8222,GET,2765875351358734
0,5148,PUT,2765875350086088
0,5148,GET,2765875351358714
0,4888,PUT,2765875350112810
0,4888,GET,2765875351359015
0,4120,PUT,2765875350109833
0,4120,GET,2765875351359466
0,5390,PUT,2765875350022190
0,5390,GET,2765875351359596
0,6410,PUT,2765875350324712
0,6410,GET,2765875351359586
0,2832,PUT,2765875350371240
0,2832,GET,2765875351359345
0,3848,PUT,2765875350285922
0,3848,GET,2765875351359546
0,525,PUT,2765875350242351
0,525,GET,2765875351359626
0,6168,PUT,2765875350117190
0,6168,GET,2765875351359395
0,528,PUT,2765875350362630
0,528,GET,2765875351359596
0,1051,PUT,2765875350468346
0,1051,GET,2765875351359646
0,2060,PUT,2765875350229541
0,2060,GET,2765875351359656
0,8200,PUT,2765875350301769
0,8200,GET,2765875351359997
0,4382,PUT,2765875350202148
0,4382,GET,2765875351360207
0,1295,PUT,2765875350025367
0,1295,GET,2765875351360588
0,4635,PUT,2765875350482068
0,4635,GET,2765875351360779
0,7192,PUT,2765875350120688
0,7192,GET,2765875351360719
0,2835,PUT,2765875350594739
0,2835,GET,2765875351360598
0,5388,PUT,2765875350241930
0,5388,GET,2765875351360769
0,5130,PUT,2765875350320432
0,5130,GET,2765875351361119
0,4109,PUT,2765875350254269
0,4109,GET,2765875351361240
0,3084,PUT,2765875350233460
0,3084,GET,2765875351361300
0,5380,PUT,2765875350655992
0,5380,GET,2765875351361490
0,2061,PUT,2765875350247313
0,2061,GET,2765875351361560
0,3870,PUT,2765875350200464
0,3870,GET,2765875351361410
0,2572,PUT,2765875350231486
0,2572,GET,2765875351361621
0,4366,PUT,2765875350018902
0,4366,GET,2765875351361651
0,6428,PUT,2765875350090669
0,6428,GET,2765875351361701
0,3332,PUT,2765875350648234
0,3332,GET,2765875351361731
0,3088,PUT,2765875350372223
0,3088,GET,2765875351361781
0,3101,PUT,2765875350340028
0,3101,GET,2765875351362082
0,5907,PUT,2765875350605354
0,5907,GET,2765875351362192
0,279,PUT,2765875350045764
0,279,GET,2765875351362232
0,3598,PUT,2765875350015865
0,3598,GET,2765875351362302
0,8205,PUT,2765875350266888
0,8205,GET,2765875351362362
0,4099,PUT,2765875350153044
0,4099,GET,2765875351362292
0,5150,PUT,2765875350204563
0,5150,GET,2765875351362623
0,1291,PUT,2765875350765366
0,1291,GET,2765875351362833
0,5405,PUT,2765875350347876
0,5405,GET,2765875351363094
0,5133,PUT,2765875350257596
0,5133,GET,2765875351363214
0,5642,PUT,2765875350322397
0,5642,GET,2765875351363224
0,3608,PUT,2765875350107929
0,3608,GET,2765875351363475
0,2325,PUT,2765875350821256
0,2325,GET,2765875351363345
0,4618,PUT,2765875350318508
0,4618,GET,2765875351363545
0,1565,PUT,2765875350334926
0,1565,GET,2765875351363856
0,2051,PUT,2765875350145777
0,2051,GET,2765875351363766
0,3100,PUT,2765875350078771
0,3100,GET,2765875351363715
0,4879,PUT,2765875350037565
0,4879,GET,2765875351363996
0,5894,PUT,2765875350420395
0,5894,GET,2765875351364167
0,5916,PUT,2765875350088774
0,5916,GET,2765875351364086
0,5917,PUT,2765875350349510
0,5917,GET,2765875351364307
0,1288,PUT,2765875350276570
0,1288,GET,2765875351364668
0,8206,PUT,2765875350031501
0,8206,GET,2765875351364618
0,2078,PUT,2765875350194149
0,2078,GET,2765875351364487
0,2328,PUT,2765875350103168
0,2328,GET,2765875351364618
0,3356,PUT,2765875350079703
0,3356,GET,2765875351364608
0,7942,PUT,2765875350428764
0,7942,GET,2765875351364928
0,4627,PUT,2765875350600984
0,4627,GET,2765875351365119
0,771,PUT,2765875350140675
0,771,GET,2765875351365239
0,5386,PUT,2765875350321405
0,5386,GET,2765875351365289
0,283,PUT,2765875350464758
0,283,GET,2765875351365941
0,4358,PUT,2765875350414872
0,4358,GET,2765875351365580
0,7959,PUT,2765875350075163
0,7959,GET,2765875351365600
0,7452,PUT,2765875350095099
0,7452,GET,2765875351365660
0,7693,PUT,2765875350265525
0,7693,GET,2765875351365840
0,4870,PUT,2765875350416816
0,4870,GET,2765875351366011
0,5123,PUT,2765875350156742
0,5123,GET,2765875351366101
0,7447,PUT,2765875350073238
0,7447,GET,2765875351366362
0,4372,PUT,2765875350810771
0,4372,GET,2765875351366522
0,7427,PUT,2765875350164139
0,7427,GET,2765875351366432
0,2573,PUT,2765875350249037
0,2573,GET,2765875351366672
0,6172,PUT,2765875350089646
0,6172,GET,2765875351366662
0,286,PUT,2765875350187584
0,286,GET,2765875351366993
0,7180,PUT,2765875350248114
0,7180,GET,2765875351367073
0,7689,PUT,2765875350447197
0,7689,GET,2765875351366993
0,7196,PUT,2765875350093956
0,7196,GET,2765875351367053
0,2824,PUT,2765875350282274
0,2824,GET,2765875351367254
0,1560,PUT,2765875350100231
0,1560,GET,2765875351367324
0,6924,PUT,2765875350247232
0,6924,GET,2765875351367855
0,6680,PUT,2765875350119085
0,6680,GET,2765875351367765
0,522,PUT,2765875350303623
0,522,GET,2765875351367875
0,6401,PUT,2765875350558034
0,6401,GET,2765875351368005
0,4376,PUT,2765875350110836
0,4376,GET,2765875351368557
0,4122,PUT,2765875350684708
0,4122,GET,2765875351368617
0,2049,PUT,2765875350542107
0,2049,GET,2765875351368577
0,3864,PUT,2765875350108831
0,3864,GET,2765875351368396
0,7710,PUT,2765875350213273
0,7710,GET,2765875351368847
0,285,PUT,2765875350329634
0,285,GET,2765875351368918
0,6915,PUT,2765875350162506
0,6915,GET,2765875351369078
0,520,PUT,2765875350273644
0,520,GET,2765875351369058
0,2844,PUT,2765875350077909
0,2844,GET,2765875351369419
0,5379,PUT,2765875350157724
0,5379,GET,2765875351369489
0,1822,PUT,2765875350193337
0,1822,GET,2765875351369699
0,2322,PUT,2765875350575354
0,2322,GET,2765875351369830
0,8221,PUT,2765875350357518
0,8221,GET,2765875351369800
0,5406,PUT,2765875350205325
0,5406,GET,2765875351370140
0,4112,PUT,2765875350375951
0,4112,GET,2765875351370401
0,8203,PUT,2765875350789522
0,8203,GET,2765875351370932
0,4880,PUT,2765875350378978
0,4880,GET,2765875351370852
0,2589,PUT,2765875350338414
0,2589,GET,2765875351370742
0,3346,PUT,2765875350579324
0,3346,GET,2765875351371193
0,3339,PUT,2765875350772733
0,3339,GET,2765875351370922
0,7184,PUT,2765875350386967
0,7184,GET,2765875351371373
0,4381,PUT,2765875350344578
0,4381,GET,2765875351371323
0,269,PUT,2765875350240918
0,269,GET,2765875351371714
0,5662,PUT,2765875350206297
0,5662,GET,2765875351371714
0,6418,PUT,2765875350590189
0,6418,GET,2765875351371694
0,6671,PUT,2765875350043760
0,6671,GET,2765875351371975
0,6913,PUT,2765875350559688
0,6913,GET,2765875351372125
0,4634,PUT,2765875350686593
0,4634,GET,2765875351372175
0,4357,PUT,2765875350866872
0,4357,GET,2765875351372075
0,1538,PUT,2765875350744427
0,1538,GET,2765875351372566
0,4361,PUT,2765875350436031
0,4361,GET,2765875351372767
0,7938,PUT,2765875350767230
0,7938,GET,2765875351372827
0,3073,PUT,2765875350545896
0,3073,GET,2765875351372937
0,6171,PUT,2765875350487811
0,6171,GET,2765875351372837
0,4623,PUT,2765875350036693
0,4623,GET,2765875351372927
0,2318,PUT,2765875349995698
0,2318,GET,2765875351373117
0,8208,PUT,2765875350390475
0,8208,GET,2765875351372947
0,6921,PUT,2765875350444771
0,6921,GET,2765875351373358
0,7939,PUT,2765875350165853
0,7939,GET,2765875351373268
0,1296,PUT,2765875350365627
0,1296,GET,2765875351373308
0,7681,PUT,2765875350562424
0,7681,GET,2765875351373639
0,2331,PUT,2765875350473358
0,2331,GET,2765875351373689
0,7451,PUT,2765875350492221
0,7451,GET,2765875351373829
0,1563,PUT,2765875350470341
0,1563,GET,2765875351373829
0,524,PUT,2765875350223868
0,524,GET,2765875351373959
0,1549,PUT,2765875350245779
0,1549,GET,2765875351374340
0,1044,PUT,2765875350798252
0,1044,GET,2765875351374240
0,3599,PUT,2765875350033185
0,3599,GET,2765875351374340
0,3079,PUT,2765875350932434
0,3079,GET,2765875351374270
0,3603,PUT,2765875350597566
0,3603,GET,2765875351374360
0,5901,PUT,2765875350259972
0,5901,GET,2765875351374641
0,2329,PUT,2765875350703432
0,2329,GET,2765875351374741
0,7696,PUT,2765875350388901
0,7696,GET,2765875351374801
0,3844,PUT,2765875350650198
0,3844,GET,2765875351374911
0,6415,PUT,2765875350042617
0,6415,GET,2765875351375302
0,6668,PUT,2765875350246491
0,6668,GET,2765875351375062
0,3338,PUT,2765875350313837
0,3338,GET,2765875351374861
0,259,PUT,2765875350138049
0,259,GET,2765875351375393
0,1308,PUT,2765875350072627
0,1308,GET,2765875351375683
0,8195,PUT,2765875350166655
0,8195,GET,2765875351375573
0,2564,PUT,2765875350645618
0,2564,GET,2765875351375904
0,7955,PUT,2765875350611488
0,7955,GET,2765875351376455
0,8219,PUT,2765875350495078
0,8219,GET,2765875351376305
0,4111,PUT,2765875350034999
0,4111,GET,2765875351376365
0,1290,PUT,2765875350306450
0,1290,GET,2765875351376385
0,769,PUT,2765875350537316
0,769,GET,2765875351376415
0,3340,PUT,2765875350234443
0,3340,GET,2765875351376696
0,1042,PUT,2765875350570623
0,1042,GET,2765875351376806
0,5663,PUT,2765875349992801
0,5663,GET,2765875351376776
0,7181,PUT,2765875350264102
0,7181,GET,2765875351377327
0,1027,PUT,2765875350141657
0,1027,GET,2765875351377427
0,3072,PUT,2765875351056893
0,3072,GET,2765875351377477
0,3102,PUT,2765875350197777
0,3102,GET,2765875351377447
0,2569,PUT,2765875350430097
0,2569,GET,2765875351377838
0,6925,PUT,2765875350263179
0,6925,GET,2765875351377708
0,4106,PUT,2765875350316593
0,4106,GET,2765875351378009
0,1557,PUT,2765875350818409
0,1557,GET,2765875351378159
0,7444,PUT,2765875350821536
0,7444,GET,2765875351378239
0,3863,PUT,2765875350059717
0,3863,GET,2765875351378630
0,4620,PUT,2765875350239134
0,4620,GET,2765875351378430
0,6413,PUT,2765875350261836
0,6413,GET,2765875351378620
0,3600,PUT,2765875350373957
0,3600,GET,2765875351378791
0,2839,PUT,2765875350055938
0,2839,GET,2765875351378831
0,7966,PUT,2765875350214216
0,7966,GET,2765875351378801
0,3347,PUT,2765875350596594
0,3347,GET,2765875351378891
0,5128,PUT,2765875350290403
0,5128,GET,2765875351379181
0,1804,PUT,2765875350228609
0,1804,GET,2765875351379121
0,268,PUT,2765875350222294
0,268,GET,2765875351379572
0,3075,PUT,2765875350149355
0,3075,GET,2765875351379582
0,7683,PUT,2765875350164881
0,7683,GET,2765875351379602
0,3609,PUT,2765875350708163
0,3609,GET,2765875351379622
0,6926,PUT,2765875350026981
0,6926,GET,2765875351379763
0,781,PUT,2765875350243383
0,781,GET,2765875351379723
0,7937,PUT,2765875350563316
0,7937,GET,2765875351380164
0,4103,PUT,2765875350936052
0,4103,GET,2765875351380685
0,7433,PUT,2765875350446455
0,7433,GET,2765875351380615
0,2561,PUT,2765875350543911
0,2561,GET,2765875351380655
0,3868,PUT,2765875350081527
0,3868,GET,2765875351380956
0,7946,PUT,2765875350330516
0,7946,GET,2765875351380765
0,7176,PUT,2765875350297639
0,7176,GET,2765875351380745
0,4631,PUT,2765875350062463
0,4631,GET,2765875351380715
0,7448,PUT,2765875350121701
0,7448,GET,2765875351381276
0,2319,PUT,2765875350028785
0,2319,GET,2765875351381467
0,3602,PUT,2765875350580286
0,3602,GET,2765875351381777
0,8204,PUT,2765875350251853
0,8204,GET,2765875351381657
0,1545,PUT,2765875350426439
0,1545,GET,2765875351381697
0,6412,PUT,2765875350245498
0,6412,GET,2765875351381777
0,3850,PUT,2765875350315792
0,3850,GET,2765875351381948
0,2568,PUT,2765875350281301
0,2568,GET,2765875351382178
0,6174,PUT,2765875350207781
0,6174,GET,2765875351382259
0,1284,PUT,2765875350641047
0,1284,GET,2765875351382349
0,8202,PUT,2765875350331508
0,8202,GET,2765875351383020
0,275,PUT,2765875350584776
0,275,GET,2765875351383171
0,2075,PUT,2765875350472335
0,2075,GET,2765875351383451
0,2842,PUT,2765875350679867
0,2842,GET,2765875351383231
0,6922,PUT,2765875350326647
0,6922,GET,2765875351383441
0,6411,PUT,2765875350783157
0,6411,GET,2765875351383552
0,774,PUT,2765875350401872
0,774,GET,2765875351383652
0,7198,PUT,2765875350211429
0,7198,GET,2765875351383602
0,8453,PUT,2765875351319423
0,8453,GET,2765875351383812
0,6679,PUT,2765875350070372
0,6679,GET,2765875351383973
0,7949,PUT,2765875350266257
0,7949,GET,2765875351383942
0,1048,PUT,2765875350098347
0,1048,GET,2765875351384263
0,1037,PUT,2765875350244356
0,1037,GET,2765875351384464
0,7706,PUT,2765875350696957
0,7706,GET,2765875351384464
0,4378,PUT,2765875350685711
0,4378,GET,2765875351384564
0,1025,PUT,2765875350538208
0,1025,GET,2765875351384654
0,12049,PUT,2765875351357080
0,12049,GET,2765875351384784
0,542,PUT,2765875350188817
0,542,GET,2765875351384935
0,6928,PUT,2765875350386085
0,6928,GET,2765875351385115
0,1805,PUT,2765875350246430
0,1805,GET,2765875351385055
0,1542,PUT,2765875350404758
0,1542,GET,2765875351385346
0,5144,PUT,2765875350113792
0,5144,GET,2765875351385376
0,1031,PUT,2765875350925448
0,1031,GET,2765875351385165
0,6658,PUT,2765875350763211
0,6658,GET,2765875351385276
0,2313,PUT,2765875350429135
0,2313,GET,2765875351385486
0,6675,PUT,2765875350607659
0,6675,GET,2765875351385466
0,276,PUT,2765875350795135
0,276,GET,2765875351385496
0,2585,PUT,2765875350704454
0,2585,GET,2765875351385616
0,7954,PUT,2765875350595581
0,7954,GET,2765875351385727
0,5140,PUT,2765875350813638
0,5140,GET,2765875351385907
0,3077,PUT,2765875350862261
0,3077,GET,2765875351385817
0,282,PUT,2765875350669162
0,282,GET,2765875351386248
0,2073,PUT,2765875350702530
0,2073,GET,2765875351386458
0,1049,PUT,2765875350698691
0,1049,GET,2765875351386368
0,6147,PUT,2765875350159970
0,6147,GET,2765875351386528
0,3853,PUT,2765875350253477
0,3853,GET,2765875351386438
0,6672,PUT,2765875350385072
0,6672,GET,2765875351386408
0,1562,PUT,2765875350675026
0,1562,GET,2765875351386448
0,4115,PUT,2765875350599310
0,4115,GET,2765875351386268
0,7169,PUT,2765875350560650
0,7169,GET,2765875351386599
0,787,PUT,2765875350587142
0,787,GET,2765875351386699
0,770,PUT,2765875350741681
0,770,GET,2765875351386980
0,526,PUT,2765875349989414
0,526,GET,2765875351387020
0,265,PUT,2765875350421427
0,265,GET,2765875351386969
0,6659,PUT,2765875350161684
0,6659,GET,2765875351386849
0,2056,PUT,2765875350279357
0,2056,GET,2765875351386929
0,7963,PUT,2765875350494176
0,7963,GET,2765875351387260
0,5124,PUT,2765875350655040
0,5124,GET,2765875351387561
0,530,PUT,2765875350568659
0,530,GET,2765875351387431
0,6406,PUT,2765875350423141
0,6406,GET,2765875351387571
0,5637,PUT,2765875350871222
0,5637,GET,2765875351387491
0,4105,PUT,2765875350435199
0,4105,GET,2765875351387521
0,6660,PUT,2765875350660232
0,6660,GET,2765875351387531
0,8198,PUT,2765875350429736
0,8198,GET,2765875351387541
0,18441,PUT,2765875351384043
0,18441,GET,2765875351387842
0,1537,PUT,2765875350540153
0,1537,GET,2765875351387651
0,7944,PUT,2765875350300316
0,7944,GET,2765875351387972
0,6919,PUT,2765875350946266
0,6919,GET,2765875351388162
0,4367,PUT,2765875350035721
0,4367,GET,2765875351387821
0,1539,PUT,2765875350143952
0,1539,GET,2765875351388383
0,1032,PUT,2765875350275618
0,1032,GET,2765875351388373
0,5661,PUT,2765875350348588
0,5661,GET,2765875351388493
0,264,PUT,2765875350272250
0,264,GET,2765875351388463
0,6158,PUT,2765875350024565
0,6158,GET,2765875351388764
0,9224,PUT,2765875351332483
0,9224,GET,2765875351388553
0,4356,PUT,2765875350652133
0,4356,GET,2765875351388764
0,274,PUT,2765875350567125
0,274,GET,2765875351388724
0,2052,PUT,2765875350643954
0,2052,GET,2765875351389064
0,3352,PUT,2765875350107107
0,3352,GET,2765875351388894
0,5641,PUT,2765875350440311
0,5641,GET,2765875351389235
0,6154,PUT,2765875350323820
0,6154,GET,2765875351389475
0,4619,PUT,2765875350777273
0,4619,GET,2765875351389305
0,4878,PUT,2765875350020506
0,4878,GET,2765875351389435
0,5392,PUT,2765875350380742
0,5392,GET,2765875351389485
0,4096,PUT,2765875351060561
0,4096,GET,2765875351389445
0,4633,PUT,2765875350712082
0,4633,GET,2765875351389586
0,5382,PUT,2765875350418741
0,5382,GET,2765875351389846
0,5135,PUT,2765875350038397
0,5135,GET,2765875351390177
0,6152,PUT,2765875350294041
0,6152,GET,2765875351390317
0,7425,PUT,2765875350561462
0,7425,GET,2765875351390257
0,8460,PUT,2765875351320395
0,8460,GET,2765875351390277
0,4379,PUT,2765875350481176
0,4379,GET,2765875351390468
0,5131,PUT,2765875350778957
0,5131,GET,2765875351390257
0,1817,PUT,2765875350701527
0,1817,GET,2765875351390498
0,7436,PUT,2765875350249107
0,7436,GET,2765875351390237
0,9233,PUT,2765875351334427
0,9233,GET,2765875351390568
0,7195,PUT,2765875350491209
0,7195,GET,2765875351390227
0,6160,PUT,2765875350383529
0,6160,GET,2765875351390478
0,4114,PUT,2765875350582180
0,4114,GET,2765875351390728
0,2057,PUT,2765875350428253
0,2057,GET,2765875351390999
0,5136,PUT,2765875350379961
0,5136,GET,2765875351391109
0,6927,PUT,2765875350044892
0,6927,GET,2765875351391269
0,6669,PUT,2765875350262538
0,6669,GET,2765875351391089
0,281,PUT,2765875350695413
0,281,GET,2765875351391300
0,6666,PUT,2765875350325715
0,6666,GET,2765875351391370
0,6419,PUT,2765875350606747
0,6419,GET,2765875351391440
0,3855,PUT,2765875350034107
0,3855,GET,2765875351391410
0,5138,PUT,2765875350585588
0,5138,GET,2765875351391440
0,4615,PUT,2765875350937987
0,4615,GET,2765875351391570
0,4353,PUT,2765875350550487
0,4353,GET,2765875351391821
0,5660,PUT,2765875350087982
0,5660,GET,2765875351392031
0,4874,PUT,2765875350319450
0,4874,GET,2765875351392111
0,6173,PUT,2765875350350372
0,6173,GET,2765875351392131
0,3856,PUT,2765875350374959
0,3856,GET,2765875351392462
0,6657,PUT,2765875350558856
0,6657,GET,2765875351392152
0,7960,PUT,2765875350123455
0,7960,GET,2765875351392472
0,8212,PUT,2765875350824263
0,8212,GET,2765875351392382
0,2828,PUT,2765875350232458
0,2828,GET,2765875351392442
0,4125,PUT,2765875350343586
0,4125,GET,2765875351392402
0,2820,PUT,2765875350646570
0,2820,GET,2765875351392763
0,1546,PUT,2765875350307302
0,1546,GET,2765875351393054
0,3330,PUT,2765875350751012
0,3330,GET,2765875351393144
0,2584,PUT,2765875350104160
0,2584,GET,2765875351392913
0,1028,PUT,2765875350640065
0,1028,GET,2765875351393154
0,3597,PUT,2765875350252394
0,3597,GET,2765875351393174
0,272,PUT,2765875350361057
0,272,GET,2765875351393204
0,2578,PUT,2765875350576327
0,2578,GET,2765875351393144
0,7449,PUT,2765875350721845
0,7449,GET,2765875351393354
0,3080,PUT,2765875350283216
0,3080,GET,2765875351393445
0,9477,PUT,2765875351338447
0,9477,GET,2765875351393775
0,5132,PUT,2765875350240968
0,5132,GET,2765875351393645
0,7432,PUT,2765875350298632
0,7432,GET,2765875351393946
0,541,PUT,2765875350331167
0,541,GET,2765875351394276
0,2845,PUT,2765875350339306
0,2845,GET,2765875351394216
0,3842,PUT,2765875350752797
0,3842,GET,2765875351394016
0,4871,PUT,2765875350938959
0,4871,GET,2765875351394076
0,1283,PUT,2765875350142680
0,1283,GET,2765875351393986
0,5656,PUT,2765875350115587
0,5656,GET,2765875351394317
0,4891,PUT,2765875350483080
0,4891,GET,2765875351394507
0,2323,PUT,2765875350592935
0,2323,GET,2765875351394327
0,1798,PUT,2765875350405740
0,1798,GET,2765875351394697
0,3596,PUT,2765875350235295
0,3596,GET,2765875351394707
0,1802,PUT,2765875350308204
0,1802,GET,2765875351394928
0,6161,PUT,2765875350973118
0,6161,GET,2765875351394978
0,5650,PUT,2765875350587312
0,5650,GET,2765875351395008
0,2560,PUT,2765875351054998
0,2560,GET,2765875351394898
0,2574,PUT,2765875349996500
0,2574,GET,2765875351395088
0,7171,PUT,2765875350163348
0,7171,GET,2765875351395199
0,5651,PUT,2765875350604462
0,5651,GET,2765875351395118
0,1540,PUT,2765875350642019
0,1540,GET,2765875351395309
0,8197,PUT,2765875350879451
0,8197,GET,2765875351395329
0,2069,PUT,2765875350820253
0,2069,GET,2765875351395660
0,4100,PUT,2765875350651161
0,4100,GET,2765875351395720
0,1555,PUT,2765875350590139
0,1555,GET,2765875351395920
0,786,PUT,2765875350569661
0,786,GET,2765875351396051
0,1054,PUT,2765875350190691
0,1054,GET,2765875351396111
0,1033,PUT,2765875350424524
0,1033,GET,2765875351396261
0,4885,PUT,2765875350829635
0,4885,GET,2765875351396482
0,2565,PUT,2765875350860477
0,2565,GET,2765875351396452
0,3610,PUT,2765875350682844
0,3610,GET,2765875351396722
0,7450,PUT,2765875350695884
0,7450,GET,2765875351396732
0,7177,PUT,2765875350445653
0,7177,GET,2765875351396953
0,2843,PUT,2765875350475262
0,2843,GET,2765875351397053
0,1026,PUT,2765875350742693
0,1026,GET,2765875351397364
0,7435,PUT,2765875350786806
0,7435,GET,2765875351397574
0,9232,PUT,2765875351331892
0,9232,GET,2765875351397654
0,3078,PUT,2765875350410181
0,3078,GET,2765875351397694
0,3074,PUT,2765875350750100
0,3074,GET,2765875351398055
0,1810,PUT,2765875350573450
0,1810,GET,2765875351398286
0,8448,PUT,2765875351314942
0,8448,GET,2765875351398276
0,10256,PUT,2765875351342115
0,10256,GET,2765875351398506
0,7434,PUT,2765875350328321
0,7434,GET,2765875351398366
0,6429,PUT,2765875350351284
0,6429,GET,2765875351398607
0,4362,PUT,2765875350317556
0,4362,GET,2765875351398677
0,6930,PUT,2765875350591973
0,6930,GET,2765875351398747
0,5900,PUT,2765875350243664
0,5900,GET,2765875351399038
0,776,PUT,2765875350274636
0,776,GET,2765875351399148
0,1053,PUT,2765875350333142
0,1053,GET,2765875351399288
0,1030,PUT,2765875350402834
0,1030,GET,2765875351399298
0,5129,PUT,2765875350438497
0,5129,GET,2765875351399388
0,4893,PUT,2765875350346242
0,4893,GET,2765875351399569
0,6939,PUT,2765875350490507
0,6939,GET,2765875351399519
0,6918,PUT,2765875350425075
0,6918,GET,2765875351399639
0,3866,PUT,2765875350683716
0,3866,GET,2765875351399529
0,5402,PUT,2765875350688888
0,5402,GET,2765875351399509
0,4102,PUT,2765875350413919
0,4102,GET,2765875351399950
0,6684,PUT,2765875350091581
0,6684,GET,2765875351399960
0,2312,PUT,2765875350280329
0,2312,GET,2765875351400000
0,3611,PUT,2765875350478269
0,3611,GET,2765875351400371
0,6667,PUT,2765875350784059
0,6667,GET,2765875351400471
0,7947,PUT,2765875350788630
0,7947,GET,2765875351400240
0,3587,PUT,2765875350151239
0,3587,GET,2765875351400491
0,5141,PUT,2765875350830547
0,5141,GET,2765875351400681
0,6404,PUT,2765875350659430
0,6404,GET,2765875351400601
0,1795,PUT,2765875350144885
0,1795,GET,2765875351400741
0,516,PUT,2765875350638291
0,516,GET,2765875351400952
0,7194,PUT,2765875350694692
0,7194,GET,2765875351400731
0,2825,PUT,2765875350430809
0,2825,GET,2765875351400972
0,2059,PUT,2765875350768182
0,2059,GET,2765875351400982
0,4628,PUT,2765875350811743
0,4628,GET,2765875351400992
0,5378,PUT,2765875350758380
0,5378,GET,2765875351401293
0,10752,PUT,2765875351342817
0,10752,GET,2765875351401343
0,5892,PUT,2765875350657786
0,5892,GET,2765875351401323
0,7684,PUT,2765875350663619
0,7684,GET,2765875351401573
0,4370,PUT,2765875350583163
0,4370,GET,2765875351401473
0,3862,PUT,2765875350897392
0,3862,GET,2765875351401513
0,3329,PUT,2765875350546888
0,3329,GET,2765875351401473
0,7172,PUT,2765875350661936
0,7172,GET,2765875351401794
0,5381,PUT,2765875350870249
0,5381,GET,2765875351401714
0,7426,PUT,2765875350766067
0,7426,GET,2765875351401724
0,7703,PUT,2765875350074140
0,7703,GET,2765875351402055
0,6402,PUT,2765875350762158
0,6402,GET,2765875351402004
0,7707,PUT,2765875350493154
0,7707,GET,2765875351402405
0,7441,PUT,2765875350977569
0,7441,GET,2765875351402215
0,2562,PUT,2765875350748226
0,2562,GET,2765875351402405
0,7190,PUT,2765875350909320
0,7190,GET,2765875351402566
0,12037,PUT,2765875351363134
0,12037,GET,2765875351402435
0,5122,PUT,2765875350757407
0,5122,GET,2765875351402516
0,9729,PUT,2765875351345864
0,9729,GET,2765875351402646
0,4867,PUT,2765875350155750
0,4867,GET,2765875351402546
0,5143,PUT,2765875350064237
0,5143,GET,2765875351402696
0,3845,PUT,2765875350865158
0,3845,GET,2765875351402806
0,6934,PUT,2765875350908468
0,6934,GET,2765875351402907
0,5139,PUT,2765875350602778
0,5139,GET,2765875351402987
0,7948,PUT,2765875350250941
0,7948,GET,2765875351403057
0,531,PUT,2765875350586129
0,531,GET,2765875351403388
0,2310,PUT,2765875350407665
0,2310,GET,2765875351403358
0,1043,PUT,2765875350588134
0,1043,GET,2765875351403568
0,4374,PUT,2765875350899497
0,4374,GET,2765875351403758
0,5635,PUT,2765875350158436
0,5635,GET,2765875351403428
0,2077,PUT,2765875350336630
0,2077,GET,2765875351403869
0,3606,PUT,2765875350896330
0,3606,GET,2765875351403949
0,2334,PUT,2765875350195081
0,2334,GET,2765875351404129
0,3097,PUT,2765875350706269
0,3097,GET,2765875351404139
0,1544,PUT,2765875350277533
0,1544,GET,2765875351404129
0,2834,PUT,2765875350577309
0,2834,GET,2765875351404300
0,1281,PUT,2765875350539190
0,1281,GET,2765875351404390
0,4116,PUT,2765875350809739
0,4116,GET,2765875351404530
0,7964,PUT,2765875350097144
0,7964,GET,2765875351404540
0,11276,PUT,2765875351342206
0,11276,GET,2765875351404641
0,6427,PUT,2765875350488803
0,6427,GET,2765875351404861
0,2588,PUT,2765875350077057
0,2588,GET,2765875351404711
0,8194,PUT,2765875350768052
0,8194,GET,2765875351405342
0,2819,PUT,2765875350148473
0,2819,GET,2765875351405272
0,278,PUT,2765875350883079
0,278,GET,2765875351405452
0,4117,PUT,2765875350827219
0,4117,GET,2765875351405553
0,5914,PUT,2765875350690632
0,5914,GET,2765875351405432
0,795,PUT,2765875350467344
0,795,GET,2765875351405523
0,11283,PUT,2765875351345002
0,11283,GET,2765875351405583
0,6662,PUT,2765875350424113
0,6662,GET,2765875351405743
0,267,PUT,2765875350761276
0,267,GET,2765875351405903
0,3076,PUT,2765875350647362
0,3076,GET,2765875351406044
0,8969,PUT,2765875351321618
0,8969,GET,2765875351406134
0,2591,PUT,2765875349979871
0,2591,GET,2765875351406344
0,6664,PUT,2765875350295865
0,6664,GET,2765875351406415
0,8217,PUT,2765875350724591
0,8217,GET,2765875351406365
0,2581,PUT,2765875350822077
0,2581,GET,2765875351406525
0,2566,PUT,2765875350408627
0,2566,GET,2765875351407086
0,1050,PUT,2765875350673111
0,1050,GET,2765875351407096
0,10502,PUT,2765875351340802
0,10502,GET,2765875351407136
0,1808,PUT,2765875350367482
0,1808,GET,2765875351407567
0,4360,PUT,2765875350287576
0,4360,GET,2765875351407207
0,1298,PUT,2765875350571536
0,1298,GET,2765875351407036
0,3099,PUT,2765875350476264
0,3099,GET,2765875351407497
0,3591,PUT,2765875350934288
0,3591,GET,2765875351407407
0,3859,PUT,2765875350598488
0,3859,GET,2765875351407427
0,2070,PUT,2765875350890406
0,2070,GET,2765875351407307
0,539,PUT,2765875350466191
0,539,GET,2765875351407648
0,6422,PUT,2765875350906634
0,6422,GET,2765875351407838
0,3096,PUT,2765875350106195
0,3096,GET,2765875351407898
0,11269,PUT,2765875351355236
0,11269,GET,2765875351408048
0,3593,PUT,2765875350433365
0,3593,GET,2765875351408399
0,1799,PUT,2765875350928274
0,1799,GET,2765875351408710
0,3846,PUT,2765875350412957
0,3846,GET,2765875351408389
0,14092,PUT,2765875351365590
0,14092,GET,2765875351408560
0,8201,PUT,2765875350449091
0,8201,GET,2765875351408640
0,15129,PUT,2765875351398286
0,15129,GET,2765875351408610
0,277,PUT,2765875350813217
0,277,GET,2765875351408650
0,7705,PUT,2765875350722667
0,7705,GET,2765875351408870
0,3857,PUT,2765875350964999
0,3857,GET,2765875351408700
0,8196,PUT,2765875350665223
0,8196,GET,2765875351408900
0,13078,PUT,2765875351388623
0,13078,GET,2765875351409111
0,5897,PUT,2765875350441193
0,5897,GET,2765875351409241
0,3337,PUT,2765875350432503
0,3337,GET,2765875351409482
0,11270,PUT,2765875351344611
0,11270,GET,2765875351409502
0,5633,PUT,2765875350555328
0,5633,GET,2765875351409452
0,5137,PUT,2765875350969650
0,5137,GET,2765875351409752
0,8456,PUT,2765875351323332
0,8456,GET,2765875351409622
0,2847,PUT,2765875349980834
0,2847,GET,2765875351409843
0,3090,PUT,2765875350578301
0,3090,GET,2765875351409532
0,1819,PUT,2765875350471343
0,1819,GET,2765875351410043
0,1305,PUT,2765875350699613
0,1305,GET,2765875351410193
0,6421,PUT,2765875350834727
0,6421,GET,2765875351410404
0,777,PUT,2765875350423612
0,777,GET,2765875351410424
0,784,PUT,2765875350363643
0,784,GET,2765875351410314
0,3357,PUT,2765875350340840
0,3357,GET,2765875351410454
0,5394,PUT,2765875350586490
0,5394,GET,2765875351410845
0,6682,PUT,2765875350692958
0,6682,GET,2765875351410614
0,4886,PUT,2765875350901271
0,4886,GET,2765875351410644
0,2320,PUT,2765875350369276
0,2320,GET,2765875351410665
0,3849,PUT,2765875350434317
0,3849,GET,2765875351410885
0,7429,PUT,2765875350876925
0,7429,GET,2765875351411005
0,4877,PUT,2765875350256704
0,4877,GET,2765875351411005
0,1306,PUT,2765875350674104
0,1306,GET,2765875351410865
0,5127,PUT,2765875350939771
0,5127,GET,2765875351411096
0,3336,PUT,2765875350284098
0,3336,GET,2765875351411136
0,262,PUT,2765875350399185
0,262,GET,2765875351411506
0,3861,PUT,2765875350826317
0,3861,GET,2765875351411296
0,2587,PUT,2765875350474250
0,2587,GET,2765875351411356
0,5654,PUT,2765875350903807
0,5654,GET,2765875351411496
0,534,PUT,2765875350884533
0,534,GET,2765875351411537
0,2576,PUT,2765875350370258
0,2576,GET,2765875351411897
0,1040,PUT,2765875350364635
0,1040,GET,2765875351411697
0,1307,PUT,2765875350469348
0,1307,GET,2765875351411927
0,6687,PUT,2765875349996350
0,6687,GET,2765875351411887
0,2324,PUT,2765875350803073
0,2324,GET,2765875351412028
0,4625,PUT,2765875350967876
0,4625,GET,2765875351411917
0,256,PUT,2765875351045607
0,256,GET,2765875351412389
0,6917,PUT,2765875350875331
0,6917,GET,2765875351412649
0,1041,PUT,2765875350955086
0,1041,GET,2765875351412749
0,789,PUT,2765875350815462
0,789,GET,2765875351412579
0,1300,PUT,2765875350799254
0,1300,GET,2765875351412539
0,5125,PUT,2765875350869427
0,5125,GET,2765875351413020
0,1310,PUT,2765875350191613
0,1310,GET,2765875351412880
0,7962,PUT,2765875350697769
0,7962,GET,2765875351413050
0,1811,PUT,2765875350591131
0,1811,GET,2765875351413010
0,6416,PUT,2765875350384190
0,6416,GET,2765875351413090
0,1809,PUT,2765875350957733
0,1809,GET,2765875351413261
0,7957,PUT,2765875350840280
0,7957,GET,2765875351413411
0,9472,PUT,2765875351328454
0,9472,GET,2765875351413301
0,11016,PUT,2765875351350104
0,11016,GET,2765875351413661
0,2068,PUT,2765875350802091
0,2068,GET,2765875351413902
0,5913,PUT,2765875350716382
0,5913,GET,2765875351414062
0,3355,PUT,2765875350477267
0,3355,GET,2765875351414022
0,3098,PUT,2765875350680859
0,3098,GET,2765875351413912
0,7430,PUT,2765875350426900
0,7430,GET,2765875351413992
0,4630,PUT,2765875350900369
0,4630,GET,2765875351414092
0,5658,PUT,2765875350689780
0,5658,GET,2765875351414052
0,2064,PUT,2765875350368454
0,2064,GET,2765875351414313
0,2833,PUT,2765875350961421
0,2833,GET,2765875351414523
0,1282,PUT,2765875350743525
0,1282,GET,2765875351414924
0,15886,PUT,2765875351389395
0,15886,GET,2765875351414995
0,775,PUT,2765875350924485
0,775,GET,2765875351415065
0,7680,PUT,2765875351073682
0,7680,GET,2765875351415045
0,5889,PUT,2765875350556310
0,5889,GET,2765875351415165
0,9481,PUT,2765875351324023
0,9481,GET,2765875351415005
0,788,PUT,2765875350797290
0,788,GET,2765875351415496
0,6166,PUT,2765875350905632
0,6166,GET,2765875351415255
0,8454,PUT,2765875351318190
0,8454,GET,2765875351415365
0,5387,PUT,2765875350779769
0,5387,GET,2765875351415325
0,8723,PUT,2765875351330649
0,8723,GET,2765875351415385
0,4614,PUT,2765875350415854
0,4614,GET,2765875351415365
0,5645,PUT,2765875350259260
0,5645,GET,2765875351416017
0,3353,PUT,2765875350707161
0,3353,GET,2765875351415857
0,1794,PUT,2765875350745279
0,1794,GET,2765875351416037
0,7187,PUT,2765875350609003
0,7187,GET,2765875351415766
0,11545,PUT,2765875351366963
0,11545,GET,2765875351416137
0,2050,PUT,2765875350746251
0,2050,GET,2765875351416107
0,7698,PUT,2765875350594639
0,7698,GET,2765875351416117
0,6683,PUT,2765875350489655
0,6683,GET,2765875351416288
0,13840,PUT,2765875351372315
0,13840,GET,2765875351416107
0,772,PUT,2765875350639113
0,772,GET,2765875351416328
0,14862,PUT,2765875351375212
0,14862,GET,2765875351416237
0,2821,PUT,2765875350861369
0,2821,GET,2765875351416829
0,523,PUT,2765875350762579
0,523,GET,2765875351416648
0,2586,PUT,2765875350678855
0,2586,GET,2765875351416809
0,768,PUT,2765875351048253
0,768,GET,2765875351416939
0,7965,PUT,2765875350356677
0,7965,GET,2765875351417110
0,3595,PUT,2765875350773465
0,3595,GET,2765875351417009
0,3328,PUT,2765875351057705
0,3328,GET,2765875351416839
0,6150,PUT,2765875350421998
0,6150,GET,2765875351417039
0,4881,PUT,2765875350968768
0,4881,GET,2765875351417170
0,2582,PUT,2765875350892371
0,2582,GET,2765875351417330
0,3085,PUT,2765875350250730
0,3085,GET,2765875351417250
0,3350,PUT,2765875350895137
0,3350,GET,2765875351417941
0,538,PUT,2765875350671207
0,538,GET,2765875351418222
0,5634,PUT,2765875350759342
0,5634,GET,2765875351418142
0,4107,PUT,2765875350775329
0,4107,GET,2765875351418272
0,5915,PUT,2765875350486789
0,5915,GET,2765875351418272
0,10257,PUT,2765875351338798
0,10257,GET,2765875351418493
0,6661,PUT,2765875350874509
0,6661,GET,2765875351418553
0,1812,PUT,2765875350801129
0,1812,GET,2765875351418823
0,3091,PUT,2765875350595591
0,3091,GET,2765875351418713
0,6146,PUT,2765875350761316
0,6146,GET,2765875351418844
0,8193,PUT,2765875350564309
0,8193,GET,2765875351418844
0,2321,PUT,2765875350959527
0,2321,GET,2765875351418783
0,3331,PUT,2765875350150347
0,3331,GET,2765875351419114
0,12040,PUT,2765875351356759
0,12040,GET,2765875351419084
0,5385,PUT,2765875350439359
0,5385,GET,2765875351419455
0,6407,PUT,2765875350944331
0,6407,GET,2765875351419345
0,4352,PUT,2765875351061453
0,4352,GET,2765875351419375
0,7431,PUT,2765875350948050
0,7431,GET,2765875351419535
0,532,PUT,2765875350796258
0,532,GET,2765875351419355
0,3867,PUT,2765875350479261
0,3867,GET,2765875351419425
0,773,PUT,2765875350854423
0,773,GET,2765875351419645
0,1286,PUT,2765875350403796
0,1286,GET,2765875351419776
0,12051,PUT,2765875351352971
0,12051,GET,2765875351420046
0,5638,PUT,2765875350419533
0,5638,GET,2765875351420417
0,5147,PUT,2765875350484102
0,5147,GET,2765875351420327
0,7953,PUT,2765875350979172
0,7953,GET,2765875351420337
0,12054,PUT,2765875351382659
0,12054,GET,2765875351420568
0,2053,PUT,2765875350858783
0,2053,GET,2765875351420337
0,3333,PUT,2765875350863223
0,3333,GET,2765875351420608
0,533,PUT,2765875350814580
0,533,GET,2765875351420808
0,1301,PUT,2765875350817437
0,1301,GET,2765875351420798
0,3840,PUT,2765875351059579
0,3840,GET,2765875351420507
0,13573,PUT,2765875351372817
0,13573,GET,2765875351420467
0,5909,PUT,2765875350832832
0,5909,GET,2765875351420758
0,5121,PUT,2765875350553373
0,5121,GET,2765875351421059
0,9225,PUT,2765875351323071
0,9225,GET,2765875351421239
0,6935,PUT,2765875350071314
0,6935,GET,2765875351421269
0,4872,PUT,2765875350289511
0,4872,GET,2765875351421369
0,3858,PUT,2765875350581288
0,3858,GET,2765875351421269
0,7711,PUT,2765875349999587
0,7711,GET,2765875351421389
0,9484,PUT,2765875351329807
0,9484,GET,2765875351421590
0,8211,PUT,2765875350612380
0,8211,GET,2765875351421760
0,2822,PUT,2765875350409369
0,2822,GET,2765875351421921
0,4873,PUT,2765875350437885
0,4873,GET,2765875351421570
0,9733,PUT,2765875351339419
0,9733,GET,2765875351422131
0,3613,PUT,2765875350341892
0,3613,GET,2765875351422001
0,11014,PUT,2765875351343729
0,11014,GET,2765875351422091
0,9491,PUT,2765875351335871
0,9491,GET,2765875351422302
0,9230,PUT,2765875351332994
0,9230,GET,2765875351422352
0,10769,PUT,2765875351340662
0,10769,GET,2765875351422432
0,6425,PUT,2765875350718116
0,6425,GET,2765875351422622
0,260,PUT,2765875350636597
0,260,GET,2765875351422552
0,21008,PUT,2765875351416057
0,21008,GET,2765875351422682
0,5649,PUT,2765875350971434
0,5649,GET,2765875351423013
0,4610,PUT,2765875350755693
0,4610,GET,2765875351423003
0,9216,PUT,2765875351324394
0,9216,GET,2765875351422743
0,8979,PUT,2765875351331611
0,8979,GET,2765875351423133
0,6916,PUT,2765875350661154
0,6916,GET,2765875351423504
0,3841,PUT,2765875350548753
0,3841,GET,2765875351423564
0,5910,PUT,2765875350904719
0,5910,GET,2765875351423885
0,3585,PUT,2765875350547861
0,3585,GET,2765875351424146
0,2315,PUT,2765875350769094
0,2315,GET,2765875351423995
0,11029,PUT,2765875351365700
0,11029,GET,2765875351424136
0,7174,PUT,2765875350425907
0,7174,GET,2765875351424236
0,1813,PUT,2765875350819421
0,1813,GET,2765875351424286
0,6148,PUT,2765875350658608
0,6148,GET,2765875351424527
0,7424,PUT,2765875351072690
0,7424,GET,2765875351424577
0,6163,PUT,2765875350606006
0,6163,GET,2765875351424507
0,7952,PUT,2765875350389733
0,7952,GET,2765875351425078
0,11521,PUT,2765875351367023
0,11521,GET,2765875351425128
0,5401,PUT,2765875350714778
0,5401,GET,2765875351425329
0,3851,PUT,2765875350774437
0,3851,GET,2765875351425469
0,790,PUT,2765875350885625
0,790,GET,2765875351425288
0,1797,PUT,2765875350857810
0,1797,GET,2765875351425689
0,10760,PUT,2765875351349102
0,10760,GET,2765875351425669
0,9235,PUT,2765875351332683
0,9235,GET,2765875351425820
0,4612,PUT,2765875350653105
0,4612,GET,2765875351425880
0,1285,PUT,2765875350856207
0,1285,GET,2765875351426140
0,6149,PUT,2765875350872645
0,6149,GET,2765875351426221
0,4864,PUT,2765875351063418
0,4864,GET,2765875351426351
0,7685,PUT,2765875350877787
0,7685,GET,2765875351426261
0,2306,PUT,2765875350747234
0,2306,GET,2765875351426471
0,4377,PUT,2765875350711160
0,4377,GET,2765875351426692
0,6677,PUT,2765875350835719
0,6677,GET,2765875351426822
0,3335,PUT,2765875350933296
0,3335,GET,2765875351426782
0,6686,PUT,2765875350209835
0,6686,GET,2765875351426882
0,12808,PUT,2765875351363194
0,12808,GET,2765875351427013
0,4875,PUT,2765875350778145
0,4875,GET,2765875351427013
0,2309,PUT,2765875350859685
0,2309,GET,2765875351427213
0,6673,PUT,2765875350974973
0,6673,GET,2765875351427484
0,4118,PUT,2765875350898415
0,4118,GET,2765875351427494
0,258,PUT,2765875350739215
0,258,GET,2765875351427624
0,8971,PUT,2765875351360017
0,8971,GET,2765875351427935
0,2305,PUT,2765875350543069
0,2305,GET,2765875351427824
0,5639,PUT,2765875350941545
0,5639,GET,2765875351427945
0,5146,PUT,2765875350688086
0,5146,GET,2765875351427674
0,4104,PUT,2765875350286704
0,4104,GET,2765875351427885
0,1029,PUT,2765875350855405
0,1029,GET,2765875351428145
0,6405,PUT,2765875350873617
0,6405,GET,2765875351428095
0,7440,PUT,2765875350387929
0,7440,GET,2765875351427985
0,7945,PUT,2765875350448189
0,7945,GET,2765875351428175
0,7704,PUT,2765875350122653
0,7704,GET,2765875351428035
0,7687,PUT,2765875350948932
0,7687,GET,2765875351428506
0,11782,PUT,2765875351348811
0,11782,GET,2765875351428626
0,6678,PUT,2765875350907546
0,6678,GET,2765875351428837
0,12553,PUT,2765875351347017
0,12553,GET,2765875351428897
0,4884,PUT,2765875350812646
0,4884,GET,2765875351429157
0,9474,PUT,2765875351372566
0,9474,GET,2765875351429007
0,12300,PUT,2765875351346736
0,12300,GET,2765875351429268
0,8192,PUT,2765875351075366
0,8192,GET,2765875351429468
0,7940,PUT,2765875350664351
0,7940,GET,2765875351429799
0,12812,PUT,2765875351350685
0,12812,GET,2765875351430060
0,2067,PUT,2765875350592133
0,2067,GET,2765875351429939
0,10515,PUT,2765875351342135
0,10515,GET,2765875351429909
0,10522,PUT,2765875351375393
0,10522,GET,2765875351430260
0,1792,PUT,2765875351052142
0,1792,GET,2765875351430270
0,5657,PUT,2765875350715620
0,5657,GET,2765875351430471
0,514,PUT,2765875350740729
0,514,GET,2765875351430541
0,521,PUT,2765875350422830
0,521,GET,2765875351430571
0,15360,PUT,2765875351383431
0,15360,GET,2765875351430721
0,793,PUT,2765875350697879
0,793,GET,2765875351430781
0,3869,PUT,2765875350342684
0,3869,GET,2765875351430982
0,6674,PUT,2765875350591091
0,6674,GET,2765875351430952
0,14608,PUT,2765875351375643
0,14608,GET,2765875351430871
0,4098,PUT,2765875350753699
0,4098,GET,2765875351430982
0,3865,PUT,2765875350709155
0,3865,GET,2765875351430992
0,6169,PUT,2765875350717214
0,6169,GET,2765875351431132
0,12552,PUT,2765875351358473
0,12552,GET,2765875351431373
0,5142,PUT,2765875350901973
0,5142,GET,2765875351431513
0,5643,PUT,2765875350780731
0,5643,GET,2765875351431443
0,6929,PUT,2765875350975935
0,6929,GET,2765875351431543
0,12033,PUT,2765875351370852
0,12033,GET,2765875351431473
0,6676,PUT,2765875350819040
0,6676,GET,2765875351431663
0,2818,PUT,2765875350749208
0,2818,GET,2765875351431643
0,7682,PUT,2765875350766729
0,7682,GET,2765875351431493
0,9996,PUT,2765875351333966
0,9996,GET,2765875351431784
0,1034,PUT,2765875350305498
0,1034,GET,2765875351431914
0,4363,PUT,2765875350776321
0,4363,GET,2765875351431904
0,2836,PUT,2765875350804868
0,2836,GET,2765875351431854
0,1552,PUT,2765875350366600
0,1552,GET,2765875351432375
0,4890,PUT,2765875350687264
0,4890,GET,2765875351432465
0,19472,PUT,2765875351403939
0,19472,GET,2765875351432585
0,4889,PUT,2765875350713024
0,4889,GET,2765875351432545
0,6681,PUT,2765875350719048
0,6681,GET,2765875351432836
0,8449,PUT,2765875351328724
0,8449,GET,2765875351432936
0,273,PUT,2765875350951458
0,273,GET,2765875351433127
0,10000,PUT,2765875351338888
0,10000,GET,2765875351433257
0,4359,PUT,2765875350937014
0,4359,GET,2765875351433377
0,13062,PUT,2765875351360979
0,13062,GET,2765875351433518
0,16137,PUT,2765875351367735
0,16137,GET,2765875351433788
0,16134,PUT,2765875351383090
0,16134,GET,2765875351433728
0,9734,PUT,2765875351336292
0,9734,GET,2765875351433969
0,2567,PUT,2765875350930800
0,2567,GET,2765875351434059
0,2571,PUT,2765875350769966
0,2571,GET,2765875351434099
0,5397,PUT,2765875350831219
0,5397,GET,2765875351434299
0,4371,PUT,2765875350600102
0,4371,GET,2765875351434340
0,11532,PUT,2765875351344030
0,11532,GET,2765875351434360
0,11271,PUT,2765875351376826
0,11271,GET,2765875351434570
0,12305,PUT,2765875351360548
0,12305,GET,2765875351434530
0,2314,PUT,2765875350310068
0,2314,GET,2765875351434841
0,5890,PUT,2765875350760164
0,5890,GET,2765875351434901
0,7702,PUT,2765875350911235
0,7702,GET,2765875351434901
0,3093,PUT,2765875350823621
0,3093,GET,2765875351434951
0,1302,PUT,2765875350887650
0,1302,GET,2765875351435151
0,4883,PUT,2765875350601956
0,4883,GET,2765875351435011
0,3601,PUT,2765875350964107
0,3601,GET,2765875351435191
0,16401,PUT,2765875351380966
0,16401,GET,2765875351435402
0,9486,PUT,2765875351335049
0,9486,GET,2765875351435282
0,5905,PUT,2765875350972246
0,5905,GET,2765875351435342
0,2048,PUT,2765875351053124
0,2048,GET,2765875351435492
0,7686,PUT,2765875350427862
0,7686,GET,2765875351435532
0,8464,PUT,2765875351320996
0,8464,GET,2765875351435723
0,16400,PUT,2765875351384093
0,16400,GET,2765875351435973
0,9228,PUT,2765875351328744
0,9228,GET,2765875351435673
0,5396,PUT,2765875350814550
0,5396,GET,2765875351435763
0,8968,PUT,2765875351329376
0,8968,GET,2765875351436054
0,5888,PUT,2765875351067267
0,5888,GET,2765875351436154
0,8715,PUT,2765875351358784
0,8715,GET,2765875351436284
0,7941,PUT,2765875350878589
0,7941,GET,2765875351436364
0,797,PUT,2765875350332240
0,797,GET,2765875351436444
0,11289,PUT,2765875351366021
0,11289,GET,2765875351436424
0,13587,PUT,2765875351367925
0,13587,GET,2765875351436655
0,1024,PUT,2765875351049265
0,1024,GET,2765875351436785
0,14857,PUT,2765875351361390
0,14857,GET,2765875351436966
0,5383,PUT,2765875350940643
0,5383,GET,2765875351436885
0,9489,PUT,2765875351335289
0,9489,GET,2765875351437146
0,8718,PUT,2765875351329626
0,8718,GET,2765875351437316
0,8716,PUT,2765875351321828
0,8716,GET,2765875351437357
0,3852,PUT,2765875350236287
0,3852,GET,2765875351437296
0,9740,PUT,2765875351331982
0,9740,GET,2765875351437357
0,8218,PUT,2765875350698591
0,8218,GET,2765875351437928
0,7699,PUT,2765875350610596
0,7699,GET,2765875351438038
0,5395,PUT,2765875350603760
0,5395,GET,2765875351438088
0,6430,PUT,2765875350208923
0,6430,GET,2765875351438058
0,24081,PUT,2765875351424857
0,24081,GET,2765875351438158
0,9221,PUT,2765875351332663
0,9221,GET,2765875351438168
0,11022,PUT,2765875351346285
0,11022,GET,2765875351438219
0,3083,PUT,2765875350771761
0,3083,GET,2765875351438349
0,3354,PUT,2765875350681842
0,3354,GET,2765875351438239
0,7961,PUT,2765875350723579
0,7961,GET,2765875351438569
0,8450,PUT,2765875351367905
0,8450,GET,2765875351438359
0,4869,PUT,2765875350868626
0,4869,GET,2765875351438650
0,11792,PUT,2765875351356729
0,11792,GET,2765875351438780
0,2826,PUT,2765875350311993
0,2826,GET,2765875351439151
0,4121,PUT,2765875350710137
0,4121,GET,2765875351438880
0,6938,PUT,2765875350693779
0,6938,GET,2765875351439191
0,10517,PUT,2765875351357431
0,10517,GET,2765875351439171
0,10259,PUT,2765875351339780
0,10259,GET,2765875351439351
0,4123,PUT,2765875350480173
0,4123,GET,2765875351439612
0,2326,PUT,2765875350891459
0,2326,GET,2765875351439842
0,7936,PUT,2765875351074484
0,7936,GET,2765875351439722
0,7697,PUT,2765875350978260
0,7697,GET,2765875351439872
0,15369,PUT,2765875351364908
0,15369,GET,2765875351440143
0,10510,PUT,2765875351344421
0,10510,GET,2765875351439872
0,537,PUT,2765875350696957
0,537,GET,2765875351440123
0,11797,PUT,2765875351369058
0,11797,GET,2765875351440093
0,8469,PUT,2765875351343468
0,8469,GET,2765875351440203
0,7186,PUT,2765875350592885
0,7186,GET,2765875351440093
0,4373,PUT,2765875350828222
0,4373,GET,2765875351440043
0,12309,PUT,2765875351373899
0,12309,GET,2765875351440414
0,3348,PUT,2765875350806752
0,3348,GET,2765875351440664
0,11541,PUT,2765875351367785
0,11541,GET,2765875351440965
0,4354,PUT,2765875350754701
0,4354,GET,2765875351441025
0,1803,PUT,2765875350767230
0,1803,GET,2765875351441065
0,18449,PUT,2765875351395610
0,18449,GET,2765875351441025
0,12297,PUT,2765875351346225
0,12297,GET,2765875351441205
0,4626,PUT,2765875350583964
0,4626,GET,2765875351441125
0,3345,PUT,2765875350963145
0,3345,GET,2765875351441195
0,1556,PUT,2765875350800137
0,1556,GET,2765875351441246
0,10778,PUT,2765875351378520
0,10778,GET,2765875351441266
0,1293,PUT,2765875350245017
0,1293,GET,2765875351441516
0,3092,PUT,2765875350805750
0,3092,GET,2765875351441386
0,1796,PUT,2765875350642982
0,1796,GET,2765875351441516
0,6923,PUT,2765875350785031
0,6923,GET,2765875351441667
0,2563,PUT,2765875350147671
0,2563,GET,2765875351441837
0,6400,PUT,2765875351068951
0,6400,GET,2765875351441767
0,3592,PUT,2765875350285050
0,3592,GET,2765875351441777
0,10505,PUT,2765875351332744
0,10505,GET,2765875351441797
0,2823,PUT,2765875350931622
0,2823,GET,2765875351442228
0,5895,PUT,2765875350942497
0,5895,GET,2765875351442047
0,1553,PUT,2765875350956871
0,1553,GET,2765875351441837
0,8974,PUT,2765875351331952
0,8974,GET,2765875351442288
0,11526,PUT,2765875351347879
0,11526,GET,2765875351442288
0,10005,PUT,2765875351354985
0,10005,GET,2765875351442218
0,1554,PUT,2765875350572448
0,1554,GET,2765875351442388
0,9483,PUT,2765875351362202
0,9483,GET,2765875351442559
0,9222,PUT,2765875351326870
0,9222,GET,2765875351442539
0,10768,PUT,2765875351346195
0,10768,GET,2765875351442539
0,3589,PUT,2765875350864185
0,3589,GET,2765875351442649
0,8966,PUT,2765875351324364
0,8966,GET,2765875351442559
0,794,PUT,2765875350672280
0,794,GET,2765875351442709
0,8467,PUT,2765875351323191
0,8467,GET,2765875351442739
0,9478,PUT,2765875351330037
0,9478,GET,2765875351442749
0,13829,PUT,2765875351373799
0,13829,GET,2765875351442950
0,14361,PUT,2765875351385366
0,14361,GET,2765875351443170
0,18960,PUT,2765875351402095
0,18960,GET,2765875351443220
0,8474,PUT,2765875351355867
0,8474,GET,2765875351443160
0,5652,PUT,2765875350815542
0,5652,GET,2765875351443370
0,2816,PUT,2765875351055881
0,2816,GET,2765875351443210
0,7170,PUT,2765875350765175
0,7170,GET,2765875351443491
0,12041,PUT,2765875351344280
0,12041,GET,2765875351443461
0,9488,PUT,2765875351336212
0,9488,GET,2765875351443481
0,4613,PUT,2765875350867673
0,4613,GET,2765875351443581
0,13064,PUT,2765875351368206
0,13064,GET,2765875351443581
0,14099,PUT,2765875351369649
0,14099,GET,2765875351443761
0,14348,PUT,2765875351369820
0,14348,GET,2765875351443872
0,10240,PUT,2765875351340562
0,10240,GET,2765875351444202
0,14613,PUT,2765875351394266
0,14613,GET,2765875351444042
0,7189,PUT,2765875350837704
0,7189,GET,2765875351444112
0,2054,PUT,2765875350406713
0,2054,GET,2765875351444303
0,14864,PUT,2765875351376495
0,14864,GET,2765875351444122
0,7943,PUT,2765875350949904
0,7943,GET,2765875351444353
0,7175,PUT,2765875350947148
0,7175,GET,2765875351444313
0,12826,PUT,2765875351393424
0,12826,GET,2765875351444493
0,12560,PUT,2765875351364547
0,12560,GET,2765875351444513
0,5403,PUT,2765875350484804
0,5403,GET,2765875351444694
0,15118,PUT,2765875351376134
0,15118,GET,2765875351445155
0,5145,PUT,2765875350713846
0,5145,GET,2765875351445165
0,14096,PUT,2765875351373278
0,14096,GET,2765875351444944
0,10009,PUT,2765875351359005
0,10009,GET,2765875351445074
0,12569,PUT,2765875351371103
0,12569,GET,2765875351445115
0,11776,PUT,2765875351354825
0,11776,GET,2765875351445074
0,15374,PUT,2765875351378420
0,15374,GET,2765875351445175
0,12043,PUT,2765875351381868
0,12043,GET,2765875351445205
0,3082,PUT,2765875350312855
0,3082,GET,2765875351445275
0,12310,PUT,2765875351383812
0,12310,GET,2765875351445425
0,7173,PUT,2765875350876053
0,7173,GET,2765875351445405
0,2308,PUT,2765875350644736
0,2308,GET,2765875351445435
0,257,PUT,2765875350534770
0,257,GET,2765875351445335
0,11285,PUT,2765875351366753
0,11285,GET,2765875351445566
0,9742,PUT,2765875351339850
0,9742,GET,2765875351445776
0,7446,PUT,2765875350910322
0,7446,GET,2765875351445936
0,7188,PUT,2765875350820604
0,7188,GET,2765875351445906
0,12563,PUT,2765875351358574
0,12563,GET,2765875351446007
0,10511,PUT,2765875351392262
0,10511,GET,2765875351446097
0,15376,PUT,2765875351378249
0,15376,GET,2765875351446127
0,8214,PUT,2765875350912979
0,8214,GET,2765875351446187
0,1046,PUT,2765875350886647
0,1046,GET,2765875351446367
0,14863,PUT,2765875351422412
0,14863,GET,2765875351446438
0,2066,PUT,2765875350574442
0,2066,GET,2765875351446468
0,16403,PUT,2765875351383792
0,16403,GET,2765875351446538
0,9753,PUT,2765875351355426
0,9753,GET,2765875351446688
0,8982,PUT,2765875351359786
0,8982,GET,2765875351446668
0,16140,PUT,2765875351382659
0,16140,GET,2765875351446919
0,10513,PUT,2765875351339730
0,10513,GET,2765875351447149
0,2841,PUT,2765875350705356
0,2841,GET,2765875351446949
0,12805,PUT,2765875351369920
0,12805,GET,2765875351447149
0,14345,PUT,2765875351358754
0,14345,GET,2765875351447199
0,10252,PUT,2765875351338116
0,10252,GET,2765875351447209
0,1297,PUT,2765875350955999
0,1297,GET,2765875351447480
0,8730,PUT,2765875351358724
0,8730,GET,2765875351447380
0,11010,PUT,2765875351384243
0,11010,GET,2765875351447500
0,3590,PUT,2765875350411965
0,3590,GET,2765875351447660
0,13072,PUT,2765875351367474
0,13072,GET,2765875351447380
0,8961,PUT,2765875351334989
0,8961,GET,2765875351447731
0,529,PUT,2765875350953082
0,529,GET,2765875351447761
0,7443,PUT,2765875350609905
0,7443,GET,2765875351447831
0,11802,PUT,2765875351383301
0,11802,GET,2765875351447731
0,10251,PUT,2765875351369619
0,10251,GET,2765875351447831
0,10248,PUT,2765875351343138
0,10248,GET,2765875351447841
0,9237,PUT,2765875351349392
0,9237,GET,2765875351448132
0,11531,PUT,2765875351378730
0,11531,GET,2765875351448132
0,2074,PUT,2765875350677001
0,2074,GET,2765875351448502
0,3605,PUT,2765875350825455
0,3605,GET,2765875351448683
0,16389,PUT,2765875351391390
0,16389,GET,2765875351448563
0,11785,PUT,2765875351341323
0,11785,GET,2765875351448953
0,11537,PUT,2765875351352499
0,11537,GET,2765875351448713
0,4866,PUT,2765875350756575
0,4866,GET,2765875351448743
0,16144,PUT,2765875351382299
0,16144,GET,2765875351448703
0,7958,PUT,2765875350912137
0,7958,GET,2765875351448923
0,6164,PUT,2765875350817346
0,6164,GET,2765875351448984
0,8729,PUT,2765875351351477
0,8729,GET,2765875351449254
0,12038,PUT,2765875351349743
0,12038,GET,2765875351449575
0,8986,PUT,2765875351359636
0,8986,GET,2765875351449645
0,15628,PUT,2765875351378680
0,15628,GET,2765875351449595
0,785,PUT,2765875350954084
0,785,GET,2765875351449846
0,8710,PUT,2765875351320445
0,8710,GET,2765875351449655
0,3094,PUT,2765875350894305
0,3094,GET,2765875351449846
0,6426,PUT,2765875350692316
0,6426,GET,2765875351449765
0,9487,PUT,2765875351385446
0,9487,GET,2765875351449775
0,4868,PUT,2765875350654077
0,4868,GET,2765875351449936
0,13585,PUT,2765875351368446
0,13585,GET,2765875351450347
0,2577,PUT,2765875350960429
0,2577,GET,2765875351450176
0,10757,PUT,2765875351349733
0,10757,GET,2765875351450196
0,2065,PUT,2765875350958635
0,2065,GET,2765875351450497
0,5632,PUT,2765875351066295
0,5632,GET,2765875351450467
0,1561,PUT,2765875350700615
0,1561,GET,2765875351450527
0,1536,PUT,2765875351051170
0,1536,GET,2765875351450728
0,9227,PUT,2765875351361129
0,9227,GET,2765875351450447
0,12558,PUT,2765875351358283
0,12558,GET,2765875351450497
0,6144,PUT,2765875351068239
0,6144,GET,2765875351450607
0,9238,PUT,2765875351361029
0,9238,GET,2765875351450728
0,9217,PUT,2765875351341875
0,9217,GET,2765875351450708
0,11027,PUT,2765875351343990
0,11027,GET,2765875351450778
0,20494,PUT,2765875351430030
0,20494,GET,2765875351450838
0,5120,PUT,2765875351064320
0,5120,GET,2765875351451108
0,13320,PUT,2765875351371894
0,13320,GET,2765875351451149
0,15365,PUT,2765875351384584
0,15365,GET,2765875351451369
0,1289,PUT,2765875350425476
0,1289,GET,2765875351451379
0,11534,PUT,2765875351351347
0,11534,GET,2765875351451419
0,6417,PUT,2765875350974081
0,6417,GET,2765875351451489
0,779,PUT,2765875350763572
0,779,GET,2765875351451399
0,1045,PUT,2765875350816444
0,1045,GET,2765875351451560
0,7179,PUT,2765875350785913
0,7179,GET,2765875351451499
0,20753,PUT,2765875351409051
0,20753,GET,2765875351451570
0,2827,PUT,2765875350770788
0,2827,GET,2765875351451750
0,1793,PUT,2765875350541145
0,1793,GET,2765875351451860
0,8725,PUT,2765875351345283
0,8725,GET,2765875351452021
0,9745,PUT,2765875351337094
0,9745,GET,2765875351452371
0,3604,PUT,2765875350807744
0,3604,GET,2765875351452141
0,11801,PUT,2765875351368036
0,11801,GET,2765875351452391
0,1547,PUT,2765875350766338
0,1547,GET,2765875351452161
0,15105,PUT,2765875351410274
0,15105,GET,2765875351452341
0,9494,PUT,2765875351363194
0,9494,GET,2765875351452442
0,8712,PUT,2765875351326870
0,8712,GET,2765875351452281
0,4882,PUT,2765875350584766
0,4882,GET,2765875351452592
0,6931,PUT,2765875350608401
0,6931,GET,2765875351452672
0,5893,PUT,2765875350871913
0,5893,GET,2765875351452432
0,10010,PUT,2765875351372175
0,10010,GET,2765875351452472
0,2055,PUT,2765875350929266
0,2055,GET,2765875351452963
0,14080,PUT,2765875351377638
0,14080,GET,2765875351453173
0,17926,PUT,2765875351392973
0,17926,GET,2765875351453243
0,6932,PUT,2765875350819912
0,6932,GET,2765875351453183
0,13321,PUT,2765875351352900
0,13321,GET,2765875351453324
0,9989,PUT,2765875351341414
0,9989,GET,2765875351453304
0,12814,PUT,2765875351359245
0,12814,GET,2765875351453584
0,3860,PUT,2765875350808747
0,3860,GET,2765875351453273
0,15625,PUT,2765875351365780
0,15625,GET,2765875351453414
0,12559,PUT,2765875351406796
0,12559,GET,2765875351453524
0,12811,PUT,2765875351385897
0,12811,GET,2765875351453795
0,5398,PUT,2765875350902875
0,5398,GET,2765875351453915
0,5899,PUT,2765875350781624
0,5899,GET,2765875351454035
0,1035,PUT,2765875350764383
0,1035,GET,2765875351453885
0,11536,PUT,2765875351354674
0,11536,GET,2765875351454025
0,7701,PUT,2765875350839578
0,7701,GET,2765875351454176
0,8719,PUT,2765875351379713
0,8719,GET,2765875351454266
0,12565,PUT,2765875351374851
0,12565,GET,2765875351454125
0,8711,PUT,2765875351362743
0,8711,GET,2765875351454326
0,4629,PUT,2765875350828973
0,4629,GET,2765875351454416
0,1287,PUT,2765875350926330
0,1287,GET,2765875351454416
0,13833,PUT,2765875351355747
0,13833,GET,2765875351454727
0,15366,PUT,2765875351379733
0,15366,GET,2765875351454657
0,11281,PUT,2765875351350094
0,11281,GET,2765875351455128
0,9735,PUT,2765875351369549
0,9735,GET,2765875351455198
0,19985,PUT,2765875351404270
0,19985,GET,2765875351455058
0,13061,PUT,2765875351370982
0,13061,GET,2765875351455068
0,16393,PUT,2765875351368507
0,16393,GET,2765875351455228
0,12802,PUT,2765875351394908
0,12802,GET,2765875351455288
0,9749,PUT,2765875351353792
0,9749,GET,2765875351455408
0,3089,PUT,2765875350962253
0,3089,GET,2765875351456291
0,2580,PUT,2765875350804066
0,2580,GET,2765875351455549
0,14355,PUT,2765875351370632
0,14355,GET,2765875351455719
0,11778,PUT,2765875351391119
0,11778,GET,2765875351455689
0,10507,PUT,2765875351370491
0,10507,GET,2765875351455769
0,4113,PUT,2765875350966022
0,4113,GET,2765875351455910
0,8720,PUT,2765875351325396
0,8720,GET,2765875351456020
0,6663,PUT,2765875350945294
0,6663,GET,2765875351456090
0,1543,PUT,2765875350927292
0,1543,GET,2765875351456451
0,15116,PUT,2765875351375794
0,15116,GET,2765875351456491
0,24069,PUT,2765875351435482
0,24069,GET,2765875351456511
0,14352,PUT,2765875351374200
0,14352,GET,2765875351456511
0,9242,PUT,2765875351362683
0,9242,GET,2765875351457102
0,14101,PUT,2765875351392332
0,14101,GET,2765875351457082
0,14597,PUT,2765875351379663
0,14597,GET,2765875351456862
0,10262,PUT,2765875351369910
0,10262,GET,2765875351457052
0,13575,PUT,2765875351397464
0,13575,GET,2765875351456982
0,8721,PUT,2765875351330659
0,8721,GET,2765875351457092
0,6933,PUT,2765875350836701
0,6933,GET,2765875351456992
0,9737,PUT,2765875351325006
0,9737,GET,2765875351457012
0,6153,PUT,2765875350442085
0,6153,GET,2765875351456992
0,16913,PUT,2765875351382780
0,16913,GET,2765875351457573
0,11528,PUT,2765875351353011
0,11528,GET,2765875351457594
0,6165,PUT,2765875350833735
0,6165,GET,2765875351457594
0,16406,PUT,2765875351418102
0,16406,GET,2765875351457543
0,17169,PUT,2765875351388453
0,17169,GET,2765875351457573
0,9223,PUT,2765875351365369
0,9223,GET,2765875351457594
0,11017,PUT,2765875351338607
0,11017,GET,2765875351457804
0,15893,PUT,2765875351405783
0,15893,GET,2765875351457784
0,1299,PUT,2765875350589136
0,1299,GET,2765875351458055
0,13838,PUT,2765875351369319
0,13838,GET,2765875351457974
0,17686,PUT,2765875351427153
0,17686,GET,2765875351458275
0,10496,PUT,2765875351341634
0,10496,GET,2765875351458315
0,14873,PUT,2765875351397203
0,14873,GET,2765875351458496
0,13317,PUT,2765875351371854
0,13317,GET,2765875351458415
0,8209,PUT,2765875350980064
0,8209,GET,2765875351458566
0,12550,PUT,2765875351353812
0,12550,GET,2765875351458686
0,10758,PUT,2765875351341624
0,10758,GET,2765875351458706
0,16396,PUT,2765875351383602
0,16396,GET,2765875351458786
0,16150,PUT,2765875351416047
0,16150,GET,2765875351459007
0,9739,PUT,2765875351364427
0,9739,GET,2765875351458746
0,517,PUT,2765875350853430
0,517,GET,2765875351458947
0,14598,PUT,2765875351376325
0,14598,GET,2765875351458987
0,9479,PUT,2765875351367484
0,9479,GET,2765875351458846
0,10003,PUT,2765875351337855
0,10003,GET,2765875351459017
0,8981,PUT,2765875351348420
0,8981,GET,2765875351459107
0,3586,PUT,2765875350751814
0,3586,GET,2765875351459428
0,13326,PUT,2765875351366672
0,13326,GET,2765875351459448
0,16652,PUT,2765875351384454
0,16652,GET,2765875351459478
0,16649,PUT,2765875351370451
0,16649,GET,2765875351459608
0,512,PUT,2765875351047250
0,512,GET,2765875351459578
0,18700,PUT,2765875351403498
0,18700,GET,2765875351459618
0,3847,PUT,2765875350935170
0,3847,GET,2765875351459638
0,9992,PUT,2765875351339790
0,9992,GET,2765875351459708
0,3349,PUT,2765875350824633
0,3349,GET,2765875351459809
0,12299,PUT,2765875351384033
0,12299,GET,2765875351459698
0,12302,PUT,2765875351357321
0,12302,GET,2765875351459949
0,11790,PUT,2765875351352129
0,11790,GET,2765875351459949
0,3584,PUT,2765875351058597
0,3584,GET,2765875351460149
0,11527,PUT,2765875351377818
0,11527,GET,2765875351459969
0,8473,PUT,2765875351349863
0,8473,GET,2765875351460220
0,20233,PUT,2765875351398607
0,20233,GET,2765875351460410
0,6937,PUT,2765875350720061
0,6937,GET,2765875351460149
0,18192,PUT,2765875351397594
0,18192,GET,2765875351460570
0,13073,PUT,2765875351365690
0,13073,GET,2765875351460500
0,8985,PUT,2765875351352449
0,8985,GET,2765875351460530
0,6941,PUT,2765875350353168
0,6941,GET,2765875351460550
0,12307,PUT,2765875351354063
0,12307,GET,2765875351460891
0,12551,PUT,2765875351389074
0,12551,GET,2765875351460721
0,13843,PUT,2765875351368777
0,13843,GET,2765875351460530
0,10006,PUT,2765875351368807
0,10006,GET,2765875351460601
0,9480,PUT,2765875351333525
0,9480,GET,2765875351461292
0,11015,PUT,2765875351375874
0,11015,GET,2765875351461332
0,14357,PUT,2765875351393204
0,14357,GET,2765875351461122
0,11529,PUT,2765875351340461
0,11529,GET,2765875351461262
0,7700,PUT,2765875350822529
0,7700,GET,2765875351461242
0,20496,PUT,2765875351410685
0,20496,GET,2765875351461132
0,5653,PUT,2765875350831940
0,5653,GET,2765875351461463
0,9744,PUT,2765875351338016
0,9744,GET,2765875351461533
0,10246,PUT,2765875351338447
0,10246,GET,2765875351461463
0,17945,PUT,2765875351424898
0,17945,GET,2765875351461503
0,10764,PUT,2765875351340221
0,10764,GET,2765875351461653
0,10245,PUT,2765875351346546
0,10245,GET,2765875351461863
0,15123,PUT,2765875351377157
0,15123,GET,2765875351461793
0,11788,PUT,2765875351344962
0,11788,GET,2765875351461894
0,16656,PUT,2765875351385907
0,16656,GET,2765875351462154
0,9728,PUT,2765875351338437
0,9728,GET,2765875351462174
0,14599,PUT,2765875351406745
0,14599,GET,2765875351462475
0,10249,PUT,2765875351330729
0,10249,GET,2765875351462304
0,9998,PUT,2765875351341033
0,9998,GET,2765875351462264
0,20741,PUT,2765875351417581
0,20741,GET,2765875351462214
0,12822,PUT,2765875351385857
0,12822,GET,2765875351462515
0,8977,PUT,2765875351332613
0,8977,GET,2765875351462505
0,13329,PUT,2765875351367564
0,13329,GET,2765875351462515
0,10498,PUT,2765875351380053
0,10498,GET,2765875351462776
0,11781,PUT,2765875351361220
0,11781,GET,2765875351462996
0,11539,PUT,2765875351346004
0,11539,GET,2765875351462896
0,20240,PUT,2765875351406455
0,20240,GET,2765875351462846
0,2837,PUT,2765875350822990
0,2837,GET,2765875351463567
0,10777,PUT,2765875351364257
0,10777,GET,2765875351463116
0,11278,PUT,2765875351350535
0,11278,GET,2765875351463237
0,13075,PUT,2765875351362102
0,13075,GET,2765875351463497
0,15104,PUT,2765875351382409
0,15104,GET,2765875351463497
0,13056,PUT,2765875351368346
0,13056,GET,2765875351463628
0,15897,PUT,2765875351406314
0,15897,GET,2765875351463507
0,11033,PUT,2765875351365129
0,11033,GET,2765875351463517
0,4608,PUT,2765875351062456
0,4608,GET,2765875351463838
0,16405,PUT,2765875351407577
0,16405,GET,2765875351463928
0,14341,PUT,2765875351377788
0,14341,GET,2765875351463908
0,9493,PUT,2765875351352509
0,9493,GET,2765875351464018
0,2304,PUT,2765875351054016
0,2304,GET,2765875351463848
0,12304,PUT,2765875351362753
0,12304,GET,2765875351464008
0,19723,PUT,2765875351442308
0,19723,GET,2765875351464038
0,10521,PUT,2765875351363214
0,10521,GET,2765875351464449
0,10771,PUT,2765875351342977
0,10771,GET,2765875351464379
0,14617,PUT,2765875351396181
0,14617,GET,2765875351464480
0,9986,PUT,2765875351376846
0,9986,GET,2765875351464510
0,12057,PUT,2765875351369028
0,12057,GET,2765875351464620
0,12039,PUT,2765875351382629
0,12039,GET,2765875351464660
0,8470,PUT,2765875351350615
0,8470,GET,2765875351464790
0,11266,PUT,2765875351387210
0,11266,GET,2765875351465071
0,25361,PUT,2765875351432235
0,25361,GET,2765875351465021
0,15881,PUT,2765875351366773
0,15881,GET,2765875351464901
0,8705,PUT,2765875351333946
0,8705,GET,2765875351465261
0,18193,PUT,2765875351393765
0,18193,GET,2765875351465231
0,16647,PUT,2765875351424166
0,16647,GET,2765875351465161
0,8709,PUT,2765875351329045
0,8709,GET,2765875351465121
0,13576,PUT,2765875351377217
0,13576,GET,2765875351465442
0,13830,PUT,2765875351369479
0,13830,GET,2765875351465462
0,10504,PUT,2765875351347247
0,10504,GET,2765875351465402
0,13589,PUT,2765875351382940
0,13589,GET,2765875351465281
0,18944,PUT,2765875351417220
0,18944,GET,2765875351465662
0,17161,PUT,2765875351377568
0,17161,GET,2765875351465752
0,9750,PUT,2765875351364277
0,9750,GET,2765875351465833
0,16915,PUT,2765875351391510
0,16915,GET,2765875351466053
0,11009,PUT,2765875351356840
0,11009,GET,2765875351465993
0,8960,PUT,2765875351323552
0,8960,GET,2765875351466053
0,17424,PUT,2765875351390458
0,17424,GET,2765875351466224
0,14867,PUT,2765875351375322
0,14867,GET,2765875351466204
0,6656,PUT,2765875351069863
0,6656,GET,2765875351466304
0,16136,PUT,2765875351392412
0,16136,GET,2765875351466304
0,5393,PUT,2765875350970562
0,5393,GET,2765875351466163
0,11264,PUT,2765875351346566
0,11264,GET,2765875351466354
0,13063,PUT,2765875351393725
0,13063,GET,2765875351466204
0,13070,PUT,2765875351365710
0,13070,GET,2765875351466635
0,14362,PUT,2765875351407617
0,14362,GET,2765875351466534
0,12544,PUT,2765875351362463
0,12544,GET,2765875351466635
0,6914,PUT,2765875350764193
0,6914,GET,2765875351466805
0,4865,PUT,2765875350552361
0,4865,GET,2765875351466635
0,8976,PUT,2765875351328774
0,8976,GET,2765875351467086
0,15126,PUT,2765875351404550
0,15126,GET,2765875351466835
0,7691,PUT,2765875350787668
0,7691,GET,2765875351466955
0,8704,PUT,2765875351320094
0,8704,GET,2765875351467156
0,14089,PUT,2765875351356819
0,14089,GET,2765875351467076
0,5908,PUT,2765875350816444
0,5908,GET,2765875351467015
0,18438,PUT,2765875351397494
0,18438,GET,2765875351467156
0,6151,PUT,2765875350943449
0,6151,GET,2765875351467146
0,9993,PUT,2765875351329887
0,9993,GET,2765875351467336
0,9498,PUT,2765875351364838
0,9498,GET,2765875351467176
0,22289,PUT,2765875351414133
0,22289,GET,2765875351467226
0,9991,PUT,2765875351370471
0,9991,GET,2765875351467126
0,17152,PUT,2765875351405252
0,17152,GET,2765875351467446
0,17681,PUT,2765875351391169
0,17681,GET,2765875351467166
0,14085,PUT,2765875351375884
0,14085,GET,2765875351467346
0,15891,PUT,2765875351380996
0,15891,GET,2765875351467346
0,13058,PUT,2765875351395830
0,13058,GET,2765875351467547
0,16648,PUT,2765875351397935
0,16648,GET,2765875351467717
0,17934,PUT,2765875351400541
0,17934,GET,2765875351467807
0,2311,PUT,2765875350930008
0,2311,GET,2765875351467677
0,10254,PUT,2765875351342105
0,10254,GET,2765875351467597
0,18184,PUT,2765875351406154
0,18184,GET,2765875351467747
0,10001,PUT,2765875351337956
0,10001,GET,2765875351467887
0,15121,PUT,2765875351375733
0,15121,GET,2765875351467887
0,8722,PUT,2765875351432636
0,8722,GET,2765875351467948
0,16133,PUT,2765875351388353
0,16133,GET,2765875351467897
0,19718,PUT,2765875351407868
0,19718,GET,2765875351468068
0,20742,PUT,2765875351412609
0,20742,GET,2765875351468108
0,7445,PUT,2765875350838696
0,7445,GET,2765875351468399
0,15109,PUT,2765875351383552
0,15109,GET,2765875351468238
0,11542,PUT,2765875351380715
0,11542,GET,2765875351468719
0,11275,PUT,2765875351376776
0,11275,GET,2765875351468409
0,13574,PUT,2765875351366131
0,13574,GET,2765875351468519
0,8967,PUT,2765875351363786
0,8967,GET,2765875351468519
0,15635,PUT,2765875351380094
0,15635,GET,2765875351468910
0,8965,PUT,2765875351330027
0,8965,GET,2765875351468860
0,11777,PUT,2765875351368456
0,11777,GET,2765875351469000
0,18953,PUT,2765875351389455
0,18953,GET,2765875351468780
0,15371,PUT,2765875351402325
0,15371,GET,2765875351468749
0,11280,PUT,2765875351353702
0,11280,GET,2765875351468900
0,11795,PUT,2765875351347027
0,11795,GET,2765875351468930
0,12048,PUT,2765875351358624
0,12048,GET,2765875351468950
0,16130,PUT,2765875351414894
0,16130,GET,2765875351469060
0,6420,PUT,2765875350818249
0,6420,GET,2765875351469200
0,14853,PUT,2765875351382569
0,14853,GET,2765875351469170
0,11784,PUT,2765875351353883
0,11784,GET,2765875351469110
0,14358,PUT,2765875351395519
0,14358,GET,2765875351469401
0,16917,PUT,2765875351409742
0,16917,GET,2765875351469341
0,11025,PUT,2765875351341584
0,11025,GET,2765875351469421
0,10512,PUT,2765875351344070
0,10512,GET,2765875351469672
0,11783,PUT,2765875351379642
0,11783,GET,2765875351469662
0,8463,PUT,2765875351377257
0,8463,GET,2765875351469702
0,14338,PUT,2765875351402866
0,14338,GET,2765875351469852
0,14342,PUT,2765875351371193
0,14342,GET,2765875351470022
0,2330,PUT,2765875350677933
0,2330,GET,2765875351469872
0,17925,PUT,2765875351397955
0,17925,GET,2765875351469762
0,4368,PUT,2765875350376924
0,4368,GET,2765875351469912
0,7185,PUT,2765875350976737
0,7185,GET,2765875351469952
0,18965,PUT,2765875351421099
0,18965,GET,2765875351470073
0,9218,PUT,2765875351371463
0,9218,GET,2765875351470103
0,19721,PUT,2765875351396782
0,19721,GET,2765875351470263
0,15113,PUT,2765875351364157
0,15113,GET,2765875351470233
0,17941,PUT,2765875351413401
0,17941,GET,2765875351470433
0,10766,PUT,2765875351345343
0,10766,GET,2765875351470524
0,6145,PUT,2765875350557062
0,6145,GET,2765875351470473
0,12044,PUT,2765875351345864
0,12044,GET,2765875351470804
0,17414,PUT,2765875351388523
0,17414,GET,2765875351470884
0,1280,PUT,2765875351050257
0,1280,GET,2765875351470864
0,5377,PUT,2765875350554346
0,5377,GET,2765875351470824
0,11290,PUT,2765875351381417
0,11290,GET,2765875351470754
0,12303,PUT,2765875351404871
0,12303,GET,2765875351471025
0,17427,PUT,2765875351397554
0,17427,GET,2765875351470985
0,8199,PUT,2765875350951358
0,8199,GET,2765875351471015
0,8455,PUT,2765875351360468
0,8455,GET,2765875351471135
0,13580,PUT,2765875351356368
0,13580,GET,2765875351471055
0,10759,PUT,2765875351375122
0,10759,GET,2765875351471205
0,14614,PUT,2765875351398867
0,14614,GET,2765875351471376
0,10501,PUT,2765875351348761
0,10501,GET,2765875351471496
0,17676,PUT,2765875351394176
0,17676,GET,2765875351471496
0,12825,PUT,2765875351372185
0,12825,GET,2765875351471706
0,20748,PUT,2765875351422302
0,20748,GET,2765875351471827
0,12566,PUT,2765875351384784
0,12566,GET,2765875351471827
0,15111,PUT,2765875351414904
0,15111,GET,2765875351471827
0,18704,PUT,2765875351400351
0,18704,GET,2765875351471867
0,22021,PUT,2765875351425960
0,22021,GET,2765875351471937
0,10761,PUT,2765875351336683
0,10761,GET,2765875351471957
0,23308,PUT,2765875351432385
0,23308,GET,2765875351472638
0,12032,PUT,2765875351356058
0,12032,GET,2765875351472187
0,1558,PUT,2765875350888572
0,1558,GET,2765875351472157
0,23052,PUT,2765875351431513
0,23052,GET,2765875351472288
0,13068,PUT,2765875351351657
0,13068,GET,2765875351472368
0,16905,PUT,2765875351374741
0,16905,GET,2765875351472117
0,16409,PUT,2765875351408770
0,16409,GET,2765875351472458
0,9241,PUT,2765875351353361
0,9241,GET,2765875351472488
0,15630,PUT,2765875351382730
0,15630,GET,2765875351472638
0,11272,PUT,2765875351352239
0,11272,GET,2765875351472889
0,8459,PUT,2765875351354985
0,8459,GET,2765875351472859
0,11273,PUT,2765875351339439
0,11273,GET,2765875351472839
0,10255,PUT,2765875351389385
0,10255,GET,2765875351472939
0,17416,PUT,2765875351400651
0,17416,GET,2765875351473049
0,9995,PUT,2765875351367284
0,9995,GET,2765875351473110
0,12819,PUT,2765875351360388
0,12819,GET,2765875351472999
0,12809,PUT,2765875351350986
0,12809,GET,2765875351473150
0,4101,PUT,2765875350865889
0,4101,GET,2765875351473360
0,19979,PUT,2765875351446919
0,19979,GET,2765875351473240
0,16651,PUT,2765875351412028
0,16651,GET,2765875351473280
0,9999,PUT,2765875351388453
0,9999,GET,2765875351473270
0,13082,PUT,2765875351395529
0,13082,GET,2765875351473400
0,13849,PUT,2765875351383261
0,13849,GET,2765875351473611
0,23301,PUT,2765875351431884
0,23301,GET,2765875351473731
0,18950,PUT,2765875351403678
0,18950,GET,2765875351473831
0,22545,PUT,2765875351417510
0,22545,GET,2765875351473972
0,18702,PUT,2765875351415776
0,18702,GET,2765875351473801
0,21257,PUT,2765875351405493
0,21257,GET,2765875351473801
0,7442,PUT,2765875350593807
0,7442,GET,2765875351473831
0,14604,PUT,2765875351373729
0,14604,GET,2765875351474002
0,13057,PUT,2765875351389956
0,13057,GET,2765875351474282
0,7168,PUT,2765875351071797
0,7168,GET,2765875351474162
0,8972,PUT,2765875351324214
0,8972,GET,2765875351474282
0,14086,PUT,2765875351370331
0,14086,GET,2765875351474373
0,24325,PUT,2765875351437397
0,24325,GET,2765875351474302
0,18195,PUT,2765875351409301
0,18195,GET,2765875351474352
0,9990,PUT,2765875351337364
0,9990,GET,2765875351474453
0,12047,PUT,2765875351404029
0,12047,GET,2765875351474713
0,17685,PUT,2765875351412429
0,17685,GET,2765875351474663
0,14850,PUT,2765875351405913
0,14850,GET,2765875351474563
0,13593,PUT,2765875351380484
0,13593,GET,2765875351474633
0,5376,PUT,2765875351065292
0,5376,GET,2765875351474653
0,17422,PUT,2765875351397835
0,17422,GET,2765875351474864
0,16153,PUT,2765875351407136
0,16153,GET,2765875351474804
0,8713,PUT,2765875351319062
0,8713,GET,2765875351474914
0,19461,PUT,2765875351412779
0,19461,GET,2765875351474844
0,519,PUT,2765875350923463
0,519,GET,2765875351474934
0,14353,PUT,2765875351371012
0,14353,GET,2765875351474964
0,18955,PUT,2765875351437517
0,18955,GET,2765875351475094
0,13324,PUT,2765875351353642
0,13324,GET,2765875351475355
0,14607,PUT,2765875351420858
0,14607,GET,2765875351475144
0,11013,PUT,2765875351354193
0,11013,GET,2765875351475315
0,4369,PUT,2765875350966994
0,4369,GET,2765875351475295
0,10266,PUT,2765875351374320
0,10266,GET,2765875351475405
0,24332,PUT,2765875351438970
0,24332,GET,2765875351475305
0,14088,PUT,2765875351380023
0,14088,GET,2765875351475405
0,14856,PUT,2765875351382499
0,14856,GET,2765875351475505
0,10265,PUT,2765875351362142
0,10265,GET,2765875351475395
0,16398,PUT,2765875351391139
0,16398,GET,2765875351475575
0,13318,PUT,2765875351361791
0,13318,GET,2765875351475615
0,12314,PUT,2765875351387390
0,12314,GET,2765875351475716
0,24841,PUT,2765875351436003
0,24841,GET,2765875351475686
0,11024,PUT,2765875351352740
0,11024,GET,2765875351475686
0,24837,PUT,2765875351442308
0,24837,GET,2765875351475776
0,13582,PUT,2765875351367524
0,13582,GET,2765875351475746
0,10497,PUT,2765875351351457
0,10497,GET,2765875351476056
0,17670,PUT,2765875351389455
0,17670,GET,2765875351476006
0,11520,PUT,2765875351348049
0,11520,GET,2765875351476277
0,14094,PUT,2765875351370291
0,14094,GET,2765875351476457
0,13331,PUT,2765875351365139
0,13331,GET,2765875351476427
0,13328,PUT,2765875351368376
0,13328,GET,2765875351476517
0,15878,PUT,2765875351381296
0,15878,GET,2765875351476628
0,18970,PUT,2765875351440965
0,18970,GET,2765875351476778
0,12053,PUT,2765875351371874
0,12053,GET,2765875351476638
0,21265,PUT,2765875351410685
0,21265,GET,2765875351476808
0,23048,PUT,2765875351437607
0,23048,GET,2765875351476778
0,17683,PUT,2765875351398436
0,17683,GET,2765875351476588
0,22533,PUT,2765875351428696
0,22533,GET,2765875351476688
0,11793,PUT,2765875351356168
0,11793,GET,2765875351476999
0,16657,PUT,2765875351381928
0,16657,GET,2765875351477009
0,17177,PUT,2765875351421009
0,17177,GET,2765875351477089
0,15872,PUT,2765875351394096
0,15872,GET,2765875351477410
0,15632,PUT,2765875351379913
0,15632,GET,2765875351476959
0,18444,PUT,2765875351400772
0,18444,GET,2765875351477309
0,11026,PUT,2765875351446448
0,11026,GET,2765875351477299
0,13312,PUT,2765875351373208
0,13312,GET,2765875351477359
0,12296,PUT,2765875351357591
0,12296,GET,2765875351477369
0,13323,PUT,2765875351391059
0,13323,GET,2765875351477520
0,18699,PUT,2765875351436645
0,18699,GET,2765875351477500
0,6155,PUT,2765875350782405
0,6155,GET,2765875351477460
0,16391,PUT,2765875351422282
0,16391,GET,2765875351477610
0,18949,PUT,2765875351408991
0,18949,GET,2765875351477550
0,15368,PUT,2765875351385967
0,15368,GET,2765875351477580
0,10242,PUT,2765875351379011
0,10242,GET,2765875351477610
0,9747,PUT,2765875351336833
0,9747,GET,2765875351477660
0,12289,PUT,2765875351375994
0,12289,GET,2765875351477740
0,25605,PUT,2765875351447771
0,25605,GET,2765875351477861
0,14859,PUT,2765875351399609
0,14859,GET,2765875351477841
0,17673,PUT,2765875351379492
0,17673,GET,2765875351478051
0,14854,PUT,2765875351377157
0,14854,GET,2765875351477931
0,19731,PUT,2765875351420016
0,19731,GET,2765875351477961
0,12288,PUT,2765875351360568
0,12288,GET,2765875351478001
0,21274,PUT,2765875351453334
0,21274,GET,2765875351478061
0,13338,PUT,2765875351396612
0,13338,GET,2765875351477921
0,8465,PUT,2765875351328033
0,8465,GET,2765875351478512
0,19728,PUT,2765875351404741
0,19728,GET,2765875351478302
0,12561,PUT,2765875351363034
0,12561,GET,2765875351478462
0,18710,PUT,2765875351438800
0,18710,GET,2765875351478372
0,15377,PUT,2765875351376585
0,15377,GET,2765875351478492
0,10753,PUT,2765875351355486
0,10753,GET,2765875351478452
0,1541,PUT,2765875350856848
0,1541,GET,2765875351478803
0,17425,PUT,2765875351389325
0,17425,GET,2765875351478743
0,19475,PUT,2765875351418122
0,19475,GET,2765875351478973
0,17920,PUT,2765875351412038
0,17920,GET,2765875351478853
0,18181,PUT,2765875351398947
0,18181,GET,2765875351479023
0,23312,PUT,2765875351431844
0,23312,GET,2765875351478913
0,8457,PUT,2765875351313529
0,8457,GET,2765875351479184
0,9754,PUT,2765875351370070
0,9754,GET,2765875351479254
0,8975,PUT,2765875351380585
0,8975,GET,2765875351479394
0,13841,PUT,2765875351369198
0,13841,GET,2765875351479414
0,11535,PUT,2765875351399378
0,11535,GET,2765875351479224
0,19974,PUT,2765875351408750
0,19974,GET,2765875351479474
0,13590,PUT,2765875351391590
0,13590,GET,2765875351479394
0,18694,PUT,2765875351401834
0,18694,GET,2765875351479444
0,21768,PUT,2765875351432515
0,21768,GET,2765875351479404
0,12556,PUT,2765875351348681
0,12556,GET,2765875351479545
0,13577,PUT,2765875351353742
0,13577,GET,2765875351479825
0,13584,PUT,2765875351371463
0,13584,GET,2765875351479695
0,17417,PUT,2765875351378520
0,17417,GET,2765875351479795
0,9730,PUT,2765875351373598
0,9730,GET,2765875351479925
0,11034,PUT,2765875351380454
0,11034,GET,2765875351479845
0,17669,PUT,2765875351396963
0,17669,GET,2765875351480006
0,16661,PUT,2765875351408660
0,16661,GET,2765875351479915
0,17160,PUT,2765875351399869
0,17160,GET,2765875351480136
0,20752,PUT,2765875351412218
0,20752,GET,2765875351480076
0,17167,PUT,2765875351433407
0,17167,GET,2765875351480186
0,9497,PUT,2765875351354344
0,9497,GET,2765875351480136
0,22544,PUT,2765875351424617
0,22544,GET,2765875351480306
0,10754,PUT,2765875351382289
0,10754,GET,2765875351480336
0,23057,PUT,2765875351421169
0,23057,GET,2765875351480477
0,12821,PUT,2765875351376846
0,12821,GET,2765875351480366
0,11286,PUT,2765875351377477
0,11286,GET,2765875351480386
0,18709,PUT,2765875351420016
0,18709,GET,2765875351480336
0,14105,PUT,2765875351384283
0,14105,GET,2765875351480346
0,14097,PUT,2765875351370050
0,14097,GET,2765875351480577
0,16662,PUT,2765875351419064
0,16662,GET,2765875351480467
0,18183,PUT,2765875351433387
0,18183,GET,2765875351480617
0,12290,PUT,2765875351392993
0,12290,GET,2765875351480687
0,14102,PUT,2765875351394527
0,14102,GET,2765875351480527
0,21513,PUT,2765875351408058
0,21513,GET,2765875351480817
0,17680,PUT,2765875351393254
0,17680,GET,2765875351480717
0,27909,PUT,2765875351468950
0,27909,GET,2765875351481148
0,18458,PUT,2765875351436414
0,18458,GET,2765875351480908
0,12058,PUT,2765875351384183
0,12058,GET,2765875351480988
0,16646,PUT,2765875351384975
0,16646,GET,2765875351481148
0,15631,PUT,2765875351427193
0,15631,GET,2765875351481279
0,10763,PUT,2765875351371443
0,10763,GET,2765875351481198
0,16147,PUT,2765875351382810
0,16147,GET,2765875351481289
0,12816,PUT,2765875351366502
0,12816,GET,2765875351481289
0,14606,PUT,2765875351373268
0,14606,GET,2765875351481379
0,16143,PUT,2765875351429899
0,16143,GET,2765875351481810
0,10773,PUT,2765875351362683
0,10773,GET,2765875351481750
0,12801,PUT,2765875351382680
0,12801,GET,2765875351481659
0,17157,PUT,2765875351394146
0,17157,GET,2765875351481639
0,21264,PUT,2765875351416909
0,21264,GET,2765875351481730
0,18963,PUT,2765875351416237
0,18963,GET,2765875351481890
0,16908,PUT,2765875351387421
0,16908,GET,2765875351482010
0,12800,PUT,2765875351363575
0,12800,GET,2765875351481990
0,22293,PUT,2765875351438299
0,22293,GET,2765875351481860
0,15642,PUT,2765875351417200
0,15642,GET,2765875351482040
0,16145,PUT,2765875351380114
0,16145,GET,2765875351482161
0,19212,PUT,2765875351406465
0,19212,GET,2765875351482401
0,9743,PUT,2765875351386518
0,9743,GET,2765875351482231
0,10508,PUT,2765875351339168
0,10508,GET,2765875351482271
0,6912,PUT,2765875351070805
0,6912,GET,2765875351482281
0,11546,PUT,2765875351382429
0,11546,GET,2765875351482211
0,17433,PUT,2765875351422021
0,17433,GET,2765875351482501
0,14609,PUT,2765875351371874
0,14609,GET,2765875351482361
0,15616,PUT,2765875351385235
0,15616,GET,2765875351482541
0,19987,PUT,2765875351420968
0,19987,GET,2765875351482451
0,11008,PUT,2765875351345483
0,11008,GET,2765875351482572
0,15622,PUT,2765875351380565
0,15622,GET,2765875351482762
0,14593,PUT,2765875351406164
0,14593,GET,2765875351482712
0,15120,PUT,2765875351377367
0,15120,GET,2765875351483093
0,23049,PUT,2765875351425399
0,23049,GET,2765875351482952
0,14870,PUT,2765875351403558
0,14870,GET,2765875351483053
0,15372,PUT,2765875351377708
0,15372,GET,2765875351483133
0,11787,PUT,2765875351379783
0,11787,GET,2765875351483203
0,19208,PUT,2765875351413451
0,19208,GET,2765875351483353
0,13832,PUT,2765875351378199
0,13832,GET,2765875351483273
0,1814,PUT,2765875350889384
0,1814,GET,2765875351483113
0,18958,PUT,2765875351416628
0,18958,GET,2765875351483454
0,17928,PUT,2765875351403277
0,17928,GET,2765875351483584
0,16640,PUT,2765875351402917
0,16640,GET,2765875351483514
0,18437,PUT,2765875351405062
0,18437,GET,2765875351483604
0,15125,PUT,2765875351400140
0,15125,GET,2765875351483674
0,19477,PUT,2765875351424898
0,19477,GET,2765875351483744
0,19216,PUT,2765875351402927
0,19216,GET,2765875351483644
0,22550,PUT,2765875351463447
0,22550,GET,2765875351483764
0,16384,PUT,2765875351397634
0,16384,GET,2765875351483794
0,21525,PUT,2765875351434771
0,21525,GET,2765875351484336
0,30729,PUT,2765875351467236
0,30729,GET,2765875351483905
0,9736,PUT,2765875351338116
0,9736,GET,2765875351484005
0,17168,PUT,2765875351389586
0,17168,GET,2765875351483925
0,14087,PUT,2765875351405072
0,14087,GET,2765875351484005
0,19984,PUT,2765875351405623
0,19984,GET,2765875351484075
0,10004,PUT,2765875351445536
0,10004,GET,2765875351484225
0,18697,PUT,2765875351385917
0,18697,GET,2765875351484225
0,11791,PUT,2765875351403358
0,11791,GET,2765875351484286
0,18197,PUT,2765875351414353
0,18197,GET,2765875351484406
0,23561,PUT,2765875351428045
0,23561,GET,2765875351484536
0,21510,PUT,2765875351417821
0,21510,GET,2765875351484616
0,13337,PUT,2765875351375272
0,13337,GET,2765875351484666
0,23825,PUT,2765875351423995
0,23825,GET,2765875351484727
0,19205,PUT,2765875351411877
0,19205,GET,2765875351484797
0,17413,PUT,2765875351396000
0,17413,GET,2765875351484837
0,15379,PUT,2765875351379151
0,15379,GET,2765875351484967
0,23046,PUT,2765875351432385
0,23046,GET,2765875351485228
0,14601,PUT,2765875351360498
0,14601,GET,2765875351485057
0,16910,PUT,2765875351393886
0,16910,GET,2765875351485087
0,15386,PUT,2765875351415175
0,15386,GET,2765875351485017
0,14869,PUT,2765875351397203
0,14869,GET,2765875351485468
0,22041,PUT,2765875351447039
0,22041,GET,2765875351485268
0,26376,PUT,2765875351463978
0,26376,GET,2765875351485428
0,15879,PUT,2765875351420598
0,15879,GET,2765875351485388
0,13845,PUT,2765875351391269
0,13845,GET,2765875351485488
0,16390,PUT,2765875351383942
0,16390,GET,2765875351485518
0,17164,PUT,2765875351388293
0,17164,GET,2765875351485769
0,18187,PUT,2765875351427223
0,18187,GET,2765875351485548
0,20243,PUT,2765875351421861
0,20243,GET,2765875351485889
0,11030,PUT,2765875351375322
0,11030,GET,2765875351485789
0,16128,PUT,2765875351395289
0,16128,GET,2765875351485949
0,23302,PUT,2765875351433147
0,23302,GET,2765875351486060
0,12570,PUT,2765875351389345
0,12570,GET,2765875351486210
0,19222,PUT,2765875351440684
0,19222,GET,2765875351486090
0,13333,PUT,2765875351381998
0,13333,GET,2765875351486441
0,14336,PUT,2765875351378881
0,14336,GET,2765875351486370
0,21504,PUT,2765875351448553
0,21504,GET,2765875351486541
0,14865,PUT,2765875351373789
0,14865,GET,2765875351486390
0,13570,PUT,2765875351397845
0,13570,GET,2765875351486400
0,13826,PUT,2765875351398857
0,13826,GET,2765875351486641
0,19209,PUT,2765875351392131
0,19209,GET,2765875351486621
0,18185,PUT,2765875351381186
0,18185,GET,2765875351486851
0,20499,PUT,2765875351423965
0,20499,GET,2765875351486651
0,12807,PUT,2765875351389766
0,12807,GET,2765875351486811
0,15888,PUT,2765875351381427
0,15888,GET,2765875351486831
0,12034,PUT,2765875351392192
0,12034,GET,2765875351486801
0,19462,PUT,2765875351406355
0,19462,GET,2765875351486922
0,8471,PUT,2765875351449334
0,8471,GET,2765875351486942
0,2838,PUT,2765875350893273
0,2838,GET,2765875351486942
0,10247,PUT,2765875351372396
0,10247,GET,2765875351487142
0,23557,PUT,2765875351433658
0,23557,GET,2765875351487162
0,18946,PUT,2765875351443280
0,18946,GET,2765875351486972
0,20506,PUT,2765875351450597
0,20506,GET,2765875351487272
0,21772,PUT,2765875351425699
0,21772,GET,2765875351487343
0,15381,PUT,2765875351401904
0,15381,GET,2765875351487503
0,8962,PUT,2765875351370501
0,8962,GET,2765875351487353
0,15115,PUT,2765875351401493
0,15115,GET,2765875351487513
0,15624,PUT,2765875351389746
0,15624,GET,2765875351487563
0,17173,PUT,2765875351410685
0,17173,GET,2765875351487523
0,17159,PUT,2765875351426110
0,17159,GET,2765875351487533
0,15110,PUT,2765875351377838
0,15110,GET,2765875351487734
0,17672,PUT,2765875351401493
0,17672,GET,2765875351487673
0,19734,PUT,2765875351444433
0,19734,GET,2765875351487844
0,19456,PUT,2765875351426752
0,19456,GET,2765875351487854
0,15883,PUT,2765875351407487
0,15883,GET,2765875351487864
0,13081,PUT,2765875351373037
0,13081,GET,2765875351487994
0,14874,PUT,2765875351413531
0,14874,GET,2765875351488195
0,11020,PUT,2765875351341183
0,11020,GET,2765875351488074
0,18693,PUT,2765875351407978
0,18693,GET,2765875351488185
0,9473,PUT,2765875351343388
0,9473,GET,2765875351488185
0,20745,PUT,2765875351401183
0,20745,GET,2765875351488235
0,18448,PUT,2765875351399499
0,18448,GET,2765875351488455
0,22553,PUT,2765875351451359
0,22553,GET,2765875351488555
0,19468,PUT,2765875351407417
0,19468,GET,2765875351488485
0,22025,PUT,2765875351414173
0,22025,GET,2765875351488515
0,23817,PUT,2765875351428867
0,23817,GET,2765875351488596
0,22536,PUT,2765875351435933
0,22536,GET,2765875351488606
0,16896,PUT,2765875351404149
0,16896,GET,2765875351488646
0,19214,PUT,2765875351417470
0,19214,GET,2765875351488796
0,18188,PUT,2765875351399930
0,18188,GET,2765875351488876
0,12806,PUT,2765875351359997
0,12806,GET,2765875351488966
0,19465,PUT,2765875351394978
0,19465,GET,2765875351488956
0,16912,PUT,2765875351386789
0,16912,GET,2765875351488956
0,15618,PUT,2765875351412890
0,15618,GET,2765875351489097
0,16921,PUT,2765875351420006
0,16921,GET,2765875351489157
0,24328,PUT,2765875351451670
0,24328,GET,2765875351489347
0,20241,PUT,2765875351405162
0,20241,GET,2765875351489397
0,19726,PUT,2765875351422151
0,19726,GET,2765875351489427
0,10241,PUT,2765875351350004
0,10241,GET,2765875351489468
0,17429,PUT,2765875351411637
0,17429,GET,2765875351489468
0,16902,PUT,2765875351386699
0,16902,GET,2765875351489468
0,22024,PUT,2765875351433397
0,22024,GET,2765875351489508
0,21248,PUT,2765875351447420
0,21248,GET,2765875351489618
0,20236,PUT,2765875351417621
0,20236,GET,2765875351489598
0,22277,PUT,2765875351427844
0,22277,GET,2765875351489648
0,14343,PUT,2765875351405954
0,14343,GET,2765875351489838
0,14344,PUT,2765875351380785
0,14344,GET,2765875351489688
0,23313,PUT,2765875351422081
0,23313,GET,2765875351489628
0,20501,PUT,2765875351430912
0,20501,GET,2765875351489788
0,12293,PUT,2765875351364006
0,12293,GET,2765875351489728
0,12294,PUT,2765875351352048
0,12294,GET,2765875351489899
0,14611,PUT,2765875351374551
0,14611,GET,2765875351489818
0,21014,PUT,2765875351455990
0,21014,GET,2765875351489808
0,13065,PUT,2765875351352048
0,13065,GET,2765875351490079
0,15887,PUT,2765875351429047
0,15887,GET,2765875351489959
0,15106,PUT,2765875351406665
0,15106,GET,2765875351490159
0,12817,PUT,2765875351363866
0,12817,GET,2765875351490390
0,27153,PUT,2765875351443621
0,27153,GET,2765875351490390
0,10002,PUT,2765875351439111
0,10002,GET,2765875351490700
0,26124,PUT,2765875351457874
0,26124,GET,2765875351490660
0,13579,PUT,2765875351395108
0,13579,GET,2765875351490580
0,14603,PUT,2765875351398597
0,14603,GET,2765875351490730
0,18434,PUT,2765875351438309
0,18434,GET,2765875351491111
0,17419,PUT,2765875351420638
0,17419,GET,2765875351491001
0,16901,PUT,2765875351393184
0,16901,GET,2765875351490881
0,20485,PUT,2765875351416538
0,20485,GET,2765875351491161
0,15633,PUT,2765875351377317
0,15633,GET,2765875351491232
0,26377,PUT,2765875351443992
0,26377,GET,2765875351491412
0,15894,PUT,2765875351412940
0,15894,GET,2765875351491492
0,13314,PUT,2765875351396993
0,13314,GET,2765875351491542
0,10774,PUT,2765875351371945
0,10774,GET,2765875351491603
0,15641,PUT,2765875351402295
0,15641,GET,2765875351491633
0,16922,PUT,2765875351422883
0,16922,GET,2765875351491663
0,9985,PUT,2765875351347357
0,9985,GET,2765875351491803
0,17158,PUT,2765875351387691
0,17158,GET,2765875351492094
0,17671,PUT,2765875351428737
0,17671,GET,2765875351492234
0,11525,PUT,2765875351360308
0,11525,GET,2765875351492104
0,16654,PUT,2765875351391991
0,16654,GET,2765875351492274
0,21001,PUT,2765875351401954
0,21001,GET,2765875351492184
0,23564,PUT,2765875351434199
0,23564,GET,2765875351492324
0,17154,PUT,2765875351429508
0,17154,GET,2765875351492354
0,18951,PUT,2765875351439101
0,18951,GET,2765875351492204
0,20250,PUT,2765875351446578
0,20250,GET,2765875351492284
0,18966,PUT,2765875351439812
0,18966,GET,2765875351492284
0,18961,PUT,2765875351397303
0,18961,GET,2765875351492535
0,14081,PUT,2765875351403638
0,14081,GET,2765875351492525
0,13846,PUT,2765875351392663
0,13846,GET,2765875351492555
0,17939,PUT,2765875351406435
0,17939,GET,2765875351492575
0,19470,PUT,2765875351418302
0,19470,GET,2765875351492855
0,16142,PUT,2765875351390177
0,16142,GET,2765875351492946
0,17415,PUT,2765875351426942
0,17415,GET,2765875351493146
0,15880,PUT,2765875351390608
0,15880,GET,2765875351493216
0,20750,PUT,2765875351432575
0,20750,GET,2765875351493156
0,9234,PUT,2765875351434450
0,9234,GET,2765875351493256
0,15621,PUT,2765875351386589
0,15621,GET,2765875351493457
0,21254,PUT,2765875351417089
0,21254,GET,2765875351493427
0,19221,PUT,2765875351421941
0,19221,GET,2765875351493387
0,20249,PUT,2765875351437116
0,20249,GET,2765875351494128
0,18451,PUT,2765875351412519
0,18451,GET,2765875351493597
0,21769,PUT,2765875351413361
0,21769,GET,2765875351493717
0,14592,PUT,2765875351379983
0,14592,GET,2765875351493798
0,15375,PUT,2765875351425168
0,15375,GET,2765875351493918
0,13071,PUT,2765875351412409
0,13071,GET,2765875351493848
0,17408,PUT,2765875351409793
0,17408,GET,2765875351493838
0,14600,PUT,2765875351381647
0,14600,GET,2765875351493888
0,14594,PUT,2765875351404941
0,14594,GET,2765875351494048
0,19717,PUT,2765875351413722
0,19717,GET,2765875351494078
0,21779,PUT,2765875351431563
0,21779,GET,2765875351494189
0,19464,PUT,2765875351417811
0,19464,GET,2765875351494088
0,19200,PUT,2765875351423344
0,19200,GET,2765875351494359
0,15385,PUT,2765875351400220
0,15385,GET,2765875351494088
0,15637,PUT,2765875351403879
0,15637,GET,2765875351494399
0,21760,PUT,2765875351449585
0,21760,GET,2765875351494549
0,12545,PUT,2765875351381497
0,12545,GET,2765875351494760
0,24592,PUT,2765875351436023
0,24592,GET,2765875351494860
0,13825,PUT,2765875351401193
0,13825,GET,2765875351494890
0,19990,PUT,2765875351445425
0,19990,GET,2765875351494810
0,22297,PUT,2765875351448683
0,22297,GET,2765875351494910
0,10013,PUT,2765875351479354
0,10013,GET,2765875351494850
0,11019,PUT,2765875351375733
0,11019,GET,2765875351494910
0,18182,PUT,2765875351396642
0,18182,GET,2765875351494940
0,25352,PUT,2765875351456070
0,25352,GET,2765875351495041
0,27664,PUT,2765875351456621
0,27664,GET,2765875351494900
0,16898,PUT,2765875351424416
0,16898,GET,2765875351494900
0,22796,PUT,2765875351430661
0,22796,GET,2765875351494980
0,17410,PUT,2765875351430461
0,17410,GET,2765875351495151
0,14347,PUT,2765875351397704
0,14347,GET,2765875351495201
0,21000,PUT,2765875351428055
0,21000,GET,2765875351495181
0,19982,PUT,2765875351423013
0,19982,GET,2765875351495291
0,19720,PUT,2765875351418683
0,19720,GET,2765875351495652
0,17420,PUT,2765875351390407
0,17420,GET,2765875351495802
0,22037,PUT,2765875351437477
0,22037,GET,2765875351495852
0,17430,PUT,2765875351426191
0,17430,GET,2765875351495842
0,17664,PUT,2765875351410995
0,17664,GET,2765875351495933
0,20505,PUT,2765875351438008
0,20505,GET,2765875351495983
0,19968,PUT,2765875351434550
0,19968,GET,2765875351495842
0,16410,PUT,2765875351419986
0,16410,GET,2765875351496243
0,13313,PUT,2765875351396271
0,13313,GET,2765875351496223
0,16149,PUT,2765875351406635
0,16149,GET,2765875351496223
0,16139,PUT,2765875351410364
0,16139,GET,2765875351496243
0,17666,PUT,2765875351431543
0,17666,GET,2765875351496344
0,18713,PUT,2765875351429679
0,18713,GET,2765875351496484
0,18956,PUT,2765875351404600
0,18956,GET,2765875351496674
0,19225,PUT,2765875351431503
0,19225,GET,2765875351496765
0,8978,PUT,2765875351433688
0,8978,GET,2765875351496775
0,12815,PUT,2765875351409863
0,12815,GET,2765875351496734
0,19457,PUT,2765875351449054
0,19457,GET,2765875351496855
0,20229,PUT,2765875351415706
0,20229,GET,2765875351497105
0,13824,PUT,2765875351376565
0,13824,GET,2765875351496895
0,20230,PUT,2765875351410224
0,20230,GET,2765875351497236
0,21516,PUT,2765875351424777
0,21516,GET,2765875351497396
0,21766,PUT,2765875351421610
0,21766,GET,2765875351497376
0,18705,PUT,2765875351396462
0,18705,GET,2765875351497436
0,263,PUT,2765875350922110
0,263,GET,2765875351497526
0,13076,PUT,2765875351469381
0,13076,GET,2765875351497466
0,20232,PUT,2765875351424487
0,20232,GET,2765875351497606
0,15617,PUT,2765875351418062
0,15617,GET,2765875351497677
0,14095,PUT,2765875351419094
0,14095,GET,2765875351497536
0,17166,PUT,2765875351395990
0,17166,GET,2765875351497707
0,13583,PUT,2765875351416318
0,13583,GET,2765875351497817
0,19206,PUT,2765875351405482
0,19206,GET,2765875351497787
0,16904,PUT,2765875351398917
0,16904,GET,2765875351497897
0,21785,PUT,2765875351446147
0,21785,GET,2765875351498258
0,23573,PUT,2765875351448833
0,23573,GET,2765875351498288
0,27408,PUT,2765875351455799
0,27408,GET,2765875351498448
0,15112,PUT,2765875351384203
0,15112,GET,2765875351498519
0,25093,PUT,2765875351443180
0,25093,GET,2765875351498318
0,11279,PUT,2765875351398356
0,11279,GET,2765875351498549
0,18688,PUT,2765875351416258
0,18688,GET,2765875351498649
0,22543,PUT,2765875351468218
0,22543,GET,2765875351498649
0,20492,PUT,2765875351418473
0,20492,GET,2765875351498970
0,14849,PUT,2765875351408800
0,14849,GET,2765875351498809
0,13319,PUT,2765875351396552
0,13319,GET,2765875351498849
0,13327,PUT,2765875351414383
0,13327,GET,2765875351498970
0,8468,PUT,2765875351432946
0,8468,GET,2765875351498709
0,11522,PUT,2765875351388313
0,11522,GET,2765875351499250
0,23552,PUT,2765875351469391
0,23552,GET,2765875351499260
0,12546,PUT,2765875351393946
0,12546,GET,2765875351499130
0,19977,PUT,2765875351397624
0,19977,GET,2765875351499240
0,12046,PUT,2765875351356358
0,12046,GET,2765875351499391
0,22284,PUT,2765875351427814
0,22284,GET,2765875351499471
0,20751,PUT,2765875351458536
0,20751,GET,2765875351499310
0,15873,PUT,2765875351422011
0,15873,GET,2765875351499601
0,21529,PUT,2765875351445185
0,21529,GET,2765875351499701
0,10258,PUT,2765875351440063
0,10258,GET,2765875351499421
0,22291,PUT,2765875351436124
0,22291,GET,2765875351499581
0,25882,PUT,2765875351490480
0,25882,GET,2765875351499761
0,20489,PUT,2765875351400361
0,20489,GET,2765875351499771
0,29449,PUT,2765875351461964
0,29449,GET,2765875351499761
0,17932,PUT,2765875351397093
0,17932,GET,2765875351499782
0,19481,PUT,2765875351432365
0,19481,GET,2765875351499982
0,18178,PUT,2765875351435592
0,18178,GET,2765875351499972
0,23824,PUT,2765875351433478
0,23824,GET,2765875351500052
0,14091,PUT,2765875351396792
0,14091,GET,2765875351499832
0,10503,PUT,2765875351373177
0,10503,GET,2765875351500192
0,13594,PUT,2765875351399699
0,13594,GET,2765875351500142
0,22033,PUT,2765875351413291
0,22033,GET,2765875351500433
0,25366,PUT,2765875351490690
0,25366,GET,2765875351500503
0,24336,PUT,2765875351435161
0,24336,GET,2765875351500583
0,8477,PUT,2765875351468449
0,8477,GET,2765875351500603
0,17171,PUT,2765875351395319
0,17171,GET,2765875351500583
0,24849,PUT,2765875351430501
0,24849,GET,2765875351500613
0,22790,PUT,2765875351430621
0,22790,GET,2765875351500934
0,12045,PUT,2765875351492003
0,12045,GET,2765875351500764
0,14351,PUT,2765875351420016
0,14351,GET,2765875351500814
0,9492,PUT,2765875351440764
0,9492,GET,2765875351500964
0,14860,PUT,2765875351374761
0,14860,GET,2765875351501044
0,18433,PUT,2765875351442849
0,18433,GET,2765875351501044
0,16907,PUT,2765875351417881
0,16907,GET,2765875351501095
0,21259,PUT,2765875351456000
0,21259,GET,2765875351501064
0,28432,PUT,2765875351460821
0,28432,GET,2765875351501105
0,19482,PUT,2765875351442799
0,19482,GET,2765875351501145
0,20997,PUT,2765875351421399
0,20997,GET,2765875351501205
0,17690,PUT,2765875351428837
0,17690,GET,2765875351501355
0,13568,PUT,2765875351375443
0,13568,GET,2765875351501295
0,14848,PUT,2765875351381056
0,14848,GET,2765875351501435
0,20225,PUT,2765875351458796
0,20225,GET,2765875351501475
0,10261,PUT,2765875351356268
0,10261,GET,2765875351501636
0,14350,PUT,2765875351372416
0,14350,GET,2765875351501485
0,29193,PUT,2765875351460300
0,29193,GET,2765875351501636
0,25625,PUT,2765875351470744
0,25625,GET,2765875351501566
0,10506,PUT,2765875351480757
0,10506,GET,2765875351501686
0,20998,PUT,2765875351415385
0,20998,GET,2765875351501606
0,20491,PUT,2765875351449585
0,20491,GET,2765875351501726
0,25363,PUT,2765875351455960
0,25363,GET,2765875351501756
0,15874,PUT,2765875351413872
0,15874,GET,2765875351501957
0,18176,PUT,2765875351413241
0,18176,GET,2765875351501856
0,25109,PUT,2765875351455960
0,25109,GET,2765875351501626
0,13836,PUT,2765875351360568
0,13836,GET,2765875351501896
0,21509,PUT,2765875351424236
0,21509,GET,2765875351502077
0,26384,PUT,2765875351450627
0,26384,GET,2765875351502057
0,18453,PUT,2765875351419144
0,18453,GET,2765875351501997
0,25349,PUT,2765875351446798
0,25349,GET,2765875351502177
0,25609,PUT,2765875351441426
0,25609,GET,2765875351502317
0,18454,PUT,2765875351433868
0,18454,GET,2765875351502428
0,8462,PUT,2765875351326238
0,8462,GET,2765875351502598
0,18432,PUT,2765875351414203
0,18432,GET,2765875351502548
0,21003,PUT,2765875351454146
0,21003,GET,2765875351502548
0,22809,PUT,2765875351452231
0,22809,GET,2765875351502408
0,21776,PUT,2765875351419645
0,21776,GET,2765875351502518
0,18695,PUT,2765875351435312
0,18695,GET,2765875351502648
0,17931,PUT,2765875351425429
0,17931,GET,2765875351502678
0,21006,PUT,2765875351433407
0,21006,GET,2765875351502859
0,10509,PUT,2765875351484065
0,10509,GET,2765875351502899
0,15362,PUT,2765875351409883
0,15362,GET,2765875351502919
0,17678,PUT,2765875351398586
0,17678,GET,2765875351502929
0,17178,PUT,2765875351426050
0,17178,GET,2765875351503039
0,9236,PUT,2765875351439933
0,9236,GET,2765875351503009
0,22534,PUT,2765875351429739
0,22534,GET,2765875351503149
0,17937,PUT,2765875351392031
0,17937,GET,2765875351503179
0,9759,PUT,2765875351470904
0,9759,GET,2765875351503310
0,25616,PUT,2765875351444423
0,25616,GET,2765875351503260
0,18457,PUT,2765875351427644
0,18457,GET,2765875351503169
0,19217,PUT,2765875351400030
0,19217,GET,2765875351503260
0,24072,PUT,2765875351448994
0,24072,GET,2765875351503350
0,16135,PUT,2765875351421450
0,16135,GET,2765875351503470
0,13831,PUT,2765875351403117
0,13831,GET,2765875351503460
0,19976,PUT,2765875351423544
0,19976,GET,2765875351503530
0,19969,PUT,2765875351456431
0,19969,GET,2765875351503600
0,18696,PUT,2765875351409772
0,18696,GET,2765875351503671
0,24070,PUT,2765875351439642
0,24070,GET,2765875351503701
0,8475,PUT,2765875351460019
0,8475,GET,2765875351503681
0,18439,PUT,2765875351434390
0,18439,GET,2765875351503741
0,21270,PUT,2765875351456752
0,21270,GET,2765875351503761
0,18952,PUT,2765875351411617
0,18952,GET,2765875351503801
0,27654,PUT,2765875351465091
0,27654,GET,2765875351503991
0,24838,PUT,2765875351447971
0,24838,GET,2765875351504021
0,25104,PUT,2765875351437667
0,25104,GET,2765875351504021
0,22042,PUT,2765875351459368
0,22042,GET,2765875351504011
0,16645,PUT,2765875351392252
0,16645,GET,2765875351504172
0,22032,PUT,2765875351422963
0,22032,GET,2765875351504192
0,21777,PUT,2765875351412449
0,21777,GET,2765875351504122
0,13569,PUT,2765875351398536
0,13569,GET,2765875351504132
0,15877,PUT,2765875351387360
0,15877,GET,2765875351504462
0,21526,PUT,2765875351457634
0,21526,GET,2765875351504332
0,21273,PUT,2765875351443320
0,21273,GET,2765875351504322
0,25097,PUT,2765875351438950
0,25097,GET,2765875351504523
0,19729,PUT,2765875351401664
0,19729,GET,2765875351504382
0,26374,PUT,2765875351459718
0,26374,GET,2765875351504422
0,22792,PUT,2765875351436775
0,22792,GET,2765875351504513
0,23303,PUT,2765875351480547
0,23303,GET,2765875351504513
0,20238,PUT,2765875351425980
0,20238,GET,2765875351504613
0,19226,PUT,2765875351441927
0,19226,GET,2765875351504553
0,15382,PUT,2765875351406565
0,15382,GET,2765875351504713
0,13067,PUT,2765875351387932
0,13067,GET,2765875351504663
0,18190,PUT,2765875351402445
0,18190,GET,2765875351504743
0,22030,PUT,2765875351444172
0,22030,GET,2765875351504803
0,23819,PUT,2765875351470604
0,23819,GET,2765875351504964
0,19994,PUT,2765875351445706
0,19994,GET,2765875351505114
0,8706,PUT,2765875351369329
0,8706,GET,2765875351505134
0,22800,PUT,2765875351428426
0,22800,GET,2765875351505284
0,17153,PUT,2765875351435302
0,17153,GET,2765875351505475
0,23061,PUT,2765875351445997
0,23061,GET,2765875351505555
0,20761,PUT,2765875351441616
0,20761,GET,2765875351505615
0,11796,PUT,2765875351464119
0,11796,GET,2765875351505675
0,22022,PUT,2765875351424396
0,22022,GET,2765875351505665
0,19737,PUT,2765875351433317
0,19737,GET,2765875351505745
0,8735,PUT,2765875351459819
0,8735,GET,2765875351505806
0,9231,PUT,2765875351382559
0,9231,GET,2765875351505806
0,26640,PUT,2765875351451469
0,26640,GET,2765875351505896
0,19973,PUT,2765875351414624
0,19973,GET,2765875351506016
0,22017,PUT,2765875351480497
0,22017,GET,2765875351506056
0,16154,PUT,2765875351419124
0,16154,GET,2765875351505956
0,24326,PUT,2765875351440604
0,24326,GET,2765875351506006
0,17665,PUT,2765875351437707
0,17665,GET,2765875351506257
0,9496,PUT,2765875351457754
0,9496,GET,2765875351506337
0,25360,PUT,2765875351439101
0,25360,GET,2765875351506698
0,20480,PUT,2765875351438890
0,20480,GET,2765875351506567
0,19473,PUT,2765875351400872
0,19473,GET,2765875351506647
0,21017,PUT,2765875351442478
0,21017,GET,2765875351506507
0,28945,PUT,2765875351460891
0,28945,GET,2765875351506567
0,26892,PUT,2765875351462545
0,26892,GET,2765875351506507
0,22281,PUT,2765875351415135
0,22281,GET,2765875351506728
0,8731,PUT,2765875351463377
0,8731,GET,2765875351506768
0,16395,PUT,2765875351411166
0,16395,GET,2765875351506798
0,10518,PUT,2765875351370952
0,10518,GET,2765875351506818
0,21009,PUT,2765875351409913
0,21009,GET,2765875351506918
0,24334,PUT,2765875351470584
0,24334,GET,2765875351506978
0,17936,PUT,2765875351395810
0,17936,GET,2765875351506958
0,9748,PUT,2765875351444643
0,9748,GET,2765875351507008
0,22540,PUT,2765875351428666
0,22540,GET,2765875351507058
0,24329,PUT,2765875351432335
0,24329,GET,2765875351507139
0,19215,PUT,2765875351449795
0,19215,GET,2765875351507279
0,11282,PUT,2765875351449475
0,11282,GET,2765875351507179
0,25865,PUT,2765875351442278
0,25865,GET,2765875351507499
0,17409,PUT,2765875351436495
0,17409,GET,2765875351507540
0,20245,PUT,2765875351429979
0,20245,GET,2765875351507660
0,24337,PUT,2765875351425689
0,24337,GET,2765875351507600
0,22273,PUT,2765875351481730
0,22273,GET,2765875351507720
0,13334,PUT,2765875351390558
0,13334,GET,2765875351507770
0,14082,PUT,2765875351399879
0,14082,GET,2765875351507890
0,19989,PUT,2765875351428737
0,19989,GET,2765875351508181
0,21520,PUT,2765875351417751
0,21520,GET,2765875351507991
0,21515,PUT,2765875351457052
0,21515,GET,2765875351508161
0,10260,PUT,2765875351448713
0,10260,GET,2765875351508301
0,15884,PUT,2765875351381707
0,15884,GET,2765875351508452
0,27161,PUT,2765875351478121
0,27161,GET,2765875351508351
0,12312,PUT,2765875351478362
0,12312,GET,2765875351508381
0,24339,PUT,2765875351446819
0,24339,GET,2765875351508462
0,11798,PUT,2765875351381657
0,11798,GET,2765875351508542
0,22549,PUT,2765875351441276
0,22549,GET,2765875351508572
0,25875,PUT,2765875351458566
0,25875,GET,2765875351508782
0,15889,PUT,2765875351379161
0,15889,GET,2765875351508833
0,25096,PUT,2765875351454196
0,25096,GET,2765875351508843
0,29968,PUT,2765875351467907
0,29968,GET,2765875351508963
0,25105,PUT,2765875351431363
0,25105,GET,2765875351508923
0,23054,PUT,2765875351453023
0,23054,GET,2765875351509274
0,24341,PUT,2765875351452482
0,24341,GET,2765875351509233
0,27401,PUT,2765875351449785
0,27401,GET,2765875351509294
0,20231,PUT,2765875351452853
0,20231,GET,2765875351509254
0,11794,PUT,2765875351454115
0,11794,GET,2765875351509414
0,8980,PUT,2765875351439030
0,8980,GET,2765875351509464
0,12555,PUT,2765875351384945
0,12555,GET,2765875351509404
0,13850,PUT,2765875351404681
0,13850,GET,2765875351509534
0,24587,PUT,2765875351473400
0,24587,GET,2765875351509634
0,20226,PUT,2765875351454747
0,20226,GET,2765875351509715
0,24331,PUT,2765875351472478
0,24331,GET,2765875351509674
0,19712,PUT,2765875351429097
0,19712,GET,2765875351509765
0,30217,PUT,2765875351465502
0,30217,GET,2765875351509664
0,30220,PUT,2765875351481359
0,30220,GET,2765875351509895
0,26629,PUT,2765875351456691
0,26629,GET,2765875351510045
0,16655,PUT,2765875351431653
0,16655,GET,2765875351510005
0,22789,PUT,2765875351429458
0,22789,GET,2765875351510456
0,15130,PUT,2765875351414403
0,15130,GET,2765875351510256
0,19733,PUT,2765875351425760
0,19733,GET,2765875351510095
0,18440,PUT,2765875351408920
0,18440,GET,2765875351510336
0,16129,PUT,2765875351422983
0,16129,GET,2765875351510316
0,24588,PUT,2765875351444303
0,24588,GET,2765875351510296
0,26886,PUT,2765875351462485
0,26886,GET,2765875351510286
0,22537,PUT,2765875351419635
0,22537,GET,2765875351510536
0,19207,PUT,2765875351443491
0,19207,GET,2765875351510506
0,17929,PUT,2765875351380354
0,17929,GET,2765875351510597
0,21762,PUT,2765875351471596
0,21762,GET,2765875351510526
0,11288,PUT,2765875351472819
0,11288,GET,2765875351510827
0,9246,PUT,2765875351469702
0,9246,GET,2765875351510797
0,9984,PUT,2765875351339509
0,9984,GET,2765875351510827
0,18446,PUT,2765875351408159
0,18446,GET,2765875351510577
0,11023,PUT,2765875351396351
0,11023,GET,2765875351511138
0,21260,PUT,2765875351423995
0,21260,GET,2765875351510998
0,8727,PUT,2765875351450497
0,8727,GET,2765875351511058
0,24585,PUT,2765875351434139
0,24585,GET,2765875351511238
0,23305,PUT,2765875351427203
0,23305,GET,2765875351511228
0,19970,PUT,2765875351450617
0,19970,GET,2765875351511419
0,15638,PUT,2765875351407557
0,15638,GET,2765875351511288
0,16641,PUT,2765875351426531
0,16641,GET,2765875351511348
0,23808,PUT,2765875351471556
0,23808,GET,2765875351511579
0,11265,PUT,2765875351361981
0,11265,GET,2765875351511589
0,18707,PUT,2765875351414313
0,18707,GET,2765875351511619
0,20486,PUT,2765875351411847
0,20486,GET,2765875351511659
0,14337,PUT,2765875351405021
0,14337,GET,2765875351511719
0,15367,PUT,2765875351417761
0,15367,GET,2765875351511860
0,25607,PUT,2765875351494088
0,25607,GET,2765875351511789
0,29961,PUT,2765875351463638
0,29961,GET,2765875351511930
0,17927,PUT,2765875351429629
0,17927,GET,2765875351511880
0,26393,PUT,2765875351475465
0,26393,GET,2765875351512100
0,9226,PUT,2765875351474262
0,9226,GET,2765875351512240
0,14106,PUT,2765875351406755
0,14106,GET,2765875351512230
0,20758,PUT,2765875351453324
0,20758,GET,2765875351512321
0,21521,PUT,2765875351411577
0,21521,GET,2765875351512240
0,24085,PUT,2765875351451479
0,24085,GET,2765875351512481
0,26899,PUT,2765875351468459
0,26899,GET,2765875351512521
0,26385,PUT,2765875351439161
0,26385,GET,2765875351512671
0,16659,PUT,2765875351385516
0,16659,GET,2765875351512561
0,21011,PUT,2765875351428797
0,21011,GET,2765875351512651
0,18447,PUT,2765875351446197
0,18447,GET,2765875351512882
0,22027,PUT,2765875351460530
0,22027,GET,2765875351512932
0,16666,PUT,2765875351420848
0,16666,GET,2765875351512882
0,24593,PUT,2765875351426592
0,24593,GET,2765875351513012
0,15119,PUT,2765875351423144
0,15119,GET,2765875351513163
0,16385,PUT,2765875351424036
0,16385,GET,2765875351513443
0,21018,PUT,2765875351452502
0,21018,GET,2765875351513443
0,22539,PUT,2765875351463227
0,22539,GET,2765875351513523
0,13839,PUT,2765875351418212
0,13839,GET,2765875351513323
0,16897,PUT,2765875351432796
0,16897,GET,2765875351513473
0,29457,PUT,2765875351462615
0,29457,GET,2765875351513644
0,20755,PUT,2765875351424827
0,20755,GET,2765875351513624
0,25094,PUT,2765875351453304
0,25094,GET,2765875351513814
0,28684,PUT,2765875351473641
0,28684,GET,2765875351513734
0,27656,PUT,2765875351472769
0,27656,GET,2765875351513784
0,26641,PUT,2765875351440013
0,26641,GET,2765875351513844
0,18969,PUT,2765875351430631
0,18969,GET,2765875351513864
0,25353,PUT,2765875351440584
0,25353,GET,2765875351514005
0,33041,PUT,2765875351500263
0,33041,GET,2765875351514075
0,28421,PUT,2765875351476227
0,28421,GET,2765875351514025
0,21512,PUT,2765875351429799
0,21512,GET,2765875351514345
0,18703,PUT,2765875351448132
0,18703,GET,2765875351514175
0,29712,PUT,2765875351466133
0,29712,GET,2765875351514195
0,24844,PUT,2765875351446969
0,24844,GET,2765875351514526
0,9503,PUT,2765875351466625
0,9503,GET,2765875351514355
0,30473,PUT,2765875351466324
0,30473,GET,2765875351514416
0,21004,PUT,2765875351423154
0,21004,GET,2765875351514476
0,20736,PUT,2765875351445445
0,20736,GET,2765875351514496
0,23809,PUT,2765875351492324
0,23809,GET,2765875351514726
0,28169,PUT,2765875351456000
0,28169,GET,2765875351514847
0,27913,PUT,2765875351455058
0,27913,GET,2765875351514917
0,20502,PUT,2765875351451359
0,20502,GET,2765875351514947
0,8726,PUT,2765875351353562
0,8726,GET,2765875351515017
0,25873,PUT,2765875351436565
0,25873,GET,2765875351514997
0,17434,PUT,2765875351427975
0,17434,GET,2765875351515378
0,28433,PUT,2765875351459177
0,28433,GET,2765875351515438
0,10770,PUT,2765875351443761
0,10770,GET,2765875351515438
0,10767,PUT,2765875351395399
0,10767,GET,2765875351515658
0,24066,PUT,2765875351485859
0,24066,GET,2765875351515448
0,26630,PUT,2765875351461503
0,26630,GET,2765875351515468
0,12062,PUT,2765875351490189
0,12062,GET,2765875351515739
0,21250,PUT,2765875351468930
0,21250,GET,2765875351515638
0,10271,PUT,2765875351473009
0,10271,GET,2765875351515598
0,21255,PUT,2765875351461723
0,21255,GET,2765875351515578
0,22287,PUT,2765875351467406
0,22287,GET,2765875351515759
0,11294,PUT,2765875351486451
0,11294,GET,2765875351515929
0,10008,PUT,2765875351463507
0,10008,GET,2765875351515929
0,8466,PUT,2765875351428767
0,8466,GET,2765875351516079
0,11031,PUT,2765875351473671
0,11031,GET,2765875351515889
0,12562,PUT,2765875351460320
0,12562,GET,2765875351515879
0,17942,PUT,2765875351428947
0,17942,GET,2765875351516250
0,22038,PUT,2765875351460580
0,22038,GET,2765875351516250
0,12056,PUT,2765875351476548
0,12056,GET,2765875351516360
0,13835,PUT,2765875351395940
0,13835,GET,2765875351516370
0,30480,PUT,2765875351470584
0,30480,GET,2765875351516360
0,20235,PUT,2765875351448703
0,20235,GET,2765875351516420
0,29201,PUT,2765875351461733
0,29201,GET,2765875351516420
0,27400,PUT,2765875351471917
0,27400,GET,2765875351516460
0,16399,PUT,2765875351430831
0,16399,GET,2765875351516530
0,14855,PUT,2765875351407627
0,14855,GET,2765875351516631
0,17423,PUT,2765875351436284
0,17423,GET,2765875351516951
0,25619,PUT,2765875351457724
0,25619,GET,2765875351516831
0,17675,PUT,2765875351423474
0,17675,GET,2765875351516951
0,18689,PUT,2765875351445425
0,18689,GET,2765875351517122
0,23829,PUT,2765875351449665
0,23829,GET,2765875351517332
0,23056,PUT,2765875351430060
0,23056,GET,2765875351517352
0,26129,PUT,2765875351437387
0,26129,GET,2765875351517252
0,26889,PUT,2765875351448101
0,26889,GET,2765875351517402
0,12549,PUT,2765875351365019
0,12549,GET,2765875351517493
0,22280,PUT,2765875351434179
0,22280,GET,2765875351517402
0,24342,PUT,2765875351478342
0,24342,GET,2765875351517453
0,32785,PUT,2765875351483263
0,32785,GET,2765875351517513
0,10520,PUT,2765875351466093
0,10520,GET,2765875351517473
0,13077,PUT,2765875351378710
0,13077,GET,2765875351517583
0,22288,PUT,2765875351423785
0,22288,GET,2765875351517693
0,29205,PUT,2765875351483263
0,29205,GET,2765875351517503
0,21253,PUT,2765875351423364
0,21253,GET,2765875351517723
0,11038,PUT,2765875351484366
0,11038,GET,2765875351518094
0,25617,PUT,2765875351433969
0,25617,GET,2765875351517914
0,22023,PUT,2765875351468890
0,22023,GET,2765875351518144
0,27152,PUT,2765875351454977
0,27152,GET,2765875351518074
0,9499,PUT,2765875351466224
0,9499,GET,2765875351518264
0,9490,PUT,2765875351436374
0,9490,GET,2765875351518204
0,24083,PUT,2765875351445936
0,24083,GET,2765875351518335
0,10267,PUT,2765875351473851
0,10267,GET,2765875351518395
0,22801,PUT,2765875351419465
0,22801,GET,2765875351518455
0,26636,PUT,2765875351461653
0,26636,GET,2765875351518485
0,19738,PUT,2765875351444744
0,19738,GET,2765875351518525
0,28176,PUT,2765875351458175
0,28176,GET,2765875351518575
0,24075,PUT,2765875351471556
0,24075,GET,2765875351518806
0,20246,PUT,2765875351448432
0,20246,GET,2765875351518816
0,29459,PUT,2765875351494219
0,29459,GET,2765875351518826
0,20743,PUT,2765875351457974
0,20743,GET,2765875351519096
0,15634,PUT,2765875351481820
0,15634,GET,2765875351519126
0,21523,PUT,2765875351430731
0,21523,GET,2765875351519086
0,20497,PUT,2765875351408008
0,20497,GET,2765875351519167
0,25612,PUT,2765875351455198
0,25612,GET,2765875351519407
0,22035,PUT,2765875351435302
0,22035,GET,2765875351519237
0,24590,PUT,2765875351471416
0,24590,GET,2765875351519277
0,15361,PUT,2765875351411406
0,15361,GET,2765875351519307
0,27409,PUT,2765875351448302
0,27409,GET,2765875351519337
0,9757,PUT,2765875351478512
0,9757,GET,2765875351519257
0,24853,PUT,2765875351455018
0,24853,GET,2765875351519417
0,16665,PUT,2765875351409712
0,16665,GET,2765875351519467
0,23577,PUT,2765875351457273
0,23577,GET,2765875351519487
0,31497,PUT,2765875351469531
0,31497,GET,2765875351519577
0,12052,PUT,2765875351465081
0,12052,GET,2765875351519748
0,18714,PUT,2765875351437306
0,18714,GET,2765875351519788
0,24597,PUT,2765875351454206
0,24597,GET,2765875351519778
0,26373,PUT,2765875351453594
0,26373,GET,2765875351519998
0,26121,PUT,2765875351443180
0,26121,GET,2765875351520008
0,18443,PUT,2765875351428897
0,18443,GET,2765875351520069
0,23055,PUT,2765875351471857
0,23055,GET,2765875351520239
0,23571,PUT,2765875351440364
0,23571,GET,2765875351520239
0,22784,PUT,2765875351460691
0,22784,GET,2765875351520129
0,8990,PUT,2765875351464139
0,8990,GET,2765875351520249
0,28689,PUT,2765875351460069
0,28689,GET,2765875351520249
0,19714,PUT,2765875351448933
0,19714,GET,2765875351520269
0,11551,PUT,2765875351485388
0,11551,GET,2765875351520429
0,28681,PUT,2765875351458626
0,28681,GET,2765875351520670
0,23045,PUT,2765875351430270
0,23045,GET,2765875351520550
0,28168,PUT,2765875351476989
0,28168,GET,2765875351520620
0,9732,PUT,2765875351508662
0,9732,GET,2765875351520610
0,26650,PUT,2765875351495291
0,26650,GET,2765875351520490
0,16386,PUT,2765875351417089
0,16386,GET,2765875351520680
0,19211,PUT,2765875351439411
0,19211,GET,2765875351520790
0,18690,PUT,2765875351439171
0,18690,GET,2765875351520700
0,29704,PUT,2765875351487232
0,29704,GET,2765875351520870
0,9738,PUT,2765875351475996
0,9738,GET,2765875351520981
0,13591,PUT,2765875351495622
0,13591,GET,2765875351520971
0,24846,PUT,2765875351472328
0,24846,GET,2765875351520981
0,21511,PUT,2765875351464730
0,21511,GET,2765875351520941
0,23827,PUT,2765875351444202
0,23827,GET,2765875351521081
0,21013,PUT,2765875351432636
0,21013,GET,2765875351521151
0,9247,PUT,2765875351465763
0,9247,GET,2765875351521211
0,24581,PUT,2765875351440113
0,24581,GET,2765875351521191
0,27398,PUT,2765875351464219
0,27398,GET,2765875351521221
0,24080,PUT,2765875351434309
0,24080,GET,2765875351521492
0,22542,PUT,2765875351447821
0,22542,GET,2765875351521492
0,13842,PUT,2765875351470193
0,13842,GET,2765875351521552
0,11550,PUT,2765875351487423
0,11550,GET,2765875351521592
0,21263,PUT,2765875351460891
0,21263,GET,2765875351521873
0,19202,PUT,2765875351446027
0,19202,GET,2765875351521873
0,25867,PUT,2765875351483323
0,25867,GET,2765875351522163
0,25365,PUT,2765875351457844
0,25365,GET,2765875351522013
0,32533,PUT,2765875351511429
0,32533,GET,2765875351522013
0,16642,PUT,2765875351423394
0,16642,GET,2765875351522163
0,33030,PUT,2765875351518756
0,33030,GET,2765875351522083
0,23318,PUT,2765875351471145
0,23318,GET,2765875351522093
0,25113,PUT,2765875351465973
0,25113,GET,2765875351522284
0,28424,PUT,2765875351478793
0,28424,GET,2765875351522304
0,29957,PUT,2765875351488024
0,29957,GET,2765875351522314
0,23051,PUT,2765875351465121
0,23051,GET,2765875351522484
0,27411,PUT,2765875351471045
0,27411,GET,2765875351522504
0,19980,PUT,2765875351415145
0,19980,GET,2765875351522474
0,26635,PUT,2765875351485629
0,26635,GET,2765875351522534
0,27920,PUT,2765875351457403
0,27920,GET,2765875351522424
0,14104,PUT,2765875351487102
0,14104,GET,2765875351522665
0,21782,PUT,2765875351459628
0,21782,GET,2765875351522815
0,20488,PUT,2765875351425339
0,20488,GET,2765875351522705
0,27912,PUT,2765875351476127
0,27912,GET,2765875351522875
0,27404,PUT,2765875351464339
0,27404,GET,2765875351523076
0,19478,PUT,2765875351443521
0,19478,GET,2765875351523056
0,12295,PUT,2765875351388112
0,12295,GET,2765875351523066
0,19993,PUT,2765875351436264
0,19993,GET,2765875351523046
0,23820,PUT,2765875351435161
0,23820,GET,2765875351523136
0,24858,PUT,2765875351479534
0,24858,GET,2765875351523276
0,21774,PUT,2765875351440474
0,21774,GET,2765875351523356
0,20239,PUT,2765875351455278
0,20239,GET,2765875351523406
0,25350,PUT,2765875351454146
0,25350,GET,2765875351523276
0,21765,PUT,2765875351425088
0,21765,GET,2765875351523416
0,23065,PUT,2765875351453263
0,23065,GET,2765875351523446
0,13080,PUT,2765875351482702
0,13080,GET,2765875351523637
0,16914,PUT,2765875351490771
0,16914,GET,2765875351523597
0,23553,PUT,2765875351491051
0,23553,GET,2765875351523777
0,9501,PUT,2765875351476688
0,9501,GET,2765875351523707
0,22803,PUT,2765875351437838
0,22803,GET,2765875351523847
0,14866,PUT,2765875351476467
0,14866,GET,2765875351523888
0,22528,PUT,2765875351458676
0,22528,GET,2765875351523757
0,15892,PUT,2765875351490570
0,15892,GET,2765875351523888
0,27142,PUT,2765875351463397
0,27142,GET,2765875351523918
0,19463,PUT,2765875351444343
0,19463,GET,2765875351524248
0,32016,PUT,2765875351476417
0,32016,GET,2765875351524288
0,23310,PUT,2765875351454987
0,23310,GET,2765875351524359
0,9482,PUT,2765875351475124
0,9482,GET,2765875351524519
0,17935,PUT,2765875351439030
0,17935,GET,2765875351524459
0,18945,PUT,2765875351446638
0,18945,GET,2765875351524589
0,28677,PUT,2765875351477089
0,28677,GET,2765875351524629
0,23042,PUT,2765875351478252
0,23042,GET,2765875351524729
0,16918,PUT,2765875351423133
0,16918,GET,2765875351524750
0,36113,PUT,2765875351517954
0,36113,GET,2765875351524739
0,19467,PUT,2765875351440243
0,19467,GET,2765875351524790
0,23317,PUT,2765875351447761
0,23317,GET,2765875351525050
0,8479,PUT,2765875351458235
0,8479,GET,2765875351525040
0,29200,PUT,2765875351464520
0,29200,GET,2765875351525170
0,26880,PUT,2765875351497236
0,26880,GET,2765875351525201
0,28172,PUT,2765875351470794
0,28172,GET,2765875351525191
0,10250,PUT,2765875351477730
0,10250,GET,2765875351525281
0,11538,PUT,2765875351451369
0,11538,GET,2765875351525191
0,27921,PUT,2765875351455589
0,27921,GET,2765875351525251
0,11287,PUT,2765875351475535
0,11287,GET,2765875351525371
0,8970,PUT,2765875351470473
0,8970,GET,2765875351525351
0,17921,PUT,2765875351440514
0,17921,GET,2765875351525561
0,25356,PUT,2765875351454336
0,25356,GET,2765875351525601
0,8983,PUT,2765875351451489
0,8983,GET,2765875351525972
0,30213,PUT,2765875351490741
0,30213,GET,2765875351526273
0,23321,PUT,2765875351455439
0,23321,GET,2765875351526313
0,18202,PUT,2765875351433518
0,18202,GET,2765875351526413
0,20747,PUT,2765875351452271
0,20747,GET,2765875351526303
0,18959,PUT,2765875351448974
0,18959,GET,2765875351526474
0,8717,PUT,2765875351472217
0,8717,GET,2765875351526504
0,13586,PUT,2765875351469341
0,13586,GET,2765875351526694
0,22278,PUT,2765875351427213
0,22278,GET,2765875351526564
0,12313,PUT,2765875351370030
0,12313,GET,2765875351526634
0,13854,PUT,2765875351502448
0,13854,GET,2765875351526524
0,21262,PUT,2765875351436895
0,21262,GET,2765875351526754
0,24851,PUT,2765875351451560
0,24851,GET,2765875351526654
0,31249,PUT,2765875351474613
0,31249,GET,2765875351526784
0,26645,PUT,2765875351463056
0,26645,GET,2765875351526854
0,23578,PUT,2765875351469050
0,23578,GET,2765875351527005
0,19724,PUT,2765875351414133
0,19724,GET,2765875351527005
0,31244,PUT,2765875351487673
0,31244,GET,2765875351527085
0,26379,PUT,2765875351484947
0,26379,GET,2765875351527155
0,22798,PUT,2765875351450537
0,22798,GET,2765875351527285
0,27669,PUT,2765875351472358
0,27669,GET,2765875351527255
0,12564,PUT,2765875351467687
0,12564,GET,2765875351527185
0,17174,PUT,2765875351425168
0,17174,GET,2765875351527526
0,20757,PUT,2765875351431743
0,20757,GET,2765875351527416
0,19458,PUT,2765875351448081
0,19458,GET,2765875351527396
0,23822,PUT,2765875351462395
0,23822,GET,2765875351527716
0,24843,PUT,2765875351476277
0,24843,GET,2765875351527596
0,12055,PUT,2765875351481148
0,12055,GET,2765875351527566
0,23322,PUT,2765875351468008
0,23322,GET,2765875351527596
0,13330,PUT,2765875351467577
0,13330,GET,2765875351527696
0,22535,PUT,2765875351470604
0,22535,GET,2765875351527756
0,25864,PUT,2765875351461382
0,25864,GET,2765875351527917
0,10775,PUT,2765875351472869
0,10775,GET,2765875351527857
0,26633,PUT,2765875351444834
0,26633,GET,2765875351528047
0,23315,PUT,2765875351439481
0,23315,GET,2765875351528067
0,13834,PUT,2765875351500954
0,13834,GET,2765875351527927
0,24071,PUT,2765875351486390
0,24071,GET,2765875351528077
0,20744,PUT,2765875351426221
0,20744,GET,2765875351528077
0,10263,PUT,2765875351468258
0,10263,GET,2765875351528017
0,17679,PUT,2765875351437126
0,17679,GET,2765875351528208
0,27397,PUT,2765875351467156
0,27397,GET,2765875351528107
0,15623,PUT,2765875351419655
0,15623,GET,2765875351528248
0,20993,PUT,2765875351468318
0,20993,GET,2765875351528318
0,11037,PUT,2765875351486300
0,11037,GET,2765875351528348
0,9244,PUT,2765875351475094
0,9244,GET,2765875351528418
0,18198,PUT,2765875351432886
0,18198,GET,2765875351528699
0,8452,PUT,2765875351495762
0,8452,GET,2765875351528458
0,25606,PUT,2765875351454987
0,25606,GET,2765875351528598
0,15627,PUT,2765875351403217
0,15627,GET,2765875351528639
0,21256,PUT,2765875351428907
0,21256,GET,2765875351528568
0,26375,PUT,2765875351496604
0,26375,GET,2765875351528699
0,26128,PUT,2765875351449815
0,26128,GET,2765875351528929
0,28678,PUT,2765875351471345
0,28678,GET,2765875351529009
0,8984,PUT,2765875351455799
0,8984,GET,2765875351529260
0,19219,PUT,2765875351417220
0,19219,GET,2765875351529160
0,12829,PUT,2765875351494680
0,12829,GET,2765875351529320
0,13074,PUT,2765875351464890
0,13074,GET,2765875351529180
0,22547,PUT,2765875351436895
0,22547,GET,2765875351529270
0,32272,PUT,2765875351478302
0,32272,GET,2765875351529340
0,18191,PUT,2765875351444413
0,18191,GET,2765875351529390
0,10516,PUT,2765875351449575
0,10516,GET,2765875351529491
0,26387,PUT,2765875351465863
0,26387,GET,2765875351529881
0,27653,PUT,2765875351468118
0,27653,GET,2765875351529851
0,21267,PUT,2765875351429729
0,21267,GET,2765875351529932
0,30732,PUT,2765875351484977
0,30732,GET,2765875351530012
0,21518,PUT,2765875351437707
0,21518,GET,2765875351530022
0,10011,PUT,2765875351469772
0,10011,GET,2765875351529962
0,28430,PUT,2765875351495822
0,28430,GET,2765875351530102
0,26133,PUT,2765875351461402
0,26133,GET,2765875351530222
0,13847,PUT,2765875351496484
0,13847,GET,2765875351530312
0,15898,PUT,2765875351418082
0,15898,GET,2765875351530292
0,30726,PUT,2765875351486360
0,30726,GET,2765875351530272
0,23814,PUT,2765875351437828
0,23814,GET,2765875351530403
0,8973,PUT,2765875351475946
0,8973,GET,2765875351530523
0,23298,PUT,2765875351480216
0,23298,GET,2765875351530533
0,24086,PUT,2765875351474673
0,24086,GET,2765875351530593
0,23813,PUT,2765875351434520
0,23813,GET,2765875351530904
0,19713,PUT,2765875351452522
0,19713,GET,2765875351530974
0,27147,PUT,2765875351491342
0,27147,GET,2765875351531064
0,12547,PUT,2765875351506537
0,12547,GET,2765875351531084
0,8478,PUT,2765875351460320
0,8478,GET,2765875351531064
0,10776,PUT,2765875351468088
0,10776,GET,2765875351531064
0,30736,PUT,2765875351471416
0,30736,GET,2765875351531184
0,23062,PUT,2765875351466294
0,23062,GET,2765875351531235
0,8733,PUT,2765875351469772
0,8733,GET,2765875351531245
0,24345,PUT,2765875351462465
0,24345,GET,2765875351531315
0,24840,PUT,2765875351453304
0,24840,GET,2765875351531315
0,24857,PUT,2765875351464239
0,24857,GET,2765875351531235
0,26389,PUT,2765875351462224
0,26389,GET,2765875351531405
0,28680,PUT,2765875351479524
0,28680,GET,2765875351531495
0,8989,PUT,2765875351472809
0,8989,GET,2765875351531505
0,27916,PUT,2765875351469852
0,27916,GET,2765875351531746
0,8458,PUT,2765875351462856
0,8458,GET,2765875351531646
0,23566,PUT,2765875351456872
0,23566,GET,2765875351531706
0,29960,PUT,2765875351489017
0,29960,GET,2765875351531976
0,8734,PUT,2765875351461623
0,8734,GET,2765875351532006
0,24847,PUT,2765875351495732
0,24847,GET,2765875351532087
0,17163,PUT,2765875351419736
0,17163,GET,2765875351532187
0,15135,PUT,2765875351516480
0,15135,GET,2765875351532257
0,28165,PUT,2765875351473531
0,28165,GET,2765875351532257
0,27910,PUT,2765875351466835
0,27910,GET,2765875351532287
0,30988,PUT,2765875351485899
0,30988,GET,2765875351532317
0,17946,PUT,2765875351432656
0,17946,GET,2765875351532437
0,11540,PUT,2765875351459247
0,11540,GET,2765875351532698
0,25110,PUT,2765875351487042
0,25110,GET,2765875351532798
0,29702,PUT,2765875351481168
0,29702,GET,2765875351533530
0,21505,PUT,2765875351471957
0,21505,GET,2765875351532888
0,8724,PUT,2765875351434360
0,8724,GET,2765875351532989
0,26901,PUT,2765875351465752
0,26901,GET,2765875351532818
0,30225,PUT,2765875351470614
0,30225,GET,2765875351532989
0,19727,PUT,2765875351453454
0,19727,GET,2765875351533089
0,28686,PUT,2765875351497627
0,28686,GET,2765875351533119
0,29454,PUT,2765875351500303
0,29454,GET,2765875351533149
0,17432,PUT,2765875351512651
0,17432,GET,2765875351533199
0,23574,PUT,2765875351471997
0,23574,GET,2765875351533119
0,12306,PUT,2765875351456711
0,12306,GET,2765875351533400
0,22791,PUT,2765875351473200
0,22791,GET,2765875351533480
0,22034,PUT,2765875351516901
0,22034,GET,2765875351533550
0,19986,PUT,2765875351503691
0,19986,GET,2765875351533520
0,29196,PUT,2765875351476347
0,29196,GET,2765875351534352
0,25621,PUT,2765875351458826
0,25621,GET,2765875351533791
0,22016,PUT,2765875351452913
0,22016,GET,2765875351533650
0,8728,PUT,2765875351454847
0,8728,GET,2765875351533620
0,12063,PUT,2765875351488094
0,12063,GET,2765875351533911
0,21786,PUT,2765875351458415
0,21786,GET,2765875351534011
0,28437,PUT,2765875351480627
0,28437,GET,2765875351534021
0,10015,PUT,2765875351472137
0,10015,GET,2765875351534061
0,21775,PUT,2765875351464800
0,21775,GET,2765875351534111
0,23307,PUT,2765875351466905
0,23307,GET,2765875351534141
0,9240,PUT,2765875351456762
0,9240,GET,2765875351534151
0,27667,PUT,2765875351471897
0,27667,GET,2765875351534372
0,27155,PUT,2765875351470203
0,27155,GET,2765875351534292
0,32273,PUT,2765875351480777
0,32273,GET,2765875351534432
0,24576,PUT,2765875351478793
0,24576,GET,2765875351534432
0,12050,PUT,2765875351455920
0,12050,GET,2765875351534452
0,20762,PUT,2765875351451469
0,20762,GET,2765875351534522
0,19983,PUT,2765875351454366
0,19983,GET,2765875351534582
0,23563,PUT,2765875351469642
0,23563,GET,2765875351534572
0,21530,PUT,2765875351457533
0,21530,GET,2765875351534893
0,9746,PUT,2765875351438269
0,9746,GET,2765875351534873
0,26897,PUT,2765875351440825
0,26897,GET,2765875351534993
0,17922,PUT,2765875351434710
0,17922,GET,2765875351535013
0,10527,PUT,2765875351475325
0,10527,GET,2765875351534913
0,23569,PUT,2765875351423083
0,23569,GET,2765875351535124
0,26380,PUT,2765875351458706
0,26380,GET,2765875351535144
0,16911,PUT,2765875351432505
0,16911,GET,2765875351535344
0,16392,PUT,2765875351393244
0,16392,GET,2765875351535294
0,16903,PUT,2765875351425148
0,16903,GET,2765875351535675
0,20487,PUT,2765875351454787
0,20487,GET,2765875351535404
0,19201,PUT,2765875351447921
0,19201,GET,2765875351535685
0,23816,PUT,2765875351440835
0,23816,GET,2765875351535925
0,30476,PUT,2765875351484035
0,30476,GET,2765875351535935
0,31240,PUT,2765875351497847
0,31240,GET,2765875351535956
0,15380,PUT,2765875351486190
0,15380,GET,2765875351535956
0,13844,PUT,2765875351473851
0,13844,GET,2765875351536046
0,8707,PUT,2765875351480336
0,8707,GET,2765875351536076
0,27144,PUT,2765875351469381
0,27144,GET,2765875351536106
0,31241,PUT,2765875351468910
0,31241,GET,2765875351536226
0,26649,PUT,2765875351476337
0,26649,GET,2765875351536136
0,11021,PUT,2765875351485789
0,11021,GET,2765875351536336
0,26131,PUT,2765875351462294
0,26131,GET,2765875351536407
0,22795,PUT,2765875351464089
0,22795,GET,2765875351536627
0,26896,PUT,2765875351454206
0,26896,GET,2765875351536757
0,22274,PUT,2765875351473460
0,22274,GET,2765875351536818
0,24090,PUT,2765875351471847
0,24090,GET,2765875351536968
0,27665,PUT,2765875351454747
0,27665,GET,2765875351536988
0,25862,PUT,2765875351455880
0,25862,GET,2765875351537048
0,30214,PUT,2765875351484777
0,30214,GET,2765875351537038
0,30737,PUT,2765875351472889
0,30737,GET,2765875351537088
0,20481,PUT,2765875351464600
0,20481,GET,2765875351537249
0,24832,PUT,2765875351482090
0,24832,GET,2765875351537148
0,29958,PUT,2765875351482000
0,29958,GET,2765875351537218
0,28937,PUT,2765875351459438
0,28937,GET,2765875351537429
0,19471,PUT,2765875351452602
0,19471,GET,2765875351537459
0,26905,PUT,2765875351477179
0,26905,GET,2765875351537599
0,10519,PUT,2765875351471987
0,10519,GET,2765875351537629
0,31253,PUT,2765875351499100
0,31253,GET,2765875351537920
0,24089,PUT,2765875351461342
0,24089,GET,2765875351537750
0,27150,PUT,2765875351484767
0,27150,GET,2765875351537619
0,24595,PUT,2765875351450607
0,24595,GET,2765875351537880
0,22279,PUT,2765875351469782
0,22279,GET,2765875351537690
0,32520,PUT,2765875351505775
0,32520,GET,2765875351537860
0,25878,PUT,2765875351493286
0,25878,GET,2765875351537990
0,15636,PUT,2765875351489808
0,15636,GET,2765875351538010
0,24601,PUT,2765875351463377
0,24601,GET,2765875351538070
0,10514,PUT,2765875351442929
0,10514,GET,2765875351538010
0,10269,PUT,2765875351480146
0,10269,GET,2765875351538101
0,10268,PUT,2765875351484606
0,10268,GET,2765875351538301
0,28934,PUT,2765875351474032
0,28934,GET,2765875351538351
0,20482,PUT,2765875351463197
0,20482,GET,2765875351538521
0,34057,PUT,2765875351502708
0,34057,GET,2765875351538922
0,28422,PUT,2765875351468529
0,28422,GET,2765875351538942
0,23823,PUT,2765875351483073
0,23823,GET,2765875351538983
0,22298,PUT,2765875351461422
0,22298,GET,2765875351539053
0,11800,PUT,2765875351475716
0,11800,GET,2765875351539083
0,13851,PUT,2765875351508772
0,13851,GET,2765875351539263
0,11028,PUT,2765875351457463
0,11028,GET,2765875351539213
0,31752,PUT,2765875351500543
0,31752,GET,2765875351539273
0,10772,PUT,2765875351450507
0,10772,GET,2765875351539394
0,27925,PUT,2765875351476167
0,27925,GET,2765875351539273
0,15378,PUT,2765875351480978
0,15378,GET,2765875351539614
0,11267,PUT,2765875351498278
0,11267,GET,2765875351539714
0,23066,PUT,2765875351464169
0,23066,GET,2765875351539804
0,22294,PUT,2765875351462525
0,22294,GET,2765875351539825
0,29190,PUT,2765875351475806
0,29190,GET,2765875351540015
0,24076,PUT,2765875351437076
0,24076,GET,2765875351540015
0,11035,PUT,2765875351478492
0,11035,GET,2765875351540225
0,22554,PUT,2765875351462294
0,22554,GET,2765875351540225
0,23560,PUT,2765875351439261
0,23560,GET,2765875351540225
0,29209,PUT,2765875351491242
0,29209,GET,2765875351540376
0,27662,PUT,2765875351488726
0,27662,GET,2765875351540245
0,21269,PUT,2765875351433828
0,21269,GET,2765875351540576
0,17182,PUT,2765875351529541
0,17182,GET,2765875351540646
0,12830,PUT,2765875351496564
0,12830,GET,2765875351540717
0,9987,PUT,2765875351484927
0,9987,GET,2765875351540646
0,35089,PUT,2765875351511890
0,35089,GET,2765875351541428
0,14618,PUT,2765875351410624
0,14618,GET,2765875351540737
0,14356,PUT,2765875351475565
0,14356,GET,2765875351541007
0,29705,PUT,2765875351462836
0,29705,GET,2765875351540917
0,9751,PUT,2765875351464459
0,9751,GET,2765875351541158
0,25626,PUT,2765875351488756
0,25626,GET,2765875351541468
0,8991,PUT,2765875351460991
0,8991,GET,2765875351541047
0,12820,PUT,2765875351468529
0,12820,GET,2765875351541148
0,11533,PUT,2765875351489448
0,11533,GET,2765875351541077
0,11036,PUT,2765875351488445
0,11036,GET,2765875351541258
0,28177,PUT,2765875351457413
0,28177,GET,2765875351541468
0,12042,PUT,2765875351487924
0,12042,GET,2765875351541468
0,29969,PUT,2765875351467998
0,29969,GET,2765875351541438
0,31504,PUT,2765875351473811
0,31504,GET,2765875351541569
0,13336,PUT,2765875351483674
0,13336,GET,2765875351541438
0,20999,PUT,2765875351460821
0,20999,GET,2765875351541709
0,20737,PUT,2765875351465783
0,20737,GET,2765875351541749
0,25107,PUT,2765875351455108
0,25107,GET,2765875351542110
0,29456,PUT,2765875351465271
0,29456,GET,2765875351542010
0,16670,PUT,2765875351521722
0,16670,GET,2765875351542411
0,27141,PUT,2765875351464630
0,27141,GET,2765875351542290
0,24578,PUT,2765875351491322
0,24578,GET,2765875351542421
0,15626,PUT,2765875351514726
0,15626,GET,2765875351542561
0,35848,PUT,2765875351535444
0,35848,GET,2765875351542531
0,10783,PUT,2765875351477329
0,10783,GET,2765875351542561
0,23567,PUT,2765875351475525
0,23567,GET,2765875351542651
0,28179,PUT,2765875351480276
0,28179,GET,2765875351542621
0,12824,PUT,2765875351481820
0,12824,GET,2765875351542852
0,25614,PUT,2765875351477810
0,25614,GET,2765875351542882
0,24346,PUT,2765875351473631
0,24346,GET,2765875351543002
0,12567,PUT,2765875351490330
0,12567,GET,2765875351543052
0,22810,PUT,2765875351463307
0,22810,GET,2765875351543082
0,32009,PUT,2765875351473891
0,32009,GET,2765875351543192
0,11011,PUT,2765875351497436
0,11011,GET,2765875351543363
0,22028,PUT,2765875351426712
0,22028,GET,2765875351543363
0,26394,PUT,2765875351493266
0,26394,GET,2765875351543373
0,8472,PUT,2765875351453494
0,8472,GET,2765875351543363
0,20224,PUT,2765875351437908
0,20224,GET,2765875351543463
0,27660,PUT,2765875351468018
0,27660,GET,2765875351543593
0,9758,PUT,2765875351477400
0,9758,GET,2765875351543523
0,12823,PUT,2765875351491322
0,12823,GET,2765875351543704
0,9229,PUT,2765875351476828
0,9229,GET,2765875351543864
0,15384,PUT,2765875351498027
0,15384,GET,2765875351543964
0,25881,PUT,2765875351473861
0,25881,GET,2765875351544004
0,22805,PUT,2765875351444142
0,22805,GET,2765875351543924
0,22785,PUT,2765875351485067
0,22785,GET,2765875351544084
0,31761,PUT,2765875351478131
0,31761,GET,2765875351544235
0,23568,PUT,2765875351432676
0,23568,GET,2765875351544445
0,12574,PUT,2765875351492635
0,12574,GET,2765875351544255
0,19719,PUT,2765875351449425
0,19719,GET,2765875351544425
0,25872,PUT,2765875351447290
0,25872,GET,2765875351544425
0,29189,PUT,2765875351482592
0,29189,GET,2765875351544485
0,29461,PUT,2765875351490380
0,29461,GET,2765875351544616
0,26120,PUT,2765875351463066
0,26120,GET,2765875351544786
0,24848,PUT,2765875351436865
0,24848,GET,2765875351544636
0,23311,PUT,2765875351472789
0,23311,GET,2765875351544936
0,24065,PUT,2765875351493577
0,24065,GET,2765875351544836
0,25600,PUT,2765875351488505
0,25600,GET,2765875351545167
0,16146,PUT,2765875351487252
0,16146,GET,2765875351544936
0,16669,PUT,2765875351518405
0,16669,GET,2765875351545047
0,25345,PUT,2765875351504482
0,25345,GET,2765875351545087
0,28936,PUT,2765875351481068
0,28936,GET,2765875351545297
0,26888,PUT,2765875351465682
0,26888,GET,2765875351545177
0,28166,PUT,2765875351467717
0,28166,GET,2765875351545217
0,22272,PUT,2765875351456421
0,22272,GET,2765875351545307
0,22290,PUT,2765875351521382
0,22290,GET,2765875351545458
0,29964,PUT,2765875351479755
0,29964,GET,2765875351545478
0,26117,PUT,2765875351452752
0,26117,GET,2765875351545818
0,13578,PUT,2765875351500012
0,13578,GET,2765875351545698
0,29715,PUT,2765875351496033
0,29715,GET,2765875351545949
0,22793,PUT,2765875351421259
0,22793,GET,2765875351545979
0,14354,PUT,2765875351473711
0,14354,GET,2765875351546049
0,29713,PUT,2765875351466254
0,29713,GET,2765875351546099
0,30470,PUT,2765875351485548
0,30470,GET,2765875351545999
0,21781,PUT,2765875351435612
0,21781,GET,2765875351546199
0,26885,PUT,2765875351463748
0,26885,GET,2765875351546209
0,28181,PUT,2765875351478793
0,28181,GET,2765875351546530
0,25346,PUT,2765875351496925
0,25346,GET,2765875351546380
0,26138,PUT,2765875351491332
0,26138,GET,2765875351546430
0,27148,PUT,2765875351463397
0,27148,GET,2765875351546610
0,29192,PUT,2765875351482832
0,29192,GET,2765875351546640
0,24833,PUT,2765875351500954
0,24833,GET,2765875351546741
0,30216,PUT,2765875351490771
0,30216,GET,2765875351546781
0,17933,PUT,2765875351525321
0,17933,GET,2765875351546931
0,31509,PUT,2765875351503520
0,31509,GET,2765875351546931
0,9243,PUT,2765875351465201
0,9243,GET,2765875351546991
0,10253,PUT,2765875351482251
0,10253,GET,2765875351547031
0,32784,PUT,2765875351485538
0,32784,GET,2765875351547091
0,31237,PUT,2765875351499150
0,31237,GET,2765875351547091
0,26370,PUT,2765875351501435
0,26370,GET,2765875351547101
0,25856,PUT,2765875351491733
0,25856,GET,2765875351547172
0,23830,PUT,2765875351472849
0,23830,GET,2765875351547252
0,12301,PUT,2765875351492855
0,12301,GET,2765875351547332
0,8987,PUT,2765875351464269
0,8987,GET,2765875351547562
0,31493,PUT,2765875351500122
0,31493,GET,2765875351547623
0,30997,PUT,2765875351497506
0,30997,GET,2765875351547633
0,32774,PUT,2765875351497697
0,32774,GET,2765875351547803
0,30981,PUT,2765875351496253
0,30981,GET,2765875351547743
0,27657,PUT,2765875351450627
0,27657,GET,2765875351547853
0,11295,PUT,2765875351483383
0,11295,GET,2765875351547893
0,24073,PUT,2765875351429779
0,24073,GET,2765875351548104
0,31753,PUT,2765875351470263
0,31753,GET,2765875351547853
0,24584,PUT,2765875351452492
0,24584,GET,2765875351548064
0,11018,PUT,2765875351484456
0,11018,GET,2765875351548104
0,19975,PUT,2765875351452071
0,19975,GET,2765875351548114
0,25355,PUT,2765875351479765
0,25355,GET,2765875351548294
0,11779,PUT,2765875351501967
0,11779,GET,2765875351548394
0,21519,PUT,2765875351462816
0,21519,GET,2765875351548394
0,21249,PUT,2765875351469531
0,21249,GET,2765875351548525
0,10270,PUT,2765875351479464
0,10270,GET,2765875351548565
0,30992,PUT,2765875351472228
0,30992,GET,2765875351548665
0,18962,PUT,2765875351497416
0,18962,GET,2765875351548735
0,15640,PUT,2765875351498899
0,15640,GET,2765875351548725
0,25868,PUT,2765875351456020
0,25868,GET,2765875351548765
0,9239,PUT,2765875351456531
0,9239,GET,2765875351548825
0,33801,PUT,2765875351500934
0,33801,GET,2765875351548755
0,14359,PUT,2765875351501947
0,14359,GET,2765875351549236
0,23296,PUT,2765875351466143
0,23296,GET,2765875351549196
0,25090,PUT,2765875351492946
0,25090,GET,2765875351549256
0,21767,PUT,2765875351466414
0,21767,GET,2765875351549347
0,12311,PUT,2765875351485659
0,12311,GET,2765875351549437
0,18177,PUT,2765875351441757
0,18177,GET,2765875351549577
0,11039,PUT,2765875351481499
0,11039,GET,2765875351549597
0,27926,PUT,2765875351508171
0,27926,GET,2765875351549667
0,29191,PUT,2765875351512471
0,29191,GET,2765875351549567
0,14103,PUT,2765875351500122
0,14103,GET,2765875351549687
0,31500,PUT,2765875351490330
0,31500,GET,2765875351549697
0,9500,PUT,2765875351477901
0,9500,GET,2765875351549818
0,11291,PUT,2765875351483855
0,11291,GET,2765875351549848
0,10524,PUT,2765875351485478
0,10524,GET,2765875351549878
0,11530,PUT,2765875351486170
0,11530,GET,2765875351549918
0,18200,PUT,2765875351517392
0,18200,GET,2765875351549928
0,23304,PUT,2765875351438429
0,23304,GET,2765875351550038
0,26137,PUT,2765875351474713
0,26137,GET,2765875351550098
0,24598,PUT,2765875351481369
0,24598,GET,2765875351550148
0,25114,PUT,2765875351481319
0,25114,GET,2765875351550179
0,25611,PUT,2765875351481529
0,25611,GET,2765875351550279
0,14610,PUT,2765875351475515
0,14610,GET,2765875351550369
0,22283,PUT,2765875351462314
0,22283,GET,2765875351550519
0,12818,PUT,2765875351463056
0,12818,GET,2765875351550640
0,26639,PUT,2765875351505104
0,26639,GET,2765875351550650
0,12568,PUT,2765875351479204
0,12568,GET,2765875351550409
0,25100,PUT,2765875351449655
0,25100,GET,2765875351550640
0,10523,PUT,2765875351474743
0,10523,GET,2765875351550630
0,23041,PUT,2765875351486140
0,23041,GET,2765875351550730
0,11274,PUT,2765875351485238
0,11274,GET,2765875351550760
0,29465,PUT,2765875351492074
0,29465,GET,2765875351550650
0,8732,PUT,2765875351470914
0,8732,GET,2765875351550650
0,21506,PUT,2765875351470714
0,21506,GET,2765875351550920
0,33798,PUT,2765875351523236
0,33798,GET,2765875351550840
0,32528,PUT,2765875351484686
0,32528,GET,2765875351551010
0,28428,PUT,2765875351472799
0,28428,GET,2765875351551000
0,16157,PUT,2765875351515608
0,16157,GET,2765875351551051
0,15645,PUT,2765875351512010
0,15645,GET,2765875351551111
0,10526,PUT,2765875351482702
0,10526,GET,2765875351551161
0,14100,PUT,2765875351474713
0,14100,GET,2765875351551221
0,13341,PUT,2765875351497346
0,13341,GET,2765875351551221
0,26383,PUT,2765875351504292
0,26383,GET,2765875351551421
0,29452,PUT,2765875351477179
0,29452,GET,2765875351551502
0,10499,PUT,2765875351495662
0,10499,GET,2765875351551482
0,13848,PUT,2765875351486300
0,13848,GET,2765875351551562
0,27145,PUT,2765875351448943
0,27145,GET,2765875351551572
0,26638,PUT,2765875351483153
0,26638,GET,2765875351551652
0,11549,PUT,2765875351488405
0,11549,GET,2765875351551682
0,16402,PUT,2765875351489087
0,16402,GET,2765875351551652
0,14858,PUT,2765875351510296
0,14858,GET,2765875351551842
0,29446,PUT,2765875351476658
0,29446,GET,2765875351551742
0,25369,PUT,2765875351469862
0,25369,GET,2765875351551943
0,23558,PUT,2765875351435903
0,23558,GET,2765875351552023
0,11544,PUT,2765875351474763
0,11544,GET,2765875351552003
0,29977,PUT,2765875351496554
0,29977,GET,2765875351552414
0,25102,PUT,2765875351474192
0,25102,GET,2765875351552444
0,9495,PUT,2765875351458446
0,9495,GET,2765875351552564
0,31238,PUT,2765875351489017
0,31238,GET,2765875351552454
0,28691,PUT,2765875351488786
0,28691,GET,2765875351552674
0,26382,PUT,2765875351482301
0,26382,GET,2765875351552564
0,13581,PUT,2765875351498499
0,13581,GET,2765875351552554
0,14872,PUT,2765875351495171
0,14872,GET,2765875351552805
0,29451,PUT,2765875351511669
0,29451,GET,2765875351552765
0,29701,PUT,2765875351486190
0,29701,GET,2765875351552795
0,14110,PUT,2765875351503250
0,14110,GET,2765875351552704
0,27915,PUT,2765875351504011
0,27915,GET,2765875351552855
0,20495,PUT,2765875351457794
0,20495,GET,2765875351553045
0,12298,PUT,2765875351491432
0,12298,GET,2765875351553386
0,28940,PUT,2765875351475485
0,28940,GET,2765875351553236
0,12827,PUT,2765875351499491
0,12827,GET,2765875351553426
0,26625,PUT,2765875351510627
0,26625,GET,2765875351553476
0,30222,PUT,2765875351504703
0,30222,GET,2765875351553486
0,13066,PUT,2765875351493988
0,13066,GET,2765875351553496
0,31760,PUT,2765875351474653
0,31760,GET,2765875351553627
0,13852,PUT,2765875351509344
0,13852,GET,2765875351553346
0,10007,PUT,2765875351465362
0,10007,GET,2765875351553677
0,17938,PUT,2765875351494138
0,17938,GET,2765875351553727
0,13588,PUT,2765875351472999
0,13588,GET,2765875351553757
0,28674,PUT,2765875351521091
0,28674,GET,2765875351553967
0,25358,PUT,2765875351476858
0,25358,GET,2765875351553697
0,13335,PUT,2765875351494840
0,13335,GET,2765875351553787
0,32017,PUT,2765875351478873
0,32017,GET,2765875351554048
0,12308,PUT,2765875351465943
0,12308,GET,2765875351554098
0,23040,PUT,2765875351462876
0,23040,GET,2765875351554148
0,18194,PUT,2765875351494960
0,18194,GET,2765875351554308
0,8963,PUT,2765875351481228
0,8963,GET,2765875351554318
0,9485,PUT,2765875351477670
0,9485,GET,2765875351554328
0,14098,PUT,2765875351472859
0,14098,GET,2765875351554418
0,27648,PUT,2765875351502919
0,27648,GET,2765875351554398
0,35088,PUT,2765875351517322
0,35088,GET,2765875351554499
0,30472,PUT,2765875351491613
0,30472,GET,2765875351554569
0,14621,PUT,2765875351505886
0,14621,GET,2765875351554579
0,24078,PUT,2765875351465311
0,24078,GET,2765875351554579
0,26118,PUT,2765875351457924
0,26118,GET,2765875351554609
0,24064,PUT,2765875351474633
0,24064,GET,2765875351554910
0,12316,PUT,2765875351497165
0,12316,GET,2765875351554719
0,28688,PUT,2765875351461653
0,28688,GET,2765875351554990
0,23815,PUT,2765875351484857
0,23815,GET,2765875351554890
0,14616,PUT,2765875351490891
0,14616,GET,2765875351555100
0,19730,PUT,2765875351501886
0,19730,GET,2765875351555060
0,9994,PUT,2765875351476848
0,9994,GET,2765875351555220
0,14107,PUT,2765875351509755
0,14107,GET,2765875351555260
0,28162,PUT,2765875351516601
0,28162,GET,2765875351555270
0,17684,PUT,2765875351507580
0,17684,GET,2765875351555180
0,23559,PUT,2765875351481409
0,23559,GET,2765875351555361
0,11780,PUT,2765875351526143
0,11780,GET,2765875351555381
0,25861,PUT,2765875351451700
0,25861,GET,2765875351555541
0,19474,PUT,2765875351500082
0,19474,GET,2765875351555321
0,34825,PUT,2765875351507219
0,34825,GET,2765875351555511
0,25877,PUT,2765875351459648
0,25877,GET,2765875351555701
0,10762,PUT,2765875351481609
0,10762,GET,2765875351555792
0,34565,PUT,2765875351535685
0,34565,GET,2765875351555892
0,16413,PUT,2765875351516500
0,16413,GET,2765875351555852
0,24582,PUT,2765875351441546
0,24582,GET,2765875351555852
0,31756,PUT,2765875351492926
0,31756,GET,2765875351555912
0,31750,PUT,2765875351493577
0,31750,GET,2765875351555862
0,32268,PUT,2765875351500413
0,32268,GET,2765875351556213
0,22529,PUT,2765875351484095
0,22529,GET,2765875351556022
0,28683,PUT,2765875351508392
0,28683,GET,2765875351556172
0,31001,PUT,2765875351503460
0,31001,GET,2765875351556193
0,25622,PUT,2765875351491512
0,25622,GET,2765875351556233
0,30224,PUT,2765875351468729
0,30224,GET,2765875351556193
0,27413,PUT,2765875351470544
0,27413,GET,2765875351556343
0,28944,PUT,2765875351463597
0,28944,GET,2765875351556323
0,12061,PUT,2765875351490049
0,12061,GET,2765875351556423
0,11277,PUT,2765875351488475
0,11277,GET,2765875351556533
0,13069,PUT,2765875351496614
0,13069,GET,2765875351556503
0,34321,PUT,2765875351508622
0,34321,GET,2765875351556654
0,26906,PUT,2765875351503781
0,26906,GET,2765875351556704
0,13598,PUT,2765875351501506
0,13598,GET,2765875351556734
0,11799,PUT,2765875351479314
0,11799,GET,2765875351556904
0,23297,PUT,2765875351487353
0,23297,GET,2765875351557155
0,29448,PUT,2765875351484636
0,29448,GET,2765875351557115
0,32534,PUT,2765875351536517
0,32534,GET,2765875351557095
0,27929,PUT,2765875351484426
0,27929,GET,2765875351557055
0,25089,PUT,2765875351502137
0,25089,GET,2765875351557175
0,31505,PUT,2765875351476337
0,31505,GET,2765875351557135
0,29971,PUT,2765875351496885
0,29971,GET,2765875351557275
0,32265,PUT,2765875351476608
0,32265,GET,2765875351557245
0,25858,PUT,2765875351498980
0,25858,GET,2765875351557636
0,8451,PUT,2765875351479194
0,8451,GET,2765875351557776
0,21778,PUT,2765875351513263
0,21778,GET,2765875351557987
0,29697,PUT,2765875351537639
0,29697,GET,2765875351557836
0,26632,PUT,2765875351464830
0,26632,GET,2765875351557766
0,33296,PUT,2765875351507840
0,33296,GET,2765875351557876
0,15890,PUT,2765875351486390
0,15890,GET,2765875351557927
0,14111,PUT,2765875351507910
0,14111,GET,2765875351557896
0,32529,PUT,2765875351482491
0,32529,GET,2765875351557937
0,27392,PUT,2765875351501937
0,27392,GET,2765875351558017
0,32777,PUT,2765875351479154
0,32777,GET,2765875351558017
0,31514,PUT,2765875351530262
0,31514,GET,2765875351558037
0,9502,PUT,2765875351474192
0,9502,GET,2765875351558267
0,8461,PUT,2765875351470894
0,8461,GET,2765875351558307
0,9245,PUT,2765875351475816
0,9245,GET,2765875351558458
0,17431,PUT,2765875351528949
0,17431,GET,2765875351558819
0,30485,PUT,2765875351494870
0,30485,GET,2765875351558728
0,17428,PUT,2765875351504843
0,17428,GET,2765875351558568
0,21007,PUT,2765875351459408
0,21007,GET,2765875351558849
0,32521,PUT,2765875351477440
0,32521,GET,2765875351558859
0,13837,PUT,2765875351499210
0,13837,GET,2765875351558969
0,14360,PUT,2765875351490049
0,14360,GET,2765875351558979
0,22786,PUT,2765875351476257
0,22786,GET,2765875351558999
0,28949,PUT,2765875351482431
0,28949,GET,2765875351559179
0,15639,PUT,2765875351515598
0,15639,GET,2765875351559310
0,19735,PUT,2765875351540486
0,19735,GET,2765875351559260
0,13592,PUT,2765875351485458
0,13592,GET,2765875351559330
0,11803,PUT,2765875351490460
0,11803,GET,2765875351559510
0,10765,PUT,2765875351484917
0,10765,GET,2765875351559550
0,33032,PUT,2765875351519678
0,33032,GET,2765875351559681
0,30984,PUT,2765875351497025
0,30984,GET,2765875351559731
0,27923,PUT,2765875351478562
0,27923,GET,2765875351559651
0,8714,PUT,2765875351463998
0,8714,GET,2765875351559691
0,11284,PUT,2765875351458355
0,11284,GET,2765875351559731
0,23834,PUT,2765875351470022
0,23834,GET,2765875351559991
0,12319,PUT,2765875351491021
0,12319,GET,2765875351559801
0,8476,PUT,2765875351462264
0,8476,GET,2765875351560212
0,14366,PUT,2765875351505244
0,14366,GET,2765875351560292
0,15388,PUT,2765875351528398
0,15388,GET,2765875351560272
0,9219,PUT,2765875351482100
0,9219,GET,2765875351560493
0,24079,PUT,2765875351491161
0,24079,GET,2765875351560412
0,24583,PUT,2765875351488976
0,24583,GET,2765875351560442
0,22286,PUT,2765875351446879
0,22286,GET,2765875351560392
0,24327,PUT,2765875351488104
0,24327,GET,2765875351560573
0,25088,PUT,2765875351482993
0,25088,GET,2765875351560583
0,26119,PUT,2765875351495792
0,26119,GET,2765875351560482
0,29708,PUT,2765875351478903
0,29708,GET,2765875351560683
0,16152,PUT,2765875351505395
0,16152,GET,2765875351560663
0,23059,PUT,2765875351438670
0,23059,GET,2765875351560673
0,9756,PUT,2765875351480797
0,9756,GET,2765875351560903
0,30481,PUT,2765875351471476
0,30481,GET,2765875351560914
0,12557,PUT,2765875351494790
0,12557,GET,2765875351561154
0,16920,PUT,2765875351510967
0,16920,GET,2765875351561134
0,32012,PUT,2765875351496694
0,32012,GET,2765875351561224
0,13086,PUT,2765875351498458
0,13086,GET,2765875351561174
0,11806,PUT,2765875351488415
0,11806,GET,2765875351561204
0,17689,PUT,2765875351422853
0,17689,GET,2765875351561314
0,32789,PUT,2765875351512190
0,32789,GET,2765875351561345
0,11523,PUT,2765875351500243
0,11523,GET,2765875351561204
0,13595,PUT,2765875351506086
0,13595,GET,2765875351561435
0,12572,PUT,2765875351498158
0,12572,GET,2765875351561405
0,16660,PUT,2765875351496023
0,16660,GET,2765875351561625
0,29721,PUT,2765875351495692
0,29721,GET,2765875351561545
0,41225,PUT,2765875351555200
0,41225,GET,2765875351561645
0,19218,PUT,2765875351498519
0,19218,GET,2765875351561645
0,25871,PUT,2765875351501746
0,25871,GET,2765875351561946
0,10525,PUT,2765875351481118
0,10525,GET,2765875351562046
0,31765,PUT,2765875351505284
0,31765,GET,2765875351561956
0,10779,PUT,2765875351477520
0,10779,GET,2765875351562096
0,8964,PUT,2765875351505174
0,8964,GET,2765875351562116
0,16148,PUT,2765875351492324
0,16148,GET,2765875351561936
0,33553,PUT,2765875351503189
0,33553,GET,2765875351562227
0,15647,PUT,2765875351523196
0,15647,GET,2765875351562196
0,22031,PUT,2765875351466584
0,22031,GET,2765875351562207
0,28175,PUT,2765875351517242
0,28175,GET,2765875351562467
0,14093,PUT,2765875351500002
0,14093,GET,2765875351562517
0,31239,PUT,2765875351528789
0,31239,GET,2765875351562567
0,16131,PUT,2765875351534993
0,16131,GET,2765875351562627
0,15128,PUT,2765875351497135
0,15128,GET,2765875351562617
0,17682,PUT,2765875351493276
0,17682,GET,2765875351562788
0,9731,PUT,2765875351483885
0,9731,GET,2765875351562998
0,43281,PUT,2765875351562146
0,43281,GET,2765875351562908
0,27157,PUT,2765875351468639
0,27157,GET,2765875351563089
0,28933,PUT,2765875351479885
0,28933,GET,2765875351563028
0,15901,PUT,2765875351514806
0,15901,GET,2765875351563159
0,34568,PUT,2765875351529350
0,34568,GET,2765875351563209
0,14861,PUT,2765875351506247
0,14861,GET,2765875351563349
0,13083,PUT,2765875351500383
0,13083,GET,2765875351563500
0,16926,PUT,2765875351522574
0,16926,GET,2765875351563489
0,15133,PUT,2765875351507530
0,15133,GET,2765875351563620
0,28935,PUT,2765875351511709
0,28935,GET,2765875351563560
0,30728,PUT,2765875351496143
0,30728,GET,2765875351563489
0,28953,PUT,2765875351490400
0,28953,GET,2765875351563720
0,15619,PUT,2765875351532357
0,15619,GET,2765875351563820
0,14083,PUT,2765875351521051
0,14083,GET,2765875351563850
0,14108,PUT,2765875351518365
0,14108,GET,2765875351563941
0,15900,PUT,2765875351533059
0,15900,GET,2765875351563951
0,22806,PUT,2765875351465432
0,22806,GET,2765875351563961
0,29696,PUT,2765875351513624
0,29696,GET,2765875351564001
0,27158,PUT,2765875351504623
0,27158,GET,2765875351563890
0,28947,PUT,2765875351491572
0,28947,GET,2765875351563941
0,25602,PUT,2765875351497717
0,25602,GET,2765875351564131
0,13322,PUT,2765875351496694
0,13322,GET,2765875351564231
0,9997,PUT,2765875351481309
0,9997,GET,2765875351564211
0,18189,PUT,2765875351526063
0,18189,GET,2765875351564231
0,27138,PUT,2765875351511398
0,27138,GET,2765875351564542
0,9220,PUT,2765875351506878
0,9220,GET,2765875351564452
0,21761,PUT,2765875351479204
0,21761,GET,2765875351564472
0,23810,PUT,2765875351484045
0,23810,GET,2765875351564482
0,27418,PUT,2765875351507379
0,27418,GET,2765875351564732
0,40465,PUT,2765875351542070
0,40465,GET,2765875351564592
0,33548,PUT,2765875351525792
0,33548,GET,2765875351564793
0,33545,PUT,2765875351498278
0,33545,GET,2765875351564782
0,15124,PUT,2765875351484506
0,15124,GET,2765875351564762
0,25359,PUT,2765875351500192
0,25359,GET,2765875351564803
0,24602,PUT,2765875351478572
0,24602,GET,2765875351564893
0,14605,PUT,2765875351505385
0,14605,GET,2765875351564843
0,17421,PUT,2765875351523727
0,17421,GET,2765875351564893
0,26123,PUT,2765875351484145
0,26123,GET,2765875351565003
0,18450,PUT,2765875351495812
0,18450,GET,2765875351564973
0,36105,PUT,2765875351519377
0,36105,GET,2765875351565163
0,12828,PUT,2765875351499451
0,12828,GET,2765875351565234
0,15390,PUT,2765875351515037
0,15390,GET,2765875351565284
0,21771,PUT,2765875351457984
0,21771,GET,2765875351565454
0,15127,PUT,2765875351511128
0,15127,GET,2765875351565685
0,26895,PUT,2765875351508542
0,26895,GET,2765875351565665
0,29447,PUT,2765875351513303
0,29447,GET,2765875351565735
0,35097,PUT,2765875351559871
0,35097,GET,2765875351565795
0,28416,PUT,2765875351506026
0,28416,GET,2765875351565795
0,25608,PUT,2765875351460540
0,25608,GET,2765875351565945
0,28174,PUT,2765875351491312
0,28174,GET,2765875351565915
0,28425,PUT,2765875351456842
0,28425,GET,2765875351566035
0,20994,PUT,2765875351464971
0,20994,GET,2765875351566156
0,28943,PUT,2765875351521572
0,28943,GET,2765875351566236
0,25095,PUT,2765875351492424
0,25095,GET,2765875351566186
0,32019,PUT,2765875351514195
0,32019,GET,2765875351566316
0,31494,PUT,2765875351492715
0,31494,GET,2765875351566336
0,32267,PUT,2765875351530032
0,32267,GET,2765875351566396
0,17694,PUT,2765875351536166
0,17694,GET,2765875351566356
0,27407,PUT,2765875351511138
0,27407,GET,2765875351566446
0,14878,PUT,2765875351506978
0,14878,GET,2765875351566506
0,15114,PUT,2765875351511158
0,15114,GET,2765875351566717
0,14363,PUT,2765875351514496
0,14363,GET,2765875351566677
0,20992,PUT,2765875351446488
0,20992,GET,2765875351566647
0,26902,PUT,2765875351502829
0,26902,GET,2765875351566727
0,30486,PUT,2765875351524840
0,30486,GET,2765875351567288
0,14090,PUT,2765875351503189
0,14090,GET,2765875351566787
0,14365,PUT,2765875351504803
0,14365,GET,2765875351567038
0,32776,PUT,2765875351506587
0,32776,GET,2765875351567108
0,27414,PUT,2765875351505595
0,27414,GET,2765875351567108
0,22018,PUT,2765875351472628
0,22018,GET,2765875351567128
0,29952,PUT,2765875351514616
0,29952,GET,2765875351567288
0,28167,PUT,2765875351509264
0,28167,GET,2765875351567328
0,11293,PUT,2765875351487373
0,11293,GET,2765875351567278
0,9741,PUT,2765875351479444
0,9741,GET,2765875351567409
0,25099,PUT,2765875351478081
0,25099,GET,2765875351567409
0,34833,PUT,2765875351511058
0,34833,GET,2765875351567439
0,10755,PUT,2765875351496454
0,10755,GET,2765875351567479
0,16158,PUT,2765875351517783
0,16158,GET,2765875351567419
0,25601,PUT,2765875351505695
0,25601,GET,2765875351567489
0,16663,PUT,2765875351524559
0,16663,GET,2765875351567639
0,31513,PUT,2765875351509795
0,31513,GET,2765875351567579
0,31745,PUT,2765875351551452
0,31745,GET,2765875351567579
0,29445,PUT,2765875351485358
0,29445,GET,2765875351567679
0,29203,PUT,2765875351492545
0,29203,GET,2765875351567880
0,30985,PUT,2765875351468058
0,30985,GET,2765875351567910
0,27663,PUT,2765875351511960
0,27663,GET,2765875351568070
0,11548,PUT,2765875351490099
0,11548,GET,2765875351567970
0,33557,PUT,2765875351531726
0,33557,GET,2765875351568331
0,38921,PUT,2765875351538461
0,38921,GET,2765875351568411
0,24322,PUT,2765875351490450
0,24322,GET,2765875351568431
0,32021,PUT,2765875351506136
0,32021,GET,2765875351568431
0,30990,PUT,2765875351509093
0,30990,GET,2765875351568281
0,13343,PUT,2765875351499481
0,13343,GET,2765875351568511
0,14879,PUT,2765875351514696
0,14879,GET,2765875351568531
0,24335,PUT,2765875351492044
0,24335,GET,2765875351568531
0,13332,PUT,2765875351471265
0,13332,GET,2765875351568842
0,35593,PUT,2765875351516741
0,35593,GET,2765875351568842
0,21010,PUT,2765875351508752
0,21010,GET,2765875351568842
0,16407,PUT,2765875351523687
0,16407,GET,2765875351568872
0,30219,PUT,2765875351516150
0,30219,GET,2765875351568912
0,25370,PUT,2765875351487804
0,25370,GET,2765875351568952
0,13340,PUT,2765875351502277
0,13340,GET,2765875351569042
0,26368,PUT,2765875351493978
0,26368,GET,2765875351569303
0,29466,PUT,2765875351519167
0,29466,GET,2765875351569072
0,35340,PUT,2765875351539724
0,35340,GET,2765875351569373
0,25870,PUT,2765875351479565
0,25870,GET,2765875351569363
0,24854,PUT,2765875351486170
0,24854,GET,2765875351569523
0,38161,PUT,2765875351531054
0,38161,GET,2765875351569453
0,16394,PUT,2765875351520309
0,16394,GET,2765875351569463
0,16159,PUT,2765875351526995
0,16159,GET,2765875351569794
0,32518,PUT,2765875351495953
0,32518,GET,2765875351569664
0,10781,PUT,2765875351482872
0,10781,GET,2765875351569754
0,26112,PUT,2765875351492805
0,26112,GET,2765875351569834
0,14868,PUT,2765875351482742
0,14868,GET,2765875351569954
0,38661,PUT,2765875351562267
0,38661,GET,2765875351570005
0,13855,PUT,2765875351506216
0,13855,GET,2765875351569884
0,11547,PUT,2765875351485498
0,11547,GET,2765875351570025
0,17693,PUT,2765875351525642
0,17693,GET,2765875351570115
0,16916,PUT,2765875351497727
0,16916,GET,2765875351570225
0,32277,PUT,2765875351507900
0,32277,GET,2765875351570255
0,28438,PUT,2765875351509915
0,28438,GET,2765875351570285
0,18973,PUT,2765875351533981
0,18973,GET,2765875351570165
0,12810,PUT,2765875351493156
0,12810,GET,2765875351570245
0,31232,PUT,2765875351522224
0,31232,GET,2765875351570305
0,31002,PUT,2765875351528689
0,31002,GET,2765875351570436
0,18957,PUT,2765875351535294
0,18957,GET,2765875351570666
0,12317,PUT,2765875351491993
0,12317,GET,2765875351570746
0,12554,PUT,2765875351492284
0,12554,GET,2765875351570786
0,39185,PUT,2765875351534402
0,39185,GET,2765875351570766
0,18706,PUT,2765875351496584
0,18706,GET,2765875351570887
0,19220,PUT,2765875351522103
0,19220,GET,2765875351570897
0,32008,PUT,2765875351502317
0,32008,GET,2765875351571017
0,11807,PUT,2765875351487272
0,11807,GET,2765875351571017
0,22530,PUT,2765875351474292
0,22530,GET,2765875351571157
0,26114,PUT,2765875351499741
0,26114,GET,2765875351571288
0,30233,PUT,2765875351497476
0,30233,GET,2765875351571207
0,9752,PUT,2765875351461483
0,9752,GET,2765875351571248
0,34056,PUT,2765875351526814
0,34056,GET,2765875351571318
0,11805,PUT,2765875351489197
0,11805,GET,2765875351571548
0,10012,PUT,2765875351482612
0,10012,GET,2765875351571278
0,36112,PUT,2765875351527145
0,36112,GET,2765875351571458
0,15629,PUT,2765875351512571
0,15629,GET,2765875351571508
0,17436,PUT,2765875351540676
0,17436,GET,2765875351571588
0,16658,PUT,2765875351489959
0,16658,GET,2765875351571588
0,13827,PUT,2765875351518355
0,13827,GET,2765875351571689
0,36620,PUT,2765875351545077
0,36620,GET,2765875351571679
0,19988,PUT,2765875351531826
0,19988,GET,2765875351571809
0,17944,PUT,2765875351515548
0,17944,GET,2765875351571909
0,12831,PUT,2765875351495852
0,12831,GET,2765875351571949
0,35344,PUT,2765875351520870
0,35344,GET,2765875351571939
0,8708,PUT,2765875351503300
0,8708,GET,2765875351572069
0,13079,PUT,2765875351494058
0,13079,GET,2765875351572270
0,16909,PUT,2765875351519297
0,16909,GET,2765875351572300
0,20754,PUT,2765875351507910
0,20754,GET,2765875351572420
0,11032,PUT,2765875351471927
0,11032,GET,2765875351572591
0,13342,PUT,2765875351499421
0,13342,GET,2765875351572621
0,10014,PUT,2765875351478352
0,10014,GET,2765875351572731
0,12804,PUT,2765875351529551
0,12804,GET,2765875351572751
0,19741,PUT,2765875351545899
0,19741,GET,2765875351572781
0,17439,PUT,2765875351534352
0,17439,GET,2765875351572911
0,23554,PUT,2765875351483153
0,23554,GET,2765875351572911
0,36108,PUT,2765875351542380
0,36108,GET,2765875351573012
0,30993,PUT,2765875351473691
0,30993,GET,2765875351573042
0,27394,PUT,2765875351513183
0,27394,GET,2765875351573202
0,13597,PUT,2765875351500313
0,13597,GET,2765875351573122
0,14851,PUT,2765875351526233
0,14851,GET,2765875351573352
0,19466,PUT,2765875351543814
0,19466,GET,2765875351573463
0,9475,PUT,2765875351482962
0,9475,GET,2765875351573463
0,26891,PUT,2765875351488295
0,26891,GET,2765875351573773
0,10782,PUT,2765875351483534
0,10782,GET,2765875351573673
0,33288,PUT,2765875351520560
0,33288,GET,2765875351573683
0,30469,PUT,2765875351494319
0,30469,GET,2765875351573563
0,24834,PUT,2765875351492154
0,24834,GET,2765875351573823
0,12060,PUT,2765875351493046
0,12060,GET,2765875351573864
0,31499,PUT,2765875351524689
0,31499,GET,2765875351573834
0,13599,PUT,2765875351503350
0,13599,GET,2765875351573924
0,21527,PUT,2765875351557586
0,21527,GET,2765875351574104
0,30976,PUT,2765875351521151
0,30976,GET,2765875351574124
0,27151,PUT,2765875351509384
0,27151,GET,2765875351574134
0,30734,PUT,2765875351508251
0,30734,GET,2765875351574164
0,15646,PUT,2765875351516019
0,15646,GET,2765875351574285
0,28697,PUT,2765875351488686
0,28697,GET,2765875351574415
0,33818,PUT,2765875351568451
0,33818,GET,2765875351574405
0,33808,PUT,2765875351509534
0,33808,GET,2765875351574475
0,15896,PUT,2765875351502588
0,15896,GET,2765875351574746
0,29195,PUT,2765875351510917
0,29195,GET,2765875351574595
0,30721,PUT,2765875351543814
0,30721,GET,2765875351574776
0,10264,PUT,2765875351465281
0,10264,GET,2765875351574796
0,33552,PUT,2765875351508702
0,33552,GET,2765875351574886
0,14339,PUT,2765875351521933
0,14339,GET,2765875351575036
0,39432,PUT,2765875351555331
0,39432,GET,2765875351575036
0,31744,PUT,2765875351524329
0,31744,GET,2765875351575076
0,26126,PUT,2765875351480437
0,26126,GET,2765875351575096
0,13325,PUT,2765875351497486
0,13325,GET,2765875351575227
0,20509,PUT,2765875351552374
0,20509,GET,2765875351575217
0,10500,PUT,2765875351513032
0,10500,GET,2765875351575397
0,15903,PUT,2765875351526012
0,15903,GET,2765875351575347
0,28185,PUT,2765875351485228
0,28185,GET,2765875351575558
0,26894,PUT,2765875351483925
0,26894,GET,2765875351575327
0,29959,PUT,2765875351515007
0,29959,GET,2765875351575778
0,26643,PUT,2765875351466705
0,26643,GET,2765875351575688
0,30739,PUT,2765875351506317
0,30739,GET,2765875351575708
0,36880,PUT,2765875351530553
0,36880,GET,2765875351575728
0,30210,PUT,2765875351530162
0,30210,GET,2765875351575768
0,16664,PUT,2765875351510095
0,16664,GET,2765875351575738
0,32006,PUT,2765875351494289
0,32006,GET,2765875351576019
0,31510,PUT,2765875351533119
0,31510,GET,2765875351575999
0,14367,PUT,2765875351509945
0,14367,GET,2765875351576009
0,32779,PUT,2765875351532357
0,32779,GET,2765875351576039
0,14871,PUT,2765875351507379
0,14871,GET,2765875351576199
0,29198,PUT,2765875351499491
0,29198,GET,2765875351576179
0,18196,PUT,2765875351513072
0,18196,GET,2765875351576430
0,29973,PUT,2765875351493196
0,29973,GET,2765875351576550
0,32025,PUT,2765875351512491
0,32025,GET,2765875351576690
0,34310,PUT,2765875351525872
0,34310,GET,2765875351576810
0,30483,PUT,2765875351504533
0,30483,GET,2765875351577011
0,28950,PUT,2765875351512461
0,28950,GET,2765875351576851
0,24852,PUT,2765875351568311
0,24852,GET,2765875351576951
0,27670,PUT,2765875351507439
0,27670,GET,2765875351576961
0,12315,PUT,2765875351493978
0,12315,GET,2765875351577071
0,32262,PUT,2765875351495121
0,32262,GET,2765875351576961
0,13087,PUT,2765875351498589
0,13087,GET,2765875351577051
0,14615,PUT,2765875351502728
0,14615,GET,2765875351577091
0,30983,PUT,2765875351526113
0,30983,GET,2765875351577111
0,27655,PUT,2765875351505625
0,27655,GET,2765875351577231
0,22036,PUT,2765875351548855
0,22036,GET,2765875351577372
0,14612,PUT,2765875351476618
0,14612,GET,2765875351577392
0,14876,PUT,2765875351522083
0,14876,GET,2765875351577482
0,32270,PUT,2765875351525952
0,32270,GET,2765875351577402
0,15131,PUT,2765875351520019
0,15131,GET,2765875351577512
0,26113,PUT,2765875351508241
0,26113,GET,2765875351577582
0,32261,PUT,2765875351505525
0,32261,GET,2765875351577582
0,18712,PUT,2765875351519056
0,18712,GET,2765875351577723
0,12575,PUT,2765875351493066
0,12575,GET,2765875351577813
0,21266,PUT,2765875351510547
0,21266,GET,2765875351577863
0,30978,PUT,2765875351536677
0,30978,GET,2765875351578023
0,28939,PUT,2765875351510095
0,28939,GET,2765875351577913
0,11786,PUT,2765875351487102
0,11786,GET,2765875351577933
0,34577,PUT,2765875351509504
0,34577,GET,2765875351577953
0,30982,PUT,2765875351487212
0,30982,GET,2765875351578474
0,28161,PUT,2765875351524188
0,28161,GET,2765875351578194
0,26887,PUT,2765875351498298
0,26887,GET,2765875351578354
0,31248,PUT,2765875351473049
0,31248,GET,2765875351578334
0,27904,PUT,2765875351503991
0,27904,GET,2765875351578414
0,28942,PUT,2765875351498659
0,28942,GET,2765875351578494
0,15117,PUT,2765875351507058
0,15117,GET,2765875351578585
0,11292,PUT,2765875351489287
0,11292,GET,2765875351578554
0,38417,PUT,2765875351531896
0,38417,GET,2765875351578775
0,15134,PUT,2765875351510687
0,15134,GET,2765875351578675
0,33040,PUT,2765875351504192
0,33040,GET,2765875351578935
0,27674,PUT,2765875351510206
0,27674,GET,2765875351578895
0,35592,PUT,2765875351534693
0,35592,GET,2765875351579076
0,14877,PUT,2765875351506577
0,14877,GET,2765875351579116
0,29966,PUT,2765875351503761
0,29966,GET,2765875351579236
0,30475,PUT,2765875351516991
0,30475,GET,2765875351579437
0,8988,PUT,2765875351472127
0,8988,GET,2765875351579667
0,29206,PUT,2765875351515267
0,29206,GET,2765875351579517
0,11543,PUT,2765875351478472
0,11543,GET,2765875351579697
0,28672,PUT,2765875351507008
0,28672,GET,2765875351579687
0,35856,PUT,2765875351525361
0,35856,GET,2765875351579747
0,33297,PUT,2765875351502347
0,33297,GET,2765875351579757
0,32281,PUT,2765875351520019
0,32281,GET,2765875351579857
0,27143,PUT,2765875351499290
0,27143,GET,2765875351580038
0,11789,PUT,2765875351490289
0,11789,GET,2765875351580198
0,27403,PUT,2765875351501365
0,27403,GET,2765875351580238
0,16404,PUT,2765875351494108
0,16404,GET,2765875351580309
0,28418,PUT,2765875351517422
0,28418,GET,2765875351580409
0,16411,PUT,2765875351530142
0,16411,GET,2765875351580369
0,21522,PUT,2765875351512411
0,21522,GET,2765875351580329
0,32531,PUT,2765875351515949
0,32531,GET,2765875351580529
0,26134,PUT,2765875351496835
0,26134,GET,2765875351580459
0,27911,PUT,2765875351507469
0,27911,GET,2765875351580499
0,33036,PUT,2765875351524118
0,33036,GET,2765875351580619
0,23833,PUT,2765875351460370
0,23833,GET,2765875351580900
0,30479,PUT,2765875351532929
0,30479,GET,2765875351580790
0,33542,PUT,2765875351522404
0,33542,GET,2765875351580770
0,29462,PUT,2765875351517082
0,29462,GET,2765875351580840
0,21268,PUT,2765875351543403
0,21268,GET,2765875351580800
0,16156,PUT,2765875351534883
0,16156,GET,2765875351580970
0,31246,PUT,2765875351512782
0,31246,GET,2765875351581130
0,37401,PUT,2765875351574295
0,37401,GET,2765875351581281
0,24591,PUT,2765875351492875
0,24591,GET,2765875351581201
0,31749,PUT,2765875351501947
0,31749,GET,2765875351581251
0,32264,PUT,2765875351504944
0,32264,GET,2765875351581281
0,15373,PUT,2765875351508812
0,15373,GET,2765875351581291
0,31258,PUT,2765875351529511
0,31258,GET,2765875351581371
0,32517,PUT,2765875351507540
0,32517,GET,2765875351581391
0,13085,PUT,2765875351495602
0,13085,GET,2765875351581371
0,25615,PUT,2765875351500924
0,25615,GET,2765875351581311
0,34838,PUT,2765875351566506
0,34838,GET,2765875351581481
0,28698,PUT,2765875351514526
0,28698,GET,2765875351581501
0,28417,PUT,2765875351525411
0,28417,GET,2765875351581551
0,36364,PUT,2765875351543172
0,36364,GET,2765875351581592
0,31751,PUT,2765875351530483
0,31751,GET,2765875351581852
0,28435,PUT,2765875351483043
0,28435,GET,2765875351581652
0,24577,PUT,2765875351497266
0,24577,GET,2765875351581862
0,12318,PUT,2765875351491663
0,12318,GET,2765875351581772
0,17170,PUT,2765875351491582
0,17170,GET,2765875351581772
0,28693,PUT,2765875351481489
0,28693,GET,2765875351581952
0,28186,PUT,2765875351512822
0,28186,GET,2765875351582043
0,35345,PUT,2765875351512651
0,35345,GET,2765875351582183
0,31251,PUT,2765875351508823
0,31251,GET,2765875351582093
0,29440,PUT,2765875351512621
0,29440,GET,2765875351582013
0,38929,PUT,2765875351533590
0,38929,GET,2765875351582113
0,30478,PUT,2765875351507429
0,30478,GET,2765875351582233
0,34582,PUT,2765875351565644
0,34582,GET,2765875351582113
0,33558,PUT,2765875351559590
0,33558,GET,2765875351582203
0,17951,PUT,2765875351537108
0,17951,GET,2765875351582313
0,24321,PUT,2765875351496083
0,24321,GET,2765875351582353
0,38416,PUT,2765875351537359
0,38416,GET,2765875351582323
0,28673,PUT,2765875351527917
0,28673,GET,2765875351582353
0,17162,PUT,2765875351524739
0,17162,GET,2765875351582433
0,33292,PUT,2765875351524980
0,33292,GET,2765875351582433
0,26646,PUT,2765875351500864
0,26646,GET,2765875351582423
0,39184,PUT,2765875351540827
0,39184,GET,2765875351582494
0,18201,PUT,2765875351426772
0,18201,GET,2765875351582714
0,12803,PUT,2765875351509324
0,12803,GET,2765875351582604
0,39696,PUT,2765875351542390
0,39696,GET,2765875351582794
0,27406,PUT,2765875351485398
0,27406,GET,2765875351582915
0,15895,PUT,2765875351518274
0,15895,GET,2765875351582975
0,26882,PUT,2765875351509624
0,26882,GET,2765875351583045
0,13853,PUT,2765875351501255
0,13853,GET,2765875351583015
0,34313,PUT,2765875351505515
0,34313,GET,2765875351583145
0,12059,PUT,2765875351493136
0,12059,GET,2765875351583135
0,33029,PUT,2765875351525732
0,33029,GET,2765875351583155
0,36624,PUT,2765875351529701
0,36624,GET,2765875351583175
0,21524,PUT,2765875351547041
0,21524,GET,2765875351583316
0,32524,PUT,2765875351502247
0,32524,GET,2765875351583396
0,20738,PUT,2765875351464129
0,20738,GET,2765875351583426
0,18463,PUT,2765875351538822
0,18463,GET,2765875351583356
0,24320,PUT,2765875351475615
0,24320,GET,2765875351583626
0,27918,PUT,2765875351490520
0,27918,GET,2765875351583546
0,18179,PUT,2765875351549557
0,18179,GET,2765875351583596
0,35857,PUT,2765875351515267
0,35857,GET,2765875351583676
0,18452,PUT,2765875351513944
0,18452,GET,2765875351583676
0,10244,PUT,2765875351512200
0,10244,GET,2765875351583777
0,35605,PUT,2765875351543363
0,35605,GET,2765875351583787
0,33555,PUT,2765875351535364
0,33555,GET,2765875351584358
0,30227,PUT,2765875351500623
0,30227,GET,2765875351583897
0,15107,PUT,2765875351528789
0,15107,GET,2765875351584137
0,16643,PUT,2765875351539794
0,16643,GET,2765875351584087
0,33544,PUT,2765875351523266
0,33544,GET,2765875351584147
0,30741,PUT,2765875351495732
0,30741,GET,2765875351584328
0,33289,PUT,2765875351495331
0,33289,GET,2765875351584629
0,30229,PUT,2765875351494018
0,30229,GET,2765875351584458
0,34054,PUT,2765875351524088
0,34054,GET,2765875351584629
0,25344,PUT,2765875351484005
0,25344,GET,2765875351584548
0,45328,PUT,2765875351577121
0,45328,GET,2765875351584578
0,34572,PUT,2765875351531826
0,34572,GET,2765875351584679
0,17924,PUT,2765875351564782
0,17924,GET,2765875351584528
0,15389,PUT,2765875351508482
0,15389,GET,2765875351584729
0,28182,PUT,2765875351509033
0,28182,GET,2765875351584719
0,29717,PUT,2765875351491322
0,29717,GET,2765875351584739
0,15885,PUT,2765875351514315
0,15885,GET,2765875351584759
0,27417,PUT,2765875351478963
0,27417,GET,2765875351584829
0,41233,PUT,2765875351546169
0,41233,GET,2765875351584979
0,16412,PUT,2765875351535745
0,16412,GET,2765875351585030
0,14364,PUT,2765875351519347
0,14364,GET,2765875351585060
0,30489,PUT,2765875351499892
0,30489,GET,2765875351585070
0,10756,PUT,2765875351517843
0,10756,GET,2765875351585130
0,13316,PUT,2765875351533149
0,13316,GET,2765875351585030
0,35845,PUT,2765875351540787
0,35845,GET,2765875351585210
0,15383,PUT,2765875351511990
0,15383,GET,2765875351585200
0,15364,PUT,2765875351546680
0,15364,GET,2765875351585240
0,18455,PUT,2765875351533269
0,18455,GET,2765875351585260
0,26390,PUT,2765875351498940
0,26390,GET,2765875351585260
0,21528,PUT,2765875351544145
0,21528,GET,2765875351585420
0,9755,PUT,2765875351467086
0,9755,GET,2765875351585581
0,28160,PUT,2765875351504984
0,28160,GET,2765875351585611
0,17688,PUT,2765875351514576
0,17688,GET,2765875351585781
0,20247,PUT,2765875351544084
0,20247,GET,2765875351585561
0,27399,PUT,2765875351501906
0,27399,GET,2765875351585691
0,36625,PUT,2765875351521372
0,36625,GET,2765875351585751
0,17176,PUT,2765875351511819
0,17176,GET,2765875351585771
0,14620,PUT,2765875351521131
0,14620,GET,2765875351585932
0,38928,PUT,2765875351540005
0,38928,GET,2765875351585902
0,31763,PUT,2765875351513333
0,31763,GET,2765875351586262
0,35596,PUT,2765875351540556
0,35596,GET,2765875351586312
0,38405,PUT,2765875351557004
0,38405,GET,2765875351586413
0,37648,PUT,2765875351534873
0,37648,GET,2765875351586363
0,22546,PUT,2765875351525942
0,22546,GET,2765875351586533
0,31496,PUT,2765875351499140
0,31496,GET,2765875351586463
0,40209,PUT,2765875351541228
0,40209,GET,2765875351586573
0,20746,PUT,2765875351548986
0,20746,GET,2765875351586603
0,28431,PUT,2765875351519928
0,28431,GET,2765875351586643
0,30209,PUT,2765875351540065
0,30209,GET,2765875351586453
0,27906,PUT,2765875351514816
0,27906,GET,2765875351586733
0,35601,PUT,2765875351513423
0,35601,GET,2765875351586683
0,18205,PUT,2765875351529571
0,18205,GET,2765875351586824
0,27137,PUT,2765875351516921
0,27137,GET,2765875351586834
0,16919,PUT,2765875351525511
0,16919,GET,2765875351586854
0,30725,PUT,2765875351495431
0,30725,GET,2765875351586864
0,27673,PUT,2765875351482551
0,27673,GET,2765875351587024
0,26369,PUT,2765875351509424
0,26369,GET,2765875351587014
0,23319,PUT,2765875351568281
0,23319,GET,2765875351587235
0,18445,PUT,2765875351530854
0,18445,GET,2765875351587124
0,37125,PUT,2765875351547763
0,37125,GET,2765875351587315
0,9476,PUT,2765875351507660
0,9476,GET,2765875351587355
0,13315,PUT,2765875351512832
0,13315,GET,2765875351587465
0,12548,PUT,2765875351528649
0,12548,GET,2765875351587485
0,18186,PUT,2765875351530102
0,18186,GET,2765875351587575
0,12291,PUT,2765875351504703
0,12291,GET,2765875351587626
0,13059,PUT,2765875351511960
0,13059,GET,2765875351587646
0,11012,PUT,2765875351519698
0,11012,GET,2765875351587816
0,11524,PUT,2765875351524268
0,11524,GET,2765875351588026
0,25857,PUT,2765875351507018
0,25857,GET,2765875351588097
0,31502,PUT,2765875351514536
0,31502,GET,2765875351587706
0,30490,PUT,2765875351526093
0,30490,GET,2765875351587716
0,36104,PUT,2765875351536286
0,36104,GET,2765875351588057
0,31758,PUT,2765875351518846
0,31758,GET,2765875351588077
0,32000,PUT,2765875351525361
0,32000,GET,2765875351588237
0,35600,PUT,2765875351521712
0,35600,GET,2765875351588227
0,19224,PUT,2765875351522755
0,19224,GET,2765875351588397
0,28679,PUT,2765875351510927
0,28679,GET,2765875351588317
0,36118,PUT,2765875351576369
0,36118,GET,2765875351588407
0,33551,PUT,2765875351570225
0,33551,GET,2765875351588417
0,38153,PUT,2765875351534242
0,38153,GET,2765875351588478
0,38421,PUT,2765875351563690
0,38421,GET,2765875351588558
0,16924,PUT,2765875351538321
0,16924,GET,2765875351588478
0,14622,PUT,2765875351506106
0,14622,GET,2765875351588608
0,23826,PUT,2765875351535835
0,23826,GET,2765875351588588
0,31755,PUT,2765875351525501
0,31755,GET,2765875351588638
0,29707,PUT,2765875351513513
0,29707,GET,2765875351588628
0,13828,PUT,2765875351536787
0,13828,GET,2765875351588758
0,20248,PUT,2765875351537900
0,20248,GET,2765875351588788
0,29974,PUT,2765875351522454
0,29974,GET,2765875351588848
0,33033,PUT,2765875351494529
0,33033,GET,2765875351588939
0,31759,PUT,2765875351540506
0,31759,GET,2765875351588989
0,17691,PUT,2765875351541849
0,17691,GET,2765875351589149
0,18456,PUT,2765875351518174
0,18456,GET,2765875351588999
0,16899,PUT,2765875351542431
0,16899,GET,2765875351588919
0,22799,PUT,2765875351470985
0,22799,GET,2765875351589139
0,15122,PUT,2765875351478211
0,15122,GET,2765875351589179
0,39433,PUT,2765875351541929
0,39433,GET,2765875351589269
0,39697,PUT,2765875351538712
0,39697,GET,2765875351589309
0,34315,PUT,2765875351557496
0,34315,GET,2765875351589319
0,36617,PUT,2765875351522945
0,36617,GET,2765875351589279
0,15644,PUT,2765875351530292
0,15644,GET,2765875351589309
0,19736,PUT,2765875351529080
0,19736,GET,2765875351589580
0,35333,PUT,2765875351538101
0,35333,GET,2765875351589570
0,31495,PUT,2765875351529641
0,31495,GET,2765875351589580
0,16414,PUT,2765875351519788
0,16414,GET,2765875351589740
0,37894,PUT,2765875351554188
0,37894,GET,2765875351589811
0,26626,PUT,2765875351507880
0,26626,GET,2765875351590031
0,19999,PUT,2765875351551893
0,19999,GET,2765875351590091
0,10780,PUT,2765875351486431
0,10780,GET,2765875351590362
0,30998,PUT,2765875351527586
0,30998,GET,2765875351590151
0,13571,PUT,2765875351516480
0,13571,GET,2765875351590212
0,23314,PUT,2765875351532016
0,23314,GET,2765875351590161
0,14346,PUT,2765875351506738
0,14346,GET,2765875351590262
0,25351,PUT,2765875351493276
0,25351,GET,2765875351590332
0,38665,PUT,2765875351536767
0,38665,GET,2765875351590542
0,18716,PUT,2765875351546039
0,18716,GET,2765875351590422
0,28427,PUT,2765875351506567
0,28427,GET,2765875351590592
0,13084,PUT,2765875351500363
0,13084,GET,2765875351590653
0,27930,PUT,2765875351512020
0,27930,GET,2765875351590733
0,34569,PUT,2765875351506347
0,34569,GET,2765875351590963
0,34835,PUT,2765875351544596
0,34835,GET,2765875351590993
0,32523,PUT,2765875351531706
0,32523,GET,2765875351591003
0,22029,PUT,2765875351561735
0,22029,GET,2765875351591074
0,31488,PUT,2765875351523316
0,31488,GET,2765875351591154
0,16667,PUT,2765875351531916
0,16667,GET,2765875351591114
0,30466,PUT,2765875351533730
0,30466,GET,2765875351591254
0,11804,PUT,2765875351491081
0,11804,GET,2765875351591374
0,12292,PUT,2765875351527817
0,12292,GET,2765875351591525
0,35337,PUT,2765875351513163
0,35337,GET,2765875351591464
0,20504,PUT,2765875351538762
0,20504,GET,2765875351591464
0,16397,PUT,2765875351516019
0,16397,GET,2765875351591625
0,32275,PUT,2765875351515027
0,32275,GET,2765875351591555
0,16653,PUT,2765875351516851
0,16653,GET,2765875351591555
0,35080,PUT,2765875351531966
0,35080,GET,2765875351591605
0,24338,PUT,2765875351547512
0,24338,GET,2765875351591595
0,16141,PUT,2765875351515167
0,16141,GET,2765875351591905
0,20498,PUT,2765875351507088
0,20498,GET,2765875351591895
0,28171,PUT,2765875351504833
0,28171,GET,2765875351591936
0,26127,PUT,2765875351502518
0,26127,GET,2765875351592016
0,12573,PUT,2765875351493717
0,12573,GET,2765875351592196
0,17940,PUT,2765875351510416
0,17940,GET,2765875351592407
0,35336,PUT,2765875351533891
0,35336,GET,2765875351592487
0,35334,PUT,2765875351534743
0,35334,GET,2765875351592477
0,30731,PUT,2765875351517623
0,30731,GET,2765875351592567
0,31257,PUT,2765875351507930
0,31257,GET,2765875351592497
0,31769,PUT,2765875351510647
0,31769,GET,2765875351592467
0,32005,PUT,2765875351502768
0,32005,GET,2765875351592427
0,14349,PUT,2765875351502738
0,14349,GET,2765875351592577
0,14084,PUT,2765875351538602
0,14084,GET,2765875351592677
0,35081,PUT,2765875351511409
0,35081,GET,2765875351592707
0,34064,PUT,2765875351510366
0,34064,GET,2765875351592818
0,35077,PUT,2765875351537269
0,35077,GET,2765875351592868
0,17165,PUT,2765875351522855
0,17165,GET,2765875351592838
0,14595,PUT,2765875351524469
0,14595,GET,2765875351593259
0,13596,PUT,2765875351504933
0,13596,GET,2765875351593479
0,15370,PUT,2765875351513864
0,15370,GET,2765875351593329
0,18708,PUT,2765875351516701
0,18708,GET,2765875351593389
0,14109,PUT,2765875351503069
0,14109,GET,2765875351593379
0,34053,PUT,2765875351532147
0,34053,GET,2765875351593419
0,34323,PUT,2765875351542942
0,34323,GET,2765875351593479
0,32256,PUT,2765875351527476
0,32256,GET,2765875351593529
0,37384,PUT,2765875351542230
0,37384,GET,2765875351593730
0,30471,PUT,2765875351518575
0,30471,GET,2765875351593629
0,41488,PUT,2765875351558097
0,41488,GET,2765875351593700
0,32794,PUT,2765875351537138
0,32794,GET,2765875351593820
0,30223,PUT,2765875351532067
0,30223,GET,2765875351594000
0,30465,PUT,2765875351542691
0,30465,GET,2765875351594040
0,21533,PUT,2765875351557445
0,21533,GET,2765875351594181
0,15899,PUT,2765875351527446
0,15899,GET,2765875351594201
0,25103,PUT,2765875351496534
0,25103,GET,2765875351594101
0,33804,PUT,2765875351528448
0,33804,GET,2765875351594311
0,14619,PUT,2765875351517302
0,14619,GET,2765875351594271
0,39688,PUT,2765875351556162
0,39688,GET,2765875351594411
0,23570,PUT,2765875351534963
0,23570,GET,2765875351594512
0,28928,PUT,2765875351508031
0,28928,GET,2765875351594512
0,32775,PUT,2765875351538421
0,32775,GET,2765875351594612
0,31254,PUT,2765875351530363
0,31254,GET,2765875351594572
0,17172,PUT,2765875351500092
0,17172,GET,2765875351594782
0,28687,PUT,2765875351520750
0,28687,GET,2765875351594742
0,36363,PUT,2765875351568912
0,36363,GET,2765875351594802
0,23047,PUT,2765875351475966
0,23047,GET,2765875351595043
0,30722,PUT,2765875351534582
0,30722,GET,2765875351595053
0,27919,PUT,2765875351513634
0,27919,GET,2765875351594983
0,25863,PUT,2765875351494970
0,25863,GET,2765875351595033
0,33286,PUT,2765875351521552
0,33286,GET,2765875351595193
0,23068,PUT,2765875351572861
0,23068,GET,2765875351595223
0,26624,PUT,2765875351495071
0,26624,GET,2765875351595293
0,30230,PUT,2765875351524048
0,30230,GET,2765875351595283
0,21002,PUT,2765875351552554
0,21002,GET,2765875351595454
0,22794,PUT,2765875351562287
0,22794,GET,2765875351595464
0,14602,PUT,2765875351508502
0,14602,GET,2765875351595484
0,16408,PUT,2765875351506277
0,16408,GET,2765875351595404
0,37129,PUT,2765875351527245
0,37129,GET,2765875351595684
0,37637,PUT,2765875351553556
0,37637,GET,2765875351595724
0,35590,PUT,2765875351537499
0,35590,GET,2765875351595935
0,38673,PUT,2765875351532728
0,38673,GET,2765875351596055
0,29186,PUT,2765875351523777
0,29186,GET,2765875351596005
0,22296,PUT,2765875351546630
0,22296,GET,2765875351595995
0,28441,PUT,2765875351487824
0,28441,GET,2765875351595945
0,33049,PUT,2765875351541488
0,33049,GET,2765875351596205
0,22807,PUT,2765875351564772
0,22807,GET,2765875351596266
0,33813,PUT,2765875351533570
0,33813,GET,2765875351596356
0,17179,PUT,2765875351535304
0,17179,GET,2765875351596376
0,34837,PUT,2765875351538912
0,34837,GET,2765875351596326
0,31233,PUT,2765875351548956
0,31233,GET,2765875351596646
0,37385,PUT,2765875351530703
0,37385,GET,2765875351596677
0,12035,PUT,2765875351503791
0,12035,GET,2765875351596737
0,24839,PUT,2765875351490680
0,24839,GET,2765875351596837
0,32011,PUT,2765875351529200
0,32011,GET,2765875351596857
0,19476,PUT,2765875351525471
0,19476,GET,2765875351596907
0,29718,PUT,2765875351519608
0,29718,GET,2765875351597017
0,17950,PUT,2765875351538101
0,17950,GET,2765875351596947
0,29442,PUT,2765875351524659
0,29442,GET,2765875351596957
0,15132,PUT,2765875351525591
0,15132,GET,2765875351597098
0,38406,PUT,2765875351556714
0,38406,GET,2765875351597098
0,15620,PUT,2765875351549407
0,15620,GET,2765875351597168
0,35849,PUT,2765875351518535
0,35849,GET,2765875351597208
0,32282,PUT,2765875351532798
0,32282,GET,2765875351597238
0,30746,PUT,2765875351526925
0,30746,GET,2765875351597408
0,30464,PUT,2765875351519126
0,30464,GET,2765875351597629
0,33541,PUT,2765875351529501
0,33541,GET,2765875351597659
0,27659,PUT,2765875351502237
0,27659,GET,2765875351597709
0,40208,PUT,2765875351544004
0,40208,GET,2765875351597729
0,37128,PUT,2765875351541478
0,37128,GET,2765875351597829
0,22276,PUT,2765875351588087
0,22276,GET,2765875351597849
0,35091,PUT,2765875351545367
0,35091,GET,2765875351597909
0,32014,PUT,2765875351525221
0,32014,GET,2765875351598160
0,15387,PUT,2765875351521843
0,15387,GET,2765875351598040
0,34581,PUT,2765875351538070
0,34581,GET,2765875351598280
0,27650,PUT,2765875351514005
0,27650,GET,2765875351598360
0,17181,PUT,2765875351523086
0,17181,GET,2765875351598370
0,31766,PUT,2765875351533971
0,31766,GET,2765875351598461
0,20500,PUT,2765875351536286
0,20500,GET,2765875351598621
0,15108,PUT,2765875351544896
0,15108,GET,2765875351598551
0,17437,PUT,2765875351523948
0,17437,GET,2765875351598561
0,17692,PUT,2765875351541549
0,17692,GET,2765875351598581
0,36369,PUT,2765875351518826
0,36369,GET,2765875351598661
0,38160,PUT,2765875351536537
0,38160,GET,2765875351598661
0,32278,PUT,2765875351535655
0,32278,GET,2765875351598671
0,29210,PUT,2765875351518194
0,29210,GET,2765875351598621
0,32537,PUT,2765875351523998
0,32537,GET,2765875351598641
0,35078,PUT,2765875351529400
0,35078,GET,2765875351598761
0,28442,PUT,2765875351513674
0,28442,GET,2765875351598751
0,33287,PUT,2765875351555491
0,33287,GET,2765875351598791
0,28954,PUT,2765875351515378
0,28954,GET,2765875351598801
0,34822,PUT,2765875351528568
0,34822,GET,2765875351598872
0,15391,PUT,2765875351518284
0,15391,GET,2765875351599032
0,29967,PUT,2765875351529541
0,29967,GET,2765875351599092
0,19229,PUT,2765875351535805
0,19229,GET,2765875351599313
0,15643,PUT,2765875351525561
0,15643,GET,2765875351599243
0,40464,PUT,2765875351545658
0,40464,GET,2765875351599403
0,29455,PUT,2765875351526022
0,29455,GET,2765875351599353
0,23575,PUT,2765875351569143
0,23575,GET,2765875351599423
0,24343,PUT,2765875351573633
0,24343,GET,2765875351599543
0,17923,PUT,2765875351548615
0,17923,GET,2765875351599493
0,32007,PUT,2765875351533179
0,32007,GET,2765875351599543
0,37640,PUT,2765875351543122
0,37640,GET,2765875351599603
0,21790,PUT,2765875351572069
0,21790,GET,2765875351599633
0,15876,PUT,2765875351550269
0,15876,GET,2765875351599684
0,33035,PUT,2765875351549537
0,33035,GET,2765875351599684
0,16650,PUT,2765875351521131
0,16650,GET,2765875351599714
0,30995,PUT,2765875351507900
0,30995,GET,2765875351599734
0,31234,PUT,2765875351538381
0,31234,GET,2765875351599664
0,30742,PUT,2765875351525802
0,30742,GET,2765875351600084
0,38409,PUT,2765875351535043
0,38409,GET,2765875351600245
0,17438,PUT,2765875351530523
0,17438,GET,2765875351600435
0,30991,PUT,2765875351536156
0,30991,GET,2765875351600165
0,20244,PUT,2765875351535424
0,20244,GET,2765875351600235
0,40977,PUT,2765875351545337
0,40977,GET,2765875351600325
0,38672,PUT,2765875351539173
0,38672,GET,2765875351600455
0,33561,PUT,2765875351546139
0,33561,GET,2765875351600465
0,29978,PUT,2765875351523557
0,29978,GET,2765875351600576
0,32780,PUT,2765875351504863
0,32780,GET,2765875351600465
0,16138,PUT,2765875351519437
0,16138,GET,2765875351600596
0,31503,PUT,2765875351539754
0,31503,GET,2765875351600546
0,33797,PUT,2765875351530353
0,33797,GET,2765875351600626
0,16388,PUT,2765875351557556
0,16388,GET,2765875351600606
0,25618,PUT,2765875351561415
0,25618,GET,2765875351600536
0,25630,PUT,2765875351597368
0,25630,GET,2765875351600816
0,33538,PUT,2765875351565444
0,33538,GET,2765875351600766
0,19998,PUT,2765875351558368
0,19998,GET,2765875351600876
0,42001,PUT,2765875351552514
0,42001,GET,2765875351600906
0,28694,PUT,2765875351511599
0,28694,GET,2765875351601037
0,17948,PUT,2765875351543493
0,17948,GET,2765875351601007
0,18974,PUT,2765875351548996
0,18974,GET,2765875351601157
0,42257,PUT,2765875351554268
0,42257,GET,2765875351601197
0,28929,PUT,2765875351530463
0,28929,GET,2765875351601187
0,35084,PUT,2765875351538862
0,35084,GET,2765875351601317
0,32263,PUT,2765875351535845
0,32263,GET,2765875351601367
0,27136,PUT,2765875351498368
0,27136,GET,2765875351601377
0,27393,PUT,2765875351518144
0,27393,GET,2765875351601327
0,18207,PUT,2765875351537960
0,18207,GET,2765875351601418
0,33291,PUT,2765875351552304
0,33291,GET,2765875351601458
0,24856,PUT,2765875351558007
0,24856,GET,2765875351601468
0,42256,PUT,2765875351563419
0,42256,GET,2765875351601608
0,23320,PUT,2765875351550990
0,23320,GET,2765875351601879
0,32773,PUT,2765875351508371
0,32773,GET,2765875351601939
0,34824,PUT,2765875351531114
0,34824,GET,2765875351601989
0,36881,PUT,2765875351523106
0,36881,GET,2765875351602089
0,15902,PUT,2765875351516911
0,15902,GET,2765875351602119
0,29954,PUT,2765875351526323
0,29954,GET,2765875351602149
0,18711,PUT,2765875351535966
0,18711,GET,2765875351602189
0,37137,PUT,2765875351523928
0,37137,GET,2765875351602059
0,39174,PUT,2765875351561084
0,39174,GET,2765875351602199
0,38150,PUT,2765875351554990
0,38150,GET,2765875351602390
0,34050,PUT,2765875351572551
0,34050,GET,2765875351602270
0,39177,PUT,2765875351539293
0,39177,GET,2765875351602250
0,17426,PUT,2765875351492434
0,17426,GET,2765875351602360
0,36371,PUT,2765875351557175
0,36371,GET,2765875351602300
0,20767,PUT,2765875351557355
0,20767,GET,2765875351602400
0,17667,PUT,2765875351547823
0,17667,GET,2765875351602490
0,17435,PUT,2765875351537208
0,17435,GET,2765875351602570
0,40721,PUT,2765875351542721
0,40721,GET,2765875351602660
0,20484,PUT,2765875351576570
0,20484,GET,2765875351602791
0,19981,PUT,2765875351552394
0,19981,GET,2765875351602881
0,20510,PUT,2765875351560112
0,20510,GET,2765875351602901
0,33547,PUT,2765875351553145
0,33547,GET,2765875351602901
0,17947,PUT,2765875351542531
0,17947,GET,2765875351603071
0,20507,PUT,2765875351559791
0,20507,GET,2765875351603122
0,36872,PUT,2765875351538742
0,36872,GET,2765875351603001
0,19992,PUT,2765875351532097
0,19992,GET,2765875351603101
0,32787,PUT,2765875351516771
0,32787,GET,2765875351603112
0,27649,PUT,2765875351521803
0,27649,GET,2765875351603222
0,12036,PUT,2765875351526985
0,12036,GET,2765875351603212
0,39445,PUT,2765875351569774
0,39445,GET,2765875351603262
0,30987,PUT,2765875351520259
0,30987,GET,2765875351603312
0,36361,PUT,2765875351520209
0,36361,GET,2765875351603412
0,35865,PUT,2765875351568291
0,35865,GET,2765875351603693
0,22047,PUT,2765875351567549
0,22047,GET,2765875351603903
0,18199,PUT,2765875351532417
0,18199,GET,2765875351603793
0,43024,PUT,2765875351566857
0,43024,GET,2765875351603603
0,34309,PUT,2765875351533951
0,34309,GET,2765875351603813
0,33302,PUT,2765875351557646
0,33302,GET,2765875351603883
0,35349,PUT,2765875351542511
0,35349,GET,2765875351603923
0,23832,PUT,2765875351552664
0,23832,GET,2765875351604024
0,37388,PUT,2765875351547583
0,37388,GET,2765875351604054
0,32015,PUT,2765875351544054
0,32015,GET,2765875351604064
0,26125,PUT,2765875351587154
0,26125,GET,2765875351604064
0,40453,PUT,2765875351570085
0,40453,GET,2765875351604184
0,17943,PUT,2765875351531646
0,17943,GET,2765875351604344
0,16387,PUT,2765875351537940
0,16387,GET,2765875351604244
0,17183,PUT,2765875351532638
0,17183,GET,2765875351604244
0,9988,PUT,2765875351511419
0,9988,GET,2765875351604455
0,32790,PUT,2765875351537359
0,32790,GET,2765875351604625
0,23060,PUT,2765875351558758
0,23060,GET,2765875351604805
0,39942,PUT,2765875351569313
0,39942,GET,2765875351604836
0,16155,PUT,2765875351529270
0,16155,GET,2765875351604876
0,19732,PUT,2765875351530964
0,19732,GET,2765875351604815
0,39957,PUT,2765875351572360
0,39957,GET,2765875351604956
0,37896,PUT,2765875351545788
0,37896,GET,2765875351604976
0,22045,PUT,2765875351559179
0,22045,GET,2765875351604936
0,20764,PUT,2765875351559691
0,20764,GET,2765875351605006
0,28930,PUT,2765875351522935
0,28930,GET,2765875351605016
0,37904,PUT,2765875351535695
0,37904,GET,2765875351604996
0,18461,PUT,2765875351531415
0,18461,GET,2765875351605106
0,19223,PUT,2765875351538722
0,19223,GET,2765875351605126
0,22282,PUT,2765875351560613
0,22282,GET,2765875351605166
0,22808,PUT,2765875351549367
0,22808,GET,2765875351605397
0,19210,PUT,2765875351538592
0,19210,GET,2765875351605397
0,29703,PUT,2765875351514145
0,29703,GET,2765875351605667
0,22285,PUT,2765875351562537
0,22285,GET,2765875351605657
0,37383,PUT,2765875351590222
0,37383,GET,2765875351605728
0,16415,PUT,2765875351529049
0,16415,GET,2765875351605738
0,34060,PUT,2765875351530152
0,34060,GET,2765875351605677
0,19227,PUT,2765875351549808
0,19227,GET,2765875351605798
0,34841,PUT,2765875351558127
0,34841,GET,2765875351605818
0,35083,PUT,2765875351560934
0,35083,GET,2765875351605828
0,28423,PUT,2765875351510105
0,28423,GET,2765875351605958
0,34832,PUT,2765875351516510
0,34832,GET,2765875351606018
0,33294,PUT,2765875351549738
0,33294,GET,2765875351606058
0,23576,PUT,2765875351551782
0,23576,GET,2765875351606018
0,25117,PUT,2765875351579056
0,25117,GET,2765875351606058
0,40969,PUT,2765875351554348
0,40969,GET,2765875351605978
0,34579,PUT,2765875351543764
0,34579,GET,2765875351606058
0,19722,PUT,2765875351544686
0,19722,GET,2765875351606189
0,33543,PUT,2765875351557365
0,33543,GET,2765875351606349
0,25624,PUT,2765875351561254
0,25624,GET,2765875351606499
0,17949,PUT,2765875351526504
0,17949,GET,2765875351606570
0,19230,PUT,2765875351549968
0,19230,GET,2765875351606539
0,32026,PUT,2765875351531956
0,32026,GET,2765875351606539
0,12571,PUT,2765875351496704
0,12571,GET,2765875351606690
0,36869,PUT,2765875351545057
0,36869,GET,2765875351606730
0,30215,PUT,2765875351517673
0,30215,GET,2765875351606650
0,11268,PUT,2765875351521492
0,11268,GET,2765875351606700
0,36101,PUT,2765875351541518
0,36101,GET,2765875351606820
0,21764,PUT,2765875351582764
0,21764,GET,2765875351606720
0,24077,PUT,2765875351574164
0,24077,GET,2765875351606840
0,16906,PUT,2765875351522995
0,16906,GET,2765875351606900
0,36368,PUT,2765875351528859
0,36368,GET,2765875351606970
0,33301,PUT,2765875351530894
0,33301,GET,2765875351607161
0,17175,PUT,2765875351526253
0,17175,GET,2765875351607131
0,12813,PUT,2765875351495702
0,12813,GET,2765875351607452
0,10243,PUT,2765875351489758
0,10243,GET,2765875351607462
0,41481,PUT,2765875351556012
0,41481,GET,2765875351607482
0,32271,PUT,2765875351545007
0,32271,GET,2765875351607452
0,23316,PUT,2765875351562297
0,23316,GET,2765875351607462
0,19978,PUT,2765875351545518
0,19978,GET,2765875351607592
0,35603,PUT,2765875351551893
0,35603,GET,2765875351607572
0,33792,PUT,2765875351573733
0,33792,GET,2765875351607602
0,19459,PUT,2765875351568140
0,19459,GET,2765875351607893
0,22039,PUT,2765875351560172
0,22039,GET,2765875351607512
0,20511,PUT,2765875351555471
0,20511,GET,2765875351607772
0,29722,PUT,2765875351521853
0,29722,GET,2765875351607812
0,25106,PUT,2765875351552745
0,25106,GET,2765875351607873
0,19486,PUT,2765875351551722
0,19486,GET,2765875351607812
0,18692,PUT,2765875351567288
0,18692,GET,2765875351607863
0,26631,PUT,2765875351497456
0,26631,GET,2765875351607953
0,16900,PUT,2765875351559240
0,16900,GET,2765875351608153
0,33039,PUT,2765875351565665
0,33039,GET,2765875351608213
0,16151,PUT,2765875351522795
0,16151,GET,2765875351608364
0,37145,PUT,2765875351573453
0,37145,GET,2765875351608374
0,38917,PUT,2765875351563129
0,38917,GET,2765875351608464
0,31507,PUT,2765875351511469
0,31507,GET,2765875351608524
0,30735,PUT,2765875351535314
0,30735,GET,2765875351608574
0,19479,PUT,2765875351539684
0,19479,GET,2765875351608715
0,18964,PUT,2765875351520319
0,18964,GET,2765875351608384
0,32768,PUT,2765875351530804
0,32768,GET,2765875351608654
0,41480,PUT,2765875351564752
0,41480,GET,2765875351608664
0,20490,PUT,2765875351547162
0,20490,GET,2765875351608735
0,34821,PUT,2765875351536457
0,34821,GET,2765875351608664
0,27905,PUT,2765875351523096
0,27905,GET,2765875351608654
0,41745,PUT,2765875351550720
0,41745,GET,2765875351608644
0,37644,PUT,2765875351550209
0,37644,GET,2765875351608765
0,34312,PUT,2765875351527636
0,34312,GET,2765875351609246
0,35354,PUT,2765875351578554
0,35354,GET,2765875351609226
0,45585,PUT,2765875351584769
0,45585,GET,2765875351609226
0,39952,PUT,2765875351543172
0,39952,GET,2765875351609236
0,22040,PUT,2765875351545859
0,22040,GET,2765875351609176
0,21514,PUT,2765875351556203
0,21514,GET,2765875351609336
0,15882,PUT,2765875351516560
0,15882,GET,2765875351609436
0,31489,PUT,2765875351550259
0,31489,GET,2765875351609476
0,21784,PUT,2765875351544997
0,21784,GET,2765875351609496
0,36360,PUT,2765875351537098
0,36360,GET,2765875351609567
0,31770,PUT,2765875351531114
0,31770,GET,2765875351609627
0,19484,PUT,2765875351553566
0,19484,GET,2765875351609797
0,34566,PUT,2765875351527666
0,34566,GET,2765875351609998
0,35846,PUT,2765875351538271
0,35846,GET,2765875351610328
0,38924,PUT,2765875351561846
0,38924,GET,2765875351610158
0,20765,PUT,2765875351553166
0,20765,GET,2765875351610068
0,33305,PUT,2765875351542350
0,33305,GET,2765875351610168
0,24589,PUT,2765875351577682
0,24589,GET,2765875351610218
0,22556,PUT,2765875351571167
0,22556,GET,2765875351610348
0,17155,PUT,2765875351544255
0,17155,GET,2765875351610368
0,41744,PUT,2765875351558959
0,41744,GET,2765875351610318
0,18206,PUT,2765875351538963
0,18206,GET,2765875351610519
0,39189,PUT,2765875351567970
0,39189,GET,2765875351610439
0,17674,PUT,2765875351526514
0,17674,GET,2765875351610509
0,18717,PUT,2765875351532257
0,18717,GET,2765875351610529
0,33811,PUT,2765875351541148
0,33811,GET,2765875351610599
0,19725,PUT,2765875351548775
0,19725,GET,2765875351610559
0,21022,PUT,2765875351568241
0,21022,GET,2765875351610779
0,20253,PUT,2765875351551502
0,20253,GET,2765875351611050
0,15363,PUT,2765875351529661
0,15363,GET,2765875351611080
0,41993,PUT,2765875351558678
0,41993,GET,2765875351611110
0,36870,PUT,2765875351544275
0,36870,GET,2765875351611381
0,34305,PUT,2765875351595865
0,34305,GET,2765875351611291
0,19228,PUT,2765875351550780
0,19228,GET,2765875351611311
0,29184,PUT,2765875351509223
0,29184,GET,2765875351611321
0,26881,PUT,2765875351513032
0,26881,GET,2765875351611280
0,22813,PUT,2765875351561625
0,22813,GET,2765875351611351
0,37392,PUT,2765875351534051
0,37392,GET,2765875351611441
0,37649,PUT,2765875351526433
0,37649,GET,2765875351611792
0,43273,PUT,2765875351576800
0,43273,GET,2765875351611822
0,20760,PUT,2765875351539594
0,20760,GET,2765875351611742
0,25112,PUT,2765875351558879
0,25112,GET,2765875351611842
0,32526,PUT,2765875351526704
0,32526,GET,2765875351611832
0,19991,PUT,2765875351543273
0,19991,GET,2765875351611952
0,35353,PUT,2765875351560743
0,35353,GET,2765875351612072
0,29185,PUT,2765875351535114
0,29185,GET,2765875351611942
0,40976,PUT,2765875351554619
0,40976,GET,2765875351612223
0,26130,PUT,2765875351570386
0,26130,GET,2765875351612233
0,36613,PUT,2765875351544225
0,36613,GET,2765875351612273
0,42761,PUT,2765875351574034
0,42761,GET,2765875351612273
0,13060,PUT,2765875351531355
0,13060,GET,2765875351612333
0,40211,PUT,2765875351601658
0,40211,GET,2765875351612533
0,37126,PUT,2765875351547903
0,37126,GET,2765875351612433
0,39953,PUT,2765875351540466
0,39953,GET,2765875351612483
0,18204,PUT,2765875351544345
0,18204,GET,2765875351612674
0,18971,PUT,2765875351548956
0,18971,GET,2765875351612654
0,19739,PUT,2765875351555180
0,19739,GET,2765875351612774
0,34823,PUT,2765875351565404
0,34823,GET,2765875351612744
0,18968,PUT,2765875351519908
0,18968,GET,2765875351612794
0,20252,PUT,2765875351558107
0,20252,GET,2765875351612934
0,20508,PUT,2765875351558859
0,20508,GET,2765875351613004
0,34571,PUT,2765875351558338
0,34571,GET,2765875351613125
0,21012,PUT,2765875351540697
0,21012,GET,2765875351613085
0,18975,PUT,2765875351541418
0,18975,GET,2765875351613065
0,34067,PUT,2765875351542060
0,34067,GET,2765875351613105
0,32793,PUT,2765875351524940
0,32793,GET,2765875351613215
0,36876,PUT,2765875351545889
0,36876,GET,2765875351613325
0,43017,PUT,2765875351575898
0,43017,GET,2765875351613415
0,34055,PUT,2765875351562818
0,34055,GET,2765875351613125
0,18701,PUT,2765875351532558
0,18701,GET,2765875351613405
0,16132,PUT,2765875351552093
0,16132,GET,2765875351613466
0,35079,PUT,2765875351569273
0,35079,GET,2765875351613596
0,34830,PUT,2765875351573192
0,34830,GET,2765875351613696
0,21005,PUT,2765875351557596
0,21005,GET,2765875351613736
0,23831,PUT,2765875351570947
0,23831,GET,2765875351613816
0,36373,PUT,2765875351547713
0,36373,GET,2765875351613856
0,23325,PUT,2765875351564311
0,23325,GET,2765875351613746
0,14340,PUT,2765875351539343
0,14340,GET,2765875351613967
0,40201,PUT,2765875351548114
0,40201,GET,2765875351613997
0,39945,PUT,2765875351547242
0,39945,GET,2765875351614037
0,36873,PUT,2765875351525561
0,36873,GET,2765875351614187
0,33806,PUT,2765875351555250
0,33806,GET,2765875351614067
0,23572,PUT,2765875351563149
0,23572,GET,2765875351614047
0,20503,PUT,2765875351545889
0,20503,GET,2765875351614057
0,33046,PUT,2765875351556784
0,33046,GET,2765875351614037
0,30208,PUT,2765875351515759
0,30208,GET,2765875351614267
0,30745,PUT,2765875351500734
0,30745,GET,2765875351614368
0,21016,PUT,2765875351540446
0,21016,GET,2765875351614368
0,37653,PUT,2765875351557776
0,37653,GET,2765875351614548
0,36616,PUT,2765875351537960
0,36616,GET,2765875351614648
0,19995,PUT,2765875351556142
0,19995,GET,2765875351614769
0,21531,PUT,2765875351567799
0,21531,GET,2765875351614638
0,28952,PUT,2765875351578985
0,28952,GET,2765875351614979
0,19204,PUT,2765875351568792
0,19204,GET,2765875351614919
0,17930,PUT,2765875351527336
0,17930,GET,2765875351614959
0,14623,PUT,2765875351512742
0,14623,GET,2765875351614949
0,29199,PUT,2765875351524218
0,29199,GET,2765875351614999
0,36630,PUT,2765875351578103
0,36630,GET,2765875351614989
0,21277,PUT,2765875351556593
0,21277,GET,2765875351615009
0,34069,PUT,2765875351535444
0,34069,GET,2765875351615129
0,34318,PUT,2765875351570636
0,34318,GET,2765875351615210
0,24082,PUT,2765875351542150
0,24082,GET,2765875351615470
0,24347,PUT,2765875351590061
0,24347,GET,2765875351615500
0,40457,PUT,2765875351548946
0,40457,GET,2765875351615480
0,39441,PUT,2765875351535174
0,39441,GET,2765875351615580
0,33809,PUT,2765875351505004
0,33809,GET,2765875351615510
0,36358,PUT,2765875351541739
0,36358,GET,2765875351615691
0,27922,PUT,2765875351588658
0,27922,GET,2765875351615731
0,35589,PUT,2765875351539945
0,35589,GET,2765875351615791
0,20763,PUT,2765875351560653
0,20763,GET,2765875351615741
0,33803,PUT,2765875351553987
0,33803,GET,2765875351615791
0,37393,PUT,2765875351524709
0,37393,GET,2765875351615841
0,21532,PUT,2765875351565073
0,21532,GET,2765875351615791
0,35339,PUT,2765875351561685
0,35339,GET,2765875351615921
0,33043,PUT,2765875351533390
0,33043,GET,2765875351616011
0,18948,PUT,2765875351568030
0,18948,GET,2765875351616062
0,18691,PUT,2765875351561495
0,18691,GET,2765875351616132
0,20493,PUT,2765875351554098
0,20493,GET,2765875351616142
0,31243,PUT,2765875351522043
0,31243,GET,2765875351616402
0,36871,PUT,2765875351584077
0,36871,GET,2765875351616442
0,27162,PUT,2765875351505625
0,27162,GET,2765875351616352
0,17411,PUT,2765875351546169
0,17411,GET,2765875351616613
0,22548,PUT,2765875351556112
0,22548,GET,2765875351616683
0,23583,PUT,2765875351574465
0,23583,GET,2765875351616693
0,20749,PUT,2765875351556764
0,20749,GET,2765875351616673
0,16644,PUT,2765875351558418
0,16644,GET,2765875351616773
0,35852,PUT,2765875351541468
0,35852,GET,2765875351616703
0,22026,PUT,2765875351558748
0,22026,GET,2765875351616793
0,37387,PUT,2765875351575076
0,37387,GET,2765875351616853
0,37897,PUT,2765875351533329
0,37897,GET,2765875351617214
0,33306,PUT,2765875351565775
0,33306,GET,2765875351617184
0,18698,PUT,2765875351536928
0,18698,GET,2765875351617294
0,21023,PUT,2765875351559260
0,21023,GET,2765875351617304
0,38662,PUT,2765875351558478
0,38662,GET,2765875351617325
0,17412,PUT,2765875351561024
0,17412,GET,2765875351617525
0,21534,PUT,2765875351570175
0,21534,GET,2765875351617625
0,35861,PUT,2765875351544125
0,35861,GET,2765875351617615
0,36357,PUT,2765875351543393
0,36357,GET,2765875351617685
0,24596,PUT,2765875351567489
0,24596,GET,2765875351617685
0,42764,PUT,2765875351593339
0,42764,GET,2765875351617725
0,45577,PUT,2765875351587154
0,45577,GET,2765875351617756
0,13572,PUT,2765875351533911
0,13572,GET,2765875351617675
0,32782,PUT,2765875351527586
0,32782,GET,2765875351617806
0,34326,PUT,2765875351562818
0,34326,GET,2765875351617956
0,17668,PUT,2765875351561976
0,17668,GET,2765875351618136
0,44817,PUT,2765875351576610
0,44817,GET,2765875351618207
0,39450,PUT,2765875351598641
0,39450,GET,2765875351618217
0,43793,PUT,2765875351571248
0,43793,GET,2765875351618227
0,33793,PUT,2765875351586784
0,33793,GET,2765875351618166
0,34585,PUT,2765875351555351
0,34585,GET,2765875351618227
0,32002,PUT,2765875351541869
0,32002,GET,2765875351618227
0,36885,PUT,2765875351552484
0,36885,GET,2765875351618628
0,46869,PUT,2765875351611792
0,46869,GET,2765875351618527
0,36102,PUT,2765875351540045
0,36102,GET,2765875351618618
0,24604,PUT,2765875351585360
0,24604,GET,2765875351618648
0,37141,PUT,2765875351554278
0,37141,GET,2765875351618828
0,20254,PUT,2765875351559240
0,20254,GET,2765875351618888
0,41477,PUT,2765875351577903
0,41477,GET,2765875351618938
0,35598,PUT,2765875351580419
0,35598,GET,2765875351619059
0,25874,PUT,2765875351563069
0,25874,GET,2765875351619119
0,37641,PUT,2765875351532477
0,37641,GET,2765875351618908
0,39701,PUT,2765875351570596
0,39701,GET,2765875351619189
0,37893,PUT,2765875351554398
0,37893,GET,2765875351619279
0,24842,PUT,2765875351579276
0,24842,GET,2765875351619059
0,30234,PUT,2765875351524329
0,30234,GET,2765875351619099
0,34316,PUT,2765875351530984
0,34316,GET,2765875351619169
0,18719,PUT,2765875351539594
0,18719,GET,2765875351619149
0,36115,PUT,2765875351555391
0,36115,GET,2765875351619449
0,42248,PUT,2765875351569133
0,42248,GET,2765875351619439
0,27160,PUT,2765875351569163
0,27160,GET,2765875351619459
0,34329,PUT,2765875351551632
0,34329,GET,2765875351619550
0,38664,PUT,2765875351549216
0,38664,GET,2765875351619630
0,38918,PUT,2765875351559290
0,38918,GET,2765875351619961
0,35087,PUT,2765875351581030
0,35087,GET,2765875351620021
0,36103,PUT,2765875351578795
0,36103,GET,2765875351620121
0,34560,PUT,2765875351583336
0,34560,GET,2765875351620131
0,21272,PUT,2765875351542290
0,21272,GET,2765875351620201
0,19971,PUT,2765875351571668
0,19971,GET,2765875351620432
0,32538,PUT,2765875351536256
0,32538,GET,2765875351620482
0,42513,PUT,2765875351556844
0,42513,GET,2765875351620502
0,18180,PUT,2765875351565524
0,18180,GET,2765875351620522
0,34816,PUT,2765875351586814
0,34816,GET,2765875351620622
0,16925,PUT,2765875351521201
0,16925,GET,2765875351620542
0,35093,PUT,2765875351539734
0,35093,GET,2765875351620632
0,21787,PUT,2765875351570536
0,21787,GET,2765875351620642
0,24344,PUT,2765875351554388
0,24344,GET,2765875351620742
0,35329,PUT,2765875351602450
0,35329,GET,2765875351620853
0,33050,PUT,2765875351564863
0,33050,GET,2765875351620843
0,37395,PUT,2765875351579426
0,37395,GET,2765875351620903
0,36614,PUT,2765875351543443
0,36614,GET,2765875351621023
0,35347,PUT,2765875351546310
0,35347,GET,2765875351621053
0,40981,PUT,2765875351578605
0,40981,GET,2765875351621063
0,21788,PUT,2765875351565825
0,21788,GET,2765875351621103
0,36374,PUT,2765875351577251
0,36374,GET,2765875351621204
0,42760,PUT,2765875351580168
0,42760,GET,2765875351621534
0,19996,PUT,2765875351557265
0,19996,GET,2765875351621424
0,17677,PUT,2765875351524469
0,17677,GET,2765875351621384
0,23069,PUT,2765875351563469
0,23069,GET,2765875351621504
0,37914,PUT,2765875351590923
0,37914,GET,2765875351621544
0,32512,PUT,2765875351528488
0,32512,GET,2765875351621655
0,34059,PUT,2765875351555812
0,34059,GET,2765875351621645
0,39689,PUT,2765875351545458
0,39689,GET,2765875351621574
0,29710,PUT,2765875351501125
0,29710,GET,2765875351621675
0,39439,PUT,2765875351601357
0,39439,GET,2765875351621785
0,36354,PUT,2765875351591775
0,36354,GET,2765875351621855
0,38149,PUT,2765875351555200
0,38149,GET,2765875351621895
0,37638,PUT,2765875351553356
0,37638,GET,2765875351621985
0,32001,PUT,2765875351555270
0,32001,GET,2765875351622106
0,33282,PUT,2765875351563409
0,33282,GET,2765875351622066
0,24074,PUT,2765875351571067
0,24074,GET,2765875351622266
0,17687,PUT,2765875351530814
0,17687,GET,2765875351622406
0,23064,PUT,2765875351550128
0,23064,GET,2765875351622436
0,18462,PUT,2765875351539804
0,18462,GET,2765875351622346
0,21021,PUT,2765875351555070
0,21021,GET,2765875351622446
0,35595,PUT,2765875351562547
0,35595,GET,2765875351622797
0,46096,PUT,2765875351581231
0,46096,GET,2765875351622577
0,36122,PUT,2765875351581070
0,36122,GET,2765875351622527
0,37398,PUT,2765875351582624
0,37398,GET,2765875351622527
0,25869,PUT,2765875351586312
0,25869,GET,2765875351622727
0,37142,PUT,2765875351580880
0,37142,GET,2765875351622807
0,34306,PUT,2765875351576039
0,34306,GET,2765875351622827
0,38408,PUT,2765875351547462
0,38408,GET,2765875351622837
0,39449,PUT,2765875351587796
0,39449,GET,2765875351622867
0,21789,PUT,2765875351558388
0,21789,GET,2765875351622918
0,29963,PUT,2765875351514446
0,29963,GET,2765875351622907
0,24087,PUT,2765875351571799
0,24087,GET,2765875351623028
0,35094,PUT,2765875351572089
0,35094,GET,2765875351623178
0,40197,PUT,2765875351569253
0,40197,GET,2765875351623369
0,35586,PUT,2765875351588578
0,35586,GET,2765875351623459
0,35074,PUT,2765875351585942
0,35074,GET,2765875351623649
0,27412,PUT,2765875351581151
0,27412,GET,2765875351623589
0,46088,PUT,2765875351597198
0,46088,GET,2765875351623769
0,18436,PUT,2765875351566356
0,18436,GET,2765875351623850
0,36117,PUT,2765875351546911
0,36117,GET,2765875351623930
0,23050,PUT,2765875351564041
0,23050,GET,2765875351623820
0,25362,PUT,2765875351553617
0,25362,GET,2765875351623860
0,26642,PUT,2765875351578554
0,26642,GET,2765875351623900
0,27928,PUT,2765875351575618
0,27928,GET,2765875351623970
0,27402,PUT,2765875351603512
0,27402,GET,2765875351624130
0,34073,PUT,2765875351549828
0,34073,GET,2765875351624211
0,19485,PUT,2765875351540215
0,19485,GET,2765875351624241
0,34576,PUT,2765875351515678
0,34576,GET,2765875351624150
0,44808,PUT,2765875351593078
0,44808,GET,2765875351624221
0,37136,PUT,2765875351531315
0,37136,GET,2765875351624331
0,22802,PUT,2765875351528548
0,22802,GET,2765875351624471
0,13339,PUT,2765875351505224
0,13339,GET,2765875351624461
0,36110,PUT,2765875351586593
0,36110,GET,2765875351624481
0,36377,PUT,2765875351570035
0,36377,GET,2765875351624491
0,37905,PUT,2765875351528238
0,37905,GET,2765875351624511
0,44049,PUT,2765875351572079
0,44049,GET,2765875351624491
0,37909,PUT,2765875351561204
0,37909,GET,2765875351624621
0,22541,PUT,2765875351564291
0,22541,GET,2765875351624812
0,39686,PUT,2765875351568531
0,39686,GET,2765875351624852
0,24845,PUT,2765875351578514
0,24845,GET,2765875351625012
0,22538,PUT,2765875351561435
0,22538,GET,2765875351625002
0,26652,PUT,2765875351598501
0,26652,GET,2765875351625103
0,22559,PUT,2765875351569263
0,22559,GET,2765875351625213
0,31490,PUT,2765875351539343
0,31490,GET,2765875351625453
0,26388,PUT,2765875351574054
0,26388,GET,2765875351625504
0,45321,PUT,2765875351586262
0,45321,GET,2765875351625544
0,40971,PUT,2765875351597649
0,40971,GET,2765875351625564
0,23837,PUT,2765875351568070
0,23837,GET,2765875351625734
0,46352,PUT,2765875351582945
0,46352,GET,2765875351625784
0,28696,PUT,2765875351578144
0,28696,GET,2765875351625834
0,37382,PUT,2765875351552414
0,37382,GET,2765875351626065
0,20756,PUT,2765875351537118
0,20756,GET,2765875351625924
0,26391,PUT,2765875351590673
0,26391,GET,2765875351625864
0,26136,PUT,2765875351564993
0,26136,GET,2765875351626035
0,26898,PUT,2765875351579426
0,26898,GET,2765875351626035
0,16923,PUT,2765875351532688
0,16923,GET,2765875351626155
0,43529,PUT,2765875351577612
0,43529,GET,2765875351626205
0,40720,PUT,2765875351548334
0,40720,GET,2765875351626355
0,38411,PUT,2765875351581151
0,38411,GET,2765875351626436
0,40965,PUT,2765875351572510
0,40965,GET,2765875351626436
0,14852,PUT,2765875351542040
0,14852,GET,2765875351626436
0,45064,PUT,2765875351593930
0,45064,GET,2765875351626576
0,15875,PUT,2765875351533189
0,15875,GET,2765875351626706
0,18460,PUT,2765875351545207
0,18460,GET,2765875351626596
0,19743,PUT,2765875351547422
0,19743,GET,2765875351626746
0,20242,PUT,2765875351505314
0,20242,GET,2765875351626847
0,21517,PUT,2765875351559210
0,21517,GET,2765875351626947
0,35610,PUT,2765875351579376
0,35610,GET,2765875351627087
0,34567,PUT,2765875351564562
0,34567,GET,2765875351626947
0,30977,PUT,2765875351547773
0,30977,GET,2765875351627217
0,23565,PUT,2765875351570626
0,23565,GET,2765875351627398
0,19972,PUT,2765875351572059
0,19972,GET,2765875351627368
0,34070,PUT,2765875351562196
0,34070,GET,2765875351627448
0,21791,PUT,2765875351565655
0,21791,GET,2765875351627408
0,32022,PUT,2765875351534783
0,32022,GET,2765875351627438
0,45584,PUT,2765875351579627
0,45584,GET,2765875351627498
0,17180,PUT,2765875351539173
0,17180,GET,2765875351627548
0,38152,PUT,2765875351546630
0,38152,GET,2765875351627608
0,35609,PUT,2765875351565514
0,35609,GET,2765875351627699
0,24600,PUT,2765875351556193
0,24600,GET,2765875351627809
0,25119,PUT,2765875351583606
0,25119,GET,2765875351627839
0,32770,PUT,2765875351544245
0,32770,GET,2765875351627929
0,20228,PUT,2765875351572931
0,20228,GET,2765875351627959
0,24092,PUT,2765875351582834
0,24092,GET,2765875351628059
0,24605,PUT,2765875351576409
0,24605,GET,2765875351628150
0,28690,PUT,2765875351591895
0,28690,GET,2765875351628340
0,34311,PUT,2765875351563700
0,34311,GET,2765875351628390
0,23835,PUT,2765875351587605
0,23835,GET,2765875351628480
0,44044,PUT,2765875351603883
0,44044,GET,2765875351628781
0,39173,PUT,2765875351563991
0,39173,GET,2765875351628511
0,39948,PUT,2765875351569734
0,39948,GET,2765875351628661
0,34320,PUT,2765875351514736
0,34320,GET,2765875351628651
0,37381,PUT,2765875351551933
0,37381,GET,2765875351628681
0,33562,PUT,2765875351566607
0,33562,GET,2765875351628801
0,22557,PUT,2765875351560843
0,22557,GET,2765875351628641
0,25880,PUT,2765875351562196
0,25880,GET,2765875351628731
0,33031,PUT,2765875351554609
0,33031,GET,2765875351628881
0,29441,PUT,2765875351536397
0,29441,GET,2765875351629032
0,23070,PUT,2765875351579246
0,23070,GET,2765875351629152
0,37132,PUT,2765875351546741
0,37132,GET,2765875351629292
0,40713,PUT,2765875351550720
0,40713,GET,2765875351629202
0,41222,PUT,2765875351592968
0,41222,GET,2765875351629362
0,21276,PUT,2765875351563299
0,21276,GET,2765875351629403
0,34065,PUT,2765875351505856
0,34065,GET,2765875351629373
0,24586,PUT,2765875351576520
0,24586,GET,2765875351629463
0,37900,PUT,2765875351552003
0,37900,GET,2765875351629583
0,43280,PUT,2765875351567689
0,43280,GET,2765875351629683
0,44553,PUT,2765875351580930
0,44553,GET,2765875351629713
0,20739,PUT,2765875351576079
0,20739,GET,2765875351629854
0,19480,PUT,2765875351523617
0,19480,GET,2765875351629974
0,28445,PUT,2765875351596767
0,28445,GET,2765875351630004
0,38933,PUT,2765875351565304
0,38933,GET,2765875351629984
0,37397,PUT,2765875351556032
0,37397,GET,2765875351629974
0,20234,PUT,2765875351546360
0,20234,GET,2765875351630064
0,22295,PUT,2765875351562006
0,22295,GET,2765875351630315
0,34048,PUT,2765875351574655
0,34048,GET,2765875351630405
0,44041,PUT,2765875351579296
0,44041,GET,2765875351630385
0,19231,PUT,2765875351542310
0,19231,GET,2765875351630345
0,43784,PUT,2765875351586874
0,43784,GET,2765875351630485
0,33814,PUT,2765875351560362
0,33814,GET,2765875351630505
0,23821,PUT,2765875351572440
0,23821,GET,2765875351630515
0,18954,PUT,2765875351537780
0,18954,GET,2765875351630475
0,23581,PUT,2765875351567168
0,23581,GET,2765875351630365
0,23828,PUT,2765875351563991
0,23828,GET,2765875351630686
0,46608,PUT,2765875351583626
0,46608,GET,2765875351630635
0,44053,PUT,2765875351592326
0,44053,GET,2765875351630956
0,42505,PUT,2765875351560312
0,42505,GET,2765875351631006
0,42769,PUT,2765875351558608
0,42769,GET,2765875351631026
0,42245,PUT,2765875351593088
0,42245,GET,2765875351631097
0,39176,PUT,2765875351554499
0,39176,GET,2765875351630916
0,44300,PUT,2765875351604715
0,44300,GET,2765875351631227
0,18967,PUT,2765875351536797
0,18967,GET,2765875351631317
0,19203,PUT,2765875351565434
0,19203,GET,2765875351631257
0,23306,PUT,2765875351565825
0,23306,GET,2765875351631427
0,39446,PUT,2765875351598781
0,39446,GET,2765875351631387
0,40985,PUT,2765875351598761
0,40985,GET,2765875351631548
0,25108,PUT,2765875351569894
0,25108,GET,2765875351631568
0,42000,PUT,2765875351560693
0,42000,GET,2765875351631638
0,24340,PUT,2765875351565785
0,24340,GET,2765875351631738
0,33285,PUT,2765875351526504
0,33285,GET,2765875351631718
0,20251,PUT,2765875351558889
0,20251,GET,2765875351631868
0,20740,PUT,2765875351578314
0,20740,GET,2765875351632069
0,34842,PUT,2765875351574796
0,34842,GET,2765875351631948
0,25885,PUT,2765875351583797
0,25885,GET,2765875351631989
0,17695,PUT,2765875351535084
0,17695,GET,2765875351632009
0,23836,PUT,2765875351578785
0,23836,GET,2765875351632199
0,28184,PUT,2765875351576480
0,28184,GET,2765875351632129
0,30720,PUT,2765875351520069
0,30720,GET,2765875351632209
0,26648,PUT,2765875351567589
0,26648,GET,2765875351632279
0,24084,PUT,2765875351564943
0,24084,GET,2765875351632400
0,33024,PUT,2765875351569052
0,33024,GET,2765875351632490
0,22815,PUT,2765875351570045
0,22815,GET,2765875351632500
0,27154,PUT,2765875351581251
0,27154,GET,2765875351632590
0,38425,PUT,2765875351581501
0,38425,GET,2765875351632660
0,33817,PUT,2765875351547071
0,33817,GET,2765875351632821
0,29698,PUT,2765875351525521
0,29698,GET,2765875351632841
0,35859,PUT,2765875351552714
0,35859,GET,2765875351632911
0,25098,PUT,2765875351583777
0,25098,GET,2765875351632841
0,21275,PUT,2765875351566086
0,21275,GET,2765875351632991
0,34074,PUT,2765875351569303
0,34074,GET,2765875351633121
0,36098,PUT,2765875351590161
0,36098,GET,2765875351633211
0,46089,PUT,2765875351590643
0,46089,GET,2765875351633442
0,40200,PUT,2765875351558758
0,40200,GET,2765875351633462
0,33299,PUT,2765875351534412
0,33299,GET,2765875351633302
0,19740,PUT,2765875351556393
0,19740,GET,2765875351633572
0,35866,PUT,2765875351580218
0,35866,GET,2765875351633723
0,30232,PUT,2765875351589831
0,30232,GET,2765875351633793
0,33295,PUT,2765875351566486
0,33295,GET,2765875351633913
0,22299,PUT,2765875351577913
0,22299,GET,2765875351633903
0,22551,PUT,2765875351562968
0,22551,GET,2765875351633973
0,25364,PUT,2765875351570736
0,25364,GET,2765875351634254
0,44565,PUT,2765875351595895
0,44565,GET,2765875351634364
0,21251,PUT,2765875351577833
0,21251,GET,2765875351634304
0,27672,PUT,2765875351574736
0,27672,GET,2765875351634484
0,35606,PUT,2765875351574746
0,35606,GET,2765875351634655
0,39440,PUT,2765875351541649
0,39440,GET,2765875351634695
0,29711,PUT,2765875351526814
0,29711,GET,2765875351634745
0,43528,PUT,2765875351586102
0,43528,GET,2765875351634915
0,38169,PUT,2765875351578895
0,38169,GET,2765875351634965
0,25613,PUT,2765875351585491
0,25613,GET,2765875351634986
0,32527,PUT,2765875351548745
0,32527,GET,2765875351635076
0,38931,PUT,2765875351590061
0,38931,GET,2765875351635126
0,40459,PUT,2765875351592457
0,40459,GET,2765875351635296
0,36619,PUT,2765875351571628
0,36619,GET,2765875351635236
0,18203,PUT,2765875351544455
0,18203,GET,2765875351635206
0,35086,PUT,2765875351575016
0,35086,GET,2765875351635286
0,37146,PUT,2765875351587185
0,37146,GET,2765875351635256
0,35855,PUT,2765875351588297
0,35855,GET,2765875351635647
0,38412,PUT,2765875351553637
0,38412,GET,2765875351635687
0,48400,PUT,2765875351606299
0,48400,GET,2765875351635737
0,41999,PUT,2765875351618046
0,41999,GET,2765875351635777
0,18972,PUT,2765875351548946
0,18972,GET,2765875351635817
0,34562,PUT,2765875351582484
0,34562,GET,2765875351635998
0,38163,PUT,2765875351583997
0,38163,GET,2765875351636048
0,23839,PUT,2765875351576399
0,23839,GET,2765875351636008
0,17156,PUT,2765875351560112
0,17156,GET,2765875351636118
0,24603,PUT,2765875351590913
0,24603,GET,2765875351636148
0,25118,PUT,2765875351594722
0,25118,GET,2765875351636178
0,40217,PUT,2765875351594221
0,40217,GET,2765875351636078
0,21015,PUT,2765875351550479
0,21015,GET,2765875351636228
0,22046,PUT,2765875351572901
0,22046,GET,2765875351636689
0,27415,PUT,2765875351595995
0,27415,GET,2765875351636710
0,23818,PUT,2765875351567509
0,23818,GET,2765875351636619
0,33280,PUT,2765875351570265
0,33280,GET,2765875351636760
0,40213,PUT,2765875351573202
0,40213,GET,2765875351636509
0,43029,PUT,2765875351587275
0,43029,GET,2765875351636900
0,42512,PUT,2765875351564261
0,42512,GET,2765875351636970
0,38920,PUT,2765875351552845
0,38920,GET,2765875351636970
0,32519,PUT,2765875351536677
0,32519,GET,2765875351636990
0,19213,PUT,2765875351545257
0,19213,GET,2765875351637040
0,40972,PUT,2765875351586012
0,40972,GET,2765875351637100
0,38419,PUT,2765875351584839
0,38419,GET,2765875351637371
0,26397,PUT,2765875351587435
0,26397,GET,2765875351637321
0,25879,PUT,2765875351587916
0,25879,GET,2765875351637572
0,41489,PUT,2765875351548936
0,41489,GET,2765875351637572
0,45589,PUT,2765875351605868
0,45589,GET,2765875351637632
0,19483,PUT,2765875351551482
0,19483,GET,2765875351637812
0,34828,PUT,2765875351532648
0,34828,GET,2765875351637872
0,26140,PUT,2765875351595083
0,26140,GET,2765875351637892
0,37643,PUT,2765875351576851
0,37643,GET,2765875351638223
0,29463,PUT,2765875351607592
0,29463,GET,2765875351638253
0,33550,PUT,2765875351552554
0,33550,GET,2765875351638273
0,32257,PUT,2765875351556563
0,32257,GET,2765875351638273
0,29464,PUT,2765875351580679
0,29464,GET,2765875351638313
0,32514,PUT,2765875351543473
0,32514,GET,2765875351638604
0,27421,PUT,2765875351592757
0,27421,GET,2765875351638534
0,17418,PUT,2765875351525581
0,17418,GET,2765875351638594
0,27416,PUT,2765875351571829
0,27416,GET,2765875351638644
0,21258,PUT,2765875351553406
0,21258,GET,2765875351638674
0,29460,PUT,2765875351595063
0,29460,GET,2765875351638794
0,18715,PUT,2765875351548104
0,18715,GET,2765875351638824
0,38158,PUT,2765875351604234
0,38158,GET,2765875351638824
0,33038,PUT,2765875351545688
0,33038,GET,2765875351638915
0,21278,PUT,2765875351569213
0,21278,GET,2765875351639015
0,24594,PUT,2765875351548384
0,24594,GET,2765875351639095
0,39179,PUT,2765875351585581
0,39179,GET,2765875351639025
0,39438,PUT,2765875351611291
0,39438,GET,2765875351639175
0,38165,PUT,2765875351562828
0,38165,GET,2765875351639245
0,24093,PUT,2765875351571779
0,24093,GET,2765875351639356
0,33800,PUT,2765875351524098
0,33800,GET,2765875351639396
0,18459,PUT,2765875351546249
0,18459,GET,2765875351639636
0,34827,PUT,2765875351560162
0,34827,GET,2765875351639596
0,39187,PUT,2765875351592778
0,39187,GET,2765875351639616
0,43025,PUT,2765875351560382
0,43025,GET,2765875351639606
0,37907,PUT,2765875351582093
0,37907,GET,2765875351639556
0,25354,PUT,2765875351585681
0,25354,GET,2765875351639737
0,23323,PUT,2765875351584037
0,23323,GET,2765875351639737
0,36879,PUT,2765875351592427
0,36879,GET,2765875351639707
0,34063,PUT,2765875351572931
0,34063,GET,2765875351639737
0,36627,PUT,2765875351559741
0,36627,GET,2765875351639877
0,20759,PUT,2765875351546851
0,20759,GET,2765875351639957
0,38426,PUT,2765875351593509
0,38426,GET,2765875351639957
0,25604,PUT,2765875351617515
0,25604,GET,2765875351639977
0,38156,PUT,2765875351552825
0,38156,GET,2765875351640007
0,22812,PUT,2765875351572049
0,22812,GET,2765875351640037
0,24861,PUT,2765875351578234
0,24861,GET,2765875351640087
0,45072,PUT,2765875351576309
0,45072,GET,2765875351640148
0,32783,PUT,2765875351549697
0,32783,GET,2765875351640228
0,36378,PUT,2765875351581942
0,36378,GET,2765875351640468
0,42501,PUT,2765875351594010
0,42501,GET,2765875351640538
0,41241,PUT,2765875351599613
0,41241,GET,2765875351640558
0,44555,PUT,2765875351616032
0,44555,GET,2765875351640619
0,39944,PUT,2765875351557927
0,39944,GET,2765875351640548
0,35851,PUT,2765875351565424
0,35851,GET,2765875351640649
0,20766,PUT,2765875351566547
0,20766,GET,2765875351640649
0,44304,PUT,2765875351573753
0,44304,GET,2765875351640799
0,28440,PUT,2765875351577332
0,28440,GET,2765875351640839
0,35350,PUT,2765875351573894
0,35350,GET,2765875351640919
0,25620,PUT,2765875351571558
0,25620,GET,2765875351640939
0,49424,PUT,2765875351609526
0,49424,GET,2765875351641040
0,19460,PUT,2765875351569554
0,19460,GET,2765875351641150
0,24095,PUT,2765875351577261
0,24095,GET,2765875351641200
0,35342,PUT,2765875351579517
0,35342,GET,2765875351641471
0,25884,PUT,2765875351594311
0,25884,GET,2765875351641400
0,43019,PUT,2765875351607011
0,43019,GET,2765875351641511
0,49680,PUT,2765875351610338
0,49680,GET,2765875351641561
0,20995,PUT,2765875351576921
0,20995,GET,2765875351641611
0,51216,PUT,2765875351620732
0,51216,GET,2765875351641551
0,24323,PUT,2765875351601177
0,24323,GET,2765875351641721
0,16668,PUT,2765875351536567
0,16668,GET,2765875351641641
0,35841,PUT,2765875351604134
0,35841,GET,2765875351642002
0,20255,PUT,2765875351554599
0,20255,GET,2765875351641982
0,44040,PUT,2765875351589690
0,44040,GET,2765875351641862
0,40968,PUT,2765875351563149
0,40968,GET,2765875351642182
0,22555,PUT,2765875351578785
0,22555,GET,2765875351642002
0,26628,PUT,2765875351623419
0,26628,GET,2765875351642282
0,34049,PUT,2765875351589360
0,34049,GET,2765875351642403
0,37657,PUT,2765875351575147
0,37657,GET,2765875351642423
0,23326,PUT,2765875351582183
0,23326,GET,2765875351642433
0,19716,PUT,2765875351570416
0,19716,GET,2765875351642433
0,36890,PUT,2765875351584649
0,36890,GET,2765875351642543
0,25357,PUT,2765875351583767
0,25357,GET,2765875351642563
0,22303,PUT,2765875351568421
0,22303,GET,2765875351642493
0,33807,PUT,2765875351572079
0,33807,GET,2765875351642683
0,39436,PUT,2765875351566096
0,39436,GET,2765875351642874
0,43276,PUT,2765875351597769
0,43276,GET,2765875351642904
0,36366,PUT,2765875351591956
0,36366,GET,2765875351643094
0,25375,PUT,2765875351585360
0,25375,GET,2765875351643225
0,22552,PUT,2765875351548455
0,22552,GET,2765875351643225
0,36634,PUT,2765875351582975
0,36634,GET,2765875351643365
0,23327,PUT,2765875351572771
0,23327,GET,2765875351643375
0,41733,PUT,2765875351578745
0,41733,GET,2765875351643385
0,42768,PUT,2765875351565093
0,42768,GET,2765875351643355
0,41224,PUT,2765875351563910
0,41224,GET,2765875351643455
0,40709,PUT,2765875351570766
0,40709,GET,2765875351643445
0,19469,PUT,2765875351548004
0,19469,GET,2765875351643575
0,36878,PUT,2765875351593569
0,36878,GET,2765875351643786
0,36633,PUT,2765875351570867
0,36633,GET,2765875351643746
0,24607,PUT,2765875351579918
0,24607,GET,2765875351643986
0,25859,PUT,2765875351614548
0,25859,GET,2765875351644057
0,40456,PUT,2765875351559580
0,40456,GET,2765875351644127
0,38155,PUT,2765875351579467
0,38155,GET,2765875351644157
0,25368,PUT,2765875351559620
0,25368,GET,2765875351644227
0,33536,PUT,2765875351572651
0,33536,GET,2765875351644167
0,38923,PUT,2765875351584749
0,38923,GET,2765875351644227
0,30237,PUT,2765875351608464
0,30237,GET,2765875351644257
0,32513,PUT,2765875351561705
0,32513,GET,2765875351644267
0,42771,PUT,2765875351619439
0,42771,GET,2765875351644297
0,45576,PUT,2765875351595504
0,45576,GET,2765875351644217
0,33025,PUT,2765875351583396
0,33025,GET,2765875351644237
0,22019,PUT,2765875351583225
0,22019,GET,2765875351644407
0,33281,PUT,2765875351584669
0,33281,GET,2765875351644397
0,22301,PUT,2765875351559991
0,22301,GET,2765875351644478
0,28938,PUT,2765875351616633
0,28938,GET,2765875351644478
0,37131,PUT,2765875351574244
0,37131,GET,2765875351644417
0,24330,PUT,2765875351572771
0,24330,GET,2765875351644658
0,33537,PUT,2765875351585711
0,33537,GET,2765875351644598
0,45832,PUT,2765875351596356
0,45832,GET,2765875351644909
0,18435,PUT,2765875351553396
0,18435,GET,2765875351645059
0,22275,PUT,2765875351584067
0,22275,GET,2765875351645109
0,41989,PUT,2765875351580449
0,41989,GET,2765875351645139
0,28178,PUT,2765875351589440
0,28178,GET,2765875351645279
0,49161,PUT,2765875351610659
0,49161,GET,2765875351645310
0,40710,PUT,2765875351589420
0,40710,GET,2765875351645510
0,45073,PUT,2765875351580339
0,45073,GET,2765875351645550
0,46864,PUT,2765875351594862
0,46864,GET,2765875351645771
0,29709,PUT,2765875351613496
0,29709,GET,2765875351645891
0,46857,PUT,2765875351596957
0,46857,GET,2765875351645881
0,41992,PUT,2765875351566396
0,41992,GET,2765875351645971
0,22804,PUT,2765875351556934
0,22804,GET,2765875351646051
0,19715,PUT,2765875351569002
0,19715,GET,2765875351646031
0,37378,PUT,2765875351597929
0,37378,GET,2765875351645931
0,21508,PUT,2765875351581792
0,21508,GET,2765875351646071
0,36615,PUT,2765875351583205
0,36615,GET,2765875351646081
0,21507,PUT,2765875351579587
0,21507,GET,2765875351646071
0,45320,PUT,2765875351594782
0,45320,GET,2765875351645991
0,46613,PUT,2765875351611030
0,46613,GET,2765875351646212
0,34062,PUT,2765875351566897
0,34062,GET,2765875351646021
0,49929,PUT,2765875351613105
0,49929,GET,2765875351646292
0,37402,PUT,2765875351588047
0,37402,GET,2765875351646522
0,21020,PUT,2765875351562487
0,21020,GET,2765875351646492
0,24349,PUT,2765875351575457
0,24349,GET,2765875351646472
0,22020,PUT,2765875351585380
0,22020,GET,2765875351646432
0,37139,PUT,2765875351577582
0,37139,GET,2765875351646773
0,44821,PUT,2765875351597679
0,44821,GET,2765875351646813
0,24088,PUT,2765875351553526
0,24088,GET,2765875351646803
0,25883,PUT,2765875351599964
0,25883,GET,2765875351646863
0,23579,PUT,2765875351584809
0,23579,GET,2765875351646893
0,26141,PUT,2765875351585601
0,26141,GET,2765875351646973
0,23063,PUT,2765875351565644
0,23063,GET,2765875351646913
0,27678,PUT,2765875351614057
0,27678,GET,2765875351646993
0,40454,PUT,2765875351587104
0,40454,GET,2765875351646953
0,26644,PUT,2765875351574886
0,26644,GET,2765875351647064
0,37658,PUT,2765875351590091
0,37658,GET,2765875351647104
0,14596,PUT,2765875351541218
0,14596,GET,2765875351647114
0,33045,PUT,2765875351528989
0,33045,GET,2765875351647364
0,41736,PUT,2765875351565584
0,41736,GET,2765875351647304
0,38682,PUT,2765875351596135
0,38682,GET,2765875351647595
0,45841,PUT,2765875351586533
0,45841,GET,2765875351647645
0,23811,PUT,2765875351596646
0,23811,GET,2765875351647715
0,39193,PUT,2765875351586954
0,39193,GET,2765875351647705
0,42261,PUT,2765875351583726
0,42261,GET,2765875351647795
0,44561,PUT,2765875351575728
0,44561,GET,2765875351647835
0,24348,PUT,2765875351584599
0,24348,GET,2765875351647855
0,25367,PUT,2765875351584408
0,25367,GET,2765875351647805
0,33799,PUT,2765875351561084
0,33799,GET,2765875351647755
0,34818,PUT,2765875351584188
0,34818,GET,2765875351647635
0,37651,PUT,2765875351580299
0,37651,GET,2765875351647916
0,29208,PUT,2765875351579847
0,29208,GET,2765875351648076
0,20237,PUT,2765875351553276
0,20237,GET,2765875351647996
0,39695,PUT,2765875351603112
0,39695,GET,2765875351648236
0,40198,PUT,2765875351583336
0,40198,GET,2765875351648367
0,40729,PUT,2765875351596947
0,40729,GET,2765875351648457
0,24855,PUT,2765875351576269
0,24855,GET,2765875351648567
0,34574,PUT,2765875351571478
0,34574,GET,2765875351648587
0,41232,PUT,2765875351555481
0,41232,GET,2765875351648607
0,43536,PUT,2765875351568461
0,43536,GET,2765875351648627
0,44048,PUT,2765875351571127
0,44048,GET,2765875351648597
0,47881,PUT,2765875351603693
0,47881,GET,2765875351648737
0,26399,PUT,2765875351597909
0,26399,GET,2765875351648697
0,39694,PUT,2765875351612022
0,39694,GET,2765875351648758
0,42504,PUT,2765875351579246
0,42504,GET,2765875351648737
0,23071,PUT,2765875351570917
0,23071,GET,2765875351648878
0,34325,PUT,2765875351536286
0,34325,GET,2765875351648968
0,34561,PUT,2765875351598110
0,34561,GET,2765875351649068
0,31746,PUT,2765875351540175
0,31746,GET,2765875351649179
0,36359,PUT,2765875351581361
0,36359,GET,2765875351649339
0,25627,PUT,2765875351599082
0,25627,GET,2765875351649469
0,39691,PUT,2765875351587185
0,39691,GET,2765875351649289
0,43272,PUT,2765875351584318
0,43272,GET,2765875351649489
0,43537,PUT,2765875351563008
0,43537,GET,2765875351649509
0,37122,PUT,2765875351596145
0,37122,GET,2765875351649379
0,24606,PUT,2765875351593018
0,24606,GET,2765875351649519
0,40467,PUT,2765875351602410
0,40467,GET,2765875351649449
0,27149,PUT,2765875351591354
0,27149,GET,2765875351649389
0,35847,PUT,2765875351574505
0,35847,GET,2765875351649569
0,48401,PUT,2765875351622466
0,48401,GET,2765875351649840
0,41227,PUT,2765875351600265
0,41227,GET,2765875351649840
0,44293,PUT,2765875351610038
0,44293,GET,2765875351649790
0,40460,PUT,2765875351583265
0,40460,GET,2765875351649980
0,47369,PUT,2765875351601217
0,47369,GET,2765875351649810
0,29207,PUT,2765875351604765
0,29207,GET,2765875351650181
0,24860,PUT,2765875351590883
0,24860,GET,2765875351650391
0,40712,PUT,2765875351560352
0,40712,GET,2765875351650411
0,42773,PUT,2765875351586463
0,42773,GET,2765875351650451
0,36608,PUT,2765875351599974
0,36608,GET,2765875351650361
0,29719,PUT,2765875351609416
0,29719,GET,2765875351650341
0,14875,PUT,2765875351518174
0,14875,GET,2765875351650482
0,41749,PUT,2765875351580990
0,41749,GET,2765875351650401
0,35854,PUT,2765875351583065
0,35854,GET,2765875351650301
0,26909,PUT,2765875351589971
0,26909,GET,2765875351650552
0,37377,PUT,2765875351614789
0,37377,GET,2765875351650582
0,30488,PUT,2765875351591565
0,30488,GET,2765875351650722
0,39699,PUT,2765875351598922
0,39699,GET,2765875351650762
0,22302,PUT,2765875351573743
0,22302,GET,2765875351650822
0,34831,PUT,2765875351580158
0,34831,GET,2765875351651123
0,42517,PUT,2765875351585621
0,42517,GET,2765875351651133
0,36622,PUT,2765875351592747
0,36622,GET,2765875351651173
0,34330,PUT,2765875351572099
0,34330,GET,2765875351651253
0,44816,PUT,2765875351575387
0,44816,GET,2765875351651273
0,27146,PUT,2765875351601718
0,27146,GET,2765875351651293
0,48137,PUT,2765875351604455
0,48137,GET,2765875351651283
0,44566,PUT,2765875351640438
0,44566,GET,2765875351651263
0,30744,PUT,2765875351600646
0,30744,GET,2765875351651173
0,39706,PUT,2765875351600405
0,39706,GET,2765875351651193
0,18718,PUT,2765875351545257
0,18718,GET,2765875351651344
0,40966,PUT,2765875351592126
0,40966,GET,2765875351651293
0,43788,PUT,2765875351603011
0,43788,GET,2765875351651273
0,27165,PUT,2765875351591815
0,27165,GET,2765875351651464
0,28682,PUT,2765875351611331
0,28682,GET,2765875351651384
0,16927,PUT,2765875351531766
0,16927,GET,2765875351651474
0,36121,PUT,2765875351569163
0,36121,GET,2765875351651514
0,27156,PUT,2765875351579356
0,27156,GET,2765875351651654
0,21773,PUT,2765875351559991
0,21773,GET,2765875351651775
0,28434,PUT,2765875351590202
0,28434,GET,2765875351651785
0,37634,PUT,2765875351601458
0,37634,GET,2765875351651905
0,47632,PUT,2765875351597428
0,47632,GET,2765875351652025
0,21279,PUT,2765875351563089
0,21279,GET,2765875351652055
0,42757,PUT,2765875351594882
0,42757,GET,2765875351652105
0,36875,PUT,2765875351573413
0,36875,GET,2765875351652045
0,18947,PUT,2765875351563530
0,18947,GET,2765875351652206
0,27666,PUT,2765875351587796
0,27666,GET,2765875351652206
0,27423,PUT,2765875351604124
0,27423,GET,2765875351652246
0,23812,PUT,2765875351600505
0,23812,GET,2765875351652276
0,41740,PUT,2765875351589249
0,41740,GET,2765875351652436
0,41484,PUT,2765875351587616
0,41484,GET,2765875351652336
0,40204,PUT,2765875351580579
0,40204,GET,2765875351652657
0,38934,PUT,2765875351595273
0,38934,GET,2765875351652657
0,37390,PUT,2765875351598100
0,37390,GET,2765875351652727
0,39430,PUT,2765875351566527
0,39430,GET,2765875351652867
0,38681,PUT,2765875351584228
0,38681,GET,2765875351652877
0,28695,PUT,2765875351601137
0,28695,GET,2765875351653118
0,26634,PUT,2765875351594542
0,26634,GET,2765875351653118
0,36096,PUT,2765875351597839
0,36096,GET,2765875351653178
0,48649,PUT,2765875351609005
0,48649,GET,2765875351653278
0,24091,PUT,2765875351588417
0,24091,GET,2765875351653368
0,35072,PUT,2765875351587986
0,35072,GET,2765875351653448
0,35584,PUT,2765875351595724
0,35584,GET,2765875351653478
0,38668,PUT,2765875351557255
0,38668,GET,2765875351653418
0,43016,PUT,2765875351583636
0,43016,GET,2765875351653599
0,46097,PUT,2765875351599493
0,46097,GET,2765875351653679
0,20483,PUT,2765875351573342
0,20483,GET,2765875351653699
0,40979,PUT,2765875351604014
0,40979,GET,2765875351653789
0,44560,PUT,2765875351574535
0,44560,GET,2765875351653739
0,39429,PUT,2765875351565815
0,39429,GET,2765875351653849
0,25631,PUT,2765875351586232
0,25631,GET,2765875351653849
0,30743,PUT,2765875351621284
0,30743,GET,2765875351653879
0,27679,PUT,2765875351606920
0,27679,GET,2765875351653909
0,27167,PUT,2765875351601438
0,27167,GET,2765875351654140
0,27410,PUT,2765875351585892
0,27410,GET,2765875351654230
0,36886,PUT,2765875351579076
0,36886,GET,2765875351654270
0,31768,PUT,2765875351605156
0,31768,GET,2765875351654330
0,31247,PUT,2765875351538892
0,31247,GET,2765875351654431
0,45068,PUT,2765875351610880
0,45068,GET,2765875351654531
0,29716,PUT,2765875351597799
0,29716,GET,2765875351654441
0,38677,PUT,2765875351564482
0,38677,GET,2765875351654671
0,41996,PUT,2765875351590071
0,41996,GET,2765875351654641
0,34586,PUT,2765875351572972
0,34586,GET,2765875351654611
0,43785,PUT,2765875351578444
0,43785,GET,2765875351654641
0,23562,PUT,2765875351566657
0,23562,GET,2765875351654792
0,31256,PUT,2765875351603432
0,31256,GET,2765875351654792
0,29972,PUT,2765875351602320
0,29972,GET,2765875351654731
0,35842,PUT,2765875351589410
0,35842,GET,2765875351654832
0,27159,PUT,2765875351595163
0,27159,GET,2765875351655122
0,50952,PUT,2765875351630004
0,50952,GET,2765875351655152
0,34319,PUT,2765875351573773
0,34319,GET,2765875351655202
0,26893,PUT,2765875351590542
0,26893,GET,2765875351655253
0,25373,PUT,2765875351579908
0,25373,GET,2765875351655353
0,46344,PUT,2765875351599684
0,46344,GET,2765875351655393
0,41221,PUT,2765875351575267
0,41221,GET,2765875351655543
0,44297,PUT,2765875351580118
0,44297,GET,2765875351655804
0,22787,PUT,2765875351592216
0,22787,GET,2765875351655463
0,26647,PUT,2765875351591525
0,26647,GET,2765875351655603
0,39435,PUT,2765875351586343
0,39435,GET,2765875351655684
0,36629,PUT,2765875351551592
0,36629,GET,2765875351655664
0,26115,PUT,2765875351616392
0,26115,GET,2765875351655613
0,37135,PUT,2765875351593259
0,37135,GET,2765875351655764
0,43546,PUT,2765875351637682
0,43546,GET,2765875351655714
0,42249,PUT,2765875351559470
0,42249,GET,2765875351655914
0,33026,PUT,2765875351562527
0,33026,GET,2765875351656075
0,36352,PUT,2765875351598952
0,36352,GET,2765875351656165
0,25628,PUT,2765875351593469
0,25628,GET,2765875351656115
0,42252,PUT,2765875351590913
0,42252,GET,2765875351656315
0,48904,PUT,2765875351617234
0,48904,GET,2765875351656335
0,21019,PUT,2765875351562407
0,21019,GET,2765875351656315
0,21783,PUT,2765875351559340
0,21783,GET,2765875351656465
0,28699,PUT,2765875351614678
0,28699,GET,2765875351656616
0,38144,PUT,2765875351611361
0,38144,GET,2765875351656516
0,35335,PUT,2765875351570115
0,35335,GET,2765875351656526
0,28436,PUT,2765875351589791
0,28436,GET,2765875351656526
0,25629,PUT,2765875351582844
0,25629,GET,2765875351656606
0,16671,PUT,2765875351529932
0,16671,GET,2765875351656716
0,38402,PUT,2765875351603974
0,38402,GET,2765875351656726
0,22300,PUT,2765875351568561
0,22300,GET,2765875351656776
0,21271,PUT,2765875351556724
0,21271,GET,2765875351656766
0,23067,PUT,2765875351582213
0,23067,GET,2765875351656957
0,38170,PUT,2765875351592677
0,38170,GET,2765875351656987
0,28429,PUT,2765875351602049
0,28429,GET,2765875351657047
0,45329,PUT,2765875351583967
0,45329,GET,2765875351657017
0,46609,PUT,2765875351602179
0,46609,GET,2765875351657067
0,18442,PUT,2765875351533520
0,18442,GET,2765875351657167
0,27927,PUT,2765875351597719
0,27927,GET,2765875351657247
0,41497,PUT,2765875351600395
0,41497,GET,2765875351657237
0,30994,PUT,2765875351603853
0,30994,GET,2765875351657378
0,28191,PUT,2765875351610418
0,28191,GET,2765875351657458
0,19487,PUT,2765875351543052
0,19487,GET,2765875351657588
0,38926,PUT,2765875351607722
0,38926,GET,2765875351657428
0,26386,PUT,2765875351575878
0,26386,GET,2765875351657588
0,37376,PUT,2765875351603142
0,37376,GET,2765875351657668
0,22531,PUT,2765875351587706
0,22531,GET,2765875351657588
0,25372,PUT,2765875351592617
0,25372,GET,2765875351657668
0,26890,PUT,2765875351599954
0,26890,GET,2765875351657899
0,31250,PUT,2765875351605667
0,31250,GET,2765875351657959
0,39962,PUT,2765875351604104
0,39962,GET,2765875351657969
0,23058,PUT,2765875351529330
0,23058,GET,2765875351658009
0,35343,PUT,2765875351581872
0,35343,GET,2765875351658179
0,36610,PUT,2765875351594461
0,36610,GET,2765875351658189
0,43014,PUT,2765875351601448
0,43014,GET,2765875351658370
0,47376,PUT,2765875351596596
0,47376,GET,2765875351658370
0,23838,PUT,2765875351590432
0,23838,GET,2765875351658510
0,29725,PUT,2765875351605748
0,29725,GET,2765875351658430
0,34817,PUT,2765875351599233
0,34817,GET,2765875351658590
0,22532,PUT,2765875351589871
0,22532,GET,2765875351658540
0,32769,PUT,2765875351562908
0,32769,GET,2765875351658961
0,22292,PUT,2765875351551502
0,22292,GET,2765875351658971
0,41753,PUT,2765875351601237
0,41753,GET,2765875351659282
0,26392,PUT,2765875351566767
0,26392,GET,2765875351659172
0,28419,PUT,2765875351628370
0,28419,GET,2765875351659152
0,37632,PUT,2765875351605477
0,37632,GET,2765875351659212
0,31508,PUT,2765875351609847
0,31508,GET,2765875351659372
0,26122,PUT,2765875351591785
0,26122,GET,2765875351659492
0,25876,PUT,2765875351572410
0,25876,GET,2765875351659713
0,27420,PUT,2765875351604705
0,27420,GET,2765875351659673
0,26116,PUT,2765875351619159
0,26116,GET,2765875351659683
0,30727,PUT,2765875351524258
0,30727,GET,2765875351659713
0,29970,PUT,2765875351596917
0,29970,GET,2765875351659823
0,35591,PUT,2765875351570867
0,35591,GET,2765875351659944
0,49168,PUT,2765875351608684
0,49168,GET,2765875351659663
0,38166,PUT,2765875351592727
0,38166,GET,2765875351660174
0,41737,PUT,2765875351556914
0,41737,GET,2765875351660144
0,37890,PUT,2765875351602280
0,37890,GET,2765875351660334
0,46597,PUT,2765875351624702
0,46597,GET,2765875351660304
0,41747,PUT,2765875351612303
0,41747,GET,2765875351660385
0,23043,PUT,2765875351593078
0,23043,GET,2765875351660425
0,42502,PUT,2765875351598982
0,42502,GET,2765875351660585
0,19742,PUT,2765875351557506
0,19742,GET,2765875351660615
0,43781,PUT,2765875351605788
0,43781,GET,2765875351660956
0,29458,PUT,2765875351594341
0,29458,GET,2765875351660836
0,29727,PUT,2765875351625093
0,29727,GET,2765875351660765
0,41483,PUT,2765875351601077
0,41483,GET,2765875351660946
0,34304,PUT,2765875351582033
0,34304,GET,2765875351661146
0,24067,PUT,2765875351599403
0,24067,GET,2765875351661046
0,29202,PUT,2765875351593519
0,29202,GET,2765875351661086
0,30740,PUT,2765875351607452
0,30740,GET,2765875351661417
0,42003,PUT,2765875351615129
0,42003,GET,2765875351661547
0,25347,PUT,2765875351610168
0,25347,GET,2765875351661527
0,21763,PUT,2765875351580439
0,21763,GET,2765875351661537
0,51217,PUT,2765875351640649
0,51217,GET,2765875351661587
0,41998,PUT,2765875351626917
0,41998,GET,2765875351661688
0,26655,PUT,2765875351598731
0,26655,GET,2765875351661718
0,39685,PUT,2765875351566737
0,39685,GET,2765875351661678
0,49928,PUT,2765875351623379
0,49928,GET,2765875351661808
0,23580,PUT,2765875351577913
0,23580,GET,2765875351661698
0,41217,PUT,2765875351638013
0,41217,GET,2765875351661938
0,38415,PUT,2765875351597268
0,38415,GET,2765875351661958
0,43792,PUT,2765875351569293
0,43792,GET,2765875351662018
0,31772,PUT,2765875351631407
0,31772,GET,2765875351662068
0,26910,PUT,2765875351609556
0,26910,GET,2765875351662099
0,27422,PUT,2765875351613195
0,27422,GET,2765875351662279
0,38146,PUT,2765875351603122
0,38146,GET,2765875351662439
0,41238,PUT,2765875351622928
0,41238,GET,2765875351662379
0,43269,PUT,2765875351599393
0,43269,GET,2765875351662489
0,40203,PUT,2765875351588868
0,40203,GET,2765875351662479
0,45077,PUT,2765875351603272
0,45077,GET,2765875351662580
0,39705,PUT,2765875351589620
0,39705,GET,2765875351662620
0,24094,PUT,2765875351591324
0,24094,GET,2765875351662540
0,46357,PUT,2765875351608304
0,46357,GET,2765875351662690
0,28173,PUT,2765875351600275
0,28173,GET,2765875351662750
0,21770,PUT,2765875351556984
0,21770,GET,2765875351662710
0,41743,PUT,2765875351616272
0,41743,GET,2765875351662800
0,42255,PUT,2765875351619800
0,42255,GET,2765875351662870
0,30738,PUT,2765875351601127
0,30738,GET,2765875351662940
0,27676,PUT,2765875351606519
0,27676,GET,2765875351662971
0,32258,PUT,2765875351542591
0,32258,GET,2765875351663051
0,38414,PUT,2765875351605086
0,38414,GET,2765875351663001
0,39443,PUT,2765875351598070
0,39443,GET,2765875351663061
0,43801,PUT,2765875351614859
0,43801,GET,2765875351663021
0,23556,PUT,2765875351596897
0,23556,GET,2765875351663311
0,41754,PUT,2765875351614909
0,41754,GET,2765875351663442
0,40723,PUT,2765875351603232
0,40723,GET,2765875351663452
0,22558,PUT,2765875351574615
0,22558,GET,2765875351663472
0,47880,PUT,2765875351610188
0,47880,GET,2765875351663452
0,27924,PUT,2765875351585420
0,27924,GET,2765875351663602
0,37910,PUT,2765875351591875
0,37910,GET,2765875351663602
0,22814,PUT,2765875351575467
0,22814,GET,2765875351663502
0,35330,PUT,2765875351587716
0,35330,GET,2765875351663592
0,48648,PUT,2765875351613596
0,48648,GET,2765875351663542
0,38663,PUT,2765875351608815
0,38663,GET,2765875351663702
0,21780,PUT,2765875351548024
0,21780,GET,2765875351663923
0,33794,PUT,2765875351567208
0,33794,GET,2765875351663812
0,41228,PUT,2765875351586794
0,41228,GET,2765875351663923
0,26904,PUT,2765875351568281
0,26904,GET,2765875351664023
0,27668,PUT,2765875351583035
0,27668,GET,2765875351664133
0,37633,PUT,2765875351616483
0,37633,GET,2765875351664153
0,44305,PUT,2765875351573944
0,44305,GET,2765875351664213
0,43020,PUT,2765875351594101
0,43020,GET,2765875351664233
0,42515,PUT,2765875351616813
0,42515,GET,2765875351664223
0,39955,PUT,2765875351599764
0,39955,GET,2765875351664294
0,43289,PUT,2765875351612193
0,43289,GET,2765875351664414
0,21252,PUT,2765875351579978
0,21252,GET,2765875351664394
0,26651,PUT,2765875351603342
0,26651,GET,2765875351664364
0,44037,PUT,2765875351608354
0,44037,GET,2765875351664434
0,32020,PUT,2765875351614297
0,32020,GET,2765875351664604
0,30221,PUT,2765875351617014
0,30221,GET,2765875351664685
0,27677,PUT,2765875351593690
0,27677,GET,2765875351664835
0,37913,PUT,2765875351575999
0,37913,GET,2765875351664674
0,29469,PUT,2765875351602821
0,29469,GET,2765875351664865
0,40469,PUT,2765875351576881
0,40469,GET,2765875351664945
0,46856,PUT,2765875351603252
0,46856,GET,2765875351664805
0,38658,PUT,2765875351608464
0,38658,GET,2765875351665075
0,26395,PUT,2765875351601508
0,26395,GET,2765875351665176
0,19997,PUT,2765875351548645
0,19997,GET,2765875351665166
0,43285,PUT,2765875351588117
0,43285,GET,2765875351665146
0,30996,PUT,2765875351608203
0,30996,GET,2765875351665146
0,34068,PUT,2765875351634204
0,34068,GET,2765875351665146
0,28447,PUT,2765875351611280
0,28447,GET,2765875351665276
0,22043,PUT,2765875351574946
0,22043,GET,2765875351665276
0,47113,PUT,2765875351597709
0,47113,GET,2765875351665336
0,47635,PUT,2765875351650111
0,47635,GET,2765875351665366
0,28700,PUT,2765875351613856
0,28700,GET,2765875351665466
0,35599,PUT,2765875351587425
0,35599,GET,2765875351665526
0,26135,PUT,2765875351589811
0,26135,GET,2765875351665677
0,27931,PUT,2765875351611431
0,27931,GET,2765875351665516
0,29953,PUT,2765875351538862
0,29953,GET,2765875351665637
0,29962,PUT,2765875351625073
0,29962,GET,2765875351665917
0,26143,PUT,2765875351596226
0,26143,GET,2765875351665887
0,54537,PUT,2765875351643455
0,54537,GET,2765875351666058
0,29965,PUT,2765875351614287
0,29965,GET,2765875351666088
0,24835,PUT,2765875351607552
0,24835,GET,2765875351666148
0,24863,PUT,2765875351580770
0,24863,GET,2765875351666198
0,49685,PUT,2765875351628380
0,49685,GET,2765875351666258
0,46865,PUT,2765875351603001
0,46865,GET,2765875351666258
0,32536,PUT,2765875351607632
0,32536,GET,2765875351666338
0,39180,PUT,2765875351562658
0,39180,GET,2765875351666469
0,24862,PUT,2765875351593860
0,24862,GET,2765875351666208
0,39958,PUT,2765875351602229
0,39958,GET,2765875351666399
0,21261,PUT,2765875351558378
0,21261,GET,2765875351666439
0,30751,PUT,2765875351632199
0,30751,GET,2765875351666519
0,37646,PUT,2765875351599784
0,37646,GET,2765875351666549
0,47121,PUT,2765875351604695
0,47121,GET,2765875351666669
0,39941,PUT,2765875351567609
0,39941,GET,2765875351666819
0,36097,PUT,2765875351605888
0,36097,GET,2765875351666830
0,28180,PUT,2765875351587996
0,28180,GET,2765875351666749
0,42777,PUT,2765875351609587
0,42777,GET,2765875351666990
0,41739,PUT,2765875351601909
0,41739,GET,2765875351667080
0,47377,PUT,2765875351605547
0,47377,GET,2765875351667050
0,45840,PUT,2765875351580469
0,45840,GET,2765875351667070
0,21535,PUT,2765875351563951
0,21535,GET,2765875351667160
0,36865,PUT,2765875351609406
0,36865,GET,2765875351667150
0,47624,PUT,2765875351609376
0,47624,GET,2765875351667220
0,45833,PUT,2765875351588939
0,45833,GET,2765875351667261
0,23300,PUT,2765875351592377
0,23300,GET,2765875351667341
0,24579,PUT,2765875351604876
0,24579,GET,2765875351667421
0,38159,PUT,2765875351596426
0,38159,GET,2765875351667481
0,37899,PUT,2765875351578635
0,37899,GET,2765875351667671
0,49925,PUT,2765875351646743
0,49925,GET,2765875351667742
0,52489,PUT,2765875351630635
0,52489,GET,2765875351667712
0,26911,PUT,2765875351599593
0,26911,GET,2765875351667872
0,42763,PUT,2765875351605256
0,42763,GET,2765875351667772
0,23324,PUT,2765875351576089
0,23324,GET,2765875351667832
0,43795,PUT,2765875351624621
0,43795,GET,2765875351667752
0,46101,PUT,2765875351607462
0,46101,GET,2765875351667892
0,40725,PUT,2765875351577753
0,40725,GET,2765875351667852
0,35862,PUT,2765875351575578
0,35862,GET,2765875351667952
0,29975,PUT,2765875351612213
0,29975,GET,2765875351667912
0,51973,PUT,2765875351655854
0,51973,GET,2765875351668283
0,49169,PUT,2765875351625744
0,49169,GET,2765875351668092
0,44806,PUT,2765875351616583
0,44806,GET,2765875351668183
0,41474,PUT,2765875351624291
0,41474,GET,2765875351668303
0,29453,PUT,2765875351612654
0,29453,GET,2765875351668363
0,44552,PUT,2765875351592316
0,44552,GET,2765875351668383
0,39947,PUT,2765875351588047
0,39947,GET,2765875351668584
0,28439,PUT,2765875351600285
0,28439,GET,2765875351668654
0,28183,PUT,2765875351599513
0,28183,GET,2765875351668634
0,32276,PUT,2765875351615129
0,32276,GET,2765875351668734
0,43541,PUT,2765875351589680
0,43541,GET,2765875351668724
0,28443,PUT,2765875351612884
0,28443,GET,2765875351668744
0,38675,PUT,2765875351585671
0,38675,GET,2765875351668784
0,25623,PUT,2765875351586042
0,25623,GET,2765875351668664
0,39692,PUT,2765875351566968
0,39692,GET,2765875351668824
0,37647,PUT,2765875351594732
0,37647,GET,2765875351668884
0,40218,PUT,2765875351604956
0,40218,GET,2765875351668744
0,43782,PUT,2765875351609577
0,43782,GET,2765875351668824
0,25101,PUT,2765875351582945
0,25101,GET,2765875351668954
0,32024,PUT,2765875351605938
0,32024,GET,2765875351668904
0,45065,PUT,2765875351582584
0,45065,GET,2765875351669035
0,26396,PUT,2765875351595865
0,26396,GET,2765875351669105
0,28692,PUT,2765875351590582
0,28692,GET,2765875351669135
0,38678,PUT,2765875351594411
0,38678,GET,2765875351669255
0,45845,PUT,2765875351606690
0,45845,GET,2765875351669285
0,27675,PUT,2765875351607802
0,27675,GET,2765875351669486
0,26908,PUT,2765875351599333
0,26908,GET,2765875351669486
0,28187,PUT,2765875351612173
0,28187,GET,2765875351669596
0,27405,PUT,2765875351593028
0,27405,GET,2765875351669596
0,24599,PUT,2765875351574415
0,24599,GET,2765875351669646
0,24850,PUT,2765875351551161
0,24850,GET,2765875351669686
0,35328,PUT,2765875351589099
0,35328,GET,2765875351669736
0,37654,PUT,2765875351591023
0,37654,GET,2765875351669716
0,28701,PUT,2765875351598501
0,28701,GET,2765875351669806
0,27914,PUT,2765875351607983
0,27914,GET,2765875351670017
0,24859,PUT,2765875351595594
0,24859,GET,2765875351670067
0,43532,PUT,2765875351602229
0,43532,GET,2765875351670207
0,39190,PUT,2765875351598030
0,39190,GET,2765875351670308
0,41995,PUT,2765875351602821
0,41995,GET,2765875351670318
0,31773,PUT,2765875351622226
0,31773,GET,2765875351670358
0,23053,PUT,2765875351567980
0,23053,GET,2765875351670438
0,43275,PUT,2765875351609386
0,43275,GET,2765875351670458
0,49417,PUT,2765875351611471
0,49417,GET,2765875351670468
0,37888,PUT,2765875351609045
0,37888,GET,2765875351670378
0,36107,PUT,2765875351566256
0,36107,GET,2765875351670438
0,44809,PUT,2765875351581762
0,44809,GET,2765875351670628
0,29467,PUT,2765875351617204
0,29467,GET,2765875351670628
0,24333,PUT,2765875351575918
0,24333,GET,2765875351670668
0,23582,PUT,2765875351585831
0,23582,GET,2765875351670769
0,47888,PUT,2765875351601959
0,47888,GET,2765875351670969
0,39938,PUT,2765875351617515
0,39938,GET,2765875351670909
0,41742,PUT,2765875351618447
0,41742,GET,2765875351671180
0,30989,PUT,2765875351625042
0,30989,GET,2765875351671129
0,42508,PUT,2765875351591745
0,42508,GET,2765875351671260
0,31506,PUT,2765875351606509
0,31506,GET,2765875351671300
0,50697,PUT,2765875351619289
0,50697,GET,2765875351671380
0,45829,PUT,2765875351619369
0,45829,GET,2765875351671380
0,35073,PUT,2765875351601578
0,35073,GET,2765875351671510
0,47893,PUT,2765875351615099
0,47893,GET,2765875351671480
0,30228,PUT,2765875351603091
0,30228,GET,2765875351671510
0,40975,PUT,2765875351610058
0,40975,GET,2765875351671540
0,26139,PUT,2765875351600766
0,26139,GET,2765875351671400
0,26637,PUT,2765875351589710
0,26637,GET,2765875351671841
0,41230,PUT,2765875351616954
0,41230,GET,2765875351671821
0,47112,PUT,2765875351605096
0,47112,GET,2765875351671891
0,53768,PUT,2765875351642613
0,53768,GET,2765875351672122
0,36353,PUT,2765875351607702
0,36353,GET,2765875351672152
0,38422,PUT,2765875351593579
0,38422,GET,2765875351672212
0,48145,PUT,2765875351621705
0,48145,GET,2765875351672332
0,49672,PUT,2765875351621655
0,49672,GET,2765875351672242
0,36883,PUT,2765875351561575
0,36883,GET,2765875351672402
0,41231,PUT,2765875351610890
0,41231,GET,2765875351672422
0,36889,PUT,2765875351571658
0,36889,GET,2765875351672513
0,44549,PUT,2765875351610880
0,44549,GET,2765875351672422
0,26142,PUT,2765875351605347
0,26142,GET,2765875351672533
0,40199,PUT,2765875351617475
0,40199,GET,2765875351672663
0,25091,PUT,2765875351609326
0,25091,GET,2765875351672773
0,23309,PUT,2765875351569794
0,23309,GET,2765875351672803
0,50448,PUT,2765875351614628
0,50448,GET,2765875351673004
0,28948,PUT,2765875351593309
0,28948,GET,2765875351672994
0,32530,PUT,2765875351612624
0,32530,GET,2765875351673014
0,32018,PUT,2765875351609045
0,32018,GET,2765875351673004
0,48405,PUT,2765875351619690
0,48405,GET,2765875351673094
0,40986,PUT,2765875351610358
0,40986,GET,2765875351673124
0,24324,PUT,2765875351607732
0,24324,GET,2765875351673154
0,37903,PUT,2765875351595554
0,37903,GET,2765875351673134
0,26398,PUT,2765875351606199
0,26398,GET,2765875351673194
0,50451,PUT,2765875351668183
0,50451,GET,2765875351673214
0,45075,PUT,2765875351632480
0,45075,GET,2765875351673194
0,39687,PUT,2765875351612984
0,39687,GET,2765875351673315
0,40473,PUT,2765875351596065
0,40473,GET,2765875351673325
0,41493,PUT,2765875351580158
0,41493,GET,2765875351673345
0,37902,PUT,2765875351602470
0,37902,GET,2765875351673345
0,38937,PUT,2765875351586092
0,38937,GET,2765875351673325
0,45317,PUT,2765875351615089
0,45317,GET,2765875351673535
0,27934,PUT,2765875351614899
0,27934,GET,2765875351673445
0,43787,PUT,2765875351611812
0,43787,GET,2765875351673485
0,25374,PUT,2765875351596526
0,25374,GET,2765875351673645
0,49936,PUT,2765875351612112
0,49936,GET,2765875351673736
0,27933,PUT,2765875351594431
0,27933,GET,2765875351673746
0,25860,PUT,2765875351618327
0,25860,GET,2765875351673866
0,30493,PUT,2765875351612253
0,30493,GET,2765875351673926
0,42251,PUT,2765875351603583
0,42251,GET,2765875351673956
0,39682,PUT,2765875351616693
0,39682,GET,2765875351674006
0,49669,PUT,2765875351645911
0,49669,GET,2765875351674006
0,48656,PUT,2765875351607121
0,48656,GET,2765875351674066
0,22811,PUT,2765875351579617
0,22811,GET,2765875351673836
0,42009,PUT,2765875351603984
0,42009,GET,2765875351674146
0,24351,PUT,2765875351578123
0,24351,GET,2765875351674146
0,34322,PUT,2765875351637301
0,34322,GET,2765875351674177
0,31260,PUT,2765875351629703
0,31260,GET,2765875351674277
0,47125,PUT,2765875351612614
0,47125,GET,2765875351674517
0,32532,PUT,2765875351615911
0,32532,GET,2765875351674327
0,49425,PUT,2765875351629312
0,49425,GET,2765875351674477
0,41498,PUT,2765875351613997
0,41498,GET,2765875351674608
0,22788,PUT,2765875351590703
0,22788,GET,2765875351674678
0,54032,PUT,2765875351636289
0,54032,GET,2765875351674577
0,38145,PUT,2765875351621925
0,38145,GET,2765875351674688
0,42005,PUT,2765875351582905
0,42005,GET,2765875351674788
0,40450,PUT,2765875351619189
0,40450,GET,2765875351674908
0,40718,PUT,2765875351615370
0,40718,GET,2765875351674908
0,25610,PUT,2765875351587475
0,25610,GET,2765875351674938
0,49157,PUT,2765875351641461
0,49157,GET,2765875351674868
0,39681,PUT,2765875351632129
0,39681,GET,2765875351674988
0,40730,PUT,2765875351606620
0,40730,GET,2765875351674868
0,35092,PUT,2765875351639616
0,35092,GET,2765875351675149
0,48901,PUT,2765875351639686
0,48901,GET,2765875351675249
0,27164,PUT,2765875351603733
0,27164,GET,2765875351675379
0,28957,PUT,2765875351601117
0,28957,GET,2765875351675480
0,37639,PUT,2765875351604525
0,37639,GET,2765875351675309
0,42521,PUT,2765875351606640
0,42521,GET,2765875351675670
0,20996,PUT,2765875351579136
0,20996,GET,2765875351675760
0,30986,PUT,2765875351633662
0,30986,GET,2765875351675630
0,43539,PUT,2765875351622897
0,43539,GET,2765875351675680
0,47630,PUT,2765875351659893
0,47630,GET,2765875351675720
0,31767,PUT,2765875351629663
0,31767,GET,2765875351675810
0,42010,PUT,2765875351615751
0,42010,GET,2765875351675810
0,51209,PUT,2765875351624571
0,51209,GET,2765875351675860
0,31518,PUT,2765875351628741
0,31518,GET,2765875351675870
0,38151,PUT,2765875351606189
0,38151,GET,2765875351675891
0,32795,PUT,2765875351637792
0,32795,GET,2765875351675881
0,37895,PUT,2765875351605437
0,37895,GET,2765875351675951
0,51729,PUT,2765875351648758
0,51729,GET,2765875351675931
0,36111,PUT,2765875351589069
0,36111,GET,2765875351675941
0,50185,PUT,2765875351615811
0,50185,GET,2765875351676101
0,31252,PUT,2765875351609025
0,31252,GET,2765875351676041
0,26900,PUT,2765875351577552
0,26900,GET,2765875351676141
0,24580,PUT,2765875351610439
0,24580,GET,2765875351676452
0,28170,PUT,2765875351608795
0,28170,GET,2765875351676552
0,40206,PUT,2765875351613686
0,40206,GET,2765875351676542
0,26907,PUT,2765875351604194
0,26907,GET,2765875351676602
0,40474,PUT,2765875351605808
0,40474,GET,2765875351676662
0,39680,PUT,2765875351626285
0,39680,GET,2765875351676622
0,25371,PUT,2765875351598260
0,25371,GET,2765875351676963
0,43015,PUT,2765875351632560
0,43015,GET,2765875351676763
0,42518,PUT,2765875351630084
0,42518,GET,2765875351676813
0,27166,PUT,2765875351611361
0,27166,GET,2765875351676933
0,43542,PUT,2765875351635166
0,43542,GET,2765875351676793
0,29723,PUT,2765875351618968
0,29723,GET,2765875351676883
0,30747,PUT,2765875351624591
0,30747,GET,2765875351677003
0,38407,PUT,2765875351607993
0,38407,GET,2765875351676943
0,27163,PUT,2765875351605036
0,27163,GET,2765875351676963
0,37120,PUT,2765875351602049
0,37120,GET,2765875351677083
0,52236,PUT,2765875351657548
0,52236,GET,2765875351677013
0,44309,PUT,2765875351595023
0,44309,GET,2765875351677274
0,43527,PUT,2765875351634204
0,43527,GET,2765875351677364
0,40463,PUT,2765875351605617
0,40463,GET,2765875351677364
0,26132,PUT,2765875351573212
0,26132,GET,2765875351677344
0,30748,PUT,2765875351627097
0,30748,GET,2765875351677434
0,30749,PUT,2765875351613085
0,30749,GET,2765875351677554
0,30733,PUT,2765875351623308
0,30733,GET,2765875351677655
0,36367,PUT,2765875351590853
0,36367,GET,2765875351677605
0,38670,PUT,2765875351606870
0,38670,GET,2765875351677635
0,51468,PUT,2765875351654030
0,51468,GET,2765875351677725
0,39702,PUT,2765875351601458
0,39702,GET,2765875351677875
0,47628,PUT,2765875351628290
0,47628,GET,2765875351677805
0,26883,PUT,2765875351618898
0,26883,GET,2765875351677985
0,38914,PUT,2765875351610118
0,38914,GET,2765875351678136
0,24836,PUT,2765875351611311
0,24836,GET,2765875351677945
0,30231,PUT,2765875351615811
0,30231,GET,2765875351678166
0,38667,PUT,2765875351583937
0,38667,GET,2765875351678226
0,42006,PUT,2765875351627418
0,42006,GET,2765875351678256
0,50197,PUT,2765875351639035
0,50197,GET,2765875351678376
0,45836,PUT,2765875351615921
0,45836,GET,2765875351678406
0,26653,PUT,2765875351589149
0,26653,GET,2765875351678487
0,31762,PUT,2765875351607271
0,31762,GET,2765875351678497
0,27917,PUT,2765875351597478
0,27917,GET,2765875351678527
0,44556,PUT,2765875351606509
0,44556,GET,2765875351678547
0,42511,PUT,2765875351622466
0,42511,GET,2765875351678627
0,42259,PUT,2765875351615991
0,42259,GET,2765875351678607
0,32029,PUT,2765875351623108
0,32029,GET,2765875351678637
0,41235,PUT,2765875351605798
0,41235,GET,2765875351678597
0,44812,PUT,2765875351608284
0,44812,GET,2765875351678687
0,49429,PUT,2765875351625744
0,49429,GET,2765875351678757
0,48659,PUT,2765875351658741
0,48659,GET,2765875351678797
0,41242,PUT,2765875351613155
0,41242,GET,2765875351678938
0,37134,PUT,2765875351597248
0,37134,GET,2765875351679038
0,40967,PUT,2765875351622687
0,40967,GET,2765875351679168
0,28703,PUT,2765875351612142
0,28703,GET,2765875351679308
0,45324,PUT,2765875351613536
0,45324,GET,2765875351679298
0,25887,PUT,2765875351590552
0,25887,GET,2765875351679228
0,33304,PUT,2765875351630174
0,33304,GET,2765875351679439
0,23555,PUT,2765875351595744
0,23555,GET,2765875351679419
0,47633,PUT,2765875351608304
0,47633,GET,2765875351679449
0,48396,PUT,2765875351635316
0,48396,GET,2765875351679489
0,29979,PUT,2765875351619700
0,29979,GET,2765875351679399
0,29726,PUT,2765875351622206
0,29726,GET,2765875351679429
0,33298,PUT,2765875351632099
0,33298,GET,2765875351679469
0,36116,PUT,2765875351644748
0,36116,GET,2765875351679629
0,50193,PUT,2765875351633452
0,50193,GET,2765875351679729
0,31501,PUT,2765875351627578
0,31501,GET,2765875351679770
0,53264,PUT,2765875351631086
0,53264,GET,2765875351680090
0,28188,PUT,2765875351609246
0,28188,GET,2765875351680100
0,31516,PUT,2765875351630565
0,31516,GET,2765875351680160
0,39183,PUT,2765875351599744
0,39183,GET,2765875351680000
0,46854,PUT,2765875351633953
0,46854,GET,2765875351680120
0,38671,PUT,2765875351598080
0,38671,GET,2765875351680321
0,42759,PUT,2765875351631738
0,42759,GET,2765875351680411
0,44551,PUT,2765875351641741
0,44551,GET,2765875351680391
0,31515,PUT,2765875351628049
0,31515,GET,2765875351680371
0,44570,PUT,2765875351644969
0,44570,GET,2765875351680441
0,40706,PUT,2765875351620031
0,40706,GET,2765875351680321
0,48136,PUT,2765875351611010
0,48136,GET,2765875351680652
0,45579,PUT,2765875351620291
0,45579,GET,2765875351680702
0,48657,PUT,2765875351623318
0,48657,GET,2765875351680632
0,46099,PUT,2765875351642323
0,46099,GET,2765875351680712
0,29471,PUT,2765875351623288
0,29471,GET,2765875351680762
0,30235,PUT,2765875351620432
0,30235,GET,2765875351680902
0,27671,PUT,2765875351596857
0,27671,GET,2765875351681022
0,49160,PUT,2765875351618086
0,49160,GET,2765875351681043
0,22797,PUT,2765875351565143
0,22797,GET,2765875351681073
0,43797,PUT,2765875351590522
0,43797,GET,2765875351681233
0,29720,PUT,2765875351586012
0,29720,GET,2765875351681263
0,36864,PUT,2765875351600967
0,36864,GET,2765875351681333
0,42774,PUT,2765875351631868
0,42774,GET,2765875351681614
0,41478,PUT,2765875351593770
0,41478,GET,2765875351681393
0,28955,PUT,2765875351615510
0,28955,GET,2765875351681564
0,31261,PUT,2765875351617796
0,31261,GET,2765875351681584
0,39936,PUT,2765875351629804
0,39936,GET,2765875351681574
0,46085,PUT,2765875351620171
0,46085,GET,2765875351681754
0,28190,PUT,2765875351616633
0,28190,GET,2765875351681814
0,48661,PUT,2765875351621474
0,48661,GET,2765875351681915
0,44811,PUT,2765875351616863
0,44811,GET,2765875351681985
0,26654,PUT,2765875351607001
0,26654,GET,2765875351681874
0,45580,PUT,2765875351615059
0,45580,GET,2765875351681985
0,40470,PUT,2765875351618497
0,40470,GET,2765875351681945
0,33560,PUT,2765875351631036
0,33560,GET,2765875351682015
0,41734,PUT,2765875351594612
0,41734,GET,2765875351682115
0,24350,PUT,2765875351592176
0,24350,GET,2765875351682165
0,48393,PUT,2765875351606209
0,48393,GET,2765875351682185
0,38401,PUT,2765875351622787
0,38401,GET,2765875351682135
0,35098,PUT,2765875351576630
0,35098,GET,2765875351682356
0,53001,PUT,2765875351635096
0,53001,GET,2765875351682416
0,40455,PUT,2765875351618317
0,40455,GET,2765875351682516
0,29706,PUT,2765875351622436
0,29706,GET,2765875351682526
0,48905,PUT,2765875351609827
0,48905,GET,2765875351682586
0,41237,PUT,2765875351579326
0,41237,GET,2765875351682576
0,29214,PUT,2765875351620492
0,29214,GET,2765875351682817
0,46353,PUT,2765875351600365
0,46353,GET,2765875351682546
0,30236,PUT,2765875351625363
0,30236,GET,2765875351682686
0,28444,PUT,2765875351610068
0,28444,GET,2765875351682827
0,45587,PUT,2765875351636860
0,45587,GET,2765875351682847
0,29956,PUT,2765875351640428
0,29956,GET,2765875351682907
0,29204,PUT,2765875351594181
0,29204,GET,2765875351682877
0,30491,PUT,2765875351621153
0,30491,GET,2765875351682736
0,32023,PUT,2765875351630505
0,32023,GET,2765875351683057
0,44313,PUT,2765875351632500
0,44313,GET,2765875351683017
0,50704,PUT,2765875351619049
0,50704,GET,2765875351683007
0,39961,PUT,2765875351591464
0,39961,GET,2765875351683278
0,35602,PUT,2765875351649249
0,35602,GET,2765875351683208
0,29976,PUT,2765875351586864
0,29976,GET,2765875351683388
0,30487,PUT,2765875351618527
0,30487,GET,2765875351683508
0,28189,PUT,2765875351595163
0,28189,GET,2765875351683548
0,31764,PUT,2765875351611601
0,31764,GET,2765875351683689
0,51465,PUT,2765875351626335
0,51465,GET,2765875351683618
0,34066,PUT,2765875351636469
0,34066,GET,2765875351683709
0,36120,PUT,2765875351645891
0,36120,GET,2765875351684009
0,42766,PUT,2765875351631267
0,42766,GET,2765875351684290
0,33048,PUT,2765875351625433
0,33048,GET,2765875351684571
0,43013,PUT,2765875351595734
0,43013,GET,2765875351684350
0,30484,PUT,2765875351606660
0,30484,GET,2765875351684420
0,45071,PUT,2765875351659994
0,45071,GET,2765875351684440
0,43526,PUT,2765875351603112
0,43526,GET,2765875351684470
0,43270,PUT,2765875351602260
0,43270,GET,2765875351684501
0,32792,PUT,2765875351610098
0,32792,GET,2765875351684571
0,47106,PUT,2765875351663301
0,47106,GET,2765875351684681
0,31517,PUT,2765875351618648
0,31517,GET,2765875351684731
0,43525,PUT,2765875351600235
0,43525,GET,2765875351684952
0,45574,PUT,2765875351619941
0,45574,GET,2765875351684962
0,28420,PUT,2765875351630936
0,28420,GET,2765875351684992
0,25115,PUT,2765875351596436
0,25115,GET,2765875351684992
0,30979,PUT,2765875351643285
0,30979,GET,2765875351685012
0,45830,PUT,2765875351623549
0,45830,GET,2765875351685162
0,51984,PUT,2765875351624080
0,51984,GET,2765875351685393
0,24068,PUT,2765875351606880
0,24068,GET,2765875351685332
0,40194,PUT,2765875351618377
0,40194,GET,2765875351685322
0,43030,PUT,2765875351633652
0,43030,GET,2765875351685383
0,42254,PUT,2765875351627789
0,42254,GET,2765875351685513
0,32283,PUT,2765875351631558
0,32283,GET,2765875351685603
0,40716,PUT,2765875351584107
0,40716,GET,2765875351685713
0,51977,PUT,2765875351629002
0,51977,GET,2765875351685683
0,25092,PUT,2765875351613085
0,25092,GET,2765875351685753
0,26371,PUT,2765875351617234
0,26371,GET,2765875351685824
0,31004,PUT,2765875351628871
0,31004,GET,2765875351686114
0,40193,PUT,2765875351634735
0,40193,GET,2765875351686154
0,45582,PUT,2765875351648657
0,45582,GET,2765875351686425
0,42265,PUT,2765875351604846
0,42265,GET,2765875351686265
0,26381,PUT,2765875351588878
0,26381,GET,2765875351686164
0,33042,PUT,2765875351631207
0,33042,GET,2765875351686345
0,45070,PUT,2765875351645069
0,45070,GET,2765875351686345
0,32781,PUT,2765875351637421
0,32781,GET,2765875351686225
0,40207,PUT,2765875351604785
0,40207,GET,2765875351686415
0,26378,PUT,2765875351593690
0,26378,GET,2765875351686305
0,32269,PUT,2765875351634745
0,32269,GET,2765875351686485
0,28951,PUT,2765875351602921
0,28951,GET,2765875351686465
0,39194,PUT,2765875351597869
0,39194,GET,2765875351686505
0,42522,PUT,2765875351629824
0,42522,GET,2765875351686555
0,51733,PUT,2765875351653458
0,51733,GET,2765875351686666
0,41750,PUT,2765875351626536
0,41750,GET,2765875351686716
0,35355,PUT,2765875351659262
0,35355,GET,2765875351686796
0,41990,PUT,2765875351595434
0,41990,GET,2765875351686826
0,41991,PUT,2765875351628691
0,41991,GET,2765875351687087
0,22044,PUT,2765875351567669
0,22044,GET,2765875351687087
0,29197,PUT,2765875351610900
0,29197,GET,2765875351687197
0,42247,PUT,2765875351629463
0,42247,GET,2765875351687227
0,34578,PUT,2765875351640739
0,34578,GET,2765875351687287
0,42507,PUT,2765875351604405
0,42507,GET,2765875351687307
0,43279,PUT,2765875351626877
0,43279,GET,2765875351687447
0,54280,PUT,2765875351644257
0,54280,GET,2765875351687317
0,36628,PUT,2765875351652246
0,36628,GET,2765875351687498
0,40214,PUT,2765875351615711
0,40214,GET,2765875351687548
0,48149,PUT,2765875351616954
0,48149,GET,2765875351687668
0,54033,PUT,2765875351658751
0,54033,GET,2765875351687708
0,46859,PUT,2765875351637491
0,46859,GET,2765875351687728
0,54544,PUT,2765875351638063
0,54544,GET,2765875351687768
0,44299,PUT,2765875351615260
0,44299,GET,2765875351687838
0,29981,PUT,2765875351607622
0,29981,GET,2765875351687828
0,47115,PUT,2765875351638414
0,47115,GET,2765875351687949
0,43283,PUT,2765875351621133
0,43283,GET,2765875351688169
0,29212,PUT,2765875351617304
0,29212,GET,2765875351688219
0,43027,PUT,2765875351620291
0,43027,GET,2765875351688249
0,41473,PUT,2765875351641651
0,41473,GET,2765875351688249
0,41986,PUT,2765875351625985
0,41986,GET,2765875351688159
0,49173,PUT,2765875351625002
0,49173,GET,2765875351688420
0,44563,PUT,2765875351630806
0,44563,GET,2765875351688490
0,39169,PUT,2765875351628841
0,39169,GET,2765875351688490
0,27396,PUT,2765875351626797
0,27396,GET,2765875351688610
0,29211,PUT,2765875351616352
0,29211,GET,2765875351688530
0,53769,PUT,2765875351640228
0,53769,GET,2765875351688620
0,37889,PUT,2765875351621073
0,37889,GET,2765875351688590
0,34061,PUT,2765875351657778
0,34061,GET,2765875351688700
0,23044,PUT,2765875351591555
0,23044,GET,2765875351688680
0,39943,PUT,2765875351613836
0,39943,GET,2765875351688710
0,55049,PUT,2765875351645931
0,55049,GET,2765875351688740
0,28931,PUT,2765875351632730
0,28931,GET,2765875351688760
0,32280,PUT,2765875351606800
0,32280,GET,2765875351688951
0,43534,PUT,2765875351635557
0,43534,GET,2765875351688991
0,50705,PUT,2765875351637882
0,50705,GET,2765875351689081
0,54800,PUT,2765875351640859
0,54800,GET,2765875351689091
0,48917,PUT,2765875351623278
0,48917,GET,2765875351689081
0,43798,PUT,2765875351636960
0,43798,GET,2765875351689191
0,44296,PUT,2765875351590542
0,44296,GET,2765875351689232
0,50960,PUT,2765875351619921
0,50960,GET,2765875351689362
0,27661,PUT,2765875351593860
0,27661,GET,2765875351689372
0,31263,PUT,2765875351636589
0,31263,GET,2765875351689201
0,35604,PUT,2765875351641290
0,35604,GET,2765875351689422
0,42778,PUT,2765875351633362
0,42778,GET,2765875351689512
0,33300,PUT,2765875351631628
0,33300,GET,2765875351689532
0,39426,PUT,2765875351615841
0,39426,GET,2765875351689622
0,30226,PUT,2765875351597749
0,30226,GET,2765875351689642
0,47889,PUT,2765875351616352
0,47889,GET,2765875351689673
0,33051,PUT,2765875351640599
0,33051,GET,2765875351689632
0,30750,PUT,2765875351625383
0,30750,GET,2765875351689663
0,35840,PUT,2765875351596827
0,35840,GET,2765875351689673
0,25116,PUT,2765875351591765
0,25116,GET,2765875351689703
0,43023,PUT,2765875351624150
0,43023,GET,2765875351689893
0,53000,PUT,2765875351637371
0,53000,GET,2765875351689863
0,28959,PUT,2765875351612994
0,28959,GET,2765875351690023
0,43033,PUT,2765875351611361
0,43033,GET,2765875351690043
0,45590,PUT,2765875351646673
0,45590,GET,2765875351690013
0,50949,PUT,2765875351651033
0,50949,GET,2765875351690023
0,52233,PUT,2765875351629834
0,52233,GET,2765875351690304
0,51980,PUT,2765875351655794
0,51980,GET,2765875351690284
0,31511,PUT,2765875351627699
0,31511,GET,2765875351690314
0,44058,PUT,2765875351642282
0,44058,GET,2765875351690274
0,26903,PUT,2765875351594321
0,26903,GET,2765875351690464
0,31262,PUT,2765875351627879
0,31262,GET,2765875351690555
0,30730,PUT,2765875351632891
0,30730,GET,2765875351690525
0,53256,PUT,2765875351638133
0,53256,GET,2765875351690545
0,48913,PUT,2765875351624972
0,48913,GET,2765875351690615
0,33052,PUT,2765875351649650
0,33052,GET,2765875351690765
0,45333,PUT,2765875351604044
0,45333,GET,2765875351690825
0,40715,PUT,2765875351595925
0,40715,GET,2765875351690875
0,33559,PUT,2765875351653829
0,33559,GET,2765875351690966
0,23299,PUT,2765875351594912
0,23299,GET,2765875351690915
0,53521,PUT,2765875351656285
0,53521,GET,2765875351690956
0,46600,PUT,2765875351600505
0,46600,GET,2765875351691236
0,49419,PUT,2765875351664163
0,49419,GET,2765875351691276
0,34332,PUT,2765875351659853
0,34332,GET,2765875351691136
0,39951,PUT,2765875351603963
0,39951,GET,2765875351691236
0,38912,PUT,2765875351619239
0,38912,GET,2765875351691236
0,57865,PUT,2765875351669586
0,57865,GET,2765875351691427
0,42246,PUT,2765875351597188
0,42246,GET,2765875351691447
0,32791,PUT,2765875351633001
0,32791,GET,2765875351691447
0,25886,PUT,2765875351604475
0,25886,GET,2765875351691487
0,29443,PUT,2765875351634384
0,29443,GET,2765875351691527
0,29980,PUT,2765875351623669
0,29980,GET,2765875351691747
0,44294,PUT,2765875351612203
0,44294,GET,2765875351691797
0,31519,PUT,2765875351637421
0,31519,GET,2765875351691828
0,26372,PUT,2765875351620001
0,26372,GET,2765875351691848
0,45318,PUT,2765875351618247
0,45318,GET,2765875351691868
0,28932,PUT,2765875351633512
0,28932,GET,2765875351691908
0,52496,PUT,2765875351627508
0,52496,GET,2765875351691968
0,47379,PUT,2765875351648467
0,47379,GET,2765875351691938
0,47110,PUT,2765875351634775
0,47110,GET,2765875351692158
0,31259,PUT,2765875351626245
0,31259,GET,2765875351692259
0,54037,PUT,2765875351663752
0,54037,GET,2765875351692178
0,45835,PUT,2765875351621113
0,45835,GET,2765875351692239
0,44038,PUT,2765875351610439
0,44038,GET,2765875351692389
0,41487,PUT,2765875351614548
0,41487,GET,2765875351692279
0,32799,PUT,2765875351643325
0,32799,GET,2765875351692319
0,49681,PUT,2765875351630154
0,49681,GET,2765875351692389
0,32798,PUT,2765875351642373
0,32798,GET,2765875351692389
0,28702,PUT,2765875351618197
0,28702,GET,2765875351692509
0,51721,PUT,2765875351627197
0,51721,GET,2765875351692619
0,33309,PUT,2765875351647374
0,33309,GET,2765875351692529
0,28946,PUT,2765875351592687
0,28946,GET,2765875351692670
0,32772,PUT,2765875351666338
0,32772,GET,2765875351692740
0,50192,PUT,2765875351612884
0,50192,GET,2765875351692730
0,41494,PUT,2765875351624772
0,41494,GET,2765875351692850
0,46601,PUT,2765875351596105
0,46601,GET,2765875351692840
0,41491,PUT,2765875351608604
0,41491,GET,2765875351692820
0,29983,PUT,2765875351625884
0,29983,GET,2765875351692990
0,31003,PUT,2765875351625423
0,31003,GET,2765875351693040
0,33556,PUT,2765875351632470
0,33556,GET,2765875351693101
0,47116,PUT,2765875351625634
0,47116,GET,2765875351693161
0,37127,PUT,2765875351589380
0,37127,GET,2765875351693361
0,32796,PUT,2765875351636659
0,32796,GET,2765875351693191
0,31774,PUT,2765875351629513
0,31774,GET,2765875351693251
0,42262,PUT,2765875351629252
0,42262,GET,2765875351693221
0,47625,PUT,2765875351602841
0,47625,GET,2765875351693311
0,40192,PUT,2765875351630816
0,40192,GET,2765875351693311
0,54281,PUT,2765875351641841
0,54281,GET,2765875351693251
0,40974,PUT,2765875351616192
0,40974,GET,2765875351693411
0,44310,PUT,2765875351638624
0,44310,GET,2765875351693542
0,39170,PUT,2765875351611832
0,39170,GET,2765875351693582
0,34324,PUT,2765875351636228
0,34324,GET,2765875351693622
0,40960,PUT,2765875351635477
0,40960,GET,2765875351693602
0,33549,PUT,2765875351654240
0,33549,GET,2765875351693662
0,25348,PUT,2765875351616773
0,25348,GET,2765875351693652
0,47120,PUT,2765875351595754
0,47120,GET,2765875351693592
0,31491,PUT,2765875351645871
0,31491,GET,2765875351693742
0,40961,PUT,2765875351637171
0,40961,GET,2765875351693772
0,50953,PUT,2765875351620121
0,50953,GET,2765875351694023
0,42758,PUT,2765875351599744
0,42758,GET,2765875351693952
0,27652,PUT,2765875351627628
0,27652,GET,2765875351694013
0,46106,PUT,2765875351658520
0,46106,GET,2765875351694073
0,45081,PUT,2765875351638774
0,45081,GET,2765875351693932
0,52245,PUT,2765875351655112
0,52245,GET,2765875351694043
0,25866,PUT,2765875351590933
0,25866,GET,2765875351694183
0,27658,PUT,2765875351607201
0,27658,GET,2765875351694273
0,45062,PUT,2765875351617425
0,45062,GET,2765875351694574
0,36370,PUT,2765875351663883
0,36370,GET,2765875351694544
0,28685,PUT,2765875351609216
0,28685,GET,2765875351694564
0,40719,PUT,2765875351609206
0,40719,GET,2765875351694544
0,49941,PUT,2765875351629142
0,49941,GET,2765875351694534
0,30238,PUT,2765875351623820
0,30238,GET,2765875351694714
0,53520,PUT,2765875351631898
0,53520,GET,2765875351694764
0,47381,PUT,2765875351613446
0,47381,GET,2765875351694865
0,29450,PUT,2765875351619800
0,29450,GET,2765875351694905
0,47109,PUT,2765875351628190
0,47109,GET,2765875351694865
0,39431,PUT,2765875351612153
0,39431,GET,2765875351694985
0,39704,PUT,2765875351665065
0,39704,GET,2765875351694935
0,42498,PUT,2765875351627699
0,42498,GET,2765875351694835
0,47374,PUT,2765875351659132
0,47374,GET,2765875351695025
0,46347,PUT,2765875351623689
0,46347,GET,2765875351695306
0,40982,PUT,2765875351622066
0,40982,GET,2765875351695215
0,57864,PUT,2765875351670588
0,57864,GET,2765875351695406
0,27419,PUT,2765875351606870
0,27419,GET,2765875351695376
0,30980,PUT,2765875351650421
0,30980,GET,2765875351695466
0,32027,PUT,2765875351630726
0,32027,GET,2765875351695386
0,37121,PUT,2765875351613947
0,37121,GET,2765875351695406
0,27140,PUT,2765875351626005
0,27140,GET,2765875351695546
0,38919,PUT,2765875351610509
0,38919,GET,2765875351695566
0,44046,PUT,2765875351639937
0,44046,GET,2765875351695636
0,48912,PUT,2765875351607883
0,48912,GET,2765875351695697
0,31775,PUT,2765875351638253
0,31775,GET,2765875351695757
0,35085,PUT,2765875351662550
0,35085,GET,2765875351695907
0,48140,PUT,2765875351631728
0,48140,GET,2765875351695947
0,46091,PUT,2765875351621935
0,46091,GET,2765875351695857
0,41223,PUT,2765875351623519
0,41223,GET,2765875351696108
0,44307,PUT,2765875351628160
0,44307,GET,2765875351696168
0,44569,PUT,2765875351634304
0,44569,GET,2765875351696248
0,45843,PUT,2765875351638664
0,45843,GET,2765875351696288
0,37660,PUT,2765875351683438
0,37660,GET,2765875351696358
0,40449,PUT,2765875351635497
0,40449,GET,2765875351696348
0,45323,PUT,2765875351618517
0,45323,GET,2765875351696408
0,42510,PUT,2765875351628611
0,42510,GET,2765875351696408
0,34589,PUT,2765875351657057
0,34589,GET,2765875351696468
0,33563,PUT,2765875351648627
0,33563,GET,2765875351696498
0,20227,PUT,2765875351572530
0,20227,GET,2765875351696539
0,31005,PUT,2765875351616964
0,31005,GET,2765875351696539
0,28676,PUT,2765875351632690
0,28676,GET,2765875351696528
0,49675,PUT,2765875351666038
0,49675,GET,2765875351696669
0,31498,PUT,2765875351636088
0,31498,GET,2765875351696839
0,46348,PUT,2765875351619570
0,46348,GET,2765875351696689
0,32028,PUT,2765875351633241
0,32028,GET,2765875351696528
0,47621,PUT,2765875351632560
0,47621,GET,2765875351696799
0,49416,PUT,2765875351620823
0,49416,GET,2765875351696749
0,41735,PUT,2765875351627147
0,41735,GET,2765875351697030
0,33820,PUT,2765875351656205
0,33820,GET,2765875351697100
0,36623,PUT,2765875351591675
0,36623,GET,2765875351697200
0,46598,PUT,2765875351633091
0,46598,GET,2765875351697190
0,44819,PUT,2765875351631608
0,44819,GET,2765875351697280
0,51208,PUT,2765875351630836
0,51208,GET,2765875351697320
0,30477,PUT,2765875351619730
0,30477,GET,2765875351697340
0,34575,PUT,2765875351578274
0,34575,GET,2765875351697360
0,37391,PUT,2765875351593990
0,37391,GET,2765875351697451
0,40962,PUT,2765875351620873
0,40962,GET,2765875351697310
0,32266,PUT,2765875351642293
0,32266,GET,2765875351697491
0,33044,PUT,2765875351630826
0,33044,GET,2765875351697471
0,31255,PUT,2765875351624140
0,31255,GET,2765875351697621
0,51472,PUT,2765875351622416
0,51472,GET,2765875351697711
0,43034,PUT,2765875351634234
0,43034,GET,2765875351697731
0,45846,PUT,2765875351647515
0,45846,GET,2765875351698022
0,46604,PUT,2765875351621344
0,46604,GET,2765875351697811
0,31235,PUT,2765875351645079
0,31235,GET,2765875351697932
0,54289,PUT,2765875351659583
0,54289,GET,2765875351698132
0,50440,PUT,2765875351625674
0,50440,GET,2765875351698102
0,41218,PUT,2765875351621695
0,41218,GET,2765875351698182
0,46086,PUT,2765875351625353
0,46086,GET,2765875351698293
0,40711,PUT,2765875351621855
0,40711,GET,2765875351698263
0,48144,PUT,2765875351605457
0,48144,GET,2765875351698263
0,35585,PUT,2765875351603292
0,35585,GET,2765875351698313
0,43802,PUT,2765875351641431
0,43802,GET,2765875351698413
0,28941,PUT,2765875351610078
0,28941,GET,2765875351698363
0,43545,PUT,2765875351614017
0,43545,GET,2765875351698373
0,45594,PUT,2765875351650311
0,45594,GET,2765875351698563
0,49177,PUT,2765875351667992
0,49177,GET,2765875351698704
0,49683,PUT,2765875351662991
0,49683,GET,2765875351698754
0,34075,PUT,2765875351652115
0,34075,GET,2765875351698874
0,25603,PUT,2765875351611000
0,25603,GET,2765875351698914
0,27651,PUT,2765875351624892
0,27651,GET,2765875351698724
0,36884,PUT,2765875351653037
0,36884,GET,2765875351698794
0,53009,PUT,2765875351654671
0,53009,GET,2765875351698974
0,52501,PUT,2765875351655954
0,52501,GET,2765875351699165
0,57104,PUT,2765875351654812
0,57104,GET,2765875351699034
0,37912,PUT,2765875351656536
0,37912,GET,2765875351699135
0,51205,PUT,2765875351651775
0,51205,GET,2765875351699104
0,39175,PUT,2765875351611301
0,39175,GET,2765875351698994
0,32284,PUT,2765875351634114
0,32284,GET,2765875351699094
0,47111,PUT,2765875351660715
0,47111,GET,2765875351699044
0,48153,PUT,2765875351660816
0,48153,GET,2765875351699155
0,45337,PUT,2765875351640569
0,45337,GET,2765875351699064
0,38656,PUT,2765875351615961
0,38656,GET,2765875351699265
0,48652,PUT,2765875351637050
0,48652,GET,2765875351699205
0,52241,PUT,2765875351651253
0,52241,GET,2765875351699435
0,46603,PUT,2765875351634765
0,46603,GET,2765875351699315
0,54025,PUT,2765875351641080
0,54025,GET,2765875351699455
0,46358,PUT,2765875351650953
0,46358,GET,2765875351699545
0,30494,PUT,2765875351624521
0,30494,GET,2765875351699656
0,28446,PUT,2765875351617405
0,28446,GET,2765875351699606
0,46599,PUT,2765875351653609
0,46599,GET,2765875351699846
0,29724,PUT,2765875351620903
0,29724,GET,2765875351699816
0,32541,PUT,2765875351624802
0,32541,GET,2765875351699676
0,40705,PUT,2765875351636349
0,40705,GET,2765875351700037
0,45067,PUT,2765875351617715
0,45067,GET,2765875351700037
0,39188,PUT,2765875351666028
0,39188,GET,2765875351700077
0,29955,PUT,2765875351636920
0,29955,GET,2765875351700107
0,28958,PUT,2765875351619640
0,28958,GET,2765875351700117
0,45331,PUT,2765875351635226
0,45331,GET,2765875351700137
0,47884,PUT,2765875351629042
0,47884,GET,2765875351700307
0,35101,PUT,2765875351659763
0,35101,GET,2765875351700177
0,50184,PUT,2765875351624000
0,50184,GET,2765875351700127
0,50449,PUT,2765875351637050
0,50449,GET,2765875351700438
0,32030,PUT,2765875351631367
0,32030,GET,2765875351700748
0,56072,PUT,2765875351655253
0,56072,GET,2765875351700798
0,51221,PUT,2765875351650832
0,51221,GET,2765875351700838
0,49926,PUT,2765875351659041
0,49926,GET,2765875351700869
0,45082,PUT,2765875351646773
0,45082,GET,2765875351700949
0,33047,PUT,2765875351652206
0,33047,GET,2765875351700929
0,42767,PUT,2765875351623338
0,42767,GET,2765875351700919
0,33821,PUT,2765875351648908
0,33821,GET,2765875351701069
0,54277,PUT,2765875351671280
0,54277,GET,2765875351701259
0,29444,PUT,2765875351636098
0,29444,GET,2765875351701169
0,47368,PUT,2765875351608604
0,47368,GET,2765875351701600
0,45575,PUT,2765875351646773
0,45575,GET,2765875351701169
0,47123,PUT,2765875351647645
0,47123,GET,2765875351701350
0,34314,PUT,2765875351668574
0,34314,GET,2765875351701360
0,52753,PUT,2765875351652937
0,52753,GET,2765875351701560
0,32013,PUT,2765875351632971
0,32013,GET,2765875351701580
0,30724,PUT,2765875351649579
0,30724,GET,2765875351701580
0,32287,PUT,2765875351639877
0,32287,GET,2765875351701620
0,30492,PUT,2765875351626285
0,30492,GET,2765875351701650
0,41984,PUT,2765875351657849
0,41984,GET,2765875351701680
0,44051,PUT,2765875351627298
0,44051,GET,2765875351701610
0,47622,PUT,2765875351640969
0,47622,GET,2765875351701791
0,48392,PUT,2765875351611842
0,48392,GET,2765875351701791
0,28956,PUT,2765875351615490
0,28956,GET,2765875351701741
0,45061,PUT,2765875351614247
0,45061,GET,2765875351701911
0,53013,PUT,2765875351658430
0,53013,GET,2765875351702152
0,32543,PUT,2765875351641611
0,32543,GET,2765875351702182
0,56840,PUT,2765875351663191
0,56840,GET,2765875351702152
0,32535,PUT,2765875351632189
0,32535,GET,2765875351702442
0,43522,PUT,2765875351642623
0,43522,GET,2765875351702392
0,33554,PUT,2765875351633883
0,33554,GET,2765875351702522
0,44039,PUT,2765875351635838
0,44039,GET,2765875351702603
0,26627,PUT,2765875351618066
0,26627,GET,2765875351702773
0,47637,PUT,2765875351614277
0,47637,GET,2765875351702643
0,51724,PUT,2765875351654962
0,51724,GET,2765875351702633
0,33055,PUT,2765875351658721
0,33055,GET,2765875351702532
0,29982,PUT,2765875351623058
0,29982,GET,2765875351702663
0,33815,PUT,2765875351656636
0,33815,GET,2765875351702663
0,35853,PUT,2765875351666830
0,35853,GET,2765875351702753
0,32285,PUT,2765875351623960
0,32285,GET,2765875351702633
0,39424,PUT,2765875351625103
0,39424,GET,2765875351702803
0,33308,PUT,2765875351651664
0,33308,GET,2765875351702863
0,46867,PUT,2765875351646823
0,46867,GET,2765875351702853
0,38167,PUT,2765875351698824
0,38167,GET,2765875351703104
0,36891,PUT,2765875351670027
0,36891,GET,2765875351702983
0,53257,PUT,2765875351635908
0,53257,GET,2765875351703024
0,33812,PUT,2765875351633292
0,33812,GET,2765875351703334
0,42503,PUT,2765875351630275
0,42503,GET,2765875351703384
0,43290,PUT,2765875351636800
0,43290,GET,2765875351703294
0,41472,PUT,2765875351654501
0,41472,GET,2765875351703404
0,48395,PUT,2765875351651494
0,48395,GET,2765875351703354
0,44043,PUT,2765875351614438
0,44043,GET,2765875351703304
0,47877,PUT,2765875351633412
0,47877,GET,2765875351703465
0,48409,PUT,2765875351662660
0,48409,GET,2765875351703715
0,29468,PUT,2765875351620041
0,29468,GET,2765875351703625
0,55817,PUT,2765875351653920
0,55817,GET,2765875351703715
0,39698,PUT,2765875351679970
0,39698,GET,2765875351703835
0,34843,PUT,2765875351657568
0,34843,GET,2765875351703886
0,27907,PUT,2765875351626686
0,27907,GET,2765875351703976
0,53513,PUT,2765875351636649
0,53513,GET,2765875351703835
0,46617,PUT,2765875351651995
0,46617,GET,2765875351704256
0,34072,PUT,2765875351636389
0,34072,GET,2765875351704126
0,30999,PUT,2765875351623128
0,30999,GET,2765875351704186
0,34317,PUT,2765875351659362
0,34317,GET,2765875351704236
0,27935,PUT,2765875351609526
0,27935,GET,2765875351704347
0,46853,PUT,2765875351625514
0,46853,GET,2765875351704377
0,37663,PUT,2765875351689953
0,37663,GET,2765875351704387
0,46341,PUT,2765875351621915
0,46341,GET,2765875351704367
0,35607,PUT,2765875351666469
0,35607,GET,2765875351704557
0,46361,PUT,2765875351648417
0,46361,GET,2765875351704467
0,47878,PUT,2765875351641801
0,47878,GET,2765875351704577
0,28426,PUT,2765875351609627
0,28426,GET,2765875351704637
0,29215,PUT,2765875351617675
0,29215,GET,2765875351704607
0,38938,PUT,2765875351596987
0,38938,GET,2765875351704858
0,50696,PUT,2765875351628350
0,50696,GET,2765875351704908
0,30218,PUT,2765875351627779
0,30218,GET,2765875351704868
0,37642,PUT,2765875351702633
0,37642,GET,2765875351705118
0,56080,PUT,2765875351647725
0,56080,GET,2765875351705128
0,37655,PUT,2765875351693612
0,37655,GET,2765875351705209
0,29470,PUT,2765875351621344
0,29470,GET,2765875351705229
0,30212,PUT,2765875351645360
0,30212,GET,2765875351705239
0,48390,PUT,2765875351645239
0,48390,GET,2765875351705309
0,35860,PUT,2765875351642132
0,35860,GET,2765875351705259
0,40448,PUT,2765875351633201
0,40448,GET,2765875351705269
0,30474,PUT,2765875351629463
0,30474,GET,2765875351705369
0,39950,PUT,2765875351612834
0,39950,GET,2765875351705429
0,27932,PUT,2765875351608284
0,27932,GET,2765875351705459
0,49158,PUT,2765875351648617
0,49158,GET,2765875351705730
0,31236,PUT,2765875351652296
0,31236,GET,2765875351705569
0,46594,PUT,2765875351658781
0,46594,GET,2765875351705529
0,51473,PUT,2765875351645249
0,51473,GET,2765875351705559
0,41730,PUT,2765875351625113
0,41730,GET,2765875351705850
0,50195,PUT,2765875351665536
0,50195,GET,2765875351705950
0,34079,PUT,2765875351667531
0,34079,GET,2765875351706101
0,43783,PUT,2765875351635066
0,43783,GET,2765875351706141
0,41216,PUT,2765875351653278
0,41216,GET,2765875351706221
0,54536,PUT,2765875351645109
0,54536,GET,2765875351706151
0,33034,PUT,2765875351661688
0,33034,GET,2765875351706351
0,31512,PUT,2765875351604274
0,31512,GET,2765875351706231
0,39937,PUT,2765875351632951
0,39937,GET,2765875351706241
0,56584,PUT,2765875351658681
0,56584,GET,2765875351706271
0,30723,PUT,2765875351642423
0,30723,GET,2765875351706341
0,27395,PUT,2765875351624030
0,27395,GET,2765875351706321
0,42496,PUT,2765875351661216
0,42496,GET,2765875351706361
0,38168,PUT,2765875351657388
0,38168,GET,2765875351706431
0,36893,PUT,2765875351672392
0,36893,GET,2765875351706502
0,33564,PUT,2765875351655403
0,33564,GET,2765875351706462
0,35090,PUT,2765875351643215
0,35090,GET,2765875351706472
0,35341,PUT,2765875351663281
0,35341,GET,2765875351706642
0,43271,PUT,2765875351633372
0,43271,GET,2765875351706542
0,51720,PUT,2765875351633372
0,51720,GET,2765875351706572
0,34333,PUT,2765875351656205
0,34333,GET,2765875351706802
0,44314,PUT,2765875351643144
0,44314,GET,2765875351706822
0,32786,PUT,2765875351615119
0,32786,GET,2765875351706682
0,52232,PUT,2765875351635016
0,52232,GET,2765875351707033
0,47365,PUT,2765875351630816
0,47365,GET,2765875351707183
0,32788,PUT,2765875351616673
0,32788,GET,2765875351707193
0,49414,PUT,2765875351650341
0,49414,GET,2765875351707223
0,46087,PUT,2765875351652015
0,46087,GET,2765875351707273
0,54801,PUT,2765875351661226
0,54801,GET,2765875351707374
0,49673,PUT,2765875351612283
0,49673,GET,2765875351707434
0,52742,PUT,2765875351674928
0,52742,GET,2765875351707414
0,36866,PUT,2765875351595303
0,36866,GET,2765875351707464
0,34573,PUT,2765875351661126
0,34573,GET,2765875351707604
0,46870,PUT,2765875351658039
0,46870,GET,2765875351707594
0,43022,PUT,2765875351632991
0,43022,GET,2765875351707584
0,50700,PUT,2765875351648016
0,50700,GET,2765875351707614
0,56069,PUT,2765875351679910
0,56069,GET,2765875351707835
0,32797,PUT,2765875351626726
0,32797,GET,2765875351707845
0,45826,PUT,2765875351655413
0,45826,GET,2765875351707775
0,53253,PUT,2765875351661808
0,53253,GET,2765875351707835
0,47627,PUT,2765875351643545
0,47627,GET,2765875351707985
0,53512,PUT,2765875351641761
0,53512,GET,2765875351708005
0,37659,PUT,2765875351676422
0,37659,GET,2765875351708055
0,53265,PUT,2765875351655443
0,53265,GET,2765875351708176
0,32031,PUT,2765875351639045
0,32031,GET,2765875351708145
0,48907,PUT,2765875351658751
0,48907,GET,2765875351708176
0,51976,PUT,2765875351634194
0,51976,GET,2765875351708105
0,25111,PUT,2765875351579998
0,25111,GET,2765875351708336
0,47638,PUT,2765875351660725
0,47638,GET,2765875351708306
0,45326,PUT,2765875351647815
0,45326,GET,2765875351708336
0,32010,PUT,2765875351639727
0,32010,GET,2765875351708366
0,50437,PUT,2765875351649379
0,50437,GET,2765875351708456
0,54793,PUT,2765875351645169
0,54793,GET,2765875351708526
0,38400,PUT,2765875351613756
0,38400,GET,2765875351708536
0,52757,PUT,2765875351656726
0,52757,GET,2765875351708887
0,48646,PUT,2765875351647054
0,48646,GET,2765875351708667
0,41486,PUT,2765875351617766
0,41486,GET,2765875351708837
0,47618,PUT,2765875351667722
0,47618,GET,2765875351708827
0,45838,PUT,2765875351649489
0,45838,GET,2765875351708837
0,54805,PUT,2765875351666118
0,54805,GET,2765875351709038
0,50965,PUT,2765875351648146
0,50965,GET,2765875351709068
0,48398,PUT,2765875351665236
0,48398,GET,2765875351709007
0,54293,PUT,2765875351664514
0,54293,GET,2765875351709178
0,38657,PUT,2765875351625343
0,38657,GET,2765875351709118
0,55048,PUT,2765875351649610
0,55048,GET,2765875351709108
0,41479,PUT,2765875351626305
0,41479,GET,2765875351709238
0,50446,PUT,2765875351677224
0,50446,GET,2765875351709218
0,56841,PUT,2765875351662530
0,56841,GET,2765875351709298
0,36379,PUT,2765875351664384
0,36379,GET,2765875351709358
0,44558,PUT,2765875351642493
0,44558,GET,2765875351709469
0,30495,PUT,2765875351629543
0,30495,GET,2765875351709489
0,38932,PUT,2765875351665186
0,38932,GET,2765875351709729
0,31242,PUT,2765875351634384
0,31242,GET,2765875351709729
0,33565,PUT,2765875351648206
0,33565,GET,2765875351709739
0,47129,PUT,2765875351657378
0,47129,GET,2765875351709799
0,27139,PUT,2765875351619730
0,27139,GET,2765875351709639
0,58640,PUT,2765875351680501
0,58640,GET,2765875351709729
0,47372,PUT,2765875351626476
0,47372,GET,2765875351709869
0,48403,PUT,2765875351652516
0,48403,GET,2765875351709940
0,50453,PUT,2765875351642864
0,50453,GET,2765875351709950
0,45573,PUT,2765875351616753
0,45573,GET,2765875351710100
0,50188,PUT,2765875351646362
0,50188,GET,2765875351710331
0,33810,PUT,2765875351634655
0,33810,GET,2765875351710110
0,35867,PUT,2765875351660956
0,35867,GET,2765875351710140
0,53269,PUT,2765875351661176
0,53269,GET,2765875351710160
0,32286,PUT,2765875351634073
0,32286,GET,2765875351710220
0,46855,PUT,2765875351659011
0,46855,GET,2765875351710441
0,46862,PUT,2765875351657448
0,46862,GET,2765875351710391
0,57872,PUT,2765875351664554
0,57872,GET,2765875351710611
0,51728,PUT,2765875351623308
0,51728,GET,2765875351710661
0,47130,PUT,2765875351668834
0,47130,GET,2765875351710641
0,43010,PUT,2765875351631207
0,43010,GET,2765875351710731
0,36888,PUT,2765875351652226
0,36888,GET,2765875351710752
0,37400,PUT,2765875351653940
0,37400,GET,2765875351710711
0,32539,PUT,2765875351634194
0,32539,GET,2765875351710802
0,55304,PUT,2765875351652847
0,55304,GET,2765875351710872
0,47362,PUT,2765875351666870
0,47362,GET,2765875351710912
0,47382,PUT,2765875351659883
0,47382,GET,2765875351710952
0,34078,PUT,2765875351672513
0,34078,GET,2765875351710992
0,47883,PUT,2765875351645340
0,47883,GET,2765875351711012
0,31007,PUT,2765875351635767
0,31007,GET,2765875351711072
0,48150,PUT,2765875351666178
0,48150,GET,2765875351711082
0,46095,PUT,2765875351664274
0,46095,GET,2765875351711022
0,34071,PUT,2765875351658440
0,34071,GET,2765875351711273
0,33816,PUT,2765875351635537
0,33816,GET,2765875351711383
0,53781,PUT,2765875351662840
0,53781,GET,2765875351711223
0,54545,PUT,2765875351660415
0,54545,GET,2765875351711463
0,33539,PUT,2765875351677605
0,33539,GET,2765875351711373
0,50714,PUT,2765875351694554
0,50714,GET,2765875351711553
0,46874,PUT,2765875351664574
0,46874,GET,2765875351711413
0,46607,PUT,2765875351667852
0,46607,GET,2765875351711413
0,51461,PUT,2765875351653328
0,51461,GET,2765875351711624
0,40726,PUT,2765875351620241
0,40726,GET,2765875351711493
0,32540,PUT,2765875351635797
0,32540,GET,2765875351711684
0,33284,PUT,2765875351680812
0,33284,GET,2765875351711714
0,51464,PUT,2765875351632530
0,51464,GET,2765875351711754
0,43265,PUT,2765875351670528
0,43265,GET,2765875351711844
0,33307,PUT,2765875351645069
0,33307,GET,2765875351711954
0,44057,PUT,2765875351626917
0,44057,GET,2765875351712014
0,36383,PUT,2765875351677214
0,36383,GET,2765875351712215
0,43776,PUT,2765875351666699
0,43776,GET,2765875351712355
0,45063,PUT,2765875351644277
0,45063,GET,2765875351712365
0,30239,PUT,2765875351626726
0,30239,GET,2765875351712315
0,46614,PUT,2765875351653669
0,46614,GET,2765875351712415
0,30482,PUT,2765875351600315
0,30482,GET,2765875351712465
0,32542,PUT,2765875351641481
0,32542,GET,2765875351712476
0,35608,PUT,2765875351643295
0,35608,GET,2765875351712375
0,54028,PUT,2765875351670298
0,54028,GET,2765875351712496
0,48134,PUT,2765875351642643
0,48134,GET,2765875351712405
0,49422,PUT,2765875351672162
0,49422,GET,2765875351712596
0,49931,PUT,2765875351666890
0,49931,GET,2765875351712576
0,42497,PUT,2765875351652526
0,42497,GET,2765875351712536
0,33819,PUT,2765875351650311
0,33819,GET,2765875351712616
0,43286,PUT,2765875351634384
0,43286,GET,2765875351712746
0,46611,PUT,2765875351644929
0,46611,GET,2765875351712636
0,31771,PUT,2765875351628881
0,31771,GET,2765875351712826
0,33037,PUT,2765875351651714
0,33037,GET,2765875351712616
0,33303,PUT,2765875351653078
0,33303,GET,2765875351713127
0,53260,PUT,2765875351662530
0,53260,GET,2765875351713227
0,38680,PUT,2765875351660014
0,38680,GET,2765875351713257
0,35615,PUT,2765875351674668
0,35615,GET,2765875351713277
0,36632,PUT,2765875351651354
0,36632,GET,2765875351713338
0,29699,PUT,2765875351635206
0,29699,GET,2765875351713438
0,38927,PUT,2765875351598912
0,38927,GET,2765875351713438
0,43535,PUT,2765875351639466
0,43535,GET,2765875351713428
0,46350,PUT,2765875351653058
0,46350,GET,2765875351713538
0,44047,PUT,2765875351644047
0,44047,GET,2765875351713508
0,44550,PUT,2765875351614869
0,44550,GET,2765875351713518
0,58129,PUT,2765875351685403
0,58129,GET,2765875351713538
0,35103,PUT,2765875351672042
0,35103,GET,2765875351713428
0,31000,PUT,2765875351601518
0,31000,GET,2765875351713518
0,49430,PUT,2765875351671991
0,49430,GET,2765875351713738
0,42520,PUT,2765875351684511
0,42520,GET,2765875351713618
0,33293,PUT,2765875351652566
0,33293,GET,2765875351713738
0,43791,PUT,2765875351641340
0,43791,GET,2765875351713738
0,34845,PUT,2765875351658931
0,34845,GET,2765875351714009
0,31245,PUT,2765875351625814
0,31245,GET,2765875351714149
0,32279,PUT,2765875351631337
0,32279,GET,2765875351714089
0,33290,PUT,2765875351662540
0,33290,GET,2765875351714169
0,53765,PUT,2765875351669616
0,53765,GET,2765875351714230
0,31747,PUT,2765875351649369
0,31747,GET,2765875351714410
0,47366,PUT,2765875351637491
0,47366,GET,2765875351714350
0,52230,PUT,2765875351671480
0,52230,GET,2765875351714370
0,50438,PUT,2765875351662199
0,50438,GET,2765875351714420
0,53004,PUT,2765875351659883
0,53004,GET,2765875351714490
0,29714,PUT,2765875351596075
0,29714,GET,2765875351714390
0,55568,PUT,2765875351643325
0,55568,GET,2765875351714330
0,55573,PUT,2765875351671150
0,55573,GET,2765875351714480
0,43778,PUT,2765875351643535
0,43778,GET,2765875351715031
0,50441,PUT,2765875351618437
0,50441,GET,2765875351715082
0,50181,PUT,2765875351648547
0,50181,GET,2765875351715001
0,53516,PUT,2765875351663361
0,53516,GET,2765875351715212
0,46094,PUT,2765875351650291
0,46094,GET,2765875351715222
0,42241,PUT,2765875351650722
0,42241,GET,2765875351715192
0,43264,PUT,2765875351664464
0,43264,GET,2765875351715302
0,45850,PUT,2765875351654982
0,45850,GET,2765875351715392
0,49945,PUT,2765875351671420
0,49945,GET,2765875351715372
0,56329,PUT,2765875351659192
0,56329,GET,2765875351715362
0,47879,PUT,2765875351668574
0,47879,GET,2765875351715503
0,44825,PUT,2765875351636068
0,44825,GET,2765875351715533
0,34580,PUT,2765875351637942
0,34580,GET,2765875351715733
0,32259,PUT,2765875351653879
0,32259,GET,2765875351715783
0,52497,PUT,2765875351652095
0,52497,GET,2765875351715763
0,35095,PUT,2765875351663883
0,35095,GET,2765875351715914
0,49420,PUT,2765875351640558
0,49420,GET,2765875351715934
0,48130,PUT,2765875351671390
0,48130,GET,2765875351715974
0,28164,PUT,2765875351630134
0,28164,GET,2765875351716034
0,59657,PUT,2765875351683398
0,59657,GET,2765875351716044
0,36381,PUT,2765875351669706
0,36381,GET,2765875351716034
0,55560,PUT,2765875351653599
0,55560,GET,2765875351716124
0,32522,PUT,2765875351645049
0,32522,GET,2765875351716104
0,32515,PUT,2765875351655473
0,32515,GET,2765875351716154
0,35869,PUT,2765875351667080
0,35869,GET,2765875351716144
0,59921,PUT,2765875351698303
0,59921,GET,2765875351716124
0,47897,PUT,2765875351659843
0,47897,GET,2765875351716104
0,53008,PUT,2765875351630255
0,53008,GET,2765875351716054
0,44295,PUT,2765875351639105
0,44295,GET,2765875351716324
0,49171,PUT,2765875351661347
0,49171,GET,2765875351716234
0,44290,PUT,2765875351646101
0,44290,GET,2765875351716314
0,61193,PUT,2765875351690474
0,61193,GET,2765875351716334
0,39960,PUT,2765875351665897
0,39960,GET,2765875351716445
0,56336,PUT,2765875351648567
0,56336,GET,2765875351716655
0,40462,PUT,2765875351614518
0,40462,GET,2765875351716725
0,34583,PUT,2765875351660234
0,34583,GET,2765875351716765
0,51989,PUT,2765875351654270
0,51989,GET,2765875351716695
0,54792,PUT,2765875351646893
0,54792,GET,2765875351716836
0,47894,PUT,2765875351665296
0,47894,GET,2765875351716715
0,57608,PUT,2765875351669736
0,57608,GET,2765875351716936
0,45570,PUT,2765875351654561
0,45570,GET,2765875351717006
0,35611,PUT,2765875351660104
0,35611,GET,2765875351716886
0,35864,PUT,2765875351645169
0,35864,GET,2765875351716725
0,46345,PUT,2765875351593379
0,46345,GET,2765875351716986
0,48133,PUT,2765875351634274
0,48133,GET,2765875351717026
0,34331,PUT,2765875351652877
0,34331,GET,2765875351716986
0,42754,PUT,2765875351629483
0,42754,GET,2765875351717096
0,55569,PUT,2765875351670057
0,55569,GET,2765875351717136
0,55056,PUT,2765875351641711
0,55056,GET,2765875351716986
0,39444,PUT,2765875351676241
0,39444,GET,2765875351717257
0,56073,PUT,2765875351658290
0,56073,GET,2765875351717347
0,49166,PUT,2765875351671320
0,49166,GET,2765875351717397
0,37138,PUT,2765875351667261
0,37138,GET,2765875351717617
0,50434,PUT,2765875351683649
0,50434,GET,2765875351717808
0,36372,PUT,2765875351645530
0,36372,GET,2765875351717758
0,43009,PUT,2765875351667772
0,43009,GET,2765875351717848
0,35868,PUT,2765875351670979
0,35868,GET,2765875351717828
0,50198,PUT,2765875351680170
0,50198,GET,2765875351717858
0,35612,PUT,2765875351670127
0,35612,GET,2765875351717898
0,44805,PUT,2765875351612513
0,44805,GET,2765875351717928
0,32274,PUT,2765875351610829
0,32274,GET,2765875351717938
0,44546,PUT,2765875351647886
0,44546,GET,2765875351718079
0,56585,PUT,2765875351660064
0,56585,GET,2765875351718149
0,32778,PUT,2765875351646813
0,32778,GET,2765875351718239
0,50694,PUT,2765875351663802
0,50694,GET,2765875351718169
0,33053,PUT,2765875351644177
0,33053,GET,2765875351718500
0,47126,PUT,2765875351658981
0,47126,GET,2765875351718560
0,50956,PUT,2765875351649720
0,50956,GET,2765875351718670
0,42240,PUT,2765875351660104
0,42240,GET,2765875351718740
0,48142,PUT,2765875351661547
0,48142,GET,2765875351718780
0,50702,PUT,2765875351679840
0,50702,GET,2765875351718830
0,34584,PUT,2765875351638975
0,34584,GET,2765875351719001
0,39708,PUT,2765875351691056
0,39708,GET,2765875351718850
0,28675,PUT,2765875351629192
0,28675,GET,2765875351718900
0,50443,PUT,2765875351672242
0,50443,GET,2765875351718991
0,34829,PUT,2765875351661938
0,34829,GET,2765875351718981
0,44562,PUT,2765875351713338
0,44562,GET,2765875351719041
0,57360,PUT,2765875351656566
0,57360,GET,2765875351719021
0,32771,PUT,2765875351657167
0,32771,GET,2765875351719201
0,36626,PUT,2765875351664735
0,36626,GET,2765875351719101
0,49164,PUT,2765875351638734
0,49164,GET,2765875351719372
0,43278,PUT,2765875351633823
0,43278,GET,2765875351719572
0,54786,PUT,2765875351710361
0,54786,GET,2765875351719642
0,40728,PUT,2765875351672242
0,40728,GET,2765875351719632
0,50713,PUT,2765875351676582
0,50713,GET,2765875351719823
0,50961,PUT,2765875351638744
0,50961,GET,2765875351720083
0,60169,PUT,2765875351687157
0,60169,GET,2765875351719973
0,57609,PUT,2765875351668734
0,57609,GET,2765875351720043
0,29194,PUT,2765875351617385
0,29194,GET,2765875351720083
0,48651,PUT,2765875351654220
0,48651,GET,2765875351720103
0,38685,PUT,2765875351685834
0,38685,GET,2765875351720183
0,35863,PUT,2765875351667321
0,35863,GET,2765875351720224
0,44545,PUT,2765875351678507
0,44545,GET,2765875351720224
0,50699,PUT,2765875351674026
0,50699,GET,2765875351720414
0,34834,PUT,2765875351641581
0,34834,GET,2765875351720414
0,40704,PUT,2765875351634394
0,40704,GET,2765875351720404
0,50201,PUT,2765875351674076
0,50201,GET,2765875351720524
0,34839,PUT,2765875351661076
0,34839,GET,2765875351720534
0,60437,PUT,2765875351700297
0,60437,GET,2765875351720424
0,47874,PUT,2765875351670498
0,47874,GET,2765875351720624
0,47371,PUT,2765875351642703
0,47371,GET,2765875351720655
0,33283,PUT,2765875351675029
0,33283,GET,2765875351720795
0,52488,PUT,2765875351635827
0,52488,GET,2765875351720905
0,35858,PUT,2765875351650201
0,35858,GET,2765875351720885
0,45078,PUT,2765875351643024
0,45078,GET,2765875351720945
0,45831,PUT,2765875351650251
0,45831,GET,2765875351721035
0,34077,PUT,2765875351653549
0,34077,GET,2765875351721116
0,34587,PUT,2765875351654711
0,34587,GET,2765875351721156
0,49163,PUT,2765875351662379
0,49163,GET,2765875351721196
0,61961,PUT,2765875351693852
0,61961,GET,2765875351721346
0,49932,PUT,2765875351644648
0,49932,GET,2765875351721376
0,35597,PUT,2765875351665988
0,35597,GET,2765875351721386
0,44814,PUT,2765875351643315
0,44814,GET,2765875351721567
0,52997,PUT,2765875351660986
0,52997,GET,2765875351721557
0,49433,PUT,2765875351669756
0,49433,GET,2765875351721597
0,46082,PUT,2765875351656235
0,46082,GET,2765875351721657
0,40471,PUT,2765875351714290
0,40471,GET,2765875351721827
0,54024,PUT,2765875351643445
0,54024,GET,2765875351721857
0,44054,PUT,2765875351637792
0,44054,GET,2765875351721907
0,29213,PUT,2765875351601969
0,29213,GET,2765875351721998
0,52748,PUT,2765875351659182
0,52748,GET,2765875351722048
0,37140,PUT,2765875351654691
0,37140,GET,2765875351722118
0,48645,PUT,2765875351637882
0,48645,GET,2765875351722118
0,51985,PUT,2765875351649549
0,51985,GET,2765875351722128
0,34840,PUT,2765875351640789
0,34840,GET,2765875351722368
0,36892,PUT,2765875351676131
0,36892,GET,2765875351722208
0,33546,PUT,2765875351664314
0,33546,GET,2765875351722208
0,36609,PUT,2765875351608564
0,36609,GET,2765875351722308
0,45314,PUT,2765875351652867
0,45314,GET,2765875351722379
0,57361,PUT,2765875351682997
0,57361,GET,2765875351722298
0,49678,PUT,2765875351673996
0,49678,GET,2765875351722479
0,48147,PUT,2765875351651704
0,48147,GET,2765875351722489
0,35348,PUT,2765875351640438
0,35348,GET,2765875351722529
0,44032,PUT,2765875351667792
0,44032,GET,2765875351722539
0,33567,PUT,2765875351660605
0,33567,GET,2765875351722559
0,48389,PUT,2765875351635106
0,48389,GET,2765875351722739
0,46105,PUT,2765875351646653
0,46105,GET,2765875351722830
0,52998,PUT,2765875351675780
0,52998,GET,2765875351722950
0,38173,PUT,2765875351680281
0,38173,GET,2765875351722980
0,56848,PUT,2765875351653950
0,56848,GET,2765875351722960
0,48902,PUT,2765875351647795
0,48902,GET,2765875351723130
0,60936,PUT,2765875351689943
0,60936,GET,2765875351723230
0,60168,PUT,2765875351687477
0,60168,GET,2765875351723471
0,36126,PUT,2765875351685844
0,36126,GET,2765875351723391
0,52240,PUT,2765875351626676
0,52240,GET,2765875351723581
0,55829,PUT,2765875351672994
0,55829,GET,2765875351723591
0,50693,PUT,2765875351650221
0,50693,GET,2765875351723581
0,41985,PUT,2765875351648838
0,41985,GET,2765875351723682
0,50709,PUT,2765875351643726
0,50709,GET,2765875351723661
0,56066,PUT,2765875351719101
0,56066,GET,2765875351723892
0,45080,PUT,2765875351708065
0,45080,GET,2765875351723922
0,37650,PUT,2765875351668904
0,37650,GET,2765875351723852
0,55045,PUT,2765875351675610
0,55045,GET,2765875351723982
0,52999,PUT,2765875351710591
0,52999,GET,2765875351724002
0,49942,PUT,2765875351678356
0,49942,GET,2765875351724243
0,33796,PUT,2765875351682556
0,33796,GET,2765875351724283
0,37394,PUT,2765875351668082
0,37394,GET,2765875351724273
0,49670,PUT,2765875351655533
0,49670,GET,2765875351724343
0,35587,PUT,2765875351689853
0,35587,GET,2765875351724343
0,58120,PUT,2765875351675339
0,58120,GET,2765875351724513
0,34844,PUT,2765875351663652
0,34844,GET,2765875351724574
0,31492,PUT,2765875351655984
0,31492,GET,2765875351724694
0,48918,PUT,2765875351668634
0,48918,GET,2765875351724744
0,47641,PUT,2765875351659011
0,47641,GET,2765875351724814
0,51993,PUT,2765875351687307
0,51993,GET,2765875351724854
0,42242,PUT,2765875351626797
0,42242,GET,2765875351724784
0,49937,PUT,2765875351632710
0,49937,GET,2765875351724955
0,43531,PUT,2765875351611050
0,43531,GET,2765875351724975
0,38420,PUT,2765875351663522
0,38420,GET,2765875351724894
0,34051,PUT,2765875351680100
0,34051,GET,2765875351725115
0,38676,PUT,2765875351664364
0,38676,GET,2765875351725275
0,34058,PUT,2765875351666880
0,34058,GET,2765875351725315
0,36123,PUT,2765875351661808
0,36123,GET,2765875351725506
0,41729,PUT,2765875351646212
0,41729,GET,2765875351725536
0,36621,PUT,2765875351672192
0,36621,GET,2765875351725556
0,37656,PUT,2765875351654711
0,37656,GET,2765875351725646
0,52485,PUT,2765875351659272
0,52485,GET,2765875351725716
0,29700,PUT,2765875351637742
0,29700,GET,2765875351725716
0,37386,PUT,2765875351700869
0,37386,GET,2765875351725766
0,44303,PUT,2765875351647675
0,44303,GET,2765875351725536
0,57097,PUT,2765875351666148
0,57097,GET,2765875351725927
0,47623,PUT,2765875351663201
0,47623,GET,2765875351725937
0,53772,PUT,2765875351665917
0,53772,GET,2765875351726047
0,45058,PUT,2765875351652035
0,45058,GET,2765875351726227
0,55561,PUT,2765875351653128
0,55561,GET,2765875351726097
0,31757,PUT,2765875351632069
0,31757,GET,2765875351726298
0,55824,PUT,2765875351644167
0,55824,GET,2765875351726328
0,55564,PUT,2765875351682346
0,55564,GET,2765875351726358
0,53776,PUT,2765875351635437
0,53776,GET,2765875351726388
0,51202,PUT,2765875351687918
0,51202,GET,2765875351726508
0,50202,PUT,2765875351691968
0,50202,GET,2765875351726668
0,48662,PUT,2765875351667802
0,48662,GET,2765875351726618
0,55317,PUT,2765875351669456
0,55317,GET,2765875351726689
0,43266,PUT,2765875351631969
0,43266,GET,2765875351726819
0,36114,PUT,2765875351659152
0,36114,GET,2765875351726889
0,38936,PUT,2765875351660866
0,38936,GET,2765875351726879
0,33054,PUT,2765875351661277
0,33054,GET,2765875351727260
0,40461,PUT,2765875351696699
0,40461,GET,2765875351727320
0,39437,PUT,2765875351691577
0,39437,GET,2765875351727430
0,26884,PUT,2765875351625153
0,26884,GET,2765875351727470
0,52745,PUT,2765875351633332
0,52745,GET,2765875351727430
0,47886,PUT,2765875351660715
0,47886,GET,2765875351727551
0,51477,PUT,2765875351652616
0,51477,GET,2765875351727601
0,33823,PUT,2765875351662590
0,33823,GET,2765875351727681
0,61704,PUT,2765875351696809
0,61704,GET,2765875351727711
0,46351,PUT,2765875351666108
0,46351,GET,2765875351727771
0,35359,PUT,2765875351673846
0,35359,GET,2765875351727661
0,36365,PUT,2765875351671280
0,36365,GET,2765875351727801
0,55057,PUT,2765875351661988
0,55057,GET,2765875351727831
0,37908,PUT,2765875351660174
0,37908,GET,2765875351728022
0,47385,PUT,2765875351658179
0,47385,GET,2765875351728162
0,56076,PUT,2765875351683979
0,56076,GET,2765875351728242
0,47105,PUT,2765875351692599
0,47105,GET,2765875351728292
0,49676,PUT,2765875351641370
0,49676,GET,2765875351728352
0,58633,PUT,2765875351675750
0,58633,GET,2765875351728362
0,46860,PUT,2765875351622186
0,46860,GET,2765875351728352
0,51482,PUT,2765875351697932
0,51482,GET,2765875351728483
0,56837,PUT,2765875351685162
0,56837,GET,2765875351728593
0,52755,PUT,2765875351685804
0,52755,GET,2765875351728533
0,46606,PUT,2765875351655664
0,46606,GET,2765875351728623
0,56325,PUT,2765875351680732
0,56325,GET,2765875351728683
0,48139,PUT,2765875351650652
0,48139,GET,2765875351728693
0,35082,PUT,2765875351677665
0,35082,GET,2765875351728693
0,51970,PUT,2765875351694965
0,51970,GET,2765875351728914
0,52243,PUT,2765875351684200
0,52243,GET,2765875351728783
0,54288,PUT,2765875351637201
0,54288,GET,2765875351728834
0,35356,PUT,2765875351667421
0,35356,GET,2765875351729014
0,61201,PUT,2765875351704186
0,61201,GET,2765875351729034
0,45338,PUT,2765875351647625
0,45338,GET,2765875351729074
0,58376,PUT,2765875351676121
0,58376,GET,2765875351729164
0,49174,PUT,2765875351671150
0,49174,GET,2765875351729325
0,29187,PUT,2765875351633562
0,29187,GET,2765875351729265
0,49666,PUT,2765875351678386
0,49666,GET,2765875351729214
0,52741,PUT,2765875351660124
0,52741,GET,2765875351729335
0,48908,PUT,2765875351637882
0,48908,GET,2765875351729305
0,47118,PUT,2765875351658330
0,47118,GET,2765875351729345
0,43520,PUT,2765875351665597
0,43520,GET,2765875351729385
0,48655,PUT,2765875351685292
0,48655,GET,2765875351729395
0,47872,PUT,2765875351715503
0,47872,GET,2765875351729395
0,55318,PUT,2765875351719482
0,55318,GET,2765875351729545
0,57105,PUT,2765875351682155
0,57105,GET,2765875351729665
0,56597,PUT,2765875351678196
0,56597,GET,2765875351729535
0,41746,PUT,2765875351694714
0,41746,GET,2765875351729625
0,33027,PUT,2765875351670498
0,33027,GET,2765875351729706
0,46102,PUT,2765875351649209
0,46102,GET,2765875351729876
0,39182,PUT,2765875351609496
0,39182,GET,2765875351729976
0,57100,PUT,2765875351692118
0,57100,GET,2765875351730066
0,41490,PUT,2765875351691356
0,41490,GET,2765875351730096
0,36099,PUT,2765875351697260
0,36099,GET,2765875351730046
0,56592,PUT,2765875351649379
0,56592,GET,2765875351730277
0,34328,PUT,2765875351637271
0,34328,GET,2765875351730307
0,34836,PUT,2765875351638764
0,34836,GET,2765875351730367
0,52486,PUT,2765875351674157
0,52486,GET,2765875351730407
0,50707,PUT,2765875351669997
0,50707,GET,2765875351730427
0,53011,PUT,2765875351686676
0,53011,GET,2765875351730467
0,51731,PUT,2765875351676111
0,51731,GET,2765875351730477
0,59413,PUT,2765875351690264
0,59413,GET,2765875351730407
0,46873,PUT,2765875351652737
0,46873,GET,2765875351730507
0,50958,PUT,2765875351681624
0,50958,GET,2765875351730658
0,34820,PUT,2765875351687838
0,34820,GET,2765875351730868
0,65545,PUT,2765875351721226
0,65545,GET,2765875351730908
0,52744,PUT,2765875351636649
0,52744,GET,2765875351730838
0,46092,PUT,2765875351618608
0,46092,GET,2765875351730808
0,46343,PUT,2765875351652857
0,46343,GET,2765875351730999
0,39181,PUT,2765875351690705
0,39181,GET,2765875351731009
0,41500,PUT,2765875351700548
0,41500,GET,2765875351731079
0,48135,PUT,2765875351672212
0,48135,GET,2765875351731129
0,51481,PUT,2765875351683679
0,51481,GET,2765875351731159
0,42266,PUT,2765875351628871
0,42266,GET,2765875351731209
0,33311,PUT,2765875351659733
0,33311,GET,2765875351731269
0,39168,PUT,2765875351620382
0,39168,GET,2765875351731299
0,39964,PUT,2765875351693672
0,39964,GET,2765875351731269
0,33310,PUT,2765875351663131
0,33310,GET,2765875351731199
0,49410,PUT,2765875351675740
0,49410,GET,2765875351731279
0,34570,PUT,2765875351669416
0,34570,GET,2765875351731409
0,28163,PUT,2765875351627508
0,28163,GET,2765875351731430
0,39448,PUT,2765875351663321
0,39448,GET,2765875351731359
0,27908,PUT,2765875351628460
0,27908,GET,2765875351731460
0,45849,PUT,2765875351645811
0,45849,GET,2765875351731329
0,44034,PUT,2765875351645299
0,44034,GET,2765875351731600
0,55301,PUT,2765875351677374
0,55301,GET,2765875351731901
0,42752,PUT,2765875351662339
0,42752,GET,2765875351732001
0,57861,PUT,2765875351692058
0,57861,GET,2765875351732021
0,47375,PUT,2765875351676602
0,47375,GET,2765875351732071
0,32004,PUT,2765875351661267
0,32004,GET,2765875351732171
0,33802,PUT,2765875351665136
0,33802,GET,2765875351732161
0,58133,PUT,2765875351684120
0,58133,GET,2765875351732121
0,39192,PUT,2765875351661657
0,39192,GET,2765875351732261
0,47642,PUT,2765875351671470
0,47642,GET,2765875351732282
0,35844,PUT,2765875351692088
0,35844,GET,2765875351732382
0,30467,PUT,2765875351639636
0,30467,GET,2765875351732532
0,44800,PUT,2765875351679298
0,44800,GET,2765875351732612
0,35076,PUT,2765875351688660
0,35076,GET,2765875351732542
0,38674,PUT,2765875351673124
0,38674,GET,2765875351732783
0,54021,PUT,2765875351670458
0,54021,GET,2765875351732813
0,38429,PUT,2765875351683047
0,38429,GET,2765875351732843
0,40219,PUT,2765875351706702
0,40219,GET,2765875351732973
0,45327,PUT,2765875351660856
0,45327,GET,2765875351733023
0,43790,PUT,2765875351636389
0,43790,GET,2765875351732793
0,39452,PUT,2765875351690214
0,39452,GET,2765875351733093
0,40472,PUT,2765875351670408
0,40472,GET,2765875351733113
0,51718,PUT,2765875351669887
0,51718,GET,2765875351733164
0,35338,PUT,2765875351678537
0,35338,GET,2765875351733093
0,38913,PUT,2765875351628069
0,38913,GET,2765875351733164
0,44815,PUT,2765875351657448
0,44815,GET,2765875351733244
0,53273,PUT,2765875351692419
0,53273,GET,2765875351733093
0,51462,PUT,2765875351667160
0,51462,GET,2765875351733324
0,32525,PUT,2765875351636459
0,32525,GET,2765875351733434
0,55302,PUT,2765875351694865
0,55302,GET,2765875351733635
0,58889,PUT,2765875351676572
0,58889,GET,2765875351733735
0,44826,PUT,2765875351645831
0,44826,GET,2765875351733755
0,61189,PUT,2765875351721366
0,61189,GET,2765875351733765
0,54022,PUT,2765875351681123
0,54022,GET,2765875351733835
0,38930,PUT,2765875351674527
0,38930,GET,2765875351733965
0,56853,PUT,2765875351679048
0,56853,GET,2765875351733985
0,36635,PUT,2765875351669135
0,36635,GET,2765875351734036
0,52229,PUT,2765875351657578
0,52229,GET,2765875351734026
0,58121,PUT,2765875351671200
0,58121,GET,2765875351734076
0,50187,PUT,2765875351670578
0,50187,GET,2765875351734096
0,36124,PUT,2765875351671811
0,36124,GET,2765875351734256
0,53525,PUT,2765875351662008
0,53525,GET,2765875351734246
0,50183,PUT,2765875351683137
0,50183,GET,2765875351734316
0,35357,PUT,2765875351660605
0,35357,GET,2765875351734376
0,38418,PUT,2765875351672302
0,38418,GET,2765875351734507
0,38427,PUT,2765875351696639
0,38427,GET,2765875351734517
0,44802,PUT,2765875351650421
0,44802,GET,2765875351734567
0,37919,PUT,2765875351690825
0,37919,GET,2765875351734517
0,49946,PUT,2765875351689442
0,49946,GET,2765875351734677
0,37407,PUT,2765875351685332
0,37407,GET,2765875351734697
0,52235,PUT,2765875351682877
0,52235,GET,2765875351734737
0,54533,PUT,2765875351672042
0,54533,GET,2765875351734707
0,35351,PUT,2765875351665637
0,35351,GET,2765875351734757
0,51470,PUT,2765875351685212
0,51470,GET,2765875351734687
0,39425,PUT,2765875351629613
0,39425,GET,2765875351734807
0,55825,PUT,2765875351673505
0,55825,GET,2765875351734787
0,59397,PUT,2765875351700698
0,59397,GET,2765875351734898
0,62480,PUT,2765875351707273
0,62480,GET,2765875351734918
0,38171,PUT,2765875351693010
0,38171,GET,2765875351734938
0,35594,PUT,2765875351680281
0,35594,GET,2765875351735018
0,36125,PUT,2765875351667922
0,36125,GET,2765875351735028
0,48154,PUT,2765875351674918
0,48154,GET,2765875351735158
0,51726,PUT,2765875351686044
0,51726,GET,2765875351735218
0,36874,PUT,2765875351697411
0,36874,GET,2765875351735238
0,39959,PUT,2765875351710651
0,39959,GET,2765875351735459
0,35613,PUT,2765875351666208
0,35613,GET,2765875351735489
0,38666,PUT,2765875351711002
0,38666,GET,2765875351735469
0,39199,PUT,2765875351697892
0,39199,GET,2765875351735629
0,34334,PUT,2765875351674287
0,34334,GET,2765875351735449
0,49939,PUT,2765875351664685
0,49939,GET,2765875351735629
0,38172,PUT,2765875351685022
0,38172,GET,2765875351735629
0,45568,PUT,2765875351687568
0,45568,GET,2765875351735790
0,30211,PUT,2765875351638704
0,30211,GET,2765875351735880
0,51979,PUT,2765875351682045
0,51979,GET,2765875351735880
0,35352,PUT,2765875351642463
0,35352,GET,2765875351736000
0,34591,PUT,2765875351669295
0,34591,GET,2765875351736201
0,38162,PUT,2765875351670578
0,38162,GET,2765875351736211
0,53777,PUT,2765875351657017
0,53777,GET,2765875351736291
0,57868,PUT,2765875351694644
0,57868,GET,2765875351736321
0,56328,PUT,2765875351657899
0,56328,GET,2765875351736481
0,44289,PUT,2765875351676753
0,44289,GET,2765875351736481
0,46850,PUT,2765875351660575
0,46850,GET,2765875351736331
0,45583,PUT,2765875351661698
0,45583,GET,2765875351736571
0,54796,PUT,2765875351679088
0,54796,GET,2765875351736491
0,57616,PUT,2765875351660956
0,57616,GET,2765875351736471
0,37916,PUT,2765875351684230
0,37916,GET,2765875351736571
0,56838,PUT,2765875351708015
0,56838,GET,2765875351736582
0,46342,PUT,2765875351628691
0,46342,GET,2765875351736702
0,46362,PUT,2765875351659362
0,46362,GET,2765875351736622
0,45334,PUT,2765875351644768
0,45334,GET,2765875351736662
0,51974,PUT,2765875351670719
0,51974,GET,2765875351736772
0,43777,PUT,2765875351675029
0,43777,GET,2765875351736812
0,64017,PUT,2765875351718419
0,64017,GET,2765875351736862
0,47891,PUT,2765875351650892
0,47891,GET,2765875351736902
0,34588,PUT,2765875351661838
0,34588,GET,2765875351737123
0,46618,PUT,2765875351660204
0,46618,GET,2765875351737133
0,51206,PUT,2765875351666298
0,51206,GET,2765875351737253
0,47617,PUT,2765875351696067
0,47617,GET,2765875351737193
0,53262,PUT,2765875351695767
0,53262,GET,2765875351737343
0,44033,PUT,2765875351675891
0,44033,GET,2765875351737303
0,38423,PUT,2765875351701650
0,38423,GET,2765875351737363
0,48666,PUT,2765875351679629
0,48666,GET,2765875351737474
0,37149,PUT,2765875351674207
0,37149,GET,2765875351737474
0,49423,PUT,2765875351693973
0,49423,GET,2765875351737574
0,35332,PUT,2765875351690434
0,35332,GET,2765875351737784
0,58888,PUT,2765875351677695
0,58888,GET,2765875351737644
0,34590,PUT,2765875351675109
0,34590,GET,2765875351737754
0,57353,PUT,2765875351667922
0,57353,GET,2765875351737504
0,53530,PUT,2765875351710140
0,53530,GET,2765875351737794
0,37143,PUT,2765875351689141
0,37143,GET,2765875351737804
0,36882,PUT,2765875351665567
0,36882,GET,2765875351737774
0,54018,PUT,2765875351706903
0,54018,GET,2765875351737834
0,48898,PUT,2765875351674046
0,48898,GET,2765875351737975
0,45319,PUT,2765875351645099
0,45319,GET,2765875351738105
0,35346,PUT,2765875351648397
0,35346,GET,2765875351738125
0,49413,PUT,2765875351644157
0,49413,GET,2765875351738185
0,51475,PUT,2765875351674337
0,51475,GET,2765875351738215
0,43008,PUT,2765875351663442
0,43008,GET,2765875351738165
0,33795,PUT,2765875351679258
0,33795,GET,2765875351738306
0,53509,PUT,2765875351664394
0,53509,GET,2765875351738205
0,40724,PUT,2765875351695416
0,40724,GET,2765875351738285
0,33566,PUT,2765875351666819
0,33566,GET,2765875351738446
0,55820,PUT,2765875351683157
0,55820,GET,2765875351738526
0,50444,PUT,2765875351647194
0,50444,GET,2765875351738506
0,38413,PUT,2765875351683729
0,38413,GET,2765875351738586
0,39700,PUT,2765875351683789
0,39700,GET,2765875351738586
0,36631,PUT,2765875351673715
0,36631,GET,2765875351738666
0,36376,PUT,2765875351649539
0,36376,GET,2765875351738656
0,49178,PUT,2765875351684039
0,49178,GET,2765875351738696
0,41728,PUT,2765875351656937
0,41728,GET,2765875351738676
0,61205,PUT,2765875351707504
0,61205,GET,2765875351738817
0,62472,PUT,2765875351703505
0,62472,GET,2765875351738917
0,35871,PUT,2765875351675530
0,35871,GET,2765875351738897
0,36119,PUT,2765875351671991
0,36119,GET,2765875351739007
0,58377,PUT,2765875351673926
0,58377,GET,2765875351738957
0,49934,PUT,2765875351675660
0,49934,GET,2765875351738977
0,50963,PUT,2765875351670849
0,50963,GET,2765875351739137
0,31006,PUT,2765875351626225
0,31006,GET,2765875351739037
0,35096,PUT,2765875351641611
0,35096,GET,2765875351739168
0,51458,PUT,2765875351688730
0,51458,GET,2765875351739188
0,56083,PUT,2765875351711934
0,56083,GET,2765875351739198
0,60940,PUT,2765875351711814
0,60940,GET,2765875351739168
0,41496,PUT,2765875351680201
0,41496,GET,2765875351739288
0,35099,PUT,2765875351658400
0,35099,GET,2765875351739508
0,45592,PUT,2765875351709709
0,45592,GET,2765875351739478
0,43521,PUT,2765875351671360
0,43521,GET,2765875351739588
0,31754,PUT,2765875351637872
0,31754,GET,2765875351739629
0,51982,PUT,2765875351686886
0,51982,GET,2765875351739639
0,53254,PUT,2765875351676702
0,53254,GET,2765875351739969
0,44807,PUT,2765875351642593
0,44807,GET,2765875351739839
0,53523,PUT,2765875351689322
0,53523,GET,2765875351740090
0,36637,PUT,2765875351671510
0,36637,GET,2765875351740110
0,39186,PUT,2765875351678236
0,39186,GET,2765875351740060
0,58389,PUT,2765875351685072
0,58389,GET,2765875351740160
0,37661,PUT,2765875351677785
0,37661,GET,2765875351740320
0,56085,PUT,2765875351674768
0,56085,GET,2765875351740230
0,37389,PUT,2765875351676783
0,37389,GET,2765875351740440
0,44544,PUT,2765875351673325
0,44544,GET,2765875351740501
0,52499,PUT,2765875351684972
0,52499,GET,2765875351740511
0,31748,PUT,2765875351656726
0,31748,GET,2765875351740711
0,54789,PUT,2765875351673916
0,54789,GET,2765875351740751
0,40468,PUT,2765875351692680
0,40468,GET,2765875351740781
0,54284,PUT,2765875351672102
0,54284,GET,2765875351740791
0,49686,PUT,2765875351677494
0,49686,GET,2765875351740841
0,48915,PUT,2765875351660575
0,48915,GET,2765875351740831
0,41240,PUT,2765875351677715
0,41240,GET,2765875351740781
0,38403,PUT,2765875351718610
0,38403,GET,2765875351740972
0,54041,PUT,2765875351699776
0,54041,GET,2765875351741062
0,60680,PUT,2765875351689121
0,60680,GET,2765875351741222
0,54549,PUT,2765875351665376
0,54549,GET,2765875351741162
0,50439,PUT,2765875351683969
0,50439,GET,2765875351741282
0,46081,PUT,2765875351688279
0,46081,GET,2765875351741323
0,45842,PUT,2765875351717407
0,45842,GET,2765875351741292
0,37148,PUT,2765875351679780
0,37148,GET,2765875351741433
0,39442,PUT,2765875351679108
0,39442,GET,2765875351741493
0,45824,PUT,2765875351688670
0,45824,GET,2765875351741393
0,36612,PUT,2765875351695506
0,36612,GET,2765875351741653
0,34819,PUT,2765875351685413
0,34819,GET,2765875351741723
0,48910,PUT,2765875351668624
0,48910,GET,2765875351741723
0,38684,PUT,2765875351686706
0,38684,GET,2765875351741743
0,54547,PUT,2765875351699796
0,54547,GET,2765875351741603
0,54035,PUT,2765875351692770
0,54035,GET,2765875351741764
0,59664,PUT,2765875351685523
0,59664,GET,2765875351741754
0,55816,PUT,2765875351654451
0,55816,GET,2765875351741874
0,36127,PUT,2765875351676372
0,36127,GET,2765875351741914
0,47887,PUT,2765875351680140
0,47887,GET,2765875351741934
0,49427,PUT,2765875351662169
0,49427,GET,2765875351742064
0,40210,PUT,2765875351683468
0,40210,GET,2765875351742084
0,52238,PUT,2765875351687728
0,52238,GET,2765875351742094
0,40216,PUT,2765875351669536
0,40216,GET,2765875351742265
0,57605,PUT,2765875351690324
0,57605,GET,2765875351742134
0,56588,PUT,2765875351686605
0,56588,GET,2765875351742245
0,44822,PUT,2765875351641300
0,44822,GET,2765875351742275
0,54297,PUT,2765875351700658
0,54297,GET,2765875351742495
0,50457,PUT,2765875351674848
0,50457,GET,2765875351742575
0,33805,PUT,2765875351656044
0,33805,GET,2765875351742575
0,58641,PUT,2765875351686796
0,58641,GET,2765875351742656
0,37645,PUT,2765875351677615
0,37645,GET,2765875351742716
0,55052,PUT,2765875351679900
0,55052,GET,2765875351742996
0,29188,PUT,2765875351634334
0,29188,GET,2765875351743087
0,38157,PUT,2765875351681995
0,38157,GET,2765875351743016
0,58384,PUT,2765875351678717
0,58384,GET,2765875351743006
0,52994,PUT,2765875351700949
0,52994,GET,2765875351743077
0,48386,PUT,2765875351672292
0,48386,GET,2765875351743057
0,52752,PUT,2765875351628440
0,52752,GET,2765875351743167
0,58896,PUT,2765875351681293
0,58896,GET,2765875351743077
0,45313,PUT,2765875351682787
0,45313,GET,2765875351743197
0,37652,PUT,2765875351659352
0,37652,GET,2765875351743277
0,38679,PUT,2765875351702522
0,38679,GET,2765875351743307
0,48410,PUT,2765875351677805
0,48410,GET,2765875351743437
0,34826,PUT,2765875351673054
0,34826,GET,2765875351743417
0,37901,PUT,2765875351681153
0,37901,GET,2765875351743548
0,34327,PUT,2765875351659362
0,34327,GET,2765875351743588
0,41752,PUT,2765875351681053
0,41752,GET,2765875351743648
0,42516,PUT,2765875351715192
0,42516,GET,2765875351743407
0,35331,PUT,2765875351688049
0,35331,GET,2765875351743919
0,40722,PUT,2765875351686124
0,40722,GET,2765875351743969
0,57352,PUT,2765875351668112
0,57352,GET,2765875351744009
0,40477,PUT,2765875351710160
0,40477,GET,2765875351743949
0,53518,PUT,2765875351697461
0,53518,GET,2765875351744039
0,35870,PUT,2765875351684060
0,35870,GET,2765875351744079
0,55054,PUT,2765875351704908
0,55054,GET,2765875351744099
0,38428,PUT,2765875351685874
0,38428,GET,2765875351744139
0,49159,PUT,2765875351679008
0,49159,GET,2765875351744149
0,48921,PUT,2765875351665286
0,48921,GET,2765875351744360
0,36877,PUT,2765875351673966
0,36877,GET,2765875351744510
0,60424,PUT,2765875351688309
0,60424,GET,2765875351744440
0,55061,PUT,2765875351666960
0,55061,GET,2765875351744490
0,33028,PUT,2765875351679870
0,33028,GET,2765875351744400
0,52246,PUT,2765875351697160
0,52246,GET,2765875351744530
0,60937,PUT,2765875351689642
0,60937,GET,2765875351744600
0,50946,PUT,2765875351687077
0,50946,GET,2765875351744650
0,30468,PUT,2765875351646903
0,30468,GET,2765875351744861
0,34847,PUT,2765875351671180
0,34847,GET,2765875351744750
0,44302,PUT,2765875351640779
0,44302,GET,2765875351744911
0,51723,PUT,2765875351681213
0,51723,GET,2765875351744941
0,51467,PUT,2765875351679439
0,51467,GET,2765875351744941
0,58901,PUT,2765875351686756
0,58901,GET,2765875351744961
0,32003,PUT,2765875351650301
0,32003,GET,2765875351745051
0,39954,PUT,2765875351680822
0,39954,GET,2765875351745061
0,38147,PUT,2765875351717838
0,38147,GET,2765875351745091
0,47898,PUT,2765875351672312
0,47898,GET,2765875351745171
0,45593,PUT,2765875351644949
0,45593,GET,2765875351745192
0,46336,PUT,2765875351692138
0,46336,GET,2765875351745252
0,35843,PUT,2765875351696408
0,35843,GET,2765875351745292
0,63505,PUT,2765875351715813
0,63505,GET,2765875351745262
0,59656,PUT,2765875351684701
0,59656,GET,2765875351745262
0,51987,PUT,2765875351683348
0,51987,GET,2765875351745352
0,54278,PUT,2765875351683548
0,54278,GET,2765875351745582
0,55305,PUT,2765875351647595
0,55305,GET,2765875351745663
0,37918,PUT,2765875351709719
0,37918,GET,2765875351745813
0,52758,PUT,2765875351703615
0,52758,GET,2765875351745813
0,46863,PUT,2765875351673054
0,46863,GET,2765875351745733
0,36375,PUT,2765875351672843
0,36375,GET,2765875351745863
0,52492,PUT,2765875351658310
0,52492,GET,2765875351745823
0,50710,PUT,2765875351687107
0,50710,GET,2765875351745953
0,49689,PUT,2765875351670568
0,49689,GET,2765875351745973
0,48406,PUT,2765875351666960
0,48406,GET,2765875351746134
0,45839,PUT,2765875351663432
0,45839,GET,2765875351746104
0,46337,PUT,2765875351690094
0,46337,GET,2765875351746214
0,54810,PUT,2765875351720604
0,54810,GET,2765875351746214
0,55815,PUT,2765875351731620
0,55815,GET,2765875351746324
0,43800,PUT,2765875351695286
0,43800,GET,2765875351746304
0,58128,PUT,2765875351665406
0,58128,GET,2765875351746344
0,34563,PUT,2765875351684581
0,34563,GET,2765875351746464
0,53785,PUT,2765875351696970
0,53785,GET,2765875351746485
0,61449,PUT,2765875351691246
0,61449,GET,2765875351746414
0,45569,PUT,2765875351683719
0,45569,GET,2765875351746635
0,37906,PUT,2765875351669746
0,37906,GET,2765875351746825
0,59925,PUT,2765875351696689
0,59925,GET,2765875351746685
0,44056,PUT,2765875351698052
0,44056,GET,2765875351746685
0,55313,PUT,2765875351669205
0,55313,GET,2765875351746785
0,38940,PUT,2765875351687548
0,38940,GET,2765875351746785
0,55315,PUT,2765875351702993
0,55315,GET,2765875351746996
0,59665,PUT,2765875351697481
0,59665,GET,2765875351747076
0,62997,PUT,2765875351719853
0,62997,GET,2765875351747256
0,45057,PUT,2765875351682065
0,45057,GET,2765875351747266
0,36895,PUT,2765875351678797
0,36895,GET,2765875351747296
0,44063,PUT,2765875351733665
0,44063,GET,2765875351747236
0,48641,PUT,2765875351701901
0,48641,GET,2765875351747387
0,34052,PUT,2765875351683378
0,34052,GET,2765875351747577
0,51211,PUT,2765875351678587
0,51211,GET,2765875351747507
0,56581,PUT,2765875351681494
0,56581,GET,2765875351747637
0,54553,PUT,2765875351704256
0,54553,GET,2765875351747607
0,55810,PUT,2765875351718259
0,55810,GET,2765875351747637
0,58126,PUT,2765875351725355
0,58126,GET,2765875351747667
0,50447,PUT,2765875351699956
0,50447,GET,2765875351747918
0,53774,PUT,2765875351699185
0,53774,GET,2765875351747948
0,43548,PUT,2765875351725035
0,43548,GET,2765875351747978
0,40478,PUT,2765875351733184
0,40478,GET,2765875351747988
0,58385,PUT,2765875351686134
0,58385,GET,2765875351748048
0,50966,PUT,2765875351687989
0,50966,GET,2765875351748058
0,60181,PUT,2765875351698473
0,60181,GET,2765875351747938
0,53274,PUT,2765875351709238
0,53274,GET,2765875351748178
0,59408,PUT,2765875351684711
0,59408,GET,2765875351748108
0,55557,PUT,2765875351678146
0,55557,GET,2765875351748229
0,49690,PUT,2765875351686696
0,49690,GET,2765875351748349
0,37144,PUT,2765875351653098
0,37144,GET,2765875351748379
0,52494,PUT,2765875351690464
0,52494,GET,2765875351748429
0,60681,PUT,2765875351688821
0,60681,GET,2765875351748539
0,56341,PUT,2765875351676572
0,56341,GET,2765875351748559
0,52491,PUT,2765875351687307
0,52491,GET,2765875351748519
0,59152,PUT,2765875351683859
0,59152,GET,2765875351748710
0,35614,PUT,2765875351682315
0,35614,GET,2765875351748850
0,56593,PUT,2765875351679539
0,56593,GET,2765875351748900
0,51975,PUT,2765875351703465
0,51975,GET,2765875351748980
0,55310,PUT,2765875351705670
0,55310,GET,2765875351749081
0,39965,PUT,2765875351700959
0,39965,GET,2765875351749141
0,56337,PUT,2765875351676973
0,56337,GET,2765875351749091
0,60433,PUT,2765875351700859
0,60433,GET,2765875351749271
0,49167,PUT,2765875351690504
0,49167,GET,2765875351749291
0,57113,PUT,2765875351718018
0,57113,GET,2765875351749341
0,39197,PUT,2765875351694083
0,39197,GET,2765875351749491
0,37403,PUT,2765875351672683
0,37403,GET,2765875351749572
0,40220,PUT,2765875351694524
0,40220,GET,2765875351749481
0,36106,PUT,2765875351683879
0,36106,GET,2765875351749692
0,50190,PUT,2765875351676402
0,50190,GET,2765875351749802
0,58885,PUT,2765875351698082
0,58885,GET,2765875351749762
0,47631,PUT,2765875351677454
0,47631,GET,2765875351749882
0,56081,PUT,2765875351675209
0,56081,GET,2765875351750013
0,46620,PUT,2765875351747597
0,46620,GET,2765875351750043
0,51212,PUT,2765875351653178
0,51212,GET,2765875351750033
0,41756,PUT,2765875351705970
0,41756,GET,2765875351750223
0,35100,PUT,2765875351664494
0,35100,GET,2765875351750123
0,39693,PUT,2765875351693361
0,39693,GET,2765875351750263
0,54540,PUT,2765875351677414
0,54540,GET,2765875351750394
0,65801,PUT,2765875351735198
0,65801,GET,2765875351750454
0,40978,PUT,2765875351688841
0,40978,GET,2765875351750524
0,53766,PUT,2765875351680241
0,53766,GET,2765875351750674
0,50955,PUT,2765875351676803
0,50955,GET,2765875351750594
0,57096,PUT,2765875351665587
0,57096,GET,2765875351750694
0,53014,PUT,2765875351705439
0,53014,GET,2765875351750784
0,55046,PUT,2765875351692980
0,55046,GET,2765875351750845
0,39949,PUT,2765875351694193
0,39949,GET,2765875351750825
0,49935,PUT,2765875351697471
0,49935,GET,2765875351750865
0,66056,PUT,2765875351731279
0,66056,GET,2765875351750965
0,55554,PUT,2765875351717557
0,55554,GET,2765875351751045
0,48665,PUT,2765875351664434
0,48665,GET,2765875351751115
0,49434,PUT,2765875351685834
0,49434,GET,2765875351751236
0,64528,PUT,2765875351717437
0,64528,GET,2765875351751356
0,36380,PUT,2765875351674517
0,36380,GET,2765875351751326
0,36362,PUT,2765875351684691
0,36362,GET,2765875351751446
0,44288,PUT,2765875351672302
0,44288,GET,2765875351751416
0,39963,PUT,2765875351705940
0,39963,GET,2765875351751506
0,37404,PUT,2765875351681584
0,37404,GET,2765875351751456
0,54534,PUT,2765875351687016
0,54534,GET,2765875351751606
0,36636,PUT,2765875351675359
0,36636,GET,2765875351751546
0,51714,PUT,2765875351690515
0,51714,GET,2765875351751616
0,59916,PUT,2765875351707624
0,59916,GET,2765875351751847
0,51207,PUT,2765875351697260
0,51207,GET,2765875351751907
0,40221,PUT,2765875351704677
0,40221,GET,2765875351751837
0,46593,PUT,2765875351690935
0,46593,GET,2765875351751797
0,58891,PUT,2765875351742385
0,58891,GET,2765875351751777
0,55059,PUT,2765875351702262
0,55059,GET,2765875351751957
0,50950,PUT,2765875351665456
0,50950,GET,2765875351751967
0,40984,PUT,2765875351674988
0,40984,GET,2765875351752007
0,50178,PUT,2765875351682767
0,50178,GET,2765875351752067
0,61968,PUT,2765875351705580
0,61968,GET,2765875351752118
0,42765,PUT,2765875351724373
0,42765,GET,2765875351752258
0,47873,PUT,2765875351696899
0,47873,GET,2765875351752358
0,58632,PUT,2765875351676953
0,58632,GET,2765875351752438
0,61448,PUT,2765875351694083
0,61448,GET,2765875351752438
0,49671,PUT,2765875351681534
0,49671,GET,2765875351752478
0,51222,PUT,2765875351689803
0,51222,GET,2765875351752539
0,53506,PUT,2765875351702392
0,53506,GET,2765875351752559
0,68872,PUT,2765875351748770
0,68872,GET,2765875351752408
0,44312,PUT,2765875351699846
0,44312,GET,2765875351752769
0,36867,PUT,2765875351708045
0,36867,GET,2765875351752909
0,61461,PUT,2765875351709288
0,61461,GET,2765875351752909
0,33822,PUT,2765875351671641
0,33822,GET,2765875351752960
0,46338,PUT,2765875351657969
0,46338,GET,2765875351753020
0,42008,PUT,2765875351681915
0,42008,GET,2765875351753080
0,47386,PUT,2765875351669676
0,47386,GET,2765875351753080
0,55813,PUT,2765875351679138
0,55813,GET,2765875351753130
0,59409,PUT,2765875351695737
0,59409,GET,2765875351753310
0,52738,PUT,2765875351700107
0,52738,GET,2765875351753260
0,58131,PUT,2765875351720334
0,58131,GET,2765875351753090
0,34846,PUT,2765875351677725
0,34846,GET,2765875351753350
0,47367,PUT,2765875351661567
0,47367,GET,2765875351753401
0,53779,PUT,2765875351691146
0,53779,GET,2765875351753481
0,50690,PUT,2765875351684450
0,50690,GET,2765875351753531
0,52761,PUT,2765875351690685
0,52761,GET,2765875351753501
0,59913,PUT,2765875351685543
0,59913,GET,2765875351753641
0,47119,PUT,2765875351674858
0,47119,GET,2765875351753691
0,35358,PUT,2765875351681333
0,35358,GET,2765875351753441
0,53249,PUT,2765875351734236
0,53249,GET,2765875351753671
0,38164,PUT,2765875351662710
0,38164,GET,2765875351753701
0,58892,PUT,2765875351699816
0,58892,GET,2765875351753741
0,43538,PUT,2765875351708125
0,43538,GET,2765875351753862
0,54803,PUT,2765875351700638
0,54803,GET,2765875351753982
0,42002,PUT,2765875351695556
0,42002,GET,2765875351754002
0,41245,PUT,2765875351712656
0,41245,GET,2765875351753832
0,57873,PUT,2765875351684581
0,57873,GET,2765875351753932
0,52482,PUT,2765875351698563
0,52482,GET,2765875351754052
0,51717,PUT,2765875351655122
0,51717,GET,2765875351754152
0,36356,PUT,2765875351694684
0,36356,GET,2765875351754233
0,62985,PUT,2765875351701861
0,62985,GET,2765875351754092
0,53510,PUT,2765875351677544
0,53510,GET,2765875351754363
0,49154,PUT,2765875351674918
0,49154,GET,2765875351754463
0,53017,PUT,2765875351691567
0,53017,GET,2765875351754453
0,57606,PUT,2765875351712055
0,57606,GET,2765875351754373
0,42770,PUT,2765875351701901
0,42770,GET,2765875351754553
0,40205,PUT,2765875351695015
0,40205,GET,2765875351754573
0,32516,PUT,2765875351663903
0,32516,GET,2765875351754533
0,57617,PUT,2765875351683739
0,57617,GET,2765875351754553
0,54790,PUT,2765875351692208
0,54790,GET,2765875351754653
0,32260,PUT,2765875351662099
0,32260,GET,2765875351754553
0,48399,PUT,2765875351682666
0,48399,GET,2765875351754533
0,37662,PUT,2765875351697551
0,37662,GET,2765875351754704
0,48642,PUT,2765875351673214
0,48642,GET,2765875351754944
0,41485,PUT,2765875351702623
0,41485,GET,2765875351754934
0,55307,PUT,2765875351708787
0,55307,GET,2765875351754994
0,62224,PUT,2765875351706431
0,62224,GET,2765875351755135
0,62481,PUT,2765875351709930
0,62481,GET,2765875351755064
0,38935,PUT,2765875351703384
0,38935,GET,2765875351755205
0,64789,PUT,2765875351732231
0,64789,GET,2765875351755305
0,45332,PUT,2765875351736291
0,45332,GET,2765875351755405
0,39711,PUT,2765875351701430
0,39711,GET,2765875351755505
0,37917,PUT,2765875351678627
0,37917,GET,2765875351755536
0,34564,PUT,2765875351686996
0,34564,GET,2765875351756227
0,42264,PUT,2765875351682746
0,42264,GET,2765875351755666
0,37396,PUT,2765875351655543
0,37396,GET,2765875351755666
0,37911,PUT,2765875351697922
0,37911,GET,2765875351755806
0,56335,PUT,2765875351735579
0,56335,GET,2765875351755806
0,37379,PUT,2765875351711553
0,37379,GET,2765875351755816
0,38922,PUT,2765875351711844
0,38922,GET,2765875351755856
0,65301,PUT,2765875351735740
0,65301,GET,2765875351755906
0,58373,PUT,2765875351696418
0,58373,GET,2765875351755977
0,57356,PUT,2765875351692980
0,57356,GET,2765875351755826
0,40963,PUT,2765875351739889
0,40963,GET,2765875351756087
0,52750,PUT,2765875351691316
0,52750,GET,2765875351756167
0,39428,PUT,2765875351713969
0,39428,GET,2765875351756177
0,56332,PUT,2765875351685774
0,56332,GET,2765875351756227
0,44568,PUT,2765875351701680
0,44568,GET,2765875351756317
0,49415,PUT,2765875351679840
0,49415,GET,2765875351756327
0,40215,PUT,2765875351711503
0,40215,GET,2765875351756438
0,57877,PUT,2765875351683288
0,57877,GET,2765875351756438
0,39196,PUT,2765875351688400
0,39196,GET,2765875351756598
0,37636,PUT,2765875351705199
0,37636,GET,2765875351756608
0,36868,PUT,2765875351699916
0,36868,GET,2765875351756718
0,56327,PUT,2765875351735980
0,56327,GET,2765875351756718
0,40476,PUT,2765875351697270
0,40476,GET,2765875351756748
0,37915,PUT,2765875351692048
0,37915,GET,2765875351756698
0,61192,PUT,2765875351692559
0,61192,GET,2765875351756758
0,41738,PUT,2765875351732943
0,41738,GET,2765875351756778
0,37133,PUT,2765875351675840
0,37133,GET,2765875351756829
0,48647,PUT,2765875351677364
0,48647,GET,2765875351756909
0,50689,PUT,2765875351719702
0,50689,GET,2765875351757109
0,50969,PUT,2765875351679329
0,50969,GET,2765875351757219
0,60949,PUT,2765875351706652
0,60949,GET,2765875351757219
0,63761,PUT,2765875351717577
0,63761,GET,2765875351757209
0,49152,PUT,2765875351726578
0,49152,GET,2765875351757410
0,54283,PUT,2765875351701921
0,54283,GET,2765875351757420
0,38939,PUT,2765875351699866
0,38939,GET,2765875351757550
0,41748,PUT,2765875351708877
0,41748,GET,2765875351757650
0,42509,PUT,2765875351714139
0,42509,GET,2765875351757580
0,55558,PUT,2765875351695687
0,55558,GET,2765875351757741
0,38430,PUT,2765875351718710
0,38430,GET,2765875351757701
0,50454,PUT,2765875351681002
0,50454,GET,2765875351757711
0,39709,PUT,2765875351698182
0,39709,GET,2765875351757891
0,61705,PUT,2765875351693010
0,61705,GET,2765875351757921
0,40973,PUT,2765875351700037
0,40973,GET,2765875351757941
0,66060,PUT,2765875351753641
0,66060,GET,2765875351758061
0,63509,PUT,2765875351723401
0,63509,GET,2765875351757961
0,38410,PUT,2765875351708436
0,38410,GET,2765875351758051
0,35850,PUT,2765875351681183
0,35850,GET,2765875351758292
0,40466,PUT,2765875351685262
0,40466,GET,2765875351758462
0,61969,PUT,2765875351708346
0,61969,GET,2765875351758502
0,37399,PUT,2765875351690815
0,37399,GET,2765875351758502
0,59660,PUT,2765875351706792
0,59660,GET,2765875351758823
0,36639,PUT,2765875351678015
0,36639,GET,2765875351758643
0,34307,PUT,2765875351683699
0,34307,GET,2765875351758733
0,53250,PUT,2765875351701670
0,53250,GET,2765875351758843
0,62225,PUT,2765875351709168
0,62225,GET,2765875351758893
0,43037,PUT,2765875351728332
0,43037,GET,2765875351758953
0,41741,PUT,2765875351704276
0,41741,GET,2765875351758883
0,38687,PUT,2765875351696178
0,38687,GET,2765875351758933
0,44559,PUT,2765875351652867
0,44559,GET,2765875351759204
0,58117,PUT,2765875351694634
0,58117,GET,2765875351759204
0,44801,PUT,2765875351681233
0,44801,GET,2765875351759304
0,41244,PUT,2765875351699696
0,41244,GET,2765875351759374
0,38683,PUT,2765875351699225
0,38683,GET,2765875351759455
0,46098,PUT,2765875351719873
0,46098,GET,2765875351759565
0,38424,PUT,2765875351658220
0,38424,GET,2765875351759585
0,38686,PUT,2765875351719542
0,38686,GET,2765875351759625
0,53767,PUT,2765875351719502
0,53767,GET,2765875351759755
0,57350,PUT,2765875351710441
0,57350,GET,2765875351759785
0,38941,PUT,2765875351691457
0,38941,GET,2765875351759805
0,43026,PUT,2765875351703645
0,43026,GET,2765875351759846
0,54298,PUT,2765875351714300
0,54298,GET,2765875351759825
0,57621,PUT,2765875351682466
0,57621,GET,2765875351760016
0,61960,PUT,2765875351698613
0,61960,GET,2765875351759876
0,39710,PUT,2765875351726839
0,39710,GET,2765875351759876
0,40212,PUT,2765875351690875
0,40212,GET,2765875351760126
0,40987,PUT,2765875351713698
0,40987,GET,2765875351760036
0,54795,PUT,2765875351707163
0,54795,GET,2765875351760136
0,37147,PUT,2765875351670869
0,37147,GET,2765875351760226
0,61712,PUT,2765875351704728
0,61712,GET,2765875351760307
0,52249,PUT,2765875351689011
0,52249,GET,2765875351760327
0,37380,PUT,2765875351703515
0,37380,GET,2765875351760287
0,57094,PUT,2765875351708857
0,57094,GET,2765875351760557
0,59400,PUT,2765875351683819
0,59400,GET,2765875351760537
0,59141,PUT,2765875351699866
0,59141,GET,2765875351760617
0,57363,PUT,2765875351717798
0,57363,GET,2765875351760607
0,51219,PUT,2765875351671681
0,51219,GET,2765875351760718
0,62220,PUT,2765875351723411
0,62220,GET,2765875351760728
0,55577,PUT,2765875351711433
0,55577,GET,2765875351760677
0,61717,PUT,2765875351710110
0,61717,GET,2765875351760798
0,60944,PUT,2765875351700518
0,60944,GET,2765875351760908
0,49927,PUT,2765875351682366
0,49927,GET,2765875351761008
0,41220,PUT,2765875351723311
0,41220,GET,2765875351761068
0,44050,PUT,2765875351709829
0,44050,GET,2765875351761159
0,57099,PUT,2765875351729515
0,57099,GET,2765875351761269
0,63497,PUT,2765875351705419
0,63497,GET,2765875351761289
0,56834,PUT,2765875351727140
0,56834,GET,2765875351761409
0,62217,PUT,2765875351695606
0,62217,GET,2765875351761660
0,60677,PUT,2765875351716906
0,60677,GET,2765875351761710
0,42776,PUT,2765875351688099
0,42776,GET,2765875351761650
0,51225,PUT,2765875351682797
0,51225,GET,2765875351761580
0,36887,PUT,2765875351688179
0,36887,GET,2765875351761690
0,41499,PUT,2765875351718259
0,41499,GET,2765875351762061
0,45586,PUT,2765875351716565
0,45586,GET,2765875351762051
0,58124,PUT,2765875351695456
0,58124,GET,2765875351762061
0,43021,PUT,2765875351725305
0,43021,GET,2765875351762101
0,50458,PUT,2765875351693712
0,50458,GET,2765875351762151
0,45825,PUT,2765875351684571
0,45825,GET,2765875351762201
0,39956,PUT,2765875351684661
0,39956,GET,2765875351762201
0,49170,PUT,2765875351742646
0,49170,GET,2765875351762151
0,52225,PUT,2765875351728352
0,52225,GET,2765875351762241
0,56086,PUT,2765875351723792
0,56086,GET,2765875351762452
0,40717,PUT,2765875351697521
0,40717,GET,2765875351762351
0,51463,PUT,2765875351699906
0,51463,GET,2765875351762442
0,39453,PUT,2765875351696549
0,39453,GET,2765875351762562
0,64776,PUT,2765875351719622
0,64776,GET,2765875351762632
0,37124,PUT,2765875351701721
0,37124,GET,2765875351762682
0,48922,PUT,2765875351680491
0,48922,GET,2765875351762762
0,65033,PUT,2765875351719582
0,65033,GET,2765875351762802
0,57093,PUT,2765875351686996
0,57093,GET,2765875351762953
0,53511,PUT,2765875351716846
0,53511,GET,2765875351762993
0,36109,PUT,2765875351669576
0,36109,GET,2765875351763143
0,58649,PUT,2765875351724764
0,58649,GET,2765875351763183
0,36894,PUT,2765875351694143
0,36894,GET,2765875351763083
0,57369,PUT,2765875351719762
0,57369,GET,2765875351763183
0,58645,PUT,2765875351685924
0,58645,GET,2765875351763374
0,45312,PUT,2765875351685182
0,45312,GET,2765875351763434
0,48654,PUT,2765875351666930
0,48654,GET,2765875351763404
0,56345,PUT,2765875351713748
0,56345,GET,2765875351763414
0,64777,PUT,2765875351717818
0,64777,GET,2765875351763554
0,39707,PUT,2765875351705118
0,39707,GET,2765875351763584
0,45325,PUT,2765875351743568
0,45325,GET,2765875351763664
0,47104,PUT,2765875351711403
0,47104,GET,2765875351763715
0,34308,PUT,2765875351684200
0,34308,GET,2765875351763845
0,64785,PUT,2765875351725436
0,64785,GET,2765875351763855
0,59653,PUT,2765875351703445
0,59653,GET,2765875351763905
0,59401,PUT,2765875351681714
0,59401,GET,2765875351763935
0,64529,PUT,2765875351721887
0,64529,GET,2765875351763925
0,64016,PUT,2765875351714841
0,64016,GET,2765875351764065
0,62992,PUT,2765875351709699
0,62992,GET,2765875351764085
0,38669,PUT,2765875351685583
0,38669,GET,2765875351764115
0,51737,PUT,2765875351685463
0,51737,GET,2765875351764115
0,65296,PUT,2765875351722629
0,65296,GET,2765875351764176
0,42258,PUT,2765875351696378
0,42258,GET,2765875351764326
0,54027,PUT,2765875351700438
0,54027,GET,2765875351764376
0,53515,PUT,2765875351696158
0,53515,GET,2765875351764366
0,63240,PUT,2765875351706923
0,63240,GET,2765875351764466
0,52751,PUT,2765875351715112
0,52751,GET,2765875351764567
0,46849,PUT,2765875351691767
0,46849,GET,2765875351764687
0,37898,PUT,2765875351704056
0,37898,GET,2765875351764747
0,62729,PUT,2765875351701009
0,62729,GET,2765875351764897
0,64009,PUT,2765875351714390
0,64009,GET,2765875351764907
0,37130,PUT,2765875351699114
0,37130,GET,2765875351764837
0,54287,PUT,2765875351724413
0,54287,GET,2765875351765018
0,63760,PUT,2765875351714079
0,63760,GET,2765875351765008
0,54798,PUT,2765875351704176
0,54798,GET,2765875351765038
0,51214,PUT,2765875351683398
0,51214,GET,2765875351765048
0,42007,PUT,2765875351724113
0,42007,GET,2765875351765138
0,61457,PUT,2765875351705930
0,61457,GET,2765875351765108
0,64521,PUT,2765875351716976
0,64521,GET,2765875351765208
0,39703,PUT,2765875351707895
0,39703,GET,2765875351765128
0,62473,PUT,2765875351698343
0,62473,GET,2765875351765188
0,48911,PUT,2765875351686124
0,48911,GET,2765875351765098
0,46080,PUT,2765875351691016
0,46080,GET,2765875351765178
0,60697,PUT,2765875351737203
0,60697,GET,2765875351765429
0,51990,PUT,2765875351696268
0,51990,GET,2765875351765489
0,51471,PUT,2765875351703996
0,51471,GET,2765875351765519
0,40990,PUT,2765875351737955
0,40990,GET,2765875351765589
0,59161,PUT,2765875351728292
0,59161,GET,2765875351765619
0,55062,PUT,2765875351718710
0,55062,GET,2765875351765819
0,62984,PUT,2765875351706111
0,62984,GET,2765875351765689
0,60425,PUT,2765875351688019
0,60425,GET,2765875351765829
0,52502,PUT,2765875351701791
0,52502,GET,2765875351765829
0,40223,PUT,2765875351703104
0,40223,GET,2765875351765860
0,48903,PUT,2765875351678206
0,48903,GET,2765875351766090
0,42755,PUT,2765875351751907
0,42755,GET,2765875351766110
0,57365,PUT,2765875351681734
0,57365,GET,2765875351766030
0,41759,PUT,2765875351709118
0,41759,GET,2765875351766140
0,38925,PUT,2765875351689091
0,38925,GET,2765875351766130
0,61456,PUT,2765875351702963
0,61456,GET,2765875351766180
0,40735,PUT,2765875351704768
0,40735,GET,2765875351766491
0,53003,PUT,2765875351694474
0,53003,GET,2765875351766521
0,37405,PUT,2765875351675931
0,37405,GET,2765875351766571
0,44306,PUT,2765875351710641
0,44306,GET,2765875351766832
0,55308,PUT,2765875351680712
0,55308,GET,2765875351766561
0,38943,PUT,2765875351697030
0,38943,GET,2765875351766732
0,36382,PUT,2765875351687668
0,36382,GET,2765875351766862
0,57612,PUT,2765875351693812
0,57612,GET,2765875351766872
0,53267,PUT,2765875351687518
0,53267,GET,2765875351766862
0,60177,PUT,2765875351699135
0,60177,GET,2765875351766631
0,45336,PUT,2765875351708857
0,45336,GET,2765875351766942
0,43288,PUT,2765875351693672
0,43288,GET,2765875351766952
0,51201,PUT,2765875351724062
0,51201,GET,2765875351767052
0,57109,PUT,2765875351680852
0,57109,GET,2765875351767032
0,60441,PUT,2765875351735349
0,60441,GET,2765875351767082
0,38916,PUT,2765875351711573
0,38916,GET,2765875351767303
0,41997,PUT,2765875351706973
0,41997,GET,2765875351767383
0,59920,PUT,2765875351686285
0,59920,GET,2765875351767403
0,52506,PUT,2765875351704728
0,52506,GET,2765875351767333
0,57358,PUT,2765875351719392
0,57358,GET,2765875351767473
0,68104,PUT,2765875351745492
0,68104,GET,2765875351767573
0,35588,PUT,2765875351691276
0,35588,GET,2765875351767764
0,40731,PUT,2765875351711864
0,40731,GET,2765875351767704
0,54806,PUT,2765875351717868
0,54806,GET,2765875351767794
0,59399,PUT,2765875351759755
0,59399,GET,2765875351767884
0,58638,PUT,2765875351726889
0,58638,GET,2765875351767864
0,67601,PUT,2765875351747888
0,67601,GET,2765875351767834
0,43794,PUT,2765875351708987
0,43794,GET,2765875351767954
0,59669,PUT,2765875351693181
0,59669,GET,2765875351767904
0,52250,PUT,2765875351703845
0,52250,GET,2765875351768135
0,53259,PUT,2765875351695326
0,53259,GET,2765875351768165
0,52505,PUT,2765875351689843
0,52505,GET,2765875351768055
0,51215,PUT,2765875351703244
0,51215,GET,2765875351768275
0,59144,PUT,2765875351679479
0,59144,GET,2765875351768295
0,61713,PUT,2765875351706762
0,61713,GET,2765875351768345
0,34076,PUT,2765875351657929
0,34076,GET,2765875351768395
0,60942,PUT,2765875351737875
0,60942,GET,2765875351768275
0,59909,PUT,2765875351707253
0,59909,GET,2765875351768496
0,42527,PUT,2765875351720685
0,42527,GET,2765875351768546
0,34335,PUT,2765875351668393
0,34335,GET,2765875351768686
0,39171,PUT,2765875351725636
0,39171,GET,2765875351768616
0,51734,PUT,2765875351694454
0,51734,GET,2765875351768877
0,59654,PUT,2765875351730578
0,59654,GET,2765875351768877
0,42268,PUT,2765875351707584
0,42268,GET,2765875351768897
0,39178,PUT,2765875351712626
0,39178,GET,2765875351768887
0,65041,PUT,2765875351727130
0,65041,GET,2765875351768887
0,39434,PUT,2765875351715202
0,39434,GET,2765875351769117
0,42271,PUT,2765875351718820
0,42271,GET,2765875351769177
0,57351,PUT,2765875351745773
0,57351,GET,2765875351769197
0,36638,PUT,2765875351693261
0,36638,GET,2765875351769227
0,60166,PUT,2765875351734717
0,60166,GET,2765875351769187
0,52747,PUT,2765875351692730
0,52747,GET,2765875351769318
0,43544,PUT,2765875351694424
0,43544,GET,2765875351769438
0,58379,PUT,2765875351740811
0,58379,GET,2765875351769448
0,42250,PUT,2765875351739969
0,42250,GET,2765875351769478
0,50970,PUT,2765875351695416
0,50970,GET,2765875351769398
0,62476,PUT,2765875351724333
0,62476,GET,2765875351769418
0,37406,PUT,2765875351695847
0,37406,GET,2765875351769628
0,42253,PUT,2765875351709689
0,42253,GET,2765875351769789
0,45847,PUT,2765875351747006
0,45847,GET,2765875351769728
0,56070,PUT,2765875351699104
0,56070,GET,2765875351769799
0,52231,PUT,2765875351704307
0,52231,GET,2765875351769799
0,46355,PUT,2765875351643185
0,46355,GET,2765875351769879
0,54542,PUT,2765875351703424
0,54542,GET,2765875351769919
0,41239,PUT,2765875351719582
0,41239,GET,2765875351769859
0,53263,PUT,2765875351718329
0,53263,GET,2765875351769749
0,51727,PUT,2765875351705710
0,51727,GET,2765875351769889
0,39447,PUT,2765875351707053
0,39447,GET,2765875351770099
0,54809,PUT,2765875351705128
0,54809,GET,2765875351770109
0,63248,PUT,2765875351710521
0,63248,GET,2765875351770099
0,66321,PUT,2765875351739849
0,66321,GET,2765875351770210
0,62993,PUT,2765875351713388
0,62993,GET,2765875351770320
0,53270,PUT,2765875351707233
0,53270,GET,2765875351770280
0,54530,PUT,2765875351709529
0,54530,GET,2765875351770460
0,54030,PUT,2765875351700057
0,54030,GET,2765875351770480
0,63753,PUT,2765875351712546
0,63753,GET,2765875351770510
0,44564,PUT,2765875351727290
0,44564,GET,2765875351770490
0,53771,PUT,2765875351696949
0,53771,GET,2765875351770781
0,46848,PUT,2765875351707935
0,46848,GET,2765875351770631
0,50182,PUT,2765875351660495
0,50182,GET,2765875351771042
0,42500,PUT,2765875351732091
0,42500,GET,2765875351771001
0,49922,PUT,2765875351680992
0,49922,GET,2765875351771021
0,52239,PUT,2765875351710942
0,52239,GET,2765875351771292
0,43032,PUT,2765875351689953
0,43032,GET,2765875351771382
0,46592,PUT,2765875351703775
0,46592,GET,2765875351771442
0,61452,PUT,2765875351715382
0,61452,GET,2765875351771633
0,44059,PUT,2765875351734587
0,44059,GET,2765875351771563
0,60176,PUT,2765875351691787
0,60176,GET,2765875351771493
0,53006,PUT,2765875351692168
0,53006,GET,2765875351771663
0,66581,PUT,2765875351757711
0,66581,GET,2765875351771713
0,58118,PUT,2765875351719803
0,58118,GET,2765875351771813
0,41247,PUT,2765875351706482
0,41247,GET,2765875351771783
0,53761,PUT,2765875351735910
0,53761,GET,2765875351771924
0,64264,PUT,2765875351712786
0,64264,GET,2765875351771954
0,54291,PUT,2765875351698202
0,54291,GET,2765875351771914
0,61198,PUT,2765875351738716
0,61198,GET,2765875351772084
0,48143,PUT,2765875351680972
0,48143,GET,2765875351772214
0,50959,PUT,2765875351702422
0,50959,GET,2765875351772134
0,39940,PUT,2765875351717507
0,39940,GET,2765875351772274
0,56598,PUT,2765875351730287
0,56598,GET,2765875351772355
0,55312,PUT,2765875351642553
0,55312,GET,2765875351772345
0,38404,PUT,2765875351707614
0,38404,GET,2765875351772455
0,55827,PUT,2765875351705519
0,55827,GET,2765875351772455
0,56322,PUT,2765875351722659
0,56322,GET,2765875351772375
0,40732,PUT,2765875351698092
0,40732,GET,2765875351772505
0,36100,PUT,2765875351692870
0,36100,GET,2765875351772515
0,38175,PUT,2765875351691667
0,38175,GET,2765875351772655
0,37123,PUT,2765875351709839
0,37123,GET,2765875351772675
0,39455,PUT,2765875351700618
0,39455,GET,2765875351772735
0,37891,PUT,2765875351717006
0,37891,GET,2765875351772746
0,41226,PUT,2765875351728392
0,41226,GET,2765875351772986
0,53529,PUT,2765875351695145
0,53529,GET,2765875351772976
0,41495,PUT,2765875351721416
0,41495,GET,2765875351773187
0,53018,PUT,2765875351708396
0,53018,GET,2765875351773187
0,54031,PUT,2765875351722709
0,54031,GET,2765875351773126
0,50695,PUT,2765875351687548
0,50695,GET,2765875351773076
0,47360,PUT,2765875351712435
0,47360,GET,2765875351773187
0,44818,PUT,2765875351714079
0,44818,GET,2765875351773377
0,42753,PUT,2765875351666739
0,42753,GET,2765875351773437
0,45596,PUT,2765875351741333
0,45596,GET,2765875351773567
0,41987,PUT,2765875351749381
0,41987,GET,2765875351773638
0,47122,PUT,2765875351726709
0,47122,GET,2765875351773658
0,42772,PUT,2765875351716044
0,42772,GET,2765875351773798
0,55822,PUT,2765875351709148
0,55822,GET,2765875351773838
0,55042,PUT,2765875351713979
0,55042,GET,2765875351773938
0,40475,PUT,2765875351710140
0,40475,GET,2765875351774059
0,60430,PUT,2765875351735359
0,60430,GET,2765875351774069
0,56582,PUT,2765875351706341
0,56582,GET,2765875351773948
0,43543,PUT,2765875351733985
0,43543,GET,2765875351774099
0,42260,PUT,2765875351714370
0,42260,GET,2765875351774209
0,43551,PUT,2765875351729966
0,43551,GET,2765875351774139
0,40991,PUT,2765875351705620
0,40991,GET,2765875351774099
0,57346,PUT,2765875351729685
0,57346,GET,2765875351774249
0,48658,PUT,2765875351737343
0,48658,GET,2765875351774439
0,46360,PUT,2765875351714931
0,46360,GET,2765875351774630
0,37150,PUT,2765875351694995
0,37150,GET,2765875351774600
0,55322,PUT,2765875351725756
0,55322,GET,2765875351774680
0,59918,PUT,2765875351731921
0,59918,GET,2765875351774560
0,62485,PUT,2765875351716405
0,62485,GET,2765875351774870
0,57881,PUT,2765875351722328
0,57881,GET,2765875351774971
0,43540,PUT,2765875351722990
0,43540,GET,2765875351775001
0,54539,PUT,2765875351703625
0,54539,GET,2765875351775051
0,56854,PUT,2765875351733053
0,56854,GET,2765875351775051
0,42013,PUT,2765875351724814
0,42013,GET,2765875351775161
0,51226,PUT,2765875351696248
0,51226,GET,2765875351775191
0,49679,PUT,2765875351695767
0,49679,GET,2765875351775261
0,41234,PUT,2765875351689663
0,41234,GET,2765875351775111
0,48385,PUT,2765875351700317
0,48385,GET,2765875351775332
0,68617,PUT,2765875351748158
0,68617,GET,2765875351775281
0,44824,PUT,2765875351703374
0,44824,GET,2765875351775432
0,62732,PUT,2765875351725145
0,62732,GET,2765875351775602
0,63504,PUT,2765875351713257
0,63504,GET,2765875351775672
0,56339,PUT,2765875351712786
0,56339,GET,2765875351775662
0,49408,PUT,2765875351727681
0,49408,GET,2765875351775662
0,42780,PUT,2765875351713077
0,42780,GET,2765875351775702
0,43039,PUT,2765875351724313
0,43039,GET,2765875351775742
0,55066,PUT,2765875351724173
0,55066,GET,2765875351775682
0,44827,PUT,2765875351739819
0,44827,GET,2765875351775732
0,55563,PUT,2765875351717557
0,55563,GET,2765875351775833
0,60172,PUT,2765875351708456
0,60172,GET,2765875351775903
0,41501,PUT,2765875351714350
0,41501,GET,2765875351776013
0,55065,PUT,2765875351708817
0,55065,GET,2765875351776023
0,52226,PUT,2765875351695837
0,52226,GET,2765875351776103
0,35075,PUT,2765875351686235
0,35075,GET,2765875351776274
0,56590,PUT,2765875351712536
0,56590,GET,2765875351776574
0,42779,PUT,2765875351727400
0,42779,GET,2765875351776614
0,57107,PUT,2765875351716966
0,57107,GET,2765875351776594
0,60165,PUT,2765875351708095
0,60165,GET,2765875351776524
0,36611,PUT,2765875351707273
0,36611,GET,2765875351776665
0,56857,PUT,2765875351717186
0,56857,GET,2765875351776675
0,67344,PUT,2765875351747527
0,67344,GET,2765875351776554
0,42004,PUT,2765875351713518
0,42004,GET,2765875351776765
0,58380,PUT,2765875351698152
0,58380,GET,2765875351776815
0,40980,PUT,2765875351698122
0,40980,GET,2765875351776885
0,58382,PUT,2765875351726097
0,58382,GET,2765875351776955
0,67857,PUT,2765875351748690
0,67857,GET,2765875351776975
0,60947,PUT,2765875351736792
0,60947,GET,2765875351777005
0,52481,PUT,2765875351729174
0,52481,GET,2765875351777076
0,42519,PUT,2765875351727681
0,42519,GET,2765875351776895
0,50191,PUT,2765875351698222
0,50191,GET,2765875351777076
0,59398,PUT,2765875351729746
0,59398,GET,2765875351777035
0,56078,PUT,2765875351710000
0,56078,GET,2765875351777136
0,46104,PUT,2765875351714059
0,46104,GET,2765875351777396
0,55571,PUT,2765875351704647
0,55571,GET,2765875351777396
0,58387,PUT,2765875351722960
0,58387,GET,2765875351777476
0,56849,PUT,2765875351680401
0,56849,GET,2765875351777386
0,54038,PUT,2765875351713408
0,54038,GET,2765875351777517
0,49921,PUT,2765875351714380
0,49921,GET,2765875351777597
0,69897,PUT,2765875351756137
0,69897,GET,2765875351777607
0,69392,PUT,2765875351757781
0,69392,GET,2765875351777747
0,53519,PUT,2765875351719161
0,53519,GET,2765875351777627
0,55051,PUT,2765875351707955
0,55051,GET,2765875351777857
0,46111,PUT,2765875351746214
0,46111,GET,2765875351777907
0,56844,PUT,2765875351688390
0,56844,GET,2765875351777938
0,58137,PUT,2765875351723100
0,58137,GET,2765875351777918
0,48129,PUT,2765875351697761
0,48129,GET,2765875351777998
0,50951,PUT,2765875351695636
0,50951,GET,2765875351778038
0,50177,PUT,2765875351716154
0,50177,GET,2765875351778198
0,42514,PUT,2765875351699165
0,42514,GET,2765875351778248
0,60930,PUT,2765875351751105
0,60930,GET,2765875351778308
0,66325,PUT,2765875351756859
0,66325,GET,2765875351778238
0,40988,PUT,2765875351698954
0,40988,GET,2765875351778379
0,44820,PUT,2765875351731861
0,44820,GET,2765875351778238
0,60693,PUT,2765875351705790
0,60693,GET,2765875351778308
0,46354,PUT,2765875351720695
0,46354,GET,2765875351778409
0,63496,PUT,2765875351709559
0,63496,GET,2765875351778469
0,44055,PUT,2765875351740310
0,44055,GET,2765875351778529
0,50176,PUT,2765875351732051
0,50176,GET,2765875351778569
0,67088,PUT,2765875351739348
0,67088,GET,2765875351778429
0,39454,PUT,2765875351723030
0,39454,GET,2765875351778539
0,52487,PUT,2765875351707083
0,52487,GET,2765875351778459
0,59145,PUT,2765875351679218
0,59145,GET,2765875351778669
0,63493,PUT,2765875351746645
0,63493,GET,2765875351778679
0,57858,PUT,2765875351733234
0,57858,GET,2765875351778820
0,54799,PUT,2765875351725997
0,54799,GET,2765875351778759
0,38915,PUT,2765875351724794
0,38915,GET,2765875351778830
0,50945,PUT,2765875351721486
0,50945,GET,2765875351778679
0,43292,PUT,2765875351724183
0,43292,GET,2765875351778860
0,42756,PUT,2765875351732933
0,42756,GET,2765875351778910
0,39172,PUT,2765875351713217
0,39172,GET,2765875351778840
0,45848,PUT,2765875351710571
0,45848,GET,2765875351779100
0,62728,PUT,2765875351704347
0,62728,GET,2765875351779211
0,39939,PUT,2765875351731991
0,39939,GET,2765875351779190
0,55814,PUT,2765875351697360
0,55814,GET,2765875351779211
0,52762,PUT,2765875351705590
0,52762,GET,2765875351779251
0,51719,PUT,2765875351700768
0,51719,GET,2765875351779271
0,61445,PUT,2765875351723050
0,61445,GET,2765875351779281
0,60694,PUT,2765875351758693
0,60694,GET,2765875351779341
0,41503,PUT,2765875351708306
0,41503,GET,2765875351779391
0,43549,PUT,2765875351734918
0,43549,GET,2765875351779471
0,47361,PUT,2765875351694353
0,47361,GET,2765875351779521
0,43293,PUT,2765875351732151
0,43293,GET,2765875351779682
0,59650,PUT,2765875351742716
0,59650,GET,2765875351779662
0,66568,PUT,2765875351733965
0,66568,GET,2765875351779782
0,58636,PUT,2765875351698974
0,58636,GET,2765875351780073
0,56595,PUT,2765875351713558
0,56595,GET,2765875351780032
0,55833,PUT,2765875351712265
0,55833,GET,2765875351780073
0,43036,PUT,2765875351723271
0,43036,GET,2765875351780062
0,51994,PUT,2765875351700458
0,51994,GET,2765875351780213
0,60945,PUT,2765875351702512
0,60945,GET,2765875351780103
0,56331,PUT,2765875351727110
0,56331,GET,2765875351780243
0,42012,PUT,2765875351706762
0,42012,GET,2765875351780253
0,47636,PUT,2765875351747597
0,47636,GET,2765875351780323
0,62216,PUT,2765875351700909
0,62216,GET,2765875351780393
0,58393,PUT,2765875351723922
0,58393,GET,2765875351780143
0,44575,PUT,2765875351738275
0,44575,GET,2765875351780413
0,65288,PUT,2765875351721156
0,65288,GET,2765875351780373
0,63752,PUT,2765875351711142
0,63752,GET,2765875351780534
0,42525,PUT,2765875351726618
0,42525,GET,2765875351780544
0,44567,PUT,2765875351742946
0,44567,GET,2765875351780534
0,52993,PUT,2765875351733414
0,52993,GET,2765875351780864
0,64277,PUT,2765875351730537
0,64277,GET,2765875351780975
0,46875,PUT,2765875351755235
0,46875,GET,2765875351780914
0,55819,PUT,2765875351719341
0,55819,GET,2765875351780935
0,37151,PUT,2765875351684400
0,37151,GET,2765875351781055
0,56079,PUT,2765875351732853
0,56079,GET,2765875351781155
0,70664,PUT,2765875351761159
0,70664,GET,2765875351781275
0,57862,PUT,2765875351712866
0,57862,GET,2765875351781345
0,66065,PUT,2765875351739017
0,66065,GET,2765875351781376
0,53762,PUT,2765875351703234
0,53762,GET,2765875351781446
0,40733,PUT,2765875351710992
0,40733,GET,2765875351781345
0,43291,PUT,2765875351731059
0,43291,GET,2765875351781446
0,64265,PUT,2765875351715212
0,64265,GET,2765875351781546
0,38148,PUT,2765875351706792
0,38148,GET,2765875351781756
0,59153,PUT,2765875351694905
0,59153,GET,2765875351781827
0,57871,PUT,2765875351740440
0,57871,GET,2765875351781847
0,46621,PUT,2765875351756939
0,46621,GET,2765875351781837
0,58629,PUT,2765875351697260
0,58629,GET,2765875351781877
0,49664,PUT,2765875351728683
0,49664,GET,2765875351782097
0,59662,PUT,2765875351731079
0,59662,GET,2765875351782087
0,47634,PUT,2765875351732081
0,47634,GET,2765875351782187
0,42783,PUT,2765875351722469
0,42783,GET,2765875351782228
0,42524,PUT,2765875351712225
0,42524,GET,2765875351782268
0,41732,PUT,2765875351725867
0,41732,GET,2765875351782268
0,44831,PUT,2765875351739067
0,44831,GET,2765875351782418
0,48914,PUT,2765875351740932
0,48914,GET,2765875351782398
0,65292,PUT,2765875351739679
0,65292,GET,2765875351782308
0,46866,PUT,2765875351723341
0,46866,GET,2765875351782448
0,57614,PUT,2765875351720995
0,57614,GET,2765875351782628
0,65032,PUT,2765875351720394
0,65032,GET,2765875351782719
0,46100,PUT,2765875351739739
0,46100,GET,2765875351782749
0,45595,PUT,2765875351744330
0,45595,GET,2765875351783069
0,54791,PUT,2765875351724594
0,54791,GET,2765875351782979
0,48896,PUT,2765875351723311
0,48896,GET,2765875351783130
0,65036,PUT,2765875351738867
0,65036,GET,2765875351782979
0,51738,PUT,2765875351699656
0,51738,GET,2765875351783230
0,47378,PUT,2765875351728443
0,47378,GET,2765875351783340
0,56839,PUT,2765875351740350
0,56839,GET,2765875351783531
0,41492,PUT,2765875351703936
0,41492,GET,2765875351783561
0,57602,PUT,2765875351730447
0,57602,GET,2765875351783681
0,46616,PUT,2765875351726448
0,46616,GET,2765875351783711
0,59148,PUT,2765875351701590
0,59148,GET,2765875351783851
0,61701,PUT,2765875351724634
0,61701,GET,2765875351783861
0,45056,PUT,2765875351683939
0,45056,GET,2765875351783771
0,58134,PUT,2765875351741022
0,58134,GET,2765875351783982
0,44571,PUT,2765875351737163
0,44571,GET,2765875351783972
0,53786,PUT,2765875351711002
0,53786,GET,2765875351783992
0,61451,PUT,2765875351764657
0,61451,GET,2765875351784032
0,41236,PUT,2765875351701199
0,41236,GET,2765875351784062
0,60688,PUT,2765875351697962
0,60688,GET,2765875351784172
0,62737,PUT,2765875351711664
0,62737,GET,2765875351784262
0,54535,PUT,2765875351723802
0,54535,GET,2765875351784443
0,58114,PUT,2765875351734066
0,58114,GET,2765875351784523
0,63765,PUT,2765875351726067
0,63765,GET,2765875351784523
0,61203,PUT,2765875351739508
0,61203,GET,2765875351784633
0,39191,PUT,2765875351705269
0,39191,GET,2765875351784703
0,54023,PUT,2765875351721246
0,54023,GET,2765875351784633
0,62230,PUT,2765875351767343
0,62230,GET,2765875351784783
0,70920,PUT,2765875351763865
0,70920,GET,2765875351784783
0,62483,PUT,2765875351747326
0,62483,GET,2765875351784703
0,66576,PUT,2765875351736742
0,66576,GET,2765875351784844
0,61702,PUT,2765875351749983
0,61702,GET,2765875351784924
0,58639,PUT,2765875351745602
0,58639,GET,2765875351784924
0,55566,PUT,2765875351707384
0,55566,GET,2765875351784934
0,44301,PUT,2765875351737694
0,44301,GET,2765875351784984
0,58113,PUT,2765875351763173
0,58113,GET,2765875351785134
0,63500,PUT,2765875351729465
0,63500,GET,2765875351785124
0,54286,PUT,2765875351700879
0,54286,GET,2765875351785194
0,56851,PUT,2765875351715182
0,56851,GET,2765875351785285
0,56326,PUT,2765875351701680
0,56326,GET,2765875351785345
0,44308,PUT,2765875351726458
0,44308,GET,2765875351785345
0,48897,PUT,2765875351702733
0,48897,GET,2765875351785465
0,54554,PUT,2765875351719722
0,54554,GET,2765875351785375
0,39967,PUT,2765875351702272
0,39967,GET,2765875351785475
0,45330,PUT,2765875351715693
0,45330,GET,2765875351785585
0,66837,PUT,2765875351758502
0,66837,GET,2765875351785515
0,64272,PUT,2765875351716605
0,64272,GET,2765875351785686
0,55574,PUT,2765875351720344
0,55574,GET,2765875351785726
0,48391,PUT,2765875351674918
0,48391,GET,2765875351785726
0,60689,PUT,2765875351701680
0,60689,GET,2765875351785846
0,44319,PUT,2765875351736381
0,44319,GET,2765875351785846
0,47616,PUT,2765875351713358
0,47616,GET,2765875351785746
0,41229,PUT,2765875351701791
0,41229,GET,2765875351785786
0,62470,PUT,2765875351752398
0,62470,GET,2765875351786026
0,43282,PUT,2765875351704487
0,43282,GET,2765875351786046
0,53782,PUT,2765875351712616
0,53782,GET,2765875351786107
0,43530,PUT,2765875351747677
0,43530,GET,2765875351786066
0,41755,PUT,2765875351719121
0,41755,GET,2765875351786267
0,54550,PUT,2765875351716916
0,54550,GET,2765875351786427
0,41475,PUT,2765875351743237
0,41475,GET,2765875351786437
0,61200,PUT,2765875351702182
0,61200,GET,2765875351786497
0,56578,PUT,2765875351725345
0,56578,GET,2765875351786718
0,66824,PUT,2765875351735750
0,66824,GET,2765875351786538
0,43533,PUT,2765875351727771
0,43533,GET,2765875351786678
0,57102,PUT,2765875351715873
0,57102,GET,2765875351786658
0,39684,PUT,2765875351714811
0,39684,GET,2765875351786598
0,63237,PUT,2765875351743057
0,63237,GET,2765875351786698
0,38660,PUT,2765875351709809
0,38660,GET,2765875351786728
0,35102,PUT,2765875351679469
0,35102,GET,2765875351786768
0,61190,PUT,2765875351742044
0,61190,GET,2765875351786798
0,60684,PUT,2765875351710150
0,60684,GET,2765875351786969
0,64784,PUT,2765875351718259
0,64784,GET,2765875351787099
0,60179,PUT,2765875351734356
0,60179,GET,2765875351787099
0,44036,PUT,2765875351761760
0,44036,GET,2765875351787189
0,49409,PUT,2765875351707354
0,49409,GET,2765875351787369
0,38942,PUT,2765875351720404
0,38942,GET,2765875351787390
0,46364,PUT,2765875351744861
0,46364,GET,2765875351787410
0,51730,PUT,2765875351759374
0,51730,GET,2765875351787349
0,43796,PUT,2765875351723862
0,43796,GET,2765875351787279
0,62990,PUT,2765875351753411
0,62990,GET,2765875351787440
0,65297,PUT,2765875351727951
0,65297,GET,2765875351787560
0,40479,PUT,2765875351703896
0,40479,GET,2765875351787610
0,56089,PUT,2765875351713007
0,56089,GET,2765875351787620
0,55578,PUT,2765875351727500
0,55578,GET,2765875351787670
0,66825,PUT,2765875351740541
0,66825,GET,2765875351787570
0,46108,PUT,2765875351744019
0,46108,GET,2765875351787660
0,68873,PUT,2765875351750895
0,68873,GET,2765875351788031
0,43031,PUT,2765875351732292
0,43031,GET,2765875351788161
0,55303,PUT,2765875351728072
0,55303,GET,2765875351788151
0,62736,PUT,2765875351708977
0,62736,GET,2765875351788312
0,68105,PUT,2765875351745502
0,68105,GET,2765875351788272
0,65813,PUT,2765875351746003
0,65813,GET,2765875351788241
0,53505,PUT,2765875351735068
0,53505,GET,2765875351788332
0,42011,PUT,2765875351722890
0,42011,GET,2765875351788332
0,46349,PUT,2765875351752388
0,46349,GET,2765875351788241
0,51200,PUT,2765875351743337
0,51200,GET,2765875351788622
0,41731,PUT,2765875351744019
0,41731,GET,2765875351788662
0,62742,PUT,2765875351770641
0,62742,GET,2765875351788743
0,44311,PUT,2765875351742084
0,44311,GET,2765875351788813
0,55321,PUT,2765875351710581
0,55321,GET,2765875351788943
0,56591,PUT,2765875351736421
0,56591,GET,2765875351788863
0,41476,PUT,2765875351725055
0,41476,GET,2765875351789093
0,42269,PUT,2765875351725756
0,42269,GET,2765875351789083
0,39451,PUT,2765875351702412
0,39451,GET,2765875351789053
0,49665,PUT,2765875351711724
0,49665,GET,2765875351789234
0,56847,PUT,2765875351737233
0,56847,GET,2765875351789244
0,48384,PUT,2765875351721166
0,48384,GET,2765875351789244
0,39198,PUT,2765875351722178
0,39198,GET,2765875351789394
0,57366,PUT,2765875351735639
0,57366,GET,2765875351789344
0,59406,PUT,2765875351730167
0,59406,GET,2765875351789454
0,65289,PUT,2765875351720414
0,65289,GET,2765875351789625
0,68625,PUT,2765875351752158
0,68625,GET,2765875351789725
0,49179,PUT,2765875351764556
0,49179,GET,2765875351789685
0,58886,PUT,2765875351725105
0,58886,GET,2765875351789805
0,49682,PUT,2765875351745292
0,49682,GET,2765875351789996
0,53784,PUT,2765875351777968
0,53784,GET,2765875351789996
0,63253,PUT,2765875351720644
0,63253,GET,2765875351790096
0,45851,PUT,2765875351747076
0,45851,GET,2765875351790136
0,61964,PUT,2765875351721627
0,61964,GET,2765875351789986
0,47132,PUT,2765875351749291
0,47132,GET,2765875351790056
0,53007,PUT,2765875351717497
0,53007,GET,2765875351790206
0,46872,PUT,2765875351730127
0,46872,GET,2765875351790196
0,53775,PUT,2765875351720935
0,53775,GET,2765875351790236
0,58897,PUT,2765875351694073
0,58897,GET,2765875351790376
0,61447,PUT,2765875351779882
0,61447,GET,2765875351790427
0,58374,PUT,2765875351720634
0,58374,GET,2765875351790457
0,59404,PUT,2765875351705018
0,59404,GET,2765875351790607
0,65808,PUT,2765875351732231
0,65808,GET,2765875351790647
0,63249,PUT,2765875351714991
0,63249,GET,2765875351790707
0,58899,PUT,2765875351726478
0,58899,GET,2765875351790787
0,58626,PUT,2765875351736642
0,58626,GET,2765875351790677
0,39690,PUT,2765875351716034
0,39690,GET,2765875351790797
0,41502,PUT,2765875351741613
0,41502,GET,2765875351790838
0,60432,PUT,2765875351694514
0,60432,GET,2765875351790898
0,54273,PUT,2765875351741212
0,54273,GET,2765875351791028
0,66313,PUT,2765875351736892
0,66313,GET,2765875351791088
0,66069,PUT,2765875351754202
0,66069,GET,2765875351790998
0,49944,PUT,2765875351749522
0,49944,GET,2765875351791168
0,41988,PUT,2765875351728623
0,41988,GET,2765875351791128
0,63241,PUT,2765875351702683
0,63241,GET,2765875351790978
0,56601,PUT,2765875351714500
0,56601,GET,2765875351791228
0,43277,PUT,2765875351726929
0,43277,GET,2765875351791238
0,64012,PUT,2765875351733805
0,64012,GET,2765875351791379
0,36355,PUT,2765875351706311
0,36355,GET,2765875351791299
0,49691,PUT,2765875351767243
0,49691,GET,2765875351791359
0,49183,PUT,2765875351766541
0,49183,GET,2765875351791459
0,57870,PUT,2765875351724524
0,57870,GET,2765875351791449
0,51479,PUT,2765875351772806
0,51479,GET,2765875351791579
0,38431,PUT,2765875351694313
0,38431,GET,2765875351791509
0,51457,PUT,2765875351725817
0,51457,GET,2765875351791790
0,47384,PUT,2765875351735559
0,47384,GET,2765875351791720
0,38154,PUT,2765875351704908
0,38154,GET,2765875351791659
0,40708,PUT,2765875351721627
0,40708,GET,2765875351791830
0,58882,PUT,2765875351737444
0,58882,GET,2765875351791850
0,40727,PUT,2765875351715082
0,40727,GET,2765875351791990
0,48156,PUT,2765875351758402
0,48156,GET,2765875351792040
0,48148,PUT,2765875351749411
0,48148,GET,2765875351791960
0,66320,PUT,2765875351735910
0,66320,GET,2765875351792000
0,47896,PUT,2765875351738045
0,47896,GET,2765875351792090
0,40983,PUT,2765875351717878
0,40983,GET,2765875351792171
0,64787,PUT,2765875351760287
0,64787,GET,2765875351792181
0,48920,PUT,2765875351746234
0,48920,GET,2765875351792221
0,50688,PUT,2765875351738747
0,50688,GET,2765875351792301
0,49153,PUT,2765875351704547
0,49153,GET,2765875351792531
0,43012,PUT,2765875351733755
0,43012,GET,2765875351792562
0,57625,PUT,2765875351721486
0,57625,GET,2765875351792832
0,51713,PUT,2765875351726668
0,51713,GET,2765875351792762
0,33540,PUT,2765875351681674
0,33540,GET,2765875351792752
0,52743,PUT,2765875351708817
0,52743,GET,2765875351792932
0,70928,PUT,2765875351767413
0,70928,GET,2765875351792972
0,44061,PUT,2765875351741062
0,44061,GET,2765875351792882
0,42263,PUT,2765875351724955
0,42263,GET,2765875351793013
0,59673,PUT,2765875351730948
0,59673,GET,2765875351793003
0,56346,PUT,2765875351732071
0,56346,GET,2765875351793333
0,51478,PUT,2765875351691647
0,51478,GET,2765875351792962
0,40458,PUT,2765875351723140
0,40458,GET,2765875351793123
0,64520,PUT,2765875351715092
0,64520,GET,2765875351793213
0,57611,PUT,2765875351735810
0,57611,GET,2765875351793263
0,52737,PUT,2765875351731700
0,52737,GET,2765875351793363
0,66057,PUT,2765875351736080
0,66057,GET,2765875351793273
0,58646,PUT,2765875351742686
0,58646,GET,2765875351793363
0,64273,PUT,2765875351721086
0,64273,GET,2765875351793263
0,67589,PUT,2765875351780052
0,67589,GET,2765875351793393
0,63246,PUT,2765875351754884
0,63246,GET,2765875351793373
0,48415,PUT,2765875351759665
0,48415,GET,2765875351793564
0,57110,PUT,2765875351733925
0,57110,GET,2765875351793674
0,60174,PUT,2765875351732763
0,60174,GET,2765875351793694
0,41994,PUT,2765875351733815
0,41994,GET,2765875351793814
0,56833,PUT,2765875351757109
0,56833,GET,2765875351794125
0,49920,PUT,2765875351730928
0,49920,GET,2765875351793814
0,52495,PUT,2765875351711694
0,52495,GET,2765875351793925
0,60691,PUT,2765875351735920
0,60691,GET,2765875351793925
0,45076,PUT,2765875351734667
0,45076,GET,2765875351793875
0,50452,PUT,2765875351758843
0,50452,GET,2765875351793975
0,65552,PUT,2765875351723451
0,65552,GET,2765875351793945
0,40714,PUT,2765875351724854
0,40714,GET,2765875351794065
0,41751,PUT,2765875351723251
0,41751,GET,2765875351794025
0,58894,PUT,2765875351727651
0,58894,GET,2765875351794225
0,44042,PUT,2765875351752258
0,44042,GET,2765875351794145
0,54042,PUT,2765875351713508
0,54042,GET,2765875351794155
0,59912,PUT,2765875351686605
0,59912,GET,2765875351794336
0,47131,PUT,2765875351756969
0,47131,GET,2765875351794376
0,48640,PUT,2765875351722298
0,48640,GET,2765875351794476
0,55567,PUT,2765875351731199
0,55567,GET,2765875351794516
0,62210,PUT,2765875351762502
0,62210,GET,2765875351794646
0,43287,PUT,2765875351733144
0,43287,GET,2765875351794797
0,41482,PUT,2765875351730177
0,41482,GET,2765875351794727
0,59923,PUT,2765875351733534
0,59923,GET,2765875351794737
0,57607,PUT,2765875351750353
0,57607,GET,2765875351794857
0,57349,PUT,2765875351687758
0,57349,GET,2765875351794797
0,65548,PUT,2765875351744911
0,65548,GET,2765875351794877
0,45340,PUT,2765875351740471
0,45340,GET,2765875351794927
0,57867,PUT,2765875351739127
0,57867,GET,2765875351795027
0,61973,PUT,2765875351712856
0,61973,GET,2765875351795047
0,62741,PUT,2765875351719031
0,62741,GET,2765875351795067
0,51231,PUT,2765875351780904
0,51231,GET,2765875351795097
0,43028,PUT,2765875351718780
0,43028,GET,2765875351795358
0,42781,PUT,2765875351727470
0,42781,GET,2765875351795418
0,64524,PUT,2765875351737163
0,64524,GET,2765875351795609
0,37892,PUT,2765875351706051
0,37892,GET,2765875351795609
0,45853,PUT,2765875351752709
0,45853,GET,2765875351795679
0,64780,PUT,2765875351737995
0,64780,GET,2765875351795659
0,56342,PUT,2765875351728443
0,56342,GET,2765875351795769
0,59394,PUT,2765875351739147
0,59394,GET,2765875351795799
0,45079,PUT,2765875351744640
0,45079,GET,2765875351795879
0,40964,PUT,2765875351722449
0,40964,GET,2765875351795969
0,67345,PUT,2765875351747056
0,67345,GET,2765875351796130
0,58386,PUT,2765875351795328
0,58386,GET,2765875351796360
0,62991,PUT,2765875351770470
0,62991,GET,2765875351796200
0,58383,PUT,2765875351744740
0,58383,GET,2765875351796280
0,46359,PUT,2765875351750654
0,46359,GET,2765875351796190
0,45343,PUT,2765875351741623
0,45343,GET,2765875351796441
0,62988,PUT,2765875351725967
0,62988,GET,2765875351796581
0,43035,PUT,2765875351730207
0,43035,GET,2765875351796761
0,47128,PUT,2765875351732873
0,47128,GET,2765875351796631
0,57615,PUT,2765875351739629
0,57615,GET,2765875351796621
0,41243,PUT,2765875351714550
0,41243,GET,2765875351796681
0,44547,PUT,2765875351762231
0,44547,GET,2765875351796741
0,40707,PUT,2765875351739017
0,40707,GET,2765875351796761
0,67592,PUT,2765875351743838
0,67592,GET,2765875351796892
0,43550,PUT,2765875351756377
0,43550,GET,2765875351796962
0,60428,PUT,2765875351709298
0,60428,GET,2765875351796962
0,67861,PUT,2765875351767303
0,67861,GET,2765875351797122
0,53255,PUT,2765875351715052
0,53255,GET,2765875351797102
0,59919,PUT,2765875351751616
0,59919,GET,2765875351797142
0,43038,PUT,2765875351751977
0,43038,GET,2765875351797262
0,58902,PUT,2765875351745352
0,58902,GET,2765875351797323
0,54274,PUT,2765875351708677
0,54274,GET,2765875351797353
0,61966,PUT,2765875351746655
0,61966,GET,2765875351797272
0,44060,PUT,2765875351726769
0,44060,GET,2765875351797383
0,58905,PUT,2765875351726568
0,58905,GET,2765875351797443
0,61957,PUT,2765875351731680
0,61957,GET,2765875351797523
0,62982,PUT,2765875351754794
0,62982,GET,2765875351797553
0,42015,PUT,2765875351717908
0,42015,GET,2765875351797563
0,58370,PUT,2765875351735830
0,58370,GET,2765875351797453
0,40452,PUT,2765875351720013
0,40452,GET,2765875351797754
0,59659,PUT,2765875351750975
0,59659,GET,2765875351797894
0,61971,PUT,2765875351744771
0,61971,GET,2765875351797814
0,43805,PUT,2765875351740170
0,43805,GET,2765875351797884
0,46107,PUT,2765875351748730
0,46107,GET,2765875351797934
0,65809,PUT,2765875351736221
0,65809,GET,2765875351797824
0,55055,PUT,2765875351726839
0,55055,GET,2765875351798014
0,68624,PUT,2765875351751636
0,68624,GET,2765875351798044
0,50967,PUT,2765875351769418
0,50967,GET,2765875351797904
0,45844,PUT,2765875351737965
0,45844,GET,2765875351798215
0,60933,PUT,2765875351718690
0,60933,GET,2765875351798185
0,43295,PUT,2765875351727099
0,43295,GET,2765875351798265
0,39195,PUT,2765875351700598
0,39195,GET,2765875351798415
0,69640,PUT,2765875351753100
0,69640,GET,2765875351798455
0,60435,PUT,2765875351735188
0,60435,GET,2765875351798465
0,42762,PUT,2765875351742375
0,42762,GET,2765875351798375
0,67593,PUT,2765875351744009
0,67593,GET,2765875351798395
0,62725,PUT,2765875351740531
0,62725,GET,2765875351798606
0,59417,PUT,2765875351730116
0,59417,GET,2765875351798796
0,48664,PUT,2765875351745352
0,48664,GET,2765875351798816
0,65800,PUT,2765875351730407
0,65800,GET,2765875351798856
0,39427,PUT,2765875351727350
0,39427,GET,2765875351798896
0,48411,PUT,2765875351761169
0,48411,GET,2765875351798946
0,65557,PUT,2765875351736571
0,65557,GET,2765875351799047
0,48919,PUT,2765875351758933
0,48919,GET,2765875351799067
0,56587,PUT,2765875351727861
0,56587,GET,2765875351799117
0,44317,PUT,2765875351742806
0,44317,GET,2765875351799127
0,57370,PUT,2765875351744279
0,57370,GET,2765875351799197
0,62489,PUT,2765875351754413
0,62489,GET,2765875351799197
0,53526,PUT,2765875351710802
0,53526,GET,2765875351799167
0,60953,PUT,2765875351739919
0,60953,GET,2765875351799317
0,50433,PUT,2765875351717948
0,50433,GET,2765875351799297
0,59910,PUT,2765875351733043
0,59910,GET,2765875351799427
0,55553,PUT,2765875351751055
0,55553,GET,2765875351799437
0,46876,PUT,2765875351748509
0,46876,GET,2765875351799538
0,51983,PUT,2765875351707384
0,51983,GET,2765875351799608
0,59162,PUT,2765875351761419
0,59162,GET,2765875351799698
0,62214,PUT,2765875351751586
0,62214,GET,2765875351799728
0,61707,PUT,2765875351766461
0,61707,GET,2765875351799778
0,52480,PUT,2765875351753461
0,52480,GET,2765875351799828
0,49432,PUT,2765875351747928
0,49432,GET,2765875351799698
0,65553,PUT,2765875351728783
0,65553,GET,2765875351799999
0,60421,PUT,2765875351715212
0,60421,GET,2765875351799889
0,39966,PUT,2765875351727701
0,39966,GET,2765875351800029
0,63502,PUT,2765875351758332
0,63502,GET,2765875351800059
0,60185,PUT,2765875351733554
0,60185,GET,2765875351800139
0,66569,PUT,2765875351738646
0,66569,GET,2765875351800289
0,45591,PUT,2765875351746264
0,45591,GET,2765875351800350
0,42267,PUT,2765875351723722
0,42267,GET,2765875351800390
0,66833,PUT,2765875351743427
0,66833,GET,2765875351800530
0,47639,PUT,2765875351754854
0,47639,GET,2765875351800450
0,50200,PUT,2765875351755556
0,50200,GET,2765875351800670
0,41757,PUT,2765875351715202
0,41757,GET,2765875351800720
0,46610,PUT,2765875351721466
0,46610,GET,2765875351800650
0,50194,PUT,2765875351747978
0,50194,GET,2765875351800690
0,57619,PUT,2765875351718690
0,57619,GET,2765875351800861
0,36618,PUT,2765875351695596
0,36618,GET,2765875351801001
0,50957,PUT,2765875351783330
0,50957,GET,2765875351800971
0,51986,PUT,2765875351760236
0,51986,GET,2765875351801021
0,61442,PUT,2765875351753761
0,61442,GET,2765875351800871
0,46871,PUT,2765875351752398
0,46871,GET,2765875351801282
0,42270,PUT,2765875351747818
0,42270,GET,2765875351801141
0,58123,PUT,2765875351739979
0,58123,GET,2765875351801212
0,40970,PUT,2765875351727541
0,40970,GET,2765875351801242
0,57090,PUT,2765875351727992
0,57090,GET,2765875351801151
0,40989,PUT,2765875351711834
0,40989,GET,2765875351801322
0,43803,PUT,2765875351733635
0,43803,GET,2765875351801382
0,56334,PUT,2765875351711714
0,56334,GET,2765875351801502
0,57095,PUT,2765875351741182
0,57095,GET,2765875351801442
0,42244,PUT,2765875351730337
0,42244,GET,2765875351801633
0,64021,PUT,2765875351726869
0,64021,GET,2765875351801603
0,52992,PUT,2765875351757530
0,52992,GET,2765875351801703
0,67080,PUT,2765875351740340
0,67080,GET,2765875351801763
0,45341,PUT,2765875351750895
0,45341,GET,2765875351801803
0,70153,PUT,2765875351756869
0,70153,GET,2765875351801783
0,61209,PUT,2765875351740761
0,61209,GET,2765875351801803
0,44813,PUT,2765875351741082
0,44813,GET,2765875351801873
0,49175,PUT,2765875351759795
0,49175,GET,2765875351802074
0,58119,PUT,2765875351752940
0,58119,GET,2765875351802124
0,69397,PUT,2765875351773257
0,69397,GET,2765875351802154
0,69648,PUT,2765875351758593
0,69648,GET,2765875351802364
0,61446,PUT,2765875351743818
0,61446,GET,2765875351802465
0,55834,PUT,2765875351729355
0,55834,GET,2765875351802545
0,50432,PUT,2765875351734266
0,50432,GET,2765875351802565
0,44052,PUT,2765875351725696
0,44052,GET,2765875351802575
0,65541,PUT,2765875351759695
0,65541,GET,2765875351802665
0,44828,PUT,2765875351734998
0,44828,GET,2765875351802825
0,44315,PUT,2765875351736311
0,44315,GET,2765875351802875
0,59911,PUT,2765875351763143
0,59911,GET,2765875351802926
0,58369,PUT,2765875351764015
0,58369,GET,2765875351802886
0,52736,PUT,2765875351754613
0,52736,GET,2765875351803026
0,45074,PUT,2765875351714851
0,45074,GET,2765875351803046
0,42014,PUT,2765875351746996
0,42014,GET,2765875351803196
0,41246,PUT,2765875351739769
0,41246,GET,2765875351803216
0,60431,PUT,2765875351756047
0,60431,GET,2765875351803317
0,54294,PUT,2765875351714270
0,54294,GET,2765875351803397
0,64008,PUT,2765875351711974
0,64008,GET,2765875351803387
0,46109,PUT,2765875351755325
0,46109,GET,2765875351803587
0,57875,PUT,2765875351719482
0,57875,GET,2765875351803487
0,46093,PUT,2765875351749702
0,46093,GET,2765875351803497
0,64014,PUT,2765875351760968
0,64014,GET,2765875351803537
0,56602,PUT,2765875351733534
0,56602,GET,2765875351803597
0,48653,PUT,2765875351770149
0,48653,GET,2765875351803607
0,48408,PUT,2765875351742605
0,48408,GET,2765875351803768
0,62469,PUT,2765875351739669
0,62469,GET,2765875351803737
0,70921,PUT,2765875351760076
0,70921,GET,2765875351803838
0,43523,PUT,2765875351757199
0,43523,GET,2765875351803838
0,62222,PUT,2765875351750033
0,62222,GET,2765875351803988
0,46861,PUT,2765875351757590
0,46861,GET,2765875351803888
0,71952,PUT,2765875351774249
0,71952,GET,2765875351804118
0,60182,PUT,2765875351754343
0,60182,GET,2765875351804128
0,59150,PUT,2765875351729335
0,59150,GET,2765875351804219
0,55298,PUT,2765875351714841
0,55298,GET,2765875351804229
0,67852,PUT,2765875351770290
0,67852,GET,2765875351804309
0,49176,PUT,2765875351747086
0,49176,GET,2765875351804299
0,41219,PUT,2765875351742525
0,41219,GET,2765875351804359
0,66312,PUT,2765875351732131
0,66312,GET,2765875351804329
0,40734,PUT,2765875351737063
0,40734,GET,2765875351804439
0,61454,PUT,2765875351740400
0,61454,GET,2765875351804579
0,71689,PUT,2765875351763494
0,71689,GET,2765875351804660
0,60427,PUT,2765875351758573
0,60427,GET,2765875351804670
0,49436,PUT,2765875351764296
0,49436,GET,2765875351804760
0,68880,PUT,2765875351756137
0,68880,GET,2765875351804790
0,59155,PUT,2765875351729134
0,59155,GET,2765875351804770
0,61977,PUT,2765875351749091
0,61977,GET,2765875351804930
0,50703,PUT,2765875351700788
0,50703,GET,2765875351804960
0,57863,PUT,2765875351751175
0,57863,GET,2765875351804940
0,46363,PUT,2765875351750564
0,46363,GET,2765875351805051
0,40196,PUT,2765875351718249
0,40196,GET,2765875351805221
0,59929,PUT,2765875351732733
0,59929,GET,2765875351805331
0,54529,PUT,2765875351742044
0,54529,GET,2765875351805311
0,61462,PUT,2765875351763043
0,61462,GET,2765875351805341
0,44829,PUT,2765875351744500
0,44829,GET,2765875351805582
0,65043,PUT,2765875351761108
0,65043,GET,2765875351805582
0,45066,PUT,2765875351761008
0,45066,GET,2765875351805712
0,46103,PUT,2765875351748840
0,46103,GET,2765875351805682
0,56583,PUT,2765875351739538
0,56583,GET,2765875351805812
0,46602,PUT,2765875351771352
0,46602,GET,2765875351805872
0,47629,PUT,2765875351762923
0,47629,GET,2765875351805933
0,72457,PUT,2765875351768526
0,72457,GET,2765875351806013
0,69384,PUT,2765875351750404
0,69384,GET,2765875351805903
0,48667,PUT,2765875351763003
0,48667,GET,2765875351806013
0,42506,PUT,2765875351740811
0,42506,GET,2765875351806083
0,61459,PUT,2765875351741343
0,61459,GET,2765875351806003
0,48402,PUT,2765875351736491
0,48402,GET,2765875351806023
0,43018,PUT,2765875351743197
0,43018,GET,2765875351806093
0,69904,PUT,2765875351761369
0,69904,GET,2765875351806143
0,55830,PUT,2765875351721978
0,55830,GET,2765875351806193
0,51218,PUT,2765875351752298
0,51218,GET,2765875351806263
0,69896,PUT,2765875351754854
0,69896,GET,2765875351806313
0,51223,PUT,2765875351771112
0,51223,GET,2765875351806323
0,38174,PUT,2765875351712576
0,38174,GET,2765875351806424
0,56090,PUT,2765875351730247
0,56090,GET,2765875351806654
0,40222,PUT,2765875351732312
0,40222,GET,2765875351806754
0,51969,PUT,2765875351727510
0,51969,GET,2765875351806744
0,47117,PUT,2765875351758432
0,47117,GET,2765875351806795
0,62227,PUT,2765875351745542
0,62227,GET,2765875351806855
0,62745,PUT,2765875351755275
0,62745,GET,2765875351806955
0,42243,PUT,2765875351750223
0,42243,GET,2765875351806955
0,39946,PUT,2765875351718700
0,39946,GET,2765875351806985
0,46356,PUT,2765875351741573
0,46356,GET,2765875351806985
0,57103,PUT,2765875351738045
0,57103,GET,2765875351806945
0,54559,PUT,2765875351801883
0,54559,GET,2765875351806955
0,45086,PUT,2765875351766170
0,45086,GET,2765875351807025
0,43799,PUT,2765875351734807
0,43799,GET,2765875351807105
0,58906,PUT,2765875351755876
0,58906,GET,2765875351807145
0,54017,PUT,2765875351739508
0,54017,GET,2765875351807256
0,65544,PUT,2765875351722940
0,65544,GET,2765875351807466
0,52759,PUT,2765875351776955
0,52759,GET,2765875351807466
0,70665,PUT,2765875351759254
0,70665,GET,2765875351807536
0,58630,PUT,2765875351723351
0,58630,GET,2765875351807526
0,40195,PUT,2765875351737353
0,40195,GET,2765875351807616
0,39683,PUT,2765875351730177
0,39683,GET,2765875351807687
0,69395,PUT,2765875351796811
0,69395,GET,2765875351807637
0,47380,PUT,2765875351746765
0,47380,GET,2765875351807977
0,62731,PUT,2765875351771463
0,62731,GET,2765875351808068
0,61206,PUT,2765875351760317
0,61206,GET,2765875351807907
0,42523,PUT,2765875351726538
0,42523,GET,2765875351807817
0,48157,PUT,2765875351770611
0,48157,GET,2765875351807947
0,48404,PUT,2765875351750243
0,48404,GET,2765875351807917
0,50962,PUT,2765875351750474
0,50962,GET,2765875351807937
0,43780,PUT,2765875351760066
0,43780,GET,2765875351807957
0,67336,PUT,2765875351742124
0,67336,GET,2765875351808509
0,60950,PUT,2765875351759435
0,60950,GET,2765875351808549
0,48128,PUT,2765875351716595
0,48128,GET,2765875351808629
0,55047,PUT,2765875351725416
0,55047,GET,2765875351808689
0,46877,PUT,2765875351758763
0,46877,GET,2765875351808699
0,64537,PUT,2765875351771262
0,64537,GET,2765875351808619
0,66053,PUT,2765875351768015
0,66053,GET,2765875351808970
0,44823,PUT,2765875351743778
0,44823,GET,2765875351808829
0,67349,PUT,2765875351763965
0,67349,GET,2765875351808869
0,62995,PUT,2765875351748960
0,62995,GET,2765875351808779
0,47900,PUT,2765875351757540
0,47900,GET,2765875351808879
0,62734,PUT,2765875351752769
0,62734,GET,2765875351808869
0,38659,PUT,2765875351723952
0,38659,GET,2765875351809030
0,60934,PUT,2765875351741353
0,60934,GET,2765875351809180
0,51456,PUT,2765875351745582
0,51456,GET,2765875351809260
0,61710,PUT,2765875351743077
0,61710,GET,2765875351809340
0,58895,PUT,2765875351746424
0,58895,GET,2765875351809361
0,67089,PUT,2765875351744309
0,67089,GET,2765875351809381
0,44045,PUT,2765875351731229
0,44045,GET,2765875351809441
0,72969,PUT,2765875351771773
0,72969,GET,2765875351809471
0,75528,PUT,2765875351789474
0,75528,GET,2765875351809481
0,44572,PUT,2765875351734116
0,44572,GET,2765875351809521
0,60678,PUT,2765875351740611
0,60678,GET,2765875351809491
0,53266,PUT,2765875351767102
0,53266,GET,2765875351809611
0,47391,PUT,2765875351753330
0,47391,GET,2765875351809631
0,67849,PUT,2765875351744740
0,67849,GET,2765875351809701
0,45588,PUT,2765875351737133
0,45588,GET,2765875351809721
0,52244,PUT,2765875351766351
0,52244,GET,2765875351809741
0,69137,PUT,2765875351757450
0,69137,GET,2765875351809812
0,59138,PUT,2765875351738275
0,59138,GET,2765875351809882
0,66064,PUT,2765875351734948
0,66064,GET,2765875351810042
0,44292,PUT,2765875351765248
0,44292,GET,2765875351810403
0,45083,PUT,2765875351742605
0,45083,GET,2765875351810112
0,63257,PUT,2765875351760698
0,63257,GET,2765875351810243
0,67081,PUT,2765875351742335
0,67081,GET,2765875351810253
0,42526,PUT,2765875351750273
0,42526,GET,2765875351810353
0,64533,PUT,2765875351731399
0,64533,GET,2765875351810373
0,47892,PUT,2765875351748589
0,47892,GET,2765875351810403
0,59157,PUT,2765875351689442
0,59157,GET,2765875351810393
0,71441,PUT,2765875351771853
0,71441,GET,2765875351810443
0,49940,PUT,2765875351757169
0,49940,GET,2765875351810543
0,48668,PUT,2765875351761760
0,48668,GET,2765875351810623
0,47640,PUT,2765875351737233
0,47640,GET,2765875351810593
0,55314,PUT,2765875351780233
0,55314,GET,2765875351810664
0,66309,PUT,2765875351768826
0,66309,GET,2765875351810593
0,63244,PUT,2765875351726719
0,63244,GET,2765875351810664
0,43284,PUT,2765875351721166
0,43284,GET,2765875351810654
0,59158,PUT,2765875351748178
0,59158,GET,2765875351810804
0,61708,PUT,2765875351719883
0,61708,GET,2765875351811014
0,65040,PUT,2765875351721767
0,65040,GET,2765875351811034
0,48924,PUT,2765875351762612
0,48924,GET,2765875351811095
0,43274,PUT,2765875351746835
0,43274,GET,2765875351811095
0,42775,PUT,2765875351728523
0,42775,GET,2765875351811105
0,61967,PUT,2765875351762041
0,61967,GET,2765875351811285
0,45085,PUT,2765875351745342
0,45085,GET,2765875351811325
0,45837,PUT,2765875351746986
0,45837,GET,2765875351811275
0,45852,PUT,2765875351742185
0,45852,GET,2765875351811315
0,37635,PUT,2765875351714280
0,37635,GET,2765875351811355
0,58394,PUT,2765875351754192
0,58394,GET,2765875351811465
0,47373,PUT,2765875351760196
0,47373,GET,2765875351811496
0,65299,PUT,2765875351762883
0,65299,GET,2765875351811546
0,60418,PUT,2765875351746775
0,60418,GET,2765875351811606
0,60686,PUT,2765875351736191
0,60686,GET,2765875351811516
0,74256,PUT,2765875351796030
0,74256,GET,2765875351811566
0,47647,PUT,2765875351754172
0,47647,GET,2765875351811576
0,50712,PUT,2765875351757239
0,50712,GET,2765875351811385
0,66585,PUT,2765875351790457
0,66585,GET,2765875351811656
0,43807,PUT,2765875351731810
0,43807,GET,2765875351811886
0,67605,PUT,2765875351766481
0,67605,GET,2765875351812067
0,60438,PUT,2765875351757951
0,60438,GET,2765875351811937
0,54016,PUT,2765875351767012
0,54016,GET,2765875351811846
0,61196,PUT,2765875351714560
0,61196,GET,2765875351812127
0,73737,PUT,2765875351776113
0,73737,GET,2765875351812107
0,57878,PUT,2765875351738346
0,57878,GET,2765875351812057
0,52500,PUT,2765875351768125
0,52500,GET,2765875351812247
0,59667,PUT,2765875351732702
0,59667,GET,2765875351812297
0,65285,PUT,2765875351757109
0,65285,GET,2765875351812237
0,40451,PUT,2765875351738205
0,40451,GET,2765875351812408
0,45315,PUT,2765875351769177
0,45315,GET,2765875351812337
0,65045,PUT,2765875351733053
0,65045,GET,2765875351812408
0,64267,PUT,2765875351777306
0,64267,GET,2765875351812528
0,65039,PUT,2765875351783290
0,65039,GET,2765875351812528
0,47644,PUT,2765875351754844
0,47644,GET,2765875351812628
0,63507,PUT,2765875351752368
0,63507,GET,2765875351812588
0,45069,PUT,2765875351741844
0,45069,GET,2765875351812849
0,46615,PUT,2765875351751506
0,46615,GET,2765875351812849
0,45087,PUT,2765875351739919
0,45087,GET,2765875351812899
0,44316,PUT,2765875351731309
0,44316,GET,2765875351812949
0,45855,PUT,2765875351743367
0,45855,GET,2765875351813069
0,48927,PUT,2765875351762301
0,48927,GET,2765875351813220
0,68113,PUT,2765875351749522
0,68113,GET,2765875351813260
0,67596,PUT,2765875351763053
0,67596,GET,2765875351813290
0,62981,PUT,2765875351742235
0,62981,GET,2765875351813330
0,47124,PUT,2765875351745933
0,47124,GET,2765875351813420
0,70672,PUT,2765875351765619
0,70672,GET,2765875351813440
0,68881,PUT,2765875351754724
0,68881,GET,2765875351813560
0,51968,PUT,2765875351749040
0,51968,GET,2765875351813560
0,50203,PUT,2765875351770611
0,50203,GET,2765875351813681
0,44557,PUT,2765875351739368
0,44557,GET,2765875351813600
0,59906,PUT,2765875351744119
0,59906,GET,2765875351813691
0,46879,PUT,2765875351749752
0,46879,GET,2765875351813781
0,67845,PUT,2765875351782689
0,67845,GET,2765875351813851
0,64268,PUT,2765875351735559
0,64268,GET,2765875351813891
0,45581,PUT,2765875351746094
0,45581,GET,2765875351813881
0,60162,PUT,2765875351744981
0,60162,GET,2765875351813981
0,43268,PUT,2765875351738255
0,43268,GET,2765875351814132
0,60422,PUT,2765875351735549
0,60422,GET,2765875351814071
0,43789,PUT,2765875351729535
0,43789,GET,2765875351814192
0,45059,PUT,2765875351768315
0,45059,GET,2765875351814202
0,52498,PUT,2765875351762031
0,52498,GET,2765875351814252
0,51229,PUT,2765875351798575
0,51229,GET,2765875351814412
0,67848,PUT,2765875351744670
0,67848,GET,2765875351814492
0,65302,PUT,2765875351786668
0,65302,GET,2765875351814412
0,64278,PUT,2765875351779451
0,64278,GET,2765875351814482
0,69641,PUT,2765875351755345
0,69641,GET,2765875351814593
0,57359,PUT,2765875351738877
0,57359,GET,2765875351814783
0,63251,PUT,2765875351750694
0,63251,GET,2765875351814743
0,63233,PUT,2765875351792020
0,63233,GET,2765875351814923
0,44804,PUT,2765875351774790
0,44804,GET,2765875351814913
0,59151,PUT,2765875351748229
0,59151,GET,2765875351815034
0,47135,PUT,2765875351752478
0,47135,GET,2765875351815074
0,59403,PUT,2765875351746675
0,59403,GET,2765875351814994
0,49688,PUT,2765875351748790
0,49688,GET,2765875351815114
0,61958,PUT,2765875351750764
0,61958,GET,2765875351815114
0,67337,PUT,2765875351743177
0,67337,GET,2765875351815214
0,64523,PUT,2765875351779140
0,64523,GET,2765875351815375
0,54543,PUT,2765875351725165
0,54543,GET,2765875351815375
0,50964,PUT,2765875351761339
0,50964,GET,2765875351815415
0,59147,PUT,2765875351745903
0,59147,GET,2765875351815475
0,59407,PUT,2765875351749071
0,59407,GET,2765875351815495
0,47902,PUT,2765875351795979
0,47902,GET,2765875351815625
0,51480,PUT,2765875351760738
0,51480,GET,2765875351815605
0,75025,PUT,2765875351798856
0,75025,GET,2765875351815846
0,50708,PUT,2765875351760647
0,50708,GET,2765875351815765
0,59670,PUT,2765875351749912
0,59670,GET,2765875351815826
0,59414,PUT,2765875351749071
0,59414,GET,2765875351815775
0,44810,PUT,2765875351759314
0,44810,GET,2765875351816066
0,43786,PUT,2765875351748499
0,43786,GET,2765875351815926
0,50706,PUT,2765875351749642
0,50706,GET,2765875351815986
0,47645,PUT,2765875351767944
0,47645,GET,2765875351815976
0,45339,PUT,2765875351743457
0,45339,GET,2765875351816056
0,64258,PUT,2765875351776183
0,64258,GET,2765875351816066
0,58635,PUT,2765875351741563
0,58635,GET,2765875351816066
0,49428,PUT,2765875351755475
0,49428,GET,2765875351816216
0,51992,PUT,2765875351766280
0,51992,GET,2765875351816287
0,49687,PUT,2765875351762351
0,49687,GET,2765875351816277
0,55559,PUT,2765875351729866
0,55559,GET,2765875351816226
0,69393,PUT,2765875351758272
0,69393,GET,2765875351816287
0,57601,PUT,2765875351761630
0,57601,GET,2765875351816427
0,64007,PUT,2765875351800821
0,64007,GET,2765875351816427
0,57626,PUT,2765875351749842
0,57626,GET,2765875351816467
0,49684,PUT,2765875351756317
0,49684,GET,2765875351816567
0,61199,PUT,2765875351759555
0,61199,GET,2765875351816587
0,52756,PUT,2765875351768947
0,52756,GET,2765875351816718
0,66577,PUT,2765875351740691
0,66577,GET,2765875351816718
0,62739,PUT,2765875351748168
0,62739,GET,2765875351816798
0,47133,PUT,2765875351762512
0,47133,GET,2765875351816808
0,45322,PUT,2765875351761860
0,45322,GET,2765875351816878
0,64531,PUT,2765875351758522
0,64531,GET,2765875351816818
0,63510,PUT,2765875351773076
0,63510,GET,2765875351816988
0,64262,PUT,2765875351763414
0,64262,GET,2765875351817018
0,66067,PUT,2765875351773347
0,66067,GET,2765875351817149
0,73233,PUT,2765875351785395
0,73233,GET,2765875351817209
0,60687,PUT,2765875351756849
0,60687,GET,2765875351817259
0,63494,PUT,2765875351758984
0,63494,GET,2765875351817329
0,58138,PUT,2765875351753340
0,58138,GET,2765875351817389
0,62726,PUT,2765875351754062
0,62726,GET,2765875351817449
0,52248,PUT,2765875351767193
0,52248,GET,2765875351817359
0,67084,PUT,2765875351760457
0,67084,GET,2765875351817540
0,68869,PUT,2765875351791479
0,68869,GET,2765875351817620
0,49947,PUT,2765875351768816
0,49947,GET,2765875351817870
0,64779,PUT,2765875351781787
0,64779,GET,2765875351817981
0,63750,PUT,2765875351760708
0,63750,GET,2765875351817900
0,62229,PUT,2765875351714580
0,62229,GET,2765875351817950
0,64006,PUT,2765875351762512
0,64006,GET,2765875351818071
0,53522,PUT,2765875351767944
0,53522,GET,2765875351818031
0,68361,PUT,2765875351747316
0,68361,GET,2765875351818131
0,62475,PUT,2765875351769859
0,62475,GET,2765875351817991
0,63769,PUT,2765875351768736
0,63769,GET,2765875351818311
0,48663,PUT,2765875351758091
0,48663,GET,2765875351818351
0,68373,PUT,2765875351768967
0,68373,GET,2765875351818462
0,48151,PUT,2765875351756347
0,48151,GET,2765875351818452
0,54528,PUT,2765875351770149
0,54528,GET,2765875351818542
0,50463,PUT,2765875351775472
0,50463,GET,2765875351818492
0,65542,PUT,2765875351772776
0,65542,GET,2765875351818672
0,48152,PUT,2765875351739849
0,48152,GET,2765875351818752
0,55823,PUT,2765875351732031
0,55823,GET,2765875351818883
0,56846,PUT,2765875351713287
0,56846,GET,2765875351818732
0,43547,PUT,2765875351732873
0,43547,GET,2765875351818883
0,51483,PUT,2765875351776524
0,51483,GET,2765875351818973
0,41758,PUT,2765875351744299
0,41758,GET,2765875351818913
0,59930,PUT,2765875351765900
0,59930,GET,2765875351819083
0,63756,PUT,2765875351731209
0,63756,GET,2765875351819073
0,48407,PUT,2765875351757219
0,48407,GET,2765875351819003
0,44035,PUT,2765875351758763
0,44035,GET,2765875351819193
0,62219,PUT,2765875351769027
0,62219,GET,2765875351819274
0,51736,PUT,2765875351764456
0,51736,GET,2765875351819354
0,56843,PUT,2765875351728693
0,56843,GET,2765875351819364
0,57355,PUT,2765875351732211
0,57355,GET,2765875351819304
0,70409,PUT,2765875351757580
0,70409,GET,2765875351819384
0,47383,PUT,2765875351754092
0,47383,GET,2765875351819664
0,56321,PUT,2765875351755365
0,56321,GET,2765875351819674
0,61698,PUT,2765875351757179
0,61698,GET,2765875351819695
0,50968,PUT,2765875351758071
0,50968,GET,2765875351819825
0,61195,PUT,2765875351763785
0,61195,GET,2765875351819855
0,69132,PUT,2765875351779642
0,69132,GET,2765875351819995
0,72976,PUT,2765875351790216
0,72976,GET,2765875351819925
0,72721,PUT,2765875351780924
0,72721,GET,2765875351819935
0,61465,PUT,2765875351745482
0,61465,GET,2765875351820065
0,49172,PUT,2765875351754643
0,49172,GET,2765875351820035
0,61455,PUT,2765875351760377
0,61455,GET,2765875351820116
0,46090,PUT,2765875351764196
0,46090,GET,2765875351820216
0,63758,PUT,2765875351759164
0,63758,GET,2765875351820196
0,58631,PUT,2765875351755465
0,58631,GET,2765875351820216
0,64774,PUT,2765875351765930
0,64774,GET,2765875351820226
0,62478,PUT,2765875351750875
0,62478,GET,2765875351820416
0,64518,PUT,2765875351764236
0,64518,GET,2765875351820346
0,56071,PUT,2765875351732412
0,56071,GET,2765875351820516
0,47885,PUT,2765875351764617
0,47885,GET,2765875351820597
0,71953,PUT,2765875351773197
0,71953,GET,2765875351820607
0,53504,PUT,2765875351763534
0,53504,GET,2765875351820797
0,50719,PUT,2765875351777446
0,50719,GET,2765875351820857
0,47890,PUT,2765875351733865
0,47890,GET,2765875351821018
0,69905,PUT,2765875351765338
0,69905,GET,2765875351821008
0,52507,PUT,2765875351782628
0,52507,GET,2765875351821198
0,64790,PUT,2765875351783029
0,64790,GET,2765875351821158
0,62233,PUT,2765875351752579
0,62233,GET,2765875351821148
0,53010,PUT,2765875351766361
0,53010,GET,2765875351821288
0,66832,PUT,2765875351737574
0,66832,GET,2765875351821178
0,64281,PUT,2765875351770430
0,64281,GET,2765875351821318
0,57089,PUT,2765875351759876
0,57089,GET,2765875351821609
0,51474,PUT,2765875351756688
0,51474,GET,2765875351821479
0,47643,PUT,2765875351758633
0,47643,GET,2765875351821499
0,47899,PUT,2765875351759535
0,47899,GET,2765875351821729
0,67600,PUT,2765875351748369
0,67600,GET,2765875351821719
0,59418,PUT,2765875351762261
0,59418,GET,2765875351821930
0,70929,PUT,2765875351770190
0,70929,GET,2765875351821930
0,62213,PUT,2765875351733384
0,62213,GET,2765875351822080
0,43804,PUT,2765875351725917
0,43804,GET,2765875351821990
0,46858,PUT,2765875351774890
0,46858,GET,2765875351822010
0,48660,PUT,2765875351751085
0,48660,GET,2765875351822220
0,54815,PUT,2765875351805672
0,54815,GET,2765875351822150
0,66579,PUT,2765875351779611
0,66579,GET,2765875351822291
0,58643,PUT,2765875351725616
0,58643,GET,2765875351822301
0,57345,PUT,2765875351760728
0,57345,GET,2765875351822361
0,48923,PUT,2765875351763875
0,48923,GET,2765875351822351
0,50196,PUT,2765875351757991
0,50196,GET,2765875351822461
0,47127,PUT,2765875351753240
0,47127,GET,2765875351822311
0,72456,PUT,2765875351774329
0,72456,GET,2765875351822421
0,65804,PUT,2765875351752709
0,65804,GET,2765875351822481
0,64019,PUT,2765875351754974
0,64019,GET,2765875351822451
0,67856,PUT,2765875351749201
0,67856,GET,2765875351822651
0,46612,PUT,2765875351742315
0,46612,GET,2765875351822681
0,46367,PUT,2765875351747056
0,46367,GET,2765875351822842
0,76305,PUT,2765875351812077
0,76305,GET,2765875351822852
0,67854,PUT,2765875351804349
0,67854,GET,2765875351823002
0,63755,PUT,2765875351774800
0,63755,GET,2765875351823213
0,45599,PUT,2765875351742505
0,45599,GET,2765875351823052
0,51988,PUT,2765875351765499
0,51988,GET,2765875351823383
0,53276,PUT,2765875351788983
0,53276,GET,2765875351823453
0,58650,PUT,2765875351755034
0,58650,GET,2765875351823503
0,57857,PUT,2765875351762401
0,57857,GET,2765875351823584
0,54039,PUT,2765875351785545
0,54039,GET,2765875351823554
0,45335,PUT,2765875351745482
0,45335,GET,2765875351823724
0,45571,PUT,2765875351770861
0,45571,GET,2765875351823874
0,47388,PUT,2765875351750123
0,47388,GET,2765875351824025
0,54804,PUT,2765875351782057
0,54804,GET,2765875351823974
0,65049,PUT,2765875351772966
0,65049,GET,2765875351824125
0,64526,PUT,2765875351762562
0,64526,GET,2765875351824185
0,52754,PUT,2765875351764486
0,52754,GET,2765875351824305
0,40202,PUT,2765875351719532
0,40202,GET,2765875351824155
0,52763,PUT,2765875351783460
0,52763,GET,2765875351824315
0,74261,PUT,2765875351801833
0,74261,GET,2765875351824436
0,49426,PUT,2765875351743508
0,49426,GET,2765875351824486
0,51228,PUT,2765875351776574
0,51228,GET,2765875351824596
0,59411,PUT,2765875351731871
0,59411,GET,2765875351824636
0,59137,PUT,2765875351769538
0,59137,GET,2765875351824666
0,54552,PUT,2765875351781366
0,54552,GET,2765875351824516
0,44548,PUT,2765875351770621
0,44548,GET,2765875351824736
0,60417,PUT,2765875351777456
0,60417,GET,2765875351824847
0,68117,PUT,2765875351768125
0,68117,GET,2765875351824847
0,49677,PUT,2765875351776123
0,49677,GET,2765875351825007
0,68368,PUT,2765875351750865
0,68368,GET,2765875351824997
0,51732,PUT,2765875351764667
0,51732,GET,2765875351825117
0,56064,PUT,2765875351777757
0,56064,GET,2765875351825348
0,61721,PUT,2765875351746324
0,61721,GET,2765875351825308
0,57882,PUT,2765875351751616
0,57882,GET,2765875351825478
0,59663,PUT,2765875351749882
0,59663,GET,2765875351825498
0,65029,PUT,2765875351756227
0,65029,GET,2765875351825618
0,60939,PUT,2765875351761129
0,60939,GET,2765875351825638
0,52224,PUT,2765875351750133
0,52224,GET,2765875351825638
0,74513,PUT,2765875351797162
0,74513,GET,2765875351825859
0,58127,PUT,2765875351743899
0,58127,GET,2765875351825709
0,59915,PUT,2765875351753140
0,59915,GET,2765875351825879
0,47114,PUT,2765875351776625
0,47114,GET,2765875351825979
0,61466,PUT,2765875351779531
0,61466,GET,2765875351825979
0,48146,PUT,2765875351735649
0,48146,GET,2765875351826049
0,72713,PUT,2765875351770220
0,72713,GET,2765875351826059
0,50186,PUT,2765875351795669
0,50186,GET,2765875351826129
0,43011,PUT,2765875351752739
0,43011,GET,2765875351826099
0,50717,PUT,2765875351795148
0,50717,GET,2765875351826129
0,43294,PUT,2765875351752839
0,43294,GET,2765875351826310
0,51220,PUT,2765875351762983
0,51220,GET,2765875351826380
0,55297,PUT,2765875351749281
0,55297,GET,2765875351826530
0,45342,PUT,2765875351767032
0,45342,GET,2765875351826530
0,60161,PUT,2765875351774730
0,60161,GET,2765875351826550
0,50715,PUT,2765875351772304
0,50715,GET,2765875351826540
0,59655,PUT,2765875351761419
0,59655,GET,2765875351826550
0,73481,PUT,2765875351775281
0,73481,GET,2765875351826651
0,71185,PUT,2765875351771011
0,71185,GET,2765875351826470
0,48413,PUT,2765875351771452
0,48413,GET,2765875351826781
0,70152,PUT,2765875351758512
0,70152,GET,2765875351826721
0,69385,PUT,2765875351754483
0,69385,GET,2765875351826991
0,62466,PUT,2765875351765238
0,62466,GET,2765875351826961
0,45316,PUT,2765875351776434
0,45316,GET,2765875351826901
0,66316,PUT,2765875351755465
0,66316,GET,2765875351826901
0,67333,PUT,2765875351779211
0,67333,GET,2765875351826951
0,64261,PUT,2765875351752799
0,64261,GET,2765875351827182
0,59142,PUT,2765875351725997
0,59142,GET,2765875351827212
0,50199,PUT,2765875351766942
0,50199,GET,2765875351827122
0,61978,PUT,2765875351781265
0,61978,GET,2765875351827272
0,64517,PUT,2765875351753621
0,64517,GET,2765875351827272
0,55552,PUT,2765875351774299
0,55552,GET,2765875351827152
0,46596,PUT,2765875351784292
0,46596,GET,2765875351827262
0,54047,PUT,2765875351798365
0,54047,GET,2765875351827362
0,54034,PUT,2765875351770611
0,54034,GET,2765875351827453
0,68616,PUT,2765875351747016
0,68616,GET,2765875351827553
0,62978,PUT,2765875351767884
0,62978,GET,2765875351827553
0,68360,PUT,2765875351746314
0,68360,GET,2765875351827743
0,48155,PUT,2765875351760317
0,48155,GET,2765875351827483
0,51712,PUT,2765875351747928
0,51712,GET,2765875351827783
0,49421,PUT,2765875351774409
0,49421,GET,2765875351827753
0,60167,PUT,2765875351767413
0,60167,GET,2765875351827924
0,65038,PUT,2765875351765018
0,65038,GET,2765875351827853
0,69909,PUT,2765875351776825
0,69909,GET,2765875351827954
0,70161,PUT,2765875351766892
0,70161,GET,2765875351828044
0,55572,PUT,2765875351789214
0,55572,GET,2765875351828024
0,71432,PUT,2765875351765539
0,71432,GET,2765875351828124
0,46619,PUT,2765875351752428
0,46619,GET,2765875351828214
0,69145,PUT,2765875351800700
0,69145,GET,2765875351828144
0,50711,PUT,2765875351768596
0,50711,GET,2765875351828234
0,63490,PUT,2765875351772856
0,63490,GET,2765875351828254
0,59926,PUT,2765875351752719
0,59926,GET,2765875351828264
0,56075,PUT,2765875351726237
0,56075,GET,2765875351828264
0,62721,PUT,2765875351785776
0,62721,GET,2765875351828345
0,49938,PUT,2765875351747136
0,49938,GET,2765875351828425
0,46365,PUT,2765875351756087
0,46365,GET,2765875351828405
0,50456,PUT,2765875351756418
0,50456,GET,2765875351828455
0,55576,PUT,2765875351788522
0,55576,GET,2765875351828525
0,56065,PUT,2765875351754533
0,56065,GET,2765875351828605
0,67603,PUT,2765875351786528
0,67603,GET,2765875351828685
0,55311,PUT,2765875351729325
0,55311,GET,2765875351828685
0,56338,PUT,2765875351783410
0,56338,GET,2765875351828726
0,42782,PUT,2765875351751145
0,42782,GET,2765875351828806
0,59905,PUT,2765875351773888
0,59905,GET,2765875351828866
0,44062,PUT,2765875351758843
0,44062,GET,2765875351828886
0,45084,PUT,2765875351736862
0,45084,GET,2765875351828856
0,68112,PUT,2765875351750053
0,68112,GET,2765875351829337
0,63254,PUT,2765875351772315
0,63254,GET,2765875351829177
0,52247,PUT,2765875351775251
0,52247,GET,2765875351829076
0,69129,PUT,2765875351752679
0,69129,GET,2765875351829187
0,65797,PUT,2765875351767163
0,65797,GET,2765875351829237
0,55041,PUT,2765875351747517
0,55041,GET,2765875351829146
0,72712,PUT,2765875351775943
0,72712,GET,2765875351829487
0,48671,PUT,2765875351761459
0,48671,GET,2765875351829527
0,56577,PUT,2765875351756207
0,56577,GET,2765875351829658
0,45834,PUT,2765875351763434
0,45834,GET,2765875351829738
0,61703,PUT,2765875351782608
0,61703,GET,2765875351829768
0,69128,PUT,2765875351749582
0,69128,GET,2765875351829828
0,71440,PUT,2765875351769939
0,71440,GET,2765875351829818
0,46346,PUT,2765875351768716
0,46346,GET,2765875351829808
0,63763,PUT,2765875351753190
0,63763,GET,2765875351829908
0,50442,PUT,2765875351798275
0,50442,GET,2765875351830139
0,50204,PUT,2765875351768516
0,50204,GET,2765875351830169
0,60698,PUT,2765875351769358
0,60698,GET,2765875351830419
0,61718,PUT,2765875351765739
0,61718,GET,2765875351830470
0,44830,PUT,2765875351765268
0,44830,GET,2765875351830379
0,64002,PUT,2765875351775362
0,64002,GET,2765875351830530
0,64514,PUT,2765875351778790
0,64514,GET,2765875351830610
0,61715,PUT,2765875351742185
0,61715,GET,2765875351830490
0,69653,PUT,2765875351775983
0,69653,GET,2765875351830760
0,76040,PUT,2765875351792942
0,76040,GET,2765875351830750
0,66821,PUT,2765875351773297
0,66821,GET,2765875351830800
0,48159,PUT,2765875351758803
0,48159,GET,2765875351830891
0,49431,PUT,2765875351761519
0,49431,GET,2765875351830881
0,68369,PUT,2765875351751306
0,68369,GET,2765875351830921
0,54303,PUT,2765875351799167
0,54303,GET,2765875351830961
0,66310,PUT,2765875351782187
0,66310,GET,2765875351831001
0,55316,PUT,2765875351786427
0,55316,GET,2765875351831041
0,63001,PUT,2765875351757069
0,63001,GET,2765875351831141
0,48412,PUT,2765875351760908
0,48412,GET,2765875351831211
0,49692,PUT,2765875351766962
0,49692,GET,2765875351831312
0,55058,PUT,2765875351777627
0,55058,GET,2765875351831522
0,65811,PUT,2765875351772485
0,65811,GET,2765875351831692
0,61963,PUT,2765875351768265
0,61963,GET,2765875351831452
0,50445,PUT,2765875351781756
0,50445,GET,2765875351831692
0,65538,PUT,2765875351783942
0,65538,GET,2765875351831733
0,46868,PUT,2765875351744119
0,46868,GET,2765875351831793
0,56320,PUT,2765875351781215
0,56320,GET,2765875351831743
0,51227,PUT,2765875351774700
0,51227,GET,2765875351831813
0,67846,PUT,2765875351797082
0,67846,GET,2765875351831843
0,75536,PUT,2765875351805391
0,75536,GET,2765875351831893
0,61954,PUT,2765875351758031
0,61954,GET,2765875351831893
0,67606,PUT,2765875351811345
0,67606,GET,2765875351832113
0,46340,PUT,2765875351783460
0,46340,GET,2765875351832143
0,62490,PUT,2765875351783901
0,62490,GET,2765875351832194
0,61186,PUT,2765875351751967
0,61186,GET,2765875351832103
0,71696,PUT,2765875351770701
0,71696,GET,2765875351832244
0,67586,PUT,2765875351798525
0,67586,GET,2765875351832234
0,47390,PUT,2765875351789685
0,47390,GET,2765875351832324
0,54279,PUT,2765875351722088
0,54279,GET,2765875351832564
0,49439,PUT,2765875351767393
0,49439,GET,2765875351832554
0,59674,PUT,2765875351763133
0,59674,GET,2765875351832635
0,71688,PUT,2765875351770931
0,71688,GET,2765875351832675
0,63503,PUT,2765875351772174
0,63503,GET,2765875351832705
0,48669,PUT,2765875351773166
0,48669,GET,2765875351832885
0,60683,PUT,2765875351759435
0,60683,GET,2765875351832765
0,49695,PUT,2765875351770981
0,49695,GET,2765875351832655
0,54292,PUT,2765875351777567
0,54292,GET,2765875351832765
0,53524,PUT,2765875351774309
0,53524,GET,2765875351833046
0,64783,PUT,2765875351780644
0,64783,GET,2765875351833096
0,65305,PUT,2765875351774690
0,65305,GET,2765875351833246
0,52504,PUT,2765875351769027
0,52504,GET,2765875351833316
0,54802,PUT,2765875351775803
0,54802,GET,2765875351833316
0,54296,PUT,2765875351780534
0,54296,GET,2765875351833517
0,48132,PUT,2765875351792842
0,48132,GET,2765875351833537
0,70156,PUT,2765875351796280
0,70156,GET,2765875351833597
0,58375,PUT,2765875351753731
0,58375,GET,2765875351833617
0,50450,PUT,2765875351748830
0,50450,GET,2765875351833697
0,68883,PUT,2765875351794225
0,68883,GET,2765875351833707
0,62998,PUT,2765875351771483
0,62998,GET,2765875351833908
0,54040,PUT,2765875351779682
0,54040,GET,2765875351833918
0,58887,PUT,2765875351756287
0,58887,GET,2765875351834088
0,47901,PUT,2765875351769769
0,47901,GET,2765875351833968
0,62223,PUT,2765875351762863
0,62223,GET,2765875351834138
0,44291,PUT,2765875351760447
0,44291,GET,2765875351834188
0,57622,PUT,2765875351737474
0,57622,GET,2765875351834308
0,46110,PUT,2765875351777827
0,46110,GET,2765875351834329
0,43524,PUT,2765875351751757
0,43524,GET,2765875351834198
0,48916,PUT,2765875351753812
0,48916,GET,2765875351834379
0,63749,PUT,2765875351748389
0,63749,GET,2765875351834439
0,54785,PUT,2765875351743929
0,54785,GET,2765875351834529
0,64022,PUT,2765875351774730
0,64022,GET,2765875351834459
0,66318,PUT,2765875351788241
0,66318,GET,2765875351834589
0,64793,PUT,2765875351772124
0,64793,GET,2765875351834830
0,68357,PUT,2765875351786177
0,68357,GET,2765875351834679
0,47370,PUT,2765875351777487
0,47370,GET,2765875351834880
0,62486,PUT,2765875351769127
0,62486,GET,2765875351834910
0,45597,PUT,2765875351751837
0,45597,GET,2765875351835130
0,54300,PUT,2765875351795258
0,54300,GET,2765875351835050
0,65555,PUT,2765875351763725
0,65555,GET,2765875351835070
0,63238,PUT,2765875351758252
0,63238,GET,2765875351835160
0,50436,PUT,2765875351807697
0,50436,GET,2765875351835150
0,56344,PUT,2765875351791018
0,56344,GET,2765875351835231
0,71189,PUT,2765875351784523
0,71189,GET,2765875351835281
0,70408,PUT,2765875351759364
0,70408,GET,2765875351835381
0,52251,PUT,2765875351781827
0,52251,GET,2765875351835391
0,47626,PUT,2765875351779271
0,47626,GET,2765875351835461
0,70160,PUT,2765875351762191
0,70160,GET,2765875351835461
0,60943,PUT,2765875351757751
0,60943,GET,2765875351835461
0,54555,PUT,2765875351793013
0,54555,GET,2765875351835521
0,52760,PUT,2765875351773557
0,52760,GET,2765875351835461
0,73488,PUT,2765875351793594
0,73488,GET,2765875351835652
0,47875,PUT,2765875351788392
0,47875,GET,2765875351835702
0,66835,PUT,2765875351780483
0,66835,GET,2765875351835802
0,55575,PUT,2765875351799427
0,55575,GET,2765875351835832
0,55040,PUT,2765875351772254
0,55040,GET,2765875351836022
0,47895,PUT,2765875351755606
0,47895,GET,2765875351835952
0,55808,PUT,2765875351775382
0,55808,GET,2765875351836243
0,63513,PUT,2765875351766020
0,63513,GET,2765875351836073
0,63770,PUT,2765875351795719
0,63770,GET,2765875351836133
0,53272,PUT,2765875351775291
0,53272,GET,2765875351836133
0,49948,PUT,2765875351767694
0,49948,GET,2765875351836203
0,51224,PUT,2765875351758923
0,51224,GET,2765875351836323
0,61185,PUT,2765875351779922
0,61185,GET,2765875351836413
0,46366,PUT,2765875351778709
0,46366,GET,2765875351836393
0,58390,PUT,2765875351741854
0,58390,GET,2765875351836484
0,66574,PUT,2765875351789093
0,66574,GET,2765875351836574
0,50460,PUT,2765875351770310
0,50460,GET,2765875351836664
0,72201,PUT,2765875351767002
0,72201,GET,2765875351836734
0,70165,PUT,2765875351778318
0,70165,GET,2765875351836754
0,58625,PUT,2765875351764857
0,58625,GET,2765875351836664
0,69649,PUT,2765875351761910
0,69649,GET,2765875351836774
0,53016,PUT,2765875351774429
0,53016,GET,2765875351836925
0,53019,PUT,2765875351784252
0,53019,GET,2765875351836864
0,62234,PUT,2765875351783069
0,62234,GET,2765875351837075
0,54784,PUT,2765875351771172
0,54784,GET,2765875351836864
0,72469,PUT,2765875351790497
0,72469,GET,2765875351837185
0,76552,PUT,2765875351796300
0,76552,GET,2765875351837115
0,57368,PUT,2765875351803778
0,57368,GET,2765875351837185
0,43779,PUT,2765875351758011
0,43779,GET,2765875351837235
0,49435,PUT,2765875351766361
0,49435,GET,2765875351837235
0,66572,PUT,2765875351758813
0,66572,GET,2765875351837406
0,48131,PUT,2765875351789234
0,48131,GET,2765875351837436
0,46595,PUT,2765875351779541
0,46595,GET,2765875351837386
0,70421,PUT,2765875351781125
0,70421,GET,2765875351837616
0,73224,PUT,2765875351779501
0,73224,GET,2765875351837576
0,50207,PUT,2765875351772715
0,50207,GET,2765875351837706
0,54036,PUT,2765875351776715
0,54036,GET,2765875351837706
0,57114,PUT,2765875351739849
0,57114,GET,2765875351837696
0,59143,PUT,2765875351758021
0,59143,GET,2765875351837777
0,74257,PUT,2765875351794436
0,74257,GET,2765875351837857
0,48909,PUT,2765875351772766
0,48909,GET,2765875351837917
0,46852,PUT,2765875351786117
0,46852,GET,2765875351837947
0,67093,PUT,2765875351759364
0,67093,GET,2765875351838037
0,64782,PUT,2765875351764246
0,64782,GET,2765875351838047
0,75017,PUT,2765875351786698
0,75017,GET,2765875351838107
0,72208,PUT,2765875351777837
0,72208,GET,2765875351838137
0,61959,PUT,2765875351787089
0,61959,GET,2765875351838167
0,47882,PUT,2765875351780894
0,47882,GET,2765875351838258
0,68108,PUT,2765875351771132
0,68108,GET,2765875351838338
0,73489,PUT,2765875351786267
0,73489,GET,2765875351838288
0,54807,PUT,2765875351795939
0,54807,GET,2765875351838448
0,66323,PUT,2765875351775071
0,66323,GET,2765875351838388
0,50944,PUT,2765875351741092
0,50944,GET,2765875351838538
0,65294,PUT,2765875351765870
0,65294,GET,2765875351838588
0,75785,PUT,2765875351795899
0,75785,GET,2765875351838649
0,67609,PUT,2765875351793885
0,67609,GET,2765875351838659
0,74769,PUT,2765875351798014
0,74769,GET,2765875351838739
0,69141,PUT,2765875351772435
0,69141,GET,2765875351838719
0,77064,PUT,2765875351798776
0,77064,GET,2765875351838759
0,64275,PUT,2765875351756849
0,64275,GET,2765875351838779
0,49412,PUT,2765875351799718
0,49412,GET,2765875351838829
0,64005,PUT,2765875351750113
0,64005,GET,2765875351838739
0,65806,PUT,2765875351781135
0,65806,GET,2765875351838969
0,64011,PUT,2765875351776484
0,64011,GET,2765875351838889
0,54548,PUT,2765875351779371
0,54548,GET,2765875351839060
0,53275,PUT,2765875351786016
0,53275,GET,2765875351839170
0,71184,PUT,2765875351768245
0,71184,GET,2765875351839120
0,49165,PUT,2765875351773648
0,49165,GET,2765875351839270
0,68885,PUT,2765875351771573
0,68885,GET,2765875351839380
0,53788,PUT,2765875351791569
0,53788,GET,2765875351839400
0,43806,PUT,2765875351757961
0,43806,GET,2765875351839491
0,55809,PUT,2765875351753671
0,55809,GET,2765875351839651
0,56850,PUT,2765875351786748
0,56850,GET,2765875351839711
0,51991,PUT,2765875351774470
0,51991,GET,2765875351839681
0,61191,PUT,2765875351777256
0,61191,GET,2765875351839691
0,54546,PUT,2765875351774961
0,54546,GET,2765875351839811
0,63759,PUT,2765875351772986
0,63759,GET,2765875351839741
0,52242,PUT,2765875351761199
0,52242,GET,2765875351839811
0,53780,PUT,2765875351775953
0,53780,GET,2765875351839821
0,57600,PUT,2765875351790036
0,57600,GET,2765875351840012
0,55067,PUT,2765875351796400
0,55067,GET,2765875351840022
0,58368,PUT,2765875351800089
0,58368,GET,2765875351840082
0,67077,PUT,2765875351776725
0,67077,GET,2765875351840062
0,72725,PUT,2765875351792281
0,72725,GET,2765875351840092
0,68627,PUT,2765875351792471
0,68627,GET,2765875351840242
0,47364,PUT,2765875351787680
0,47364,GET,2765875351840262
0,54295,PUT,2765875351792511
0,54295,GET,2765875351840272
0,66050,PUT,2765875351793564
0,66050,GET,2765875351840363
0,65295,PUT,2765875351784132
0,65295,GET,2765875351840493
0,60423,PUT,2765875351771833
0,60423,GET,2765875351840343
0,64527,PUT,2765875351776905
0,64527,GET,2765875351840443
0,59649,PUT,2765875351773066
0,59649,GET,2765875351840443
0,64015,PUT,2765875351773828
0,64015,GET,2765875351840633
0,63514,PUT,2765875351790236
0,63514,GET,2765875351840653
0,54808,PUT,2765875351782207
0,54808,GET,2765875351840753
0,60674,PUT,2765875351749371
0,60674,GET,2765875351840753
0,69644,PUT,2765875351782228
0,69644,GET,2765875351840914
0,64025,PUT,2765875351769578
0,64025,GET,2765875351841064
0,60929,PUT,2765875351779160
0,60929,GET,2765875351841144
0,49418,PUT,2765875351789595
0,49418,GET,2765875351841194
0,74000,PUT,2765875351795228
0,74000,GET,2765875351841205
0,63746,PUT,2765875351774530
0,63746,GET,2765875351841365
0,69139,PUT,2765875351795047
0,69139,GET,2765875351841375
0,47387,PUT,2765875351757791
0,47387,GET,2765875351841395
0,59393,PUT,2765875351772204
0,59393,GET,2765875351841666
0,66070,PUT,2765875351798545
0,66070,GET,2765875351841535
0,49951,PUT,2765875351771833
0,49951,GET,2765875351841565
0,53012,PUT,2765875351770721
0,53012,GET,2765875351841575
0,69136,PUT,2765875351756949
0,69136,GET,2765875351841525
0,72981,PUT,2765875351793103
0,72981,GET,2765875351841686
0,65030,PUT,2765875351770180
0,65030,GET,2765875351841605
0,65798,PUT,2765875351780594
0,65798,GET,2765875351841796
0,42499,PUT,2765875351751075
0,42499,GET,2765875351841826
0,67598,PUT,2765875351802595
0,67598,GET,2765875351841836
0,75784,PUT,2765875351791248
0,75784,GET,2765875351841976
0,55324,PUT,2765875351805131
0,55324,GET,2765875351842097
0,46084,PUT,2765875351781696
0,46084,GET,2765875351842117
0,52237,PUT,2765875351792171
0,52237,GET,2765875351842167
0,70416,PUT,2765875351763023
0,70416,GET,2765875351842257
0,56600,PUT,2765875351793744
0,56600,GET,2765875351842297
0,63745,PUT,2765875351799057
0,63745,GET,2765875351842207
0,62987,PUT,2765875351772304
0,62987,GET,2765875351842397
0,50461,PUT,2765875351791098
0,50461,GET,2765875351842437
0,53279,PUT,2765875351795769
0,53279,GET,2765875351842508
0,60186,PUT,2765875351767664
0,60186,GET,2765875351842498
0,46605,PUT,2765875351755064
0,46605,GET,2765875351842558
0,74504,PUT,2765875351786137
0,74504,GET,2765875351842578
0,51996,PUT,2765875351781837
0,51996,GET,2765875351842708
0,66818,PUT,2765875351796010
0,66818,GET,2765875351842758
0,49180,PUT,2765875351763444
0,49180,GET,2765875351842728
0,57108,PUT,2765875351802655
0,57108,GET,2765875351842758
0,56858,PUT,2765875351735359
0,56858,GET,2765875351842778
0,55826,PUT,2765875351781797
0,55826,GET,2765875351842798
0,74505,PUT,2765875351783090
0,74505,GET,2765875351842989
0,48650,PUT,2765875351784262
0,48650,GET,2765875351843159
0,79624,PUT,2765875351818151
0,79624,GET,2765875351843179
0,53787,PUT,2765875351787650
0,53787,GET,2765875351843319
0,77320,PUT,2765875351800530
0,77320,GET,2765875351843339
0,51995,PUT,2765875351780083
0,51995,GET,2765875351843299
0,67078,PUT,2765875351794426
0,67078,GET,2765875351843370
0,68876,PUT,2765875351778840
0,68876,GET,2765875351843430
0,45854,PUT,2765875351773307
0,45854,GET,2765875351843610
0,58881,PUT,2765875351765699
0,58881,GET,2765875351843720
0,67083,PUT,2765875351802835
0,67083,GET,2765875351843750
0,76553,PUT,2765875351799207
0,76553,GET,2765875351843921
0,52511,PUT,2765875351789965
0,52511,GET,2765875351844081
0,45572,PUT,2765875351779090
0,45572,GET,2765875351844081
0,68101,PUT,2765875351784423
0,68101,GET,2765875351844211
0,47389,PUT,2765875351764246
0,47389,GET,2765875351844232
0,56333,PUT,2765875351819664
0,56333,GET,2765875351844262
0,67087,PUT,2765875351801863
0,67087,GET,2765875351844272
0,66831,PUT,2765875351800059
0,66831,GET,2765875351844252
0,55570,PUT,2765875351780985
0,55570,GET,2765875351844201
0,70673,PUT,2765875351768516
0,70673,GET,2765875351844382
0,56340,PUT,2765875351795358
0,56340,GET,2765875351844432
0,51485,PUT,2765875351799437
0,51485,GET,2765875351844502
0,50698,PUT,2765875351800049
0,50698,GET,2765875351844432
0,58624,PUT,2765875351802394
0,58624,GET,2765875351844582
0,66841,PUT,2765875351791329
0,66841,GET,2765875351844392
0,52767,PUT,2765875351790667
0,52767,GET,2765875351844663
0,66828,PUT,2765875351759645
0,66828,GET,2765875351844783
0,64001,PUT,2765875351800831
0,64001,GET,2765875351844612
0,68121,PUT,2765875351795599
0,68121,GET,2765875351844863
0,48397,PUT,2765875351766451
0,48397,GET,2765875351845053
0,44318,PUT,2765875351761680
0,44318,GET,2765875351844733
0,72977,PUT,2765875351783601
0,72977,GET,2765875351844923
0,53020,PUT,2765875351787199
0,53020,GET,2765875351845033
0,61202,PUT,2765875351814703
0,61202,GET,2765875351845033
0,74005,PUT,2765875351800981
0,74005,GET,2765875351845043
0,72209,PUT,2765875351775773
0,72209,GET,2765875351845124
0,65550,PUT,2765875351769398
0,65550,GET,2765875351845204
0,71938,PUT,2765875351833978
0,71938,GET,2765875351845364
0,55296,PUT,2765875351773247
0,55296,GET,2765875351845384
0,58642,PUT,2765875351797954
0,58642,GET,2765875351845374
0,53778,PUT,2765875351769789
0,53778,GET,2765875351845484
0,66827,PUT,2765875351800360
0,66827,GET,2765875351845585
0,64770,PUT,2765875351779611
0,64770,GET,2765875351845655
0,52749,PUT,2765875351794797
0,52749,GET,2765875351845755
0,60434,PUT,2765875351806614
0,60434,GET,2765875351845925
0,61953,PUT,2765875351782268
0,61953,GET,2765875351845966
0,60928,PUT,2765875351824646
0,60928,GET,2765875351845976
0,70163,PUT,2765875351800921
0,70163,GET,2765875351846066
0,56856,PUT,2765875351800209
0,56856,GET,2765875351846306
0,73225,PUT,2765875351773517
0,73225,GET,2765875351846326
0,66575,PUT,2765875351799237
0,66575,GET,2765875351846587
0,66054,PUT,2765875351781396
0,66054,GET,2765875351846617
0,75529,PUT,2765875351790827
0,75529,GET,2765875351846657
0,51999,PUT,2765875351784473
0,51999,GET,2765875351846707
0,62727,PUT,2765875351792271
0,62727,GET,2765875351846777
0,53535,PUT,2765875351796631
0,53535,GET,2765875351846858
0,49667,PUT,2765875351801613
0,49667,GET,2765875351846878
0,51725,PUT,2765875351787740
0,51725,GET,2765875351846757
0,71433,PUT,2765875351762662
0,71433,GET,2765875351846808
0,60171,PUT,2765875351754002
0,60171,GET,2765875351846828
0,76053,PUT,2765875351813139
0,76053,GET,2765875351846898
0,68364,PUT,2765875351775442
0,68364,GET,2765875351847239
0,53005,PUT,2765875351795619
0,53005,GET,2765875351847269
0,53528,PUT,2765875351777116
0,53528,GET,2765875351847289
0,63243,PUT,2765875351773136
0,63243,GET,2765875351847188
0,50975,PUT,2765875351780133
0,50975,GET,2765875351847519
0,62735,PUT,2765875351768205
0,62735,GET,2765875351847579
0,58392,PUT,2765875351808017
0,58392,GET,2765875351847730
0,61210,PUT,2765875351775883
0,61210,GET,2765875351847720
0,62738,PUT,2765875351822451
0,62738,GET,2765875351847800
0,48394,PUT,2765875351783450
0,48394,GET,2765875351847810
0,70661,PUT,2765875351802665
0,70661,GET,2765875351847740
0,46851,PUT,2765875351780393
0,46851,GET,2765875351847740
0,69125,PUT,2765875351792261
0,69125,GET,2765875351848020
0,49943,PUT,2765875351766010
0,49943,GET,2765875351848090
0,71176,PUT,2765875351764707
0,71176,GET,2765875351848070
0,76296,PUT,2765875351795599
0,76296,GET,2765875351848030
0,66582,PUT,2765875351803266
0,66582,GET,2765875351848090
0,50716,PUT,2765875351771152
0,50716,GET,2765875351848371
0,64534,PUT,2765875351782197
0,64534,GET,2765875351848441
0,54811,PUT,2765875351794727
0,54811,GET,2765875351848371
0,73736,PUT,2765875351781977
0,73736,GET,2765875351848421
0,71445,PUT,2765875351786347
0,71445,GET,2765875351848441
0,57618,PUT,2765875351789174
0,57618,GET,2765875351848451
0,75285,PUT,2765875351809681
0,75285,GET,2765875351848632
0,65286,PUT,2765875351771021
0,65286,GET,2765875351848582
0,69126,PUT,2765875351805792
0,69126,GET,2765875351848542
0,53015,PUT,2765875351778649
0,53015,GET,2765875351848652
0,49923,PUT,2765875351803387
0,49923,GET,2765875351848802
0,66326,PUT,2765875351802384
0,66326,GET,2765875351848692
0,71945,PUT,2765875351764256
0,71945,GET,2765875351848742
0,54299,PUT,2765875351792171
0,54299,GET,2765875351848722
0,72465,PUT,2765875351778238
0,72465,GET,2765875351848722
0,65547,PUT,2765875351785224
0,65547,GET,2765875351848912
0,74248,PUT,2765875351783591
0,74248,GET,2765875351848942
0,44298,PUT,2765875351755776
0,44298,GET,2765875351848953
0,50189,PUT,2765875351780904
0,50189,GET,2765875351849043
0,56832,PUT,2765875351784413
0,56832,GET,2765875351848973
0,65282,PUT,2765875351782197
0,65282,GET,2765875351849123
0,44554,PUT,2765875351757550
0,44554,GET,2765875351849203
0,58880,PUT,2765875351805652
0,58880,GET,2765875351849253
0,44574,PUT,2765875351763434
0,44574,GET,2765875351849263
0,60442,PUT,2765875351768516
0,60442,GET,2765875351849373
0,46083,PUT,2765875351776163
0,46083,GET,2765875351849644
0,51476,PUT,2765875351763805
0,51476,GET,2765875351849474
0,46623,PUT,2765875351748890
0,46623,GET,2765875351849464
0,62479,PUT,2765875351767373
0,62479,GET,2765875351849584
0,78345,PUT,2765875351806775
0,78345,GET,2765875351849363
0,51213,PUT,2765875351784172
0,51213,GET,2765875351849644
0,55832,PUT,2765875351789284
0,55832,GET,2765875351849644
0,51741,PUT,2765875351802164
0,51741,GET,2765875351849704
0,72968,PUT,2765875351777697
0,72968,GET,2765875351849825
0,66305,PUT,2765875351826761
0,66305,GET,2765875351849895
0,45827,PUT,2765875351774399
0,45827,GET,2765875351849825
0,70411,PUT,2765875351827262
0,70411,GET,2765875351850095
0,65818,PUT,2765875351821669
0,65818,GET,2765875351850165
0,76809,PUT,2765875351800049
0,76809,GET,2765875351850155
0,49437,PUT,2765875351778268
0,49437,GET,2765875351850256
0,60175,PUT,2765875351755265
0,60175,GET,2765875351850015
0,65543,PUT,2765875351814132
0,65543,GET,2765875351850215
0,53783,PUT,2765875351783731
0,53783,GET,2765875351850235
0,50954,PUT,2765875351801803
0,50954,GET,2765875351850336
0,66062,PUT,2765875351782919
0,66062,GET,2765875351850456
0,48387,PUT,2765875351794787
0,48387,GET,2765875351850426
0,73749,PUT,2765875351800149
0,73749,GET,2765875351850486
0,63239,PUT,2765875351797453
0,63239,GET,2765875351850496
0,50972,PUT,2765875351772004
0,50972,GET,2765875351850857
0,51469,PUT,2765875351786908
0,51469,GET,2765875351850687
0,63258,PUT,2765875351788392
0,63258,GET,2765875351850757
0,62215,PUT,2765875351787921
0,62215,GET,2765875351850807
0,68613,PUT,2765875351788903
0,68613,GET,2765875351850957
0,57111,PUT,2765875351807185
0,57111,GET,2765875351851027
0,52234,PUT,2765875351807837
0,52234,GET,2765875351851077
0,53760,PUT,2765875351764597
0,53760,GET,2765875351851118
0,77833,PUT,2765875351805141
0,77833,GET,2765875351851168
0,52509,PUT,2765875351807506
0,52509,GET,2765875351851228
0,64257,PUT,2765875351803497
0,64257,GET,2765875351851318
0,57367,PUT,2765875351808037
0,57367,GET,2765875351851408
0,68889,PUT,2765875351799838
0,68889,GET,2765875351851398
0,71177,PUT,2765875351761840
0,71177,GET,2765875351851418
0,70417,PUT,2765875351767674
0,70417,GET,2765875351851408
0,63234,PUT,2765875351771332
0,63234,GET,2765875351851528
0,63499,PUT,2765875351773948
0,63499,GET,2765875351851619
0,67091,PUT,2765875351783140
0,67091,GET,2765875351851829
0,47620,PUT,2765875351788452
0,47620,GET,2765875351851879
0,71183,PUT,2765875351828816
0,71183,GET,2765875351851889
0,47108,PUT,2765875351786928
0,47108,GET,2765875351852050
0,67340,PUT,2765875351761269
0,67340,GET,2765875351851909
0,64282,PUT,2765875351802966
0,64282,GET,2765875351852040
0,67342,PUT,2765875351794085
0,67342,GET,2765875351852130
0,49924,PUT,2765875351803286
0,49924,GET,2765875351852150
0,70419,PUT,2765875351802605
0,70419,GET,2765875351852110
0,67590,PUT,2765875351796190
0,67590,GET,2765875351852210
0,71436,PUT,2765875351802044
0,71436,GET,2765875351852300
0,56596,PUT,2765875351798104
0,56596,GET,2765875351852421
0,77576,PUT,2765875351801362
0,77576,GET,2765875351852360
0,71697,PUT,2765875351772595
0,71697,GET,2765875351852421
0,66330,PUT,2765875351825318
0,66330,GET,2765875351852350
0,49156,PUT,2765875351797904
0,49156,GET,2765875351852581
0,73745,PUT,2765875351791770
0,73745,GET,2765875351852611
0,61441,PUT,2765875351780644
0,61441,GET,2765875351852832
0,53532,PUT,2765875351789855
0,53532,GET,2765875351852842
0,66319,PUT,2765875351798385
0,66319,GET,2765875351852761
0,47363,PUT,2765875351782107
0,47363,GET,2765875351852731
0,55060,PUT,2765875351782939
0,55060,GET,2765875351853022
0,50701,PUT,2765875351782568
0,50701,GET,2765875351853072
0,76309,PUT,2765875351813971
0,76309,GET,2765875351853162
0,64026,PUT,2765875351796581
0,64026,GET,2765875351853102
0,51466,PUT,2765875351803417
0,51466,GET,2765875351853042
0,60673,PUT,2765875351778298
0,60673,GET,2765875351853202
0,72200,PUT,2765875351773457
0,72200,GET,2765875351853293
0,59922,PUT,2765875351803046
0,59922,GET,2765875351853252
0,71701,PUT,2765875351787169
0,71701,GET,2765875351853363
0,67097,PUT,2765875351792191
0,67097,GET,2765875351853393
0,58898,PUT,2765875351798796
0,58898,GET,2765875351853363
0,50205,PUT,2765875351787440
0,50205,GET,2765875351853583
0,53248,PUT,2765875351761309
0,53248,GET,2765875351853613
0,65046,PUT,2765875351785786
0,65046,GET,2765875351853734
0,55309,PUT,2765875351811937
0,55309,GET,2765875351853944
0,61711,PUT,2765875351761209
0,61711,GET,2765875351853774
0,74761,PUT,2765875351784864
0,74761,GET,2765875351853944
0,72464,PUT,2765875351784914
0,72464,GET,2765875351853954
0,46622,PUT,2765875351779551
0,46622,GET,2765875351853964
0,50455,PUT,2765875351767764
0,50455,GET,2765875351854345
0,54290,PUT,2765875351771372
0,54290,GET,2765875351854325
0,69382,PUT,2765875351807556
0,69382,GET,2765875351854305
0,52255,PUT,2765875351789103
0,52255,GET,2765875351854345
0,72723,PUT,2765875351825187
0,72723,GET,2765875351854545
0,51459,PUT,2765875351820146
0,51459,GET,2765875351854545
0,71174,PUT,2765875351825388
0,71174,GET,2765875351854646
0,48138,PUT,2765875351782608
0,48138,GET,2765875351854586
0,59160,PUT,2765875351811315
0,59160,GET,2765875351854666
0,67353,PUT,2765875351793033
0,67353,GET,2765875351854706
0,71957,PUT,2765875351787991
0,71957,GET,2765875351854836
0,47646,PUT,2765875351792361
0,47646,GET,2765875351854856
0,72450,PUT,2765875351843590
0,72450,GET,2765875351854886
0,70155,PUT,2765875351826440
0,70155,GET,2765875351854856
0,74521,PUT,2765875351830039
0,74521,GET,2765875351854946
0,50206,PUT,2765875351817078
0,50206,GET,2765875351854866
0,73237,PUT,2765875351797523
0,73237,GET,2765875351854906
0,55064,PUT,2765875351782979
0,55064,GET,2765875351854886
0,71944,PUT,2765875351772615
0,71944,GET,2765875351855087
0,48906,PUT,2765875351785084
0,48906,GET,2765875351855207
0,49181,PUT,2765875351774780
0,49181,GET,2765875351855297
0,71941,PUT,2765875351821088
0,71941,GET,2765875351855177
0,75537,PUT,2765875351802244
0,75537,GET,2765875351855277
0,53268,PUT,2765875351771563
0,53268,GET,2765875351855347
0,48925,PUT,2765875351774008
0,48925,GET,2765875351855337
0,63766,PUT,2765875351773908
0,63766,GET,2765875351855488
0,56576,PUT,2765875351783330
0,56576,GET,2765875351855397
0,51981,PUT,2765875351790477
0,51981,GET,2765875351855598
0,47134,PUT,2765875351787841
0,47134,GET,2765875351855518
0,73480,PUT,2765875351781165
0,73480,GET,2765875351855508
0,54044,PUT,2765875351793383
0,54044,GET,2765875351855548
0,68629,PUT,2765875351770751
0,68629,GET,2765875351855658
0,65794,PUT,2765875351792702
0,65794,GET,2765875351855798
0,66566,PUT,2765875351783009
0,66566,GET,2765875351855618
0,76041,PUT,2765875351796721
0,76041,GET,2765875351855828
0,70677,PUT,2765875351781987
0,70677,GET,2765875351855879
0,74001,PUT,2765875351792612
0,74001,GET,2765875351856019
0,45598,PUT,2765875351769658
0,45598,GET,2765875351856129
0,69388,PUT,2765875351781396
0,69388,GET,2765875351856149
0,67098,PUT,2765875351830500
0,67098,GET,2765875351856219
0,57624,PUT,2765875351804620
0,57624,GET,2765875351856280
0,57088,PUT,2765875351785475
0,57088,GET,2765875351856229
0,73744,PUT,2765875351794456
0,73744,GET,2765875351856320
0,71173,PUT,2765875351805211
0,71173,GET,2765875351856450
0,72197,PUT,2765875351822822
0,72197,GET,2765875351856610
0,67347,PUT,2765875351783982
0,67347,GET,2765875351856420
0,69381,PUT,2765875351793073
0,69381,GET,2765875351856560
0,51735,PUT,2765875351773557
0,51735,GET,2765875351856580
0,62722,PUT,2765875351766080
0,62722,GET,2765875351856510
0,65050,PUT,2765875351808318
0,65050,GET,2765875351856680
0,54797,PUT,2765875351809431
0,54797,GET,2765875351856801
0,81168,PUT,2765875351838939
0,81168,GET,2765875351856831
0,69390,PUT,2765875351813129
0,69390,GET,2765875351856851
0,67334,PUT,2765875351795258
0,67334,GET,2765875351856911
0,63247,PUT,2765875351771432
0,63247,GET,2765875351856911
0,49668,PUT,2765875351801512
0,49668,GET,2765875351856991
0,74773,PUT,2765875351803427
0,74773,GET,2765875351856981
0,68866,PUT,2765875351806454
0,68866,GET,2765875351857081
0,44803,PUT,2765875351765940
0,44803,GET,2765875351857342
0,51722,PUT,2765875351806153
0,51722,GET,2765875351857342
0,68633,PUT,2765875351797082
0,68633,GET,2765875351857402
0,49693,PUT,2765875351783921
0,49693,GET,2765875351857192
0,55835,PUT,2765875351804399
0,55835,GET,2765875351857472
0,77840,PUT,2765875351814763
0,77840,GET,2765875351857412
0,52508,PUT,2765875351785485
0,52508,GET,2765875351857522
0,64271,PUT,2765875351776163
0,64271,GET,2765875351857462
0,70681,PUT,2765875351809401
0,70681,GET,2765875351857783
0,64263,PUT,2765875351809010
0,64263,GET,2765875351857863
0,57106,PUT,2765875351787570
0,57106,GET,2765875351857833
0,59412,PUT,2765875351824917
0,59412,GET,2765875351857863
0,65291,PUT,2765875351784373
0,65291,GET,2765875351857803
0,75024,PUT,2765875351803116
0,75024,GET,2765875351857803
0,73993,PUT,2765875351780483
0,73993,GET,2765875351858004
0,51487,PUT,2765875351782749
0,51487,GET,2765875351858014
0,67855,PUT,2765875351808078
0,67855,GET,2765875351857923
0,54272,PUT,2765875351769237
0,54272,GET,2765875351858064
0,55068,PUT,2765875351802444
0,55068,GET,2765875351858134
0,56077,PUT,2765875351818792
0,56077,GET,2765875351858084
0,56589,PUT,2765875351820466
0,56589,GET,2765875351858184
0,66838,PUT,2765875351805111
0,66838,GET,2765875351858084
0,64775,PUT,2765875351810724
0,64775,GET,2765875351858254
0,58644,PUT,2765875351818792
0,58644,GET,2765875351858374
0,56599,PUT,2765875351804710
0,56599,GET,2765875351858384
0,76808,PUT,2765875351797984
0,76808,GET,2765875351858465
0,58648,PUT,2765875351809711
0,58648,GET,2765875351858374
0,58908,PUT,2765875351827874
0,58908,GET,2765875351858555
0,57112,PUT,2765875351801983
0,57112,GET,2765875351858555
0,68102,PUT,2765875351797904
0,68102,GET,2765875351858745
0,50435,PUT,2765875351805061
0,50435,GET,2765875351858765
0,76297,PUT,2765875351797493
0,76297,GET,2765875351858615
0,58388,PUT,2765875351814082
0,58388,GET,2765875351858695
0,67599,PUT,2765875351807266
0,67599,GET,2765875351858926
0,67595,PUT,2765875351807206
0,67595,GET,2765875351858845
0,56084,PUT,2765875351794666
0,56084,GET,2765875351858946
0,69637,PUT,2765875351795669
0,69637,GET,2765875351858976
0,71942,PUT,2765875351830560
0,71942,GET,2765875351859006
0,66571,PUT,2765875351798666
0,66571,GET,2765875351858866
0,58143,PUT,2765875351831622
0,58143,GET,2765875351859116
0,56347,PUT,2765875351807947
0,56347,GET,2765875351859226
0,76561,PUT,2765875351812839
0,76561,GET,2765875351859276
0,56603,PUT,2765875351811405
0,56603,GET,2765875351859367
0,75281,PUT,2765875351801292
0,75281,GET,2765875351859487
0,46339,PUT,2765875351777918
0,46339,GET,2765875351859577
0,51484,PUT,2765875351777446
0,51484,GET,2765875351859507
0,48158,PUT,2765875351798806
0,48158,GET,2765875351859778
0,71429,PUT,2765875351806033
0,71429,GET,2765875351859788
0,53021,PUT,2765875351809270
0,53021,GET,2765875351859868
0,53252,PUT,2765875351823884
0,53252,GET,2765875351859888
0,67859,PUT,2765875351788161
0,67859,GET,2765875351859758
0,61980,PUT,2765875351845244
0,61980,GET,2765875351859788
0,57874,PUT,2765875351791890
0,57874,GET,2765875351860098
0,84489,PUT,2765875351857061
0,84489,GET,2765875351859968
0,68630,PUT,2765875351814863
0,68630,GET,2765875351859858
0,69907,PUT,2765875351800089
0,69907,GET,2765875351860189
0,67086,PUT,2765875351792431
0,67086,GET,2765875351860259
0,68115,PUT,2765875351789835
0,68115,GET,2765875351860349
0,51972,PUT,2765875351816126
0,51972,GET,2765875351860379
0,71948,PUT,2765875351812768
0,71948,GET,2765875351860369
0,71193,PUT,2765875351812768
0,71193,GET,2765875351860409
0,51210,PUT,2765875351802645
0,51210,GET,2765875351860529
0,74764,PUT,2765875351828976
0,74764,GET,2765875351860590
0,67851,PUT,2765875351808037
0,67851,GET,2765875351860700
0,66822,PUT,2765875351784864
0,66822,GET,2765875351860630
0,73487,PUT,2765875351839992
0,73487,GET,2765875351860509
0,46878,PUT,2765875351786969
0,46878,GET,2765875351860720
0,68619,PUT,2765875351817750
0,68619,GET,2765875351860860
0,65558,PUT,2765875351788502
0,65558,GET,2765875351860820
0,74760,PUT,2765875351786948
0,74760,GET,2765875351860800
0,73493,PUT,2765875351799297
0,73493,GET,2765875351861111
0,67074,PUT,2765875351796811
0,67074,GET,2765875351861011
0,79377,PUT,2765875351826681
0,79377,GET,2765875351861211
0,55839,PUT,2765875351812608
0,55839,GET,2765875351861281
0,72972,PUT,2765875351818853
0,72972,GET,2765875351861301
0,77832,PUT,2765875351803186
0,77832,GET,2765875351861351
0,53517,PUT,2765875351801613
0,53517,GET,2765875351861341
0,54551,PUT,2765875351795087
0,54551,GET,2765875351861351
0,51743,PUT,2765875351783611
0,51743,GET,2765875351861482
0,82696,PUT,2765875351844572
0,82696,GET,2765875351861552
0,65561,PUT,2765875351779321
0,65561,GET,2765875351861582
0,47903,PUT,2765875351755997
0,47903,GET,2765875351861632
0,50971,PUT,2765875351773818
0,50971,GET,2765875351861522
0,58135,PUT,2765875351812448
0,58135,GET,2765875351861612
0,49694,PUT,2765875351813440
0,49694,GET,2765875351861772
0,52490,PUT,2765875351809812
0,52490,GET,2765875351861822
0,72965,PUT,2765875351827002
0,72965,GET,2765875351861792
0,65035,PUT,2765875351783561
0,65035,GET,2765875351861812
0,50180,PUT,2765875351805051
0,50180,GET,2765875351861943
0,70151,PUT,2765875351845043
0,70151,GET,2765875351862033
0,59671,PUT,2765875351822772
0,59671,GET,2765875351862133
0,73218,PUT,2765875351847078
0,73218,GET,2765875351862163
0,73232,PUT,2765875351792672
0,73232,GET,2765875351862123
0,65814,PUT,2765875351795819
0,65814,GET,2765875351862203
0,48900,PUT,2765875351797132
0,48900,GET,2765875351862183
0,62983,PUT,2765875351794857
0,62983,GET,2765875351862344
0,56088,PUT,2765875351790166
0,56088,GET,2765875351862324
0,62209,PUT,2765875351783110
0,62209,GET,2765875351862424
0,52503,PUT,2765875351776093
0,52503,GET,2765875351862364
0,54029,PUT,2765875351806083
0,54029,GET,2765875351862424
0,59415,PUT,2765875351821950
0,59415,GET,2765875351862554
0,70412,PUT,2765875351797132
0,70412,GET,2765875351862684
0,66059,PUT,2765875351795117
0,66059,GET,2765875351862724
0,69893,PUT,2765875351796491
0,69893,GET,2765875351862775
0,57364,PUT,2765875351803497
0,57364,GET,2765875351862765
0,69638,PUT,2765875351812097
0,69638,GET,2765875351862845
0,51978,PUT,2765875351806985
0,51978,GET,2765875351863025
0,69391,PUT,2765875351814883
0,69391,GET,2765875351863075
0,68377,PUT,2765875351796330
0,68377,GET,2765875351863045
0,59672,PUT,2765875351821368
0,59672,GET,2765875351863095
0,72454,PUT,2765875351834178
0,72454,GET,2765875351863105
0,78344,PUT,2765875351807637
0,78344,GET,2765875351863115
0,48670,PUT,2765875351804359
0,48670,GET,2765875351863186
0,60178,PUT,2765875351805772
0,60178,GET,2765875351863145
0,57372,PUT,2765875351820025
0,57372,GET,2765875351863216
0,83221,PUT,2765875351855197
0,83221,GET,2765875351863236
0,56604,PUT,2765875351814773
0,56604,GET,2765875351863276
0,66311,PUT,2765875351827312
0,66311,GET,2765875351863336
0,59146,PUT,2765875351856520
0,59146,GET,2765875351863396
0,49930,PUT,2765875351793033
0,49930,GET,2765875351863496
0,48926,PUT,2765875351805221
0,48926,GET,2765875351863677
0,62471,PUT,2765875351791449
0,62471,GET,2765875351863697
0,59392,PUT,2765875351815735
0,59392,GET,2765875351863546
0,65306,PUT,2765875351809200
0,65306,GET,2765875351863667
0,76817,PUT,2765875351813681
0,76817,GET,2765875351863847
0,76304,PUT,2765875351809782
0,76304,GET,2765875351864007
0,68622,PUT,2765875351808799
0,68622,GET,2765875351863947
0,77577,PUT,2765875351804309
0,77577,GET,2765875351864028
0,48899,PUT,2765875351796390
0,48899,GET,2765875351864128
0,60679,PUT,2765875351773728
0,60679,GET,2765875351864148
0,58904,PUT,2765875351810543
0,58904,GET,2765875351864228
0,80648,PUT,2765875351831602
0,80648,GET,2765875351864188
0,70667,PUT,2765875351829026
0,70667,GET,2765875351864278
0,78353,PUT,2765875351822692
0,78353,GET,2765875351864218
0,72211,PUT,2765875351812337
0,72211,GET,2765875351864338
0,63002,PUT,2765875351787530
0,63002,GET,2765875351864358
0,78352,PUT,2765875351817389
0,78352,GET,2765875351864469
0,56095,PUT,2765875351815395
0,56095,GET,2765875351864459
0,70662,PUT,2765875351818251
0,70662,GET,2765875351864729
0,69135,PUT,2765875351813129
0,69135,GET,2765875351864819
0,69634,PUT,2765875351814432
0,69634,GET,2765875351864839
0,51716,PUT,2765875351815304
0,51716,GET,2765875351864890
0,55323,PUT,2765875351798074
0,55323,GET,2765875351864950
0,58140,PUT,2765875351823383
0,58140,GET,2765875351865070
0,55836,PUT,2765875351812237
0,55836,GET,2765875351865250
0,59904,PUT,2765875351819103
0,59904,GET,2765875351865401
0,53533,PUT,2765875351813791
0,53533,GET,2765875351865391
0,57362,PUT,2765875351788352
0,57362,GET,2765875351865571
0,53002,PUT,2765875351814252
0,53002,GET,2765875351865471
0,49674,PUT,2765875351790447
0,49674,GET,2765875351865701
0,48388,PUT,2765875351795528
0,48388,GET,2765875351865762
0,70933,PUT,2765875351782749
0,70933,GET,2765875351865661
0,70149,PUT,2765875351798255
0,70149,GET,2765875351865772
0,55063,PUT,2765875351796811
0,55063,GET,2765875351865902
0,53773,PUT,2765875351802465
0,53773,GET,2765875351865962
0,77584,PUT,2765875351813931
0,77584,GET,2765875351865982
0,59928,PUT,2765875351827453
0,59928,GET,2765875351866042
0,64513,PUT,2765875351804359
0,64513,GET,2765875351865912
0,61184,PUT,2765875351828084
0,61184,GET,2765875351866142
0,52252,PUT,2765875351782689
0,52252,GET,2765875351866243
0,70917,PUT,2765875351804379
0,70917,GET,2765875351866383
0,69398,PUT,2765875351821048
0,69398,GET,2765875351866473
0,69651,PUT,2765875351797553
0,69651,GET,2765875351866543
0,48644,PUT,2765875351796380
0,48644,GET,2765875351866573
0,64538,PUT,2765875351803818
0,64538,GET,2765875351866674
0,62228,PUT,2765875351843971
0,62228,GET,2765875351866624
0,58125,PUT,2765875351831803
0,58125,GET,2765875351866644
0,66055,PUT,2765875351825779
0,66055,GET,2765875351866664
0,64794,PUT,2765875351806524
0,64794,GET,2765875351866664
0,79632,PUT,2765875351831101
0,79632,GET,2765875351866634
0,70406,PUT,2765875351815585
0,70406,GET,2765875351866694
0,73484,PUT,2765875351820537
0,73484,GET,2765875351866814
0,67865,PUT,2765875351794747
0,67865,GET,2765875351867034
0,53531,PUT,2765875351786858
0,53531,GET,2765875351866834
0,70675,PUT,2765875351803457
0,70675,GET,2765875351866814
0,65807,PUT,2765875351793804
0,65807,GET,2765875351866954
0,69902,PUT,2765875351817660
0,69902,GET,2765875351866964
0,55320,PUT,2765875351785836
0,55320,GET,2765875351866984
0,77329,PUT,2765875351815354
0,77329,GET,2765875351867496
0,60183,PUT,2765875351825428
0,60183,GET,2765875351867165
0,70402,PUT,2765875351821569
0,70402,GET,2765875351867385
0,70670,PUT,2765875351820196
0,70670,GET,2765875351867445
0,68620,PUT,2765875351776264
0,68620,GET,2765875351867455
0,50459,PUT,2765875351771473
0,50459,GET,2765875351867516
0,65562,PUT,2765875351810884
0,65562,GET,2765875351867395
0,49949,PUT,2765875351784793
0,49949,GET,2765875351867496
0,69639,PUT,2765875351842518
0,69639,GET,2765875351867586
0,57620,PUT,2765875351807115
0,57620,GET,2765875351867405
0,55583,PUT,2765875351811215
0,55583,GET,2765875351867876
0,60954,PUT,2765875351774049
0,60954,GET,2765875351868067
0,76565,PUT,2765875351817519
0,76565,GET,2765875351867937
0,67330,PUT,2765875351797663
0,67330,GET,2765875351868137
0,74249,PUT,2765875351781305
0,74249,GET,2765875351868237
0,65817,PUT,2765875351787971
0,65817,GET,2765875351868368
0,72203,PUT,2765875351838769
0,72203,GET,2765875351868358
0,74262,PUT,2765875351850125
0,74262,GET,2765875351868307
0,59419,PUT,2765875351829577
0,59419,GET,2765875351868398
0,68870,PUT,2765875351803998
0,68870,GET,2765875351868317
0,81680,PUT,2765875351840653
0,81680,GET,2765875351868398
0,71449,PUT,2765875351817099
0,71449,GET,2765875351868338
0,70169,PUT,2765875351806704
0,70169,GET,2765875351868408
0,66562,PUT,2765875351795148
0,66562,GET,2765875351868518
0,60692,PUT,2765875351830901
0,60692,GET,2765875351868688
0,77321,PUT,2765875351802535
0,77321,GET,2765875351868688
0,51739,PUT,2765875351777266
0,51739,GET,2765875351868909
0,75029,PUT,2765875351805161
0,75029,GET,2765875351868678
0,68366,PUT,2765875351806945
0,68366,GET,2765875351868759
0,68623,PUT,2765875351810523
0,68623,GET,2765875351869099
0,59154,PUT,2765875351799628
0,59154,GET,2765875351869129
0,54285,PUT,2765875351806915
0,54285,GET,2765875351869190
0,70146,PUT,2765875351818051
0,70146,GET,2765875351869159
0,70923,PUT,2765875351829858
0,70923,GET,2765875351869280
0,48414,PUT,2765875351801582
0,48414,GET,2765875351869280
0,51740,PUT,2765875351780052
0,51740,GET,2765875351869360
0,58130,PUT,2765875351793524
0,58130,GET,2765875351869360
0,70668,PUT,2765875351799628
0,70668,GET,2765875351869641
0,55319,PUT,2765875351797633
0,55319,GET,2765875351869661
0,68614,PUT,2765875351802354
0,68614,GET,2765875351869641
0,80904,PUT,2765875351833386
0,80904,GET,2765875351869911
0,56330,PUT,2765875351836764
0,56330,GET,2765875351870052
0,61975,PUT,2765875351836874
0,61975,GET,2765875351869961
0,63762,PUT,2765875351829437
0,63762,GET,2765875351869951
0,56343,PUT,2765875351803868
0,56343,GET,2765875351870162
0,77077,PUT,2765875351819203
0,77077,GET,2765875351870142
0,74768,PUT,2765875351802294
0,74768,GET,2765875351870192
0,68118,PUT,2765875351813220
0,68118,GET,2765875351870252
0,51204,PUT,2765875351812799
0,51204,GET,2765875351870272
0,77845,PUT,2765875351821589
0,77845,GET,2765875351870232
0,58655,PUT,2765875351836734
0,58655,GET,2765875351870352
0,68374,PUT,2765875351814061
0,68374,GET,2765875351870332
0,72709,PUT,2765875351824446
0,72709,GET,2765875351870533
0,75272,PUT,2765875351788642
0,75272,GET,2765875351870462
0,78856,PUT,2765875351810172
0,78856,GET,2765875351870763
0,64769,PUT,2765875351805211
0,64769,GET,2765875351870753
0,56855,PUT,2765875351805562
0,56855,GET,2765875351870843
0,70914,PUT,2765875351823213
0,70914,GET,2765875351871054
0,53508,PUT,2765875351824716
0,53508,GET,2765875351870964
0,60935,PUT,2765875351776424
0,60935,GET,2765875351871134
0,73742,PUT,2765875351838047
0,73742,GET,2765875351871084
0,54045,PUT,2765875351818231
0,54045,GET,2765875351871174
0,50691,PUT,2765875351807787
0,50691,GET,2765875351871214
0,78096,PUT,2765875351815665
0,78096,GET,2765875351871334
0,57627,PUT,2765875351822050
0,57627,GET,2765875351871385
0,73989,PUT,2765875351833988
0,73989,GET,2765875351871455
0,77065,PUT,2765875351800851
0,77065,GET,2765875351871455
0,82704,PUT,2765875351850566
0,82704,GET,2765875351871715
0,68098,PUT,2765875351803878
0,68098,GET,2765875351871796
0,49162,PUT,2765875351787821
0,49162,GET,2765875351871755
0,55580,PUT,2765875351808789
0,55580,GET,2765875351871846
0,66074,PUT,2765875351824446
0,66074,GET,2765875351871826
0,70414,PUT,2765875351819364
0,70414,GET,2765875351871866
0,58132,PUT,2765875351813280
0,58132,GET,2765875351871986
0,49950,PUT,2765875351815284
0,49950,GET,2765875351871936
0,65799,PUT,2765875351824055
0,65799,GET,2765875351872056
0,55306,PUT,2765875351832625
0,55306,GET,2765875351871906
0,77585,PUT,2765875351818903
0,77585,GET,2765875351872076
0,78097,PUT,2765875351821268
0,78097,GET,2765875351872026
0,73733,PUT,2765875351833146
0,73733,GET,2765875351872337
0,72715,PUT,2765875351848882
0,72715,GET,2765875351872427
0,57119,PUT,2765875351821399
0,57119,GET,2765875351872347
0,59163,PUT,2765875351828736
0,59163,GET,2765875351872407
0,72720,PUT,2765875351788462
0,72720,GET,2765875351872658
0,69647,PUT,2765875351819384
0,69647,GET,2765875351872708
0,57357,PUT,2765875351824686
0,57357,GET,2765875351872748
0,72985,PUT,2765875351823112
0,72985,GET,2765875351872818
0,71705,PUT,2765875351817950
0,71705,GET,2765875351872858
0,66063,PUT,2765875351794666
0,66063,GET,2765875351873008
0,74252,PUT,2765875351825618
0,74252,GET,2765875351873339
0,52740,PUT,2765875351820526
0,52740,GET,2765875351873058
0,65287,PUT,2765875351813300
0,65287,GET,2765875351873289
0,71180,PUT,2765875351801272
0,71180,GET,2765875351873329
0,48643,PUT,2765875351795558
0,48643,GET,2765875351873329
0,55327,PUT,2765875351808398
0,55327,GET,2765875351873429
0,79625,PUT,2765875351830640
0,79625,GET,2765875351873469
0,60946,PUT,2765875351812919
0,60946,GET,2765875351873540
0,57375,PUT,2765875351823203
0,57375,GET,2765875351873580
0,55579,PUT,2765875351800761
0,55579,GET,2765875351873570
0,58112,PUT,2765875351798996
0,58112,GET,2765875351873720
0,54026,PUT,2765875351820216
0,54026,GET,2765875351873770
0,68890,PUT,2765875351848421
0,68890,GET,2765875351873870
0,52739,PUT,2765875351825137
0,52739,GET,2765875351873800
0,70671,PUT,2765875351826330
0,70671,GET,2765875351873920
0,60180,PUT,2765875351827282
0,60180,GET,2765875351874031
0,51997,PUT,2765875351803026
0,51997,GET,2765875351874251
0,53023,PUT,2765875351794005
0,53023,GET,2765875351874071
0,54794,PUT,2765875351829998
0,54794,GET,2765875351874281
0,48141,PUT,2765875351765619
0,48141,GET,2765875351874402
0,55565,PUT,2765875351814533
0,55565,GET,2765875351874422
0,72966,PUT,2765875351835822
0,72966,GET,2765875351874442
0,79112,PUT,2765875351811927
0,79112,GET,2765875351874622
0,70405,PUT,2765875351800921
0,70405,GET,2765875351874542
0,70425,PUT,2765875351808549
0,70425,GET,2765875351874622
0,67094,PUT,2765875351807847
0,67094,GET,2765875351874662
0,50948,PUT,2765875351810343
0,50948,GET,2765875351874682
0,70150,PUT,2765875351814723
0,70150,GET,2765875351874682
0,66565,PUT,2765875351770641
0,66565,GET,2765875351874732
0,60443,PUT,2765875351840102
0,60443,GET,2765875351874833
0,76821,PUT,2765875351818381
0,76821,GET,2765875351874732
0,53527,PUT,2765875351782979
0,53527,GET,2765875351874913
0,55821,PUT,2765875351816317
0,55821,GET,2765875351874993
0,78600,PUT,2765875351808398
0,78600,GET,2765875351875023
0,73235,PUT,2765875351829678
0,73235,GET,2765875351875083
0,56852,PUT,2765875351799919
0,56852,GET,2765875351875203
0,60951,PUT,2765875351829928
0,60951,GET,2765875351875234
0,56092,PUT,2765875351813069
0,56092,GET,2765875351875344
0,60695,PUT,2765875351829096
0,60695,GET,2765875351875374
0,60173,PUT,2765875351845895
0,60173,GET,2765875351875524
0,69890,PUT,2765875351817159
0,69890,GET,2765875351875584
0,71950,PUT,2765875351828866
0,71950,GET,2765875351875604
0,81424,PUT,2765875351839791
0,81424,GET,2765875351875584
0,73497,PUT,2765875351824716
0,73497,GET,2765875351875695
0,47619,PUT,2765875351783811
0,47619,GET,2765875351875905
0,52493,PUT,2765875351793955
0,52493,GET,2765875351876005
0,47876,PUT,2765875351789234
0,47876,GET,2765875351875985
0,68354,PUT,2765875351804750
0,68354,GET,2765875351876086
0,56082,PUT,2765875351782638
0,56082,GET,2765875351876106
0,61463,PUT,2765875351833537
0,61463,GET,2765875351876176
0,64530,PUT,2765875351834770
0,64530,GET,2765875351876336
0,69122,PUT,2765875351808318
0,69122,GET,2765875351876316
0,72194,PUT,2765875351839210
0,72194,GET,2765875351876376
0,55581,PUT,2765875351829527
0,55581,GET,2765875351876506
0,61722,PUT,2765875351780423
0,61722,GET,2765875351876547
0,70422,PUT,2765875351828284
0,70422,GET,2765875351876607
0,56350,PUT,2765875351856159
0,56350,GET,2765875351876827
0,57887,PUT,2765875351827944
0,57887,GET,2765875351876887
0,52764,PUT,2765875351786357
0,52764,GET,2765875351876937
0,59931,PUT,2765875351833076
0,59931,GET,2765875351877028
0,73992,PUT,2765875351782749
0,73992,GET,2765875351877048
0,59924,PUT,2765875351826450
0,59924,GET,2765875351877158
0,73230,PUT,2765875351834579
0,73230,GET,2765875351877168
0,65031,PUT,2765875351811586
0,65031,GET,2765875351877188
0,58391,PUT,2765875351814272
0,58391,GET,2765875351877318
0,57631,PUT,2765875351824065
0,57631,GET,2765875351877208
0,71961,PUT,2765875351818802
0,71961,GET,2765875351877318
0,62994,PUT,2765875351823293
0,62994,GET,2765875351877358
0,60955,PUT,2765875351841846
0,60955,GET,2765875351877559
0,51971,PUT,2765875351822661
0,51971,GET,2765875351877569
0,68634,PUT,2765875351839290
0,68634,GET,2765875351877679
0,74003,PUT,2765875351836032
0,74003,GET,2765875351877769
0,68097,PUT,2765875351842778
0,68097,GET,2765875351877789
0,58903,PUT,2765875351817790
0,58903,GET,2765875351877860
0,60696,PUT,2765875351831853
0,60696,GET,2765875351877830
0,59420,PUT,2765875351830399
0,59420,GET,2765875351877950
0,80144,PUT,2765875351832765
0,80144,GET,2765875351877950
0,50179,PUT,2765875351804259
0,50179,GET,2765875351878020
0,67862,PUT,2765875351812267
0,67862,GET,2765875351878160
0,53251,PUT,2765875351831231
0,53251,GET,2765875351878160
0,53791,PUT,2765875351797483
0,53791,GET,2765875351878241
0,65026,PUT,2765875351780463
0,65026,GET,2765875351878301
0,68122,PUT,2765875351835772
0,68122,GET,2765875351878271
0,56863,PUT,2765875351820476
0,56863,GET,2765875351878391
0,64786,PUT,2765875351835521
0,64786,GET,2765875351878611
0,64788,PUT,2765875351865641
0,64788,GET,2765875351878641
0,59410,PUT,2765875351800460
0,59410,GET,2765875351878682
0,53764,PUT,2765875351825588
0,53764,GET,2765875351878792
0,43267,PUT,2765875351755385
0,43267,GET,2765875351878862
0,60690,PUT,2765875351808378
0,60690,GET,2765875351878942
0,77072,PUT,2765875351812277
0,77072,GET,2765875351878902
0,67350,PUT,2765875351810483
0,67350,GET,2765875351879002
0,81672,PUT,2765875351836844
0,81672,GET,2765875351879082
0,65025,PUT,2765875351809721
0,65025,GET,2765875351879193
0,56351,PUT,2765875351816196
0,56351,GET,2765875351879143
0,78355,PUT,2765875351864829
0,78355,GET,2765875351879363
0,70924,PUT,2765875351800470
0,70924,GET,2765875351879393
0,73494,PUT,2765875351844873
0,73494,GET,2765875351879524
0,50947,PUT,2765875351810383
0,50947,GET,2765875351879554
0,68878,PUT,2765875351810593
0,68878,GET,2765875351879463
0,71438,PUT,2765875351823704
0,71438,GET,2765875351879624
0,45578,PUT,2765875351762682
0,45578,GET,2765875351879684
0,65042,PUT,2765875351836333
0,65042,GET,2765875351879754
0,59164,PUT,2765875351829577
0,59164,GET,2765875351879754
0,60439,PUT,2765875351826280
0,60439,GET,2765875351879764
0,69387,PUT,2765875351823062
0,69387,GET,2765875351879634
0,74512,PUT,2765875351800590
0,74512,GET,2765875351879965
0,71685,PUT,2765875351808679
0,71685,GET,2765875351880035
0,59648,PUT,2765875351816798
0,59648,GET,2765875351880085
0,53261,PUT,2765875351796441
0,53261,GET,2765875351880085
0,54020,PUT,2765875351829938
0,54020,GET,2765875351880235
0,76049,PUT,2765875351811225
0,76049,GET,2765875351880345
0,78089,PUT,2765875351805953
0,78089,GET,2765875351880386
0,72217,PUT,2765875351819644
0,72217,GET,2765875351880355
0,75532,PUT,2765875351834308
0,75532,GET,2765875351880476
0,78357,PUT,2765875351824987
0,78357,GET,2765875351880466
0,74754,PUT,2765875351856550
0,74754,GET,2765875351880606
0,66830,PUT,2765875351789855
0,66830,GET,2765875351880666
0,56091,PUT,2765875351806183
0,56091,GET,2765875351880626
0,75792,PUT,2765875351808108
0,75792,GET,2765875351880716
0,62221,PUT,2765875351869500
0,62221,GET,2765875351880696
0,55053,PUT,2765875351810243
0,55053,GET,2765875351880636
0,54019,PUT,2765875351835341
0,54019,GET,2765875351880716
0,62740,PUT,2765875351854556
0,62740,GET,2765875351880967
0,78857,PUT,2765875351822501
0,78857,GET,2765875351880937
0,75020,PUT,2765875351829798
0,75020,GET,2765875351880917
0,57092,PUT,2765875351855217
0,57092,GET,2765875351881077
0,83209,PUT,2765875351849293
0,83209,GET,2765875351881157
0,57856,PUT,2765875351792040
0,57856,GET,2765875351881298
0,70931,PUT,2765875351804289
0,70931,GET,2765875351881217
0,69134,PUT,2765875351812337
0,69134,GET,2765875351881197
0,67866,PUT,2765875351834990
0,67866,GET,2765875351881358
0,66329,PUT,2765875351789625
0,66329,GET,2765875351881468
0,61212,PUT,2765875351839881
0,61212,GET,2765875351881538
0,57115,PUT,2765875351814082
0,57115,GET,2765875351881528
0,52253,PUT,2765875351803798
0,52253,GET,2765875351881759
0,63252,PUT,2765875351857242
0,63252,GET,2765875351881769
0,66823,PUT,2765875351829998
0,66823,GET,2765875351881689
0,80905,PUT,2765875351834699
0,80905,GET,2765875351881869
0,72467,PUT,2765875351814132
0,72467,GET,2765875351882150
0,62977,PUT,2765875351788522
0,62977,GET,2765875351882160
0,59167,PUT,2765875351841194
0,59167,GET,2765875351882320
0,79113,PUT,2765875351826220
0,79113,GET,2765875351882370
0,59136,PUT,2765875351811496
0,59136,GET,2765875351882470
0,73221,PUT,2765875351830600
0,73221,GET,2765875351882440
0,75280,PUT,2765875351804650
0,75280,GET,2765875351882460
0,61716,PUT,2765875351842297
0,61716,GET,2765875351882390
0,69899,PUT,2765875351825598
0,69899,GET,2765875351882731
0,60184,PUT,2765875351828274
0,60184,GET,2765875351882761
0,71686,PUT,2765875351828826
0,71686,GET,2765875351882771
0,61208,PUT,2765875351839210
0,61208,GET,2765875351882921
0,57371,PUT,2765875351816617
0,57371,GET,2765875351882982
0,75783,PUT,2765875351875213
0,75783,GET,2765875351882911
0,52995,PUT,2765875351829537
0,52995,GET,2765875351883092
0,72204,PUT,2765875351813600
0,72204,GET,2765875351883082
0,83984,PUT,2765875351862765
0,83984,GET,2765875351883102
0,69903,PUT,2765875351821068
0,69903,GET,2765875351883092
0,76051,PUT,2765875351848381
0,76051,GET,2765875351883072
0,50718,PUT,2765875351820687
0,50718,GET,2765875351883202
0,57876,PUT,2765875351809721
0,57876,GET,2765875351883302
0,63495,PUT,2765875351798285
0,63495,GET,2765875351883232
0,73231,PUT,2765875351837295
0,73231,GET,2765875351883302
0,57880,PUT,2765875351805482
0,57880,GET,2765875351883423
0,54812,PUT,2765875351799798
0,54812,GET,2765875351883322
0,52228,PUT,2765875351816958
0,52228,GET,2765875351883683
0,62236,PUT,2765875351846066
0,62236,GET,2765875351883703
0,65551,PUT,2765875351784964
0,65551,GET,2765875351883733
0,71187,PUT,2765875351805061
0,71187,GET,2765875351883733
0,73241,PUT,2765875351823864
0,73241,GET,2765875351883864
0,71695,PUT,2765875351831492
0,71695,GET,2765875351883934
0,83465,PUT,2765875351850145
0,83465,GET,2765875351884024
0,51203,PUT,2765875351816597
0,51203,GET,2765875351884094
0,79368,PUT,2765875351817289
0,79368,GET,2765875351884034
0,78613,PUT,2765875351829287
0,78613,GET,2765875351884054
0,71435,PUT,2765875351835170
0,71435,GET,2765875351883934
0,75793,PUT,2765875351806684
0,75793,GET,2765875351884184
0,82709,PUT,2765875351851609
0,82709,GET,2765875351884244
0,62746,PUT,2765875351785686
0,62746,GET,2765875351884244
0,54556,PUT,2765875351798926
0,54556,GET,2765875351884084
0,61204,PUT,2765875351838087
0,61204,GET,2765875351884265
0,68875,PUT,2765875351819504
0,68875,GET,2765875351884736
0,52996,PUT,2765875351823153
0,52996,GET,2765875351884806
0,57879,PUT,2765875351809661
0,57879,GET,2765875351884856
0,72463,PUT,2765875351833877
0,72463,GET,2765875351884806
0,74777,PUT,2765875351831733
0,74777,GET,2765875351885066
0,62720,PUT,2765875351847279
0,62720,GET,2765875351884956
0,52483,PUT,2765875351824305
0,52483,GET,2765875351884976
0,72198,PUT,2765875351832374
0,72198,GET,2765875351884976
0,68103,PUT,2765875351836634
0,68103,GET,2765875351885006
0,71951,PUT,2765875351832314
0,71951,GET,2765875351884896
0,78608,PUT,2765875351818201
0,78608,GET,2765875351885026
0,56087,PUT,2765875351802074
0,56087,GET,2765875351885457
0,66322,PUT,2765875351848040
0,66322,GET,2765875351885537
0,44573,PUT,2765875351743648
0,44573,GET,2765875351885447
0,58647,PUT,2765875351816036
0,58647,GET,2765875351885668
0,51460,PUT,2765875351813661
0,51460,GET,2765875351885728
0,54301,PUT,2765875351820787
0,54301,GET,2765875351885888
0,58637,PUT,2765875351834449
0,58637,GET,2765875351885798
0,66561,PUT,2765875351828625
0,66561,GET,2765875351885808
0,73743,PUT,2765875351840743
0,73743,GET,2765875351885818
0,61952,PUT,2765875351838278
0,61952,GET,2765875351885858
0,72962,PUT,2765875351846246
0,72962,GET,2765875351885888
0,82440,PUT,2765875351841144
0,82440,GET,2765875351885948
0,68363,PUT,2765875351815054
0,68363,GET,2765875351885908
0,56860,PUT,2765875351815605
0,56860,GET,2765875351885938
0,58399,PUT,2765875351835862
0,58399,GET,2765875351885958
0,64773,PUT,2765875351755375
0,64773,GET,2765875351886049
0,60160,PUT,2765875351820226
0,60160,GET,2765875351886239
0,59156,PUT,2765875351823183
0,59156,GET,2765875351886219
0,45828,PUT,2765875351780864
0,45828,GET,2765875351886369
0,80392,PUT,2765875351830760
0,80392,GET,2765875351886229
0,61458,PUT,2765875351817289
0,61458,GET,2765875351886490
0,61714,PUT,2765875351818181
0,61714,GET,2765875351886650
0,55556,PUT,2765875351847439
0,55556,GET,2765875351886710
0,63489,PUT,2765875351795498
0,63489,GET,2765875351886640
0,68378,PUT,2765875351837506
0,68378,GET,2765875351886680
0,62482,PUT,2765875351821609
0,62482,GET,2765875351886510
0,85001,PUT,2765875351860439
0,85001,GET,2765875351886760
0,69401,PUT,2765875351801582
0,69401,GET,2765875351886800
0,70937,PUT,2765875351812117
0,70937,GET,2765875351886730
0,67842,PUT,2765875351801182
0,67842,GET,2765875351886690
0,78348,PUT,2765875351855608
0,78348,GET,2765875351886881
0,64023,PUT,2765875351853944
0,64023,GET,2765875351886961
0,58651,PUT,2765875351826200
0,58651,GET,2765875351887091
0,56859,PUT,2765875351813209
0,56859,GET,2765875351887021
0,68879,PUT,2765875351812277
0,68879,GET,2765875351887081
0,76816,PUT,2765875351811425
0,76816,GET,2765875351887051
0,57116,PUT,2765875351819183
0,57116,GET,2765875351887231
0,58395,PUT,2765875351825358
0,58395,GET,2765875351887261
0,80656,PUT,2765875351834419
0,80656,GET,2765875351887231
0,69895,PUT,2765875351843349
0,69895,GET,2765875351887462
0,59416,PUT,2765875351816908
0,59416,GET,2765875351887542
0,62465,PUT,2765875351783901
0,62465,GET,2765875351887642
0,51486,PUT,2765875351825137
0,51486,GET,2765875351887672
0,69894,PUT,2765875351812939
0,69894,GET,2765875351887662
0,73996,PUT,2765875351823894
0,73996,GET,2765875351887692
0,81928,PUT,2765875351837676
0,81928,GET,2765875351887703
0,67591,PUT,2765875351835100
0,67591,GET,2765875351887652
0,71426,PUT,2765875351828595
0,71426,GET,2765875351887713
0,51230,PUT,2765875351824315
0,51230,GET,2765875351887893
0,61974,PUT,2765875351766511
0,61974,GET,2765875351887913
0,58893,PUT,2765875351835271
0,58893,GET,2765875351888053
0,71190,PUT,2765875351833577
0,71190,GET,2765875351888174
0,55828,PUT,2765875351793885
0,55828,GET,2765875351888184
0,54276,PUT,2765875351832605
0,54276,GET,2765875351888204
0,72979,PUT,2765875351826971
0,72979,GET,2765875351888294
0,63751,PUT,2765875351799999
0,63751,GET,2765875351888384
0,47107,PUT,2765875351781215
0,47107,GET,2765875351888464
0,71955,PUT,2765875351811576
0,71955,GET,2765875351888374
0,79881,PUT,2765875351831362
0,79881,GET,2765875351888474
0,59159,PUT,2765875351819574
0,59159,GET,2765875351888394
0,71170,PUT,2765875351826881
0,71170,GET,2765875351888474
0,68107,PUT,2765875351808869
0,68107,GET,2765875351888575
0,80136,PUT,2765875351828976
0,80136,GET,2765875351888534
0,76569,PUT,2765875351845484
0,76569,GET,2765875351888544
0,66306,PUT,2765875351794396
0,66306,GET,2765875351888735
0,71182,PUT,2765875351822862
0,71182,GET,2765875351888745
0,68358,PUT,2765875351801492
0,68358,GET,2765875351888925
0,74766,PUT,2765875351852010
0,74766,GET,2765875351888775
0,72462,PUT,2765875351831322
0,72462,GET,2765875351888825
0,59165,PUT,2765875351853934
0,59165,GET,2765875351889296
0,56579,PUT,2765875351850075
0,56579,GET,2765875351889016
0,75797,PUT,2765875351811355
0,75797,GET,2765875351889136
0,72460,PUT,2765875351814452
0,72460,GET,2765875351889156
0,76313,PUT,2765875351843861
0,76313,GET,2765875351889316
0,55831,PUT,2765875351800289
0,55831,GET,2765875351889366
0,59676,PUT,2765875351831171
0,59676,GET,2765875351889286
0,76293,PUT,2765875351846898
0,76293,GET,2765875351889356
0,78597,PUT,2765875351860850
0,78597,GET,2765875351889356
0,75781,PUT,2765875351845254
0,75781,GET,2765875351889657
0,56586,PUT,2765875351838518
0,56586,GET,2765875351889697
0,49155,PUT,2765875351799999
0,49155,GET,2765875351889747
0,79877,PUT,2765875351868518
0,79877,GET,2765875351889827
0,72473,PUT,2765875351821479
0,72473,GET,2765875351889858
0,52765,PUT,2765875351808438
0,52765,GET,2765875351889677
0,77583,PUT,2765875351865721
0,77583,GET,2765875351890058
0,72719,PUT,2765875351835652
0,72719,GET,2765875351890108
0,52227,PUT,2765875351823493
0,52227,GET,2765875351890008
0,78601,PUT,2765875351811285
0,78601,GET,2765875351890168
0,64536,PUT,2765875351854405
0,64536,GET,2765875351890248
0,60188,PUT,2765875351833597
0,60188,GET,2765875351890268
0,74251,PUT,2765875351859617
0,74251,GET,2765875351890299
0,67079,PUT,2765875351833507
0,67079,GET,2765875351890379
0,58136,PUT,2765875351807196
0,58136,GET,2765875351890499
0,76048,PUT,2765875351808950
0,76048,GET,2765875351890579
0,68610,PUT,2765875351805602
0,68610,GET,2765875351890579
0,68871,PUT,2765875351839130
0,68871,GET,2765875351890629
0,61972,PUT,2765875351843209
0,61972,GET,2765875351890699
0,68615,PUT,2765875351838308
0,68615,GET,2765875351890870
0,79120,PUT,2765875351829407
0,79120,GET,2765875351890960
0,49438,PUT,2765875351808909
0,49438,GET,2765875351890990
0,45060,PUT,2765875351775612
0,45060,GET,2765875351890900
0,67355,PUT,2765875351884154
0,67355,GET,2765875351891100
0,63000,PUT,2765875351846747
0,63000,GET,2765875351891161
0,76307,PUT,2765875351849203
0,76307,GET,2765875351891080
0,58397,PUT,2765875351847940
0,58397,GET,2765875351891331
0,59932,PUT,2765875351831983
0,59932,GET,2765875351891431
0,55818,PUT,2765875351834278
0,55818,GET,2765875351891662
0,55812,PUT,2765875351849203
0,55812,GET,2765875351891752
0,54532,PUT,2765875351837656
0,54532,GET,2765875351891732
0,70158,PUT,2765875351818512
0,70158,GET,2765875351891922
0,62231,PUT,2765875351839591
0,62231,GET,2765875351892033
0,66842,PUT,2765875351827713
0,66842,GET,2765875351892063
0,62226,PUT,2765875351820777
0,62226,GET,2765875351892083
0,60956,PUT,2765875351839029
0,60956,GET,2765875351892053
0,53022,PUT,2765875351833747
0,53022,GET,2765875351892173
0,69131,PUT,2765875351820366
0,69131,GET,2765875351892203
0,81417,PUT,2765875351836283
0,81417,GET,2765875351892213
0,74518,PUT,2765875351851017
0,74518,GET,2765875351892283
0,68111,PUT,2765875351808889
0,68111,GET,2765875351892203
0,79633,PUT,2765875351836894
0,79633,GET,2765875351892393
0,55325,PUT,2765875351826981
0,55325,GET,2765875351892494
0,76819,PUT,2765875351852641
0,76819,GET,2765875351892524
0,67585,PUT,2765875351840232
0,67585,GET,2765875351892534
0,70926,PUT,2765875351822010
0,70926,GET,2765875351892694
0,79886,PUT,2765875351890289
0,79886,GET,2765875351892744
0,62976,PUT,2765875351848331
0,62976,GET,2765875351892925
0,69383,PUT,2765875351841716
0,69383,GET,2765875351892744
0,61697,PUT,2765875351781406
0,61697,GET,2765875351892935
0,74517,PUT,2765875351802665
0,74517,GET,2765875351893035
0,56348,PUT,2765875351813921
0,56348,GET,2765875351893245
0,69889,PUT,2765875351857703
0,69889,GET,2765875351893215
0,56605,PUT,2765875351834770
0,56605,GET,2765875351893185
0,63255,PUT,2765875351848501
0,63255,GET,2765875351893285
0,83208,PUT,2765875351849764
0,83208,GET,2765875351893245
0,60444,PUT,2765875351835311
0,60444,GET,2765875351893466
0,65281,PUT,2765875351815024
0,65281,GET,2765875351893586
0,68886,PUT,2765875351817560
0,68886,GET,2765875351893656
0,54302,PUT,2765875351841716
0,54302,GET,2765875351893626
0,69377,PUT,2765875351854135
0,69377,GET,2765875351893646
0,62724,PUT,2765875351881338
0,62724,GET,2765875351893656
0,76047,PUT,2765875351853593
0,76047,GET,2765875351893716
0,72710,PUT,2765875351835000
0,72710,GET,2765875351893777
0,58139,PUT,2765875351823714
0,58139,GET,2765875351893857
0,70159,PUT,2765875351821940
0,70159,GET,2765875351893947
0,73228,PUT,2765875351819695
0,73228,GET,2765875351893907
0,61970,PUT,2765875351819013
0,61970,GET,2765875351894198
0,69127,PUT,2765875351840884
0,69127,GET,2765875351894288
0,65803,PUT,2765875351794265
0,65803,GET,2765875351894568
0,73222,PUT,2765875351837476
0,73222,GET,2765875351894548
0,75531,PUT,2765875351869390
0,75531,GET,2765875351894749
0,80405,PUT,2765875351838839
0,80405,GET,2765875351894639
0,56580,PUT,2765875351852661
0,56580,GET,2765875351894689
0,71702,PUT,2765875351835160
0,71702,GET,2765875351894759
0,68367,PUT,2765875351809711
0,68367,GET,2765875351894829
0,57628,PUT,2765875351820877
0,57628,GET,2765875351894839
0,76811,PUT,2765875351876927
0,76811,GET,2765875351894919
0,80393,PUT,2765875351833026
0,80393,GET,2765875351895050
0,51715,PUT,2765875351821860
0,51715,GET,2765875351894959
0,62493,PUT,2765875351873269
0,62493,GET,2765875351895050
0,64274,PUT,2765875351832955
0,64274,GET,2765875351895170
0,76805,PUT,2765875351848572
0,76805,GET,2765875351895160
0,71430,PUT,2765875351827132
0,71430,GET,2765875351895240
0,70418,PUT,2765875351878912
0,70418,GET,2765875351895310
0,70934,PUT,2765875351832705
0,70934,GET,2765875351895360
0,61696,PUT,2765875351837205
0,61696,GET,2765875351895461
0,69146,PUT,2765875351849333
0,69146,GET,2765875351895511
0,56861,PUT,2765875351835632
0,56861,GET,2765875351895551
0,76560,PUT,2765875351810603
0,76560,GET,2765875351895571
0,69910,PUT,2765875351823644
0,69910,GET,2765875351895651
0,76563,PUT,2765875351851909
0,76563,GET,2765875351895791
0,54541,PUT,2765875351807757
0,54541,GET,2765875351895801
0,71694,PUT,2765875351824536
0,71694,GET,2765875351895821
0,63768,PUT,2765875351851067
0,63768,GET,2765875351895821
0,82705,PUT,2765875351859567
0,82705,GET,2765875351895902
0,75790,PUT,2765875351856360
0,75790,GET,2765875351895881
0,59149,PUT,2765875351839811
0,59149,GET,2765875351895892
0,57117,PUT,2765875351839150
0,57117,GET,2765875351896222
0,66586,PUT,2765875351826150
0,66586,GET,2765875351896393
0,74265,PUT,2765875351829177
0,74265,GET,2765875351896453
0,75013,PUT,2765875351840864
0,75013,GET,2765875351896493
0,54788,PUT,2765875351838508
0,54788,GET,2765875351896433
0,58900,PUT,2765875351821439
0,58900,GET,2765875351896513
0,77589,PUT,2765875351820757
0,77589,GET,2765875351896613
0,58909,PUT,2765875351851248
0,58909,GET,2765875351896713
0,61468,PUT,2765875351840733
0,61468,GET,2765875351896643
0,80917,PUT,2765875351840443
0,80917,GET,2765875351896784
0,67610,PUT,2765875351833186
0,67610,GET,2765875351896743
0,69633,PUT,2765875351855899
0,69633,GET,2765875351896834
0,61724,PUT,2765875351843420
0,61724,GET,2765875351896844
0,69378,PUT,2765875351812748
0,69378,GET,2765875351896944
0,84744,PUT,2765875351861792
0,84744,GET,2765875351897034
0,68865,PUT,2765875351849744
0,68865,GET,2765875351897395
0,73995,PUT,2765875351857843
0,73995,GET,2765875351897395
0,78088,PUT,2765875351804930
0,78088,GET,2765875351897696
0,58653,PUT,2765875351849584
0,58653,GET,2765875351897706
0,55050,PUT,2765875351830840
0,55050,GET,2765875351897676
0,63250,PUT,2765875351824997
0,63250,GET,2765875351897696
0,77333,PUT,2765875351819965
0,77333,GET,2765875351897736
0,67335,PUT,2765875351834288
0,67335,GET,2765875351897886
0,84745,PUT,2765875351859677
0,84745,GET,2765875351897976
0,72206,PUT,2765875351829668
0,72206,GET,2765875351898026
0,82448,PUT,2765875351846898
0,82448,GET,2765875351898067
0,75273,PUT,2765875351787490
0,75273,GET,2765875351898287
0,79125,PUT,2765875351830921
0,79125,GET,2765875351898057
0,80137,PUT,2765875351832204
0,80137,GET,2765875351898177
0,64284,PUT,2765875351856550
0,64284,GET,2765875351898468
0,53514,PUT,2765875351816898
0,53514,GET,2765875351898568
0,66567,PUT,2765875351829106
0,66567,GET,2765875351898618
0,59666,PUT,2765875351802214
0,59666,GET,2765875351898618
0,53763,PUT,2765875351833888
0,53763,GET,2765875351898608
0,77841,PUT,2765875351819554
0,77841,GET,2765875351898718
0,53258,PUT,2765875351815124
0,53258,GET,2765875351898728
0,73740,PUT,2765875351823153
0,73740,GET,2765875351898658
0,53770,PUT,2765875351817730
0,53770,GET,2765875351898788
0,70682,PUT,2765875351856029
0,70682,GET,2765875351898868
0,75525,PUT,2765875351843500
0,75525,GET,2765875351898758
0,85009,PUT,2765875351873630
0,85009,GET,2765875351898909
0,54557,PUT,2765875351823533
0,54557,GET,2765875351899079
0,62235,PUT,2765875351851619
0,62235,GET,2765875351899119
0,63260,PUT,2765875351850326
0,63260,GET,2765875351899259
0,70166,PUT,2765875351827422
0,70166,GET,2765875351899330
0,82453,PUT,2765875351848932
0,82453,GET,2765875351899540
0,62747,PUT,2765875351854245
0,62747,GET,2765875351899420
0,58141,PUT,2765875351846306
0,58141,GET,2765875351899510
0,50974,PUT,2765875351821519
0,50974,GET,2765875351899630
0,89105,PUT,2765875351899600
0,89105,GET,2765875351899821
0,57883,PUT,2765875351822872
0,57883,GET,2765875351899650
0,67339,PUT,2765875351806354
0,67339,GET,2765875351899720
0,62208,PUT,2765875351843861
0,62208,GET,2765875351899740
0,79369,PUT,2765875351828976
0,79369,GET,2765875351899801
0,71179,PUT,2765875351833487
0,71179,GET,2765875351899761
0,58884,PUT,2765875351864769
0,58884,GET,2765875351900041
0,61215,PUT,2765875351852942
0,61215,GET,2765875351900041
0,83721,PUT,2765875351850987
0,83721,GET,2765875351899991
0,57629,PUT,2765875351843630
0,57629,GET,2765875351900232
0,88840,PUT,2765875351894789
0,88840,GET,2765875351900272
0,57623,PUT,2765875351808819
0,57623,GET,2765875351900352
0,83976,PUT,2765875351859397
0,83976,GET,2765875351900412
0,73998,PUT,2765875351841535
0,73998,GET,2765875351900492
0,62464,PUT,2765875351846106
0,62464,GET,2765875351900703
0,57613,PUT,2765875351827483
0,57613,GET,2765875351900532
0,60699,PUT,2765875351840954
0,60699,GET,2765875351900562
0,67073,PUT,2765875351832955
0,67073,GET,2765875351900683
0,67354,PUT,2765875351831362
0,67354,GET,2765875351900693
0,58381,PUT,2765875351832665
0,58381,GET,2765875351900703
0,67841,PUT,2765875351841926
0,67841,GET,2765875351900723
0,72718,PUT,2765875351833076
0,72718,GET,2765875351900813
0,60440,PUT,2765875351831051
0,60440,GET,2765875351900923
0,54275,PUT,2765875351836173
0,54275,GET,2765875351900963
0,74254,PUT,2765875351842377
0,74254,GET,2765875351900993
0,82185,PUT,2765875351844222
0,82185,GET,2765875351901074
0,74010,PUT,2765875351874321
0,74010,GET,2765875351901194
0,60187,PUT,2765875351838388
0,60187,GET,2765875351901224
0,55838,PUT,2765875351853443
0,55838,GET,2765875351901284
0,61471,PUT,2765875351855869
0,61471,GET,2765875351901344
0,65537,PUT,2765875351816928
0,65537,GET,2765875351901485
0,77324,PUT,2765875351852230
0,77324,GET,2765875351901394
0,79637,PUT,2765875351834419
0,79637,GET,2765875351901575
0,75275,PUT,2765875351867676
0,75275,GET,2765875351901635
0,68371,PUT,2765875351791629
0,68371,GET,2765875351901885
0,63516,PUT,2765875351851168
0,63516,GET,2765875351901835
0,65047,PUT,2765875351859026
0,65047,GET,2765875351901885
0,69402,PUT,2765875351850165
0,69402,GET,2765875351901986
0,71450,PUT,2765875351863216
0,71450,GET,2765875351902156
0,67343,PUT,2765875351806404
0,67343,GET,2765875351901956
0,64796,PUT,2765875351858184
0,64796,GET,2765875351902206
0,59935,PUT,2765875351845655
0,59935,GET,2765875351902296
0,79893,PUT,2765875351837175
0,79893,GET,2765875351902347
0,73486,PUT,2765875351837255
0,73486,GET,2765875351902497
0,68353,PUT,2765875351846417
0,68353,GET,2765875351902447
0,72214,PUT,2765875351837756
0,72214,GET,2765875351902427
0,77062,PUT,2765875351857182
0,77062,GET,2765875351902457
0,82441,PUT,2765875351845013
0,82441,GET,2765875351902457
0,65563,PUT,2765875351873640
0,65563,GET,2765875351902647
0,56842,PUT,2765875351839340
0,56842,GET,2765875351902397
0,61453,PUT,2765875351860690
0,61453,GET,2765875351902707
0,56323,PUT,2765875351848321
0,56323,GET,2765875351902757
0,58396,PUT,2765875351825167
0,58396,GET,2765875351902757
0,75788,PUT,2765875351837917
0,75788,GET,2765875351902798
0,81673,PUT,2765875351837125
0,81673,GET,2765875351902838
0,73478,PUT,2765875351838298
0,73478,GET,2765875351902858
0,87561,PUT,2765875351876717
0,87561,GET,2765875351903168
0,70426,PUT,2765875351853353
0,70426,GET,2765875351903038
0,66315,PUT,2765875351795949
0,66315,GET,2765875351903058
0,65793,PUT,2765875351825097
0,65793,GET,2765875351903128
0,70663,PUT,2765875351846657
0,70663,GET,2765875351903178
0,75541,PUT,2765875351810523
0,75541,GET,2765875351903148
0,72453,PUT,2765875351823604
0,72453,GET,2765875351903188
0,80149,PUT,2765875351838027
0,80149,GET,2765875351903279
0,63506,PUT,2765875351827663
0,63506,GET,2765875351903279
0,69657,PUT,2765875351802424
0,69657,GET,2765875351903359
0,64791,PUT,2765875351857282
0,64791,GET,2765875351903389
0,74774,PUT,2765875351851970
0,74774,GET,2765875351903379
0,80401,PUT,2765875351845084
0,80401,GET,2765875351903339
0,81157,PUT,2765875351875444
0,81157,GET,2765875351903479
0,66073,PUT,2765875351788783
0,66073,GET,2765875351903619
0,75016,PUT,2765875351787710
0,75016,GET,2765875351903720
0,81173,PUT,2765875351842247
0,81173,GET,2765875351903690
0,57373,PUT,2765875351840964
0,57373,GET,2765875351903680
0,65053,PUT,2765875351886440
0,65053,GET,2765875351903790
0,73750,PUT,2765875351847459
0,73750,GET,2765875351903840
0,58634,PUT,2765875351853042
0,58634,GET,2765875351903930
0,81414,PUT,2765875351877699
0,81414,GET,2765875351903960
0,73747,PUT,2765875351832254
0,73747,GET,2765875351904121
0,65044,PUT,2765875351866463
0,65044,GET,2765875351904281
0,54813,PUT,2765875351825328
0,54813,GET,2765875351904251
0,71699,PUT,2765875351810754
0,71699,GET,2765875351904291
0,70415,PUT,2765875351823684
0,70415,GET,2765875351904291
0,75276,PUT,2765875351833477
0,75276,GET,2765875351904411
0,57101,PUT,2765875351822952
0,57101,GET,2765875351904552
0,57884,PUT,2765875351822541
0,57884,GET,2765875351904572
0,66817,PUT,2765875351832073
0,66817,GET,2765875351904602
0,74510,PUT,2765875351846908
0,74510,GET,2765875351904602
0,69142,PUT,2765875351818371
0,69142,GET,2765875351904592
0,66587,PUT,2765875351878000
0,66587,GET,2765875351904872
0,49411,PUT,2765875351800841
0,49411,GET,2765875351904922
0,79381,PUT,2765875351832755
0,79381,GET,2765875351904943
0,73238,PUT,2765875351844041
0,73238,GET,2765875351904933
0,49182,PUT,2765875351808027
0,49182,GET,2765875351905023
0,65559,PUT,2765875351868498
0,65559,GET,2765875351905063
0,85008,PUT,2765875351870462
0,85008,GET,2765875351905113
0,52766,PUT,2765875351832885
0,52766,GET,2765875351905113
0,66584,PUT,2765875351879022
0,66584,GET,2765875351905223
0,76057,PUT,2765875351842959
0,76057,GET,2765875351905213
0,74259,PUT,2765875351836905
0,74259,GET,2765875351905253
0,55326,PUT,2765875351849804
0,55326,GET,2765875351905183
0,71443,PUT,2765875351809892
0,71443,GET,2765875351905293
0,91145,PUT,2765875351897144
0,91145,GET,2765875351905233
0,60436,PUT,2765875351830049
0,60436,GET,2765875351905454
0,73491,PUT,2765875351831462
0,73491,GET,2765875351905504
0,73990,PUT,2765875351840683
0,73990,GET,2765875351905504
0,81425,PUT,2765875351851118
0,81425,GET,2765875351905534
0,56074,PUT,2765875351835110
0,56074,GET,2765875351905594
0,66844,PUT,2765875351882260
0,66844,GET,2765875351905774
0,58911,PUT,2765875351839470
0,58911,GET,2765875351905764
0,59917,PUT,2765875351845053
0,59917,GET,2765875351905865
0,57610,PUT,2765875351843560
0,57610,GET,2765875351905724
0,54558,PUT,2765875351843580
0,54558,GET,2765875351905925
0,81685,PUT,2765875351844843
0,81685,GET,2765875351906035
0,72207,PUT,2765875351833046
0,72207,GET,2765875351906105
0,81161,PUT,2765875351835451
0,81161,GET,2765875351906316
0,54814,PUT,2765875351847198
0,54814,GET,2765875351906155
0,77078,PUT,2765875351875414
0,77078,GET,2765875351906065
0,60447,PUT,2765875351847389
0,60447,GET,2765875351906336
0,75266,PUT,2765875351862905
0,75266,GET,2765875351906566
0,61207,PUT,2765875351831743
0,61207,GET,2765875351906366
0,83216,PUT,2765875351857512
0,83216,GET,2765875351906336
0,56607,PUT,2765875351819685
0,56607,GET,2765875351906366
0,71706,PUT,2765875351864017
0,71706,GET,2765875351906346
0,54282,PUT,2765875351823874
0,54282,GET,2765875351906476
0,76822,PUT,2765875351873670
0,76822,GET,2765875351906677
0,57344,PUT,2765875351787790
0,57344,GET,2765875351906667
0,71958,PUT,2765875351835992
0,71958,GET,2765875351906717
0,80913,PUT,2765875351849444
0,80913,GET,2765875351906787
0,85521,PUT,2765875351875133
0,85521,GET,2765875351906867
0,59668,PUT,2765875351825749
0,59668,GET,2765875351906807
0,75798,PUT,2765875351865411
0,75798,GET,2765875351907047
0,77574,PUT,2765875351859718
0,77574,GET,2765875351907078
0,74006,PUT,2765875351849273
0,74006,GET,2765875351906987
0,53507,PUT,2765875351833036
0,53507,GET,2765875351907108
0,79121,PUT,2765875351825859
0,79121,GET,2765875351907078
0,77073,PUT,2765875351814422
0,77073,GET,2765875351907228
0,80400,PUT,2765875351833587
0,80400,GET,2765875351907248
0,59914,PUT,2765875351863546
0,59914,GET,2765875351907298
0,78082,PUT,2765875351886830
0,78082,GET,2765875351907308
0,60170,PUT,2765875351864378
0,60170,GET,2765875351907589
0,64270,PUT,2765875351761790
0,64270,GET,2765875351907448
0,55044,PUT,2765875351839330
0,55044,GET,2765875351907539
0,90889,PUT,2765875351896383
0,90889,GET,2765875351907599
0,79897,PUT,2765875351865160
0,79897,GET,2765875351907659
0,56845,PUT,2765875351821318
0,56845,GET,2765875351907739
0,62743,PUT,2765875351843109
0,62743,GET,2765875351907749
0,49933,PUT,2765875351777557
0,49933,GET,2765875351907819
0,76815,PUT,2765875351860630
0,76815,GET,2765875351907819
0,61440,PUT,2765875351830460
0,61440,GET,2765875351907919
0,55069,PUT,2765875351826210
0,55069,GET,2765875351907950
0,75283,PUT,2765875351844071
0,75283,GET,2765875351907879
0,78341,PUT,2765875351859998
0,78341,GET,2765875351908160
0,81416,PUT,2765875351836002
0,81416,GET,2765875351908190
0,82184,PUT,2765875351839400
0,82184,GET,2765875351908150
0,56862,PUT,2765875351857803
0,56862,GET,2765875351908491
0,63005,PUT,2765875351875905
0,63005,GET,2765875351908521
0,74507,PUT,2765875351861442
0,74507,GET,2765875351908511
0,54046,PUT,2765875351840874
0,54046,GET,2765875351908601
0,77587,PUT,2765875351859477
0,77587,GET,2765875351908852
0,53789,PUT,2765875351816397
0,53789,GET,2765875351908691
0,60191,PUT,2765875351846517
0,60191,GET,2765875351908711
0,76556,PUT,2765875351844141
0,76556,GET,2765875351908791
0,71446,PUT,2765875351834399
0,71446,GET,2765875351908771
0,76555,PUT,2765875351874291
0,76555,GET,2765875351908832
0,78085,PUT,2765875351858184
0,78085,GET,2765875351908872
0,69900,PUT,2765875351790918
0,69900,GET,2765875351908781
0,84497,PUT,2765875351869210
0,84497,GET,2765875351908822
0,60948,PUT,2765875351836323
0,60948,GET,2765875351908992
0,67346,PUT,2765875351859778
0,67346,GET,2765875351909032
0,74508,PUT,2765875351826430
0,74508,GET,2765875351909052
0,57347,PUT,2765875351859206
0,57347,GET,2765875351909112
0,74758,PUT,2765875351845094
0,74758,GET,2765875351909222
0,86793,PUT,2765875351871615
0,86793,GET,2765875351909353
0,85000,PUT,2765875351863586
0,85000,GET,2765875351909764
0,63512,PUT,2765875351850215
0,63512,GET,2765875351909473
0,52254,PUT,2765875351830129
0,52254,GET,2765875351909533
0,76559,PUT,2765875351857121
0,76559,GET,2765875351909664
0,77068,PUT,2765875351850516
0,77068,GET,2765875351909623
0,81941,PUT,2765875351845645
0,81941,GET,2765875351909643
0,61983,PUT,2765875351858414
0,61983,GET,2765875351909774
0,76044,PUT,2765875351840553
0,76044,GET,2765875351909914
0,65810,PUT,2765875351846356
0,65810,GET,2765875351909924
0,60445,PUT,2765875351863346
0,60445,GET,2765875351909934
0,61194,PUT,2765875351875574
0,61194,GET,2765875351909934
0,64000,PUT,2765875351862233
0,64000,GET,2765875351909964
0,71692,PUT,2765875351811896
0,71692,GET,2765875351910004
0,60672,PUT,2765875351823564
0,60672,GET,2765875351910205
0,81433,PUT,2765875351871425
0,81433,GET,2765875351910265
0,60703,PUT,2765875351848221
0,60703,GET,2765875351910325
0,64279,PUT,2765875351854796
0,64279,GET,2765875351910325
0,71691,PUT,2765875351836103
0,71691,GET,2765875351910455
0,76038,PUT,2765875351852010
0,76038,GET,2765875351910425
0,75539,PUT,2765875351845925
0,75539,GET,2765875351910455
0,56836,PUT,2765875351854395
0,56836,GET,2765875351910536
0,65298,PUT,2765875351838067
0,65298,GET,2765875351910526
0,69121,PUT,2765875351850576
0,69121,GET,2765875351910596
0,73991,PUT,2765875351864228
0,73991,GET,2765875351910596
0,74501,PUT,2765875351838238
0,74501,GET,2765875351910606
0,58628,PUT,2765875351863927
0,58628,GET,2765875351910716
0,56067,PUT,2765875351847499
0,56067,GET,2765875351910806
0,59675,PUT,2765875351831352
0,59675,GET,2765875351910997
0,60682,PUT,2765875351867836
0,60682,GET,2765875351911237
0,79365,PUT,2765875351865030
0,79365,GET,2765875351911107
0,73227,PUT,2765875351852731
0,73227,GET,2765875351911377
0,87049,PUT,2765875351872357
0,87049,GET,2765875351911418
0,61719,PUT,2765875351836173
0,61719,GET,2765875351911408
0,55043,PUT,2765875351840523
0,55043,GET,2765875351911438
0,72711,PUT,2765875351856570
0,72711,GET,2765875351911448
0,75270,PUT,2765875351846757
0,75270,GET,2765875351911528
0,78609,PUT,2765875351824255
0,78609,GET,2765875351911608
0,76294,PUT,2765875351852821
0,76294,GET,2765875351911638
0,63511,PUT,2765875351852240
0,63511,GET,2765875351911648
0,63004,PUT,2765875351849484
0,63004,GET,2765875351911638
0,78361,PUT,2765875351854004
0,78361,GET,2765875351911728
0,76300,PUT,2765875351841425
0,76300,GET,2765875351911738
0,58122,PUT,2765875351845935
0,58122,GET,2765875351911869
0,80912,PUT,2765875351836233
0,80912,GET,2765875351911879
0,78853,PUT,2765875351862594
0,78853,GET,2765875351911959
0,61188,PUT,2765875351873740
0,61188,GET,2765875351911979
0,80908,PUT,2765875351869831
0,80908,GET,2765875351912019
0,82952,PUT,2765875351846336
0,82952,GET,2765875351912109
0,54787,PUT,2765875351837787
0,54787,GET,2765875351912219
0,88337,PUT,2765875351895310
0,88337,GET,2765875351912310
0,80652,PUT,2765875351869089
0,80652,GET,2765875351912300
0,69138,PUT,2765875351872918
0,69138,GET,2765875351912079
0,67329,PUT,2765875351834750
0,67329,GET,2765875351912350
0,51742,PUT,2765875351825819
0,51742,GET,2765875351912340
0,52746,PUT,2765875351810654
0,52746,GET,2765875351912390
0,75286,PUT,2765875351853663
0,75286,GET,2765875351912480
0,71439,PUT,2765875351830600
0,71439,GET,2765875351912390
0,61723,PUT,2765875351849925
0,61723,GET,2765875351912480
0,76302,PUT,2765875351858034
0,76302,GET,2765875351912460
0,72470,PUT,2765875351840563
0,72470,GET,2765875351912560
0,86801,PUT,2765875351883803
0,86801,GET,2765875351912540
0,70678,PUT,2765875351829988
0,70678,GET,2765875351912691
0,71963,PUT,2765875351904742
0,71963,GET,2765875351912851
0,81681,PUT,2765875351851939
0,81681,GET,2765875351913071
0,70938,PUT,2765875351858655
0,70938,GET,2765875351912891
0,73999,PUT,2765875351842427
0,73999,GET,2765875351912921
0,65300,PUT,2765875351871094
0,65300,GET,2765875351913232
0,50462,PUT,2765875351817961
0,50462,GET,2765875351913061
0,81169,PUT,2765875351850346
0,81169,GET,2765875351912941
0,75027,PUT,2765875351843279
0,75027,GET,2765875351913071
0,72729,PUT,2765875351822311
0,72729,GET,2765875351913192
0,82961,PUT,2765875351860429
0,82961,GET,2765875351913282
0,66049,PUT,2765875351825969
0,66049,GET,2765875351913282
0,57604,PUT,2765875351857733
0,57604,GET,2765875351913322
0,80396,PUT,2765875351868247
0,80396,GET,2765875351913512
0,72982,PUT,2765875351843119
0,72982,GET,2765875351913352
0,52484,PUT,2765875351818742
0,52484,GET,2765875351913382
0,77830,PUT,2765875351860529
0,77830,GET,2765875351913442
0,72716,PUT,2765875351817119
0,72716,GET,2765875351913302
0,83477,PUT,2765875351856901
0,83477,GET,2765875351913553
0,74009,PUT,2765875351827392
0,74009,GET,2765875351913543
0,62744,PUT,2765875351845895
0,62744,GET,2765875351913663
0,56324,PUT,2765875351850877
0,56324,GET,2765875351913653
0,63232,PUT,2765875351855448
0,63232,GET,2765875351913994
0,75791,PUT,2765875351852811
0,75791,GET,2765875351914104
0,79376,PUT,2765875351830269
0,79376,GET,2765875351914174
0,70658,PUT,2765875351822361
0,70658,GET,2765875351914264
0,55299,PUT,2765875351841355
0,55299,GET,2765875351914254
0,74522,PUT,2765875351876948
0,74522,GET,2765875351914304
0,78086,PUT,2765875351862273
0,78086,GET,2765875351914144
0,72213,PUT,2765875351788773
0,72213,GET,2765875351914314
0,61211,PUT,2765875351842668
0,61211,GET,2765875351914344
0,57091,PUT,2765875351856610
0,57091,GET,2765875351914505
0,59396,PUT,2765875351868317
0,59396,GET,2765875351914735
0,79641,PUT,2765875351863426
0,79641,GET,2765875351914836
0,58907,PUT,2765875351827964
0,58907,GET,2765875351914886
0,62491,PUT,2765875351853413
0,62491,GET,2765875351915186
0,76814,PUT,2765875351865641
0,76814,GET,2765875351915387
0,81160,PUT,2765875351835251
0,81160,GET,2765875351915246
0,79116,PUT,2765875351861552
0,79116,GET,2765875351915307
0,64018,PUT,2765875351831241
0,64018,GET,2765875351915327
0,65304,PUT,2765875351859617
0,65304,GET,2765875351915327
0,77593,PUT,2765875351850797
0,77593,GET,2765875351915547
0,73739,PUT,2765875351857051
0,73739,GET,2765875351915547
0,83985,PUT,2765875351867506
0,83985,GET,2765875351915677
0,73223,PUT,2765875351860880
0,73223,GET,2765875351915788
0,57886,PUT,2765875351867886
0,57886,GET,2765875351915758
0,75289,PUT,2765875351834128
0,75289,GET,2765875351915718
0,58890,PUT,2765875351855678
0,58890,GET,2765875351915878
0,67858,PUT,2765875351863246
0,67858,GET,2765875351915828
0,56594,PUT,2765875351785084
0,56594,GET,2765875351916008
0,73242,PUT,2765875351871866
0,73242,GET,2765875351916088
0,69913,PUT,2765875351804158
0,69913,GET,2765875351916088
0,61725,PUT,2765875351869009
0,61725,GET,2765875351916129
0,76812,PUT,2765875351845013
0,76812,GET,2765875351916259
0,74778,PUT,2765875351878782
0,74778,GET,2765875351916249
0,68110,PUT,2765875351805201
0,68110,GET,2765875351916389
0,65816,PUT,2765875351870863
0,65816,GET,2765875351916479
0,78611,PUT,2765875351866513
0,78611,GET,2765875351916459
0,79385,PUT,2765875351857252
0,79385,GET,2765875351916630
0,61467,PUT,2765875351847158
0,61467,GET,2765875351916700
0,59927,PUT,2765875351824566
0,59927,GET,2765875351916610
0,61460,PUT,2765875351838959
0,61460,GET,2765875351916760
0,56093,PUT,2765875351831161
0,56093,GET,2765875351916790
0,58371,PUT,2765875351864428
0,58371,GET,2765875351916991
0,76549,PUT,2765875351847720
0,76549,GET,2765875351916991
0,77313,PUT,2765875351901174
0,77313,GET,2765875351916981
0,85269,PUT,2765875351870392
0,85269,GET,2765875351917171
0,50692,PUT,2765875351808509
0,50692,GET,2765875351917151
0,84232,PUT,2765875351860239
0,84232,GET,2765875351917181
0,56094,PUT,2765875351854305
0,56094,GET,2765875351917301
0,53534,PUT,2765875351836273
0,53534,GET,2765875351917602
0,75014,PUT,2765875351845915
0,75014,GET,2765875351917502
0,73734,PUT,2765875351839922
0,73734,GET,2765875351917622
0,77337,PUT,2765875351849965
0,77337,GET,2765875351917702
0,79119,PUT,2765875351874271
0,79119,GET,2765875351917622
0,82960,PUT,2765875351852200
0,82960,GET,2765875351917843
0,81925,PUT,2765875351877870
0,81925,GET,2765875351917913
0,62999,PUT,2765875351847670
0,62999,GET,2765875351917903
0,65556,PUT,2765875351871936
0,65556,GET,2765875351918083
0,80665,PUT,2765875351868728
0,80665,GET,2765875351918143
0,71431,PUT,2765875351851709
0,71431,GET,2765875351918173
0,78607,PUT,2765875351870833
0,78607,GET,2765875351918143
0,79889,PUT,2765875351840493
0,79889,GET,2765875351918414
0,60429,PUT,2765875351853172
0,60429,GET,2765875351918464
0,55071,PUT,2765875351806554
0,55071,GET,2765875351918454
0,63515,PUT,2765875351861211
0,63515,GET,2765875351918494
0,75534,PUT,2765875351854586
0,75534,GET,2765875351918694
0,54043,PUT,2765875351789484
0,54043,GET,2765875351918644
0,83472,PUT,2765875351859256
0,83472,GET,2765875351918634
0,72459,PUT,2765875351839511
0,72459,GET,2765875351918644
0,65560,PUT,2765875351860469
0,65560,GET,2765875351918725
0,70927,PUT,2765875351828114
0,70927,GET,2765875351918775
0,57869,PUT,2765875351829217
0,57869,GET,2765875351918855
0,80921,PUT,2765875351869560
0,80921,GET,2765875351918835
0,53277,PUT,2765875351811085
0,53277,GET,2765875351918955
0,74245,PUT,2765875351834820
0,74245,GET,2765875351919216
0,75782,PUT,2765875351851188
0,75782,GET,2765875351919286
0,80657,PUT,2765875351847730
0,80657,GET,2765875351919196
0,76037,PUT,2765875351846076
0,76037,GET,2765875351919276
0,76310,PUT,2765875351869099
0,76310,GET,2765875351919386
0,75033,PUT,2765875351832454
0,75033,GET,2765875351919496
0,60189,PUT,2765875351862484
0,60189,GET,2765875351919617
0,86792,PUT,2765875351879704
0,86792,GET,2765875351919647
0,80409,PUT,2765875351866884
0,80409,GET,2765875351919677
0,76054,PUT,2765875351866303
0,76054,GET,2765875351919687
0,56606,PUT,2765875351856951
0,56606,GET,2765875351919697
0,81937,PUT,2765875351853563
0,81937,GET,2765875351919817
0,72974,PUT,2765875351833837
0,72974,GET,2765875351919747
0,79880,PUT,2765875351828064
0,79880,GET,2765875351919767
0,84233,PUT,2765875351855498
0,84233,GET,2765875351919787
0,81429,PUT,2765875351844031
0,81429,GET,2765875351919897
0,65051,PUT,2765875351870062
0,65051,GET,2765875351919937
0,75545,PUT,2765875351837686
0,75545,GET,2765875351919977
0,78864,PUT,2765875351827503
0,78864,GET,2765875351920018
0,72455,PUT,2765875351855828
0,72455,GET,2765875351920128
0,78099,PUT,2765875351863977
0,78099,GET,2765875351920138
0,71943,PUT,2765875351854125
0,71943,GET,2765875351920148
0,50973,PUT,2765875351796992
0,50973,GET,2765875351920178
0,83728,PUT,2765875351860088
0,83728,GET,2765875351920238
0,60701,PUT,2765875351865120
0,60701,GET,2765875351920258
0,53790,PUT,2765875351837145
0,53790,GET,2765875351920328
0,61464,PUT,2765875351840082
0,61464,GET,2765875351920348
0,80661,PUT,2765875351839611
0,80661,GET,2765875351920449
0,64519,PUT,2765875351809952
0,64519,GET,2765875351920509
0,69646,PUT,2765875351815876
0,69646,GET,2765875351920308
0,57859,PUT,2765875351862003
0,57859,GET,2765875351920579
0,65554,PUT,2765875351838889
0,65554,GET,2765875351920519
0,75269,PUT,2765875351842658
0,75269,GET,2765875351920639
0,58652,PUT,2765875351827012
0,58652,GET,2765875351920589
0,83467,PUT,2765875351915597
0,83467,GET,2765875351920960
0,78603,PUT,2765875351886971
0,78603,GET,2765875351920699
0,67356,PUT,2765875351883954
0,67356,GET,2765875351920980
0,81413,PUT,2765875351876266
0,81413,GET,2765875351920960
0,66578,PUT,2765875351848872
0,66578,GET,2765875351921090
0,68892,PUT,2765875351899390
0,68892,GET,2765875351921060
0,76558,PUT,2765875351858845
0,76558,GET,2765875351921190
0,61981,PUT,2765875351869861
0,61981,GET,2765875351921220
0,77331,PUT,2765875351857011
0,77331,GET,2765875351921230
0,79894,PUT,2765875351891471
0,79894,GET,2765875351921361
0,55582,PUT,2765875351851649
0,55582,GET,2765875351921411
0,85520,PUT,2765875351874762
0,85520,GET,2765875351921461
0,77328,PUT,2765875351813099
0,77328,GET,2765875351921451
0,62232,PUT,2765875351842357
0,62232,GET,2765875351921561
0,70918,PUT,2765875351823664
0,70918,GET,2765875351921491
0,64795,PUT,2765875351869190
0,64795,GET,2765875351921621
0,67847,PUT,2765875351835812
0,67847,GET,2765875351921551
0,76290,PUT,2765875351869951
0,76290,GET,2765875351921471
0,79372,PUT,2765875351862304
0,79372,GET,2765875351921631
0,78101,PUT,2765875351824155
0,78101,GET,2765875351921762
0,65536,PUT,2765875351874542
0,65536,GET,2765875351921752
0,66840,PUT,2765875351880396
0,66840,GET,2765875351921822
0,85769,PUT,2765875351864729
0,85769,GET,2765875351921882
0,55555,PUT,2765875351843991
0,55555,GET,2765875351921982
0,68882,PUT,2765875351870132
0,68882,GET,2765875351921972
0,71682,PUT,2765875351830319
0,71682,GET,2765875351922163
0,80140,PUT,2765875351867496
0,80140,GET,2765875351921902
0,80390,PUT,2765875351871074
0,80390,GET,2765875351922032
0,69658,PUT,2765875351850867
0,69658,GET,2765875351922122
0,64027,PUT,2765875351866603
0,64027,GET,2765875351922052
0,62492,PUT,2765875351846878
0,62492,GET,2765875351922203
0,68359,PUT,2765875351837466
0,68359,GET,2765875351922223
0,84998,PUT,2765875351892905
0,84998,GET,2765875351922263
0,74246,PUT,2765875351841625
0,74246,GET,2765875351922313
0,71962,PUT,2765875351864829
0,71962,GET,2765875351922363
0,64522,PUT,2765875351893295
0,64522,GET,2765875351922413
0,64260,PUT,2765875351891852
0,64260,GET,2765875351922423
0,80915,PUT,2765875351878912
0,80915,GET,2765875351922563
0,60700,PUT,2765875351836163
0,60700,GET,2765875351922704
0,75278,PUT,2765875351853744
0,75278,GET,2765875351922694
0,62484,PUT,2765875351849233
0,62484,GET,2765875351922814
0,80649,PUT,2765875351833847
0,80649,GET,2765875351922844
0,76551,PUT,2765875351879493
0,76551,GET,2765875351922884
0,82192,PUT,2765875351846046
0,82192,GET,2765875351922924
0,76303,PUT,2765875351854425
0,76303,GET,2765875351922964
0,61213,PUT,2765875351866704
0,61213,GET,2765875351923035
0,82697,PUT,2765875351845825
0,82697,GET,2765875351923075
0,62488,PUT,2765875351843199
0,62488,GET,2765875351923375
0,69643,PUT,2765875351824746
0,69643,GET,2765875351923195
0,63256,PUT,2765875351847569
0,63256,GET,2765875351923165
0,62487,PUT,2765875351842237
0,62487,GET,2765875351923265
0,85525,PUT,2765875351871234
0,85525,GET,2765875351923205
0,84488,PUT,2765875351861061
0,84488,GET,2765875351923546
0,63259,PUT,2765875351858735
0,63259,GET,2765875351923586
0,79888,PUT,2765875351831923
0,79888,GET,2765875351923666
0,68626,PUT,2765875351867476
0,68626,GET,2765875351923726
0,82713,PUT,2765875351884796
0,82713,GET,2765875351923716
0,84496,PUT,2765875351866994
0,84496,GET,2765875351923766
0,74759,PUT,2765875351869250
0,74759,GET,2765875351923816
0,83464,PUT,2765875351854084
0,83464,GET,2765875351923836
0,68365,PUT,2765875351918995
0,68365,GET,2765875351923907
0,63767,PUT,2765875351853102
0,63767,GET,2765875351923937
0,57603,PUT,2765875351860038
0,57603,GET,2765875351923947
0,66834,PUT,2765875351850646
0,66834,GET,2765875351924057
0,61976,PUT,2765875351841535
0,61976,GET,2765875351924167
0,56835,PUT,2765875351852060
0,56835,GET,2765875351924257
0,78342,PUT,2765875351863095
0,78342,GET,2765875351924358
0,70919,PUT,2765875351849193
0,70919,GET,2765875351924388
0,74247,PUT,2765875351864950
0,74247,GET,2765875351924488
0,62996,PUT,2765875351856370
0,62996,GET,2765875351924488
0,84752,PUT,2765875351867746
0,84752,GET,2765875351924418
0,60938,PUT,2765875351869600
0,60938,GET,2765875351924698
0,62218,PUT,2765875351881568
0,62218,GET,2765875351924829
0,57098,PUT,2765875351841094
0,57098,GET,2765875351924869
0,58142,PUT,2765875351868769
0,58142,GET,2765875351924899
0,72975,PUT,2765875351836474
0,72975,GET,2765875351924899
0,76825,PUT,2765875351846336
0,76825,GET,2765875351924899
0,82193,PUT,2765875351854395
0,82193,GET,2765875351924919
0,68114,PUT,2765875351865100
0,68114,GET,2765875351924969
0,69654,PUT,2765875351822792
0,69654,GET,2765875351925029
0,75271,PUT,2765875351871816
0,75271,GET,2765875351925129
0,79628,PUT,2765875351864068
0,79628,GET,2765875351925170
0,77070,PUT,2765875351872908
0,77070,GET,2765875351925460
0,80399,PUT,2765875351878471
0,80399,GET,2765875351925480
0,77067,PUT,2765875351877659
0,77067,GET,2765875351925480
0,66588,PUT,2765875351880506
0,66588,GET,2765875351925510
0,89865,PUT,2765875351887552
0,89865,GET,2765875351925480
0,65048,PUT,2765875351858795
0,65048,GET,2765875351925691
0,71937,PUT,2765875351869811
0,71937,GET,2765875351925580
0,80403,PUT,2765875351876236
0,80403,GET,2765875351925500
0,87817,PUT,2765875351877549
0,87817,GET,2765875351925701
0,78094,PUT,2765875351877970
0,78094,GET,2765875351925811
0,73729,PUT,2765875351882160
0,73729,GET,2765875351925751
0,83731,PUT,2765875351896182
0,83731,GET,2765875351926202
0,75795,PUT,2765875351847519
0,75795,GET,2765875351925831
0,81154,PUT,2765875351903660
0,81154,GET,2765875351925891
0,74502,PUT,2765875351844292
0,74502,GET,2765875351925781
0,88592,PUT,2765875351893466
0,88592,GET,2765875351925981
0,78337,PUT,2765875351906346
0,78337,GET,2765875351926042
0,57866,PUT,2765875351845224
0,57866,GET,2765875351926122
0,77570,PUT,2765875351883302
0,77570,GET,2765875351926062
0,85265,PUT,2765875351874462
0,85265,GET,2765875351926062
0,65052,PUT,2765875351858926
0,65052,GET,2765875351926402
0,59677,PUT,2765875351858986
0,59677,GET,2765875351926493
0,74767,PUT,2765875351845865
0,74767,GET,2765875351926563
0,67099,PUT,2765875351879493
0,67099,GET,2765875351926743
0,76299,PUT,2765875351873510
0,76299,GET,2765875351926733
0,87305,PUT,2765875351874041
0,87305,GET,2765875351926703
0,60416,PUT,2765875351821368
0,60416,GET,2765875351926693
0,81926,PUT,2765875351879433
0,81926,GET,2765875351926793
0,60446,PUT,2765875351884966
0,60446,GET,2765875351926894
0,60932,PUT,2765875351872928
0,60932,GET,2765875351926884
0,52510,PUT,2765875351831943
0,52510,GET,2765875351926964
0,63508,PUT,2765875351858084
0,63508,GET,2765875351926954
0,69919,PUT,2765875351915016
0,69919,GET,2765875351926994
0,63003,PUT,2765875351855077
0,63003,GET,2765875351927274
0,76550,PUT,2765875351853653
0,76550,GET,2765875351927254
0,80147,PUT,2765875351875494
0,80147,GET,2765875351927455
0,70913,PUT,2765875351864659
0,70913,GET,2765875351927405
0,86536,PUT,2765875351876266
0,86536,GET,2765875351927525
0,72726,PUT,2765875351841395
0,72726,GET,2765875351927485
0,71681,PUT,2765875351868969
0,71681,GET,2765875351927505
0,86289,PUT,2765875351880315
0,86289,GET,2765875351927665
0,77317,PUT,2765875351852972
0,77317,GET,2765875351927906
0,67602,PUT,2765875351861542
0,67602,GET,2765875351927866
0,77849,PUT,2765875351851559
0,77849,GET,2765875351927896
0,59405,PUT,2765875351840703
0,59405,GET,2765875351927946
0,74763,PUT,2765875351862283
0,74763,GET,2765875351928056
0,80655,PUT,2765875351886710
0,80655,GET,2765875351927936
0,58115,PUT,2765875351862835
0,58115,GET,2765875351928207
0,78092,PUT,2765875351854796
0,78092,GET,2765875351928237
0,81670,PUT,2765875351878621
0,81670,GET,2765875351928197
0,64540,PUT,2765875351857402
0,64540,GET,2765875351928347
0,81676,PUT,2765875351873169
0,81676,GET,2765875351928357
0,79129,PUT,2765875351856380
0,79129,GET,2765875351928457
0,77580,PUT,2765875351853122
0,77580,GET,2765875351928427
0,84753,PUT,2765875351871916
0,84753,GET,2765875351928628
0,55811,PUT,2765875351845715
0,55811,GET,2765875351928597
0,88072,PUT,2765875351890599
0,88072,GET,2765875351928557
0,84742,PUT,2765875351891130
0,84742,GET,2765875351928738
0,86293,PUT,2765875351877449
0,86293,GET,2765875351928818
0,59402,PUT,2765875351858034
0,59402,GET,2765875351928678
0,81929,PUT,2765875351838759
0,81929,GET,2765875351928878
0,61956,PUT,2765875351877138
0,61956,GET,2765875351928968
0,59652,PUT,2765875351869149
0,59652,GET,2765875351929089
0,62748,PUT,2765875351847730
0,62748,GET,2765875351929079
0,63775,PUT,2765875351870743
0,63775,GET,2765875351929269
0,78854,PUT,2765875351865441
0,78854,GET,2765875351929259
0,82953,PUT,2765875351847589
0,82953,GET,2765875351929269
0,75279,PUT,2765875351847429
0,75279,GET,2765875351929299
0,74757,PUT,2765875351839080
0,74757,GET,2765875351929439
0,55070,PUT,2765875351848101
0,55070,GET,2765875351929520
0,71175,PUT,2765875351850987
0,71175,GET,2765875351929590
0,77071,PUT,2765875351862314
0,77071,GET,2765875351929670
0,80133,PUT,2765875351869390
0,80133,GET,2765875351929680
0,85779,PUT,2765875351908471
0,85779,GET,2765875351929710
0,68609,PUT,2765875351847178
0,68609,GET,2765875351929981
0,77061,PUT,2765875351851248
0,77061,GET,2765875351930001
0,59651,PUT,2765875351871986
0,59651,GET,2765875351930081
0,51998,PUT,2765875351829267
0,51998,GET,2765875351930151
0,65564,PUT,2765875351865260
0,65564,GET,2765875351930111
0,72199,PUT,2765875351854976
0,72199,GET,2765875351930211
0,83217,PUT,2765875351861251
0,83217,GET,2765875351930392
0,62749,PUT,2765875351874131
0,62749,GET,2765875351930402
0,65024,PUT,2765875351870021
0,65024,GET,2765875351930432
0,78860,PUT,2765875351859086
0,78860,GET,2765875351930332
0,72474,PUT,2765875351866543
0,72474,GET,2765875351930492
0,74515,PUT,2765875351841575
0,74515,GET,2765875351930582
0,63744,PUT,2765875351861191
0,63744,GET,2765875351930522
0,61197,PUT,2765875351859838
0,61197,GET,2765875351930752
0,65307,PUT,2765875351872848
0,65307,GET,2765875351930873
0,87056,PUT,2765875351886861
0,87056,GET,2765875351930783
0,66066,PUT,2765875351847218
0,66066,GET,2765875351930833
0,78598,PUT,2765875351864709
0,78598,GET,2765875351930983
0,92680,PUT,2765875351927585
0,92680,GET,2765875351931073
0,71194,PUT,2765875351861371
0,71194,GET,2765875351931113
0,69650,PUT,2765875351876396
0,69650,GET,2765875351931123
0,82449,PUT,2765875351856119
0,82449,GET,2765875351931214
0,64283,PUT,2765875351867496
0,64283,GET,2765875351931274
0,85513,PUT,2765875351863887
0,85513,GET,2765875351931414
0,61979,PUT,2765875351850787
0,61979,GET,2765875351931354
0,66076,PUT,2765875351874993
0,66076,GET,2765875351931635
0,67090,PUT,2765875351851448
0,67090,GET,2765875351931735
0,71947,PUT,2765875351836985
0,71947,GET,2765875351931855
0,57348,PUT,2765875351855969
0,57348,GET,2765875351931905
0,79622,PUT,2765875351868658
0,79622,GET,2765875351931985
0,76566,PUT,2765875351870893
0,76566,GET,2765875351932045
0,63488,PUT,2765875351858876
0,63488,GET,2765875351932126
0,70657,PUT,2765875351862885
0,70657,GET,2765875351932166
0,79375,PUT,2765875351875053
0,79375,GET,2765875351932076
0,92425,PUT,2765875351903469
0,92425,GET,2765875351932086
0,85256,PUT,2765875351864428
0,85256,GET,2765875351932106
0,59661,PUT,2765875351843349
0,59661,GET,2765875351932286
0,86277,PUT,2765875351918474
0,86277,GET,2765875351932316
0,77075,PUT,2765875351856330
0,77075,GET,2765875351932316
0,78865,PUT,2765875351825017
0,78865,GET,2765875351932366
0,57118,PUT,2765875351859597
0,57118,GET,2765875351932537
0,71169,PUT,2765875351865391
0,71169,GET,2765875351932577
0,77318,PUT,2765875351858896
0,77318,GET,2765875351932597
0,79635,PUT,2765875351873309
0,79635,GET,2765875351932577
0,59678,PUT,2765875351879503
0,59678,GET,2765875351932677
0,73479,PUT,2765875351861642
0,73479,GET,2765875351932958
0,73498,PUT,2765875351872638
0,73498,GET,2765875351933058
0,64535,PUT,2765875351855638
0,64535,GET,2765875351933048
0,64799,PUT,2765875351882430
0,64799,GET,2765875351932988
0,72967,PUT,2765875351859998
0,72967,GET,2765875351933098
0,55562,PUT,2765875351833467
0,55562,GET,2765875351933168
0,79631,PUT,2765875351875915
0,79631,GET,2765875351933238
0,79883,PUT,2765875351896343
0,79883,GET,2765875351933268
0,53271,PUT,2765875351781235
0,53271,GET,2765875351933379
0,57885,PUT,2765875351845444
0,57885,GET,2765875351933479
0,83473,PUT,2765875351862073
0,83473,GET,2765875351933479
0,78091,PUT,2765875351882801
0,78091,GET,2765875351933449
0,78102,PUT,2765875351880796
0,78102,GET,2765875351933589
0,60676,PUT,2765875351872116
0,60676,GET,2765875351933549
0,63263,PUT,2765875351868047
0,63263,GET,2765875351933800
0,83990,PUT,2765875351916630
0,83990,GET,2765875351933870
0,83989,PUT,2765875351859417
0,83989,GET,2765875351933810
0,84245,PUT,2765875351864970
0,84245,GET,2765875351933950
0,78867,PUT,2765875351869129
0,78867,GET,2765875351934000
0,75030,PUT,2765875351852832
0,75030,GET,2765875351933970
0,60957,PUT,2765875351865952
0,60957,GET,2765875351934040
0,64280,PUT,2765875351853603
0,64280,GET,2765875351934100
0,85529,PUT,2765875351910215
0,85529,GET,2765875351934090
0,80902,PUT,2765875351873359
0,80902,GET,2765875351934110
0,71425,PUT,2765875351867205
0,71425,GET,2765875351934110
0,69906,PUT,2765875351877228
0,69906,GET,2765875351934301
0,66335,PUT,2765875351895130
0,66335,GET,2765875351934281
0,87560,PUT,2765875351885808
0,87560,GET,2765875351934351
0,63517,PUT,2765875351878551
0,63517,GET,2765875351934371
0,64792,PUT,2765875351857081
0,64792,GET,2765875351934411
0,57860,PUT,2765875351858575
0,57860,GET,2765875351934471
0,80139,PUT,2765875351897104
0,80139,GET,2765875351934311
0,79110,PUT,2765875351866273
0,79110,GET,2765875351934511
0,64029,PUT,2765875351880105
0,64029,GET,2765875351934652
0,83462,PUT,2765875351885357
0,83462,GET,2765875351934772
0,59933,PUT,2765875351860670
0,59933,GET,2765875351934832
0,68379,PUT,2765875351890248
0,68379,GET,2765875351934792
0,64512,PUT,2765875351864368
0,64512,GET,2765875351935093
0,79884,PUT,2765875351865711
0,79884,GET,2765875351934752
0,62468,PUT,2765875351878571
0,62468,GET,2765875351935002
0,61720,PUT,2765875351840794
0,61720,GET,2765875351935032
0,66079,PUT,2765875351894278
0,66079,GET,2765875351935183
0,77326,PUT,2765875351873770
0,77326,GET,2765875351935143
0,54538,PUT,2765875351828244
0,54538,GET,2765875351935113
0,60685,PUT,2765875351854014
0,60685,GET,2765875351935243
0,64797,PUT,2765875351884605
0,64797,GET,2765875351935313
0,61709,PUT,2765875351865140
0,61709,GET,2765875351935393
0,81167,PUT,2765875351888384
0,81167,GET,2765875351935554
0,63773,PUT,2765875351879273
0,63773,GET,2765875351935684
0,79887,PUT,2765875351876807
0,79887,GET,2765875351935704
0,82700,PUT,2765875351880967
0,82700,GET,2765875351935644
0,83720,PUT,2765875351857623
0,83720,GET,2765875351935784
0,84757,PUT,2765875351868708
0,84757,GET,2765875351935864
0,75522,PUT,2765875351863777
0,75522,GET,2765875351935975
0,77081,PUT,2765875351848151
0,77081,GET,2765875351935955
0,70401,PUT,2765875351862063
0,70401,GET,2765875351936075
0,85004,PUT,2765875351893115
0,85004,GET,2765875351936165
0,75546,PUT,2765875351885858
0,75546,GET,2765875351936005
0,84240,PUT,2765875351866162
0,84240,GET,2765875351936255
0,81689,PUT,2765875351872267
0,81689,GET,2765875351936265
0,62237,PUT,2765875351871575
0,62237,GET,2765875351936275
0,81420,PUT,2765875351872367
0,81420,GET,2765875351936285
0,59934,PUT,2765875351882200
0,59934,GET,2765875351936456
0,75023,PUT,2765875351846597
0,75023,GET,2765875351936566
0,75535,PUT,2765875351848291
0,75535,GET,2765875351936616
0,78350,PUT,2765875351879754
0,78350,GET,2765875351936616
0,60426,PUT,2765875351865220
0,60426,GET,2765875351936616
0,75022,PUT,2765875351852912
0,75022,GET,2765875351936756
0,67348,PUT,2765875351889427
0,67348,GET,2765875351936746
0,80901,PUT,2765875351873680
0,80901,GET,2765875351936766
0,66048,PUT,2765875351893937
0,66048,GET,2765875351936807
0,75801,PUT,2765875351840262
0,75801,GET,2765875351936937
0,85768,PUT,2765875351871004
0,85768,GET,2765875351936957
0,62239,PUT,2765875351862083
0,62239,GET,2765875351936947
0,74771,PUT,2765875351842417
0,74771,GET,2765875351937017
0,65280,PUT,2765875351871114
0,65280,GET,2765875351937127
0,80398,PUT,2765875351892694
0,80398,GET,2765875351937207
0,81164,PUT,2765875351871555
0,81164,GET,2765875351937187
0,77058,PUT,2765875351872367
0,77058,GET,2765875351937248
0,85777,PUT,2765875351875875
0,85777,GET,2765875351937478
0,53278,PUT,2765875351834599
0,53278,GET,2765875351937498
0,63771,PUT,2765875351864849
0,63771,GET,2765875351937548
0,62477,PUT,2765875351871174
0,62477,GET,2765875351937548
0,91401,PUT,2765875351897896
0,91401,GET,2765875351937649
0,63772,PUT,2765875351853894
0,63772,GET,2765875351937749
0,65540,PUT,2765875351898498
0,65540,GET,2765875351937729
0,65037,PUT,2765875351890038
0,65037,GET,2765875351937749
0,72706,PUT,2765875351844422
0,72706,GET,2765875351937679
0,69400,PUT,2765875351898137
0,69400,GET,2765875351937659
0,86545,PUT,2765875351881999
0,86545,GET,2765875351937869
0,73477,PUT,2765875351832284
0,73477,GET,2765875351937959
0,86796,PUT,2765875351907208
0,86796,GET,2765875351938029
0,59139,PUT,2765875351866914
0,59139,GET,2765875351938240
0,69404,PUT,2765875351901885
0,69404,GET,2765875351938370
0,89609,PUT,2765875351886770
0,89609,GET,2765875351938280
0,65309,PUT,2765875351889056
0,65309,GET,2765875351938380
0,73753,PUT,2765875351825568
0,73753,GET,2765875351938450
0,78610,PUT,2765875351931244
0,78610,GET,2765875351938480
0,70930,PUT,2765875351880606
0,70930,GET,2765875351938521
0,78870,PUT,2765875351885317
0,78870,GET,2765875351938541
0,82197,PUT,2765875351846467
0,82197,GET,2765875351938581
0,60420,PUT,2765875351871385
0,60420,GET,2765875351938651
0,73730,PUT,2765875351851508
0,73730,GET,2765875351938651
0,68635,PUT,2765875351891080
0,68635,GET,2765875351938601
0,80646,PUT,2765875351872688
0,80646,GET,2765875351938721
0,58883,PUT,2765875351866072
0,58883,GET,2765875351938721
0,61706,PUT,2765875351877238
0,61706,GET,2765875351938791
0,78105,PUT,2765875351852390
0,78105,GET,2765875351938841
0,57374,PUT,2765875351860449
0,57374,GET,2765875351938841
0,66324,PUT,2765875351883222
0,66324,GET,2765875351938851
0,77582,PUT,2765875351875514
0,77582,GET,2765875351938711
0,78869,PUT,2765875351830089
0,78869,GET,2765875351938931
0,86800,PUT,2765875351885116
0,86800,GET,2765875351938952
0,72193,PUT,2765875351870543
0,72193,GET,2765875351939222
0,75526,PUT,2765875351849394
0,75526,GET,2765875351939312
0,60941,PUT,2765875351854696
0,60941,GET,2765875351939463
0,75015,PUT,2765875351870102
0,75015,GET,2765875351939443
0,74255,PUT,2765875351843249
0,74255,GET,2765875351939483
0,58378,PUT,2765875351850386
0,58378,GET,2765875351939653
0,73754,PUT,2765875351873500
0,73754,GET,2765875351939673
0,83206,PUT,2765875351884545
0,83206,GET,2765875351939673
0,90128,PUT,2765875351906516
0,90128,GET,2765875351939884
0,80659,PUT,2765875351878070
0,80659,GET,2765875351939904
0,78351,PUT,2765875351869991
0,78351,GET,2765875351939864
0,73986,PUT,2765875351853212
0,73986,GET,2765875351940144
0,73483,PUT,2765875351853623
0,73483,GET,2765875351940164
0,64266,PUT,2765875351891672
0,64266,GET,2765875351940174
0,79878,PUT,2765875351869460
0,79878,GET,2765875351940084
0,75010,PUT,2765875351861111
0,75010,GET,2765875351940245
0,87048,PUT,2765875351884144
0,87048,GET,2765875351940174
0,79123,PUT,2765875351871625
0,79123,GET,2765875351940285
0,82710,PUT,2765875351907549
0,82710,GET,2765875351940295
0,79627,PUT,2765875351894779
0,79627,GET,2765875351940385
0,62495,PUT,2765875351864529
0,62495,GET,2765875351940355
0,60952,PUT,2765875351832615
0,60952,GET,2765875351940435
0,77846,PUT,2765875351879002
0,77846,GET,2765875351940425
0,76570,PUT,2765875351893045
0,76570,GET,2765875351940595
0,83729,PUT,2765875351863887
0,83729,GET,2765875351940505
0,56349,PUT,2765875351833898
0,56349,GET,2765875351940505
0,81932,PUT,2765875351873961
0,81932,GET,2765875351940605
0,93961,PUT,2765875351918263
0,93961,GET,2765875351940555
0,82454,PUT,2765875351905303
0,82454,GET,2765875351940645
0,74498,PUT,2765875351855718
0,74498,GET,2765875351940706
0,61699,PUT,2765875351888735
0,61699,GET,2765875351940826
0,59908,PUT,2765875351869971
0,59908,GET,2765875351940846
0,76043,PUT,2765875351872658
0,76043,GET,2765875351941066
0,83977,PUT,2765875351853704
0,83977,GET,2765875351940896
0,64020,PUT,2765875351863256
0,64020,GET,2765875351941127
0,59422,PUT,2765875351876727
0,59422,GET,2765875351941177
0,90385,PUT,2765875351907438
0,90385,GET,2765875351941217
0,77590,PUT,2765875351878170
0,77590,GET,2765875351941097
0,69914,PUT,2765875351851639
0,69914,GET,2765875351941207
0,62980,PUT,2765875351882150
0,62980,GET,2765875351941317
0,86033,PUT,2765875351879493
0,86033,GET,2765875351941397
0,63764,PUT,2765875351858926
0,63764,GET,2765875351941397
0,54531,PUT,2765875351836985
0,54531,GET,2765875351941377
0,94224,PUT,2765875351926934
0,94224,GET,2765875351941538
0,91409,PUT,2765875351912440
0,91409,GET,2765875351941528
0,82950,PUT,2765875351883733
0,82950,GET,2765875351941538
0,85264,PUT,2765875351872136
0,85264,GET,2765875351941708
0,65802,PUT,2765875351907709
0,65802,GET,2765875351941858
0,65303,PUT,2765875351860810
0,65303,GET,2765875351941948
0,85013,PUT,2765875351869560
0,85013,GET,2765875351941868
0,64256,PUT,2765875351863316
0,64256,GET,2765875351942079
0,73217,PUT,2765875351880476
0,73217,GET,2765875351942049
0,78095,PUT,2765875351869139
0,78095,GET,2765875351942069
0,68123,PUT,2765875351889416
0,68123,GET,2765875351942119
0,61955,PUT,2765875351889537
0,61955,GET,2765875351942149
0,65823,PUT,2765875351892203
0,65823,GET,2765875351942149
0,59658,PUT,2765875351859818
0,59658,GET,2765875351942139
0,62986,PUT,2765875351884054
0,62986,GET,2765875351942159
0,58372,PUT,2765875351861191
0,58372,GET,2765875351942349
0,65821,PUT,2765875351899620
0,65821,GET,2765875351942349
0,68120,PUT,2765875351891802
0,68120,GET,2765875351942369
0,82694,PUT,2765875351881949
0,82694,GET,2765875351942249
0,79118,PUT,2765875351882260
0,79118,GET,2765875351942379
0,78347,PUT,2765875351884535
0,78347,GET,2765875351942390
0,64532,PUT,2765875351864799
0,64532,GET,2765875351942640
0,88080,PUT,2765875351891802
0,88080,GET,2765875351942650
0,77843,PUT,2765875351862203
0,77843,GET,2765875351942760
0,61444,PUT,2765875351874552
0,61444,GET,2765875351942760
0,84230,PUT,2765875351889547
0,84230,GET,2765875351942871
0,77836,PUT,2765875351854024
0,77836,GET,2765875351943031
0,74242,PUT,2765875351854054
0,74242,GET,2765875351943071
0,59907,PUT,2765875351872838
0,59907,GET,2765875351943061
0,73735,PUT,2765875351862464
0,73735,GET,2765875351943191
0,89361,PUT,2765875351901334
0,89361,GET,2765875351943091
0,64778,PUT,2765875351894117
0,64778,GET,2765875351943131
0,64024,PUT,2765875351851899
0,64024,GET,2765875351943131
0,69403,PUT,2765875351893516
0,69403,GET,2765875351943171
0,72216,PUT,2765875351917722
0,72216,GET,2765875351943181
0,80145,PUT,2765875351841335
0,80145,GET,2765875351943021
0,64276,PUT,2765875351864048
0,64276,GET,2765875351943231
0,82693,PUT,2765875351883924
0,82693,GET,2765875351943131
0,81158,PUT,2765875351874081
0,81158,GET,2765875351943131
0,57354,PUT,2765875351841846
0,57354,GET,2765875351943241
0,62730,PUT,2765875351883232
0,62730,GET,2765875351943332
0,65819,PUT,2765875351874532
0,65819,GET,2765875351943452
0,86024,PUT,2765875351872718
0,86024,GET,2765875351943552
0,88073,PUT,2765875351878381
0,88073,GET,2765875351943622
0,60163,PUT,2765875351874602
0,60163,GET,2765875351943672
0,82702,PUT,2765875351901615
0,82702,GET,2765875351943733
0,80651,PUT,2765875351898748
0,80651,GET,2765875351943783
0,66591,PUT,2765875351896012
0,66591,GET,2765875351943883
0,76801,PUT,2765875351899560
0,76801,GET,2765875351943853
0,62723,PUT,2765875351894639
0,62723,GET,2765875351943923
0,66829,PUT,2765875351909593
0,66829,GET,2765875351944063
0,67611,PUT,2765875351885858
0,67611,GET,2765875351944043
0,72971,PUT,2765875351850947
0,72971,GET,2765875351944003
0,82965,PUT,2765875351852461
0,82965,GET,2765875351944093
0,82188,PUT,2765875351876436
0,82188,GET,2765875351944103
0,69394,PUT,2765875351873710
0,69394,GET,2765875351944124
0,64286,PUT,2765875351911047
0,64286,GET,2765875351944154
0,61965,PUT,2765875351867816
0,61965,GET,2765875351944174
0,71698,PUT,2765875351885547
0,71698,GET,2765875351944264
0,82195,PUT,2765875351889246
0,82195,GET,2765875351944384
0,77835,PUT,2765875351881969
0,77835,GET,2765875351944504
0,70145,PUT,2765875351860339
0,70145,GET,2765875351944374
0,74503,PUT,2765875351865711
0,74503,GET,2765875351944605
0,59140,PUT,2765875351867486
0,59140,GET,2765875351944575
0,70407,PUT,2765875351845865
0,70407,GET,2765875351944605
0,81166,PUT,2765875351894869
0,81166,GET,2765875351944695
0,65812,PUT,2765875351879614
0,65812,GET,2765875351944735
0,55837,PUT,2765875351830359
0,55837,GET,2765875351944745
0,70170,PUT,2765875351852511
0,70170,GET,2765875351944945
0,76050,PUT,2765875351919166
0,76050,GET,2765875351944996
0,86543,PUT,2765875351940345
0,86543,GET,2765875351945046
0,78862,PUT,2765875351881438
0,78862,GET,2765875351944845
0,86544,PUT,2765875351882390
0,86544,GET,2765875351944986
0,73234,PUT,2765875351896152
0,73234,GET,2765875351944986
0,84486,PUT,2765875351890359
0,84486,GET,2765875351945006
0,74511,PUT,2765875351845043
0,74511,GET,2765875351945046
0,75527,PUT,2765875351874422
0,75527,GET,2765875351944966
0,77314,PUT,2765875351881478
0,77314,GET,2765875351945326
0,67608,PUT,2765875351887492
0,67608,GET,2765875351945487
0,59679,PUT,2765875351843811
0,59679,GET,2765875351945567
0,65565,PUT,2765875351889928
0,65565,GET,2765875351945707
0,64031,PUT,2765875351872577
0,64031,GET,2765875351945637
0,63236,PUT,2765875351882992
0,63236,GET,2765875351945507
0,76058,PUT,2765875351890238
0,76058,GET,2765875351945737
0,82191,PUT,2765875351897445
0,82191,GET,2765875351945807
0,66072,PUT,2765875351873570
0,66072,GET,2765875351945777
0,78617,PUT,2765875351854786
0,78617,GET,2765875351945777
0,82181,PUT,2765875351878631
0,82181,GET,2765875351945898
0,65820,PUT,2765875351874151
0,65820,GET,2765875351945908
0,71196,PUT,2765875351912580
0,71196,GET,2765875351945908
0,86278,PUT,2765875351900783
0,86278,GET,2765875351945978
0,88841,PUT,2765875351882500
0,88841,GET,2765875351946008
0,60419,PUT,2765875351875434
0,60419,GET,2765875351946108
0,78358,PUT,2765875351883593
0,78358,GET,2765875351946048
0,93457,PUT,2765875351927335
0,93457,GET,2765875351946248
0,65796,PUT,2765875351906135
0,65796,GET,2765875351946339
0,59423,PUT,2765875351843009
0,59423,GET,2765875351946269
0,72730,PUT,2765875351868237
0,72730,GET,2765875351946379
0,58627,PUT,2765875351865260
0,58627,GET,2765875351946399
0,63261,PUT,2765875351876747
0,63261,GET,2765875351946419
0,83471,PUT,2765875351912500
0,83471,GET,2765875351946419
0,82182,PUT,2765875351880245
0,82182,GET,2765875351946649
0,79891,PUT,2765875351874803
0,79891,GET,2765875351946619
0,76289,PUT,2765875351895992
0,76289,GET,2765875351946710
0,77327,PUT,2765875351863977
0,77327,GET,2765875351946639
0,85510,PUT,2765875351894498
0,85510,GET,2765875351946810
0,58654,PUT,2765875351872227
0,58654,GET,2765875351946910
0,62751,PUT,2765875351866333
0,62751,GET,2765875351947010
0,67352,PUT,2765875351885698
0,67352,GET,2765875351947181
0,72961,PUT,2765875351878662
0,72961,GET,2765875351947301
0,76546,PUT,2765875351870803
0,76546,GET,2765875351947361
0,78338,PUT,2765875351888575
0,78338,GET,2765875351947331
0,86025,PUT,2765875351865591
0,86025,GET,2765875351947381
0,91664,PUT,2765875351915196
0,91664,GET,2765875351947371
0,83205,PUT,2765875351887532
0,83205,GET,2765875351947592
0,77334,PUT,2765875351876296
0,77334,GET,2765875351947451
0,56068,PUT,2765875351850055
0,56068,GET,2765875351947592
0,73755,PUT,2765875351914174
0,73755,GET,2765875351947662
0,64525,PUT,2765875351885918
0,64525,GET,2765875351947622
0,76807,PUT,2765875351886700
0,76807,GET,2765875351947712
0,83717,PUT,2765875351898257
0,83717,GET,2765875351947642
0,74002,PUT,2765875351902186
0,74002,GET,2765875351947692
0,88849,PUT,2765875351897916
0,88849,GET,2765875351947993
0,66839,PUT,2765875351885337
0,66839,GET,2765875351947852
0,84491,PUT,2765875351924007
0,84491,GET,2765875351947912
0,80150,PUT,2765875351892253
0,80150,GET,2765875351947952
0,59421,PUT,2765875351858254
0,59421,GET,2765875351948013
0,88341,PUT,2765875351900212
0,88341,GET,2765875351948063
0,61727,PUT,2765875351857633
0,61727,GET,2765875351948173
0,65567,PUT,2765875351885096
0,65567,GET,2765875351948143
0,83733,PUT,2765875351858565
0,83733,GET,2765875351948253
0,85772,PUT,2765875351899430
0,85772,GET,2765875351948183
0,85254,PUT,2765875351893676
0,85254,GET,2765875351948213
0,78873,PUT,2765875351855568
0,78873,GET,2765875351948343
0,66332,PUT,2765875351879644
0,66332,GET,2765875351948393
0,81936,PUT,2765875351843339
0,81936,GET,2765875351948343
0,64543,PUT,2765875351881568
0,64543,GET,2765875351948544
0,76033,PUT,2765875351895230
0,76033,GET,2765875351948564
0,57630,PUT,2765875351865050
0,57630,GET,2765875351948544
0,67095,PUT,2765875351886279
0,67095,GET,2765875351948554
0,71186,PUT,2765875351881438
0,71186,GET,2765875351948614
0,77838,PUT,2765875351876336
0,77838,GET,2765875351948584
0,82444,PUT,2765875351879183
0,82444,GET,2765875351948774
0,82959,PUT,2765875351900943
0,82959,GET,2765875351948814
0,82690,PUT,2765875351910175
0,82690,GET,2765875351948905
0,75019,PUT,2765875351865902
0,75019,GET,2765875351948925
0,89097,PUT,2765875351883222
0,89097,GET,2765875351948935
0,63006,PUT,2765875351903900
0,63006,GET,2765875351948965
0,76295,PUT,2765875351878672
0,76295,GET,2765875351949095
0,76802,PUT,2765875351871625
0,76802,GET,2765875351949105
0,71442,PUT,2765875351884696
0,71442,GET,2765875351949185
0,62238,PUT,2765875351897515
0,62238,GET,2765875351949235
0,79618,PUT,2765875351894097
0,79618,GET,2765875351949276
0,87824,PUT,2765875351890970
0,87824,GET,2765875351949326
0,79379,PUT,2765875351872477
0,79379,GET,2765875351949396
0,80897,PUT,2765875351929650
0,80897,GET,2765875351949506
0,81427,PUT,2765875351883292
0,81427,GET,2765875351949546
0,61469,PUT,2765875351868167
0,61469,GET,2765875351949757
0,79115,PUT,2765875351891311
0,79115,GET,2765875351949616
0,84758,PUT,2765875351922092
0,84758,GET,2765875351949867
0,83980,PUT,2765875351888875
0,83980,GET,2765875351949917
0,61443,PUT,2765875351887893
0,61443,GET,2765875351950047
0,76034,PUT,2765875351868237
0,76034,GET,2765875351950037
0,88328,PUT,2765875351891351
0,88328,GET,2765875351950308
0,88848,PUT,2765875351894298
0,88848,GET,2765875351950178
0,64259,PUT,2765875351906045
0,64259,GET,2765875351950168
0,92949,PUT,2765875351929109
0,92949,GET,2765875351950228
0,80406,PUT,2765875351894057
0,80406,GET,2765875351950418
0,66843,PUT,2765875351878822
0,66843,GET,2765875351950298
0,87820,PUT,2765875351914354
0,87820,GET,2765875351950508
0,66317,PUT,2765875351904351
0,66317,GET,2765875351950729
0,68372,PUT,2765875351902336
0,68372,GET,2765875351950639
0,65539,PUT,2765875351913412
0,65539,GET,2765875351950869
0,77829,PUT,2765875351856400
0,77829,GET,2765875351951060
0,67351,PUT,2765875351889978
0,67351,GET,2765875351950899
0,76806,PUT,2765875351856350
0,76806,GET,2765875351951020
0,85253,PUT,2765875351913412
0,85253,GET,2765875351951100
0,77573,PUT,2765875351855538
0,77573,GET,2765875351951220
0,93973,PUT,2765875351934772
0,93973,GET,2765875351951130
0,64028,PUT,2765875351855698
0,64028,GET,2765875351951160
0,90121,PUT,2765875351889206
0,90121,GET,2765875351951130
0,63498,PUT,2765875351888254
0,63498,GET,2765875351951350
0,67100,PUT,2765875351883092
0,67100,GET,2765875351951601
0,88593,PUT,2765875351897054
0,88593,GET,2765875351951691
0,75290,PUT,2765875351882220
0,75290,GET,2765875351951841
0,81942,PUT,2765875351902818
0,81942,GET,2765875351952052
0,66560,PUT,2765875351896022
0,66560,GET,2765875351952122
0,82956,PUT,2765875351881799
0,82956,GET,2765875351952022
0,75802,PUT,2765875351888565
0,75802,GET,2765875351952122
0,64010,PUT,2765875351889918
0,64010,GET,2765875351952132
0,71188,PUT,2765875351927054
0,71188,GET,2765875351952202
0,69912,PUT,2765875351899750
0,69912,GET,2765875351952222
0,60958,PUT,2765875351891441
0,60958,GET,2765875351952393
0,84243,PUT,2765875351898788
0,84243,GET,2765875351952443
0,73473,PUT,2765875351881338
0,73473,GET,2765875351952513
0,85257,PUT,2765875351861261
0,85257,GET,2765875351952523
0,71960,PUT,2765875351916900
0,71960,GET,2765875351952533
0,72722,PUT,2765875351894478
0,72722,GET,2765875351952463
0,72728,PUT,2765875351923275
0,72728,GET,2765875351952754
0,69916,PUT,2765875351906426
0,69916,GET,2765875351952794
0,86549,PUT,2765875351880065
0,86549,GET,2765875351952834
0,78614,PUT,2765875351884465
0,78614,GET,2765875351952764
0,85782,PUT,2765875351926422
0,85782,GET,2765875351952884
0,82703,PUT,2765875351900101
0,82703,GET,2765875351952864
0,77850,PUT,2765875351900843
0,77850,GET,2765875351953064
0,75542,PUT,2765875351864559
0,75542,GET,2765875351953094
0,65055,PUT,2765875351883272
0,65055,GET,2765875351953345
0,85781,PUT,2765875351872046
0,85781,GET,2765875351953265
0,74268,PUT,2765875351928327
0,74268,GET,2765875351953415
0,74497,PUT,2765875351889356
0,74497,GET,2765875351953425
0,77839,PUT,2765875351867465
0,77839,GET,2765875351953435
0,58398,PUT,2765875351870483
0,58398,GET,2765875351953505
0,64285,PUT,2765875351880967
0,64285,GET,2765875351953455
0,90633,PUT,2765875351892764
0,90633,GET,2765875351953726
0,93449,PUT,2765875351914866
0,93449,GET,2765875351953726
0,75778,PUT,2765875351865551
0,75778,GET,2765875351953896
0,79126,PUT,2765875351887943
0,79126,GET,2765875351953956
0,64515,PUT,2765875351906707
0,64515,GET,2765875351954017
0,68119,PUT,2765875351898197
0,68119,GET,2765875351954147
0,79362,PUT,2765875351893245
0,79362,GET,2765875351954187
0,80666,PUT,2765875351916550
0,80666,GET,2765875351954267
0,88331,PUT,2765875351951851
0,88331,GET,2765875351954337
0,60190,PUT,2765875351883072
0,60190,GET,2765875351954327
0,70424,PUT,2765875351903279
0,70424,GET,2765875351954417
0,66583,PUT,2765875351884515
0,66583,GET,2765875351954357
0,68124,PUT,2765875351894007
0,68124,GET,2765875351954377
0,66061,PUT,2765875351902617
0,66061,GET,2765875351954598
0,81177,PUT,2765875351870493
0,81177,GET,2765875351954588
0,87052,PUT,2765875351908982
0,87052,GET,2765875351954377
0,88336,PUT,2765875351892634
0,88336,GET,2765875351954528
0,62979,PUT,2765875351895481
0,62979,GET,2765875351954708
0,67860,PUT,2765875351891100
0,67860,GET,2765875351954798
0,61214,PUT,2765875351892303
0,61214,GET,2765875351954678
0,85766,PUT,2765875351897215
0,85766,GET,2765875351954828
0,81423,PUT,2765875351891171
0,81423,GET,2765875351955039
0,87304,PUT,2765875351884996
0,87304,GET,2765875351955109
0,89096,PUT,2765875351895571
0,89096,GET,2765875351955189
0,62733,PUT,2765875351875404
0,62733,GET,2765875351955259
0,63242,PUT,2765875351887482
0,63242,GET,2765875351955239
0,70674,PUT,2765875351879754
0,70674,GET,2765875351955279
0,84502,PUT,2765875351919306
0,84502,GET,2765875351955400
0,83468,PUT,2765875351887201
0,83468,GET,2765875351955370
0,67607,PUT,2765875351890880
0,67607,GET,2765875351955460
0,85011,PUT,2765875351905965
0,85011,GET,2765875351955520
0,64539,PUT,2765875351868358
0,64539,GET,2765875351955570
0,66331,PUT,2765875351877168
0,66331,GET,2765875351955610
0,71451,PUT,2765875351902176
0,71451,GET,2765875351955640
0,87057,PUT,2765875351886500
0,87057,GET,2765875351955720
0,82695,PUT,2765875351937308
0,82695,GET,2765875351955971
0,77323,PUT,2765875351880396
0,77323,GET,2765875351955911
0,80645,PUT,2765875351872868
0,80645,GET,2765875351956051
0,72980,PUT,2765875351933639
0,72980,GET,2765875351956162
0,72705,PUT,2765875351876837
0,72705,GET,2765875351956182
0,70936,PUT,2765875351910866
0,70936,GET,2765875351956292
0,63007,PUT,2765875351867195
0,63007,GET,2765875351956342
0,66847,PUT,2765875351896884
0,66847,GET,2765875351956362
0,82457,PUT,2765875351883954
0,82457,GET,2765875351956362
0,64768,PUT,2765875351867666
0,64768,GET,2765875351956362
0,66307,PUT,2765875351925520
0,66307,GET,2765875351956452
0,68099,PUT,2765875351942821
0,68099,GET,2765875351956292
0,85273,PUT,2765875351909473
0,85273,GET,2765875351956512
0,79630,PUT,2765875351889427
0,79630,GET,2765875351956582
0,78859,PUT,2765875351890539
0,78859,GET,2765875351956653
0,80911,PUT,2765875351887562
0,80911,GET,2765875351956853
0,78604,PUT,2765875351857392
0,78604,GET,2765875351957064
0,66328,PUT,2765875351876256
0,66328,GET,2765875351957094
0,67597,PUT,2765875351913873
0,67597,GET,2765875351956933
0,76818,PUT,2765875351922704
0,76818,GET,2765875351957224
0,87317,PUT,2765875351894358
0,87317,GET,2765875351957224
0,85775,PUT,2765875351927986
0,85775,GET,2765875351957294
0,79109,PUT,2765875351863346
0,79109,GET,2765875351957384
0,69144,PUT,2765875351897265
0,69144,GET,2765875351957214
0,75777,PUT,2765875351894398
0,75777,GET,2765875351957394
0,72218,PUT,2765875351865671
0,72218,GET,2765875351957665
0,83974,PUT,2765875351887823
0,83974,GET,2765875351957625
0,62494,PUT,2765875351898367
0,62494,GET,2765875351957745
0,83475,PUT,2765875351894398
0,83475,GET,2765875351957785
0,72472,PUT,2765875351918574
0,72472,GET,2765875351957896
0,70431,PUT,2765875351916720
0,70431,GET,2765875351957855
0,80898,PUT,2765875351901204
0,80898,GET,2765875351957976
0,65549,PUT,2765875351893195
0,65549,GET,2765875351957805
0,62474,PUT,2765875351882400
0,62474,GET,2765875351957896
0,71444,PUT,2765875351927906
0,71444,GET,2765875351958066
0,63501,PUT,2765875351877900
0,63501,GET,2765875351958026
0,72475,PUT,2765875351906256
0,72475,GET,2765875351958186
0,69659,PUT,2765875351894358
0,69659,GET,2765875351958166
0,88853,PUT,2765875351904632
0,88853,GET,2765875351958286
0,84249,PUT,2765875351901565
0,84249,GET,2765875351958337
0,89360,PUT,2765875351896934
0,89360,GET,2765875351958587
0,59395,PUT,2765875351867746
0,59395,GET,2765875351958627
0,61982,PUT,2765875351896643
0,61982,GET,2765875351958657
0,81683,PUT,2765875351884876
0,81683,GET,2765875351958717
0,80134,PUT,2765875351870222
0,80134,GET,2765875351958758
0,73474,PUT,2765875351850737
0,73474,GET,2765875351959048
0,72219,PUT,2765875351905494
0,72219,GET,2765875351959038
0,77319,PUT,2765875351889306
0,77319,GET,2765875351958958
0,64004,PUT,2765875351891010
0,64004,GET,2765875351959108
0,71707,PUT,2765875351902998
0,71707,GET,2765875351959148
0,74753,PUT,2765875351890188
0,74753,GET,2765875351959209
0,90389,PUT,2765875351913242
0,90389,GET,2765875351959269
0,80654,PUT,2765875351893376
0,80654,GET,2765875351959249
0,63519,PUT,2765875351868879
0,63519,GET,2765875351959409
0,81675,PUT,2765875351904111
0,81675,GET,2765875351959199
0,70940,PUT,2765875351910766
0,70940,GET,2765875351959489
0,88086,PUT,2765875351940505
0,88086,GET,2765875351959319
0,79621,PUT,2765875351867666
0,79621,GET,2765875351959499
0,64781,PUT,2765875351887542
0,64781,GET,2765875351959650
0,86805,PUT,2765875351890730
0,86805,GET,2765875351959670
0,88329,PUT,2765875351879874
0,88329,GET,2765875351959569
0,89616,PUT,2765875351904852
0,89616,GET,2765875351959760
0,88076,PUT,2765875351915026
0,88076,GET,2765875351959670
0,79874,PUT,2765875351894849
0,79874,GET,2765875351959780
0,61450,PUT,2765875351876436
0,61450,GET,2765875351959690
0,63748,PUT,2765875351890168
0,63748,GET,2765875351960061
0,80143,PUT,2765875351877629
0,80143,GET,2765875351960081
0,84492,PUT,2765875351891511
0,84492,GET,2765875351960091
0,77082,PUT,2765875351898297
0,77082,GET,2765875351960051
0,75787,PUT,2765875351870994
0,75787,GET,2765875351960341
0,66327,PUT,2765875351883673
0,66327,GET,2765875351960371
0,74514,PUT,2765875351905714
0,74514,GET,2765875351960592
0,84241,PUT,2765875351868378
0,84241,GET,2765875351960582
0,62467,PUT,2765875351893827
0,62467,GET,2765875351960702
0,79366,PUT,2765875351867105
0,79366,GET,2765875351960943
0,88081,PUT,2765875351892684
0,88081,GET,2765875351960872
0,65054,PUT,2765875351914384
0,65054,GET,2765875351960742
0,68868,PUT,2765875351931685
0,68868,GET,2765875351960953
0,60675,PUT,2765875351882691
0,60675,GET,2765875351960973
0,66580,PUT,2765875351885036
0,66580,GET,2765875351961013
0,71452,PUT,2765875351914415
0,71452,GET,2765875351960812
0,66820,PUT,2765875351912711
0,66820,GET,2765875351961113
0,64516,PUT,2765875351892604
0,64516,GET,2765875351961023
0,91656,PUT,2765875351918745
0,91656,GET,2765875351961143
0,91155,PUT,2765875351941307
0,91155,GET,2765875351961273
0,68370,PUT,2765875351865792
0,68370,GET,2765875351961283
0,94480,PUT,2765875351928718
0,94480,GET,2765875351961263
0,67863,PUT,2765875351897325
0,67863,GET,2765875351961424
0,66573,PUT,2765875351906125
0,66573,GET,2765875351961354
0,71964,PUT,2765875351916108
0,71964,GET,2765875351961394
0,80642,PUT,2765875351900352
0,80642,GET,2765875351961504
0,68376,PUT,2765875351892664
0,68376,GET,2765875351961534
0,80153,PUT,2765875351866002
0,80153,GET,2765875351961604
0,83219,PUT,2765875351893566
0,83219,GET,2765875351961815
0,95248,PUT,2765875351934792
0,95248,GET,2765875351961835
0,61700,PUT,2765875351875394
0,61700,GET,2765875351961885
0,90129,PUT,2765875351906626
0,90129,GET,2765875351962015
0,81159,PUT,2765875351920539
0,81159,GET,2765875351962095
0,87829,PUT,2765875351897585
0,87829,GET,2765875351962206
0,70680,PUT,2765875351909052
0,70680,GET,2765875351962206
0,65293,PUT,2765875351890890
0,65293,GET,2765875351962226
0,87307,PUT,2765875351941407
0,87307,GET,2765875351962336
0,84748,PUT,2765875351892343
0,84748,GET,2765875351962396
0,61187,PUT,2765875351885367
0,61187,GET,2765875351962506
0,78362,PUT,2765875351905414
0,78362,GET,2765875351962426
0,83225,PUT,2765875351892403
0,83225,GET,2765875351962376
0,67867,PUT,2765875351888534
0,67867,GET,2765875351962627
0,69148,PUT,2765875351900252
0,69148,GET,2765875351962747
0,90630,PUT,2765875351935824
0,90630,GET,2765875351962757
0,74011,PUT,2765875351915026
0,74011,GET,2765875351962787
0,77825,PUT,2765875351902818
0,77825,GET,2765875351962707
0,91413,PUT,2765875351919486
0,91413,GET,2765875351962737
0,81434,PUT,2765875351921952
0,81434,GET,2765875351962927
0,66816,PUT,2765875351897094
0,66816,GET,2765875351963148
0,76039,PUT,2765875351877820
0,76039,GET,2765875351963078
0,64269,PUT,2765875351885076
0,64269,GET,2765875351963218
0,70175,PUT,2765875351915878
0,70175,GET,2765875351963328
0,68380,PUT,2765875351894869
0,68380,GET,2765875351963328
0,68877,PUT,2765875351922453
0,68877,GET,2765875351963358
0,72449,PUT,2765875351876005
0,72449,GET,2765875351963549
0,91657,PUT,2765875351899420
0,91657,GET,2765875351963529
0,71687,PUT,2765875351852531
0,71687,GET,2765875351963539
0,63245,PUT,2765875351877058
0,63245,GET,2765875351963428
0,80922,PUT,2765875351919306
0,80922,GET,2765875351963689
0,81174,PUT,2765875351898468
0,81174,GET,2765875351963689
0,84236,PUT,2765875351890659
0,84236,GET,2765875351963679
0,80130,PUT,2765875351896623
0,80130,GET,2765875351963779
0,78606,PUT,2765875351880586
0,78606,GET,2765875351963829
0,69147,PUT,2765875351892694
0,69147,GET,2765875351963839
0,71199,PUT,2765875351923937
0,71199,GET,2765875351964010
0,68632,PUT,2765875351895631
0,68632,GET,2765875351963980
0,63754,PUT,2765875351889086
0,63754,GET,2765875351963980
0,85785,PUT,2765875351913783
0,85785,GET,2765875351964090
0,90384,PUT,2765875351908280
0,90384,GET,2765875351964260
0,86534,PUT,2765875351901595
0,86534,GET,2765875351964280
0,80641,PUT,2765875351928798
0,80641,GET,2765875351964361
0,78593,PUT,2765875351908040
0,78593,GET,2765875351964481
0,74258,PUT,2765875351903990
0,74258,GET,2765875351964431
0,63235,PUT,2765875351896302
0,63235,GET,2765875351964501
0,73490,PUT,2765875351898888
0,73490,GET,2765875351964641
0,74779,PUT,2765875351923405
0,74779,GET,2765875351964741
0,79898,PUT,2765875351911157
0,79898,GET,2765875351964792
0,78855,PUT,2765875351902256
0,78855,GET,2765875351964912
0,69661,PUT,2765875351927926
0,69661,GET,2765875351964882
0,60959,PUT,2765875351852100
0,60959,GET,2765875351964842
0,66570,PUT,2765875351923095
0,66570,GET,2765875351965002
0,67357,PUT,2765875351916018
0,67357,GET,2765875351965112
0,75794,PUT,2765875351918304
0,75794,GET,2765875351965172
0,70168,PUT,2765875351900602
0,70168,GET,2765875351965313
0,79374,PUT,2765875351884024
0,79374,GET,2765875351965393
0,89104,PUT,2765875351896062
0,89104,GET,2765875351965644
0,81922,PUT,2765875351906897
0,81922,GET,2765875351965433
0,66314,PUT,2765875351919416
0,66314,GET,2765875351965493
0,70171,PUT,2765875351896994
0,70171,GET,2765875351965473
0,82451,PUT,2765875351890078
0,82451,GET,2765875351965413
0,82949,PUT,2765875351886680
0,82949,GET,2765875351965593
0,78594,PUT,2765875351889427
0,78594,GET,2765875351965623
0,65028,PUT,2765875351895982
0,65028,GET,2765875351965764
0,80903,PUT,2765875351917041
0,80903,GET,2765875351965714
0,70687,PUT,2765875351917572
0,70687,GET,2765875351965844
0,64541,PUT,2765875351881819
0,64541,GET,2765875351966024
0,88595,PUT,2765875351926513
0,88595,GET,2765875351965964
0,62989,PUT,2765875351876226
0,62989,GET,2765875351966075
0,67328,PUT,2765875351905133
0,67328,GET,2765875351966225
0,89356,PUT,2765875351924548
0,89356,GET,2765875351966165
0,75547,PUT,2765875351926994
0,75547,GET,2765875351966375
0,93448,PUT,2765875351929931
0,93448,GET,2765875351966405
0,55300,PUT,2765875351845705
0,55300,GET,2765875351966536
0,81171,PUT,2765875351881508
0,81171,GET,2765875351966435
0,84755,PUT,2765875351904161
0,84755,GET,2765875351966536
0,72986,PUT,2765875351871004
0,72986,GET,2765875351966676
0,80389,PUT,2765875351871184
0,80389,GET,2765875351966676
0,88585,PUT,2765875351880726
0,88585,GET,2765875351966856
0,68628,PUT,2765875351903299
0,68628,GET,2765875351966937
0,67864,PUT,2765875351888284
0,67864,GET,2765875351966927
0,84229,PUT,2765875351903619
0,84229,GET,2765875351967067
0,81686,PUT,2765875351901023
0,81686,GET,2765875351967207
0,86286,PUT,2765875351918274
0,86286,GET,2765875351967297
0,83718,PUT,2765875351886169
0,83718,GET,2765875351967448
0,67072,PUT,2765875351904060
0,67072,GET,2765875351967368
0,92433,PUT,2765875351919567
0,92433,GET,2765875351967508
0,86533,PUT,2765875351920088
0,86533,GET,2765875351967909
0,64013,PUT,2765875351882370
0,64013,GET,2765875351967849
0,64772,PUT,2765875351893426
0,64772,GET,2765875351967879
0,89353,PUT,2765875351884054
0,89353,GET,2765875351967959
0,77080,PUT,2765875351944825
0,77080,GET,2765875351967999
0,82437,PUT,2765875351881207
0,82437,GET,2765875351967969
0,87312,PUT,2765875351888534
0,87312,GET,2765875351968039
0,81935,PUT,2765875351895681
0,81935,GET,2765875351968179
0,85014,PUT,2765875351922974
0,85014,GET,2765875351968240
0,90636,PUT,2765875351930472
0,90636,GET,2765875351968159
0,68636,PUT,2765875351898528
0,68636,GET,2765875351968270
0,84485,PUT,2765875351904461
0,84485,GET,2765875351968209
0,86281,PUT,2765875351869971
0,86281,GET,2765875351968330
0,76826,PUT,2765875351897505
0,76826,GET,2765875351968360
0,64030,PUT,2765875351909273
0,64030,GET,2765875351968320
0,73985,PUT,2765875351884876
0,73985,GET,2765875351968430
0,63518,PUT,2765875351907549
0,63518,GET,2765875351968490
0,82187,PUT,2765875351906727
0,82187,GET,2765875351968520
0,59166,PUT,2765875351875855
0,59166,GET,2765875351968590
0,91153,PUT,2765875351910676
0,91153,GET,2765875351968630
0,87819,PUT,2765875351945807
0,87819,GET,2765875351968661
0,60931,PUT,2765875351884605
0,60931,GET,2765875351968630
0,80142,PUT,2765875351891822
0,80142,GET,2765875351968620
0,89862,PUT,2765875351927134
0,89862,GET,2765875351968711
0,88584,PUT,2765875351893035
0,88584,GET,2765875351968801
0,90645,PUT,2765875351915016
0,90645,GET,2765875351968821
0,69915,PUT,2765875351896152
0,69915,GET,2765875351968841
0,83212,PUT,2765875351884535
0,83212,GET,2765875351969102
0,89365,PUT,2765875351907158
0,89365,GET,2765875351968971
0,86028,PUT,2765875351902106
0,86028,GET,2765875351968911
0,67844,PUT,2765875351923957
0,67844,GET,2765875351969102
0,63757,PUT,2765875351878752
0,63757,GET,2765875351969122
0,85512,PUT,2765875351867546
0,85512,GET,2765875351969262
0,73236,PUT,2765875351934481
0,73236,GET,2765875351969282
0,85267,PUT,2765875351906807
0,85267,GET,2765875351969402
0,63774,PUT,2765875351908441
0,63774,GET,2765875351969402
0,78850,PUT,2765875351890218
0,78850,GET,2765875351969513
0,80662,PUT,2765875351895892
0,80662,GET,2765875351969573
0,66068,PUT,2765875351881528
0,66068,GET,2765875351969553
0,67612,PUT,2765875351886129
0,67612,GET,2765875351969703
0,87313,PUT,2765875351888284
0,87313,GET,2765875351969713
0,79111,PUT,2765875351902998
0,79111,GET,2765875351970004
0,86035,PUT,2765875351910826
0,86035,GET,2765875351969974
0,79371,PUT,2765875351894027
0,79371,GET,2765875351969944
0,90896,PUT,2765875351909784
0,90896,GET,2765875351969954
0,65311,PUT,2765875351884124
0,65311,GET,2765875351969964
0,86284,PUT,2765875351902858
0,86284,GET,2765875351970074
0,87577,PUT,2765875351923365
0,87577,GET,2765875351970244
0,82438,PUT,2765875351881087
0,82438,GET,2765875351970304
0,81934,PUT,2765875351899249
0,81934,GET,2765875351970324
0,86022,PUT,2765875351899931
0,86022,GET,2765875351970545
0,78343,PUT,2765875351898888
0,78343,GET,2765875351970625
0,77057,PUT,2765875351900332
0,77057,GET,2765875351970735
0,69380,PUT,2765875351933359
0,69380,GET,2765875351970605
0,86803,PUT,2765875351914956
0,86803,GET,2765875351970635
0,75282,PUT,2765875351916560
0,75282,GET,2765875351970655
0,83987,PUT,2765875351897004
0,83987,GET,2765875351970826
0,93193,PUT,2765875351914014
0,93193,GET,2765875351970916
0,85017,PUT,2765875351908611
0,85017,GET,2765875351970906
0,68864,PUT,2765875351927595
0,68864,GET,2765875351970996
0,68375,PUT,2765875351899079
0,68375,GET,2765875351971126
0,66077,PUT,2765875351901384
0,66077,GET,2765875351970986
0,82963,PUT,2765875351891812
0,82963,GET,2765875351970996
0,85518,PUT,2765875351914004
0,85518,GET,2765875351971026
0,68888,PUT,2765875351896493
0,68888,GET,2765875351970906
0,81931,PUT,2765875351904983
0,81931,GET,2765875351971186
0,87569,PUT,2765875351889116
0,87569,GET,2765875351971257
0,85776,PUT,2765875351878391
0,85776,GET,2765875351971497
0,85774,PUT,2765875351914825
0,85774,GET,2765875351971327
0,82202,PUT,2765875351929931
0,82202,GET,2765875351971277
0,83727,PUT,2765875351913352
0,83727,GET,2765875351971397
0,71448,PUT,2765875351912550
0,71448,GET,2765875351971216
0,79382,PUT,2765875351888815
0,79382,GET,2765875351971327
0,80395,PUT,2765875351897946
0,80395,GET,2765875351971467
0,85516,PUT,2765875351897666
0,85516,GET,2765875351971577
0,67584,PUT,2765875351909734
0,67584,GET,2765875351971627
0,90120,PUT,2765875351907950
0,90120,GET,2765875351971688
0,68116,PUT,2765875351900492
0,68116,GET,2765875351971668
0,64771,PUT,2765875351908360
0,64771,GET,2765875351971748
0,81945,PUT,2765875351872968
0,81945,GET,2765875351971788
0,76046,PUT,2765875351857202
0,76046,GET,2765875351971788
0,72987,PUT,2765875351907960
0,72987,GET,2765875351971848
0,84750,PUT,2765875351911558
0,84750,GET,2765875351971938
0,83201,PUT,2765875351943522
0,83201,GET,2765875351972109
0,87061,PUT,2765875351891632
0,87061,GET,2765875351971978
0,67871,PUT,2765875351900312
0,67871,GET,2765875351972149
0,65308,PUT,2765875351864398
0,65308,GET,2765875351972299
0,85262,PUT,2765875351913232
0,85262,GET,2765875351972179
0,94984,PUT,2765875351943883
0,94984,GET,2765875351972259
0,87318,PUT,2765875351934291
0,87318,GET,2765875351972269
0,81946,PUT,2765875351929069
0,81946,GET,2765875351972379
0,91921,PUT,2765875351916028
0,91921,GET,2765875351972439
0,91923,PUT,2765875351945607
0,91923,GET,2765875351972459
0,78106,PUT,2765875351901695
0,78106,GET,2765875351972530
0,66589,PUT,2765875351905875
0,66589,GET,2765875351972610
0,82714,PUT,2765875351935213
0,82714,GET,2765875351972670
0,77826,PUT,2765875351885086
0,77826,GET,2765875351972620
0,91920,PUT,2765875351916940
0,91920,GET,2765875351972720
0,68887,PUT,2765875351901745
0,68887,GET,2765875351972730
0,82707,PUT,2765875351890990
0,82707,GET,2765875351972650
0,90649,PUT,2765875351947421
0,90649,GET,2765875351972760
0,67096,PUT,2765875351882049
0,67096,GET,2765875351972840
0,84495,PUT,2765875351916610
0,84495,GET,2765875351972991
0,66075,PUT,2765875351875374
0,66075,GET,2765875351973031
0,78087,PUT,2765875351897205
0,78087,GET,2765875351973041
0,69663,PUT,2765875351914154
0,69663,GET,2765875351973121
0,72466,PUT,2765875351890990
0,72466,GET,2765875351973181
0,84501,PUT,2765875351867876
0,84501,GET,2765875351973311
0,60164,PUT,2765875351870743
0,60164,GET,2765875351973381
0,72476,PUT,2765875351917812
0,72476,GET,2765875351973291
0,78849,PUT,2765875351908862
0,78849,GET,2765875351973462
0,81939,PUT,2765875351887532
0,81939,GET,2765875351973462
0,66845,PUT,2765875351906767
0,66845,GET,2765875351973522
0,82969,PUT,2765875351891521
0,82969,GET,2765875351973542
0,71195,PUT,2765875351901314
0,71195,GET,2765875351973662
0,85003,PUT,2765875351927425
0,85003,GET,2765875351973632
0,82190,PUT,2765875351899951
0,82190,GET,2765875351973702
0,80386,PUT,2765875351899490
0,80386,GET,2765875351973742
0,75034,PUT,2765875351881408
0,75034,GET,2765875351973692
0,88070,PUT,2765875351913793
0,88070,GET,2765875351973752
0,85765,PUT,2765875351914966
0,85765,GET,2765875351973893
0,66308,PUT,2765875351909483
0,66308,GET,2765875351973963
0,91150,PUT,2765875351949767
0,91150,GET,2765875351974043
0,82434,PUT,2765875351908411
0,82434,GET,2765875351974213
0,81419,PUT,2765875351902316
0,81419,GET,2765875351974123
0,81666,PUT,2765875351906165
0,81666,GET,2765875351974304
0,76315,PUT,2765875351930081
0,76315,GET,2765875351974404
0,83970,PUT,2765875351924107
0,83970,GET,2765875351974444
0,76824,PUT,2765875351943993
0,76824,GET,2765875351974644
0,83461,PUT,2765875351892875
0,83461,GET,2765875351974434
0,83215,PUT,2765875351910786
0,83215,GET,2765875351974584
0,69396,PUT,2765875351916048
0,69396,GET,2765875351974614
0,70164,PUT,2765875351921000
0,70164,GET,2765875351974705
0,85263,PUT,2765875351926342
0,85263,GET,2765875351974755
0,70172,PUT,2765875351907318
0,70172,GET,2765875351974795
0,74241,PUT,2765875351886690
0,74241,GET,2765875351974855
0,68631,PUT,2765875351900883
0,68631,GET,2765875351974835
0,67840,PUT,2765875351910806
0,67840,GET,2765875351974925
0,74770,PUT,2765875351907559
0,74770,GET,2765875351974705
0,66304,PUT,2765875351895019
0,66304,GET,2765875351975075
0,73240,PUT,2765875351925009
0,73240,GET,2765875351975126
0,68895,PUT,2765875351909633
0,68895,GET,2765875351975136
0,81927,PUT,2765875351930141
0,81927,GET,2765875351975136
0,77586,PUT,2765875351925129
0,77586,GET,2765875351975176
0,87046,PUT,2765875351906887
0,87046,GET,2765875351975206
0,71447,PUT,2765875351926723
0,71447,GET,2765875351975386
0,82699,PUT,2765875351911207
0,82699,GET,2765875351975526
0,84747,PUT,2765875351925741
0,84747,GET,2765875351975466
0,61962,PUT,2765875351879834
0,61962,GET,2765875351975657
0,69645,PUT,2765875351924909
0,69645,GET,2765875351975737
0,84499,PUT,2765875351903309
0,84499,GET,2765875351975757
0,58116,PUT,2765875351859427
0,58116,GET,2765875351975807
0,67615,PUT,2765875351899410
0,67615,GET,2765875351975817
0,66333,PUT,2765875351904081
0,66333,GET,2765875351975847
0,73746,PUT,2765875351899660
0,73746,GET,2765875351976008
0,81669,PUT,2765875351877018
0,81669,GET,2765875351975907
0,81679,PUT,2765875351893887
0,81679,GET,2765875351976108
0,79642,PUT,2765875351910365
0,79642,GET,2765875351976188
0,65284,PUT,2765875351896814
0,65284,GET,2765875351976318
0,88846,PUT,2765875351939052
0,88846,GET,2765875351976439
0,69140,PUT,2765875351915176
0,69140,GET,2765875351976719
0,91913,PUT,2765875351901855
0,91913,GET,2765875351976739
0,61726,PUT,2765875351895831
0,61726,GET,2765875351976769
0,86540,PUT,2765875351904592
0,86540,GET,2765875351976809
0,71192,PUT,2765875351911718
0,71192,GET,2765875351976689
0,77595,PUT,2765875351936165
0,77595,GET,2765875351976920
0,89612,PUT,2765875351926152
0,89612,GET,2765875351976950
0,88582,PUT,2765875351918935
0,88582,GET,2765875351977010
0,77063,PUT,2765875351887552
0,77063,GET,2765875351976970
0,72452,PUT,2765875351952192
0,72452,GET,2765875351977120
0,73756,PUT,2765875351925761
0,73756,GET,2765875351977120
0,70162,PUT,2765875351878080
0,70162,GET,2765875351977220
0,87568,PUT,2765875351890128
0,87568,GET,2765875351977120
0,87051,PUT,2765875351940595
0,87051,GET,2765875351977261
0,79106,PUT,2765875351892403
0,79106,GET,2765875351977291
0,75265,PUT,2765875351891812
0,75265,GET,2765875351977391
0,94728,PUT,2765875351939443
0,94728,GET,2765875351977431
0,68096,PUT,2765875351914164
0,68096,GET,2765875351977381
0,80907,PUT,2765875351900633
0,80907,GET,2765875351977531
0,73485,PUT,2765875351958848
0,73485,GET,2765875351977651
0,69149,PUT,2765875351926523
0,69149,GET,2765875351977792
0,82178,PUT,2765875351907639
0,82178,GET,2765875351977952
0,88581,PUT,2765875351934972
0,88581,GET,2765875351977812
0,68381,PUT,2765875351923055
0,68381,GET,2765875351977742
0,92681,PUT,2765875351904321
0,92681,GET,2765875351977812
0,89363,PUT,2765875351929018
0,89363,GET,2765875351977872
0,86037,PUT,2765875351872828
0,86037,GET,2765875351977772
0,86799,PUT,2765875351947271
0,86799,GET,2765875351977842
0,63262,PUT,2765875351905684
0,63262,GET,2765875351977942
0,66826,PUT,2765875351923937
0,66826,GET,2765875351977972
0,69655,PUT,2765875351913212
0,69655,GET,2765875351977972
0,74264,PUT,2765875351930933
0,74264,GET,2765875351978173
0,89606,PUT,2765875351924879
0,89606,GET,2765875351978343
0,72210,PUT,2765875351889136
0,72210,GET,2765875351978403
0,69656,PUT,2765875351898919
0,69656,GET,2765875351978513
0,82446,PUT,2765875351900803
0,82446,GET,2765875351978654
0,91417,PUT,2765875351954838
0,91417,GET,2765875351978614
0,69389,PUT,2765875351924097
0,69389,GET,2765875351978654
0,64287,PUT,2765875351876216
0,64287,GET,2765875351978714
0,77338,PUT,2765875351899139
0,77338,GET,2765875351978754
0,92693,PUT,2765875351928297
0,92693,GET,2765875351978804
0,84226,PUT,2765875351927735
0,84226,GET,2765875351978804
0,90632,PUT,2765875351912751
0,90632,GET,2765875351978854
0,62212,PUT,2765875351877850
0,62212,GET,2765875351978784
0,83973,PUT,2765875351899119
0,83973,GET,2765875351979005
0,75288,PUT,2765875351934301
0,75288,GET,2765875351979125
0,90641,PUT,2765875351908230
0,90641,GET,2765875351979165
0,76827,PUT,2765875351931775
0,76827,GET,2765875351979125
0,92176,PUT,2765875351917692
0,92176,GET,2765875351979285
0,90377,PUT,2765875351891932
0,90377,GET,2765875351979035
0,76545,PUT,2765875351897786
0,76545,GET,2765875351979476
0,68891,PUT,2765875351891932
0,68891,GET,2765875351979426
0,89094,PUT,2765875351922363
0,89094,GET,2765875351979446
0,88345,PUT,2765875351927746
0,88345,GET,2765875351979566
0,69407,PUT,2765875351911337
0,69407,GET,2765875351979496
0,85515,PUT,2765875351933679
0,85515,GET,2765875351979726
0,78356,PUT,2765875351967528
0,78356,GET,2765875351979726
0,76311,PUT,2765875351969863
0,76311,GET,2765875351979786
0,87816,PUT,2765875351889847
0,87816,GET,2765875351979766
0,71954,PUT,2765875351887352
0,71954,GET,2765875351979796
0,75804,PUT,2765875351934180
0,75804,GET,2765875351979857
0,83478,PUT,2765875351911177
0,83478,GET,2765875351980007
0,78081,PUT,2765875351903629
0,78081,GET,2765875351980017
0,92936,PUT,2765875351928337
0,92936,GET,2765875351980217
0,93456,PUT,2765875351923686
0,93456,GET,2765875351980087
0,71956,PUT,2765875351930221
0,71956,GET,2765875351980358
0,70912,PUT,2765875351938290
0,70912,GET,2765875351980398
0,86294,PUT,2765875351928106
0,86294,GET,2765875351980388
0,82955,PUT,2765875351912049
0,82955,GET,2765875351980388
0,84997,PUT,2765875351908982
0,84997,GET,2765875351980318
0,87315,PUT,2765875351919466
0,87315,GET,2765875351980678
0,68383,PUT,2765875351906917
0,68383,GET,2765875351980688
0,86283,PUT,2765875351938059
0,86283,GET,2765875351980759
0,82443,PUT,2765875351910365
0,82443,GET,2765875351980789
0,94729,PUT,2765875351922604
0,94729,GET,2765875351980769
0,83983,PUT,2765875351914886
0,83983,GET,2765875351980809
0,73243,PUT,2765875351909643
0,73243,GET,2765875351980819
0,94736,PUT,2765875351932176
0,94736,GET,2765875351980839
0,91400,PUT,2765875351917081
0,91400,GET,2765875351981200
0,89350,PUT,2765875351924067
0,89350,GET,2765875351981330
0,86280,PUT,2765875351873590
0,86280,GET,2765875351980999
0,65034,PUT,2765875351896804
0,65034,GET,2765875351981310
0,86027,PUT,2765875351935323
0,86027,GET,2765875351981320
0,83214,PUT,2765875351904121
0,83214,GET,2765875351981150
0,83993,PUT,2765875351896924
0,83993,GET,2765875351981380
0,67102,PUT,2765875351939603
0,67102,GET,2765875351981550
0,64003,PUT,2765875351905133
0,64003,GET,2765875351981651
0,88083,PUT,2765875351923786
0,88083,GET,2765875351981631
0,80910,PUT,2765875351894047
0,80910,GET,2765875351981601
0,91665,PUT,2765875351915156
0,91665,GET,2765875351981701
0,74524,PUT,2765875351930071
0,74524,GET,2765875351981731
0,90131,PUT,2765875351935203
0,90131,GET,2765875351981761
0,73495,PUT,2765875351951050
0,73495,GET,2765875351981811
0,65822,PUT,2765875351932366
0,65822,GET,2765875351981821
0,83737,PUT,2765875351896042
0,83737,GET,2765875351981821
0,70167,PUT,2765875351917692
0,70167,GET,2765875351981821
0,73500,PUT,2765875351922984
0,73500,GET,2765875351981891
0,77579,PUT,2765875351881167
0,77579,GET,2765875351981981
0,91669,PUT,2765875351920248
0,91669,GET,2765875351982102
0,80918,PUT,2765875351897616
0,80918,GET,2765875351982132
0,70157,PUT,2765875351926553
0,70157,GET,2765875351982222
0,78108,PUT,2765875351946439
0,78108,GET,2765875351982262
0,94485,PUT,2765875351937408
0,94485,GET,2765875351982352
0,88326,PUT,2765875351914635
0,88326,GET,2765875351982483
0,68109,PUT,2765875351917301
0,68109,GET,2765875351982533
0,83470,PUT,2765875351904973
0,83470,GET,2765875351982523
0,75293,PUT,2765875351967658
0,75293,GET,2765875351982613
0,71959,PUT,2765875351938350
0,71959,GET,2765875351982703
0,70684,PUT,2765875351909924
0,70684,GET,2765875351982723
0,66071,PUT,2765875351882831
0,66071,GET,2765875351982773
0,67103,PUT,2765875351897696
0,67103,GET,2765875351982793
0,76059,PUT,2765875351929309
0,76059,GET,2765875351982803
0,87301,PUT,2765875351923355
0,87301,GET,2765875351982853
0,84238,PUT,2765875351908992
0,84238,GET,2765875351982894
0,90888,PUT,2765875351914485
0,90888,GET,2765875351982974
0,88089,PUT,2765875351925931
0,88089,GET,2765875351983315
0,89100,PUT,2765875351920950
0,89100,GET,2765875351983355
0,85526,PUT,2765875351925530
0,85526,GET,2765875351983295
0,92172,PUT,2765875351939553
0,92172,GET,2765875351983455
0,82966,PUT,2765875351908391
0,82966,GET,2765875351983635
0,67853,PUT,2765875351916459
0,67853,GET,2765875351983605
0,65283,PUT,2765875351910786
0,65283,GET,2765875351983695
0,75036,PUT,2765875351931765
0,75036,GET,2765875351983776
0,70939,PUT,2765875351900492
0,70939,GET,2765875351983846
0,88332,PUT,2765875351915748
0,88332,GET,2765875351984076
0,72964,PUT,2765875351953846
0,72964,GET,2765875351984136
0,82458,PUT,2765875351933439
0,82458,GET,2765875351984237
0,78354,PUT,2765875351929490
0,78354,GET,2765875351984116
0,79130,PUT,2765875351908691
0,79130,GET,2765875351984157
0,66836,PUT,2765875351885898
0,66836,GET,2765875351984257
0,88339,PUT,2765875351924638
0,88339,GET,2765875351984347
0,94216,PUT,2765875351935263
0,94216,GET,2765875351984367
0,67085,PUT,2765875351911287
0,67085,GET,2765875351984457
0,75521,PUT,2765875351892634
0,75521,GET,2765875351984618
0,81153,PUT,2765875351930492
0,81153,GET,2765875351984718
0,70423,PUT,2765875351919446
0,70423,GET,2765875351984708
0,67076,PUT,2765875351913543
0,67076,GET,2765875351984778
0,87065,PUT,2765875351920880
0,87065,GET,2765875351985019
0,69399,PUT,2765875351910495
0,69399,GET,2765875351985049
0,67843,PUT,2765875351941127
0,67843,GET,2765875351984878
0,78612,PUT,2765875351968290
0,78612,GET,2765875351985179
0,83724,PUT,2765875351888053
0,83724,GET,2765875351985209
0,80410,PUT,2765875351915748
0,80410,GET,2765875351985219
0,72984,PUT,2765875351924147
0,72984,GET,2765875351985219
0,61470,PUT,2765875351894107
0,61470,GET,2765875351985199
0,71967,PUT,2765875351930301
0,71967,GET,2765875351985299
0,86795,PUT,2765875351939743
0,86795,GET,2765875351985379
0,90640,PUT,2765875351909032
0,90640,GET,2765875351985369
0,84505,PUT,2765875351904181
0,84505,GET,2765875351985419
0,84741,PUT,2765875351908070
0,84741,GET,2765875351985429
0,82958,PUT,2765875351902427
0,82958,GET,2765875351985530
0,89864,PUT,2765875351903569
0,89864,GET,2765875351985550
0,66052,PUT,2765875351908661
0,66052,GET,2765875351985580
0,69660,PUT,2765875351903640
0,69660,GET,2765875351985700
0,75028,PUT,2765875351948454
0,75028,GET,2765875351985760
0,65795,PUT,2765875351921010
0,65795,GET,2765875351985951
0,79879,PUT,2765875351913663
0,79879,GET,2765875351985860
0,95244,PUT,2765875351956282
0,95244,GET,2765875351985981
0,65815,PUT,2765875351881939
0,65815,GET,2765875351986001
0,74004,PUT,2765875351937889
0,74004,GET,2765875351986121
0,80135,PUT,2765875351914545
0,80135,GET,2765875351986131
0,91408,PUT,2765875351914334
0,91408,GET,2765875351986121
0,86553,PUT,2765875351918223
0,86553,GET,2765875351986131
0,66051,PUT,2765875351924648
0,66051,GET,2765875351986121
0,88844,PUT,2765875351919266
0,88844,GET,2765875351986412
0,86297,PUT,2765875351917361
0,86297,GET,2765875351986442
0,92168,PUT,2765875351923205
0,92168,GET,2765875351986472
0,89873,PUT,2765875351904832
0,89873,GET,2765875351986572
0,95497,PUT,2765875351931183
0,95497,GET,2765875351986662
0,77330,PUT,2765875351924297
0,77330,GET,2765875351986803
0,71704,PUT,2765875351916038
0,71704,GET,2765875351986953
0,75548,PUT,2765875351933399
0,75548,GET,2765875351987194
0,64798,PUT,2765875351912721
0,64798,GET,2765875351987053
0,87825,PUT,2765875351891802
0,87825,GET,2765875351987053
0,89877,PUT,2765875351910726
0,89877,GET,2765875351987153
0,74780,PUT,2765875351930923
0,74780,GET,2765875351987194
0,69901,PUT,2765875351925751
0,69901,GET,2765875351987083
0,68612,PUT,2765875351927315
0,68612,GET,2765875351987324
0,91912,PUT,2765875351920539
0,91912,GET,2765875351987073
0,65290,PUT,2765875351897606
0,65290,GET,2765875351987494
0,89621,PUT,2765875351908010
0,89621,GET,2765875351987474
0,73752,PUT,2765875351928337
0,73752,GET,2765875351987544
0,74260,PUT,2765875351939683
0,74260,GET,2765875351987825
0,70925,PUT,2765875351943993
0,70925,GET,2765875351987925
0,86537,PUT,2765875351870813
0,86537,GET,2765875351987825
0,76571,PUT,2765875351930923
0,76571,GET,2765875351987895
0,78618,PUT,2765875351906215
0,78618,GET,2765875351988066
0,67341,PUT,2765875351913041
0,67341,GET,2765875351987855
0,93192,PUT,2765875351929169
0,93192,GET,2765875351988106
0,67868,PUT,2765875351888895
0,67868,GET,2765875351988096
0,87321,PUT,2765875351922543
0,87321,GET,2765875351988276
0,93968,PUT,2765875351925270
0,93968,GET,2765875351988226
0,69908,PUT,2765875351918384
0,69908,GET,2765875351988266
0,79361,PUT,2765875351917983
0,79361,GET,2765875351988316
0,72223,PUT,2765875351933810
0,72223,GET,2765875351988446
0,88588,PUT,2765875351917452
0,88588,GET,2765875351988396
0,94988,PUT,2765875351955460
0,94988,GET,2765875351988537
0,62211,PUT,2765875351893045
0,62211,GET,2765875351988747
0,77831,PUT,2765875351895581
0,77831,GET,2765875351988827
0,68874,PUT,2765875351940555
0,68874,GET,2765875351988607
0,89614,PUT,2765875351943151
0,89614,GET,2765875351988827
0,79638,PUT,2765875351889677
0,79638,GET,2765875351988948
0,75009,PUT,2765875351890980
0,75009,GET,2765875351988988
0,93454,PUT,2765875351959840
0,93454,GET,2765875351989048
0,93705,PUT,2765875351917452
0,93705,GET,2765875351989098
0,85007,PUT,2765875351924678
0,85007,GET,2765875351989148
0,70428,PUT,2765875351908150
0,70428,GET,2765875351989178
0,73239,PUT,2765875351950278
0,73239,GET,2765875351989168
0,68893,PUT,2765875351925751
0,68893,GET,2765875351989088
0,75035,PUT,2765875351925210
0,75035,GET,2765875351989288
0,79623,PUT,2765875351911067
0,79623,GET,2765875351989369
0,89617,PUT,2765875351903980
0,89617,GET,2765875351989409
0,67613,PUT,2765875351917863
0,67613,GET,2765875351989679
0,90380,PUT,2765875351929650
0,90380,GET,2765875351989689
0,67850,PUT,2765875351932918
0,67850,GET,2765875351989770
0,69151,PUT,2765875351910495
0,69151,GET,2765875351989910
0,71453,PUT,2765875351937388
0,71453,GET,2765875351989830
0,75538,PUT,2765875351917442
0,75538,GET,2765875351989990
0,70943,PUT,2765875351918424
0,70943,GET,2765875351989910
0,79617,PUT,2765875351918895
0,79617,GET,2765875351990020
0,85511,PUT,2765875351949205
0,85511,GET,2765875351989950
0,67870,PUT,2765875351944023
0,67870,GET,2765875351990020
0,84239,PUT,2765875351915748
0,84239,GET,2765875351990241
0,96016,PUT,2765875351937097
0,96016,GET,2765875351990221
0,86806,PUT,2765875351930783
0,86806,GET,2765875351990591
0,80154,PUT,2765875351915016
0,80154,GET,2765875351990601
0,67101,PUT,2765875351907579
0,67101,GET,2765875351990481
0,72960,PUT,2765875351949085
0,72960,GET,2765875351990622
0,80129,PUT,2765875351926292
0,80129,GET,2765875351990702
0,75544,PUT,2765875351935113
0,75544,GET,2765875351990642
0,63747,PUT,2765875351901505
0,63747,GET,2765875351990762
0,77569,PUT,2765875351901996
0,77569,GET,2765875351990962
0,88590,PUT,2765875351937318
0,88590,GET,2765875351991063
0,90899,PUT,2765875351940445
0,90899,GET,2765875351991053
0,73496,PUT,2765875351925861
0,73496,GET,2765875351991163
0,91667,PUT,2765875351942961
0,91667,GET,2765875351991203
0,71700,PUT,2765875351929379
0,71700,GET,2765875351991163
