0,256,PUT,168761003424897
0,256,GET,168761004937961
0,273,PUT,168761001056015
0,273,GET,168761004939875
0,512,PUT,168761003426079
0,512,GET,168761004941880
0,768,PUT,168761003426691
0,768,GET,168761004943724
0,1024,PUT,168761003427122
0,1024,GET,168761004944646
0,278,PUT,168761003574083
0,278,GET,168761004946030
0,529,PUT,168761001062830
0,529,GET,168761004945488
0,275,PUT,168761004380155
0,275,GET,168761004948135
0,534,PUT,168761003575306
0,534,GET,168761004947994
0,1280,PUT,168761003427553
0,1280,GET,168761004948505
0,785,PUT,168761001063342
0,785,GET,168761004948024
0,279,PUT,168761003599502
0,279,GET,168761004949217
0,1041,PUT,168761001063762
0,1041,GET,168761004948736
0,1536,PUT,168761003427974
0,1536,GET,168761004949287
0,531,PUT,168761004381007
0,531,GET,168761004949869
0,790,PUT,168761003575777
0,790,GET,168761004949969
0,1792,PUT,168761003428405
0,1792,GET,168761004949959
0,1297,PUT,168761001064193
0,1297,GET,168761004949939
0,269,PUT,168761002478589
0,269,GET,168761004951192
0,257,PUT,168761001931348
0,257,GET,168761004951362
0,1553,PUT,168761001064614
0,1553,GET,168761004950931
0,535,PUT,168761003600234
0,535,GET,168761004951803
0,1809,PUT,168761001065045
0,1809,GET,168761004951362
0,787,PUT,168761004381478
0,787,GET,168761004951442
0,281,PUT,168761003458094
0,281,GET,168761004952314
0,1046,PUT,168761003576198
0,1046,GET,168761004952164
0,1043,PUT,168761004381909
0,1043,GET,168761004952535
0,2065,PUT,168761001065466
0,2065,GET,168761004952314
0,1302,PUT,168761003576629
0,1302,GET,168761004952876
0,525,PUT,168761002479882
0,525,GET,168761004952946
0,791,PUT,168761003600705
0,791,GET,168761004953537
0,2048,PUT,168761003428836
0,2048,GET,168761004953377
0,513,PUT,168761001932480
0,513,GET,168761004953607
0,1299,PUT,168761004382330
0,1299,GET,168761004953597
0,781,PUT,168761002480393
0,781,GET,168761004953637
0,265,PUT,168761003380353
0,265,GET,168761004954329
0,1558,PUT,168761003577050
0,1558,GET,168761004953898
0,1047,PUT,168761003601126
0,1047,GET,168761004954349
0,1037,PUT,168761002480824
0,1037,GET,168761004954098
0,2321,PUT,168761001065897
0,2321,GET,168761004954209
0,769,PUT,168761001932951
0,769,GET,168761004954269
0,1814,PUT,168761003577481
0,1814,GET,168761004954339
0,2304,PUT,168761003429267
0,2304,GET,168761004954369
0,1293,PUT,168761002481245
0,1293,GET,168761004954600
0,537,PUT,168761003459146
0,537,GET,168761004954680
0,1555,PUT,168761004382761
0,1555,GET,168761004954650
0,2577,PUT,168761001066318
0,2577,GET,168761004954660
0,1025,PUT,168761001933382
0,1025,GET,168761004954770
0,2070,PUT,168761003577902
0,2070,GET,168761004954770
0,2833,PUT,168761001066749
0,2833,GET,168761004955101
0,1281,PUT,168761001933803
0,1281,GET,168761004955331
0,2560,PUT,168761003429688
0,2560,GET,168761004955361
0,521,PUT,168761003381396
0,521,GET,168761004955532
0,1811,PUT,168761004383182
0,1811,GET,168761004955652
0,1303,PUT,168761003601557
0,1303,GET,168761004955742
0,1549,PUT,168761002481676
0,1549,GET,168761004955792
0,2816,PUT,168761003430119
0,2816,GET,168761004955812
0,3089,PUT,168761001067170
0,3089,GET,168761004956003
0,2067,PUT,168761004383613
0,2067,GET,168761004956083
0,777,PUT,168761003381927
0,777,GET,168761004956103
0,2326,PUT,168761003578333
0,2326,GET,168761004956143
0,1805,PUT,168761002482097
0,1805,GET,168761004956243
0,3345,PUT,168761001067601
0,3345,GET,168761004956434
0,2323,PUT,168761004384044
0,2323,GET,168761004956524
0,2582,PUT,168761003578754
0,2582,GET,168761004956594
0,2061,PUT,168761002482528
0,2061,GET,168761004956674
0,793,PUT,168761003459717
0,793,GET,168761004956734
0,2579,PUT,168761004384465
0,2579,GET,168761004956955
0,1033,PUT,168761003382348
0,1033,GET,168761004957035
0,3601,PUT,168761001068022
0,3601,GET,168761004957346
0,2835,PUT,168761004384896
0,2835,GET,168761004957386
0,1289,PUT,168761003382779
0,1289,GET,168761004957466
0,1559,PUT,168761003601978
0,1559,GET,168761004957526
0,2317,PUT,168761002482949
0,2317,GET,168761004957677
0,1049,PUT,168761003460148
0,1049,GET,168761004958078
0,2573,PUT,168761002483370
0,2573,GET,168761004958108
0,3857,PUT,168761001068443
0,3857,GET,168761004958238
0,2838,PUT,168761003579185
0,2838,GET,168761004958408
0,1305,PUT,168761003460569
0,1305,GET,168761004958529
0,2829,PUT,168761002483801
0,2829,GET,168761004958549
0,4113,PUT,168761001068874
0,4113,GET,168761004958679
0,1561,PUT,168761003461000
0,1561,GET,168761004958970
0,3085,PUT,168761002484222
0,3085,GET,168761004958990
0,4369,PUT,168761001069295
0,4369,GET,168761004959110
0,3091,PUT,168761004385317
0,3091,GET,168761004959200
0,1545,PUT,168761003383200
0,1545,GET,168761004959290
0,1815,PUT,168761003602399
0,1815,GET,168761004959310
0,1817,PUT,168761003461421
0,1817,GET,168761004959401
0,3341,PUT,168761002484653
0,3341,GET,168761004959421
0,1537,PUT,168761001934234
0,1537,GET,168761004959581
0,2073,PUT,168761003461842
0,2073,GET,168761004959832
0,3597,PUT,168761002485074
0,3597,GET,168761004959852
0,4625,PUT,168761001069726
0,4625,GET,168761004960002
0,3347,PUT,168761004385748
0,3347,GET,168761004960092
0,1801,PUT,168761003383631
0,1801,GET,168761004960183
0,3094,PUT,168761003579606
0,3094,GET,168761004960203
0,3853,PUT,168761002485505
0,3853,GET,168761004960293
0,3072,PUT,168761003430540
0,3072,GET,168761004960373
0,3603,PUT,168761004386169
0,3603,GET,168761004960543
0,1793,PUT,168761001934655
0,1793,GET,168761004960614
0,2057,PUT,168761003384052
0,2057,GET,168761004960634
0,2071,PUT,168761003602830
0,2071,GET,168761004960644
0,3350,PUT,168761003580027
0,3350,GET,168761004960654
0,2313,PUT,168761003384483
0,2313,GET,168761004961075
0,3606,PUT,168761003580458
0,3606,GET,168761004961085
0,2049,PUT,168761001935086
0,2049,GET,168761004961145
0,2329,PUT,168761003462273
0,2329,GET,168761004961205
0,3328,PUT,168761003430961
0,3328,GET,168761004961275
0,3859,PUT,168761004386600
0,3859,GET,168761004961445
0,3862,PUT,168761003580879
0,3862,GET,168761004961516
0,2585,PUT,168761003462694
0,2585,GET,168761004961646
0,2305,PUT,168761001935507
0,2305,GET,168761004961666
0,4109,PUT,168761002485926
0,4109,GET,168761004961666
0,3584,PUT,168761003431392
0,3584,GET,168761004961716
0,4881,PUT,168761001070147
0,4881,GET,168761004961816
0,2561,PUT,168761001935928
0,2561,GET,168761004962187
0,4115,PUT,168761004387021
0,4115,GET,168761004962358
0,2817,PUT,168761001936359
0,2817,GET,168761004962789
0,4371,PUT,168761004387462
0,4371,GET,168761004962899
0,2327,PUT,168761003603251
0,2327,GET,168761004963059
0,4365,PUT,168761002486357
0,4365,GET,168761004963139
0,2569,PUT,168761003384904
0,2569,GET,168761004963230
0,5137,PUT,168761001070578
0,5137,GET,168761004963280
0,2841,PUT,168761003463125
0,2841,GET,168761004963290
0,4627,PUT,168761004387883
0,4627,GET,168761004963330
0,4118,PUT,168761003581310
0,4118,GET,168761004963500
0,2583,PUT,168761003603682
0,2583,GET,168761004963510
0,3840,PUT,168761003431813
0,3840,GET,168761004963671
0,2825,PUT,168761003385335
0,2825,GET,168761004963681
0,3073,PUT,168761001936780
0,3073,GET,168761004963801
0,4374,PUT,168761003581741
0,4374,GET,168761004963951
0,4621,PUT,168761002486778
0,4621,GET,168761004964031
0,3081,PUT,168761003385756
0,3081,GET,168761004964112
0,5393,PUT,168761001070999
0,5393,GET,168761004964172
0,4630,PUT,168761003582162
0,4630,GET,168761004964382
0,4096,PUT,168761003432244
0,4096,GET,168761004964563
0,5649,PUT,168761001071430
0,5649,GET,168761004964633
0,3097,PUT,168761003463546
0,3097,GET,168761004964653
0,4886,PUT,168761003582593
0,4886,GET,168761004964823
0,4352,PUT,168761003432675
0,4352,GET,168761004965014
0,3337,PUT,168761003386187
0,3337,GET,168761004965004
0,5905,PUT,168761001071851
0,5905,GET,168761004965064
0,5142,PUT,168761003583024
0,5142,GET,168761004965254
0,3329,PUT,168761001937211
0,3329,GET,168761004965415
0,4608,PUT,168761003433096
0,4608,GET,168761004965445
0,6161,PUT,168761001072282
0,6161,GET,168761004965495
0,3353,PUT,168761003463977
0,3353,GET,168761004965545
0,4883,PUT,168761004388314
0,4883,GET,168761004965585
0,2839,PUT,168761003604103
0,2839,GET,168761004965765
0,4877,PUT,168761002487209
0,4877,GET,168761004965816
0,4864,PUT,168761003433527
0,4864,GET,168761004965866
0,3609,PUT,168761003464398
0,3609,GET,168761004965996
0,5139,PUT,168761004388735
0,5139,GET,168761004966116
0,5398,PUT,168761003583445
0,5398,GET,168761004966146
0,3095,PUT,168761003604534
0,3095,GET,168761004966217
0,6417,PUT,168761001072703
0,6417,GET,168761004966387
0,5120,PUT,168761003433958
0,5120,GET,168761004966397
0,274,PUT,168761004361753
0,274,GET,168761004966988
0,3865,PUT,168761003464829
0,3865,GET,168761004966437
0,3585,PUT,168761001937632
0,3585,GET,168761004966557
0,5395,PUT,168761004389166
0,5395,GET,168761004966567
0,5133,PUT,168761002487630
0,5133,GET,168761004966878
0,6673,PUT,168761001073134
0,6673,GET,168761004966938
0,5376,PUT,168761003434389
0,5376,GET,168761004967008
0,3841,PUT,168761001938063
0,3841,GET,168761004967089
0,6929,PUT,168761001073555
0,6929,GET,168761004967369
0,3351,PUT,168761003604955
0,3351,GET,168761004967439
0,5651,PUT,168761004389587
0,5651,GET,168761004967499
0,4097,PUT,168761001938484
0,4097,GET,168761004967590
0,3593,PUT,168761003386608
0,3593,GET,168761004967610
0,5389,PUT,168761002488061
0,5389,GET,168761004967770
0,5632,PUT,168761003434820
0,5632,GET,168761004967900
0,3607,PUT,168761003605386
0,3607,GET,168761004967900
0,286,PUT,168761004547113
0,286,GET,168761004969434
0,5654,PUT,168761003583876
0,5654,GET,168761004968051
0,3849,PUT,168761003387039
0,3849,GET,168761004968071
0,530,PUT,168761004362985
0,530,GET,168761004968221
0,5888,PUT,168761003435241
0,5888,GET,168761004968331
0,3863,PUT,168761003605807
0,3863,GET,168761004968392
0,5907,PUT,168761004390018
0,5907,GET,168761004968472
0,4105,PUT,168761003387460
0,4105,GET,168761004968512
0,5910,PUT,168761003584297
0,5910,GET,168761004968662
0,7185,PUT,168761001073986
0,7185,GET,168761004968732
0,4119,PUT,168761003606308
0,4119,GET,168761004968833
0,7441,PUT,168761001074407
0,7441,GET,168761004969173
0,4353,PUT,168761001938915
0,4353,GET,168761004969274
0,4121,PUT,168761003465250
0,4121,GET,168761004969554
0,4609,PUT,168761001939336
0,4609,GET,168761004969795
0,6144,PUT,168761003435662
0,6144,GET,168761004969805
0,4375,PUT,168761003606739
0,4375,GET,168761004969795
0,6163,PUT,168761004390439
0,6163,GET,168761004969935
0,4377,PUT,168761003465681
0,4377,GET,168761004970015
0,6166,PUT,168761003584728
0,6166,GET,168761004970196
0,4865,PUT,168761001939767
0,4865,GET,168761004970296
0,6419,PUT,168761004390860
0,6419,GET,168761004970496
0,7697,PUT,168761001074828
0,7697,GET,168761004970537
0,5645,PUT,168761002488482
0,5645,GET,168761004970557
0,4633,PUT,168761003466102
0,4633,GET,168761004970697
0,4361,PUT,168761003387891
0,4361,GET,168761004970747
0,4631,PUT,168761003607160
0,4631,GET,168761004970777
0,6422,PUT,168761003585149
0,6422,GET,168761004970817
0,786,PUT,168761004363477
0,786,GET,168761004970998
0,4617,PUT,168761003388312
0,4617,GET,168761004971208
0,6678,PUT,168761003585570
0,6678,GET,168761004971419
0,6400,PUT,168761003436093
0,6400,GET,168761004971379
0,1042,PUT,168761004363898
0,1042,GET,168761004971649
0,5901,PUT,168761002488913
0,5901,GET,168761004971559
0,4873,PUT,168761003388743
0,4873,GET,168761004971840
0,6675,PUT,168761004391291
0,6675,GET,168761004971810
0,5121,PUT,168761001940188
0,5121,GET,168761004972100
0,6157,PUT,168761002489334
0,6157,GET,168761004972080
0,1298,PUT,168761004364319
0,1298,GET,168761004972210
0,6931,PUT,168761004391722
0,6931,GET,168761004972271
0,5129,PUT,168761003389164
0,5129,GET,168761004972281
0,7953,PUT,168761001075259
0,7953,GET,168761004972331
0,6934,PUT,168761003586001
0,6934,GET,168761004972491
0,285,PUT,168761003518885
0,285,GET,168761004973183
0,6413,PUT,168761002489765
0,6413,GET,168761004972591
0,5385,PUT,168761003389595
0,5385,GET,168761004972712
0,8209,PUT,168761001075700
0,8209,GET,168761004972782
0,7187,PUT,168761004392143
0,7187,GET,168761004972832
0,4887,PUT,168761003607591
0,4887,GET,168761004973042
0,4889,PUT,168761003466533
0,4889,GET,168761004973052
0,7443,PUT,168761004392564
0,7443,GET,168761004973273
0,6656,PUT,168761003436514
0,6656,GET,168761004973403
0,6669,PUT,168761002490186
0,6669,GET,168761004973493
0,5143,PUT,168761003608012
0,5143,GET,168761004973513
0,5145,PUT,168761003466954
0,5145,GET,168761004973503
0,1554,PUT,168761004364750
0,1554,GET,168761004973674
0,5377,PUT,168761001940619
0,5377,GET,168761004973724
0,6925,PUT,168761002490617
0,6925,GET,168761004973924
0,5401,PUT,168761003467375
0,5401,GET,168761004973944
0,267,PUT,168761004214060
0,267,GET,168761004974355
0,5399,PUT,168761003608443
0,5399,GET,168761004974165
0,542,PUT,168761004548316
0,542,GET,168761004974295
0,258,PUT,168761003115718
0,258,GET,168761004974786
0,7190,PUT,168761003586422
0,7190,GET,168761004974325
0,5657,PUT,168761003467806
0,5657,GET,168761004974375
0,271,PUT,168761004333788
0,271,GET,168761004975278
0,1810,PUT,168761004365171
0,1810,GET,168761004974796
0,7181,PUT,168761002491038
0,7181,GET,168761004974827
0,6912,PUT,168761003436945
0,6912,GET,168761004975037
0,798,PUT,168761004548787
0,798,GET,168761004974877
0,5655,PUT,168761003608864
0,5655,GET,168761004975368
0,5641,PUT,168761003390016
0,5641,GET,168761004975298
0,5913,PUT,168761003468227
0,5913,GET,168761004975268
0,7446,PUT,168761003586853
0,7446,GET,168761004975378
0,2066,PUT,168761004365602
0,2066,GET,168761004975398
0,1054,PUT,168761004549208
0,1054,GET,168761004975488
0,514,PUT,168761003117021
0,514,GET,168761004975699
0,7437,PUT,168761002491469
0,7437,GET,168761004975769
0,2322,PUT,168761004366023
0,2322,GET,168761004975829
0,541,PUT,168761003519707
0,541,GET,168761004976029
0,7168,PUT,168761003437366
0,7168,GET,168761004976210
0,5633,PUT,168761001941040
0,5633,GET,168761004976220
0,5897,PUT,168761003390447
0,5897,GET,168761004976069
0,283,PUT,168761003541507
0,283,GET,168761004976911
0,7699,PUT,168761004392995
0,7699,GET,168761004976240
0,7693,PUT,168761002491890
0,7693,GET,168761004976210
0,5911,PUT,168761003609295
0,5911,GET,168761004976591
0,523,PUT,168761004215363
0,523,GET,168761004976701
0,7702,PUT,168761003587274
0,7702,GET,168761004976871
0,2578,PUT,168761004366454
0,2578,GET,168761004976801
0,7955,PUT,168761004393416
0,7955,GET,168761004976831
0,770,PUT,168761003117523
0,770,GET,168761004976921
0,6169,PUT,168761003468658
0,6169,GET,168761004977172
0,5889,PUT,168761001941461
0,5889,GET,168761004977302
0,2834,PUT,168761004366874
0,2834,GET,168761004977262
0,6425,PUT,168761003469079
0,6425,GET,168761004977623
0,1310,PUT,168761004549639
0,1310,GET,168761004977994
0,3090,PUT,168761004367305
0,3090,GET,168761004977693
0,1026,PUT,168761003117944
0,1026,GET,168761004977833
0,779,PUT,168761004215884
0,779,GET,168761004978004
0,7958,PUT,168761003587705
0,7958,GET,168761004978224
0,1566,PUT,168761004550060
0,1566,GET,168761004978445
0,539,PUT,168761003542590
0,539,GET,168761004978605
0,797,PUT,168761003520188
0,797,GET,168761004978736
0,3346,PUT,168761004367726
0,3346,GET,168761004978655
0,6153,PUT,168761003390868
0,6153,GET,168761004978776
0,1282,PUT,168761003118365
0,1282,GET,168761004978746
0,8211,PUT,168761004393847
0,8211,GET,168761004978796
0,8214,PUT,168761003588126
0,8214,GET,168761004978806
0,282,PUT,168761003489878
0,282,GET,168761004979157
0,6145,PUT,168761001941892
0,6145,GET,168761004979056
0,3602,PUT,168761004368157
0,3602,GET,168761004979096
0,6409,PUT,168761003391299
0,6409,GET,168761004979237
0,280,PUT,168761003188698
0,280,GET,168761004981051
0,7949,PUT,168761002492321
0,7949,GET,168761004979267
0,1035,PUT,168761004216315
0,1035,GET,168761004979457
0,1822,PUT,168761004550491
0,1822,GET,168761004979497
0,3858,PUT,168761004368578
0,3858,GET,168761004979527
0,6401,PUT,168761001942313
0,6401,GET,168761004979648
0,1053,PUT,168761003520609
0,1053,GET,168761004979628
0,538,PUT,168761003491231
0,538,GET,168761004979658
0,527,PUT,168761004334750
0,527,GET,168761004979838
0,8205,PUT,168761002492742
0,8205,GET,168761004979728
0,6665,PUT,168761003391720
0,6665,GET,168761004979758
0,2078,PUT,168761004550912
0,2078,GET,168761004980009
0,794,PUT,168761003491742
0,794,GET,168761004980099
0,6167,PUT,168761003609716
0,6167,GET,168761004982444
0,6657,PUT,168761001942744
0,6657,GET,168761004980199
0,6921,PUT,168761003392151
0,6921,GET,168761004980199
0,6681,PUT,168761003469510
0,6681,GET,168761004981211
0,2334,PUT,168761004551343
0,2334,GET,168761004980440
0,263,PUT,168761004687770
0,263,GET,168761004980770
0,1050,PUT,168761003492163
0,1050,GET,168761004980800
0,1538,PUT,168761003118796
0,1538,GET,168761004980540
0,276,PUT,168761004422544
0,276,GET,168761004981001
0,2590,PUT,168761004551774
0,2590,GET,168761004980871
0,1309,PUT,168761003521040
0,1309,GET,168761004980961
0,4114,PUT,168761004369009
0,4114,GET,168761004981121
0,7177,PUT,168761003392572
0,7177,GET,168761004981201
0,1291,PUT,168761004216736
0,1291,GET,168761004981261
0,2846,PUT,168761004552195
0,2846,GET,168761004981312
0,1565,PUT,168761003521461
0,1565,GET,168761004981422
0,1794,PUT,168761003119217
0,1794,GET,168761004981442
0,4370,PUT,168761004369430
0,4370,GET,168761004981582
0,7433,PUT,168761003393003
0,7433,GET,168761004981642
0,532,PUT,168761004423706
0,532,GET,168761004981713
0,1821,PUT,168761003521892
0,1821,GET,168761004981853
0,4626,PUT,168761004369851
0,4626,GET,168761004982013
0,7689,PUT,168761003393423
0,7689,GET,168761004982073
0,1547,PUT,168761004217167
0,1547,GET,168761004982164
0,536,PUT,168761003189991
0,536,GET,168761004982164
0,3102,PUT,168761004552616
0,3102,GET,168761004982204
0,2077,PUT,168761003522313
0,2077,GET,168761004982294
0,1306,PUT,168761003492604
0,1306,GET,168761004982334
0,4882,PUT,168761004370282
0,4882,GET,168761004982534
0,792,PUT,168761003190472
0,792,GET,168761004982605
0,6913,PUT,168761001943165
0,6913,GET,168761004982645
0,3358,PUT,168761004553047
0,3358,GET,168761004982635
0,519,PUT,168761004689033
0,519,GET,168761004983016
0,7945,PUT,168761003393844
0,7945,GET,168761004982965
0,5138,PUT,168761004370703
0,5138,GET,168761004982975
0,1048,PUT,168761003190893
0,1048,GET,168761004983036
0,788,PUT,168761004424188
0,788,GET,168761004983056
0,795,PUT,168761003543071
0,795,GET,168761004983096
0,3614,PUT,168761004553468
0,3614,GET,168761004983196
0,2050,PUT,168761003119648
0,2050,GET,168761004983216
0,1562,PUT,168761003493025
0,1562,GET,168761004983256
0,8201,PUT,168761003394275
0,8201,GET,168761004983396
0,783,PUT,168761004335291
0,783,GET,168761004983467
0,1304,PUT,168761003191324
0,1304,GET,168761004983617
0,1803,PUT,168761004217588
0,1803,GET,168761004983567
0,2306,PUT,168761003120069
0,2306,GET,168761004983667
0,1051,PUT,168761003543492
0,1051,GET,168761004983827
0,3870,PUT,168761004553899
0,3870,GET,168761004984098
0,2562,PUT,168761003120500
0,2562,GET,168761004984098
0,1039,PUT,168761004335722
0,1039,GET,168761004984138
0,287,PUT,168761002589356
0,287,GET,168761004984479
0,1044,PUT,168761004424619
0,1044,GET,168761004984579
0,1818,PUT,168761003493456
0,1818,GET,168761004984679
0,1295,PUT,168761004336143
0,1295,GET,168761004984730
0,5394,PUT,168761004371134
0,5394,GET,168761004984750
0,1556,PUT,168761004425471
0,1556,GET,168761004985742
0,2059,PUT,168761004218019
0,2059,GET,168761004984970
0,1300,PUT,168761004425040
0,1300,GET,168761004985040
0,4126,PUT,168761004554320
0,4126,GET,168761004985171
0,2074,PUT,168761003493877
0,2074,GET,168761004985161
0,543,PUT,168761002590428
0,543,GET,168761004985120
0,2315,PUT,168761004218440
0,2315,GET,168761004985441
0,2333,PUT,168761003522744
0,2333,GET,168761004985702
0,4382,PUT,168761004554751
0,4382,GET,168761004985602
0,2330,PUT,168761003494308
0,2330,GET,168761004985632
0,799,PUT,168761002590920
0,799,GET,168761004985642
0,7169,PUT,168761001943596
0,7169,GET,168761004985812
0,1560,PUT,168761003191745
0,1560,GET,168761004985842
0,5650,PUT,168761004371555
0,5650,GET,168761004985842
0,1551,PUT,168761004336584
0,1551,GET,168761004985952
0,2571,PUT,168761004218861
0,2571,GET,168761004986353
0,1807,PUT,168761004337015
0,1807,GET,168761004986494
0,1055,PUT,168761002591341
0,1055,GET,168761004986544
0,7425,PUT,168761001944017
0,7425,GET,168761004986674
0,5906,PUT,168761004371986
0,5906,GET,168761004986905
0,1311,PUT,168761002591772
0,1311,GET,168761004986975
0,2063,PUT,168761004337436
0,2063,GET,168761004987035
0,7681,PUT,168761001944448
0,7681,GET,168761004987175
0,1812,PUT,168761004425892
0,1812,GET,168761004987817
0,2827,PUT,168761004219292
0,2827,GET,168761004987255
0,1567,PUT,168761002592193
0,1567,GET,168761004987406
0,4638,PUT,168761004555172
0,4638,GET,168761004987606
0,1816,PUT,168761003192176
0,1816,GET,168761004987636
0,284,PUT,168761001466318
0,284,GET,168761004987837
0,2319,PUT,168761004337867
0,2319,GET,168761004987927
0,6162,PUT,168761004372407
0,6162,GET,168761004988057
0,4894,PUT,168761004555603
0,4894,GET,168761004988057
0,1307,PUT,168761003543923
0,1307,GET,168761004988218
0,3083,PUT,168761004219713
0,3083,GET,168761004988147
0,1823,PUT,168761002592624
0,1823,GET,168761004988298
0,2575,PUT,168761004338288
0,2575,GET,168761004988368
0,775,PUT,168761004689504
0,775,GET,168761004988769
0,540,PUT,168761001467260
0,540,GET,168761004988498
0,2072,PUT,168761003192597
0,2072,GET,168761004988538
0,3339,PUT,168761004220144
0,3339,GET,168761004988578
0,7937,PUT,168761001944869
0,7937,GET,168761004988749
0,2831,PUT,168761004338709
0,2831,GET,168761004988809
0,5150,PUT,168761004556024
0,5150,GET,168761004988969
0,3595,PUT,168761004220565
0,3595,GET,168761004989019
0,2068,PUT,168761004426323
0,2068,GET,168761004989060
0,1563,PUT,168761003544344
0,1563,GET,168761004989120
0,3087,PUT,168761004339140
0,3087,GET,168761004989240
0,2589,PUT,168761003523165
0,2589,GET,168761004989320
0,3851,PUT,168761004220996
0,3851,GET,168761004989531
0,2079,PUT,168761002593044
0,2079,GET,168761004989671
0,3343,PUT,168761004339561
0,3343,GET,168761004989751
0,6418,PUT,168761004372838
0,6418,GET,168761004989841
0,5406,PUT,168761004556455
0,5406,GET,168761004989881
0,796,PUT,168761001467761
0,796,GET,168761004989881
0,262,PUT,168761002193256
0,262,GET,168761004990323
0,2845,PUT,168761003523586
0,2845,GET,168761004990212
0,6674,PUT,168761004373259
0,6674,GET,168761004990292
0,5662,PUT,168761004556876
0,5662,GET,168761004990312
0,2324,PUT,168761004426744
0,2324,GET,168761004990403
0,1031,PUT,168761004689935
0,1031,GET,168761004990483
0,2580,PUT,168761004427165
0,2580,GET,168761004990854
0,266,PUT,168761004299187
0,266,GET,168761004991094
0,1287,PUT,168761004690356
0,1287,GET,168761004990964
0,4107,PUT,168761004221417
0,4107,GET,168761004991064
0,3101,PUT,168761003524017
0,3101,GET,168761004991114
0,1819,PUT,168761003544765
0,1819,GET,168761004991134
0,6930,PUT,168761004373690
0,6930,GET,168761004991185
0,5918,PUT,168761004557307
0,5918,GET,168761004991205
0,1543,PUT,168761004690787
0,1543,GET,168761004991405
0,518,PUT,168761002194489
0,518,GET,168761004991445
0,522,PUT,168761004300200
0,522,GET,168761004991616
0,2075,PUT,168761003545196
0,2075,GET,168761004991595
0,2836,PUT,168761004427596
0,2836,GET,168761004991756
0,1799,PUT,168761004691208
0,1799,GET,168761004991836
0,4363,PUT,168761004221848
0,4363,GET,168761004991966
0,3357,PUT,168761003524438
0,3357,GET,168761004992006
0,7186,PUT,168761004374111
0,7186,GET,168761004992077
0,778,PUT,168761004300771
0,778,GET,168761004992107
0,3599,PUT,168761004339992
0,3599,GET,168761004992077
0,6174,PUT,168761004557728
0,6174,GET,168761004992097
0,3092,PUT,168761004428016
0,3092,GET,168761004992197
0,4619,PUT,168761004222269
0,4619,GET,168761004992417
0,2335,PUT,168761002593486
0,2335,GET,168761004992427
0,2331,PUT,168761003545617
0,2331,GET,168761004992488
0,7442,PUT,168761004374542
0,7442,GET,168761004992508
0,1034,PUT,168761004301192
0,1034,GET,168761004992608
0,3613,PUT,168761003524869
0,3613,GET,168761004992898
0,774,PUT,168761002194970
0,774,GET,168761004992909
0,2587,PUT,168761003546048
0,2587,GET,168761004992929
0,268,PUT,168761004266401
0,268,GET,168761004993390
0,6430,PUT,168761004558159
0,6430,GET,168761004992989
0,1290,PUT,168761004301623
0,1290,GET,168761004993099
0,3348,PUT,168761004428447
0,3348,GET,168761004993089
0,2055,PUT,168761004691639
0,2055,GET,168761004993229
0,4875,PUT,168761004222700
0,4875,GET,168761004993309
0,2591,PUT,168761002593906
0,2591,GET,168761004993319
0,3869,PUT,168761003525290
0,3869,GET,168761004993360
0,7698,PUT,168761004374963
0,7698,GET,168761004993400
0,3855,PUT,168761004340413
0,3855,GET,168761004993420
0,6686,PUT,168761004558580
0,6686,GET,168761004993420
0,2311,PUT,168761004692060
0,2311,GET,168761004993670
0,4125,PUT,168761003525721
0,4125,GET,168761004993791
0,6942,PUT,168761004559001
0,6942,GET,168761004993851
0,2567,PUT,168761004692491
0,2567,GET,168761004994101
0,4381,PUT,168761003526142
0,4381,GET,168761004994232
0,7954,PUT,168761004375394
0,7954,GET,168761004994292
0,4111,PUT,168761004340844
0,4111,GET,168761004994312
0,8210,PUT,168761004375815
0,8210,GET,168761004994723
0,7198,PUT,168761004559432
0,7198,GET,168761004994743
0,2843,PUT,168761003546469
0,2843,GET,168761004994833
0,1546,PUT,168761004302044
0,1546,GET,168761004995144
0,2823,PUT,168761004692912
0,2823,GET,168761004995164
0,5131,PUT,168761004223121
0,5131,GET,168761004995895
0,4367,PUT,168761004341265
0,4367,GET,168761004995204
0,3079,PUT,168761004693343
0,3079,GET,168761004995605
0,1802,PUT,168761004302475
0,1802,GET,168761004995655
0,7454,PUT,168761004559853
0,7454,GET,168761004995645
0,4623,PUT,168761004341696
0,4623,GET,168761004995655
0,524,PUT,168761004267694
0,524,GET,168761004995956
0,3335,PUT,168761004693764
0,3335,GET,168761004996046
0,7710,PUT,168761004560284
0,7710,GET,168761004996076
0,4879,PUT,168761004342117
0,4879,GET,168761004996086
0,2058,PUT,168761004302896
0,2058,GET,168761004996146
0,3099,PUT,168761003546900
0,3099,GET,168761004996176
0,780,PUT,168761004268175
0,780,GET,168761004996427
0,5387,PUT,168761004223552
0,5387,GET,168761004996547
0,4637,PUT,168761003526573
0,4637,GET,168761004996497
0,2314,PUT,168761004303327
0,2314,GET,168761004996647
0,3355,PUT,168761003547331
0,3355,GET,168761004996627
0,1036,PUT,168761004268596
0,1036,GET,168761004996878
0,7966,PUT,168761004560705
0,7966,GET,168761004996968
0,5643,PUT,168761004223973
0,5643,GET,168761004997178
0,3611,PUT,168761003547762
0,3611,GET,168761004997058
0,6423,PUT,168761003610147
0,6423,GET,168761004998231
0,1292,PUT,168761004269027
0,1292,GET,168761004997309
0,4893,PUT,168761003527004
0,4893,GET,168761004997399
0,3867,PUT,168761003548183
0,3867,GET,168761004997499
0,2570,PUT,168761004303748
0,2570,GET,168761004997680
0,3591,PUT,168761004694195
0,3591,GET,168761004997850
0,4123,PUT,168761003548614
0,4123,GET,168761004997930
0,1548,PUT,168761004269448
0,1548,GET,168761004998211
0,3847,PUT,168761004694616
0,3847,GET,168761004998311
0,8222,PUT,168761004561136
0,8222,GET,168761004998341
0,5135,PUT,168761004342548
0,5135,GET,168761004998351
0,1804,PUT,168761004269879
0,1804,GET,168761004998642
0,2826,PUT,168761004304179
0,2826,GET,168761004998692
0,5149,PUT,168761003527425
0,5149,GET,168761004998742
0,4103,PUT,168761004695037
0,4103,GET,168761004998742
0,7424,PUT,168761003437797
0,7424,GET,168761005015511
0,4379,PUT,168761003549035
0,4379,GET,168761004998822
0,6679,PUT,168761003610568
0,6679,GET,168761004998933
0,2060,PUT,168761004270300
0,2060,GET,168761004999083
0,3082,PUT,168761004304600
0,3082,GET,168761004999193
0,5405,PUT,168761003527856
0,5405,GET,168761004999193
0,5391,PUT,168761004342969
0,5391,GET,168761004999263
0,4635,PUT,168761003549466
0,4635,GET,168761004999263
0,6935,PUT,168761003610999
0,6935,GET,168761004999374
0,2316,PUT,168761004270721
0,2316,GET,168761004999514
0,4359,PUT,168761004695468
0,4359,GET,168761004999644
0,5899,PUT,168761004224394
0,5899,GET,168761004999935
0,5647,PUT,168761004343400
0,5647,GET,168761004999825
0,2572,PUT,168761004271152
0,2572,GET,168761004999945
0,4615,PUT,168761004695889
0,4615,GET,168761005000075
0,3338,PUT,168761004305031
0,3338,GET,168761005000205
0,4871,PUT,168761004696320
0,4871,GET,168761005015822
0,5903,PUT,168761004343821
0,5903,GET,168761005016082
0,4891,PUT,168761003549887
0,4891,GET,168761005016453
0,6159,PUT,168761004344242
0,6159,GET,168761005016854
0,5661,PUT,168761003528277
0,5661,GET,168761005017415
0,2828,PUT,168761004271573
0,2828,GET,168761005017405
0,5127,PUT,168761004696741
0,5127,GET,168761005017476
0,6155,PUT,168761004224825
0,6155,GET,168761005018558
0,5147,PUT,168761003550318
0,5147,GET,168761005017526
0,5383,PUT,168761004697172
0,5383,GET,168761005017987
0,5403,PUT,168761003550739
0,5403,GET,168761005018067
0,6415,PUT,168761004344673
0,6415,GET,168761005018147
0,6671,PUT,168761004345094
0,6671,GET,168761005018739
0,5659,PUT,168761003551170
0,5659,GET,168761005018698
0,5917,PUT,168761003528708
0,5917,GET,168761005018839
0,2818,PUT,168761003120921
0,2818,GET,168761005019079
0,5639,PUT,168761004697593
0,5639,GET,168761005019430
0,6927,PUT,168761004345525
0,6927,GET,168761005019400
0,261,PUT,168761004132560
0,261,GET,168761005022116
0,1052,PUT,168761001468192
0,1052,GET,168761005019891
0,3074,PUT,168761003121352
0,3074,GET,168761005019821
0,5895,PUT,168761004698024
0,5895,GET,168761005020182
0,3084,PUT,168761004272004
0,3084,GET,168761005020533
0,259,PUT,168761001734069
0,259,GET,168761005020693
0,5915,PUT,168761003551591
0,5915,GET,168761005020412
0,3330,PUT,168761003121773
0,3330,GET,168761005020292
0,7183,PUT,168761004345946
0,7183,GET,168761005020703
0,3594,PUT,168761004305452
0,3594,GET,168761005020954
0,6151,PUT,168761004698445
0,6151,GET,168761005020984
0,3586,PUT,168761003122204
0,3586,GET,168761005020823
0,1308,PUT,168761001468613
0,1308,GET,168761005021104
0,6171,PUT,168761003552022
0,6171,GET,168761005021024
0,7439,PUT,168761004346377
0,7439,GET,168761005021244
0,2328,PUT,168761003193028
0,2328,GET,168761005021465
0,270,PUT,168761002699843
0,270,GET,168761005021675
0,3842,PUT,168761003122625
0,3842,GET,168761005021515
0,7695,PUT,168761004346798
0,7695,GET,168761005021766
0,260,PUT,168761004113416
0,260,GET,168761005022116
0,2586,PUT,168761003494729
0,2586,GET,168761005023640
0,3604,PUT,168761004428868
0,3604,GET,168761005022036
0,1564,PUT,168761001469044
0,1564,GET,168761005022056
0,272,PUT,168761004608606
0,272,GET,168761005022537
0,2584,PUT,168761003193449
0,2584,GET,168761005022106
0,7951,PUT,168761004347229
0,7951,GET,168761005022197
0,3850,PUT,168761004305883
0,3850,GET,168761005022257
0,1820,PUT,168761001469465
0,1820,GET,168761005022698
0,6427,PUT,168761003552443
0,6427,GET,168761005022638
0,515,PUT,168761001735112
0,515,GET,168761005022678
0,8207,PUT,168761004347650
0,8207,GET,168761005022688
0,3860,PUT,168761004429299
0,3860,GET,168761005022718
0,4106,PUT,168761004306304
0,4106,GET,168761005022828
0,3340,PUT,168761004272425
0,3340,GET,168761005022908
0,526,PUT,168761002700985
0,526,GET,168761005022978
0,4098,PUT,168761003123056
0,4098,GET,168761005023089
0,6683,PUT,168761003552874
0,6683,GET,168761005023099
0,2076,PUT,168761001469896
0,2076,GET,168761005023319
0,4116,PUT,168761004429720
0,4116,GET,168761005023149
0,2840,PUT,168761003193870
0,2840,GET,168761005023169
0,4362,PUT,168761004306735
0,4362,GET,168761005023329
0,6173,PUT,168761003529129
0,6173,GET,168761005025274
0,3596,PUT,168761004272856
0,3596,GET,168761005023469
0,771,PUT,168761001735593
0,771,GET,168761005023630
0,3096,PUT,168761003194301
0,3096,GET,168761005023610
0,6411,PUT,168761004225246
0,6411,GET,168761005025905
0,517,PUT,168761004133663
0,517,GET,168761005023880
0,2332,PUT,168761001470317
0,2332,GET,168761005024061
0,3352,PUT,168761003194722
0,3352,GET,168761005024051
0,528,PUT,168761004610059
0,528,GET,168761005024191
0,1027,PUT,168761001736024
0,1027,GET,168761005024291
0,4108,PUT,168761004273708
0,4108,GET,168761005025204
0,3852,PUT,168761004273277
0,3852,GET,168761005024452
0,4372,PUT,168761004430151
0,4372,GET,168761005024462
0,3608,PUT,168761003195153
0,3608,GET,168761005024492
0,2588,PUT,168761001470748
0,2588,GET,168761005024632
0,4354,PUT,168761003123476
0,4354,GET,168761005024742
0,6407,PUT,168761004698876
0,6407,GET,168761005024773
0,1283,PUT,168761001736445
0,1283,GET,168761005024983
0,516,PUT,168761004114829
0,516,GET,168761005024953
0,4628,PUT,168761004430572
0,4628,GET,168761005024983
0,2842,PUT,168761003495160
0,2842,GET,168761005025063
0,782,PUT,168761002701496
0,782,GET,168761005025063
0,2844,PUT,168761001471169
0,2844,GET,168761005025374
0,4884,PUT,168761004431003
0,4884,GET,168761005025424
0,1539,PUT,168761001736876
0,1539,GET,168761005025524
0,4364,PUT,168761004274129
0,4364,GET,168761005025635
0,4610,PUT,168761003123907
0,4610,GET,168761005025735
0,1795,PUT,168761001737307
0,1795,GET,168761005026757
0,3100,PUT,168761001471600
0,3100,GET,168761005026045
0,772,PUT,168761004115280
0,772,GET,168761005026106
0,6663,PUT,168761004699297
0,6663,GET,168761005026116
0,277,PUT,168761004447752
0,277,GET,168761005026948
0,4620,PUT,168761004274560
0,4620,GET,168761005026166
0,6429,PUT,168761003529560
0,6429,GET,168761005026366
0,5140,PUT,168761004431424
0,5140,GET,168761005026456
0,3356,PUT,168761001472021
0,3356,GET,168761005026587
0,1038,PUT,168761002701927
0,1038,GET,168761005026847
0,1028,PUT,168761004115711
0,1028,GET,168761005026567
0,6667,PUT,168761004225677
0,6667,GET,168761005026707
0,4876,PUT,168761004274991
0,4876,GET,168761005026847
0,1284,PUT,168761004116132
0,1284,GET,168761005026998
0,3612,PUT,168761001472442
0,3612,GET,168761005027118
0,2051,PUT,168761001737738
0,2051,GET,168761005027308
0,5132,PUT,168761004275412
0,5132,GET,168761005027379
0,784,PUT,168761004610611
0,784,GET,168761005027459
0,6937,PUT,168761003469931
0,6937,GET,168761005028722
0,3868,PUT,168761001472873
0,3868,GET,168761005027649
0,6919,PUT,168761004699728
0,6919,GET,168761005029012
0,773,PUT,168761004134154
0,773,GET,168761005027569
0,5396,PUT,168761004431855
0,5396,GET,168761005027840
0,1540,PUT,168761004116553
0,1540,GET,168761005028401
0,3098,PUT,168761003495581
0,3098,GET,168761005028090
0,4866,PUT,168761003124328
0,4866,GET,168761005028120
0,4124,PUT,168761001473294
0,4124,GET,168761005028371
0,5652,PUT,168761004432276
0,5652,GET,168761005028311
0,5388,PUT,168761004275843
0,5388,GET,168761005028441
0,5122,PUT,168761003124759
0,5122,GET,168761005028601
0,3354,PUT,168761003496002
0,3354,GET,168761005028722
0,1029,PUT,168761004134575
0,1029,GET,168761005028722
0,3864,PUT,168761003195574
0,3864,GET,168761005028732
0,5644,PUT,168761004276264
0,5644,GET,168761005028892
0,2307,PUT,168761001738159
0,2307,GET,168761005029062
0,1040,PUT,168761004611032
0,1040,GET,168761005028952
0,533,PUT,168761004448554
0,533,GET,168761005028962
0,1294,PUT,168761002702358
0,1294,GET,168761005029213
0,3610,PUT,168761003496433
0,3610,GET,168761005029273
0,4120,PUT,168761003196005
0,4120,GET,168761005029323
0,789,PUT,168761004449055
0,789,GET,168761005029393
0,7175,PUT,168761004700149
0,7175,GET,168761005029654
0,1796,PUT,168761004116984
0,1796,GET,168761005029604
0,2847,PUT,168761002594337
0,2847,GET,168761005029935
0,2563,PUT,168761001738590
0,2563,GET,168761005029624
0,1030,PUT,168761002195391
0,1030,GET,168761005029995
0,3866,PUT,168761003496854
0,3866,GET,168761005029854
0,1045,PUT,168761004449486
0,1045,GET,168761005029834
0,1296,PUT,168761004611463
0,1296,GET,168761005029844
0,1285,PUT,168761004135006
0,1285,GET,168761005030035
0,1550,PUT,168761002702779
0,1550,GET,168761005029965
0,2819,PUT,168761001739021
0,2819,GET,168761005030055
0,2052,PUT,168761004117405
0,2052,GET,168761005030055
0,4380,PUT,168761001473725
0,4380,GET,168761005030055
0,5908,PUT,168761004432697
0,5908,GET,168761005030145
0,1552,PUT,168761004611884
0,1552,GET,168761005030837
0,7431,PUT,168761004700580
0,7431,GET,168761005030175
0,4636,PUT,168761001474146
0,4636,GET,168761005030516
0,6164,PUT,168761004433128
0,6164,GET,168761005030596
0,5378,PUT,168761003125180
0,5378,GET,168761005030606
0,1286,PUT,168761002195812
0,1286,GET,168761005031187
0,264,PUT,168761004489419
0,264,GET,168761005030967
0,4376,PUT,168761003196426
0,4376,GET,168761005030776
0,4378,PUT,168761003497706
0,4378,GET,168761005032110
0,4892,PUT,168761001474577
0,4892,GET,168761005030947
0,4122,PUT,168761003497285
0,4122,GET,168761005031187
0,6420,PUT,168761004433549
0,6420,GET,168761005031037
0,5634,PUT,168761003125611
0,5634,GET,168761005031167
0,3075,PUT,168761001739442
0,3075,GET,168761005031679
0,1541,PUT,168761004135427
0,1541,GET,168761005031217
0,4632,PUT,168761003196857
0,4632,GET,168761005031228
0,5148,PUT,168761001474998
0,5148,GET,168761005031388
0,6676,PUT,168761004433980
0,6676,GET,168761005031468
0,1301,PUT,168761004449917
0,1301,GET,168761005031628
0,1797,PUT,168761004135858
0,1797,GET,168761005031669
0,5404,PUT,168761001475429
0,5404,GET,168761005031819
0,1542,PUT,168761002196243
0,1542,GET,168761005031949
0,6932,PUT,168761004434401
0,6932,GET,168761005031899
0,1806,PUT,168761002703210
0,1806,GET,168761005031919
0,5890,PUT,168761003126032
0,5890,GET,168761005032490
0,1557,PUT,168761004450338
0,1557,GET,168761005032090
0,1798,PUT,168761002196664
0,1798,GET,168761005032220
0,3331,PUT,168761001739873
0,3331,GET,168761005032290
0,4634,PUT,168761003498137
0,4634,GET,168761005032430
0,7188,PUT,168761004434832
0,7188,GET,168761005032330
0,1813,PUT,168761004450769
0,1813,GET,168761005032531
0,5660,PUT,168761001475850
0,5660,GET,168761005033523
0,4890,PUT,168761003498558
0,4890,GET,168761005032871
0,7444,PUT,168761004435253
0,7444,GET,168761005032771
0,3587,PUT,168761001740294
0,3587,GET,168761005032821
0,1808,PUT,168761004612315
0,1808,GET,168761005032921
0,2308,PUT,168761004117836
0,2308,GET,168761005032901
0,6146,PUT,168761003126463
0,6146,GET,168761005033312
0,2054,PUT,168761002197095
0,2054,GET,168761005033262
0,7700,PUT,168761004435684
0,7700,GET,168761005033202
0,3843,PUT,168761001740725
0,3843,GET,168761005033252
0,2062,PUT,168761002703631
0,2062,GET,168761005033262
0,4888,PUT,168761003197278
0,4888,GET,168761005033312
0,5146,PUT,168761003498989
0,5146,GET,168761005033493
0,2064,PUT,168761004612736
0,2064,GET,168761005033463
0,7680,PUT,168761003438218
0,7680,GET,168761005036279
0,5402,PUT,168761003499420
0,5402,GET,168761005033723
0,7956,PUT,168761004436115
0,7956,GET,168761005033633
0,4099,PUT,168761001741146
0,4099,GET,168761005033693
0,2318,PUT,168761002704052
0,2318,GET,168761005033713
0,2310,PUT,168761002197516
0,2310,GET,168761005033783
0,3103,PUT,168761002594758
0,3103,GET,168761005033864
0,2069,PUT,168761004451190
0,2069,GET,168761005034024
0,6402,PUT,168761003126884
0,6402,GET,168761005034214
0,7191,PUT,168761003611420
0,7191,GET,168761005034485
0,5916,PUT,168761001476281
0,5916,GET,168761005034706
0,8212,PUT,168761004436536
0,8212,GET,168761005034074
0,2574,PUT,168761002704483
0,2574,GET,168761005034154
0,5658,PUT,168761003499841
0,5658,GET,168761005034255
0,3349,PUT,168761004453325
0,3349,GET,168761005037542
0,8193,PUT,168761001945300
0,8193,GET,168761005035457
0,2830,PUT,168761002704904
0,2830,GET,168761005034585
0,4355,PUT,168761001741577
0,4355,GET,168761005034595
0,520,PUT,168761004490502
0,520,GET,168761005034716
0,2053,PUT,168761004136279
0,2053,GET,168761005034665
0,6658,PUT,168761003127315
0,6658,GET,168761005034796
0,3359,PUT,168761002595189
0,3359,GET,168761005034756
0,7193,PUT,168761003470362
0,7193,GET,168761005037372
0,2566,PUT,168761002197947
0,2566,GET,168761005034796
0,2320,PUT,168761004613167
0,2320,GET,168761005034916
0,2325,PUT,168761004451621
0,2325,GET,168761005034966
0,3086,PUT,168761002705335
0,3086,GET,168761005035016
0,4611,PUT,168761001741998
0,4611,GET,168761005035036
0,7447,PUT,168761003611851
0,7447,GET,168761005035036
0,5144,PUT,168761003197709
0,5144,GET,168761005035086
0,2309,PUT,168761004136710
0,2309,GET,168761005035117
0,3615,PUT,168761002595610
0,3615,GET,168761005035217
0,6172,PUT,168761001476702
0,6172,GET,168761005035497
0,2581,PUT,168761004452042
0,2581,GET,168761005035397
0,3342,PUT,168761002705756
0,3342,GET,168761005035447
0,5400,PUT,168761003198130
0,5400,GET,168761005035548
0,2565,PUT,168761004137131
0,2565,GET,168761005035548
0,7703,PUT,168761003612272
0,7703,GET,168761005035548
0,5914,PUT,168761003500272
0,5914,GET,168761005035698
0,2822,PUT,168761002198368
0,2822,GET,168761005035818
0,2837,PUT,168761004452473
0,2837,GET,168761005035838
0,6914,PUT,168761003127736
0,6914,GET,168761005035989
0,2821,PUT,168761004137562
0,2821,GET,168761005035989
0,5656,PUT,168761003198551
0,5656,GET,168761005035989
0,7959,PUT,168761003612703
0,7959,GET,168761005035979
0,6428,PUT,168761001477133
0,6428,GET,168761005036149
0,776,PUT,168761004491043
0,776,GET,168761005036259
0,4867,PUT,168761001742429
0,4867,GET,168761005036249
0,3093,PUT,168761004452904
0,3093,GET,168761005036269
0,6923,PUT,168761004226098
0,6923,GET,168761005037001
0,6684,PUT,168761001477554
0,6684,GET,168761005036420
0,3077,PUT,168761004137983
0,3077,GET,168761005036420
0,8215,PUT,168761003613134
0,8215,GET,168761005036420
0,5912,PUT,168761003198982
0,5912,GET,168761005036630
0,2564,PUT,168761004118257
0,2564,GET,168761005038575
0,3598,PUT,168761002706187
0,3598,GET,168761005036821
0,3078,PUT,168761002198799
0,3078,GET,168761005036851
0,3333,PUT,168761004138414
0,3333,GET,168761005036851
0,2576,PUT,168761004613587
0,2576,GET,168761005037031
0,6168,PUT,168761003199403
0,6168,GET,168761005037171
0,3854,PUT,168761002706608
0,3854,GET,168761005037262
0,6170,PUT,168761003500693
0,6170,GET,168761005037262
0,3334,PUT,168761002199220
0,3334,GET,168761005037292
0,5123,PUT,168761001742850
0,5123,GET,168761005037422
0,3871,PUT,168761002596041
0,3871,GET,168761005037452
0,2832,PUT,168761004614018
0,2832,GET,168761005037482
0,7179,PUT,168761004226529
0,7179,GET,168761005037582
0,6424,PUT,168761003199834
0,6424,GET,168761005037602
0,1032,PUT,168761004491474
0,1032,GET,168761005037763
0,3590,PUT,168761002199651
0,3590,GET,168761005037733
0,3589,PUT,168761004138835
0,3589,GET,168761005037753
0,7170,PUT,168761003128157
0,7170,GET,168761005037763
0,4110,PUT,168761002707039
0,4110,GET,168761005037883
0,4127,PUT,168761002596462
0,4127,GET,168761005037903
0,3088,PUT,168761004614450
0,3088,GET,168761005037913
0,7435,PUT,168761004226949
0,7435,GET,168761005038013
0,6940,PUT,168761001477985
0,6940,GET,168761005038154
0,4618,PUT,168761004307156
0,4618,GET,168761005038524
0,6426,PUT,168761003501124
0,6426,GET,168761005038154
0,4895,PUT,168761002597735
0,4895,GET,168761005040369
0,7426,PUT,168761003128588
0,7426,GET,168761005038214
0,3605,PUT,168761004453756
0,3605,GET,168761005038384
0,5379,PUT,168761001743281
0,5379,GET,168761005038314
0,4383,PUT,168761002596883
0,4383,GET,168761005038344
0,4366,PUT,168761002707460
0,4366,GET,168761005038424
0,6682,PUT,168761003501545
0,6682,GET,168761005038605
0,3845,PUT,168761004139266
0,3845,GET,168761005038645
0,7682,PUT,168761003129009
0,7682,GET,168761005038655
0,3846,PUT,168761002200072
0,3846,GET,168761005039236
0,4622,PUT,168761002707891
0,4622,GET,168761005038855
0,1288,PUT,168761004491895
0,1288,GET,168761005039016
0,6938,PUT,168761003501976
0,6938,GET,168761005039046
0,7196,PUT,168761001478406
0,7196,GET,168761005039156
0,2820,PUT,168761004118688
0,2820,GET,168761005039216
0,4639,PUT,168761002597314
0,4639,GET,168761005039246
0,3861,PUT,168761004454177
0,3861,GET,168761005039777
0,3344,PUT,168761004614870
0,3344,GET,168761005039407
0,1544,PUT,168761004492326
0,1544,GET,168761005039557
0,7194,PUT,168761003502397
0,7194,GET,168761005039537
0,3076,PUT,168761004119109
0,3076,GET,168761005039727
0,3600,PUT,168761004615301
0,3600,GET,168761005039838
0,7450,PUT,168761003502828
0,7450,GET,168761005039978
0,4101,PUT,168761004139687
0,4101,GET,168761005040008
0,1800,PUT,168761004492747
0,1800,GET,168761005040218
0,3856,PUT,168761004615722
0,3856,GET,168761005040269
0,7452,PUT,168761001478837
0,7452,GET,168761005040629
0,4102,PUT,168761002200503
0,4102,GET,168761005040730
0,4357,PUT,168761004140118
0,4357,GET,168761005040449
0,5900,PUT,168761004276695
0,5900,GET,168761005040950
0,4878,PUT,168761002708312
0,4878,GET,168761005040770
0,7706,PUT,168761003503249
0,7706,GET,168761005040880
0,5635,PUT,168761001743702
0,5635,GET,168761005041010
0,7708,PUT,168761001479268
0,7708,GET,168761005041261
0,5134,PUT,168761002708743
0,5134,GET,168761005041221
0,4112,PUT,168761004616163
0,4112,GET,168761005041291
0,6680,PUT,168761003200255
0,6680,GET,168761005041291
0,7962,PUT,168761003503680
0,7962,GET,168761005041311
0,4358,PUT,168761002200924
0,4358,GET,168761005041341
0,2056,PUT,168761004493178
0,2056,GET,168761005041471
0,6936,PUT,168761003200686
0,6936,GET,168761005042273
0,5390,PUT,168761002709164
0,5390,GET,168761005041662
0,7964,PUT,168761001479699
0,7964,GET,168761005041922
0,8218,PUT,168761003504101
0,8218,GET,168761005041752
0,4613,PUT,168761004140539
0,4613,GET,168761005041812
0,3332,PUT,168761004119540
0,3332,GET,168761005041832
0,5151,PUT,168761002598166
0,5151,GET,168761005042003
0,4874,PUT,168761004307587
0,4874,GET,168761005042133
0,7687,PUT,168761004701001
0,7687,GET,168761005042343
0,2312,PUT,168761004493599
0,2312,GET,168761005042003
0,6156,PUT,168761004277116
0,6156,GET,168761005042123
0,7938,PUT,168761003129440
0,7938,GET,168761005042403
0,4368,PUT,168761004616584
0,4368,GET,168761005042283
0,3588,PUT,168761004119961
0,3588,GET,168761005042283
0,4614,PUT,168761002201355
0,4614,GET,168761005042333
0,5646,PUT,168761002709595
0,5646,GET,168761005042604
0,5407,PUT,168761002598587
0,5407,GET,168761005042454
0,6412,PUT,168761004277547
0,6412,GET,168761005042574
0,8220,PUT,168761001480120
0,8220,GET,168761005042664
0,4870,PUT,168761002201776
0,4870,GET,168761005042774
0,4624,PUT,168761004617015
0,4624,GET,168761005042794
0,7192,PUT,168761003201107
0,7192,GET,168761005042915
0,8194,PUT,168761003129861
0,8194,GET,168761005042855
0,5130,PUT,168761004308008
0,5130,GET,168761005042885
0,5663,PUT,168761002599018
0,5663,GET,168761005042895
0,7943,PUT,168761004701422
0,7943,GET,168761005042905
0,6668,PUT,168761004277968
0,6668,GET,168761005043115
0,3844,PUT,168761004120392
0,3844,GET,168761005043175
0,2568,PUT,168761004494030
0,2568,GET,168761005043215
0,4880,PUT,168761004617436
0,4880,GET,168761005043235
0,4869,PUT,168761004140970
0,4869,GET,168761005043245
0,5902,PUT,168761002710016
0,5902,GET,168761005043346
0,5919,PUT,168761002599439
0,5919,GET,168761005043326
0,8199,PUT,168761004701853
0,8199,GET,168761005043346
0,7448,PUT,168761003201538
0,7448,GET,168761005043346
0,6924,PUT,168761004278399
0,6924,GET,168761005043686
0,4100,PUT,168761004120813
0,4100,GET,168761005043616
0,5125,PUT,168761004141391
0,5125,GET,168761005043696
0,2824,PUT,168761004494451
0,2824,GET,168761005043737
0,6175,PUT,168761002599870
0,6175,GET,168761005043757
0,6158,PUT,168761002710447
0,6158,GET,168761005043887
0,7691,PUT,168761004227380
0,7691,GET,168761005044749
0,7947,PUT,168761004227801
0,7947,GET,168761005045100
0,7436,PUT,168761004279241
0,7436,GET,168761005045390
0,4356,PUT,168761004121244
0,4356,GET,168761005044047
0,7180,PUT,168761004278820
0,7180,GET,168761005044127
0,5381,PUT,168761004141812
0,5381,GET,168761005044127
0,5386,PUT,168761004308429
0,5386,GET,168761005044198
0,6414,PUT,168761002710868
0,6414,GET,168761005044488
0,4612,PUT,168761004121665
0,4612,GET,168761005044488
0,5637,PUT,168761004142243
0,5637,GET,168761005044558
0,5136,PUT,168761004617867
0,5136,GET,168761005044799
0,6149,PUT,168761004143095
0,6149,GET,168761005045380
0,4868,PUT,168761004122096
0,4868,GET,168761005044919
0,5893,PUT,168761004142664
0,5893,GET,168761005045000
0,6670,PUT,168761002711289
0,6670,GET,168761005045020
0,5642,PUT,168761004308860
0,5642,GET,168761005045481
0,5392,PUT,168761004618288
0,5392,GET,168761005045240
0,6431,PUT,168761002600291
0,6431,GET,168761005045511
0,5124,PUT,168761004122517
0,5124,GET,168761005045350
0,6926,PUT,168761002711720
0,6926,GET,168761005045461
0,8203,PUT,168761004228232
0,8203,GET,168761005045681
0,5648,PUT,168761004618709
0,5648,GET,168761005045681
0,5891,PUT,168761001744133
0,5891,GET,168761005045741
0,5380,PUT,168761004122948
0,5380,GET,168761005045791
0,7692,PUT,168761004279672
0,7692,GET,168761005045912
0,7948,PUT,168761004280093
0,7948,GET,168761005046503
0,6405,PUT,168761004143516
0,6405,GET,168761005046102
0,5898,PUT,168761004309281
0,5898,GET,168761005046082
0,5904,PUT,168761004619140
0,5904,GET,168761005046112
0,6147,PUT,168761001744554
0,6147,GET,168761005046192
0,5126,PUT,168761002202207
0,5126,GET,168761005046443
0,5636,PUT,168761004123369
0,5636,GET,168761005046232
0,6939,PUT,168761003553295
0,6939,GET,168761005047565
0,6687,PUT,168761002600722
0,6687,GET,168761005046513
0,6154,PUT,168761004309712
0,6154,GET,168761005046724
0,3080,PUT,168761004494872
0,3080,GET,168761005046563
0,6160,PUT,168761004619561
0,6160,GET,168761005046663
0,6666,PUT,168761004310564
0,6666,GET,168761005048367
0,6661,PUT,168761004143947
0,6661,GET,168761005046653
0,5892,PUT,168761004123790
0,5892,GET,168761005046754
0,6416,PUT,168761004619992
0,6416,GET,168761005046934
0,6943,PUT,168761002601143
0,6943,GET,168761005046964
0,6917,PUT,168761004144368
0,6917,GET,168761005047676
0,7182,PUT,168761002712141
0,7182,GET,168761005047134
0,6403,PUT,168761001744985
0,6403,GET,168761005047165
0,6148,PUT,168761004124221
0,6148,GET,168761005047305
0,6410,PUT,168761004310133
0,6410,GET,168761005047345
0,7704,PUT,168761003201959
0,7704,GET,168761005049991
0,7199,PUT,168761002601574
0,7199,GET,168761005047405
0,7438,PUT,168761002712572
0,7438,GET,168761005047575
0,6685,PUT,168761003529981
0,6685,GET,168761005049851
0,6404,PUT,168761004124642
0,6404,GET,168761005047736
0,7455,PUT,168761002601995
0,7455,GET,168761005047836
0,7694,PUT,168761002712993
0,7694,GET,168761005048006
0,6659,PUT,168761001745406
0,6659,GET,168761005048087
0,6672,PUT,168761004620423
0,6672,GET,168761005048367
0,7173,PUT,168761004144799
0,7173,GET,168761005048458
0,7711,PUT,168761002602426
0,7711,GET,168761005048277
0,7950,PUT,168761002713424
0,7950,GET,168761005048538
0,6915,PUT,168761001745837
0,6915,GET,168761005048628
0,5382,PUT,168761002202628
0,5382,GET,168761005048628
0,6922,PUT,168761004310985
0,6922,GET,168761005048899
0,6660,PUT,168761004125073
0,6660,GET,168761005049360
0,6928,PUT,168761004620844
0,6928,GET,168761005048959
0,8206,PUT,168761002713845
0,8206,GET,168761005049069
0,5638,PUT,168761002203059
0,5638,GET,168761005049079
0,3336,PUT,168761004495303
0,3336,GET,168761005049119
0,5894,PUT,168761002203480
0,5894,GET,168761005049520
0,6406,PUT,168761002204332
0,6406,GET,168761005050743
0,7178,PUT,168761004311416
0,7178,GET,168761005050031
0,7429,PUT,168761004145220
0,7429,GET,168761005049921
0,6150,PUT,168761002203911
0,6150,GET,168761005049951
0,7936,PUT,168761003438649
0,7936,GET,168761005050993
0,7184,PUT,168761004621275
0,7184,GET,168761005050131
0,7195,PUT,168761003553726
0,7195,GET,168761005050803
0,7685,PUT,168761004145651
0,7685,GET,168761005050442
0,7171,PUT,168761001746258
0,7171,GET,168761005050643
0,7434,PUT,168761004311837
0,7434,GET,168761005050582
0,4117,PUT,168761004454608
0,4117,GET,168761005050983
0,7440,PUT,168761004621696
0,7440,GET,168761005050643
0,7960,PUT,168761003202390
0,7960,GET,168761005050623
0,7941,PUT,168761004146082
0,7941,GET,168761005050873
0,7952,PUT,168761004622548
0,7952,GET,168761005052357
0,6662,PUT,168761002204753
0,6662,GET,168761005051064
0,4373,PUT,168761004455029
0,4373,GET,168761005051505
0,7696,PUT,168761004622127
0,7696,GET,168761005051154
0,7449,PUT,168761003470783
0,7449,GET,168761005052006
0,7427,PUT,168761001746679
0,7427,GET,168761005051194
0,8197,PUT,168761004146503
0,8197,GET,168761005051314
0,7451,PUT,168761003554147
0,7451,GET,168761005051364
0,6918,PUT,168761002205184
0,6918,GET,168761005051565
0,7690,PUT,168761004312268
0,7690,GET,168761005051605
0,3592,PUT,168761004495724
0,3592,GET,168761005051865
0,8192,PUT,168761003439070
0,8192,GET,168761005051655
0,7683,PUT,168761001747110
0,7683,GET,168761005051835
0,8216,PUT,168761003202811
0,8216,GET,168761005051936
0,7967,PUT,168761002602847
0,7967,GET,168761005052427
0,7707,PUT,168761003554568
0,7707,GET,168761005051885
0,7430,PUT,168761002206036
0,7430,GET,168761005052727
0,8204,PUT,168761004280524
0,8204,GET,168761005052828
0,7174,PUT,168761002205605
0,7174,GET,168761005052096
0,4629,PUT,168761004455460
0,4629,GET,168761005052276
0,7963,PUT,168761003554999
0,7963,GET,168761005052316
0,7939,PUT,168761001747531
0,7939,GET,168761005052377
0,6916,PUT,168761004125494
0,6916,GET,168761005052437
0,3848,PUT,168761004496155
0,3848,GET,168761005052577
0,7705,PUT,168761003471214
0,7705,GET,168761005052627
0,8219,PUT,168761003555420
0,8219,GET,168761005052747
0,8195,PUT,168761001747962
0,8195,GET,168761005052808
0,4885,PUT,168761004455881
0,4885,GET,168761005053018
0,8208,PUT,168761004622979
0,8208,GET,168761005053038
0,7946,PUT,168761004312689
0,7946,GET,168761005052968
0,7172,PUT,168761004125925
0,7172,GET,168761005052988
0,8223,PUT,168761002603278
0,8223,GET,168761005052998
0,7961,PUT,168761003471635
0,7961,GET,168761005053058
0,8464,PUT,168761005025304
0,8464,GET,168761005069246
0,8198,PUT,168761002207309
0,8198,GET,168761005056787
0,4104,PUT,168761004496576
0,4104,GET,168761005053850
0,7686,PUT,168761002206457
0,7686,GET,168761005053369
0,6941,PUT,168761003530412
0,6941,GET,168761005055303
0,5141,PUT,168761004456312
0,5141,GET,168761005053680
0,8217,PUT,168761003472066
0,8217,GET,168761005055193
0,7942,PUT,168761002206888
0,7942,GET,168761005053810
0,8202,PUT,168761004313120
0,8202,GET,168761005053970
0,7428,PUT,168761004126346
0,7428,GET,168761005054652
0,5397,PUT,168761004456733
0,5397,GET,168761005054231
0,8467,PUT,168761004942872
0,8467,GET,168761005070629
0,4360,PUT,168761004497007
0,4360,GET,168761005054441
0,7684,PUT,168761004126777
0,7684,GET,168761005055374
0,7940,PUT,168761004127198
0,7940,GET,168761005056025
0,5653,PUT,168761004457164
0,5653,GET,168761005055193
0,4616,PUT,168761004497428
0,4616,GET,168761005055243
0,5909,PUT,168761004457585
0,5909,GET,168761005055765
0,8221,PUT,168761003532537
0,8221,GET,168761005058340
0,15638,PUT,168761005020573
0,15638,GET,168761005070990
0,8196,PUT,168761004127629
0,8196,GET,168761005056827
0,7197,PUT,168761003530833
0,7197,GET,168761005055945
0,7688,PUT,168761004502540
0,7688,GET,168761005066199
0,7709,PUT,168761003531685
0,7709,GET,168761005057078
0,7445,PUT,168761004460141
0,7445,GET,168761005061708
0,5896,PUT,168761004499563
0,5896,GET,168761005061297
0,11527,PUT,168761005028241
0,11527,GET,168761005069286
0,7453,PUT,168761003531264
0,7453,GET,168761005056476
0,6677,PUT,168761004458868
0,6677,GET,168761005058872
0,7965,PUT,168761003532116
0,7965,GET,168761005057609
0,6165,PUT,168761004458016
0,6165,GET,168761005057198
0,4872,PUT,168761004497859
0,4872,GET,168761005057599
0,8465,PUT,168761004944005
0,8465,GET,168761005069506
0,6408,PUT,168761004500405
0,6408,GET,168761005062741
0,15881,PUT,168761004987686
0,15881,GET,168761005071671
0,7701,PUT,168761004460572
0,7701,GET,168761005062781
0,6421,PUT,168761004458437
0,6421,GET,168761005057930
0,8200,PUT,168761004503392
0,8200,GET,168761005067652
0,17945,PUT,168761004987005
0,17945,GET,168761005070038
0,6933,PUT,168761004459289
0,6933,GET,168761005059393
0,5128,PUT,168761004498280
0,5128,GET,168761005058942
0,7944,PUT,168761004502961
0,7944,GET,168761005067091
0,7957,PUT,168761004460993
0,7957,GET,168761005063613
0,5384,PUT,168761004498711
0,5384,GET,168761005060044
0,8478,PUT,168761004972471
0,8478,GET,168761005070168
0,16641,PUT,168761004990222
0,16641,GET,168761005069547
0,7189,PUT,168761004459720
0,7189,GET,168761005060506
0,5640,PUT,168761004499132
0,5640,GET,168761005060596
0,9484,PUT,168761005021966
0,9484,GET,168761005069887
0,6152,PUT,168761004499984
0,6152,GET,168761005061869
0,7432,PUT,168761004502109
0,7432,GET,168761005065437
0,8471,PUT,168761004946070
0,8471,GET,168761005070168
0,16665,PUT,168761004980099
0,16665,GET,168761005069777
0,8456,PUT,168761005028822
0,8456,GET,168761005069446
0,8459,PUT,168761005019971
0,8459,GET,168761005071521
0,15373,PUT,168761004982775
0,15373,GET,168761005069817
0,16645,PUT,168761004984218
0,16645,GET,168761005069286
0,6664,PUT,168761004500836
0,6664,GET,168761005063362
0,6920,PUT,168761004501257
0,6920,GET,168761005064014
0,8213,PUT,168761004461414
0,8213,GET,168761005064344
0,7176,PUT,168761004501688
0,7176,GET,168761005064635
0,8712,PUT,168761005030045
0,8712,GET,168761005070248
0,8457,PUT,168761004952585
0,8457,GET,168761005069667
0,16897,PUT,168761004993620
0,16897,GET,168761005071080
0,16901,PUT,168761004984960
0,16901,GET,168761005069837
0,8473,PUT,168761004949598
0,8473,GET,168761005070910
0,16640,PUT,168761004977042
0,16640,GET,168761005069757
0,11783,PUT,168761005030355
0,11783,GET,168761005070058
0,8721,PUT,168761004946621
0,8721,GET,168761005070188
0,17157,PUT,168761004985401
0,17157,GET,168761005070619
0,12039,PUT,168761005031037
0,12039,GET,168761005070639
0,8977,PUT,168761004947373
0,8977,GET,168761005070649
0,16921,PUT,168761004982174
0,16921,GET,168761005070749
0,8727,PUT,168761004947603
0,8727,GET,168761005070870
0,8968,PUT,168761005032440
0,8968,GET,168761005071010
0,16150,PUT,168761005023630
0,16150,GET,168761005072143
0,9233,PUT,168761004949227
0,9233,GET,168761005071090
0,16896,PUT,168761004977793
0,16896,GET,168761005071932
0,8734,PUT,168761004975658
0,8734,GET,168761005071421
0,8983,PUT,168761004950610
0,8983,GET,168761005071451
0,9489,PUT,168761004950490
0,9489,GET,168761005071531
0,8729,PUT,168761004950791
0,8729,GET,168761005071691
0,15894,PUT,168761005022507
0,15894,GET,168761005071681
0,17153,PUT,168761004994131
0,17153,GET,168761005072313
0,12295,PUT,168761005033002
0,12295,GET,168761005071892
0,9745,PUT,168761004951833
0,9745,GET,168761005071972
0,8990,PUT,168761004976190
0,8990,GET,168761005072183
0,8985,PUT,168761004951412
0,8985,GET,168761005072223
0,8713,PUT,168761004956594
0,8713,GET,168761005072814
0,12551,PUT,168761005033583
0,12551,GET,168761005072333
0,16137,PUT,168761004988358
0,16137,GET,168761005072594
0,9246,PUT,168761004977513
0,9246,GET,168761005072854
0,16406,PUT,168761005024081
0,16406,GET,168761005072894
0,17409,PUT,168761004994643
0,17409,GET,168761005072954
0,17665,PUT,168761004997178
0,17665,GET,168761005073395
0,16662,PUT,168761005024522
0,16662,GET,168761005073436
0,17921,PUT,168761004998201
0,17921,GET,168761005073847
0,8462,PUT,168761005025384
0,8462,GET,168761005073877
0,12807,PUT,168761005034485
0,12807,GET,168761005074408
0,13063,PUT,168761005036740
0,13063,GET,168761005074949
0,13319,PUT,168761005037312
0,13319,GET,168761005075981
0,13575,PUT,168761005037843
0,13575,GET,168761005078608
0,9224,PUT,168761005033052
0,9224,GET,168761005078417
0,8718,PUT,168761005027820
0,8718,GET,168761005078708
0,17152,PUT,168761004978475
0,17152,GET,168761005078788
0,8475,PUT,168761004980570
0,8475,GET,168761005078467
0,8453,PUT,168761004943474
0,8453,GET,168761005078788
0,8461,PUT,168761004948505
0,8461,GET,168761005079510
0,8470,PUT,168761004971258
0,8470,GET,168761005079279
0,9480,PUT,168761005033603
0,9480,GET,168761005079129
0,8974,PUT,168761005028521
0,8974,GET,168761005079269
0,9494,PUT,168761004973564
0,9494,GET,168761005081735
0,18206,PUT,168761005038665
0,18206,GET,168761005079600
0,17408,PUT,168761004981282
0,17408,GET,168761005079429
0,9502,PUT,168761004978565
0,9502,GET,168761005079850
0,15646,PUT,168761005020332
0,15646,GET,168761005079730
0,8731,PUT,168761004981492
0,8731,GET,168761005079600
0,18201,PUT,168761004988969
0,18201,GET,168761005079961
0,16393,PUT,168761004988799
0,16393,GET,168761005080301
0,16663,PUT,168761004978876
0,16663,GET,168761005080281
0,8726,PUT,168761004972170
0,8726,GET,168761005080151
0,18462,PUT,168761005040459
0,18462,GET,168761005080442
0,8982,PUT,168761004972621
0,8982,GET,168761005080602
0,15902,PUT,168761005021395
0,15902,GET,168761005080362
0,8717,PUT,168761004955191
0,8717,GET,168761005080432
0,9736,PUT,168761005034134
0,9736,GET,168761005080452
0,8709,PUT,168761004948986
0,8709,GET,168761005080542
0,8448,PUT,168761004947002
0,8448,GET,168761005080482
0,8987,PUT,168761004981943
0,8987,GET,168761005080512
0,18457,PUT,168761004989430
0,18457,GET,168761005080602
0,8477,PUT,168761004974937
0,8477,GET,168761005080732
0,8715,PUT,168761005021395
0,8715,GET,168761005080983
0,9230,PUT,168761005030486
0,9230,GET,168761005080993
0,16649,PUT,168761004989240
0,16649,GET,168761005080963
0,9758,PUT,168761004979016
0,9758,GET,168761005081043
0,18177,PUT,168761004999714
0,18177,GET,168761005081184
0,18713,PUT,168761005018418
0,18713,GET,168761005081043
0,24593,PUT,168761005049941
0,24593,GET,168761005081153
0,9238,PUT,168761004973123
0,9238,GET,168761005081254
0,15889,PUT,168761004976250
0,15889,GET,168761005081645
0,8733,PUT,168761004976831
0,8733,GET,168761005081434
0,16158,PUT,168761005023079
0,16158,GET,168761005081334
0,17664,PUT,168761004981883
0,17664,GET,168761005081354
0,8466,PUT,168761004969504
0,8466,GET,168761005081665
0,9486,PUT,168761005031027
0,9486,GET,168761005081524
0,10014,PUT,168761004979918
0,10014,GET,168761005081594
0,8973,PUT,168761004957246
0,8973,GET,168761005081625
0,17413,PUT,168761004986303
0,17413,GET,168761005082777
0,8989,PUT,168761004977292
0,8989,GET,168761005081895
0,8450,PUT,168761005025825
0,8450,GET,168761005081805
0,9239,PUT,168761004952515
0,9239,GET,168761005083198
0,9992,PUT,168761005035377
0,9992,GET,168761005081755
0,18433,PUT,168761005021585
0,18433,GET,168761005081735
0,24849,PUT,168761005051645
0,24849,GET,168761005081825
0,16414,PUT,168761005023530
0,16414,GET,168761005081765
0,17920,PUT,168761004982795
0,17920,GET,168761005081805
0,16919,PUT,168761004979608
0,16919,GET,168761005081845
0,9243,PUT,168761004982575
0,9243,GET,168761005081895
0,17175,PUT,168761004980059
0,17175,GET,168761005082487
0,8704,PUT,168761004950590
0,8704,GET,168761005082096
0,16905,PUT,168761004989691
0,16905,GET,168761005082216
0,16413,PUT,168761005020252
0,16413,GET,168761005082126
0,9750,PUT,168761004976109
0,9750,GET,168761005082296
0,8965,PUT,168761004950480
0,8965,GET,168761005082346
0,8722,PUT,168761004970386
0,8722,GET,168761005082346
0,16145,PUT,168761004977392
0,16145,GET,168761005082396
0,9245,PUT,168761004977743
0,9245,GET,168761005082627
0,9499,PUT,168761004984349
0,9499,GET,168761005082436
0,8960,PUT,168761004951382
0,8960,GET,168761005082547
0,8706,PUT,168761005027088
0,8706,GET,168761005082677
0,14855,PUT,168761005052266
0,14855,GET,168761005082757
0,18969,PUT,168761005021274
0,18969,GET,168761005082657
0,18176,PUT,168761004983807
0,18176,GET,168761005082717
0,17161,PUT,168761004990994
0,17161,GET,168761005082737
0,16670,PUT,168761005023971
0,16670,GET,168761005082767
0,10006,PUT,168761004976731
0,10006,GET,168761005082857
0,9755,PUT,168761004984970
0,9755,GET,168761005082877
0,9221,PUT,168761004951071
0,9221,GET,168761005082908
0,10248,PUT,168761005037011
0,10248,GET,168761005082938
0,17431,PUT,168761004981412
0,17431,GET,168761005083118
0,8978,PUT,168761004972762
0,8978,GET,168761005083970
0,9216,PUT,168761004951873
0,9216,GET,168761005083108
0,18432,PUT,168761004986183
0,18432,GET,168761005083158
0,9501,PUT,168761004978184
0,9501,GET,168761005083158
0,17417,PUT,168761004992026
0,17417,GET,168761005083178
0,16926,PUT,168761005024482
0,16926,GET,168761005083198
0,16401,PUT,168761004978295
0,16401,GET,168761005083349
0,15629,PUT,168761004983647
0,15629,GET,168761005083719
0,17925,PUT,168761004987185
0,17925,GET,168761005083810
0,25105,PUT,168761005053008
0,25105,GET,168761005083389
0,17669,PUT,168761004986744
0,17669,GET,168761005083349
0,8962,PUT,168761005028200
0,8962,GET,168761005083379
0,8971,PUT,168761005026226
0,8971,GET,168761005083589
0,9757,PUT,168761004979177
0,9757,GET,168761005083589
0,17687,PUT,168761004981963
0,17687,GET,168761005083739
0,9477,PUT,168761004951623
0,9477,GET,168761005083820
0,10262,PUT,168761004977242
0,10262,GET,168761005083960
0,9218,PUT,168761005029323
0,9218,GET,168761005083920
0,18718,PUT,168761005054020
0,18718,GET,168761005084010
0,16657,PUT,168761004979207
0,16657,GET,168761005084000
0,10013,PUT,168761004980079
0,10013,GET,168761005084030
0,10504,PUT,168761005038364
0,10504,GET,168761005084100
0,17182,PUT,168761005025655
0,17182,GET,168761005084090
0,20505,PUT,168761005037422
0,20505,GET,168761005084100
0,16669,PUT,168761005021856
0,16669,GET,168761005084120
0,9227,PUT,168761005026958
0,9227,GET,168761005084311
0,9472,PUT,168761004952495
0,9472,GET,168761005084191
0,9733,PUT,168761004953377
0,9733,GET,168761005084251
0,17943,PUT,168761004982404
0,17943,GET,168761005084271
0,9474,PUT,168761005030576
0,9474,GET,168761005084421
0,10269,PUT,168761004980520
0,10269,GET,168761005084461
0,9234,PUT,168761004973223
0,9234,GET,168761005084601
0,16918,PUT,168761005027248
0,16918,GET,168761005084521
0,16913,PUT,168761004979648
0,16913,GET,168761005084581
0,13580,PUT,168761005055213
0,13580,GET,168761005084692
0,17673,PUT,168761004992467
0,17673,GET,168761005084612
0,18199,PUT,168761004983577
0,18199,GET,168761005084712
0,9728,PUT,168761004953858
0,9728,GET,168761005084732
0,18181,PUT,168761004988087
0,18181,GET,168761005084872
0,10254,PUT,168761005032821
0,10254,GET,168761005086075
0,10525,PUT,168761004982825
0,10525,GET,168761005084892
0,9730,PUT,168761005032140
0,9730,GET,168761005084952
0,10518,PUT,168761004979006
0,10518,GET,168761005085073
0,9495,PUT,168761004954840
0,9495,GET,168761005085093
0,17169,PUT,168761004980089
0,17169,GET,168761005085123
0,9984,PUT,168761004954870
0,9984,GET,168761005085163
0,15885,PUT,168761004986113
0,15885,GET,168761005085233
0,18689,PUT,168761005039076
0,18689,GET,168761005085203
0,9742,PUT,168761005031468
0,9742,GET,168761005085203
0,17174,PUT,168761005029062
0,17174,GET,168761005085223
0,10011,PUT,168761004985421
0,10011,GET,168761005085293
0,17177,PUT,168761004982615
0,17177,GET,168761005085534
0,18437,PUT,168761004988979
0,18437,GET,168761005085534
0,10774,PUT,168761004981773
0,10774,GET,168761005085524
0,9998,PUT,168761005032380
0,9998,GET,168761005085654
0,9751,PUT,168761004955301
0,9751,GET,168761005085714
0,9490,PUT,168761004974295
0,9490,GET,168761005085874
0,10498,PUT,168761005033483
0,10498,GET,168761005088060
0,11030,PUT,168761004983667
0,11030,GET,168761005085965
0,10240,PUT,168761004956273
0,10240,GET,168761005086065
0,18441,PUT,168761004994242
0,18441,GET,168761005087428
0,10760,PUT,168761005040770
0,10760,GET,168761005086145
0,9483,PUT,168761005027519
0,9483,GET,168761005086155
0,18455,PUT,168761004984258
0,18455,GET,168761005086155
0,10007,PUT,168761004956203
0,10007,GET,168761005086225
0,18945,PUT,168761005040118
0,18945,GET,168761005086315
0,10267,PUT,168761004985902
0,10267,GET,168761005086376
0,10781,PUT,168761004983326
0,10781,GET,168761005086376
0,11286,PUT,168761004984639
0,11286,GET,168761005086406
0,17929,PUT,168761004993360
0,17929,GET,168761005086416
0,9986,PUT,168761005032591
0,9986,GET,168761005086476
0,16925,PUT,168761005022497
0,16925,GET,168761005086456
0,17425,PUT,168761004980991
0,17425,GET,168761005086586
0,18688,PUT,168761005028571
0,18688,GET,168761005086606
0,17433,PUT,168761004983507
0,17433,GET,168761005086807
0,10263,PUT,168761004956644
0,10263,GET,168761005086756
0,11037,PUT,168761004983817
0,11037,GET,168761005086807
0,19201,PUT,168761005040619
0,19201,GET,168761005086977
0,9746,PUT,168761004976370
0,9746,GET,168761005086887
0,19225,PUT,168761005023359
0,19225,GET,168761005086907
0,9229,PUT,168761004960754
0,9229,GET,168761005086927
0,18185,PUT,168761004993801
0,18185,GET,168761005086967
0,10242,PUT,168761005033042
0,10242,GET,168761005087007
0,9989,PUT,168761004955241
0,9989,GET,168761005087037
0,8711,PUT,168761004987716
0,8711,GET,168761005087057
0,17681,PUT,168761004981883
0,17681,GET,168761005087187
0,17430,PUT,168761005030526
0,17430,GET,168761005087228
0,18944,PUT,168761005029784
0,18944,GET,168761005087147
0,18693,PUT,168761005020172
0,18693,GET,168761005087598
0,10519,PUT,168761004957085
0,10519,GET,168761005087187
0,10523,PUT,168761004986353
0,10523,GET,168761005087268
0,11542,PUT,168761004986153
0,11542,GET,168761005087298
0,10002,PUT,168761004978154
0,10002,GET,168761005087318
0,19481,PUT,168761005024051
0,19481,GET,168761005087348
0,10270,PUT,168761004980359
0,10270,GET,168761005088009
0,8967,PUT,168761004992317
0,8967,GET,168761005087538
0,19200,PUT,168761005030376
0,19200,GET,168761005087578
0,10510,PUT,168761005035918
0,10510,GET,168761005087649
0,10775,PUT,168761004957977
0,10775,GET,168761005087618
0,11293,PUT,168761004984369
0,11293,GET,168761005087699
0,10779,PUT,168761004986804
0,10779,GET,168761005087719
0,17686,PUT,168761005031067
0,17686,GET,168761005087779
0,17689,PUT,168761004983948
0,17689,GET,168761005087799
0,19737,PUT,168761005024622
0,19737,GET,168761005087859
0,11016,PUT,168761005042624
0,11016,GET,168761005087949
0,9485,PUT,168761004961225
0,9485,GET,168761005087929
0,10245,PUT,168761004955692
0,10245,GET,168761005087929
0,16141,PUT,168761004987867
0,16141,GET,168761005087949
0,10496,PUT,168761004956805
0,10496,GET,168761005087979
0,9223,PUT,168761004992788
0,9223,GET,168761005087969
0,19456,PUT,168761005033082
0,19456,GET,168761005088019
0,8463,PUT,168761004978285
0,8463,GET,168761005088631
0,19457,PUT,168761005041331
0,19457,GET,168761005088080
0,10766,PUT,168761005036369
0,10766,GET,168761005088100
0,11549,PUT,168761004984930
0,11549,GET,168761005088130
0,11035,PUT,168761004987245
0,11035,GET,168761005088150
0,11798,PUT,168761004986614
0,11798,GET,168761005088190
0,16659,PUT,168761004985181
0,16659,GET,168761005088260
0,10501,PUT,168761004957055
0,10501,GET,168761005088380
0,9479,PUT,168761004994713
0,9479,GET,168761005088410
0,10752,PUT,168761004957276
0,10752,GET,168761005088430
0,10256,PUT,168761005034295
0,10256,GET,168761005088450
0,19713,PUT,168761005043496
0,19713,GET,168761005088521
0,8455,PUT,168761004985692
0,8455,GET,168761005088571
0,8720,PUT,168761005026296
0,8720,GET,168761005089002
0,11272,PUT,168761005044288
0,11272,GET,168761005088641
0,11291,PUT,168761004987686
0,11291,GET,168761005088591
0,11031,PUT,168761004958418
0,11031,GET,168761005088611
0,11022,PUT,168761005039316
0,11022,GET,168761005088721
0,18697,PUT,168761005028571
0,18697,GET,168761005088821
0,10757,PUT,168761004957516
0,10757,GET,168761005088811
0,9735,PUT,168761004996507
0,9735,GET,168761005088841
0,17937,PUT,168761004982334
0,17937,GET,168761005088871
0,16397,PUT,168761004988759
0,16397,GET,168761005088841
0,11008,PUT,168761004957717
0,11008,GET,168761005088861
0,17181,PUT,168761005025394
0,17181,GET,168761005088942
0,14087,PUT,168761005044448
0,14087,GET,168761005088952
0,18974,PUT,168761005056426
0,18974,GET,168761005089112
0,9741,PUT,168761004962117
0,9741,GET,168761005089032
0,11287,PUT,168761004958859
0,11287,GET,168761005089132
0,11528,PUT,168761005044969
0,11528,GET,168761005089192
0,11278,PUT,168761005039888
0,11278,GET,168761005089242
0,18949,PUT,168761005022718
0,18949,GET,168761005089212
0,11013,PUT,168761004957957
0,11013,GET,168761005089252
0,18193,PUT,168761004982775
0,18193,GET,168761005089523
0,10526,PUT,168761004980810
0,10526,GET,168761005089473
0,11805,PUT,168761004986824
0,11805,GET,168761005089543
0,9997,PUT,168761004962558
0,9997,GET,168761005089583
0,17942,PUT,168761005031508
0,17942,GET,168761005089653
0,11534,PUT,168761005040329
0,11534,GET,168761005089673
0,11784,PUT,168761005045862
0,11784,GET,168761005089703
0,11264,PUT,168761004958158
0,11264,GET,168761005089753
0,15111,PUT,168761005057218
0,15111,GET,168761005089814
0,16915,PUT,168761004985932
0,16915,GET,168761005089864
0,18962,PUT,168761005045831
0,18962,GET,168761005089884
0,17179,PUT,168761005029965
0,17179,GET,168761005089904
0,10253,PUT,168761004963590
0,10253,GET,168761005090014
0,12061,PUT,168761004987546
0,12061,GET,168761005090074
0,8976,PUT,168761005026907
0,8976,GET,168761005090084
0,20489,PUT,168761005041812
0,20489,GET,168761005090104
0,11269,PUT,168761004958859
0,11269,GET,168761005090144
0,18449,PUT,168761004984569
0,18449,GET,168761005090184
0,12040,PUT,168761005047124
0,12040,GET,168761005090174
0,19205,PUT,168761005024963
0,19205,GET,168761005090204
0,9991,PUT,168761004996968
0,9991,GET,168761005090215
0,11543,PUT,168761004959751
0,11543,GET,168761005090245
0,11547,PUT,168761004988679
0,11547,GET,168761005090405
0,10754,PUT,168761005034124
0,10754,GET,168761005090575
0,12054,PUT,168761004987065
0,12054,GET,168761005090445
0,10509,PUT,168761004964482
0,10509,GET,168761005090455
0,10782,PUT,168761004981713
0,10782,GET,168761005090475
0,12317,PUT,168761004987987
0,12317,GET,168761005090595
0,10247,PUT,168761004997409
0,10247,GET,168761005090746
0,17171,PUT,168761004986634
0,17171,GET,168761005090856
0,10765,PUT,168761004964924
0,10765,GET,168761005090886
0,8719,PUT,168761004979177
0,8719,GET,168761005090966
0,11803,PUT,168761004989691
0,11803,GET,168761005090996
0,18198,PUT,168761005031949
0,18198,GET,168761005091077
0,16653,PUT,168761004989220
0,16653,GET,168761005091066
0,10512,PUT,168761005034956
0,10512,GET,168761005091227
0,11790,PUT,168761005042554
0,11790,GET,168761005091257
0,10503,PUT,168761004999213
0,10503,GET,168761005091267
0,19461,PUT,168761005025514
0,19461,GET,168761005091287
0,11021,PUT,168761004965365
0,11021,GET,168761005091317
0,11038,PUT,168761004982665
0,11038,GET,168761005091367
0,17427,PUT,168761004988508
0,17427,GET,168761005091417
0,9232,PUT,168761005027910
0,9232,GET,168761005091427
0,12310,PUT,168761004988528
0,12310,GET,168761005091437
0,18454,PUT,168761005032450
0,18454,GET,168761005091528
0,12573,PUT,168761004988428
0,12573,GET,168761005091578
0,16909,PUT,168761004990202
0,16909,GET,168761005091618
0,22281,PUT,168761005059654
0,22281,GET,168761005091768
0,12046,PUT,168761005043215
0,12046,GET,168761005091738
0,11799,PUT,168761004960193
0,11799,GET,168761005091718
0,11277,PUT,168761004966347
0,11277,GET,168761005091758
0,18711,PUT,168761005014479
0,18711,GET,168761005091808
0,18705,PUT,168761005018007
0,18705,GET,168761005091858
0,17683,PUT,168761004989511
0,17683,GET,168761005091959
0,12566,PUT,168761004989430
0,12566,GET,168761005091999
0,18953,PUT,168761005031478
0,18953,GET,168761005092099
0,11525,PUT,168761004959310
0,11525,GET,168761005092129
0,19717,PUT,168761005025955
0,19717,GET,168761005092179
0,11533,PUT,168761004967329
0,11533,GET,168761005092189
0,12055,PUT,168761004961085
0,12055,GET,168761005092299
0,10768,PUT,168761005036269
0,10768,GET,168761005092309
0,17437,PUT,168761005026126
0,17437,GET,168761005092329
0,11010,PUT,168761005037312
0,11010,GET,168761005092339
0,12059,PUT,168761004990212
0,12059,GET,168761005092349
0,26129,PUT,168761005060756
0,26129,GET,168761005092400
0,18967,PUT,168761005016814
0,18967,GET,168761005092490
0,11294,PUT,168761004983116
0,11294,GET,168761005092410
0,9488,PUT,168761005028421
0,9488,GET,168761005092410
0,17939,PUT,168761004989952
0,17939,GET,168761005092410
0,12822,PUT,168761004990774
0,12822,GET,168761005092430
0,11781,PUT,168761004959762
0,11781,GET,168761005092600
0,12311,PUT,168761004961526
0,12311,GET,168761005092740
0,11536,PUT,168761005040449
0,11536,GET,168761005095006
0,11266,PUT,168761005038214
0,11266,GET,168761005093001
0,11550,PUT,168761004984008
0,11550,GET,168761005093001
0,9744,PUT,168761005029403
0,9744,GET,168761005092971
0,18195,PUT,168761004991315
0,18195,GET,168761005093001
0,12037,PUT,168761004961987
0,12037,GET,168761005093031
0,19223,PUT,168761005018688
0,19223,GET,168761005093081
0,18961,PUT,168761005022427
0,18961,GET,168761005093171
0,19973,PUT,168761005026396
0,19973,GET,168761005093071
0,12567,PUT,168761004961977
0,12567,GET,168761005093181
0,11789,PUT,168761004968221
0,11789,GET,168761005093372
0,11024,PUT,168761005036810
0,11024,GET,168761005093392
0,14343,PUT,168761005048177
0,14343,GET,168761005093322
0,12829,PUT,168761004988869
0,12829,GET,168761005093362
0,13078,PUT,168761004991676
0,13078,GET,168761005093432
0,11522,PUT,168761005039106
0,11522,GET,168761005093602
0,18461,PUT,168761005035147
0,18461,GET,168761005093673
0,17435,PUT,168761005032510
0,17435,GET,168761005093522
0,17165,PUT,168761004990653
0,17165,GET,168761005093522
0,26385,PUT,168761005061428
0,26385,GET,168761005093552
0,12293,PUT,168761004962438
0,12293,GET,168761005093552
0,12823,PUT,168761004962418
0,12823,GET,168761005093612
0,19217,PUT,168761005023630
0,19217,GET,168761005093713
0,11806,PUT,168761004984449
0,11806,GET,168761005093923
0,12045,PUT,168761004968662
0,12045,GET,168761005093823
0,12315,PUT,168761004990693
0,12315,GET,168761005093853
0,13334,PUT,168761004992558
0,13334,GET,168761005093863
0,17421,PUT,168761004991094
0,17421,GET,168761005093973
0,17691,PUT,168761005034255
0,17691,GET,168761005093973
0,26641,PUT,168761005062079
0,26641,GET,168761005094073
0,18451,PUT,168761004992658
0,18451,GET,168761005094194
0,12301,PUT,168761004969103
0,12301,GET,168761005094254
0,11280,PUT,168761005037713
0,11280,GET,168761005094304
0,13590,PUT,168761004994322
0,13590,GET,168761005094354
0,12048,PUT,168761005049310
0,12048,GET,168761005094334
0,17947,PUT,168761005035267
0,17947,GET,168761005094414
0,12062,PUT,168761004985922
0,12062,GET,168761005094595
0,10759,PUT,168761005020182
0,10759,GET,168761005094585
0,20745,PUT,168761005046042
0,20745,GET,168761005094494
0,17693,PUT,168761005026817
0,17693,GET,168761005094635
0,22784,PUT,168761005063573
0,22784,GET,168761005094715
0,20229,PUT,168761005026928
0,20229,GET,168761005094855
0,18203,PUT,168761005036279
0,18203,GET,168761005094845
0,17677,PUT,168761004991535
0,17677,GET,168761005094865
0,12549,PUT,168761004963059
0,12549,GET,168761005094925
0,19473,PUT,168761005024291
0,19473,GET,168761005094996
0,11778,PUT,168761005039567
0,11778,GET,168761005094986
0,13079,PUT,168761004963981
0,13079,GET,168761005095086
0,17949,PUT,168761005028962
0,17949,GET,168761005095096
0,12318,PUT,168761004986814
0,12318,GET,168761005095296
0,18707,PUT,168761005020944
0,18707,GET,168761005095206
0,12304,PUT,168761005051064
0,12304,GET,168761005095306
0,21001,PUT,168761005046693
0,21001,GET,168761005095397
0,12034,PUT,168761005040910
0,12034,GET,168761005095467
0,13335,PUT,168761004964432
0,13335,GET,168761005095527
0,19729,PUT,168761005025214
0,19729,GET,168761005095547
0,18973,PUT,168761005051384
0,18973,GET,168761005096228
0,11788,PUT,168761005040589
0,11788,GET,168761005095767
0,20485,PUT,168761005027379
0,20485,GET,168761005095747
0,13846,PUT,168761004995214
0,13846,GET,168761005095737
0,12805,PUT,168761004965715
0,12805,GET,168761005095838
0,12574,PUT,168761004987716
0,12574,GET,168761005095968
0,12560,PUT,168761005052066
0,12560,GET,168761005095868
0,10000,PUT,168761005030295
0,10000,GET,168761005095978
0,19985,PUT,168761005026206
0,19985,GET,168761005096098
0,12571,PUT,168761004992057
0,12571,GET,168761005096088
0,18205,PUT,168761005029514
0,18205,GET,168761005096168
0,13591,PUT,168761004964873
0,13591,GET,168761005096118
0,12830,PUT,168761004990152
0,12830,GET,168761005096239
0,20741,PUT,168761005027820
0,20741,GET,168761005096198
0,12557,PUT,168761004969554
0,12557,GET,168761005096289
0,21257,PUT,168761005049630
0,21257,GET,168761005096289
0,17933,PUT,168761004991976
0,17933,GET,168761005096379
0,12290,PUT,168761005041371
0,12290,GET,168761005096449
0,10258,PUT,168761004979999
0,10258,GET,168761005096659
0,13086,PUT,168761004990623
0,13086,GET,168761005096589
0,8707,PUT,168761005031628
0,8707,GET,168761005096499
0,20241,PUT,168761005026727
0,20241,GET,168761005096670
0,9739,PUT,168761005031528
0,9739,GET,168761005096609
0,13847,PUT,168761004965314
0,13847,GET,168761005096639
0,11015,PUT,168761005021084
0,11015,GET,168761005096730
0,13061,PUT,168761004966607
0,13061,GET,168761005096750
0,13342,PUT,168761004991515
0,13342,GET,168761005096880
0,18963,PUT,168761005023900
0,18963,GET,168761005096780
0,12044,PUT,168761005041301
0,12044,GET,168761005096850
0,12546,PUT,168761005042283
0,12546,GET,168761005096900
0,14103,PUT,168761004966678
0,14103,GET,168761005097080
0,13598,PUT,168761004992878
0,13598,GET,168761005097201
0,8723,PUT,168761004944757
0,8723,GET,168761005097331
0,12813,PUT,168761004969995
0,12813,GET,168761005097191
0,21513,PUT,168761005055033
0,21513,GET,168761005097261
0,20497,PUT,168761005027168
0,20497,GET,168761005097241
0,18189,PUT,168761004992868
0,18189,GET,168761005097291
0,19219,PUT,168761005025905
0,19219,GET,168761005097311
0,14102,PUT,168761004996537
0,14102,GET,168761005097532
0,14359,PUT,168761004969374
0,14359,GET,168761005097702
0,13069,PUT,168761004971018
0,13069,GET,168761005097742
0,18445,PUT,168761004993760
0,18445,GET,168761005097732
0,20997,PUT,168761005028261
0,20997,GET,168761005097802
0,12816,PUT,168761005052527
0,12816,GET,168761005097832
0,25361,PUT,168761005055103
0,25361,GET,168761005097872
0,13317,PUT,168761004967169
0,13317,GET,168761005097892
0,19475,PUT,168761005026928
0,19475,GET,168761005097902
0,13085,PUT,168761004989771
0,13085,GET,168761005097902
0,8979,PUT,168761004945679
0,8979,GET,168761005097983
0,12300,PUT,168761005042744
0,12300,GET,168761005097993
0,12827,PUT,168761004993400
0,12827,GET,168761005098043
0,19479,PUT,168761005021715
0,19479,GET,168761005098143
0,18701,PUT,168761005028491
0,18701,GET,168761005098193
0,10514,PUT,168761004980580
0,10514,GET,168761005098263
0,21253,PUT,168761005029794
0,21253,GET,168761005098263
0,13072,PUT,168761005053519
0,13072,GET,168761005098293
0,8963,PUT,168761005032270
0,8963,GET,168761005098293
0,19731,PUT,168761005027389
0,19731,GET,168761005098333
0,20753,PUT,168761005027609
0,20753,GET,168761005098404
0,13341,PUT,168761004990673
0,13341,GET,168761005098363
0,9235,PUT,168761004946210
0,9235,GET,168761005098414
0,18710,PUT,168761005045862
0,18710,GET,168761005098444
0,19735,PUT,168761005022447
0,19735,GET,168761005098614
0,10507,PUT,168761005037502
0,10507,GET,168761005098644
0,21509,PUT,168761005030325
0,21509,GET,168761005098704
0,10770,PUT,168761004983497
0,10770,GET,168761005098694
0,21769,PUT,168761005055825
0,21769,GET,168761005099286
0,18957,PUT,168761005030807
0,18957,GET,168761005098734
0,13326,PUT,168761005054121
0,13326,GET,168761005098734
0,13325,PUT,168761004973062
0,13325,GET,168761005098744
0,19987,PUT,168761005028792
0,19987,GET,168761005098774
0,13573,PUT,168761004967610
0,13573,GET,168761005098814
0,9219,PUT,168761005033934
0,9219,GET,168761005098935
0,13083,PUT,168761004993851
0,13083,GET,168761005098945
0,12302,PUT,168761005046794
0,12302,GET,168761005098985
0,19991,PUT,168761005022888
0,19991,GET,168761005099055
0,11026,PUT,168761004984058
0,11026,GET,168761005099145
0,19213,PUT,168761005031368
0,19213,GET,168761005099175
0,10763,PUT,168761005038144
0,10763,GET,168761005099195
0,20243,PUT,168761005029253
0,20243,GET,168761005099316
0,13829,PUT,168761004969133
0,13829,GET,168761005099245
0,13339,PUT,168761004994362
0,13339,GET,168761005099396
0,10001,PUT,168761004952855
0,10001,GET,168761005099576
0,20499,PUT,168761005029694
0,20499,GET,168761005100138
0,21765,PUT,168761005031709
0,21765,GET,168761005099596
0,21009,PUT,168761005029062
0,21009,GET,168761005099676
0,14085,PUT,168761004969655
0,14085,GET,168761005099676
0,13854,PUT,168761004993771
0,13854,GET,168761005099897
0,13582,PUT,168761005054782
0,13582,GET,168761005099747
0,14358,PUT,168761004997429
0,14358,GET,168761005099747
0,13595,PUT,168761004995294
0,13595,GET,168761005099827
0,9475,PUT,168761005034475
0,9475,GET,168761005099847
0,20247,PUT,168761005023329
0,20247,GET,168761005102072
0,9491,PUT,168761004946821
0,9491,GET,168761005099927
0,11282,PUT,168761004985301
0,11282,GET,168761005100047
0,12802,PUT,168761005042784
0,12802,GET,168761005100067
0,14614,PUT,168761004997890
0,14614,GET,168761005100198
0,21265,PUT,168761005029504
0,21265,GET,168761005100258
0,12558,PUT,168761005047565
0,12558,GET,168761005100238
0,13851,PUT,168761004995735
0,13851,GET,168761005100268
0,9747,PUT,168761004950911
0,9747,GET,168761005100358
0,14615,PUT,168761004970336
0,14615,GET,168761005100438
0,11538,PUT,168761004986443
0,11538,GET,168761005100478
0,13058,PUT,168761005045461
0,13058,GET,168761005100518
0,14110,PUT,168761004994232
0,14110,GET,168761005100549
0,16399,PUT,168761005039667
0,16399,GET,168761005100549
0,13059,PUT,168761005057990
0,13059,GET,168761005100649
0,10257,PUT,168761004953317
0,10257,GET,168761005100669
0,14341,PUT,168761004971900
0,14341,GET,168761005100689
0,13581,PUT,168761004974396
0,13581,GET,168761005100739
0,19469,PUT,168761005032090
0,19469,GET,168761005100980
0,9731,PUT,168761005035367
0,9731,GET,168761005100759
0,13314,PUT,168761005048207
0,13314,GET,168761005100839
0,14871,PUT,168761004971429
0,14871,GET,168761005100889
0,11794,PUT,168761004987546
0,11794,GET,168761005100909
0,22553,PUT,168761005051324
0,22553,GET,168761005101120
0,10513,PUT,168761004953758
0,10513,GET,168761005101110
0,16655,PUT,168761005041822
0,16655,GET,168761005101100
0,11020,PUT,168761005031558
0,11020,GET,168761005101110
0,22528,PUT,168761005056947
0,22528,GET,168761005101220
0,13837,PUT,168761004975328
0,13837,GET,168761005101190
0,13597,PUT,168761004991565
0,13597,GET,168761005101601
0,14107,PUT,168761004998391
0,14107,GET,168761005101260
0,10003,PUT,168761004954169
0,10003,GET,168761005101260
0,11520,PUT,168761004958599
0,11520,GET,168761005101471
0,25349,PUT,168761005046463
0,25349,GET,168761005101431
0,19725,PUT,168761005032531
0,19725,GET,168761005101531
0,10769,PUT,168761004955562
0,10769,GET,168761005101541
0,22025,PUT,168761005056456
0,22025,GET,168761005101561
0,13315,PUT,168761005058621
0,13315,GET,168761005101791
0,15127,PUT,168761004971940
0,15127,GET,168761005101801
0,26629,PUT,168761005066509
0,26629,GET,168761005101912
0,18717,PUT,168761005049610
0,18717,GET,168761005101932
0,11025,PUT,168761004956905
0,11025,GET,168761005101972
0,12547,PUT,168761005053750
0,12547,GET,168761005101992
0,14366,PUT,168761004994673
0,14366,GET,168761005102002
0,18971,PUT,168761005059583
0,18971,GET,168761005102022
0,11776,PUT,168761004959040
0,11776,GET,168761005102032
0,19981,PUT,168761005032972
0,19981,GET,168761005102052
0,14093,PUT,168761004976671
0,14093,GET,168761005102092
0,14597,PUT,168761004972982
0,14597,GET,168761005102142
0,14363,PUT,168761004999845
0,14363,GET,168761005102152
0,10259,PUT,168761004955221
0,10259,GET,168761005102152
0,13853,PUT,168761004992457
0,13853,GET,168761005102222
0,22021,PUT,168761005032280
0,22021,GET,168761005102283
0,11281,PUT,168761004957807
0,11281,GET,168761005102413
0,14622,PUT,168761004995124
0,14622,GET,168761005102453
0,12032,PUT,168761004959481
0,12032,GET,168761005102463
0,25605,PUT,168761005047104
0,25605,GET,168761005102563
0,20237,PUT,168761005033413
0,20237,GET,168761005102483
0,21521,PUT,168761005030055
0,21521,GET,168761005102633
0,14619,PUT,168761005014689
0,14619,GET,168761005102583
0,14853,PUT,168761004973433
0,14853,GET,168761005102663
0,15383,PUT,168761004972401
0,15383,GET,168761005102714
0,12288,PUT,168761004959932
0,12288,GET,168761005102904
0,20493,PUT,168761005034315
0,20493,GET,168761005102914
0,13570,PUT,168761005050392
0,13570,GET,168761005102934
0,10515,PUT,168761004957847
0,10515,GET,168761005103044
0,20503,PUT,168761005023880
0,20503,GET,168761005103094
0,15639,PUT,168761004974686
0,15639,GET,168761005103145
0,11276,PUT,168761005032210
0,11276,GET,168761005103295
0,22277,PUT,168761005032871
0,22277,GET,168761005103275
0,12544,PUT,168761004960824
0,12544,GET,168761005103335
0,20749,PUT,168761005035688
0,20749,GET,168761005103355
0,26885,PUT,168761005067141
0,26885,GET,168761005103365
0,13826,PUT,168761005051084
0,13826,GET,168761005103475
0,10771,PUT,168761004958308
0,10771,GET,168761005103475
0,14875,PUT,168761005015260
0,14875,GET,168761005103475
0,16911,PUT,168761005043245
0,16911,GET,168761005103726
0,15109,PUT,168761004973874
0,15109,GET,168761005103646
0,22533,PUT,168761005033763
0,22533,GET,168761005103726
0,22029,PUT,168761005040459
0,22029,GET,168761005103746
0,17438,PUT,168761005030626
0,17438,GET,168761005103796
0,11537,PUT,168761004959571
0,11537,GET,168761005103776
0,14878,PUT,168761004995565
0,14878,GET,168761005103806
0,9987,PUT,168761005036049
0,9987,GET,168761005103876
0,27141,PUT,168761005067582
0,27141,GET,168761005103896
0,14349,PUT,168761004977132
0,14349,GET,168761005103886
0,14082,PUT,168761005051535
0,14082,GET,168761005103906
0,11027,PUT,168761004958749
0,11027,GET,168761005103906
0,12050,PUT,168761004988508
0,12050,GET,168761005103936
0,15895,PUT,168761004975939
0,15895,GET,168761005104037
0,15365,PUT,168761004974816
0,15365,GET,168761005104077
0,13571,PUT,168761005059162
0,13571,GET,168761005104147
0,11793,PUT,168761004960463
0,11793,GET,168761005104217
0,23065,PUT,168761005068454
0,23065,GET,168761005104217
0,12800,PUT,168761004962187
0,12800,GET,168761005104327
0,14338,PUT,168761005051986
0,14338,GET,168761005104327
0,27397,PUT,168761005068033
0,27397,GET,168761005104327
0,12803,PUT,168761005054592
0,12803,GET,168761005104337
0,11283,PUT,168761004959641
0,11283,GET,168761005104448
0,12306,PUT,168761004988949
0,12306,GET,168761005104488
0,22789,PUT,168761005034204
0,22789,GET,168761005104638
0,13056,PUT,168761004962779
0,13056,GET,168761005104758
0,21779,PUT,168761005052978
0,21779,GET,168761005104758
0,10243,PUT,168761005036490
0,10243,GET,168761005104778
0,14605,PUT,168761004977753
0,14605,GET,168761005104778
0,22541,PUT,168761005047596
0,22541,GET,168761005104798
0,20759,PUT,168761005024331
0,20759,GET,168761005104859
0,11539,PUT,168761004961004
0,11539,GET,168761005104879
0,23821,PUT,168761005070439
0,23821,GET,168761005104889
0,12562,PUT,168761004989400
0,12562,GET,168761005104919
0,19478,PUT,168761005060455
0,19478,GET,168761005105039
0,23045,PUT,168761005034645
0,23045,GET,168761005105069
0,12049,PUT,168761004960924
0,12049,GET,168761005105119
0,21005,PUT,168761005036129
0,21005,GET,168761005105179
0,27653,PUT,168761005068484
0,27653,GET,168761005105219
0,12296,PUT,168761005047776
0,12296,GET,168761005105450
0,15131,PUT,168761005015701
0,15131,GET,168761005105290
0,12818,PUT,168761004990754
0,12818,GET,168761005105350
0,14109,PUT,168761004994703
0,14109,GET,168761005105370
0,16151,PUT,168761004977162
0,16151,GET,168761005105400
0,8975,PUT,168761004980399
0,8975,GET,168761005105751
0,17694,PUT,168761005031368
0,17694,GET,168761005105510
0,23301,PUT,168761005038073
0,23301,GET,168761005105500
0,12035,PUT,168761005048658
0,12035,GET,168761005105560
0,12305,PUT,168761004961365
0,12305,GET,168761005105550
0,15134,PUT,168761004996106
0,15134,GET,168761005105590
0,22285,PUT,168761005041040
0,22285,GET,168761005105580
0,21261,PUT,168761005036570
0,21261,GET,168761005105630
0,13312,PUT,168761004963230
0,13312,GET,168761005105650
0,19230,PUT,168761005071281
0,19230,GET,168761005105650
0,22035,PUT,168761005053670
0,22035,GET,168761005105741
0,8449,PUT,168761004956223
0,8449,GET,168761005107154
0,21015,PUT,168761005025224
0,21015,GET,168761005105781
0,14365,PUT,168761004995164
0,14365,GET,168761005105821
0,16407,PUT,168761004977633
0,16407,GET,168761005105841
0,13074,PUT,168761004991646
0,13074,GET,168761005105891
0,15621,PUT,168761004975839
0,15621,GET,168761005105981
0,12561,PUT,168761004962257
0,12561,GET,168761005105981
0,21777,PUT,168761005032069
0,21777,GET,168761005106021
0,14861,PUT,168761004978194
0,14861,GET,168761005106121
0,15390,PUT,168761004996567
0,15390,GET,168761005106131
0,12808,PUT,168761005057178
0,12808,GET,168761005106202
0,17167,PUT,168761005043807
0,17167,GET,168761005106793
0,27909,PUT,168761005069025
0,27909,GET,168761005106272
0,22797,PUT,168761005049299
0,22797,GET,168761005106332
0,23557,PUT,168761005038635
0,23557,GET,168761005106452
0,12817,PUT,168761004962829
0,12817,GET,168761005106412
0,19486,PUT,168761005071942
0,19486,GET,168761005106522
0,21517,PUT,168761005037011
0,21517,GET,168761005106542
0,13842,PUT,168761004998201
0,13842,GET,168761005106733
0,13827,PUT,168761005064715
0,13827,GET,168761005106743
0,13330,PUT,168761004992979
0,13330,GET,168761005106783
0,21271,PUT,168761005025665
0,21271,GET,168761005106803
0,13068,PUT,168761005051184
0,13068,GET,168761005106853
0,13073,PUT,168761004963731
0,13073,GET,168761005106853
0,22033,PUT,168761005032701
0,22033,GET,168761005107074
0,13064,PUT,168761005057980
0,13064,GET,168761005107455
0,13568,PUT,168761004964112
0,13568,GET,168761005107284
0,14621,PUT,168761004995605
0,14621,GET,168761005107164
0,22809,PUT,168761005054662
0,22809,GET,168761005107194
0,13329,PUT,168761004965966
0,13329,GET,168761005107284
0,19485,PUT,168761005071220
0,19485,GET,168761005107414
0,23813,PUT,168761005039306
0,23813,GET,168761005107435
0,13824,PUT,168761004967469
0,13824,GET,168761005108246
0,21773,PUT,168761005038815
0,21773,GET,168761005107465
0,9241,PUT,168761004953627
0,9241,GET,168761005107595
0,15117,PUT,168761004978826
0,15117,GET,168761005107555
0,17950,PUT,168761005033383
0,17950,GET,168761005107615
0,12552,PUT,168761005048478
0,12552,GET,168761005107625
0,21527,PUT,168761005026567
0,21527,GET,168761005107725
0,9231,PUT,168761004981031
0,9231,GET,168761005107966
0,19742,PUT,168761005072684
0,19742,GET,168761005107855
0,13836,PUT,168761005059633
0,13836,GET,168761005108016
0,8705,PUT,168761004957506
0,8705,GET,168761005107855
0,24069,PUT,168761005039958
0,24069,GET,168761005107946
0,23053,PUT,168761005051825
0,23053,GET,168761005108056
0,14866,PUT,168761005016784
0,14866,GET,168761005108006
0,10499,PUT,168761005038384
0,10499,GET,168761005108758
0,13585,PUT,168761004967830
0,13585,GET,168761005108176
0,14877,PUT,168761004996046
0,14877,GET,168761005108387
0,22291,PUT,168761005055594
0,22291,GET,168761005108297
0,18459,PUT,168761005039737
0,18459,GET,168761005108387
0,21505,PUT,168761005073516
0,21505,GET,168761005108407
0,19227,PUT,168761005072363
0,19227,GET,168761005108547
0,9497,PUT,168761004954138
0,9497,GET,168761005108587
0,13841,PUT,168761004968291
0,13841,GET,168761005108617
0,13586,PUT,168761004993871
0,13586,GET,168761005108687
0,11271,PUT,168761005023580
0,11271,GET,168761005108748
0,9995,PUT,168761005032240
0,9995,GET,168761005109389
0,21783,PUT,168761005027008
0,21783,GET,168761005108918
0,24325,PUT,168761005040399
0,24325,GET,168761005108848
0,14080,PUT,168761004968863
0,14080,GET,168761005108918
0,9753,PUT,168761004955321
0,9753,GET,168761005109028
0,14097,PUT,168761004969634
0,14097,GET,168761005109048
0,14092,PUT,168761005060606
0,14092,GET,168761005109309
0,26117,PUT,168761005056767
0,26117,GET,168761005109199
0,22289,PUT,168761005034044
0,22289,GET,168761005109399
0,12556,PUT,168761005049119
0,12556,GET,168761005109449
0,10755,PUT,168761005038955
0,10755,GET,168761005109489
0,14336,PUT,168761004969344
0,14336,GET,168761005109489
0,8961,PUT,168761004958058
0,8961,GET,168761005109489
0,15133,PUT,168761004996948
0,15133,GET,168761005109499
0,8451,PUT,168761005029343
0,8451,GET,168761005109579
0,9487,PUT,168761004981532
0,9487,GET,168761005109770
0,19218,PUT,168761005050242
0,19218,GET,168761005110772
0,14348,PUT,168761005061257
0,14348,GET,168761005109980
0,14592,PUT,168761004970276
0,14592,GET,168761005109920
0,22545,PUT,168761005035337
0,22545,GET,168761005109990
0,15389,PUT,168761004997850
0,15389,GET,168761005109950
0,20755,PUT,168761005041301
0,20755,GET,168761005109990
0,11011,PUT,168761005040740
0,11011,GET,168761005110041
0,9217,PUT,168761004958569
0,9217,GET,168761005110041
0,12812,PUT,168761005049781
0,12812,GET,168761005110041
0,11267,PUT,168761005041762
0,11267,GET,168761005110211
0,19741,PUT,168761005072924
0,19741,GET,168761005110241
0,10009,PUT,168761004955842
0,10009,GET,168761005110622
0,23309,PUT,168761005052306
0,23309,GET,168761005110311
0,14848,PUT,168761004970927
0,14848,GET,168761005110401
0,15645,PUT,168761004998291
0,15645,GET,168761005110381
0,11523,PUT,168761005043706
0,11523,GET,168761005110492
0,15104,PUT,168761004972020
0,15104,GET,168761005110983
0,10251,PUT,168761005032811
0,10251,GET,168761005111143
0,11779,PUT,168761005044258
0,11779,GET,168761005110963
0,22801,PUT,168761005036550
0,22801,GET,168761005111103
0,19969,PUT,168761005045400
0,19969,GET,168761005111193
0,22039,PUT,168761005027449
0,22039,GET,168761005111354
0,10265,PUT,168761004956283
0,10265,GET,168761005111474
0,20992,PUT,168761005044258
0,20992,GET,168761005111394
0,9743,PUT,168761004982093
0,9743,GET,168761005111444
0,15901,PUT,168761004999764
0,15901,GET,168761005111474
0,21760,PUT,168761005050282
0,21760,GET,168761005111504
0,9473,PUT,168761004959070
0,9473,GET,168761005111905
0,20225,PUT,168761005046142
0,20225,GET,168761005111654
0,15877,PUT,168761004976280
0,15877,GET,168761005111875
0,23565,PUT,168761005052747
0,23565,GET,168761005111735
0,19997,PUT,168761005073716
0,19997,GET,168761005111745
0,8460,PUT,168761004995043
0,8460,GET,168761005112155
0,9999,PUT,168761004982534
0,9999,GET,168761005111955
0,16389,PUT,168761004977783
0,16389,GET,168761005112887
0,22016,PUT,168761005051084
0,22016,GET,168761005112085
0,20481,PUT,168761005047646
0,20481,GET,168761005112085
0,23057,PUT,168761005037201
0,23057,GET,168761005112206
0,21248,PUT,168761005044899
0,21248,GET,168761005112186
0,14604,PUT,168761005061698
0,14604,GET,168761005112286
0,25617,PUT,168761005058010
0,25617,GET,168761005112186
0,13067,PUT,168761005074658
0,13067,GET,168761005112206
0,16157,PUT,168761005018107
0,16157,GET,168761005112366
0,16133,PUT,168761004977332
0,16133,GET,168761005112516
0,25861,PUT,168761005052727
0,25861,GET,168761005112607
0,15360,PUT,168761004972461
0,15360,GET,168761005112797
0,15119,PUT,168761005031568
0,15119,GET,168761005113188
0,8969,PUT,168761004957947
0,8969,GET,168761005112977
0,13838,PUT,168761005075210
0,13838,GET,168761005112877
0,10777,PUT,168761004957627
0,10777,GET,168761005113539
0,10521,PUT,168761004957186
0,10521,GET,168761005113098
0,11795,PUT,168761004961917
0,11795,GET,168761005113168
0,9729,PUT,168761004960112
0,9729,GET,168761005113098
0,21504,PUT,168761005046072
0,21504,GET,168761005113208
0,11532,PUT,168761005034706
0,11532,GET,168761005113348
0,22272,PUT,168761005053529
0,22272,GET,168761005113178
0,24581,PUT,168761005040840
0,24581,GET,168761005113980
0,25873,PUT,168761005058661
0,25873,GET,168761005113258
0,21523,PUT,168761005051314
0,21523,GET,168761005114451
0,15616,PUT,168761004972962
0,15616,GET,168761005113348
0,17423,PUT,168761005044248
0,17423,GET,168761005117949
0,22537,PUT,168761005075981
0,22537,GET,168761005113459
0,15375,PUT,168761005032280
0,15375,GET,168761005113869
0,8716,PUT,168761004997780
0,8716,GET,168761005113849
0,10255,PUT,168761004982975
0,10255,GET,168761005113759
0,12051,PUT,168761004963801
0,12051,GET,168761005113749
0,19465,PUT,168761005035698
0,19465,GET,168761005114020
0,18703,PUT,168761005062270
0,18703,GET,168761005113990
0,11033,PUT,168761004960303
0,11033,GET,168761005114270
0,15387,PUT,168761005017075
0,15387,GET,168761005115473
0,14594,PUT,168761005054692
0,14594,GET,168761005114200
0,8972,PUT,168761005016704
0,8972,GET,168761005114731
0,15872,PUT,168761004973954
0,15872,GET,168761005114591
0,15631,PUT,168761005032731
0,15631,GET,168761005114411
0,14098,PUT,168761004998862
0,14098,GET,168761005114982
0,19721,PUT,168761005037051
0,19721,GET,168761005114762
0,9985,PUT,168761004963310
0,9985,GET,168761005114671
0,14353,PUT,168761004970096
0,14353,GET,168761005115052
0,18959,PUT,168761005071120
0,18959,GET,168761005114942
0,11289,PUT,168761004960764
0,11289,GET,168761005114962
0,12307,PUT,168761004964262
0,12307,GET,168761005114872
0,15887,PUT,168761005033172
0,15887,GET,168761005114932
0,14870,PUT,168761005017365
0,14870,GET,168761005115042
0,13070,PUT,168761005052637
0,13070,GET,168761005115303
0,12563,PUT,168761004964703
0,12563,GET,168761005115303
0,19977,PUT,168761005037602
0,19977,GET,168761005115634
0,16143,PUT,168761005033613
0,16143,GET,168761005115543
0,16128,PUT,168761004974396
0,16128,GET,168761005115603
0,14354,PUT,168761004999303
0,14354,GET,168761005115634
0,14609,PUT,168761004971008
0,14609,GET,168761005115884
0,12819,PUT,168761004965144
0,12819,GET,168761005115754
0,14850,PUT,168761005055344
0,14850,GET,168761005116977
0,10511,PUT,168761004985261
0,10511,GET,168761005116245
0,9225,PUT,168761004958398
0,9225,GET,168761005116004
0,13075,PUT,168761004968001
0,13075,GET,168761005116937
0,11545,PUT,168761004962107
0,11545,GET,168761005116365
0,15126,PUT,168761005018127
0,15126,GET,168761005116345
0,14610,PUT,168761005015591
0,14610,GET,168761005116185
0,20233,PUT,168761005038695
0,20233,GET,168761005116355
0,15382,PUT,168761005018889
0,15382,GET,168761005116997
0,9481,PUT,168761004958849
0,9481,GET,168761005116746
0,9737,PUT,168761004959741
0,9737,GET,168761005117297
0,14599,PUT,168761005050372
0,14599,GET,168761005116997
0,19209,PUT,168761005033423
0,19209,GET,168761005117678
0,14865,PUT,168761004971449
0,14865,GET,168761005117348
0,19968,PUT,168761005039076
0,19968,GET,168761005116907
0,16384,PUT,168761004975488
0,16384,GET,168761005117187
0,13331,PUT,168761004969003
0,13331,GET,168761005117398
0,13843,PUT,168761004971328
0,13843,GET,168761005119172
0,20761,PUT,168761005040439
0,20761,GET,168761005118560
0,10241,PUT,168761004964332
0,10241,GET,168761005117558
0,9993,PUT,168761004961536
0,9993,GET,168761005117608
0,9740,PUT,168761005023159
0,9740,GET,168761005118230
0,20224,PUT,168761005039717
0,20224,GET,168761005117668
0,13587,PUT,168761004969484
0,13587,GET,168761005117799
0,15106,PUT,168761005055885
0,15106,GET,168761005117728
0,12299,PUT,168761005052547
0,12299,GET,168761005117728
0,21017,PUT,168761005041181
0,21017,GET,168761005119092
0,10767,PUT,168761004987506
0,10767,GET,168761005117949
0,11801,PUT,168761004962568
0,11801,GET,168761005118099
0,19734,PUT,168761005061157
0,19734,GET,168761005118651
0,15121,PUT,168761004971890
0,15121,GET,168761005118079
0,10249,PUT,168761004961997
0,10249,GET,168761005118230
0,15377,PUT,168761004973253
0,15377,GET,168761005118560
0,10497,PUT,168761004964883
0,10497,GET,168761005118189
0,15362,PUT,168761005056596
0,15362,GET,168761005118340
0,18966,PUT,168761005048939
0,18966,GET,168761005118360
0,17679,PUT,168761005044799
0,17679,GET,168761005118530
0,24337,PUT,168761005048297
0,24337,GET,168761005119673
0,12057,PUT,168761004963761
0,12057,GET,168761005118941
0,15618,PUT,168761005058150
0,15618,GET,168761005118881
0,10753,PUT,168761004966026
0,10753,GET,168761005119082
0,14611,PUT,168761004974796
0,14611,GET,168761005121467
0,12291,PUT,168761005050442
0,12291,GET,168761005119222
0,19990,PUT,168761005061708
0,19990,GET,168761005119302
0,28165,PUT,168761005070318
0,28165,GET,168761005119954
0,11009,PUT,168761004968151
0,11009,GET,168761005119523
0,15122,PUT,168761005019440
0,15122,GET,168761005119523
0,10505,PUT,168761004962438
0,10505,GET,168761005119713
0,12313,PUT,168761004964202
0,12313,GET,168761005119893
0,12555,PUT,168761005053209
0,12555,GET,168761005119813
0,14099,PUT,168761004973824
0,14099,GET,168761005119964
0,9996,PUT,168761005025995
0,9996,GET,168761005120054
0,15643,PUT,168761005019510
0,15643,GET,168761005121768
0,11273,PUT,168761004965976
0,11273,GET,168761005121507
0,15633,PUT,168761004973694
0,15633,GET,168761005119964
0,11023,PUT,168761004990282
0,11023,GET,168761005119903
0,10761,PUT,168761004964573
0,10761,GET,168761005120234
0,15874,PUT,168761005059493
0,15874,GET,168761005120324
0,14355,PUT,168761004974305
0,14355,GET,168761005120545
0,11265,PUT,168761004968682
0,11265,GET,168761005120846
0,10508,PUT,168761005027860
0,10508,GET,168761005121277
0,11279,PUT,168761004990743
0,11279,GET,168761005120625
0,12569,PUT,168761004965094
0,12569,GET,168761005120615
0,16667,PUT,168761005024662
0,16667,GET,168761005121086
0,11017,PUT,168761004965465
0,11017,GET,168761005120675
0,12825,PUT,168761004967259
0,12825,GET,168761005121217
0,10252,PUT,168761005026657
0,10252,GET,168761005120916
0,15378,PUT,168761005021144
0,15378,GET,168761005122951
0,12811,PUT,168761005053650
0,12811,GET,168761005121978
0,11521,PUT,168761004970978
0,11521,GET,168761005122600
0,10764,PUT,168761005028501
0,10764,GET,168761005121728
0,16923,PUT,168761005025294
0,16923,GET,168761005121748
0,22551,PUT,168761005030536
0,22551,GET,168761005122018
0,16130,PUT,168761005061167
0,16130,GET,168761005122299
0,11529,PUT,168761004966437
0,11529,GET,168761005122139
0,11535,PUT,168761004991195
0,11535,GET,168761005122179
0,22807,PUT,168761005034164
0,22807,GET,168761005122439
0,13328,PUT,168761005071120
0,13328,GET,168761005123532
0,15899,PUT,168761005021565
0,15899,GET,168761005123502
0,13324,PUT,168761005054151
0,13324,GET,168761005122670
0,11791,PUT,168761004991636
0,11791,GET,168761005122740
0,23063,PUT,168761005035608
0,23063,GET,168761005122790
0,13081,PUT,168761004967720
0,13081,GET,168761005122991
0,16386,PUT,168761005062420
0,16386,GET,168761005122961
0,11777,PUT,168761004971579
0,11777,GET,168761005123261
0,16155,PUT,168761005022126
0,16155,GET,168761005124454
0,22295,PUT,168761005029574
0,22295,GET,168761005123372
0,12047,PUT,168761004992528
0,12047,GET,168761005123963
0,15634,PUT,168761005021585
0,15634,GET,168761005123662
0,13337,PUT,168761004968161
0,13337,GET,168761005123622
0,11785,PUT,168761004967089
0,11785,GET,168761005123782
0,13593,PUT,168761004968602
0,13593,GET,168761005123983
0,12033,PUT,168761004972672
0,12033,GET,168761005124113
0,26373,PUT,168761005065297
0,26373,GET,168761005123973
0,12041,PUT,168761004969113
0,12041,GET,168761005124324
0,15890,PUT,168761005022026
0,15890,GET,168761005124294
0,13849,PUT,168761004969053
0,13849,GET,168761005124294
0,20737,PUT,168761005049520
0,20737,GET,168761005124955
0,23319,PUT,168761005036821
0,23319,GET,168761005125005
0,14867,PUT,168761004975308
0,14867,GET,168761005124434
0,12559,PUT,168761004993861
0,12559,GET,168761005125978
0,20480,PUT,168761005041993
0,20480,GET,168761005124905
0,16146,PUT,168761005022467
0,16146,GET,168761005124905
0,14105,PUT,168761004971158
0,14105,GET,168761005124604
0,12303,PUT,168761004992969
0,12303,GET,168761005124695
0,12289,PUT,168761004973233
0,12289,GET,168761005125196
0,14361,PUT,168761004971619
0,14361,GET,168761005125476
0,16402,PUT,168761005024001
0,16402,GET,168761005125907
0,16411,PUT,168761005023560
0,16411,GET,168761005125948
0,23575,PUT,168761005037893
0,23575,GET,168761005125637
0,14873,PUT,168761004972601
0,14873,GET,168761005128143
0,15123,PUT,168761004975749
0,15123,GET,168761005125557
0,20993,PUT,168761005051695
0,20993,GET,168761005125617
0,12297,PUT,168761004969675
0,12297,GET,168761005126248
0,12545,PUT,168761004974406
0,12545,GET,168761005125807
0,15379,PUT,168761004977302
0,15379,GET,168761005125998
0,19474,PUT,168761005053559
0,19474,GET,168761005126900
0,21249,PUT,168761005052316
0,21249,GET,168761005126168
0,23831,PUT,168761005038775
0,23831,GET,168761005126298
0,12815,PUT,168761004994753
0,12815,GET,168761005126539
0,12801,PUT,168761004974947
0,12801,GET,168761005126419
0,15635,PUT,168761004977743
0,15635,GET,168761005126629
0,16658,PUT,168761005024993
0,16658,GET,168761005126559
0,13071,PUT,168761004996557
0,13071,GET,168761005126980
0,17935,PUT,168761005045330
0,17935,GET,168761005130318
0,14617,PUT,168761004972160
0,14617,GET,168761005126940
0,17170,PUT,168761005029363
0,17170,GET,168761005127762
0,16914,PUT,168761005027850
0,16914,GET,168761005127281
0,20736,PUT,168761005042764
0,20736,GET,168761005127471
0,13327,PUT,168761004997008
0,13327,GET,168761005127361
0,15891,PUT,168761004978184
0,15891,GET,168761005127371
0,19730,PUT,168761005054532
0,19730,GET,168761005128413
0,12553,PUT,168761004970246
0,12553,GET,168761005127732
0,24087,PUT,168761005039236
0,24087,GET,168761005128644
0,13833,PUT,168761004976761
0,13833,GET,168761005130638
0,21273,PUT,168761005043326
0,21273,GET,168761005128133
0,13057,PUT,168761004975458
0,13057,GET,168761005128253
0,16147,PUT,168761004979257
0,16147,GET,168761005128513
0,17426,PUT,168761005029924
0,17426,GET,168761005128413
0,15129,PUT,168761004974847
0,15129,GET,168761005128473
0,12809,PUT,168761004973283
0,12809,GET,168761005128684
0,20242,PUT,168761005055654
0,20242,GET,168761005129786
0,13313,PUT,168761004976731
0,13313,GET,168761005129335
0,13065,PUT,168761004973824
0,13065,GET,168761005129215
0,12814,PUT,168761005049400
0,12814,GET,168761005128904
0,17682,PUT,168761005030476
0,17682,GET,168761005129085
0,19986,PUT,168761005055083
0,19986,GET,168761005129195
0,15385,PUT,168761004975739
0,15385,GET,168761005129125
0,16403,PUT,168761004979698
0,16403,GET,168761005129345
0,13321,PUT,168761004974265
0,13321,GET,168761005129516
0,24343,PUT,168761005039677
0,24343,GET,168761005129686
0,13569,PUT,168761004977833
0,13569,GET,168761005129766
0,15641,PUT,168761004976190
0,15641,GET,168761005129746
0,13583,PUT,168761004997459
0,13583,GET,168761005130628
0,17938,PUT,168761005031027
0,17938,GET,168761005130288
0,13577,PUT,168761004974756
0,13577,GET,168761005129877
0,20498,PUT,168761005056416
0,20498,GET,168761005130368
0,14089,PUT,168761004977362
0,14089,GET,168761005132182
0,14351,PUT,168761005017405
0,14351,GET,168761005132783
0,14607,PUT,168761005020001
0,14607,GET,168761005133395
0,20754,PUT,168761005056967
0,20754,GET,168761005130879
0,24599,PUT,168761005040128
0,24599,GET,168761005130438
0,25367,PUT,168761005041902
0,25367,GET,168761005132162
0,15897,PUT,168761004976641
0,15897,GET,168761005130638
0,13825,PUT,168761004978515
0,13825,GET,168761005131110
0,13839,PUT,168761004997900
0,13839,GET,168761005131520
0,24855,PUT,168761005040569
0,24855,GET,168761005131110
0,18191,PUT,168761005046002
0,18191,GET,168761005132543
0,18194,PUT,168761005031468
0,18194,GET,168761005131280
0,25111,PUT,168761005041461
0,25111,GET,168761005131651
0,16153,PUT,168761004978094
0,16153,GET,168761005131280
0,25623,PUT,168761005042343
0,25623,GET,168761005132904
0,14081,PUT,168761004980790
0,14081,GET,168761005131671
0,14345,PUT,168761004977813
0,14345,GET,168761005132803
0,16409,PUT,168761004978535
0,16409,GET,168761005131931
0,12043,PUT,168761005050412
0,12043,GET,168761005135490
0,18450,PUT,168761005031909
0,18450,GET,168761005132152
0,26135,PUT,168761005043526
0,26135,GET,168761005134036
0,14095,PUT,168761004998792
0,14095,GET,168761005132252
0,14337,PUT,168761004981592
0,14337,GET,168761005132362
0,26391,PUT,168761005043967
0,26391,GET,168761005134598
0,11531,PUT,168761005047545
0,11531,GET,168761005134096
0,23313,PUT,168761005039898
0,23313,GET,168761005132834
0,25879,PUT,168761005042885
0,25879,GET,168761005133375
0,14601,PUT,168761004978254
0,14601,GET,168761005133836
0,11787,PUT,168761005048187
0,11787,GET,168761005134938
0,25093,PUT,168761005044298
0,25093,GET,168761005136672
0,14593,PUT,168761004982123
0,14593,GET,168761005133425
0,18447,PUT,168761005046553
0,18447,GET,168761005133234
0,23569,PUT,168761005041602
0,23569,GET,168761005133645
0,11019,PUT,168761005042704
0,11019,GET,168761005134648
0,28183,PUT,168761005049961
0,28183,GET,168761005138517
0,22290,PUT,168761005084892
0,22290,GET,168761005143468
0,14863,PUT,168761005023169
0,14863,GET,168761005134257
0,27415,PUT,168761005046713
0,27415,GET,168761005136652
0,14857,PUT,168761004980770
0,14857,GET,168761005134367
0,14849,PUT,168761004983196
0,14849,GET,168761005133906
0,15105,PUT,168761004983898
0,15105,GET,168761005134297
0,24837,PUT,168761005043636
0,24837,GET,168761005136091
0,20249,PUT,168761005033934
0,20249,GET,168761005135219
0,13831,PUT,168761005041271
0,13831,GET,168761005135670
0,26647,PUT,168761005044408
0,26647,GET,168761005134989
0,21267,PUT,168761005046724
0,21267,GET,168761005137374
0,10772,PUT,168761005112055
0,10772,GET,168761005143157
0,19993,PUT,168761005033192
0,19993,GET,168761005134838
0,15361,PUT,168761004984569
0,15361,GET,168761005135209
0,26903,PUT,168761005044849
0,26903,GET,168761005135440
0,15113,PUT,168761004982534
0,15113,GET,168761005135249
0,27671,PUT,168761005047636
0,27671,GET,168761005137224
0,16385,PUT,168761004989290
0,16385,GET,168761005137665
0,11275,PUT,168761005043376
0,11275,GET,168761005135600
0,11792,PUT,168761005045851
0,11792,GET,168761005138687
0,15617,PUT,168761004985261
0,15617,GET,168761005135620
0,23825,PUT,168761005045020
0,23825,GET,168761005138176
0,27159,PUT,168761005045290
0,27159,GET,168761005136031
0,15873,PUT,168761004987706
0,15873,GET,168761005136111
0,24081,PUT,168761005046794
0,24081,GET,168761005139188
0,15625,PUT,168761004984319
0,15625,GET,168761005137625
0,18706,PUT,168761005044188
0,18706,GET,168761005136662
0,18715,PUT,168761005054602
0,18715,GET,168761005139960
0,15369,PUT,168761004983857
0,15369,GET,168761005136823
0,16129,PUT,168761004988238
0,16129,GET,168761005136763
0,22547,PUT,168761005080342
0,22547,GET,168761005143328
0,28439,PUT,168761005079820
0,28439,GET,168761005143649
0,21785,PUT,168761005048237
0,21785,GET,168761005140461
0,9228,PUT,168761005019400
0,9228,GET,168761005138276
0,27927,PUT,168761005049199
0,27927,GET,168761005137965
0,19712,PUT,168761005035688
0,19712,GET,168761005138888
0,20482,PUT,168761005111374
0,20482,GET,168761005143178
0,28695,PUT,168761005081163
0,28695,GET,168761005144892
0,19222,PUT,168761005052878
0,19222,GET,168761005139369
0,21529,PUT,168761005047355
0,21529,GET,168761005139970
0,22034,PUT,168761005084251
0,22034,GET,168761005143017
0,21011,PUT,168761005045320
0,21011,GET,168761005139489
0,16642,PUT,168761005078467
0,16642,GET,168761005143729
0,20253,PUT,168761005077705
0,20253,GET,168761005142957
0,22297,PUT,168761005049229
0,22297,GET,168761005141905
0,14860,PUT,168761005077715
0,14860,GET,168761005145453
0,24349,PUT,168761005096499
0,24349,GET,168761005142937
0,19229,PUT,168761005055564
0,19229,GET,168761005140922
0,22041,PUT,168761005048778
0,22041,GET,168761005141123
0,23321,PUT,168761005077655
0,23321,GET,168761005144861
0,31251,PUT,168761005113068
0,31251,GET,168761005144040
0,23040,PUT,168761005078427
0,23040,GET,168761005143498
0,21761,PUT,168761005079540
0,21761,GET,168761005142937
0,13320,PUT,168761005080472
0,13320,GET,168761005144280
0,25345,PUT,168761005118370
0,25345,GET,168761005143879
0,22546,PUT,168761005086085
0,22546,GET,168761005143929
0,24605,PUT,168761005098895
0,24605,GET,168761005143769
0,11028,PUT,168761005113549
0,11028,GET,168761005143829
0,22802,PUT,168761005087348
0,22802,GET,168761005144350
0,23296,PUT,168761005079119
0,23296,GET,168761005144250
0,22803,PUT,168761005082206
0,22803,GET,168761005144220
0,11284,PUT,168761005114090
0,11284,GET,168761005144390
0,28421,PUT,168761005077856
0,28421,GET,168761005144881
0,16898,PUT,168761005079129
0,16898,GET,168761005144531
0,23059,PUT,168761005082767
0,23059,GET,168761005144751
0,25601,PUT,168761005119132
0,25601,GET,168761005147658
0,23058,PUT,168761005088881
0,23058,GET,168761005145132
0,17154,PUT,168761005079590
0,17154,GET,168761005145072
0,14094,PUT,168761005078467
0,14094,GET,168761005145633
0,15116,PUT,168761005079139
0,15116,GET,168761005146174
0,23577,PUT,168761005079600
0,23577,GET,168761005146265
0,24861,PUT,168761005099486
0,24861,GET,168761005147748
0,11540,PUT,168761005114531
0,11540,GET,168761005148179
0,26897,PUT,168761005078968
0,26897,GET,168761005148049
0,23833,PUT,168761005080362
0,23833,GET,168761005148069
0,15372,PUT,168761005080071
0,15372,GET,168761005148360
0,17163,PUT,168761005098784
0,17163,GET,168761005148249
0,23052,PUT,168761005120274
0,23052,GET,168761005148981
0,19970,PUT,168761005108397
0,19970,GET,168761005148781
0,25117,PUT,168761005100829
0,25117,GET,168761005148400
0,19483,PUT,168761005078247
0,19483,GET,168761005148610
0,23552,PUT,168761005080903
0,23552,GET,168761005148710
0,22017,PUT,168761005080312
0,22017,GET,168761005148801
0,17419,PUT,168761005100238
0,17419,GET,168761005148851
0,15628,PUT,168761005080983
0,15628,GET,168761005148981
0,15884,PUT,168761005081444
0,15884,GET,168761005149633
0,11796,PUT,168761005115022
0,11796,GET,168761005149232
0,24089,PUT,168761005081995
0,24089,GET,168761005149212
0,8476,PUT,168761005078026
0,8476,GET,168761005149242
0,23308,PUT,168761005120956
0,23308,GET,168761005149522
0,27153,PUT,168761005079740
0,27153,GET,168761005149442
0,23808,PUT,168761005082226
0,23808,GET,168761005149252
0,13323,PUT,168761005078678
0,13323,GET,168761005149412
0,22785,PUT,168761005089573
0,22785,GET,168761005149542
0,20226,PUT,168761005109028
0,20226,GET,168761005149502
0,8479,PUT,168761005081835
0,8479,GET,168761005149673
0,20246,PUT,168761005080061
0,20246,GET,168761005149673
0,17675,PUT,168761005102874
0,17675,GET,168761005150274
0,28937,PUT,168761005116205
0,28937,GET,168761005150645
0,21266,PUT,168761005078588
0,21266,GET,168761005151206
0,29453,PUT,168761005121377
0,29453,GET,168761005149923
0,12052,PUT,168761005115463
0,12052,GET,168761005149863
0,27409,PUT,168761005080181
0,27409,GET,168761005150023
0,16140,PUT,168761005083339
0,16140,GET,168761005150194
0,19998,PUT,168761005080963
0,19998,GET,168761005150304
0,24077,PUT,168761005077455
0,24077,GET,168761005150214
0,28677,PUT,168761005078537
0,28677,GET,168761005150535
0,23041,PUT,168761005090415
0,23041,GET,168761005150244
0,15367,PUT,168761005079700
0,15367,GET,168761005150254
0,24345,PUT,168761005082547
0,24345,GET,168761005150314
0,8735,PUT,168761005082737
0,8735,GET,168761005150354
0,20509,PUT,168761005079901
0,20509,GET,168761005150605
0,8732,PUT,168761005081083
0,8732,GET,168761005150665
0,21010,PUT,168761005077916
0,21010,GET,168761005150715
0,13848,PUT,168761005106953
0,13848,GET,168761005150675
0,22273,PUT,168761005085694
0,22273,GET,168761005150805
0,16668,PUT,168761005109790
0,16668,GET,168761005150625
0,24601,PUT,168761005082988
0,24601,GET,168761005150765
0,18690,PUT,168761005103104
0,18690,GET,168761005150775
0,17931,PUT,168761005103335
0,17931,GET,168761005150986
0,24064,PUT,168761005083659
0,24064,GET,168761005150825
0,16396,PUT,168761005083890
0,16396,GET,168761005151036
0,8991,PUT,168761005084712
0,8991,GET,168761005150865
0,9247,PUT,168761005085734
0,9247,GET,168761005151527
0,24857,PUT,168761005083429
0,24857,GET,168761005151196
0,18187,PUT,168761005104678
0,18187,GET,168761005151296
0,8988,PUT,168761005082106
0,8988,GET,168761005151256
0,29193,PUT,168761005116886
0,29193,GET,168761005151457
0,14104,PUT,168761005108166
0,14104,GET,168761005151326
0,15623,PUT,168761005080382
0,15623,GET,168761005151336
0,27665,PUT,168761005080632
0,27665,GET,168761005151527
0,18946,PUT,168761005103976
0,18946,GET,168761005151447
0,16652,PUT,168761005084371
0,16652,GET,168761005151717
0,14339,PUT,168761005083890
0,14339,GET,168761005152920
0,20765,PUT,168761005080452
0,20765,GET,168761005151948
0,18443,PUT,168761005107755
0,18443,GET,168761005151838
0,15879,PUT,168761005081043
0,15879,GET,168761005151878
0,28933,PUT,168761005078978
0,28933,GET,168761005151978
0,27921,PUT,168761005081073
0,27921,GET,168761005151978
0,12308,PUT,168761005117548
0,12308,GET,168761005152108
0,25373,PUT,168761005101721
0,25373,GET,168761005152188
0,24333,PUT,168761005079810
0,24333,GET,168761005152148
0,16924,PUT,168761005110452
0,16924,GET,168761005152058
0,25113,PUT,168761005083870
0,25113,GET,168761005152198
0,16908,PUT,168761005084842
0,16908,GET,168761005152349
0,16135,PUT,168761005081574
0,16135,GET,168761005152319
0,24320,PUT,168761005085684
0,24320,GET,168761005152369
0,25857,PUT,168761005121918
0,25857,GET,168761005152640
0,12564,PUT,168761005118380
0,12564,GET,168761005152609
0,20254,PUT,168761005084050
0,20254,GET,168761005152710
0,14083,PUT,168761005079670
0,14083,GET,168761005152750
0,19215,PUT,168761005078016
0,19215,GET,168761005153211
0,25629,PUT,168761005102613
0,25629,GET,168761005152830
0,25369,PUT,168761005084311
0,25369,GET,168761005152830
0,16391,PUT,168761005082026
0,16391,GET,168761005152750
0,24576,PUT,168761005086245
0,24576,GET,168761005152830
0,28951,PUT,168761005081625
0,28951,GET,168761005152910
0,11802,PUT,168761005114160
0,11802,GET,168761005152960
0,17164,PUT,168761005085834
0,17164,GET,168761005152880
0,21021,PUT,168761005080893
0,21021,GET,168761005152960
0,14360,PUT,168761005109489
0,14360,GET,168761005152970
0,25885,PUT,168761005114300
0,25885,GET,168761005153101
0,19202,PUT,168761005104418
0,19202,GET,168761005153020
0,31507,PUT,168761005114401
0,31507,GET,168761005153241
0,17180,PUT,168761005111023
0,17180,GET,168761005153131
0,22793,PUT,168761005082587
0,22793,GET,168761005153181
0,29189,PUT,168761005080472
0,29189,GET,168761005153251
0,24589,PUT,168761005081123
0,24589,GET,168761005153241
0,17420,PUT,168761005086827
0,17420,GET,168761005153311
0,25625,PUT,168761005084762
0,25625,GET,168761005153361
0,16647,PUT,168761005086075
0,16647,GET,168761005153381
0,14616,PUT,168761005109950
0,14616,GET,168761005153441
0,9503,PUT,168761005086175
0,9503,GET,168761005153441
0,19458,PUT,168761005104869
0,19458,GET,168761005153461
0,14595,PUT,168761005084551
0,14595,GET,168761005153502
0,24850,PUT,168761005114952
0,24850,GET,168761005153642
0,17436,PUT,168761005112546
0,17436,GET,168761005153662
0,29449,PUT,168761005118991
0,29449,GET,168761005153772
0,17676,PUT,168761005089052
0,17676,GET,168761005153752
0,21522,PUT,168761005080933
0,21522,GET,168761005153882
0,18178,PUT,168761005085223
0,18178,GET,168761005153882
0,16903,PUT,168761005086736
0,16903,GET,168761005153892
0,19714,PUT,168761005105310
0,19714,GET,168761005153892
0,8472,PUT,168761005087007
0,8472,GET,168761005153892
0,29207,PUT,168761005083659
0,29207,GET,168761005153902
0,19471,PUT,168761005079450
0,19471,GET,168761005154003
0,14851,PUT,168761005088090
0,14851,GET,168761005153933
0,26141,PUT,168761005116215
0,26141,GET,168761005154133
0,12058,PUT,168761005115994
0,12058,GET,168761005154173
0,17932,PUT,168761005089513
0,17932,GET,168761005154183
0,23564,PUT,168761005123101
0,23564,GET,168761005154183
0,24845,PUT,168761005082326
0,24845,GET,168761005154223
0,23049,PUT,168761005083238
0,23049,GET,168761005154313
0,25362,PUT,168761005120665
0,25362,GET,168761005154313
0,20994,PUT,168761005115453
0,20994,GET,168761005154424
0,22529,PUT,168761005087588
0,22529,GET,168761005154514
0,15107,PUT,168761005089733
0,15107,GET,168761005154374
0,26397,PUT,168761005116766
0,26397,GET,168761005154414
0,17159,PUT,168761005088240
0,17159,GET,168761005154414
0,18434,PUT,168761005086336
0,18434,GET,168761005154434
0,9244,PUT,168761005082547
0,9244,GET,168761005154444
0,14872,PUT,168761005110391
0,14872,GET,168761005154474
0,24832,PUT,168761005086686
0,24832,GET,168761005154474
0,19727,PUT,168761005079901
0,19727,GET,168761005154644
0,23315,PUT,168761005083208
0,23315,GET,168761005154764
0,33029,PUT,168761005118691
0,33029,GET,168761005154604
0,18188,PUT,168761005089954
0,18188,GET,168761005154614
0,29709,PUT,168761005123522
0,29709,GET,168761005154634
0,17692,PUT,168761005113549
0,17692,GET,168761005155436
0,25101,PUT,168761005083489
0,25101,GET,168761005154674
0,25106,PUT,168761005116786
0,25106,GET,168761005154694
0,21778,PUT,168761005081574
0,21778,GET,168761005154774
0,23297,PUT,168761005107004
0,23297,GET,168761005154784
0,29463,PUT,168761005085634
0,29463,GET,168761005154805
0,17415,PUT,168761005088771
0,17415,GET,168761005154845
0,33285,PUT,168761005119352
0,33285,GET,168761005154895
0,9759,PUT,168761005086616
0,9759,GET,168761005154885
0,9500,PUT,168761005083138
0,9500,GET,168761005154895
0,15371,PUT,168761005088801
0,15371,GET,168761005155025
0,8728,PUT,168761005090736
0,8728,GET,168761005155015
0,18444,PUT,168761005091457
0,18444,GET,168761005155045
0,25357,PUT,168761005084732
0,25357,GET,168761005155115
0,33541,PUT,168761005119903
0,33541,GET,168761005155155
0,19983,PUT,168761005081184
0,19983,GET,168761005155276
0,19739,PUT,168761005082627
0,19739,GET,168761005155226
0,17671,PUT,168761005089763
0,17671,GET,168761005155276
0,9756,PUT,168761005083760
0,9756,GET,168761005155336
0,15128,PUT,168761005110832
0,15128,GET,168761005155406
0,10015,PUT,168761005087057
0,10015,GET,168761005155436
0,28177,PUT,168761005097582
0,28177,GET,168761005155446
0,9240,PUT,168761005092680
0,9240,GET,168761005156148
0,18700,PUT,168761005091898
0,18700,GET,168761005155486
0,8984,PUT,168761005092219
0,8984,GET,168761005155626
0,22030,PUT,168761005124163
0,22030,GET,168761005155657
0,23553,PUT,168761005108627
0,23553,GET,168761005155687
0,17927,PUT,168761005090656
0,17927,GET,168761005155707
0,12570,PUT,168761005119212
0,12570,GET,168761005155767
0,10012,PUT,168761005084201
0,10012,GET,168761005155777
0,20239,PUT,168761005081715
0,20239,GET,168761005155807
0,25088,PUT,168761005088330
0,25088,GET,168761005155807
0,10271,PUT,168761005087508
0,10271,GET,168761005155947
0,11285,PUT,168761005120906
0,11285,GET,168761005156007
0,18956,PUT,168761005092891
0,18956,GET,168761005155997
0,17948,PUT,168761005114230
0,17948,GET,168761005156128
0,23809,PUT,168761005109259
0,23809,GET,168761005156118
0,15627,PUT,168761005090054
0,15627,GET,168761005156188
0,15363,PUT,168761005090806
0,15363,GET,168761005156178
0,11780,PUT,168761005120014
0,11780,GET,168761005156198
0,10268,PUT,168761005084712
0,10268,GET,168761005156208
0,23305,PUT,168761005083800
0,23305,GET,168761005156238
0,25344,PUT,168761005088771
0,25344,GET,168761005156258
0,18702,PUT,168761005111644
0,18702,GET,168761005156328
0,20495,PUT,168761005083369
0,20495,GET,168761005156318
0,32785,PUT,168761005116866
0,32785,GET,168761005156428
0,19212,PUT,168761005093402
0,19212,GET,168761005156438
0,29467,PUT,168761005121708
0,29467,GET,168761005156539
0,22286,PUT,168761005124835
0,22286,GET,168761005156569
0,29719,PUT,168761005086526
0,29719,GET,168761005156669
0,23571,PUT,168761005083649
0,23571,GET,168761005156739
0,18204,PUT,168761005115122
0,18204,GET,168761005156649
0,25600,PUT,168761005089212
0,25600,GET,168761005156699
0,23561,PUT,168761005084241
0,23561,GET,168761005156699
0,10527,PUT,168761005088400
0,10527,GET,168761005156839
0,24065,PUT,168761005110301
0,24065,GET,168761005157010
0,19995,PUT,168761005083268
0,19995,GET,168761005157040
0,25856,PUT,168761005090184
0,25856,GET,168761005157130
0,23817,PUT,168761005084772
0,23817,GET,168761005157130
0,23827,PUT,168761005084652
0,23827,GET,168761005157200
0,18183,PUT,168761005091738
0,18183,GET,168761005157210
0,29975,PUT,168761005087087
0,29975,GET,168761005157200
0,9496,PUT,168761005093161
0,9496,GET,168761005157310
0,10783,PUT,168761005089292
0,10783,GET,168761005157270
0,20751,PUT,168761005084722
0,20751,GET,168761005157471
0,15384,PUT,168761005112336
0,15384,GET,168761005157340
0,13579,PUT,168761005079309
0,13579,GET,168761005157521
0,20251,PUT,168761005084521
0,20251,GET,168761005157491
0,12826,PUT,168761005120946
0,12826,GET,168761005157521
0,24073,PUT,168761005085313
0,24073,GET,168761005157571
0,30231,PUT,168761005087528
0,30231,GET,168761005157641
0,19468,PUT,168761005094314
0,19468,GET,168761005157641
0,18439,PUT,168761005092630
0,18439,GET,168761005157661
0,28433,PUT,168761005099616
0,28433,GET,168761005157681
0,10524,PUT,168761005085153
0,10524,GET,168761005157671
0,11039,PUT,168761005089743
0,11039,GET,168761005157711
0,15883,PUT,168761005090946
0,15883,GET,168761005157902
0,20507,PUT,168761005086867
0,20507,GET,168761005157932
0,31257,PUT,168761005117809
0,31257,GET,168761005157972
0,24329,PUT,168761005085935
0,24329,GET,168761005158002
0,19724,PUT,168761005094755
0,19724,GET,168761005158092
0,18695,PUT,168761005093522
0,18695,GET,168761005158182
0,15619,PUT,168761005091267
0,15619,GET,168761005158202
0,15640,PUT,168761005113549
0,15640,GET,168761005158273
0,20763,PUT,168761005087759
0,20763,GET,168761005158363
0,18460,PUT,168761005115744
0,18460,GET,168761005158393
0,24585,PUT,168761005086466
0,24585,GET,168761005158433
0,25613,PUT,168761005085514
0,25613,GET,168761005158684
0,26112,PUT,168761005090625
0,26112,GET,168761005158503
0,19980,PUT,168761005095196
0,19980,GET,168761005158523
0,30487,PUT,168761005089322
0,30487,GET,168761005158533
0,11295,PUT,168761005090184
0,11295,GET,168761005158603
0,13835,PUT,168761005081584
0,13835,GET,168761005158593
0,15875,PUT,168761005094084
0,15875,GET,168761005158653
0,24083,PUT,168761005085774
0,24083,GET,168761005158664
0,18951,PUT,168761005093963
0,18951,GET,168761005158694
0,21019,PUT,168761005088651
0,21019,GET,168761005158804
0,28446,PUT,168761005116796
0,28446,GET,168761005158824
0,24841,PUT,168761005086997
0,24841,GET,168761005158864
0,26368,PUT,168761005091989
0,26368,GET,168761005158934
0,16139,PUT,168761005091878
0,16139,GET,168761005158964
0,23314,PUT,168761005089413
0,23314,GET,168761005159034
0,20236,PUT,168761005095637
0,20236,GET,168761005158954
0,31513,PUT,168761005118450
0,31513,GET,168761005158964
0,28689,PUT,168761005101370
0,28689,GET,168761005159014
0,14091,PUT,168761005083639
0,14091,GET,168761005159054
0,16131,PUT,168761005094645
0,16131,GET,168761005159095
0,29723,PUT,168761005122339
0,29723,GET,168761005159455
0,21275,PUT,168761005089112
0,21275,GET,168761005159235
0,26386,PUT,168761005126709
0,26386,GET,168761005159245
0,25097,PUT,168761005087448
0,25097,GET,168761005159305
0,29705,PUT,168761005121998
0,29705,GET,168761005159335
0,28702,PUT,168761005118651
0,28702,GET,168761005159355
0,26624,PUT,168761005092600
0,26624,GET,168761005159375
0,20492,PUT,168761005096529
0,20492,GET,168761005159385
0,16395,PUT,168761005093582
0,16395,GET,168761005159475
0,11551,PUT,168761005090625
0,11551,GET,168761005159495
0,30743,PUT,168761005100278
0,30743,GET,168761005159515
0,10780,PUT,168761005085594
0,10780,GET,168761005159556
0,21531,PUT,168761005089553
0,21531,GET,168761005159666
0,25353,PUT,168761005087979
0,25353,GET,168761005159736
0,26642,PUT,168761005127431
0,26642,GET,168761005159786
0,31769,PUT,168761005119072
0,31769,GET,168761005159946
0,12820,PUT,168761005119853
0,12820,GET,168761005159876
0,28945,PUT,168761005101832
0,28945,GET,168761005159906
0,13082,PUT,168761005122630
0,13082,GET,168761005159926
0,11807,PUT,168761005092169
0,11807,GET,168761005159926
0,16651,PUT,168761005094063
0,16651,GET,168761005159977
0,11036,PUT,168761005086035
0,11036,GET,168761005160007
0,30999,PUT,168761005100849
0,30999,GET,168761005160047
0,14347,PUT,168761005084100
0,14347,GET,168761005160067
0,21007,PUT,168761005085263
0,21007,GET,168761005160077
0,16387,PUT,168761005098233
0,16387,GET,168761005160077
0,21787,PUT,168761005089994
0,21787,GET,168761005160097
0,25869,PUT,168761005086696
0,25869,GET,168761005160217
0,24339,PUT,168761005087548
0,24339,GET,168761005160307
0,26880,PUT,168761005093041
0,26880,GET,168761005160367
0,29961,PUT,168761005123632
0,29961,GET,168761005160357
0,32025,PUT,168761005120284
0,32025,GET,168761005160408
0,11292,PUT,168761005086476
0,11292,GET,168761005160448
0,16907,PUT,168761005094605
0,16907,GET,168761005160468
0,14603,PUT,168761005085083
0,14603,GET,168761005160498
0,16643,PUT,168761005099025
0,16643,GET,168761005160508
0,21263,PUT,168761005085714
0,21263,GET,168761005160528
0,22043,PUT,168761005090996
0,22043,GET,168761005160538
0,19207,PUT,168761005094404
0,19207,GET,168761005160708
0,26125,PUT,168761005087318
0,26125,GET,168761005160748
0,13076,PUT,168761005121397
0,13076,GET,168761005160778
0,26898,PUT,168761005127972
0,26898,GET,168761005160788
0,27136,PUT,168761005094364
0,27136,GET,168761005160808
0,25609,PUT,168761005088521
0,25609,GET,168761005160829
0,11548,PUT,168761005087378
0,11548,GET,168761005160879
0,14859,PUT,168761005085524
0,14859,GET,168761005160939
0,16899,PUT,168761005099526
0,16899,GET,168761005160949
0,29445,PUT,168761005095457
0,29445,GET,168761005160989
0,10758,PUT,168761005122860
0,10758,GET,168761005160989
0,23570,PUT,168761005090405
0,23570,GET,168761005161109
0,19463,PUT,168761005095296
0,19463,GET,168761005161159
0,24595,PUT,168761005089453
0,24595,GET,168761005161199
0,29201,PUT,168761005102523
0,29201,GET,168761005161239
0,25865,PUT,168761005090355
0,25865,GET,168761005161270
0,25089,PUT,168761005115373
0,25089,GET,168761005161290
0,27154,PUT,168761005128423
0,27154,GET,168761005161320
0,11804,PUT,168761005088470
0,11804,GET,168761005161320
0,21519,PUT,168761005086155
0,21519,GET,168761005161440
0,29701,PUT,168761005097431
0,29701,GET,168761005161510
0,31255,PUT,168761005103806
0,31255,GET,168761005161500
0,23826,PUT,168761005093673
0,23826,GET,168761005161560
0,19719,PUT,168761005096659
0,19719,GET,168761005161590
0,29457,PUT,168761005103054
0,29457,GET,168761005161691
0,12063,PUT,168761005092640
0,12063,GET,168761005161741
0,31763,PUT,168761005116536
0,31763,GET,168761005161761
0,26381,PUT,168761005106412
0,26381,GET,168761005161761
0,27677,PUT,168761005127281
0,27677,GET,168761005161811
0,32281,PUT,168761005120826
0,32281,GET,168761005161851
0,27410,PUT,168761005128965
0,27410,GET,168761005161841
0,24082,PUT,168761005094665
0,24082,GET,168761005162001
0,31511,PUT,168761005105219
0,31511,GET,168761005162041
0,14350,PUT,168761005081013
0,14350,GET,168761005162172
0,11014,PUT,168761005123803
0,11014,GET,168761005162122
0,32019,PUT,168761005117207
0,32019,GET,168761005162212
0,12821,PUT,168761005129636
0,12821,GET,168761005162272
0,21775,PUT,168761005086596
0,21775,GET,168761005162352
0,24338,PUT,168761005095777
0,24338,GET,168761005162432
0,17155,PUT,168761005099987
0,17155,GET,168761005162462
0,19975,PUT,168761005097101
0,19975,GET,168761005162472
0,31767,PUT,168761005106111
0,31767,GET,168761005162472
0,29957,PUT,168761005097993
0,29957,GET,168761005162613
0,13332,PUT,168761005121948
0,13332,GET,168761005162593
0,21277,PUT,168761005082276
0,21277,GET,168761005162683
0,12319,PUT,168761005093081
0,12319,GET,168761005162633
0,21250,PUT,168761005117929
0,21250,GET,168761005162733
0,22031,PUT,168761005087488
0,22031,GET,168761005162783
0,24594,PUT,168761005096339
0,24594,GET,168761005162883
0,17411,PUT,168761005101360
0,17411,GET,168761005162903
0,20231,PUT,168761005099165
0,20231,GET,168761005162903
0,32023,PUT,168761005106573
0,32023,GET,168761005162913
0,13588,PUT,168761005122620
0,13588,GET,168761005163044
0,29713,PUT,168761005103495
0,29713,GET,168761005163044
0,12575,PUT,168761005094434
0,12575,GET,168761005163074
0,26637,PUT,168761005107114
0,26637,GET,168761005163214
0,20748,PUT,168761005096980
0,20748,GET,168761005163244
0,32537,PUT,168761005121367
0,32537,GET,168761005163284
0,27666,PUT,168761005130538
0,27666,GET,168761005163294
0,27933,PUT,168761005127952
0,27933,GET,168761005163314
0,14606,PUT,168761005085373
0,14606,GET,168761005163344
0,15115,PUT,168761005085965
0,15115,GET,168761005163425
0,32279,PUT,168761005107835
0,32279,GET,168761005163425
0,12831,PUT,168761005095326
0,12831,GET,168761005163515
0,26893,PUT,168761005108176
0,26893,GET,168761005163665
0,22287,PUT,168761005089713
0,22287,GET,168761005163675
0,27922,PUT,168761005131170
0,27922,GET,168761005163735
0,32793,PUT,168761005122028
0,32793,GET,168761005163735
0,30213,PUT,168761005098614
0,30213,GET,168761005163755
0,21506,PUT,168761005118580
0,21506,GET,168761005163836
0,8468,PUT,168761005098293
0,8468,GET,168761005163775
0,28189,PUT,168761005128393
0,28189,GET,168761005163856
0,32535,PUT,168761005108447
0,32535,GET,168761005163866
0,25881,PUT,168761005088100
0,25881,GET,168761005163876
0,20487,PUT,168761005100057
0,20487,GET,168761005163886
0,17667,PUT,168761005102263
0,17667,GET,168761005163906
0,27392,PUT,168761005094805
0,27392,GET,168761005164046
0,26121,PUT,168761005090796
0,26121,GET,168761005164076
0,27149,PUT,168761005108717
0,27149,GET,168761005164106
0,22543,PUT,168761005090605
0,22543,GET,168761005164116
0,13077,PUT,168761005131891
0,13077,GET,168761005164166
0,21762,PUT,168761005119162
0,21762,GET,168761005164287
0,28445,PUT,168761005128955
0,28445,GET,168761005164297
0,23318,PUT,168761005108918
0,23318,GET,168761005164297
0,20743,PUT,168761005100518
0,20743,GET,168761005164317
0,14862,PUT,168761005085935
0,14862,GET,168761005164317
0,11270,PUT,168761005125005
0,11270,GET,168761005164447
0,8724,PUT,168761005102894
0,8724,GET,168761005164337
0,13844,PUT,168761005123271
0,13844,GET,168761005164397
0,32275,PUT,168761005119593
0,32275,GET,168761005164738
0,16664,PUT,168761005129947
0,16664,GET,168761005164728
0,8458,PUT,168761005089533
0,8458,GET,168761005165008
0,17923,PUT,168761005103606
0,17923,GET,168761005164798
0,11541,PUT,168761005124193
0,11541,GET,168761005164848
0,8980,PUT,168761005103455
0,8980,GET,168761005164858
0,27405,PUT,168761005110512
0,27405,GET,168761005165209
0,17951,PUT,168761005122710
0,17951,GET,168761005165088
0,15118,PUT,168761005087278
0,15118,GET,168761005165209
0,18179,PUT,168761005104498
0,18179,GET,168761005165229
0,32531,PUT,168761005120244
0,32531,GET,168761005165259
0,29969,PUT,168761005106352
0,29969,GET,168761005165259
0,9236,PUT,168761005103896
0,9236,GET,168761005165289
0,13087,PUT,168761005095838
0,13087,GET,168761005165319
0,23574,PUT,168761005109449
0,23574,GET,168761005165439
0,9752,PUT,168761005093612
0,9752,GET,168761005165590
0,27648,PUT,168761005095246
0,27648,GET,168761005165389
0,26377,PUT,168761005091237
0,26377,GET,168761005165409
0,21004,PUT,168761005097501
0,21004,GET,168761005165479
0,25618,PUT,168761005121367
0,25618,GET,168761005165830
0,18207,PUT,168761005123362
0,18207,GET,168761005165680
0,15374,PUT,168761005089122
0,15374,GET,168761005165700
0,30225,PUT,168761005107244
0,30225,GET,168761005165710
0,9492,PUT,168761005104869
0,9492,GET,168761005165730
0,8714,PUT,168761005091187
0,8714,GET,168761005165730
0,13343,PUT,168761005096840
0,13343,GET,168761005165770
0,30238,PUT,168761005125717
0,30238,GET,168761005165780
0,26137,PUT,168761005089473
0,26137,GET,168761005165790
0,26633,PUT,168761005092951
0,26633,GET,168761005165860
0,32791,PUT,168761005110061
0,32791,GET,168761005165960
0,13333,PUT,168761005132623
0,13333,GET,168761005166071
0,27661,PUT,168761005111053
0,27661,GET,168761005166101
0,24321,PUT,168761005110822
0,24321,GET,168761005166081
0,16920,PUT,168761005130628
0,16920,GET,168761005166061
0,20999,PUT,168761005100959
0,20999,GET,168761005166131
0,15630,PUT,168761005091147
0,15630,GET,168761005166141
0,32787,PUT,168761005120776
0,32787,GET,168761005166161
0,9748,PUT,168761005105310
0,9748,GET,168761005166161
0,10008,PUT,168761005094053
0,10008,GET,168761005166171
0,8730,PUT,168761005099396
0,8730,GET,168761005166211
0,21533,PUT,168761005084812
0,21533,GET,168761005166201
0,27904,PUT,168761005096399
0,27904,GET,168761005166281
0,30469,PUT,168761005099276
0,30469,GET,168761005166341
0,23830,PUT,168761005110893
0,23830,GET,168761005166391
0,12548,PUT,168761005133916
0,12548,GET,168761005166522
0,25874,PUT,168761005122099
0,25874,GET,168761005166562
0,10264,PUT,168761005094956
0,10264,GET,168761005166602
0,30481,PUT,168761005107705
0,30481,GET,168761005166622
0,27917,PUT,168761005113659
0,27917,GET,168761005166732
0,21789,PUT,168761005085273
0,21789,GET,168761005166662
0,28160,PUT,168761005097421
0,28160,GET,168761005166732
0,8986,PUT,168761005100188
0,8986,GET,168761005166742
0,26393,PUT,168761005090465
0,26393,GET,168761005166782
0,22799,PUT,168761005091066
0,22799,GET,168761005166812
0,21255,PUT,168761005101401
0,21255,GET,168761005167023
0,26130,PUT,168761005122951
0,26130,GET,168761005167033
0,10520,PUT,168761005095848
0,10520,GET,168761005167043
0,20752,PUT,168761005122219
0,20752,GET,168761005167063
0,9242,PUT,168761005103826
0,9242,GET,168761005167173
0,15886,PUT,168761005092289
0,15886,GET,168761005167173
0,8970,PUT,168761005091798
0,8970,GET,168761005167183
0,29965,PUT,168761005126609
0,29965,GET,168761005167253
0,28173,PUT,168761005115052
0,28173,GET,168761005167364
0,24086,PUT,168761005111514
0,24086,GET,168761005167284
0,13338,PUT,168761005125086
0,13338,GET,168761005167464
0,24577,PUT,168761005112556
0,24577,GET,168761005167514
0,35863,PUT,168761005131430
0,35863,GET,168761005167524
0,30737,PUT,168761005108146
0,30737,GET,168761005167534
0,10776,PUT,168761005096820
0,10776,GET,168761005167564
0,9498,PUT,168761005104287
0,9498,GET,168761005167604
0,16142,PUT,168761005092841
0,16142,GET,168761005167604
0,28416,PUT,168761005099707
0,28416,GET,168761005167634
0,26889,PUT,168761005104979
0,26889,GET,168761005167654
0,26649,PUT,168761005090926
0,26649,GET,168761005167674
0,23055,PUT,168761005091508
0,23055,GET,168761005167705
0,24342,PUT,168761005112155
0,24342,GET,168761005167725
0,28429,PUT,168761005115614
0,28429,GET,168761005168005
0,21511,PUT,168761005101842
0,21511,GET,168761005167915
0,17176,PUT,168761005135440
0,17176,GET,168761005167955
0,24833,PUT,168761005113248
0,24833,GET,168761005167965
0,11032,PUT,168761005097431
0,11032,GET,168761005167995
0,18435,PUT,168761005104959
0,18435,GET,168761005168717
0,28672,PUT,168761005101421
0,28672,GET,168761005168075
0,27145,PUT,168761005105630
0,27145,GET,168761005168105
0,24598,PUT,168761005113809
0,24598,GET,168761005168156
0,9226,PUT,168761005094084
0,9226,GET,168761005168366
0,30993,PUT,168761005109128
0,30993,GET,168761005168446
0,16398,PUT,168761005093843
0,16398,GET,168761005168506
0,17432,PUT,168761005136101
0,17432,GET,168761005168597
0,27401,PUT,168761005106071
0,27401,GET,168761005168536
0,18947,PUT,168761005123141
0,18947,GET,168761005168627
0,9482,PUT,168761005094545
0,9482,GET,168761005168817
0,27657,PUT,168761005108016
0,27657,GET,168761005168977
0,36119,PUT,168761005132082
0,36119,GET,168761005169008
0,26905,PUT,168761005091367
0,26905,GET,168761005169008
0,30221,PUT,168761005127702
0,30221,GET,168761005169158
0,13594,PUT,168761005125727
0,13594,GET,168761005169218
0,11288,PUT,168761005098474
0,11288,GET,168761005169218
0,9738,PUT,168761005095948
0,9738,GET,168761005169248
0,28685,PUT,168761005116315
0,28685,GET,168761005169439
0,9478,PUT,168761005110692
0,9478,GET,168761005169348
0,18958,PUT,168761005113869
0,18958,GET,168761005169348
0,22299,PUT,168761005093001
0,22299,GET,168761005169449
0,27913,PUT,168761005109249
0,27913,GET,168761005169408
0,30725,PUT,168761005101020
0,30725,GET,168761005169489
0,36375,PUT,168761005132813
0,36375,GET,168761005169539
0,21767,PUT,168761005102834
0,21767,GET,168761005169579
0,9994,PUT,168761005097361
0,9994,GET,168761005169679
0,31249,PUT,168761005110431
0,31249,GET,168761005169789
0,28169,PUT,168761005109790
0,28169,GET,168761005169839
0,13850,PUT,168761005126268
0,13850,GET,168761005169839
0,9754,PUT,168761005104728
0,9754,GET,168761005169860
0,27161,PUT,168761005092560
0,27161,GET,168761005169900
0,9734,PUT,168761005111324
0,9734,GET,168761005170030
0,28178,PUT,168761005134598
0,28178,GET,168761005169970
0,30981,PUT,168761005101561
0,30981,GET,168761005170010
0,19214,PUT,168761005114501
0,19214,GET,168761005170030
0,19459,PUT,168761005128493
0,19459,GET,168761005170050
0,11544,PUT,168761005098915
0,11544,GET,168761005170110
0,10250,PUT,168761005098003
0,10250,GET,168761005170120
0,10010,PUT,168761005106091
0,10010,GET,168761005170311
0,16654,PUT,168761005094284
0,16654,GET,168761005170401
0,28928,PUT,168761005102503
0,28928,GET,168761005170421
0,22023,PUT,168761005104187
0,22023,GET,168761005170471
0,35077,PUT,168761005135490
0,35077,GET,168761005170501
0,31237,PUT,168761005102924
0,31237,GET,168761005170511
0,28941,PUT,168761005117027
0,28941,GET,168761005170531
0,18691,PUT,168761005118500
0,18691,GET,168761005170541
0,10506,PUT,168761005098444
0,10506,GET,168761005170551
0,30477,PUT,168761005129646
0,30477,GET,168761005170601
0,14106,PUT,168761005126810
0,14106,GET,168761005170732
0,10266,PUT,168761005107024
0,10266,GET,168761005170742
0,22555,PUT,168761005094835
0,22555,GET,168761005170862
0,29184,PUT,168761005105320
0,29184,GET,168761005170872
0,19470,PUT,168761005115213
0,19470,GET,168761005170932
0,26895,PUT,168761005119683
0,26895,GET,168761005170972
0,25622,PUT,168761005121988
0,25622,GET,168761005171082
0,10762,PUT,168761005099075
0,10762,GET,168761005170982
0,31493,PUT,168761005103365
0,31493,GET,168761005171022
0,24851,PUT,168761005090465
0,24851,GET,168761005171082
0,30733,PUT,168761005130348
0,30733,GET,168761005171042
0,31505,PUT,168761005110873
0,31505,GET,168761005171122
0,26369,PUT,168761005127641
0,26369,GET,168761005171173
0,10522,PUT,168761005107936
0,10522,GET,168761005171173
0,27417,PUT,168761005093001
0,27417,GET,168761005171233
0,22811,PUT,168761005095296
0,22811,GET,168761005171313
0,27393,PUT,168761005136662
0,27393,GET,168761005171463
0,11800,PUT,168761005099356
0,11800,GET,168761005171473
0,33797,PUT,168761005123061
0,33797,GET,168761005171724
0,31761,PUT,168761005111414
0,31761,GET,168761005171573
0,12036,PUT,168761005124203
0,12036,GET,168761005172365
0,10778,PUT,168761005108988
0,10778,GET,168761005171614
0,27673,PUT,168761005095316
0,27673,GET,168761005171684
0,14362,PUT,168761005128724
0,14362,GET,168761005171734
0,12060,PUT,168761005092660
0,12060,GET,168761005171914
0,28425,PUT,168761005110772
0,28425,GET,168761005171914
0,32017,PUT,168761005111945
0,32017,GET,168761005172015
0,11034,PUT,168761005109439
0,11034,GET,168761005172045
0,27929,PUT,168761005095767
0,27929,GET,168761005172125
0,26625,PUT,168761005129556
0,26625,GET,168761005172165
0,25107,PUT,168761005090926
0,25107,GET,168761005172185
0,19726,PUT,168761005115654
0,19726,GET,168761005172295
0,32273,PUT,168761005112396
0,32273,GET,168761005172446
0,16404,PUT,168761005137424
0,16404,GET,168761005172536
0,28681,PUT,168761005111304
0,28681,GET,168761005172446
0,11290,PUT,168761005110842
0,11290,GET,168761005172476
0,26653,PUT,168761005120645
0,26653,GET,168761005172546
0,16910,PUT,168761005094725
0,16910,GET,168761005172626
0,25363,PUT,168761005091477
0,25363,GET,168761005172636
0,23067,PUT,168761005096208
0,23067,GET,168761005172666
0,19982,PUT,168761005116095
0,19982,GET,168761005172746
0,11018,PUT,168761005099616
0,11018,GET,168761005172796
0,32529,PUT,168761005112927
0,32529,GET,168761005172877
0,12316,PUT,168761005094725
0,12316,GET,168761005172897
0,17410,PUT,168761005080943
0,17410,GET,168761005173097
0,23311,PUT,168761005094023
0,23311,GET,168761005173087
0,26113,PUT,168761005124835
0,26113,GET,168761005173057
0,25619,PUT,168761005091918
0,25619,GET,168761005173067
0,23323,PUT,168761005096649
0,23323,GET,168761005173127
0,28185,PUT,168761005096208
0,28185,GET,168761005173127
0,20238,PUT,168761005116636
0,20238,GET,168761005173187
0,11274,PUT,168761005100990
0,11274,GET,168761005173247
0,11012,PUT,168761005113318
0,11012,GET,168761005173358
0,11546,PUT,168761005112647
0,11546,GET,168761005173368
0,14100,PUT,168761005124755
0,14100,GET,168761005173538
0,22544,PUT,168761005138697
0,22544,GET,168761005173518
0,34053,PUT,168761005123722
0,34053,GET,168761005173618
0,23579,PUT,168761005097090
0,23579,GET,168761005173558
0,26909,PUT,168761005121457
0,26909,GET,168761005173668
0,11530,PUT,168761005102032
0,11530,GET,168761005173678
0,12056,PUT,168761005099797
0,12056,GET,168761005173708
0,15370,PUT,168761005116085
0,15370,GET,168761005173769
0,12572,PUT,168761005095286
0,12572,GET,168761005173789
0,33041,PUT,168761005125737
0,33041,GET,168761005174190
0,11268,PUT,168761005113970
0,11268,GET,168761005173979
0,27663,PUT,168761005130368
0,27663,GET,168761005174069
0,18716,PUT,168761005128985
0,18716,GET,168761005176415
0,11786,PUT,168761005103034
0,11786,GET,168761005174119
0,14356,PUT,168761005125226
0,14356,GET,168761005174139
0,12312,PUT,168761005100248
0,12312,GET,168761005174159
0,19203,PUT,168761005125998
0,19203,GET,168761005174250
0,12828,PUT,168761005095727
0,12828,GET,168761005174240
0,27165,PUT,168761005123422
0,27165,GET,168761005174450
0,23835,PUT,168761005097983
0,23835,GET,168761005174721
0,22542,PUT,168761005127571
0,22542,GET,168761005174671
0,28441,PUT,168761005096720
0,28441,GET,168761005174500
0,22800,PUT,168761005139609
0,22800,GET,168761005174510
0,23567,PUT,168761005094484
0,23567,GET,168761005174510
0,28955,PUT,168761005118530
0,28955,GET,168761005174540
0,12042,PUT,168761005103475
0,12042,GET,168761005174550
0,27919,PUT,168761005131340
0,27919,GET,168761005174651
0,27421,PUT,168761005124574
0,27421,GET,168761005174691
0,17166,PUT,168761005095166
0,17166,GET,168761005174841
0,22045,PUT,168761005085714
0,22045,GET,168761005174901
0,25875,PUT,168761005092360
0,25875,GET,168761005174881
0,10004,PUT,168761005105751
0,10004,GET,168761005175082
0,23823,PUT,168761005095387
0,23823,GET,168761005174961
0,22798,PUT,168761005128303
0,22798,GET,168761005175242
0,14612,PUT,168761005125767
0,14612,GET,168761005175042
0,29211,PUT,168761005119162
0,29211,GET,168761005175072
0,34839,PUT,168761005125517
0,34839,GET,168761005175142
0,24079,PUT,168761005096299
0,24079,GET,168761005175392
0,20494,PUT,168761005117077
0,20494,GET,168761005175442
0,22301,PUT,168761005088992
0,22301,GET,168761005175463
0,17422,PUT,168761005095607
0,17422,GET,168761005175563
0,14868,PUT,168761005126308
0,14868,GET,168761005175483
0,23056,PUT,168761005140491
0,23056,GET,168761005175483
0,12568,PUT,168761005100689
0,12568,GET,168761005175513
0,11526,PUT,168761005127421
0,11526,GET,168761005175663
0,10260,PUT,168761005107174
0,10260,GET,168761005175613
0,35095,PUT,168761005126168
0,35095,GET,168761005175833
0,28697,PUT,168761005097161
0,28697,GET,168761005175853
0,26390,PUT,168761005129085
0,26390,GET,168761005176014
0,29209,PUT,168761005098203
0,29209,GET,168761005176495
0,15124,PUT,168761005126990
0,15124,GET,168761005175914
0,13084,PUT,168761005096740
0,13084,GET,168761005176044
0,28175,PUT,168761005132232
0,28175,GET,168761005176184
0,35351,PUT,168761005126609
0,35351,GET,168761005176274
0,24335,PUT,168761005097211
0,24335,GET,168761005176294
0,28953,PUT,168761005097762
0,28953,GET,168761005176304
0,20750,PUT,168761005118580
0,20750,GET,168761005176335
0,12298,PUT,168761005103916
0,12298,GET,168761005176365
0,15636,PUT,168761005128794
0,15636,GET,168761005177327
0,17666,PUT,168761005081384
0,17666,GET,168761005176415
0,22557,PUT,168761005089453
0,22557,GET,168761005176465
0,13340,PUT,168761005098203
0,13340,GET,168761005176495
0,35607,PUT,168761005129827
0,35607,GET,168761005176776
0,32256,PUT,168761005127401
0,32256,GET,168761005176705
0,29465,PUT,168761005099656
0,29465,GET,168761005176756
0,26131,PUT,168761005092871
0,26131,GET,168761005176766
0,21006,PUT,168761005119021
0,21006,GET,168761005176786
0,15380,PUT,168761005127541
0,15380,GET,168761005176816
0,17922,PUT,168761005082487
0,17922,GET,168761005176866
0,12292,PUT,168761005130658
0,12292,GET,168761005177106
0,22813,PUT,168761005089894
0,22813,GET,168761005176906
0,12554,PUT,168761005104357
0,12554,GET,168761005176906
0,24091,PUT,168761005098424
0,24091,GET,168761005177187
0,29721,PUT,168761005100097
0,29721,GET,168761005177207
0,24591,PUT,168761005098363
0,24591,GET,168761005177287
0,12824,PUT,168761005102473
0,12824,GET,168761005177287
0,12810,PUT,168761005107445
0,12810,GET,168761005177347
0,24854,PUT,168761005115062
0,24854,GET,168761005177407
0,20502,PUT,168761005085524
0,20502,GET,168761005177387
0,13596,PUT,168761005099215
0,13596,GET,168761005177387
0,33049,PUT,168761005130448
0,33049,GET,168761005177628
0,29977,PUT,168761005101751
0,29977,GET,168761005177658
0,26387,PUT,168761005093893
0,26387,GET,168761005177658
0,24847,PUT,168761005100258
0,24847,GET,168761005177718
0,23069,PUT,168761005090335
0,23069,GET,168761005177798
0,17688,PUT,168761005136682
0,17688,GET,168761005177978
0,13852,PUT,168761005099757
0,13852,GET,168761005177828
0,13080,PUT,168761005102924
0,13080,GET,168761005177828
0,25110,PUT,168761005116205
0,25110,GET,168761005177928
0,22018,PUT,168761005132974
0,22018,GET,168761005177958
0,20758,PUT,168761005086626
0,20758,GET,168761005177958
0,17678,PUT,168761005096048
0,17678,GET,168761005178229
0,32512,PUT,168761005128052
0,32512,GET,168761005178179
0,26646,PUT,168761005131160
0,26646,GET,168761005178199
0,23325,PUT,168761005090776
0,23325,GET,168761005178239
0,21262,PUT,168761005119462
0,21262,GET,168761005178249
0,14108,PUT,168761005100198
0,14108,GET,168761005178259
0,25366,PUT,168761005116746
0,25366,GET,168761005178359
0,13336,PUT,168761005104788
0,13336,GET,168761005178359
0,23047,PUT,168761005130047
0,23047,GET,168761005178490
0,22274,PUT,168761005133635
0,22274,GET,168761005178520
0,34065,PUT,168761005139649
0,34065,GET,168761005178530
0,26643,PUT,168761005094865
0,26643,GET,168761005178550
0,30233,PUT,168761005102303
0,30233,GET,168761005178570
0,25103,PUT,168761005101240
0,25103,GET,168761005178610
0,14364,PUT,168761005101651
0,14364,GET,168761005178700
0,23054,PUT,168761005131831
0,23054,GET,168761005178700
0,30494,PUT,168761005129025
0,30494,GET,168761005178780
0,33047,PUT,168761005117538
0,33047,GET,168761005178800
0,13592,PUT,168761005105690
0,13592,GET,168761005178790
0,17934,PUT,168761005096489
0,17934,GET,168761005178860
0,24347,PUT,168761005098865
0,24347,GET,168761005178981
0,13576,PUT,168761005085774
0,13576,GET,168761005179091
0,26899,PUT,168761005096339
0,26899,GET,168761005179001
0,21014,PUT,168761005089312
0,21014,GET,168761005179031
0,28431,PUT,168761005134598
0,28431,GET,168761005179051
0,14620,PUT,168761005102563
0,14620,GET,168761005179131
0,25359,PUT,168761005101701
0,25359,GET,168761005179131
0,13066,PUT,168761005108527
0,13066,GET,168761005179161
0,26651,PUT,168761005108006
0,26651,GET,168761005181086
0,21518,PUT,168761005121196
0,21518,GET,168761005179241
0,18190,PUT,168761005096930
0,18190,GET,168761005179291
0,33303,PUT,168761005118169
0,33303,GET,168761005179362
0,15892,PUT,168761005130719
0,15892,GET,168761005179592
0,27155,PUT,168761005096780
0,27155,GET,168761005179432
0,25615,PUT,168761005103215
0,25615,GET,168761005179582
0,21260,PUT,168761005098494
0,21260,GET,168761005179783
0,23581,PUT,168761005091778
0,23581,GET,168761005179612
0,28434,PUT,168761005140281
0,28434,GET,168761005179622
0,13832,PUT,168761005087769
0,13832,GET,168761005179702
0,21774,PUT,168761005121738
0,21774,GET,168761005179692
0,33559,PUT,168761005118620
0,33559,GET,168761005179793
0,31749,PUT,168761005104257
0,31749,GET,168761005180234
0,27411,PUT,168761005097221
0,27411,GET,168761005179873
0,24603,PUT,168761005099306
0,24603,GET,168761005179873
0,21270,PUT,168761005089763
0,21270,GET,168761005179923
0,25871,PUT,168761005104628
0,25871,GET,168761005180013
0,28690,PUT,168761005141353
0,28690,GET,168761005180083
0,26881,PUT,168761005131791
0,26881,GET,168761005180224
0,14088,PUT,168761005088310
0,14088,GET,168761005180143
0,14876,PUT,168761005103004
0,14876,GET,168761005180404
0,13322,PUT,168761005108978
0,13322,GET,168761005180254
0,18446,PUT,168761005097421
0,18446,GET,168761005180304
0,27667,PUT,168761005099235
0,27667,GET,168761005180304
0,30750,PUT,168761005129676
0,30750,GET,168761005180364
0,27137,PUT,168761005132523
0,27137,GET,168761005180675
0,26127,PUT,168761005105089
0,26127,GET,168761005180474
0,21008,PUT,168761005125096
0,21008,GET,168761005180645
0,31262,PUT,168761005135921
0,31262,GET,168761005180514
0,20510,PUT,168761005086907
0,20510,GET,168761005181827
0,29470,PUT,168761005122680
0,29470,GET,168761005180604
0,31501,PUT,168761005142215
0,31501,GET,168761005180604
0,22279,PUT,168761005105961
0,22279,GET,168761005180755
0,32768,PUT,168761005133084
0,32768,GET,168761005180715
0,21516,PUT,168761005100729
0,21516,GET,168761005180865
0,24859,PUT,168761005100669
0,24859,GET,168761005180775
0,33815,PUT,168761005119062
0,33815,GET,168761005180795
0,21526,PUT,168761005093592
0,21526,GET,168761005180825
0,27923,PUT,168761005100218
0,27923,GET,168761005180955
0,32005,PUT,168761005104698
0,32005,GET,168761005180875
0,21772,PUT,168761005101721
0,21772,GET,168761005182439
0,34565,PUT,168761005132062
0,34565,GET,168761005181166
0,23837,PUT,168761005092760
0,23837,GET,168761005181316
0,33305,PUT,168761005133946
0,33305,GET,168761005181246
0,21782,PUT,168761005094053
0,21782,GET,168761005181256
0,34071,PUT,168761005119603
0,34071,GET,168761005181326
0,29726,PUT,168761005123351
0,29726,GET,168761005181456
0,13584,PUT,168761005079089
0,13584,GET,168761005182399
0,28179,PUT,168761005101270
0,28179,GET,168761005181487
0,26907,PUT,168761005108657
0,26907,GET,168761005181697
0,22535,PUT,168761005106943
0,22535,GET,168761005181797
0,28435,PUT,168761005102353
0,28435,GET,168761005181918
0,14344,PUT,168761005090756
0,14344,GET,168761005181958
0,21264,PUT,168761005125817
0,21264,GET,168761005181998
0,28687,PUT,168761005142987
0,28687,GET,168761005182178
0,15132,PUT,168761005103445
0,15132,GET,168761005182098
0,32261,PUT,168761005105139
0,32261,GET,168761005182308
0,10516,PUT,168761005109169
0,10516,GET,168761005182328
0,24093,PUT,168761005093853
0,24093,GET,168761005182338
0,22038,PUT,168761005095056
0,22038,GET,168761005182439
0,14600,PUT,168761005091347
0,14600,GET,168761005182509
0,14618,PUT,168761005134868
0,14618,GET,168761005182479
0,20766,PUT,168761005087568
0,20766,GET,168761005182509
0,15388,PUT,168761005104337
0,15388,GET,168761005182559
0,16148,PUT,168761005133204
0,16148,GET,168761005182749
0,22028,PUT,168761005103044
0,22028,GET,168761005182709
0,13840,PUT,168761005081605
0,13840,GET,168761005183792
0,13578,PUT,168761005109419
0,13578,GET,168761005182769
0,22791,PUT,168761005108417
0,22791,GET,168761005182780
0,34821,PUT,168761005132733
0,34821,GET,168761005182820
0,32517,PUT,168761005107334
0,32517,GET,168761005182850
0,23310,PUT,168761005143829
0,23310,GET,168761005183000
0,14856,PUT,168761005092550
0,14856,GET,168761005183060
0,27163,PUT,168761005110642
0,27163,GET,168761005183070
0,21022,PUT,168761005088120
0,21022,GET,168761005182950
0,21520,PUT,168761005126268
0,21520,GET,168761005182990
0,28691,PUT,168761005102814
0,28691,GET,168761005183130
0,22284,PUT,168761005103936
0,22284,GET,168761005183170
0,13834,PUT,168761005109860
0,13834,GET,168761005183221
0,11524,PUT,168761005115974
0,11524,GET,168761005183241
0,18696,PUT,168761005134036
0,18696,GET,168761005183301
0,32773,PUT,168761005107976
0,32773,GET,168761005183491
0,21278,PUT,168761005089633
0,21278,GET,168761005183381
0,22294,PUT,168761005095747
0,22294,GET,168761005183431
0,26383,PUT,168761005105530
0,26383,GET,168761005183461
0,30473,PUT,168761005134006
0,30473,GET,168761005183441
0,22540,PUT,168761005104397
0,22540,GET,168761005183551
0,15644,PUT,168761005105229
0,15644,GET,168761005183571
0,19715,PUT,168761005137123
0,19715,GET,168761005184423
0,28943,PUT,168761005144731
0,28943,GET,168761005183742
0,13599,PUT,168761005100539
0,13599,GET,168761005183652
0,28947,PUT,168761005103255
0,28947,GET,168761005183672
0,17183,PUT,168761005117849
0,17183,GET,168761005183802
0,15112,PUT,168761005094404
0,15112,GET,168761005184153
0,13855,PUT,168761005102694
0,13855,GET,168761005184373
0,21534,PUT,168761005090535
0,21534,GET,168761005183822
0,27419,PUT,168761005111304
0,27419,GET,168761005184113
0,8474,PUT,168761005094715
0,8474,GET,168761005183962
0,21776,PUT,168761005127080
0,21776,GET,168761005183992
0,22796,PUT,168761005104838
0,22796,GET,168761005184032
0,29203,PUT,168761005103696
0,29203,GET,168761005184103
0,21790,PUT,168761005090976
0,21790,GET,168761005184253
0,22288,PUT,168761005134738
0,22288,GET,168761005184423
0,33553,PUT,168761005132162
0,33553,GET,168761005185766
0,22032,PUT,168761005127702
0,22032,GET,168761005184463
0,14096,PUT,168761005083128
0,14096,GET,168761005184614
0,15368,PUT,168761005097852
0,15368,GET,168761005184634
0,14090,PUT,168761005110762
0,14090,GET,168761005184584
0,18972,PUT,168761005135540
0,18972,GET,168761005184594
0,12314,PUT,168761005117478
0,12314,GET,168761005184604
0,19467,PUT,168761005134547
0,19467,GET,168761005184684
0,27675,PUT,168761005111745
0,27675,GET,168761005184794
0,33043,PUT,168761005128393
0,33043,GET,168761005184894
0,22550,PUT,168761005096289
0,22550,GET,168761005184894
0,14111,PUT,168761005103155
0,14111,GET,168761005185095
0,15624,PUT,168761005099035
0,15624,GET,168761005185155
0,33299,PUT,168761005129085
0,33299,GET,168761005185606
0,11782,PUT,168761005138627
0,11782,GET,168761005185195
0,14352,PUT,168761005083679
0,14352,GET,168761005185325
0,27931,PUT,168761005112847
0,27931,GET,168761005185225
0,30989,PUT,168761005135861
0,30989,GET,168761005185255
0,8469,PUT,168761005097742
0,8469,GET,168761005185295
0,22806,PUT,168761005097181
0,22806,GET,168761005185416
0,29440,PUT,168761005106292
0,29440,GET,168761005185706
0,28190,PUT,168761005111053
0,28190,GET,168761005185927
0,17439,PUT,168761005118520
0,17439,GET,168761005186137
0,29459,PUT,168761005104598
0,29459,GET,168761005185787
0,34327,PUT,168761005120324
0,34327,GET,168761005186107
0,19723,PUT,168761005136452
0,19723,GET,168761005185847
0,14874,PUT,168761005140391
0,14874,GET,168761005185857
0,23820,PUT,168761005124655
0,23820,GET,168761005185877
0,8725,PUT,168761005100057
0,8725,GET,168761005185997
0,29982,PUT,168761005124113
0,29982,GET,168761005186448
0,15900,PUT,168761005105670
0,15900,GET,168761005186207
0,19979,PUT,168761005137565
0,19979,GET,168761005186448
0,29696,PUT,168761005106753
0,29696,GET,168761005186318
0,23062,PUT,168761005097622
0,23062,GET,168761005186308
0,14608,PUT,168761005084682
0,14608,GET,168761005187150
0,28187,PUT,168761005113388
0,28187,GET,168761005186518
0,14346,PUT,168761005111283
0,14346,GET,168761005186448
0,15882,PUT,168761005129847
0,15882,GET,168761005186578
0,8981,PUT,168761005100669
0,8981,GET,168761005186548
0,20738,PUT,168761005113639
0,20738,GET,168761005186588
0,16156,PUT,168761005106663
0,16156,GET,168761005186659
0,17695,PUT,168761005119172
0,17695,GET,168761005186689
0,29952,PUT,168761005107845
0,29952,GET,168761005186759
0,29715,PUT,168761005105620
0,29715,GET,168761005186799
0,34583,PUT,168761005120986
0,34583,GET,168761005186859
0,25115,PUT,168761005101882
0,25115,GET,168761005187270
0,15880,PUT,168761005100849
0,15880,GET,168761005187069
0,14602,PUT,168761005112807
0,14602,GET,168761005186899
0,9237,PUT,168761005101120
0,9237,GET,168761005186999
0,18699,PUT,168761005124695
0,18699,GET,168761005187059
0,16412,PUT,168761005107104
0,16412,GET,168761005187090
0,31245,PUT,168761005138286
0,31245,GET,168761005187190
0,22046,PUT,168761005091969
0,22046,GET,168761005187100
0,26639,PUT,168761005115112
0,26639,GET,168761005187130
0,30208,PUT,168761005108758
0,30208,GET,168761005187190
0,8452,PUT,168761005104107
0,8452,GET,168761005187210
0,29979,PUT,168761005124073
0,29979,GET,168761005187210
0,14858,PUT,168761005113900
0,14858,GET,168761005187340
0,18955,PUT,168761005125637
0,18955,GET,168761005187571
0,15626,PUT,168761005123963
0,15626,GET,168761005187380
0,14864,PUT,168761005085123
0,14864,GET,168761005187721
0,16136,PUT,168761005101441
0,16136,GET,168761005187741
0,28443,PUT,168761005115513
0,28443,GET,168761005187621
0,24332,PUT,168761005139018
0,24332,GET,168761005188292
0,8708,PUT,168761005105340
0,8708,GET,168761005188062
0,33555,PUT,168761005130679
0,33555,GET,168761005188262
0,34309,PUT,168761005126920
0,34309,GET,168761005188042
0,28699,PUT,168761005116065
0,28699,GET,168761005188453
0,16408,PUT,168761005126489
0,16408,GET,168761005188042
0,16392,PUT,168761005102072
0,16392,GET,168761005188282
0,22302,PUT,168761005093432
0,22302,GET,168761005188202
0,15120,PUT,168761005085564
0,15120,GET,168761005188342
0,16648,PUT,168761005103205
0,16648,GET,168761005188513
0,8964,PUT,168761005106252
0,8964,GET,168761005188613
0,29971,PUT,168761005106061
0,29971,GET,168761005188483
0,31744,PUT,168761005122239
0,31744,GET,168761005188763
0,22558,PUT,168761005093983
0,22558,GET,168761005188653
0,30235,PUT,168761005124725
0,30235,GET,168761005188763
0,30464,PUT,168761005109670
0,30464,GET,168761005188783
0,32000,PUT,168761005122910
0,32000,GET,168761005189325
0,22814,PUT,168761005094434
0,22814,GET,168761005189355
0,9220,PUT,168761005107274
0,9220,GET,168761005189154
0,16904,PUT,168761005104367
0,16904,GET,168761005189575
0,15376,PUT,168761005086005
0,15376,GET,168761005189585
0,33811,PUT,168761005131380
0,33811,GET,168761005189455
0,30227,PUT,168761005106502
0,30227,GET,168761005189966
0,27407,PUT,168761005125867
0,27407,GET,168761005191700
0,9476,PUT,168761005108286
0,9476,GET,168761005189746
0,30720,PUT,168761005110111
0,30720,GET,168761005189796
0,27151,PUT,168761005123772
0,27151,GET,168761005190066
0,14367,PUT,168761005103596
0,14367,GET,168761005190648
0,17160,PUT,168761005104959
0,17160,GET,168761005190137
0,17416,PUT,168761005106593
0,17416,GET,168761005191229
0,15632,PUT,168761005088410
0,15632,GET,168761005190117
0,15130,PUT,168761005145874
0,15130,GET,168761005191590
0,9732,PUT,168761005109489
0,9732,GET,168761005190357
0,31001,PUT,168761005115593
0,31001,GET,168761005190317
0,17928,PUT,168761005108748
0,17928,GET,168761005192432
0,23070,PUT,168761005094875
0,23070,GET,168761005190918
0,33809,PUT,168761005132813
0,33809,GET,168761005191209
0,17680,PUT,168761005093302
0,17680,GET,168761005195309
0,9493,PUT,168761005102884
0,9493,GET,168761005191480
0,23326,PUT,168761005095326
0,23326,GET,168761005191590
0,30489,PUT,168761005102744
0,30489,GET,168761005191540
0,15888,PUT,168761005089493
0,15888,GET,168761005191129
0,15114,PUT,168761005114431
0,15114,GET,168761005191660
0,30483,PUT,168761005107004
0,30483,GET,168761005192081
0,30745,PUT,168761005103185
0,30745,GET,168761005192151
0,25371,PUT,168761005102323
0,25371,GET,168761005192161
0,16144,PUT,168761005089954
0,16144,GET,168761005192091
0,22530,PUT,168761005137344
0,22530,GET,168761005191730
0,17672,PUT,168761005108156
0,17672,GET,168761005191861
0,19484,PUT,168761005139248
0,19484,GET,168761005193003
0,18463,PUT,168761005126589
0,18463,GET,168761005192181
0,9749,PUT,168761005103325
0,9749,GET,168761005192412
0,9988,PUT,168761005110021
0,9988,GET,168761005192121
0,23582,PUT,168761005097301
0,23582,GET,168761005192211
0,14879,PUT,168761005104478
0,14879,GET,168761005194587
0,24094,PUT,168761005099406
0,24094,GET,168761005193244
0,17168,PUT,168761005091878
0,17168,GET,168761005194386
0,30217,PUT,168761005127742
0,30217,GET,168761005192602
0,19228,PUT,168761005138477
0,19228,GET,168761005192442
0,33561,PUT,168761005141664
0,33561,GET,168761005194888
0,16400,PUT,168761005090395
0,16400,GET,168761005192823
0,16394,PUT,168761005133696
0,16394,GET,168761005193384
0,16138,PUT,168761005132663
0,16138,GET,168761005192853
0,23838,PUT,168761005097852
0,23838,GET,168761005192883
0,8454,PUT,168761005105320
0,8454,GET,168761005192813
0,25627,PUT,168761005102764
0,25627,GET,168761005192893
0,14623,PUT,168761005104037
0,14623,GET,168761005193895
0,8710,PUT,168761005107795
0,8710,GET,168761005193284
0,10005,PUT,168761005103766
0,10005,GET,168761005193234
0,16660,PUT,168761005140181
0,16660,GET,168761005193304
0,10244,PUT,168761005110462
0,10244,GET,168761005193264
0,26139,PUT,168761005104698
0,26139,GET,168761005193966
0,16656,PUT,168761005090836
0,16656,GET,168761005193504
0,24350,PUT,168761005100308
0,24350,GET,168761005193545
0,25883,PUT,168761005104257
0,25883,GET,168761005193504
0,16916,PUT,168761005141053
0,16916,GET,168761005193655
0,10517,PUT,168761005109259
0,10517,GET,168761005194427
0,17936,PUT,168761005093743
0,17936,GET,168761005196121
0,18184,PUT,168761005110522
0,18184,GET,168761005194096
0,10261,PUT,168761005107174
0,10261,GET,168761005193905
0,24606,PUT,168761005101220
0,24606,GET,168761005193885
0,8966,PUT,168761005108347
0,8966,GET,168761005193815
0,26654,PUT,168761005105670
0,26654,GET,168761005199579
0,28958,PUT,168761005120685
0,28958,GET,168761005198155
0,16912,PUT,168761005091277
0,16912,GET,168761005194036
0,25118,PUT,168761005102102
0,25118,GET,168761005194607
0,24862,PUT,168761005101661
0,24862,GET,168761005194176
0,9222,PUT,168761005108888
0,9222,GET,168761005194246
0,10500,PUT,168761005110913
0,10500,GET,168761005194527
0,10773,PUT,168761005109800
0,10773,GET,168761005195329
0,25374,PUT,168761005102543
0,25374,GET,168761005195359
0,17424,PUT,168761005092831
0,17424,GET,168761005194828
0,16152,PUT,168761005116947
0,16152,GET,168761005197393
0,11797,PUT,168761005125517
0,11797,GET,168761005197845
0,18440,PUT,168761005111654
0,18440,GET,168761005194968
0,18192,PUT,168761005094184
0,18192,GET,168761005196782
0,10756,PUT,168761005111855
0,10756,GET,168761005195058
0,25886,PUT,168761005103435
0,25886,GET,168761005197223
0,15135,PUT,168761005104919
0,15135,GET,168761005195168
0,19216,PUT,168761005111815
0,19216,GET,168761005201092
0,25878,PUT,168761005124404
0,25878,GET,168761005195980
0,15647,PUT,168761005106723
0,15647,GET,168761005196401
0,11029,PUT,168761005112526
0,11029,GET,168761005195780
0,30976,PUT,168761005112176
0,30976,GET,168761005195499
0,16159,PUT,168761005108948
0,16159,GET,168761005197594
0,25630,PUT,168761005102994
0,25630,GET,168761005195890
0,26134,PUT,168761005125096
0,26134,GET,168761005196652
0,15391,PUT,168761005106282
0,15391,GET,168761005195619
0,26395,PUT,168761005105139
0,26395,GET,168761005196912
0,19211,PUT,168761005128413
0,19211,GET,168761005196371
0,31757,PUT,168761005147357
0,31757,GET,168761005211135
0,31232,PUT,168761005112917
0,31232,GET,168761005196752
0,15896,PUT,168761005116305
0,15896,GET,168761005196772
0,30491,PUT,168761005127932
0,30491,GET,168761005197424
0,15903,PUT,168761005107685
0,15903,GET,168761005197033
0,33297,PUT,168761005129135
0,33297,GET,168761005197083
0,24076,PUT,168761005132212
0,24076,GET,168761005198606
0,16415,PUT,168761005110852
0,16415,GET,168761005198536
0,20496,PUT,168761005120124
0,20496,GET,168761005197614
0,26398,PUT,168761005105219
0,26398,GET,168761005198616
0,18704,PUT,168761005109359
0,18704,GET,168761005199829
0,30747,PUT,168761005147899
0,30747,GET,168761005211296
0,18960,PUT,168761005110221
0,18960,GET,168761005200461
0,31006,PUT,168761005133325
0,31006,GET,168761005199188
0,26142,PUT,168761005104327
0,26142,GET,168761005197925
0,28957,PUT,168761005132362
0,28957,GET,168761005202606
0,16927,PUT,168761005112837
0,16927,GET,168761005202495
0,12053,PUT,168761005126278
0,12053,GET,168761005198747
0,18448,PUT,168761005095557
0,18448,GET,168761005198767
0,29214,PUT,168761005121497
0,29214,GET,168761005199057
0,31518,PUT,168761005147939
0,31518,GET,168761005212428
0,12309,PUT,168761005126820
0,12309,GET,168761005199488
0,10246,PUT,168761005114741
0,10246,GET,168761005203217
0,16671,PUT,168761005111945
0,16671,GET,168761005200110
0,19472,PUT,168761005112586
0,19472,GET,168761005201633
0,9990,PUT,168761005114080
0,9990,GET,168761005202325
0,12565,PUT,168761005127471
0,12565,GET,168761005200130
0,26910,PUT,168761005106212
0,26910,GET,168761005200330
0,18200,PUT,168761005147708
0,18200,GET,168761005212489
0,28701,PUT,168761005131601
0,28701,GET,168761005200761
0,22786,PUT,168761005147137
0,22786,GET,168761005211967
0,27166,PUT,168761005106763
0,27166,GET,168761005201323
0,34329,PUT,168761005152479
0,34329,GET,168761005213190
0,30995,PUT,168761005110712
0,30995,GET,168761005205172
0,27678,PUT,168761005107725
0,27678,GET,168761005202816
0,29714,PUT,168761005155737
0,29714,GET,168761005213341
0,20240,PUT,168761005116937
0,20240,GET,168761005206204
0,27422,PUT,168761005107204
0,27422,GET,168761005201954
0,17944,PUT,168761005146976
0,17944,GET,168761005211887
0,27934,PUT,168761005108176
0,27934,GET,168761005203377
0,19728,PUT,168761005115734
0,19728,GET,168761005203778
0,31774,PUT,168761005149793
0,31774,GET,168761005212268
0,35333,PUT,168761005148901
0,35333,GET,168761005210754
0,36887,PUT,168761005148420
0,36887,GET,168761005213150
0,29213,PUT,168761005132904
0,29213,GET,168761005203327
0,26902,PUT,168761005147708
0,26902,GET,168761005212689
0,19984,PUT,168761005116385
0,19984,GET,168761005205242
0,29197,PUT,168761005120114
0,29197,GET,168761005210033
0,29469,PUT,168761005133355
0,29469,GET,168761005204149
0,29458,PUT,168761005155065
0,29458,GET,168761005211286
0,30739,PUT,168761005109519
0,30739,GET,168761005204209
0,32525,PUT,168761005149111
0,32525,GET,168761005213561
0,31488,PUT,168761005119563
0,31488,GET,168761005208209
0,35589,PUT,168761005149562
0,35589,GET,168761005211566
0,40965,PUT,168761005183912
0,40965,GET,168761005212218
0,10502,PUT,168761005118470
0,10502,GET,168761005206966
0,17172,PUT,168761005148490
0,17172,GET,168761005210845
0,12804,PUT,168761005147417
0,12804,GET,168761005212649
0,23566,PUT,168761005149061
0,23566,GET,168761005213451
0,24840,PUT,168761005186218
0,24840,GET,168761005213020
0,20235,PUT,168761005147377
0,20235,GET,168761005210995
0,36631,PUT,168761005147748
0,36631,GET,168761005212669
0,29455,PUT,168761005152178
0,29455,GET,168761005212058
0,40709,PUT,168761005183291
0,40709,GET,168761005211185
0,18965,PUT,168761005184935
0,18965,GET,168761005211065
0,35845,PUT,168761005150916
0,35845,GET,168761005212729
0,29725,PUT,168761005149222
0,29725,GET,168761005211757
0,19221,PUT,168761005185586
0,19221,GET,168761005211767
0,32013,PUT,168761005148019
0,32013,GET,168761005211827
0,31003,PUT,168761005148690
0,31003,GET,168761005212198
0,19477,PUT,168761005186117
0,19477,GET,168761005212298
0,32269,PUT,168761005148560
0,32269,GET,168761005212378
0,29981,PUT,168761005149883
0,29981,GET,168761005212529
0,29711,PUT,168761005153451
0,29711,GET,168761005212789
0,32030,PUT,168761005151266
0,32030,GET,168761005212950
0,29967,PUT,168761005154364
0,29967,GET,168761005213240
0,23312,PUT,168761005148480
0,23312,GET,168761005213371
0,27158,PUT,168761005150084
0,27158,GET,168761005213531
0,25096,PUT,168761005187009
0,25096,GET,168761005213852
0,19733,PUT,168761005186558
0,19733,GET,168761005213932
0,34585,PUT,168761005153131
0,34585,GET,168761005213812
0,27414,PUT,168761005151517
0,27414,GET,168761005214172
0,32781,PUT,168761005150304
0,32781,GET,168761005214233
0,19989,PUT,168761005187641
0,19989,GET,168761005215085
0,27670,PUT,168761005152609
0,27670,GET,168761005214613
0,37143,PUT,168761005148861
0,37143,GET,168761005219064
0,27926,PUT,168761005154123
0,27926,GET,168761005215054
0,34305,PUT,168761005188443
0,34305,GET,168761005215636
0,28930,PUT,168761005188132
0,28930,GET,168761005216969
0,35602,PUT,168761005189074
0,35602,GET,168761005216448
0,35858,PUT,168761005189876
0,35858,GET,168761005217230
0,29186,PUT,168761005188804
0,29186,GET,168761005218061
0,36114,PUT,168761005191590
0,36114,GET,168761005217791
0,23306,PUT,168761005194918
0,23306,GET,168761005218442
0,29442,PUT,168761005190598
0,29442,GET,168761005218954
0,35087,PUT,168761005196181
0,35087,GET,168761005219665
0,34561,PUT,168761005191500
0,34561,GET,168761005219485
0,33037,PUT,168761005161490
0,33037,GET,168761005219806
0,37399,PUT,168761005156659
0,37399,GET,168761005219715
0,30237,PUT,168761005151727
0,30237,GET,168761005221670
0,33293,PUT,168761005162893
0,33293,GET,168761005220467
0,35343,PUT,168761005197373
0,35343,GET,168761005221109
0,23303,PUT,168761005147518
0,23303,GET,168761005221520
0,18952,PUT,168761005147447
0,18952,GET,168761005221720
0,35347,PUT,168761005157391
0,35347,GET,168761005221800
0,35329,PUT,168761005198737
0,35329,GET,168761005221991
0,34067,PUT,168761005148861
0,34067,GET,168761005222101
0,29191,PUT,168761005178379
0,29191,GET,168761005222261
0,29199,PUT,168761005150124
0,29199,GET,168761005222211
0,33024,PUT,168761005148249
0,33024,GET,168761005222311
0,35585,PUT,168761005199398
0,35585,GET,168761005222512
0,33549,PUT,168761005163876
0,33549,GET,168761005222382
0,30729,PUT,168761005148490
0,30729,GET,168761005222572
0,35603,PUT,168761005158052
0,35603,GET,168761005222402
0,23298,PUT,168761005152429
0,23298,GET,168761005222562
0,19208,PUT,168761005148259
0,19208,GET,168761005222522
0,34835,PUT,168761005152830
0,34835,GET,168761005222532
0,34841,PUT,168761005153682
0,34841,GET,168761005222813
0,23568,PUT,168761005149773
0,23568,GET,168761005222762
0,13060,PUT,168761005149272
0,13060,GET,168761005222702
0,36101,PUT,168761005151357
0,36101,GET,168761005222963
0,23822,PUT,168761005150625
0,23822,GET,168761005222853
0,34817,PUT,168761005192171
0,34817,GET,168761005223083
0,30223,PUT,168761005155246
0,30223,GET,168761005223003
0,19464,PUT,168761005148831
0,19464,GET,168761005222963
0,29447,PUT,168761005180604
0,29447,GET,168761005223043
0,23824,PUT,168761005151667
0,23824,GET,168761005223053
0,30493,PUT,168761005152359
0,30493,GET,168761005223073
0,19971,PUT,168761005146906
0,19971,GET,168761005223344
0,33280,PUT,168761005151898
0,33280,GET,168761005223394
0,12038,PUT,168761005147848
0,12038,GET,168761005223354
0,29703,PUT,168761005181066
0,29703,GET,168761005223364
0,23042,PUT,168761005149121
0,23042,GET,168761005223434
0,25091,PUT,168761005172315
0,25091,GET,168761005223394
0,28182,PUT,168761005154584
0,28182,GET,168761005224116
0,35097,PUT,168761005154123
0,35097,GET,168761005223504
0,18456,PUT,168761005149883
0,18456,GET,168761005223624
0,35091,PUT,168761005153471
0,35091,GET,168761005223644
0,23554,PUT,168761005153812
0,23554,GET,168761005223925
0,22298,PUT,168761005200420
0,22298,GET,168761005224116
0,29959,PUT,168761005181507
0,29959,GET,168761005224015
0,33536,PUT,168761005156188
0,33536,GET,168761005223945
0,30985,PUT,168761005150515
0,30985,GET,168761005224075
0,35353,PUT,168761005155316
0,35353,GET,168761005224005
0,29970,PUT,168761005156649
0,29970,GET,168761005224356
0,17930,PUT,168761005153261
0,17930,GET,168761005224176
0,20491,PUT,168761005154053
0,20491,GET,168761005224176
0,24080,PUT,168761005154504
0,24080,GET,168761005224196
0,30749,PUT,168761005152910
0,30749,GET,168761005224216
0,12294,PUT,168761005149823
0,12294,GET,168761005224496
0,33792,PUT,168761005156649
0,33792,GET,168761005224396
0,24336,PUT,168761005156098
0,24336,GET,168761005224436
0,36357,PUT,168761005152680
0,36357,GET,168761005224476
0,24078,PUT,168761005151116
0,24078,GET,168761005224436
0,35609,PUT,168761005155757
0,35609,GET,168761005224516
0,35859,PUT,168761005158493
0,35859,GET,168761005224537
0,43287,PUT,168761005182028
0,43287,GET,168761005224557
0,31241,PUT,168761005151316
0,31241,GET,168761005224667
0,19720,PUT,168761005149532
0,19720,GET,168761005224817
0,24592,PUT,168761005156649
0,24592,GET,168761005224707
0,18186,PUT,168761005153902
0,18186,GET,168761005224837
0,28438,PUT,168761005155025
0,28438,GET,168761005224747
0,14869,PUT,168761005156078
0,14869,GET,168761005224757
0,21530,PUT,168761005193925
0,21530,GET,168761005224817
0,24334,PUT,168761005151557
0,24334,GET,168761005224897
0,30479,PUT,168761005155687
0,30479,GET,168761005224937
0,12550,PUT,168761005150374
0,12550,GET,168761005225178
0,30226,PUT,168761005157100
0,30226,GET,168761005224998
0,28946,PUT,168761005149292
0,28946,GET,168761005225248
0,36115,PUT,168761005159576
0,36115,GET,168761005225088
0,36613,PUT,168761005153692
0,36613,GET,168761005225108
0,43543,PUT,168761005182719
0,43543,GET,168761005225098
0,35865,PUT,168761005156198
0,35865,GET,168761005225138
0,24848,PUT,168761005168657
0,24848,GET,168761005225158
0,31005,PUT,168761005153461
0,31005,GET,168761005225298
0,18442,PUT,168761005155055
0,18442,GET,168761005225559
0,15125,PUT,168761005156749
0,15125,GET,168761005225419
0,33817,PUT,168761005149482
0,33817,GET,168761005225449
0,30482,PUT,168761005157761
0,30482,GET,168761005225439
0,34321,PUT,168761005148390
0,34321,GET,168761005226782
0,19976,PUT,168761005151276
0,19976,GET,168761005225479
0,34048,PUT,168761005159165
0,34048,GET,168761005225509
0,29698,PUT,168761005194838
0,29698,GET,168761005225509
0,31497,PUT,168761005151978
0,31497,GET,168761005225749
0,36869,PUT,168761005155576
0,36869,GET,168761005225759
0,30735,PUT,168761005156138
0,30735,GET,168761005225830
0,15381,PUT,168761005158122
0,15381,GET,168761005225940
0,30738,PUT,168761005159566
0,30738,GET,168761005225870
0,24590,PUT,168761005151998
0,24590,GET,168761005225910
0,20232,PUT,168761005152589
0,20232,GET,168761005225910
0,34304,PUT,168761005159726
0,34304,GET,168761005226030
0,31753,PUT,168761005153151
0,31753,GET,168761005226130
0,33805,PUT,168761005164768
0,33805,GET,168761005226070
0,35841,PUT,168761005202656
0,35841,GET,168761005226060
0,23810,PUT,168761005154895
0,23810,GET,168761005226060
0,21786,PUT,168761005195659
0,21786,GET,168761005226331
0,36371,PUT,168761005160117
0,36371,GET,168761005226070
0,20747,PUT,168761005157310
0,20747,GET,168761005226130
0,25104,PUT,168761005169679
0,25104,GET,168761005226261
0,34323,PUT,168761005151336
0,34323,GET,168761005226942
0,30991,PUT,168761005158102
0,30991,GET,168761005226281
0,32009,PUT,168761005154885
0,32009,GET,168761005226461
0,43799,PUT,168761005183271
0,43799,GET,168761005226321
0,19740,PUT,168761005147297
0,19740,GET,168761005226391
0,20488,PUT,168761005153822
0,20488,GET,168761005226351
0,34073,PUT,168761005150234
0,34073,GET,168761005226441
0,36121,PUT,168761005157671
0,36121,GET,168761005226471
0,15637,PUT,168761005158653
0,15637,GET,168761005226471
0,25347,PUT,168761005173658
0,25347,GET,168761005226511
0,12806,PUT,168761005151377
0,12806,GET,168761005226661
0,15386,PUT,168761005150174
0,15386,GET,168761005226591
0,34061,PUT,168761005166642
0,34061,GET,168761005226621
0,24066,PUT,168761005155546
0,24066,GET,168761005226792
0,31247,PUT,168761005159084
0,31247,GET,168761005226722
0,36097,PUT,168761005203337
0,36097,GET,168761005226742
0,31261,PUT,168761005153993
0,31261,GET,168761005226782
0,20744,PUT,168761005154464
0,20744,GET,168761005226782
0,21003,PUT,168761005157942
0,21003,GET,168761005226942
0,30994,PUT,168761005161410
0,30994,GET,168761005226852
0,24846,PUT,168761005153301
0,24846,GET,168761005226922
0,34560,PUT,168761005160257
0,34560,GET,168761005226922
0,36377,PUT,168761005158212
0,36377,GET,168761005226992
0,36627,PUT,168761005160558
0,36627,GET,168761005226972
0,22042,PUT,168761005196331
0,22042,GET,168761005227163
0,29202,PUT,168761005151016
0,29202,GET,168761005227123
0,31503,PUT,168761005160598
0,31503,GET,168761005227153
0,27915,PUT,168761005204129
0,27915,GET,168761005227173
0,25603,PUT,168761005174119
0,25603,GET,168761005227443
0,21000,PUT,168761005155677
0,21000,GET,168761005227223
0,37125,PUT,168761005156158
0,37125,GET,168761005227263
0,25360,PUT,168761005170571
0,25360,GET,168761005227263
0,31517,PUT,168761005156669
0,31517,GET,168761005227323
0,34816,PUT,168761005162051
0,34816,GET,168761005227363
0,36883,PUT,168761005163344
0,36883,GET,168761005227413
0,25102,PUT,168761005153742
0,25102,GET,168761005227443
0,36633,PUT,168761005159215
0,36633,GET,168761005227493
0,34317,PUT,168761005168075
0,34317,GET,168761005227533
0,18712,PUT,168761005163384
0,18712,GET,168761005227734
0,13062,PUT,168761005151928
0,13062,GET,168761005227714
0,25616,PUT,168761005171032
0,25616,GET,168761005227714
0,19716,PUT,168761005197203
0,19716,GET,168761005227764
0,35072,PUT,168761005163364
0,35072,GET,168761005227794
0,28694,PUT,168761005157360
0,28694,GET,168761005227794
0,32265,PUT,168761005155326
0,32265,GET,168761005227834
0,31250,PUT,168761005162021
0,31250,GET,168761005227844
0,17428,PUT,168761005150795
0,17428,GET,168761005227874
0,25859,PUT,168761005174560
0,25859,GET,168761005228165
0,36889,PUT,168761005159756
0,36889,GET,168761005228005
0,13589,PUT,168761005148620
0,13589,GET,168761005227995
0,31759,PUT,168761005161049
0,31759,GET,168761005228045
0,34573,PUT,168761005168967
0,34573,GET,168761005228055
0,30215,PUT,168761005183822
0,30215,GET,168761005228145
0,25872,PUT,168761005171934
0,25872,GET,168761005228145
0,28171,PUT,168761005204831
0,28171,GET,168761005228265
0,31506,PUT,168761005163374
0,31506,GET,168761005228275
0,28950,PUT,168761005157992
0,28950,GET,168761005228315
0,21256,PUT,168761005156799
0,21256,GET,168761005228315
0,24322,PUT,168761005155987
0,24322,GET,168761005228325
0,25358,PUT,168761005155105
0,25358,GET,168761005228335
0,21259,PUT,168761005160347
0,21259,GET,168761005228426
0,17684,PUT,168761005151457
0,17684,GET,168761005228556
0,14357,PUT,168761005152559
0,14357,GET,168761005229799
0,37145,PUT,168761005160758
0,37145,GET,168761005228516
0,34829,PUT,168761005169429
0,34829,GET,168761005228486
0,15642,PUT,168761005157020
0,15642,GET,168761005228686
0,31762,PUT,168761005164367
0,31762,GET,168761005228716
0,26115,PUT,168761005175001
0,26115,GET,168761005228826
0,21512,PUT,168761005157391
0,21512,GET,168761005228756
0,34579,PUT,168761005151898
0,34579,GET,168761005228776
0,38153,PUT,168761005205442
0,38153,GET,168761005228786
0,31773,PUT,168761005157130
0,31773,GET,168761005228867
0,35085,PUT,168761005169870
0,35085,GET,168761005228927
0,32018,PUT,168761005165690
0,32018,GET,168761005229147
0,35328,PUT,168761005164778
0,35328,GET,168761005229167
0,14101,PUT,168761005151968
0,14101,GET,168761005229267
0,32521,PUT,168761005155767
0,32521,GET,168761005229187
0,13316,PUT,168761005152339
0,13316,GET,168761005229227
0,25614,PUT,168761005156128
0,25614,GET,168761005229227
0,26371,PUT,168761005175442
0,26371,GET,168761005229358
0,18968,PUT,168761005164327
0,18968,GET,168761005229298
0,32029,PUT,168761005158142
0,32029,GET,168761005229308
0,37139,PUT,168761005166632
0,37139,GET,168761005229318
0,21515,PUT,168761005161239
0,21515,GET,168761005229338
0,35341,PUT,168761005170852
0,35341,GET,168761005229358
0,29206,PUT,168761005159235
0,29206,GET,168761005229388
0,38409,PUT,168761005206084
0,38409,GET,168761005229458
0,32274,PUT,168761005166161
0,32274,GET,168761005229578
0,32777,PUT,168761005156208
0,32777,GET,168761005229648
0,25870,PUT,168761005157040
0,25870,GET,168761005229658
0,35584,PUT,168761005165239
0,35584,GET,168761005229789
0,24578,PUT,168761005156960
0,24578,GET,168761005229749
0,32285,PUT,168761005158583
0,32285,GET,168761005229739
0,37395,PUT,168761005174149
0,37395,GET,168761005229769
0,35597,PUT,168761005171293
0,35597,GET,168761005229789
0,26627,PUT,168761005175974
0,26627,GET,168761005229899
0,13572,PUT,168761005153000
0,13572,GET,168761005229899
0,34577,PUT,168761005149051
0,34577,GET,168761005229859
0,19972,PUT,168761005198015
0,19972,GET,168761005229899
0,27649,PUT,168761005148610
0,27649,GET,168761005230310
0,44055,PUT,168761005184904
0,44055,GET,168761005229929
0,26883,PUT,168761005178520
0,26883,GET,168761005230370
0,19996,PUT,168761005149202
0,19996,GET,168761005230009
0,32530,PUT,168761005166712
0,32530,GET,168761005230009
0,32541,PUT,168761005159024
0,32541,GET,168761005230170
0,19224,PUT,168761005166291
0,19224,GET,168761005230190
0,37401,PUT,168761005168366
0,37401,GET,168761005230310
0,35840,PUT,168761005165680
0,35840,GET,168761005230310
0,29462,PUT,168761005159766
0,29462,GET,168761005230380
0,13828,PUT,168761005154003
0,13828,GET,168761005230510
0,27139,PUT,168761005179492
0,27139,GET,168761005231423
0,40205,PUT,168761005206765
0,40205,GET,168761005230450
0,35853,PUT,168761005171734
0,35853,GET,168761005231002
0,34833,PUT,168761005149592
0,34833,GET,168761005230530
0,20228,PUT,168761005199318
0,20228,GET,168761005230530
0,26126,PUT,168761005157481
0,26126,GET,168761005230550
0,24834,PUT,168761005157531
0,24834,GET,168761005230641
0,19480,PUT,168761005166732
0,19480,GET,168761005230641
0,37651,PUT,168761005182689
0,37651,GET,168761005230661
0,26128,PUT,168761005172385
0,26128,GET,168761005230841
0,37657,PUT,168761005169238
0,37657,GET,168761005230881
0,27905,PUT,168761005149392
0,27905,GET,168761005230901
0,29718,PUT,168761005161219
0,29718,GET,168761005230941
0,39949,PUT,168761005199849
0,39949,GET,168761005230961
0,26382,PUT,168761005157922
0,26382,GET,168761005230992
0,21768,PUT,168761005158443
0,21768,GET,168761005231012
0,14084,PUT,168761005154444
0,14084,GET,168761005231142
0,32797,PUT,168761005161781
0,32797,GET,168761005231062
0,25090,PUT,168761005158523
0,25090,GET,168761005231092
0,13845,PUT,168761005150254
0,13845,GET,168761005231092
0,37907,PUT,168761005183351
0,37907,GET,168761005231102
0,36096,PUT,168761005166572
0,36096,GET,168761005231292
0,36109,PUT,168761005172185
0,36109,GET,168761005231463
0,37913,PUT,168761005169679
0,37913,GET,168761005231543
0,17940,PUT,168761005153321
0,17940,GET,168761005231543
0,16650,PUT,168761005147137
0,16650,GET,168761005232044
0,32786,PUT,168761005167243
0,32786,GET,168761005231483
0,29974,PUT,168761005162232
0,29974,GET,168761005231523
0,25346,PUT,168761005159415
0,25346,GET,168761005231523
0,22024,PUT,168761005162021
0,22024,GET,168761005231563
0,33053,PUT,168761005170250
0,33053,GET,168761005231623
0,20484,PUT,168761005200491
0,20484,GET,168761005231633
0,35089,PUT,168761005150033
0,35089,GET,168761005231683
0,30230,PUT,168761005162763
0,30230,GET,168761005231924
0,25602,PUT,168761005160869
0,25602,GET,168761005231954
0,15898,PUT,168761005159856
0,15898,GET,168761005231974
0,36365,PUT,168761005173077
0,36365,GET,168761005231994
0,26638,PUT,168761005158363
0,26638,GET,168761005232014
0,27395,PUT,168761005180394
0,27395,GET,168761005232144
0,38169,PUT,168761005170120
0,38169,GET,168761005232064
0,33309,PUT,168761005170872
0,33309,GET,168761005232054
0,14613,PUT,168761005153642
0,14613,GET,168761005232084
0,38163,PUT,168761005185797
0,38163,GET,168761005232084
0,28161,PUT,168761005149943
0,28161,GET,168761005232094
0,22280,PUT,168761005163154
0,22280,GET,168761005232094
0,19736,PUT,168761005167634
0,19736,GET,168761005232134
0,13318,PUT,168761005153291
0,13318,GET,168761005232154
0,25864,PUT,168761005201272
0,25864,GET,168761005232144
0,35345,PUT,168761005151347
0,35345,GET,168761005232234
0,36352,PUT,168761005167464
0,36352,GET,168761005232274
0,26384,PUT,168761005172826
0,26384,GET,168761005232274
0,37381,PUT,168761005164166
0,37381,GET,168761005232395
0,26894,PUT,168761005158804
0,26894,GET,168761005232445
0,18196,PUT,168761005153922
0,18196,GET,168761005232515
0,38419,PUT,168761005187090
0,38419,GET,168761005232525
0,28417,PUT,168761005151888
0,28417,GET,168761005232525
0,38425,PUT,168761005170561
0,38425,GET,168761005232575
0,35601,PUT,168761005151888
0,35601,GET,168761005232665
0,16906,PUT,168761005147788
0,16906,GET,168761005232726
0,27150,PUT,168761005160347
0,27150,GET,168761005232876
0,14340,PUT,168761005156418
0,14340,GET,168761005232906
0,38675,PUT,168761005188082
0,38675,GET,168761005232956
0,19992,PUT,168761005171453
0,19992,GET,168761005233026
0,22536,PUT,168761005164297
0,22536,GET,168761005233106
0,35857,PUT,168761005153441
0,35857,GET,168761005233116
0,30486,PUT,168761005164908
0,30486,GET,168761005233126
0,26640,PUT,168761005173267
0,26640,GET,168761005233177
0,18698,PUT,168761005169609
0,18698,GET,168761005233197
0,36608,PUT,168761005168456
0,36608,GET,168761005233267
0,25858,PUT,168761005161400
0,25858,GET,168761005233327
0,38931,PUT,168761005189545
0,38931,GET,168761005233387
0,27651,PUT,168761005181827
0,27651,GET,168761005233447
0,16154,PUT,168761005160327
0,16154,GET,168761005233467
0,28673,PUT,168761005152429
0,28673,GET,168761005233517
0,30742,PUT,168761005165560
0,30742,GET,168761005233598
0,13574,PUT,168761005153832
0,13574,GET,168761005233678
0,36864,PUT,168761005169128
0,36864,GET,168761005233718
0,36621,PUT,168761005173518
0,36621,GET,168761005233798
0,26114,PUT,168761005162292
0,26114,GET,168761005233768
0,38681,PUT,168761005171744
0,38681,GET,168761005233778
0,23050,PUT,168761005190137
0,23050,GET,168761005233828
0,18954,PUT,168761005170451
0,18954,GET,168761005233858
0,27406,PUT,168761005162873
0,27406,GET,168761005233878
0,14596,PUT,168761005158172
0,14596,GET,168761005233918
0,17162,PUT,168761005149342
0,17162,GET,168761005234009
0,22792,PUT,168761005164808
0,22792,GET,168761005234099
0,36113,PUT,168761005154333
0,36113,GET,168761005234119
0,38937,PUT,168761005173538
0,38937,GET,168761005234289
0,19210,PUT,168761005170992
0,19210,GET,168761005234299
0,27907,PUT,168761005183000
0,27907,GET,168761005234339
0,14852,PUT,168761005159064
0,14852,GET,168761005234349
0,25624,PUT,168761005191500
0,25624,GET,168761005234429
0,36369,PUT,168761005155697
0,36369,GET,168761005234670
0,13830,PUT,168761005154925
0,13830,GET,168761005234680
0,37120,PUT,168761005170020
0,37120,GET,168761005234700
0,39193,PUT,168761005173999
0,39193,GET,168761005234790
0,15108,PUT,168761005160388
0,15108,GET,168761005234790
0,36877,PUT,168761005173959
0,36877,GET,168761005234790
0,18452,PUT,168761005155456
0,18452,GET,168761005234860
0,27662,PUT,168761005164627
0,27662,GET,168761005234881
0,20230,PUT,168761005192181
0,20230,GET,168761005234961
0,21771,PUT,168761005161701
0,21771,GET,168761005235221
0,14086,PUT,168761005155366
0,14086,GET,168761005235131
0,19466,PUT,168761005172526
0,19466,GET,168761005235191
0,36625,PUT,168761005156158
0,36625,GET,168761005235201
0,37133,PUT,168761005174400
0,37133,GET,168761005235241
0,39449,PUT,168761005174440
0,39449,GET,168761005235291
0,26370,PUT,168761005162843
0,26370,GET,168761005235322
0,20227,PUT,168761005157130
0,20227,GET,168761005235322
0,27918,PUT,168761005165088
0,27918,GET,168761005235322
0,17418,PUT,168761005150064
0,17418,GET,168761005235472
0,33565,PUT,168761005171403
0,33565,GET,168761005235833
0,28929,PUT,168761005153922
0,28929,GET,168761005235552
0,14342,PUT,168761005157601
0,14342,GET,168761005235572
0,23048,PUT,168761005165319
0,23048,GET,168761005235592
0,19722,PUT,168761005173077
0,19722,GET,168761005235622
0,36881,PUT,168761005156599
0,36881,GET,168761005235642
0,40209,PUT,168761005177347
0,40209,GET,168761005235682
0,16410,PUT,168761005160939
0,16410,GET,168761005235692
0,26626,PUT,168761005164206
0,26626,GET,168761005235853
0,22027,PUT,168761005162142
0,22027,GET,168761005235913
0,28163,PUT,168761005183892
0,28163,GET,168761005235923
0,14598,PUT,168761005158052
0,14598,GET,168761005236003
0,23304,PUT,168761005165820
0,23304,GET,168761005236023
0,26896,PUT,168761005174621
0,26896,GET,168761005236033
0,20248,PUT,168761005171914
0,20248,GET,168761005236023
0,19978,PUT,168761005175032
0,19978,GET,168761005236063
0,23316,PUT,168761005193083
0,23316,GET,168761005236073
0,16666,PUT,168761005161470
0,16666,GET,168761005236143
0,28174,PUT,168761005165529
0,28174,GET,168761005236214
0,33821,PUT,168761005172446
0,33821,GET,168761005236404
0,37637,PUT,168761005166111
0,37637,GET,168761005236224
0,26882,PUT,168761005164647
0,26882,GET,168761005236284
0,15893,PUT,168761005159185
0,15893,GET,168761005236344
0,22283,PUT,168761005163505
0,22283,GET,168761005236474
0,17674,PUT,168761005150665
0,17674,GET,168761005236364
0,28419,PUT,168761005184353
0,28419,GET,168761005236374
0,23815,PUT,168761005152349
0,23815,GET,168761005237757
0,32015,PUT,168761005164908
0,32015,GET,168761005236384
0,20483,PUT,168761005157882
0,20483,GET,168761005236404
0,20234,PUT,168761005176355
0,20234,GET,168761005236494
0,16922,PUT,168761005161911
0,16922,GET,168761005236574
0,15364,PUT,168761005160849
0,15364,GET,168761005236595
0,28430,PUT,168761005167063
0,28430,GET,168761005236645
0,40465,PUT,168761005179763
0,40465,GET,168761005236665
0,37893,PUT,168761005166732
0,37893,GET,168761005236775
0,28675,PUT,168761005185887
0,28675,GET,168761005236805
0,16149,PUT,168761005159626
0,16149,GET,168761005236825
0,29185,PUT,168761005154955
0,29185,GET,168761005236875
0,23560,PUT,168761005166863
0,23560,GET,168761005236915
0,39705,PUT,168761005175442
0,39705,GET,168761005236985
0,14854,PUT,168761005159836
0,14854,GET,168761005236995
0,37137,PUT,168761005160999
0,37137,GET,168761005237015
0,27152,PUT,168761005175062
0,27152,GET,168761005237046
0,33036,PUT,168761005195138
0,33036,GET,168761005237176
0,22539,PUT,168761005163956
0,22539,GET,168761005237136
0,31254,PUT,168761005173839
0,31254,GET,168761005237176
0,40721,PUT,168761005180775
0,40721,GET,168761005237186
0,30998,PUT,168761005167394
0,30998,GET,168761005237206
0,28931,PUT,168761005186779
0,28931,GET,168761005237246
0,29441,PUT,168761005155877
0,29441,GET,168761005237326
0,23559,PUT,168761005151687
0,23559,GET,168761005237356
0,15110,PUT,168761005161280
0,15110,GET,168761005237436
0,34077,PUT,168761005173338
0,34077,GET,168761005237587
0,37393,PUT,168761005167725
0,37393,GET,168761005237547
0,27408,PUT,168761005175954
0,27408,GET,168761005237697
0,40977,PUT,168761005181236
0,40977,GET,168761005237617
0,28686,PUT,168761005167504
0,28686,GET,168761005237637
0,31510,PUT,168761005175332
0,31510,GET,168761005237697
0,23572,PUT,168761005197003
0,23572,GET,168761005237747
0,20739,PUT,168761005158323
0,20739,GET,168761005237757
0,15366,PUT,168761005161841
0,15366,GET,168761005237877
0,32271,PUT,168761005166863
0,32271,GET,168761005237908
0,17178,PUT,168761005162352
0,17178,GET,168761005237948
0,33042,PUT,168761005177497
0,33042,GET,168761005237958
0,41233,PUT,168761005181677
0,41233,GET,168761005238058
0,28942,PUT,168761005177287
0,28942,GET,168761005238068
0,39961,PUT,168761005175884
0,39961,GET,168761005238118
0,27147,PUT,168761005197784
0,27147,GET,168761005238178
0,38149,PUT,168761005168697
0,38149,GET,168761005238198
0,34333,PUT,168761005174701
0,34333,GET,168761005238208
0,44311,PUT,168761005185556
0,44311,GET,168761005238308
0,20252,PUT,168761005150785
0,20252,GET,168761005238399
0,15622,PUT,168761005162282
0,15622,GET,168761005238308
0,16405,PUT,168761005160999
0,16405,GET,168761005238359
0,32527,PUT,168761005168627
0,32527,GET,168761005238359
0,20490,PUT,168761005178008
0,20490,GET,168761005238399
0,41489,PUT,168761005182118
0,41489,GET,168761005238489
0,29198,PUT,168761005179201
0,29198,GET,168761005238499
0,27138,PUT,168761005179001
0,27138,GET,168761005238689
0,40217,PUT,168761005176325
0,40217,GET,168761005238609
0,29187,PUT,168761005187911
0,29187,GET,168761005238609
0,20995,PUT,168761005158764
0,20995,GET,168761005238649
0,29697,PUT,168761005156899
0,29697,GET,168761005238669
0,38405,PUT,168761005170000
0,38405,GET,168761005238729
0,32783,PUT,168761005169078
0,32783,GET,168761005238790
0,16661,PUT,168761005161911
0,16661,GET,168761005238810
0,20746,PUT,168761005179281
0,20746,GET,168761005238830
0,25867,PUT,168761005188954
0,25867,GET,168761005239040
0,20508,PUT,168761005152439
0,20508,GET,168761005239050
0,37649,PUT,168761005168496
0,37649,GET,168761005239090
0,21251,PUT,168761005160007
0,21251,GET,168761005239110
0,27394,PUT,168761005179732
0,27394,GET,168761005239120
0,38661,PUT,168761005171553
0,38661,GET,168761005239170
0,40473,PUT,168761005177217
0,40473,GET,168761005239221
0,15878,PUT,168761005162723
0,15878,GET,168761005239201
0,27403,PUT,168761005198446
0,27403,GET,168761005239211
0,16917,PUT,168761005163254
0,16917,GET,168761005239241
0,21002,PUT,168761005179823
0,21002,GET,168761005239261
0,40461,PUT,168761005207427
0,40461,GET,168761005239401
0,44567,PUT,168761005186238
0,44567,GET,168761005239371
0,41745,PUT,168761005182559
0,41745,GET,168761005239381
0,33033,PUT,168761005168156
0,33033,GET,168761005239531
0,34589,PUT,168761005175162
0,34589,GET,168761005239652
0,17173,PUT,168761005164577
0,17173,GET,168761005239682
0,33039,PUT,168761005176655
0,33039,GET,168761005239682
0,27664,PUT,168761005176395
0,27664,GET,168761005239692
0,24071,PUT,168761005155256
0,24071,GET,168761005239732
0,38917,PUT,168761005172095
0,38917,GET,168761005239732
0,21258,PUT,168761005180264
0,21258,GET,168761005239792
0,30471,PUT,168761005187120
0,30471,GET,168761005239822
0,29454,PUT,168761005181196
0,29454,GET,168761005239872
0,37905,PUT,168761005168937
0,37905,GET,168761005240012
0,28427,PUT,168761005209662
0,28427,GET,168761005240033
0,26123,PUT,168761005190918
0,26123,GET,168761005240053
0,34845,PUT,168761005175603
0,34845,GET,168761005240103
0,17429,PUT,168761005165038
0,17429,GET,168761005240113
0,27920,PUT,168761005176836
0,27920,GET,168761005240143
0,39173,PUT,168761005173227
0,39173,GET,168761005240173
0,29710,PUT,168761005181657
0,29710,GET,168761005240303
0,38161,PUT,168761005169980
0,38161,GET,168761005240443
0,27650,PUT,168761005180284
0,27650,GET,168761005240484
0,28683,PUT,168761005210303
0,28683,GET,168761005240514
0,26379,PUT,168761005191570
0,26379,GET,168761005240574
0,35357,PUT,168761005180354
0,35357,GET,168761005240574
0,33289,PUT,168761005168767
0,33289,GET,168761005240604
0,20764,PUT,168761005153000
0,20764,GET,168761005240644
0,32524,PUT,168761005182268
0,32524,GET,168761005240734
0,42001,PUT,168761005183120
0,42001,GET,168761005240744
0,33038,PUT,168761005212829
0,33038,GET,168761005240945
0,26635,PUT,168761005192703
0,26635,GET,168761005241005
0,33545,PUT,168761005170311
0,33545,GET,168761005241055
0,24327,PUT,168761005157000
0,24327,GET,168761005241085
0,21020,PUT,168761005153441
0,21020,GET,168761005241105
0,37389,PUT,168761005183762
0,37389,GET,168761005241095
0,27659,PUT,168761005199087
0,27659,GET,168761005241205
0,30727,PUT,168761005187871
0,30727,GET,168761005241205
0,29966,PUT,168761005182980
0,29966,GET,168761005241195
0,40729,PUT,168761005178109
0,40729,GET,168761005241436
0,29953,PUT,168761005157822
0,29953,GET,168761005241426
0,15620,PUT,168761005161290
0,15620,GET,168761005241466
0,40717,PUT,168761005213872
0,40717,GET,168761005241536
0,17685,PUT,168761005165479
0,17685,GET,168761005241576
0,23060,PUT,168761005188593
0,23060,GET,168761005241666
0,38417,PUT,168761005170421
0,38417,GET,168761005241817
0,30209,PUT,168761005158754
0,30209,GET,168761005241877
0,32519,PUT,168761005203207
0,32519,GET,168761005241957
0,40985,PUT,168761005182489
0,40985,GET,168761005241947
0,17434,PUT,168761005162793
0,17434,GET,168761005241957
0,29955,PUT,168761005214714
0,29955,GET,168761005241967
0,33801,PUT,168761005172726
0,33801,GET,168761005241977
0,24583,PUT,168761005157982
0,24583,GET,168761005241977
0,15876,PUT,168761005162182
0,15876,GET,168761005241997
0,42257,PUT,168761005184433
0,42257,GET,168761005242097
0,30465,PUT,168761005159285
0,30465,GET,168761005242308
0,37376,PUT,168761005178480
0,37376,GET,168761005242448
0,33295,PUT,168761005180264
0,33295,GET,168761005242378
0,38673,PUT,168761005171784
0,38673,GET,168761005242368
0,34057,PUT,168761005173177
0,34057,GET,168761005242408
0,17690,PUT,168761005163695
0,17690,GET,168761005242408
0,41241,PUT,168761005184564
0,41241,GET,168761005242458
0,17941,PUT,168761005165920
0,17941,GET,168761005242488
0,24586,PUT,168761005215576
0,24586,GET,168761005242669
0,30721,PUT,168761005159726
0,30721,GET,168761005242739
0,38929,PUT,168761005172225
0,38929,GET,168761005242809
0,17946,PUT,168761005164156
0,17946,GET,168761005242839
0,21276,PUT,168761005154995
0,21276,GET,168761005242929
0,18197,PUT,168761005166361
0,18197,GET,168761005242919
0,41497,PUT,168761005185135
0,41497,GET,168761005242969
0,39429,PUT,168761005174230
0,39429,GET,168761005242959
0,20998,PUT,168761005203959
0,20998,GET,168761005242979
0,42513,PUT,168761005185075
0,42513,GET,168761005242989
0,37632,PUT,168761005179261
0,37632,GET,168761005243029
0,30977,PUT,168761005160297
0,30977,GET,168761005243160
0,22795,PUT,168761005172486
0,22795,GET,168761005243380
0,26891,PUT,168761005193825
0,26891,GET,168761005243270
0,33551,PUT,168761005181938
0,33551,GET,168761005243270
0,18202,PUT,168761005164597
0,18202,GET,168761005243270
0,20504,PUT,168761005172355
0,20504,GET,168761005243370
0,16132,PUT,168761005163976
0,16132,GET,168761005243350
0,21532,PUT,168761005155907
0,21532,GET,168761005243380
0,24839,PUT,168761005158443
0,24839,GET,168761005243410
0,43289,PUT,168761005199969
0,43289,GET,168761005243430
0,37655,PUT,168761005158152
0,37655,GET,168761005243861
0,37645,PUT,168761005184604
0,37645,GET,168761005243450
0,30983,PUT,168761005189385
0,30983,GET,168761005243601
0,37406,PUT,168761005196020
0,37406,GET,168761005243721
0,33807,PUT,168761005182489
0,33807,GET,168761005243731
0,28939,PUT,168761005216368
0,28939,GET,168761005243801
0,18453,PUT,168761005167263
0,18453,GET,168761005243811
0,25095,PUT,168761005158884
0,25095,GET,168761005243861
0,23051,PUT,168761005173027
0,23051,GET,168761005244032
0,31239,PUT,168761005190698
0,31239,GET,168761005244062
0,34313,PUT,168761005173618
0,34313,GET,168761005244232
0,19220,PUT,168761005172536
0,19220,GET,168761005244242
0,18436,PUT,168761005175011
0,18436,GET,168761005244393
0,37911,PUT,168761005159515
0,37911,GET,168761005244403
0,23307,PUT,168761005174601
0,23307,GET,168761005244473
0,31233,PUT,168761005160839
0,31233,GET,168761005244533
0,39185,PUT,168761005174019
0,39185,GET,168761005244623
0,30466,PUT,168761005217761
0,30466,GET,168761005244713
0,34063,PUT,168761005182930
0,34063,GET,168761005244733
0,25351,PUT,168761005160899
0,25351,GET,168761005244774
0,41221,PUT,168761005186919
0,41221,GET,168761005244794
0,25607,PUT,168761005161370
0,25607,GET,168761005245104
0,38167,PUT,168761005161400
0,38167,GET,168761005244834
0,23563,PUT,168761005176385
0,23563,GET,168761005244904
0,21254,PUT,168761005204690
0,21254,GET,168761005244914
0,31489,PUT,168761005163324
0,31489,GET,168761005244964
0,39685,PUT,168761005177567
0,39685,GET,168761005245074
0,16388,PUT,168761005164437
0,16388,GET,168761005245134
0,41753,PUT,168761005186258
0,41753,GET,168761005245164
0,34319,PUT,168761005183371
0,34319,GET,168761005245164
0,39441,PUT,168761005174480
0,39441,GET,168761005245174
0,23819,PUT,168761005177277
0,23819,GET,168761005245816
0,37662,PUT,168761005197043
0,37662,GET,168761005245215
0,23816,PUT,168761005167384
0,23816,GET,168761005245335
0,19476,PUT,168761005173618
0,19476,GET,168761005245365
0,26904,PUT,168761005219254
0,26904,GET,168761005245275
0,37888,PUT,168761005179712
0,37888,GET,168761005245525
0,41477,PUT,168761005187541
0,41477,GET,168761005245345
0,31259,PUT,168761005151968
0,31259,GET,168761005245545
0,24084,PUT,168761005205532
0,24084,GET,168761005245455
0,31495,PUT,168761005191229
0,31495,GET,168761005245415
0,34575,PUT,168761005185776
0,34575,GET,168761005245595
0,43525,PUT,168761005198506
0,43525,GET,168761005245666
0,39697,PUT,168761005174921
0,39697,GET,168761005245726
0,24072,PUT,168761005167975
0,24072,GET,168761005245776
0,25863,PUT,168761005162422
0,25863,GET,168761005245866
0,19732,PUT,168761005174059
0,19732,GET,168761005245796
0,39941,PUT,168761005179372
0,39941,GET,168761005245976
0,38144,PUT,168761005180254
0,38144,GET,168761005246056
0,31515,PUT,168761005152579
0,31515,GET,168761005246087
0,42009,PUT,168761005187260
0,42009,GET,168761005246177
0,43545,PUT,168761005200651
0,43545,GET,168761005246187
0,20760,PUT,168761005175011
0,20760,GET,168761005246197
0,24328,PUT,168761005168486
0,24328,GET,168761005246207
0,21788,PUT,168761005156348
0,21788,GET,168761005246237
0,42265,PUT,168761005187821
0,42265,GET,168761005246648
0,31745,PUT,168761005165720
0,31745,GET,168761005246327
0,40197,PUT,168761005179923
0,40197,GET,168761005246417
0,34569,PUT,168761005175292
0,34569,GET,168761005246447
0,38400,PUT,168761005181356
0,38400,GET,168761005246498
0,31771,PUT,168761005154364
0,31771,GET,168761005246528
0,24584,PUT,168761005168987
0,24584,GET,168761005246638
0,22044,PUT,168761005156789
0,22044,GET,168761005246688
0,19988,PUT,168761005175863
0,19988,GET,168761005246698
0,32001,PUT,168761005166632
0,32001,GET,168761005246758
0,21507,PUT,168761005160548
0,21507,GET,168761005246878
0,40453,PUT,168761005180835
0,40453,GET,168761005246949
0,34825,PUT,168761005175733
0,34825,GET,168761005247009
0,39953,PUT,168761005175453
0,39953,GET,168761005247089
0,22300,PUT,168761005157230
0,22300,GET,168761005247129
0,32257,PUT,168761005167624
0,32257,GET,168761005247199
0,43781,PUT,168761005199408
0,43781,GET,168761005247239
0,21016,PUT,168761005175473
0,21016,GET,168761005247299
0,16134,PUT,168761005163164
0,16134,GET,168761005247390
0,35094,PUT,168761005206906
0,35094,GET,168761005247410
0,26119,PUT,168761005162863
0,26119,GET,168761005247410
0,30732,PUT,168761005175934
0,30732,GET,168761005247520
0,31004,PUT,168761005188272
0,31004,GET,168761005247600
0,32513,PUT,168761005168176
0,32513,GET,168761005247620
0,45079,PUT,168761005193184
0,45079,GET,168761005247640
0,18714,PUT,168761005179081
0,18714,GET,168761005247640
0,20244,PUT,168761005176856
0,20244,GET,168761005247680
0,32780,PUT,168761005184473
0,32780,GET,168761005247881
0,16390,PUT,168761005163605
0,16390,GET,168761005247861
0,32769,PUT,168761005169318
0,32769,GET,168761005248061
0,43801,PUT,168761005201212
0,43801,GET,168761005248061
0,18970,PUT,168761005181647
0,18970,GET,168761005248081
0,30988,PUT,168761005176655
0,30988,GET,168761005248081
0,45335,PUT,168761005193855
0,45335,GET,168761005248091
0,21510,PUT,168761005208138
0,21510,GET,168761005248101
0,21763,PUT,168761005161580
0,21763,GET,168761005248111
0,44037,PUT,168761005200030
0,44037,GET,168761005248242
0,24075,PUT,168761005177828
0,24075,GET,168761005248292
0,21514,PUT,168761005181948
0,21514,GET,168761005248622
0,31260,PUT,168761005188954
0,31260,GET,168761005248272
0,35081,PUT,168761005176635
0,35081,GET,168761005248482
0,33025,PUT,168761005181456
0,33025,GET,168761005248582
0,19226,PUT,168761005184063
0,19226,GET,168761005248622
0,41989,PUT,168761005189325
0,41989,GET,168761005248572
0,20500,PUT,168761005178179
0,20500,GET,168761005248582
0,32027,PUT,168761005155256
0,32027,GET,168761005248963
0,45591,PUT,168761005194306
0,45591,GET,168761005248622
0,22019,PUT,168761005162563
0,22019,GET,168761005248703
0,21272,PUT,168761005175914
0,21272,GET,168761005248743
0,31516,PUT,168761005189505
0,31516,GET,168761005248793
0,19482,PUT,168761005185215
0,19482,GET,168761005249033
0,16646,PUT,168761005164497
0,16646,GET,168761005248873
0,35337,PUT,168761005177076
0,35337,GET,168761005248933
0,33281,PUT,168761005182539
0,33281,GET,168761005249094
0,18709,PUT,168761005179833
0,18709,GET,168761005249013
0,24588,PUT,168761005147327
0,24588,GET,168761005250968
0,38656,PUT,168761005182248
0,38656,GET,168761005249164
0,21528,PUT,168761005177808
0,21528,GET,168761005249194
0,21770,PUT,168761005183180
0,21770,GET,168761005249364
0,29968,PUT,168761005201092
0,29968,GET,168761005249224
0,31772,PUT,168761005190056
0,31772,GET,168761005249234
0,31244,PUT,168761005177648
0,31244,GET,168761005249234
0,37659,PUT,168761005189926
0,37659,GET,168761005249515
0,16902,PUT,168761005164938
0,16902,GET,168761005249314
0,35101,PUT,168761005176966
0,35101,GET,168761005249535
0,43031,PUT,168761005178750
0,43031,GET,168761005249384
0,20756,PUT,168761005181005
0,20756,GET,168761005249545
0,32283,PUT,168761005156579
0,32283,GET,168761005249685
0,33537,PUT,168761005183451
0,33537,GET,168761005249715
0,22794,PUT,168761005188122
0,22794,GET,168761005249635
0,32028,PUT,168761005190608
0,32028,GET,168761005249665
0,31500,PUT,168761005178089
0,31500,GET,168761005249675
0,38423,PUT,168761005162001
0,38423,GET,168761005250978
0,19738,PUT,168761005186458
0,19738,GET,168761005250356
0,22026,PUT,168761005183621
0,22026,GET,168761005250146
0,36353,PUT,168761005208770
0,36353,GET,168761005250016
0,22556,PUT,168761005158122
0,22556,GET,168761005250016
0,21012,PUT,168761005181476
0,21012,GET,168761005250156
0,31756,PUT,168761005178540
0,31756,GET,168761005250116
0,44057,PUT,168761005201754
0,44057,GET,168761005250156
0,33298,PUT,168761005178951
0,33298,GET,168761005250176
0,33793,PUT,168761005185406
0,33793,GET,168761005250336
0,30224,PUT,168761005201744
0,30224,GET,168761005250266
0,35593,PUT,168761005177517
0,35593,GET,168761005250397
0,23068,PUT,168761005159465
0,23068,GET,168761005250958
0,45847,PUT,168761005195780
0,45847,GET,168761005251549
0,22812,PUT,168761005158573
0,22812,GET,168761005250567
0,30210,PUT,168761005202616
0,30210,GET,168761005250607
0,22554,PUT,168761005209461
0,22554,GET,168761005250697
0,32012,PUT,168761005179432
0,32012,GET,168761005250818
0,30480,PUT,168761005202195
0,30480,GET,168761005250818
0,35849,PUT,168761005179512
0,35849,GET,168761005250978
0,29200,PUT,168761005194807
0,29200,GET,168761005250888
0,27906,PUT,168761005180725
0,27906,GET,168761005250978
0,34049,PUT,168761005185957
0,34049,GET,168761005250928
0,26375,PUT,168761005165539
0,26375,GET,168761005250998
0,19994,PUT,168761005187110
0,19994,GET,168761005251108
0,24331,PUT,168761005179492
0,24331,GET,168761005251529
0,38171,PUT,168761005205422
0,38171,GET,168761005251158
0,36609,PUT,168761005210644
0,36609,GET,168761005251168
0,32286,PUT,168761005152419
0,32286,GET,168761005252722
0,22282,PUT,168761005184153
0,22282,GET,168761005251389
0,21268,PUT,168761005181928
0,21268,GET,168761005251229
0,32284,PUT,168761005191329
0,32284,GET,168761005251229
0,37405,PUT,168761005206685
0,37405,GET,168761005251249
0,32268,PUT,168761005180324
0,32268,GET,168761005251369
0,36105,PUT,168761005180063
0,36105,GET,168761005251409
0,38679,PUT,168761005162532
0,38679,GET,168761005251599
0,33554,PUT,168761005179602
0,33554,GET,168761005251419
0,26631,PUT,168761005166622
0,26631,GET,168761005251449
0,32539,PUT,168761005157481
0,32539,GET,168761005251489
0,23324,PUT,168761005160357
0,23324,GET,168761005251670
0,20250,PUT,168761005187551
0,20250,GET,168761005251639
0,36882,PUT,168761005207046
0,36882,GET,168761005251649
0,17158,PUT,168761005165830
0,17158,GET,168761005251670
0,37385,PUT,168761005193063
0,37385,GET,168761005251670
0,21524,PUT,168761005182369
0,21524,GET,168761005251660
0,32775,PUT,168761005212208
0,32775,GET,168761005251690
0,21784,PUT,168761005178269
0,21784,GET,168761005251730
0,24587,PUT,168761005180815
0,24587,GET,168761005251840
0,37661,PUT,168761005207697
0,37661,GET,168761005251910
0,32795,PUT,168761005157932
0,32795,GET,168761005251920
0,36361,PUT,168761005181126
0,36361,GET,168761005252050
0,28162,PUT,168761005181928
0,28162,GET,168761005251980
0,22538,PUT,168761005185045
0,22538,GET,168761005252000
0,24843,PUT,168761005181346
0,24843,GET,168761005252341
0,29456,PUT,168761005196732
0,29456,GET,168761005252331
0,38935,PUT,168761005162974
0,38935,GET,168761005252361
0,20742,PUT,168761005198877
0,20742,GET,168761005253394
0,33051,PUT,168761005165509
0,33051,GET,168761005252351
0,26887,PUT,168761005167073
0,26887,GET,168761005252361
0,23580,PUT,168761005160798
0,23580,GET,168761005252471
0,22275,PUT,168761005163004
0,22275,GET,168761005252481
0,39191,PUT,168761005164467
0,39191,GET,168761005252602
0,20486,PUT,168761005198215
0,20486,GET,168761005252672
0,21780,PUT,168761005182900
0,21780,GET,168761005252562
0,36617,PUT,168761005181567
0,36617,GET,168761005252582
0,17414,PUT,168761005167193
0,17414,GET,168761005252652
0,21766,PUT,168761005213170
0,21766,GET,168761005252792
0,33307,PUT,168761005166632
0,33307,GET,168761005252792
0,27143,PUT,168761005168065
0,27143,GET,168761005252802
0,39447,PUT,168761005164908
0,39447,GET,168761005252902
0,24844,PUT,168761005148019
0,24844,GET,168761005252862
0,33810,PUT,168761005181116
0,33810,GET,168761005252983
0,25099,PUT,168761005182048
0,25099,GET,168761005253083
0,20506,PUT,168761005187992
0,20506,GET,168761005253013
0,17670,PUT,168761005168546
0,17670,GET,168761005253113
0,36381,PUT,168761005188723
0,36381,GET,168761005253203
0,22036,PUT,168761005183922
0,22036,GET,168761005253303
0,39703,PUT,168761005165349
0,39703,GET,168761005253233
0,27399,PUT,168761005168567
0,27399,GET,168761005253233
0,25368,PUT,168761005189325
0,25368,GET,168761005253624
0,22531,PUT,168761005163445
0,22531,GET,168761005253373
0,39187,PUT,168761005213972
0,39187,GET,168761005253404
0,25100,PUT,168761005149272
0,25100,GET,168761005253434
0,39959,PUT,168761005166331
0,39959,GET,168761005253554
0,25355,PUT,168761005183972
0,25355,GET,168761005253744
0,27655,PUT,168761005171042
0,27655,GET,168761005253674
0,33563,PUT,168761005167073
0,33563,GET,168761005253684
0,26392,PUT,168761005201232
0,26392,GET,168761005254727
0,22787,PUT,168761005163886
0,22787,GET,168761005253835
0,20762,PUT,168761005188543
0,20762,GET,168761005254065
0,25356,PUT,168761005149803
0,25356,GET,168761005253955
0,37901,PUT,168761005186518
0,37901,GET,168761005253985
0,29954,PUT,168761005199899
0,29954,GET,168761005254095
0,40215,PUT,168761005167233
0,40215,GET,168761005254075
0,27911,PUT,168761005172025
0,27911,GET,168761005254105
0,25612,PUT,168761005150795
0,25612,GET,168761005254386
0,32542,PUT,168761005153441
0,32542,GET,168761005254406
0,22292,PUT,168761005184363
0,22292,GET,168761005254566
0,25611,PUT,168761005185145
0,25611,GET,168761005254656
0,37138,PUT,168761005214654
0,37138,GET,168761005254496
0,38157,PUT,168761005187250
0,38157,GET,168761005254526
0,16644,PUT,168761005164878
0,16644,GET,168761005255799
0,33819,PUT,168761005168446
0,33819,GET,168761005254767
0,25868,PUT,168761005153752
0,25868,GET,168761005254827
0,18458,PUT,168761005165038
0,18458,GET,168761005255549
0,34075,PUT,168761005168907
0,34075,GET,168761005255198
0,32798,PUT,168761005154013
0,32798,GET,168761005254877
0,34066,PUT,168761005181657
0,34066,GET,168761005254977
0,23828,PUT,168761005198937
0,23828,GET,168761005255168
0,28944,PUT,168761005190026
0,28944,GET,168761005254997
0,26648,PUT,168761005201974
0,26648,GET,168761005255388
0,28167,PUT,168761005173087
0,28167,GET,168761005255087
0,36370,PUT,168761005201734
0,36370,GET,168761005256170
0,38413,PUT,168761005188804
0,38413,GET,168761005255378
0,39437,PUT,168761005192001
0,39437,GET,168761005255539
0,37915,PUT,168761005192893
0,37915,GET,168761005256551
0,26124,PUT,168761005154784
0,26124,GET,168761005255258
0,36873,PUT,168761005182008
0,36873,GET,168761005255448
0,16900,PUT,168761005168075
0,16900,GET,168761005256801
0,23836,PUT,168761005162162
0,23836,GET,168761005255649
0,26380,PUT,168761005155336
0,26380,GET,168761005255869
0,30222,PUT,168761005186729
0,30222,GET,168761005256791
0,34331,PUT,168761005170501
0,34331,GET,168761005256020
0,40471,PUT,168761005168125
0,40471,GET,168761005256130
0,36626,PUT,168761005203207
0,36626,GET,168761005256020
0,38669,PUT,168761005189906
0,38669,GET,168761005256030
0,34843,PUT,168761005171854
0,34843,GET,168761005257142
0,37129,PUT,168761005182619
0,37129,GET,168761005256090
0,27420,PUT,168761005175884
0,27420,GET,168761005256100
0,28423,PUT,168761005174079
0,28423,GET,168761005256120
0,37641,PUT,168761005202335
0,37641,GET,168761005256872
0,26636,PUT,168761005155777
0,26636,GET,168761005256411
0,23818,PUT,168761005204139
0,23818,GET,168761005256551
0,38925,PUT,168761005190447
0,38925,GET,168761005256671
0,34587,PUT,168761005171393
0,34587,GET,168761005256691
0,33054,PUT,168761005163425
0,33054,GET,168761005256671
0,34322,PUT,168761005183020
0,34322,GET,168761005256721
0,24092,PUT,168761005162603
0,24092,GET,168761005256741
0,40727,PUT,168761005168567
0,40727,GET,168761005256842
0,24348,PUT,168761005163495
0,24348,GET,168761005257694
0,25880,PUT,168761005193504
0,25880,GET,168761005257122
0,17156,PUT,168761005168526
0,17156,GET,168761005257944
0,33310,PUT,168761005163986
0,33310,GET,168761005257222
0,40983,PUT,168761005169459
0,40983,GET,168761005257463
0,34578,PUT,168761005184133
0,34578,GET,168761005257263
0,27676,PUT,168761005176525
0,27676,GET,168761005257764
0,28679,PUT,168761005175062
0,28679,GET,168761005257373
0,33566,PUT,168761005164427
0,33566,GET,168761005257653
0,26136,PUT,168761005194246
0,26136,GET,168761005257683
0,34834,PUT,168761005184674
0,34834,GET,168761005257694
0,28935,PUT,168761005175954
0,28935,GET,168761005257894
0,35090,PUT,168761005185115
0,35090,GET,168761005259017
0,33822,PUT,168761005164868
0,33822,GET,168761005258195
0,42245,PUT,168761005190748
0,42245,GET,168761005258435
0,27932,PUT,168761005176976
0,27932,GET,168761005259047
0,17412,PUT,168761005168967
0,17412,GET,168761005258566
0,39181,PUT,168761005190888
0,39181,GET,168761005258816
0,26892,PUT,168761005160207
0,26892,GET,168761005258586
0,30748,PUT,168761005186218
0,30748,GET,168761005258746
0,31751,PUT,168761005194757
0,31751,GET,168761005258966
0,34078,PUT,168761005165319
0,34078,GET,168761005258816
0,27148,PUT,168761005161731
0,27148,GET,168761005259037
0,42769,PUT,168761005187380
0,42769,GET,168761005259598
0,41239,PUT,168761005170351
0,41239,GET,168761005259518
0,34334,PUT,168761005165760
0,34334,GET,168761005259357
0,35099,PUT,168761005173658
0,35099,GET,168761005259668
0,34590,PUT,168761005174310
0,34590,GET,168761005259959
0,20501,PUT,168761005193384
0,20501,GET,168761005259778
0,41733,PUT,168761005187982
0,41733,GET,168761005260159
0,31758,PUT,168761005192131
0,31758,GET,168761005259818
0,35346,PUT,168761005185656
0,35346,GET,168761005259788
0,33046,PUT,168761005188403
0,33046,GET,168761005260711
0,27660,PUT,168761005162743
0,27660,GET,168761005261402
0,24604,PUT,168761005163936
0,24604,GET,168761005261132
0,32014,PUT,168761005192773
0,32014,GET,168761005260209
0,17668,PUT,168761005169408
0,17668,GET,168761005260440
0,27404,PUT,168761005162192
0,27404,GET,168761005260049
0,41495,PUT,168761005170792
0,41495,GET,168761005260259
0,23043,PUT,168761005164898
0,23043,GET,168761005261633
0,35355,PUT,168761005174109
0,35355,GET,168761005260400
0,20740,PUT,168761005208309
0,20740,GET,168761005260771
0,38912,PUT,168761005195379
0,38912,GET,168761005260440
0,44823,PUT,168761005189746
0,44823,GET,168761005261823
0,34846,PUT,168761005175934
0,34846,GET,168761005260791
0,41751,PUT,168761005172586
0,41751,GET,168761005260701
0,39693,PUT,168761005194296
0,39693,GET,168761005260981
0,23299,PUT,168761005165339
0,23299,GET,168761005262144
0,35611,PUT,168761005174560
0,35611,GET,168761005261182
0,35614,PUT,168761005179161
0,35614,GET,168761005262896
0,17926,PUT,168761005169098
0,17926,GET,168761005261653
0,42007,PUT,168761005173598
0,42007,GET,168761005261633
0,39168,PUT,168761005196191
0,39168,GET,168761005261142
0,23562,PUT,168761005197213
0,23562,GET,168761005261733
0,35102,PUT,168761005177377
0,35102,GET,168761005261512
0,22296,PUT,168761005179702
0,22296,GET,168761005263287
0,35073,PUT,168761005194968
0,35073,GET,168761005261833
0,37897,PUT,168761005203097
0,37897,GET,168761005262114
0,35867,PUT,168761005175001
0,35867,GET,168761005261783
0,24860,PUT,168761005164377
0,24860,GET,168761005262084
0,32782,PUT,168761005198175
0,32782,GET,168761005262194
0,35358,PUT,168761005178700
0,35358,GET,168761005262154
0,27916,PUT,168761005163184
0,27916,GET,168761005262244
0,28172,PUT,168761005163625
0,28172,GET,168761005262825
0,18182,PUT,168761005169539
0,18182,GET,168761005262224
0,42263,PUT,168761005174049
0,42263,GET,168761005262354
0,36123,PUT,168761005175894
0,36123,GET,168761005262785
0,36379,PUT,168761005177257
0,36379,GET,168761005263637
0,18438,PUT,168761005169980
0,18438,GET,168761005263106
0,31766,PUT,168761005177046
0,31766,GET,168761005264219
0,23555,PUT,168761005166361
0,23555,GET,168761005263858
0,22040,PUT,168761005178710
0,22040,GET,168761005262785
0,25116,PUT,168761005164818
0,25116,GET,168761005262705
0,20245,PUT,168761005190538
0,20245,GET,168761005263106
0,24074,PUT,168761005204871
0,24074,GET,168761005263878
0,28684,PUT,168761005164958
0,28684,GET,168761005264068
0,28444,PUT,168761005178059
0,28444,GET,168761005264880
0,33302,PUT,168761005189094
0,33302,GET,168761005263397
0,28428,PUT,168761005164517
0,28428,GET,168761005263166
0,42519,PUT,168761005174961
0,42519,GET,168761005263126
0,35870,PUT,168761005180214
0,35870,GET,168761005263487
0,28940,PUT,168761005166321
0,28940,GET,168761005264790
0,28188,PUT,168761005177417
0,28188,GET,168761005263778
0,24330,PUT,168761005205562
0,24330,GET,168761005264429
0,22552,PUT,168761005180705
0,22552,GET,168761005264088
0,42775,PUT,168761005175402
0,42775,GET,168761005263677
0,18694,PUT,168761005184253
0,18694,GET,168761005263728
0,25372,PUT,168761005166181
0,25372,GET,168761005264610
0,29196,PUT,168761005166762
0,29196,GET,168761005265482
0,24067,PUT,168761005167825
0,24067,GET,168761005265081
0,18950,PUT,168761005185105
0,18950,GET,168761005264108
0,33558,PUT,168761005189535
0,33558,GET,168761005264108
0,36126,PUT,168761005180765
0,36126,GET,168761005264128
0,36635,PUT,168761005177808
0,36635,GET,168761005264640
0,28418,PUT,168761005182369
0,28418,GET,168761005264820
0,23811,PUT,168761005166812
0,23811,GET,168761005264409
0,36382,PUT,168761005181877
0,36382,GET,168761005265702
0,25628,PUT,168761005167083
0,25628,GET,168761005265211
0,28176,PUT,168761005184283
0,28176,GET,168761005266975
0,19206,PUT,168761005187651
0,19206,GET,168761005264740
0,19462,PUT,168761005188232
0,19462,GET,168761005265411
0,32022,PUT,168761005177638
0,32022,GET,168761005265051
0,23064,PUT,168761005181607
0,23064,GET,168761005266634
0,22808,PUT,168761005181146
0,22808,GET,168761005266283
0,28700,PUT,168761005178600
0,28700,GET,168761005265452
0,29212,PUT,168761005180314
0,29212,GET,168761005267416
0,17924,PUT,168761005172947
0,17924,GET,168761005266113
0,28956,PUT,168761005179131
0,28956,GET,168761005266013
0,32278,PUT,168761005178089
0,32278,GET,168761005265862
0,25884,PUT,168761005167995
0,25884,GET,168761005265662
0,24323,PUT,168761005168266
0,24323,GET,168761005265702
0,19718,PUT,168761005189255
0,19718,GET,168761005265943
0,32534,PUT,168761005179041
0,32534,GET,168761005266574
0,36891,PUT,168761005178700
0,36891,GET,168761005266193
0,33814,PUT,168761005189976
0,33814,GET,168761005266544
0,26140,PUT,168761005168907
0,26140,GET,168761005266193
0,29452,PUT,168761005167203
0,29452,GET,168761005266694
0,18180,PUT,168761005173839
0,18180,GET,168761005266544
0,19974,PUT,168761005190918
0,19974,GET,168761005266674
0,26908,PUT,168761005170681
0,26908,GET,168761005268960
0,29468,PUT,168761005181306
0,29468,GET,168761005268028
0,26652,PUT,168761005170240
0,26652,GET,168761005267977
0,26396,PUT,168761005169348
0,26396,GET,168761005266724
0,37147,PUT,168761005180163
0,37147,GET,168761005266835
0,36638,PUT,168761005182880
0,36638,GET,168761005267817
0,29708,PUT,168761005170311
0,29708,GET,168761005267125
0,34070,PUT,168761005190528
0,34070,GET,168761005267176
0,37403,PUT,168761005188403
0,37403,GET,168761005268038
0,23320,PUT,168761005182228
0,23320,GET,168761005267206
0,21274,PUT,168761005190167
0,21274,GET,168761005269381
0,29964,PUT,168761005170862
0,29964,GET,168761005267607
0,32790,PUT,168761005179602
0,32790,GET,168761005267396
0,29724,PUT,168761005181747
0,29724,GET,168761005268589
0,28432,PUT,168761005184945
0,28432,GET,168761005267747
0,28688,PUT,168761005185386
0,28688,GET,168761005268318
0,30478,PUT,168761005189064
0,30478,GET,168761005268569
0,23576,PUT,168761005183692
0,23576,GET,168761005269030
0,25352,PUT,168761005191690
0,25352,GET,168761005270513
0,30220,PUT,168761005171463
0,30220,GET,168761005268398
0,21018,PUT,168761005189405
0,21018,GET,168761005268799
0,29980,PUT,168761005182198
0,29980,GET,168761005269230
0,28674,PUT,168761005184133
0,28674,GET,168761005269541
0,22548,PUT,168761005185746
0,22548,GET,168761005268839
0,24579,PUT,168761005168717
0,24579,GET,168761005269972
0,32270,PUT,168761005196151
0,32270,GET,168761005270794
0,30734,PUT,168761005189846
0,30734,GET,168761005269120
0,22804,PUT,168761005186388
0,22804,GET,168761005269220
0,30476,PUT,168761005172917
0,30476,GET,168761005269270
0,36894,PUT,168761005183501
0,36894,GET,168761005269681
0,30990,PUT,168761005190397
0,30990,GET,168761005269792
0,27164,PUT,168761005173338
0,27164,GET,168761005269872
0,23832,PUT,168761005184133
0,23832,GET,168761005269581
0,24835,PUT,168761005169609
0,24835,GET,168761005270904
0,36125,PUT,168761005185526
0,36125,GET,168761005270533
0,35613,PUT,168761005183080
0,35613,GET,168761005269752
0,36637,PUT,168761005190287
0,36637,GET,168761005269922
0,37149,PUT,168761005193394
0,37149,GET,168761005270253
0,36893,PUT,168761005192753
0,36893,GET,168761005269962
0,37150,PUT,168761005184734
0,37150,GET,168761005270443
0,30236,PUT,168761005183732
0,30236,GET,168761005270313
0,30492,PUT,168761005184203
0,30492,GET,168761005271556
0,34831,PUT,168761005191470
0,34831,GET,168761005271175
0,31246,PUT,168761005190848
0,31246,GET,168761005270714
0,24344,PUT,168761005185566
0,24344,GET,168761005271466
0,24088,PUT,168761005185025
0,24088,GET,168761005271235
0,19204,PUT,168761005192352
0,19204,GET,168761005272328
0,43269,PUT,168761005195780
0,43269,GET,168761005274873
0,32007,PUT,168761005197373
0,32007,GET,168761005276638
0,29443,PUT,168761005194196
0,29443,GET,168761005273610
0,42757,PUT,168761005194677
0,42757,GET,168761005273440
0,32526,PUT,168761005196792
0,32526,GET,168761005271536
0,18708,PUT,168761005170742
0,18708,GET,168761005271526
0,24600,PUT,168761005186007
0,24600,GET,168761005271826
0,31502,PUT,168761005191289
0,31502,GET,168761005272087
0,24856,PUT,168761005187801
0,24856,GET,168761005272277
0,33292,PUT,168761005220708
0,33292,GET,168761005282672
0,35869,PUT,168761005184534
0,35869,GET,168761005272207
0,18964,PUT,168761005171684
0,18964,GET,168761005272227
0,42501,PUT,168761005194036
0,42501,GET,168761005272488
0,43013,PUT,168761005195238
0,43013,GET,168761005274432
0,33052,PUT,168761005220828
0,33052,GET,168761005282601
0,19460,PUT,168761005192983
0,19460,GET,168761005273019
0,25112,PUT,168761005188262
0,25112,GET,168761005273039
0,34326,PUT,168761005191069
0,34326,GET,168761005273661
0,18948,PUT,168761005188864
0,18948,GET,168761005276718
0,23066,PUT,168761005224025
0,23066,GET,168761005284756
0,30978,PUT,168761005223664
0,30978,GET,168761005284355
0,29699,PUT,168761005194868
0,29699,GET,168761005274282
0,38665,PUT,168761005221710
0,38665,GET,168761005282742
0,34582,PUT,168761005195960
0,34582,GET,168761005274793
0,34838,PUT,168761005196832
0,34838,GET,168761005276016
0,22022,PUT,168761005221790
0,22022,GET,168761005283594
0,29712,PUT,168761005199709
0,29712,GET,168761005277279
0,40973,PUT,168761005220728
0,40973,GET,168761005283313
0,18692,PUT,168761005187921
0,18692,GET,168761005276036
0,23322,PUT,168761005227794
0,23322,GET,168761005285448
0,32263,PUT,168761005198957
0,32263,GET,168761005276638
0,39424,PUT,168761005198406
0,39424,GET,168761005277429
0,25608,PUT,168761005199538
0,25608,GET,168761005278001
0,39198,PUT,168761005229408
0,39198,GET,168761005285428
0,37121,PUT,168761005225499
0,37121,GET,168761005283654
0,42521,PUT,168761005189495
0,42521,GET,168761005277309
0,38427,PUT,168761005221710
0,38427,GET,168761005283995
0,42777,PUT,168761005190147
0,42777,GET,168761005278241
0,32540,PUT,168761005193494
0,32540,GET,168761005280025
0,32796,PUT,168761005194136
0,32796,GET,168761005281719
0,38942,PUT,168761005228957
0,38942,GET,168761005284496
0,23556,PUT,168761005244733
0,23556,GET,168761005283493
0,43033,PUT,168761005190688
0,43033,GET,168761005278913
0,38174,PUT,168761005222021
0,38174,GET,168761005284516
0,24842,PUT,168761005221880
0,24842,GET,168761005283042
0,23812,PUT,168761005246999
0,23812,GET,168761005284075
0,30722,PUT,168761005222432
0,30722,GET,168761005282992
0,38430,PUT,168761005227844
0,38430,GET,168761005283032
0,37918,PUT,168761005221329
0,37918,GET,168761005283965
0,44569,PUT,168761005223795
0,44569,GET,168761005284696
0,33031,PUT,168761005223023
0,33031,GET,168761005284766
0,29195,PUT,168761005221730
0,29195,GET,168761005283443
0,54807,PUT,168761005257413
0,54807,GET,168761005285578
0,44313,PUT,168761005221149
0,44313,GET,168761005282832
0,24836,PUT,168761005251680
0,24836,GET,168761005283213
0,22810,PUT,168761005223254
0,22810,GET,168761005283273
0,26906,PUT,168761005253313
0,26906,GET,168761005283524
0,33548,PUT,168761005221389
0,33548,GET,168761005283343
0,25098,PUT,168761005223203
0,25098,GET,168761005283684
0,38686,PUT,168761005228516
0,38686,GET,168761005283694
0,22037,PUT,168761005227684
0,22037,GET,168761005283804
0,25092,PUT,168761005252321
0,25092,GET,168761005283965
0,30211,PUT,168761005222602
0,30211,GET,168761005284105
0,20996,PUT,168761005222492
0,20996,GET,168761005285308
0,27162,PUT,168761005253955
0,27162,GET,168761005284205
0,25348,PUT,168761005256872
0,25348,GET,168761005284806
0,47897,PUT,168761005251870
0,47897,GET,168761005285147
0,27418,PUT,168761005255498
0,27418,GET,168761005284736
0,38683,PUT,168761005222402
0,38683,GET,168761005284806
0,33308,PUT,168761005224106
0,33308,GET,168761005285177
0,27674,PUT,168761005256040
0,27674,GET,168761005285187
0,44825,PUT,168761005226240
0,44825,GET,168761005285328
0,25604,PUT,168761005257423
0,25604,GET,168761005285669
0,38939,PUT,168761005222943
0,38939,GET,168761005285378
0,22278,PUT,168761005223364
0,22278,GET,168761005285538
0,33564,PUT,168761005224757
0,33564,GET,168761005285729
0,45081,PUT,168761005226802
0,45081,GET,168761005285789
0,39195,PUT,168761005224186
0,39195,GET,168761005285899
0,23578,PUT,168761005229217
0,23578,GET,168761005286049
0,39454,PUT,168761005231102
0,39454,GET,168761005286059
0,45337,PUT,168761005228867
0,45337,GET,168761005286230
0,27930,PUT,168761005259989
0,27930,GET,168761005286260
0,39451,PUT,168761005224627
0,39451,GET,168761005286430
0,45593,PUT,168761005229949
0,45593,GET,168761005286671
0,28186,PUT,168761005260650
0,28186,GET,168761005286711
0,39707,PUT,168761005225068
0,39707,GET,168761005286871
0,27160,PUT,168761005231272
0,27160,GET,168761005287643
0,39963,PUT,168761005225509
0,39963,GET,168761005287583
0,37917,PUT,168761005222482
0,37917,GET,168761005287984
0,21252,PUT,168761005224978
0,21252,GET,168761005288665
0,28442,PUT,168761005261302
0,28442,GET,168761005288635
0,20757,PUT,168761005220968
0,20757,GET,168761005288756
0,41757,PUT,168761005253804
0,41757,GET,168761005288916
0,22293,PUT,168761005228335
0,22293,GET,168761005289016
0,45849,PUT,168761005232164
0,45849,GET,168761005288986
0,25354,PUT,168761005234750
0,25354,GET,168761005289227
0,28698,PUT,168761005262705
0,28698,GET,168761005289106
0,26120,PUT,168761005221860
0,26120,GET,168761005289197
0,33799,PUT,168761005225669
0,33799,GET,168761005289487
0,21013,PUT,168761005221760
0,21013,GET,168761005289407
0,40219,PUT,168761005225960
0,40219,GET,168761005289658
0,46105,PUT,168761005232655
0,46105,GET,168761005289417
0,25860,PUT,168761005257984
0,25860,GET,168761005289758
0,55063,PUT,168761005264229
0,55063,GET,168761005289648
0,42013,PUT,168761005254516
0,42013,GET,168761005289678
0,33287,PUT,168761005223644
0,33287,GET,168761005290430
0,33804,PUT,168761005229187
0,33804,GET,168761005289758
0,38173,PUT,168761005223264
0,38173,GET,168761005289698
0,41472,PUT,168761005231463
0,41472,GET,168761005290560
0,21508,PUT,168761005226501
0,21508,GET,168761005289918
0,26116,PUT,168761005259508
0,26116,GET,168761005290690
0,26376,PUT,168761005225789
0,26376,GET,168761005289908
0,21269,PUT,168761005222371
0,21269,GET,168761005290029
0,42269,PUT,168761005255188
0,42269,GET,168761005290129
0,34055,PUT,168761005227112
0,34055,GET,168761005290139
0,38429,PUT,168761005224827
0,38429,GET,168761005290229
0,25610,PUT,168761005235392
0,25610,GET,168761005290470
0,26632,PUT,168761005229107
0,26632,GET,168761005290440
0,27416,PUT,168761005233136
0,27416,GET,168761005290670
0,30736,PUT,168761005221329
0,30736,GET,168761005290500
0,29446,PUT,168761005256030
0,29446,GET,168761005290740
0,30992,PUT,168761005221971
0,30992,GET,168761005291472
0,21525,PUT,168761005223715
0,21525,GET,168761005290650
0,39710,PUT,168761005233688
0,39710,GET,168761005290800
0,38685,PUT,168761005225459
0,38685,GET,168761005290660
0,21764,PUT,168761005228255
0,21764,GET,168761005290841
0,45321,PUT,168761005264830
0,45321,GET,168761005291121
0,36865,PUT,168761005221289
0,36865,GET,168761005291171
0,26888,PUT,168761005229789
0,26888,GET,168761005291251
0,46361,PUT,168761005233728
0,46361,GET,168761005291201
0,21781,PUT,168761005224266
0,21781,GET,168761005291171
0,39433,PUT,168761005226571
0,39433,GET,168761005291221
0,33294,PUT,168761005221429
0,33294,GET,168761005291362
0,43025,PUT,168761005221179
0,43025,GET,168761005291392
0,41728,PUT,168761005232996
0,41728,GET,168761005291412
0,35599,PUT,168761005221520
0,35599,GET,168761005291492
0,22020,PUT,168761005228716
0,22020,GET,168761005291372
0,39966,PUT,168761005236103
0,39966,GET,168761005291372
0,46103,PUT,168761005221971
0,46103,GET,168761005291532
0,29702,PUT,168761005256671
0,29702,GET,168761005291542
0,25866,PUT,168761005235833
0,25866,GET,168761005291472
0,41984,PUT,168761005233988
0,41984,GET,168761005291692
0,34060,PUT,168761005229899
0,34060,GET,168761005291572
0,43015,PUT,168761005265782
0,43015,GET,168761005291753
0,39680,PUT,168761005222422
0,39680,GET,168761005291983
0,40475,PUT,168761005227323
0,40475,GET,168761005291833
0,27144,PUT,168761005233167
0,27144,GET,168761005292003
0,33543,PUT,168761005224206
0,33543,GET,168761005291903
0,44293,PUT,168761005222552
0,44293,GET,168761005291983
0,33044,PUT,168761005257563
0,33044,GET,168761005292073
0,26122,PUT,168761005237296
0,26122,GET,168761005291993
0,22276,PUT,168761005230771
0,22276,GET,168761005292023
0,33550,PUT,168761005223444
0,33550,GET,168761005292063
0,30467,PUT,168761005223284
0,30467,GET,168761005292444
0,43281,PUT,168761005221780
0,43281,GET,168761005292073
0,35350,PUT,168761005222562
0,35350,GET,168761005292194
0,27672,PUT,168761005234279
0,27672,GET,168761005292244
0,42240,PUT,168761005234570
0,42240,GET,168761005292294
0,40222,PUT,168761005236564
0,40222,GET,168761005292304
0,26378,PUT,168761005237918
0,26378,GET,168761005292434
0,27400,PUT,168761005235833
0,27400,GET,168761005292554
0,44549,PUT,168761005225779
0,44549,GET,168761005292494
0,33806,PUT,168761005223995
0,33806,GET,168761005292605
0,43537,PUT,168761005222863
0,43537,GET,168761005292524
0,27656,PUT,168761005236464
0,27656,GET,168761005293727
0,22532,PUT,168761005231753
0,22532,GET,168761005292575
0,22549,PUT,168761005231803
0,22549,GET,168761005292575
0,42496,PUT,168761005235011
0,42496,GET,168761005292895
0,35855,PUT,168761005222361
0,35855,GET,168761005292805
0,46359,PUT,168761005223404
0,46359,GET,168761005292715
0,40478,PUT,168761005238138
0,40478,GET,168761005292735
0,34311,PUT,168761005227554
0,34311,GET,168761005292985
0,37394,PUT,168761005225208
0,37394,GET,168761005292895
0,43271,PUT,168761005266424
0,43271,GET,168761005292925
0,43793,PUT,168761005223394
0,43793,GET,168761005292965
0,32536,PUT,168761005258185
0,32536,GET,168761005293166
0,39936,PUT,168761005223995
0,39936,GET,168761005293096
0,44805,PUT,168761005226792
0,44805,GET,168761005293006
0,34062,PUT,168761005225459
0,34062,GET,168761005293036
0,22805,PUT,168761005232465
0,22805,GET,168761005293116
0,39689,PUT,168761005228205
0,39689,GET,168761005293186
0,45061,PUT,168761005227253
0,45061,GET,168761005293437
0,42752,PUT,168761005235993
0,42752,GET,168761005293597
0,32792,PUT,168761005259177
0,32792,GET,168761005293878
0,30723,PUT,168761005223955
0,30723,GET,168761005293557
0,43527,PUT,168761005267105
0,43527,GET,168761005293547
0,39945,PUT,168761005228847
0,39945,GET,168761005293727
0,22788,PUT,168761005232756
0,22788,GET,168761005293667
0,40192,PUT,168761005224537
0,40192,GET,168761005294419
0,40734,PUT,168761005238639
0,40734,GET,168761005293707
0,43008,PUT,168761005236434
0,43008,GET,168761005293878
0,27928,PUT,168761005234780
0,27928,GET,168761005294028
0,35606,PUT,168761005223695
0,35606,GET,168761005293807
0,22534,PUT,168761005224526
0,22534,GET,168761005293827
0,45317,PUT,168761005227694
0,45317,GET,168761005293878
0,26634,PUT,168761005240584
0,26634,GET,168761005293918
0,40460,PUT,168761005267827
0,40460,GET,168761005293978
0,34567,PUT,168761005228586
0,34567,GET,168761005293998
0,30979,PUT,168761005224516
0,30979,GET,168761005294008
0,23061,PUT,168761005233477
0,23061,GET,168761005294028
0,43264,PUT,168761005237787
0,43264,GET,168761005294198
0,23044,PUT,168761005234179
0,23044,GET,168761005294118
0,40201,PUT,168761005229408
0,40201,GET,168761005294158
0,40990,PUT,168761005239551
0,40990,GET,168761005294238
0,27912,PUT,168761005237587
0,27912,GET,168761005294389
0,26890,PUT,168761005241135
0,26890,GET,168761005294349
0,31235,PUT,168761005225108
0,31235,GET,168761005294439
0,23317,PUT,168761005235251
0,23317,GET,168761005294469
0,22790,PUT,168761005225158
0,22790,GET,168761005294479
0,37650,PUT,168761005228456
0,37650,GET,168761005294559
0,44049,PUT,168761005223835
0,44049,GET,168761005294669
0,36112,PUT,168761005261262
0,36112,GET,168761005294770
0,43520,PUT,168761005238228
0,43520,GET,168761005294900
0,24068,PUT,168761005247550
0,24068,GET,168761005295130
0,34318,PUT,168761005226471
0,34318,GET,168761005294870
0,29451,PUT,168761005225419
0,29451,GET,168761005294870
0,28168,PUT,168761005239752
0,28168,GET,168761005294930
0,33820,PUT,168761005226190
0,33820,GET,168761005296323
0,23046,PUT,168761005225609
0,23046,GET,168761005295000
0,40457,PUT,168761005230921
0,40457,GET,168761005295060
0,28184,PUT,168761005235231
0,28184,GET,168761005295100
0,23300,PUT,168761005243581
0,23300,GET,168761005295130
0,40448,PUT,168761005224988
0,40448,GET,168761005295381
0,44305,PUT,168761005224276
0,44305,GET,168761005295211
0,34574,PUT,168761005227904
0,34574,GET,168761005295301
0,31248,PUT,168761005222953
0,31248,GET,168761005295421
0,45573,PUT,168761005228596
0,45573,GET,168761005295331
0,28424,PUT,168761005240383
0,28424,GET,168761005295361
0,35862,PUT,168761005226210
0,35862,GET,168761005296073
0,36368,PUT,168761005261933
0,36368,GET,168761005295501
0,23302,PUT,168761005227343
0,23302,GET,168761005295431
0,34316,PUT,168761005232836
0,34316,GET,168761005295491
0,41246,PUT,168761005240905
0,41246,GET,168761005295612
0,46615,PUT,168761005223945
0,46615,GET,168761005295622
0,28440,PUT,168761005235773
0,28440,GET,168761005295632
0,37906,PUT,168761005229007
0,37906,GET,168761005295652
0,27146,PUT,168761005242037
0,27146,GET,168761005295712
0,45829,PUT,168761005229037
0,45829,GET,168761005295762
0,28680,PUT,168761005240935
0,28680,GET,168761005295792
0,40716,PUT,168761005268469
0,40716,GET,168761005295872
0,24324,PUT,168761005248181
0,24324,GET,168761005295882
0,40704,PUT,168761005225900
0,40704,GET,168761005296053
0,29707,PUT,168761005226702
0,29707,GET,168761005296073
0,46871,PUT,168761005224988
0,46871,GET,168761005296073
0,44561,PUT,168761005224717
0,44561,GET,168761005296103
0,28696,PUT,168761005237777
0,28696,GET,168761005296283
0,28936,PUT,168761005243561
0,28936,GET,168761005296233
0,46085,PUT,168761005229478
0,46085,GET,168761005296283
0,53765,PUT,168761005269010
0,53765,GET,168761005296323
0,43776,PUT,168761005239120
0,43776,GET,168761005296444
0,24580,PUT,168761005248622
0,24580,GET,168761005296333
0,27402,PUT,168761005243380
0,27402,GET,168761005296624
0,31504,PUT,168761005223584
0,31504,GET,168761005296644
0,41502,PUT,168761005241366
0,41502,GET,168761005296644
0,36118,PUT,168761005227523
0,36118,GET,168761005296714
0,46341,PUT,168761005237166
0,46341,GET,168761005296724
0,31512,PUT,168761005250377
0,31512,GET,168761005296774
0,34823,PUT,168761005229027
0,34823,GET,168761005297025
0,32276,PUT,168761005244042
0,32276,GET,168761005296945
0,44032,PUT,168761005239652
0,44032,GET,168761005297045
0,41758,PUT,168761005243270
0,41758,GET,168761005297075
0,40960,PUT,168761005226982
0,40960,GET,168761005297306
0,46597,PUT,168761005237807
0,46597,GET,168761005297155
0,36867,PUT,168761005264429
0,36867,GET,168761005297366
0,54021,PUT,168761005269661
0,54021,GET,168761005297326
0,31768,PUT,168761005251038
0,31768,GET,168761005297446
0,31491,PUT,168761005227213
0,31491,GET,168761005297436
0,29192,PUT,168761005244162
0,29192,GET,168761005297436
0,44817,PUT,168761005225158
0,44817,GET,168761005297476
0,38162,PUT,168761005229458
0,38162,GET,168761005297526
0,23573,PUT,168761005235712
0,23573,GET,168761005297606
0,34076,PUT,168761005226752
0,34076,GET,168761005297646
0,32532,PUT,168761005244784
0,32532,GET,168761005297656
0,31760,PUT,168761005226331
0,31760,GET,168761005297737
0,23558,PUT,168761005227884
0,23558,GET,168761005297686
0,43036,PUT,168761005270443
0,43036,GET,168761005297767
0,26372,PUT,168761005260510
0,26372,GET,168761005297957
0,45073,PUT,168761005225599
0,45073,GET,168761005297907
0,28952,PUT,168761005240634
0,28952,GET,168761005297947
0,42014,PUT,168761005243731
0,42014,GET,168761005297967
0,36374,PUT,168761005227985
0,36374,GET,168761005297977
0,34332,PUT,168761005227193
0,34332,GET,168761005298087
0,35079,PUT,168761005229468
0,35079,GET,168761005298188
0,23814,PUT,168761005228857
0,23814,GET,168761005298147
0,44288,PUT,168761005240093
0,44288,GET,168761005298188
0,32788,PUT,168761005246959
0,32788,GET,168761005298188
0,32016,PUT,168761005227413
0,32016,GET,168761005298198
0,29208,PUT,168761005241185
0,29208,GET,168761005298378
0,42270,PUT,168761005244172
0,42270,GET,168761005298408
0,36630,PUT,168761005228887
0,36630,GET,168761005298408
0,37123,PUT,168761005265091
0,37123,GET,168761005298478
0,34588,PUT,168761005228405
0,34588,GET,168761005298518
0,23829,PUT,168761005236153
0,23829,GET,168761005298589
0,29205,PUT,168761005248191
0,29205,GET,168761005298629
0,35335,PUT,168761005230641
0,35335,GET,168761005298839
0,48640,PUT,168761005271425
0,48640,GET,168761005298749
0,44800,PUT,168761005240985
0,44800,GET,168761005300302
0,45329,PUT,168761005227082
0,45329,GET,168761005298799
0,29464,PUT,168761005241626
0,29464,GET,168761005298809
0,29448,PUT,168761005244653
0,29448,GET,168761005298799
0,27658,PUT,168761005244844
0,27658,GET,168761005298859
0,38418,PUT,168761005239030
0,38418,GET,168761005298859
0,41216,PUT,168761005227423
0,41216,GET,168761005298889
0,46853,PUT,168761005238910
0,46853,GET,168761005298969
0,24085,PUT,168761005237046
0,24085,GET,168761005299030
0,24070,PUT,168761005229298
0,24070,GET,168761005299060
0,32024,PUT,168761005253253
0,32024,GET,168761005299140
0,29720,PUT,168761005242077
0,29720,GET,168761005299240
0,31747,PUT,168761005228305
0,31747,GET,168761005299230
0,44544,PUT,168761005240534
0,44544,GET,168761005299260
0,48896,PUT,168761005272117
0,48896,GET,168761005299270
0,37377,PUT,168761005234149
0,37377,GET,168761005299310
0,27914,PUT,168761005246267
0,27914,GET,168761005299310
0,38674,PUT,168761005239672
0,38674,GET,168761005299320
0,45585,PUT,168761005230260
0,45585,GET,168761005299330
0,42526,PUT,168761005246187
0,42526,GET,168761005299400
0,47109,PUT,168761005240313
0,47109,GET,168761005299410
0,24341,PUT,168761005237487
0,24341,GET,168761005299471
0,24326,PUT,168761005230190
0,24326,GET,168761005299491
0,32272,PUT,168761005230480
0,32272,GET,168761005299791
0,29461,PUT,168761005248663
0,29461,GET,168761005299641
0,47127,PUT,168761005225619
0,47127,GET,168761005299641
0,29976,PUT,168761005242518
0,29976,GET,168761005299671
0,41228,PUT,168761005273119
0,41228,GET,168761005299711
0,29704,PUT,168761005245676
0,29704,GET,168761005299721
0,36886,PUT,168761005237938
0,36886,GET,168761005299741
0,28170,PUT,168761005247159
0,28170,GET,168761005299761
0,29963,PUT,168761005227834
0,29963,GET,168761005299791
0,42782,PUT,168761005246648
0,42782,GET,168761005299841
0,32003,PUT,168761005228746
0,32003,GET,168761005300012
0,24582,PUT,168761005232425
0,24582,GET,168761005299932
0,26628,PUT,168761005261252
0,26628,GET,168761005299952
0,32280,PUT,168761005254155
0,32280,GET,168761005300102
0,35591,PUT,168761005239602
0,35591,GET,168761005300232
0,28426,PUT,168761005248151
0,28426,GET,168761005300353
0,44062,PUT,168761005254356
0,44062,GET,168761005300313
0,38930,PUT,168761005240133
0,38930,GET,168761005300232
0,32528,PUT,168761005231032
0,32528,GET,168761005300503
0,34324,PUT,168761005265802
0,34324,GET,168761005300503
0,38924,PUT,168761005255108
0,38924,GET,168761005300553
0,32259,PUT,168761005230109
0,32259,GET,168761005300563
0,40713,PUT,168761005233367
0,40713,GET,168761005300723
0,37142,PUT,168761005238639
0,37142,GET,168761005300653
0,47383,PUT,168761005226812
0,47383,GET,168761005300653
0,39186,PUT,168761005240574
0,39186,GET,168761005300663
0,45841,PUT,168761005230811
0,45841,GET,168761005300703
0,49945,PUT,168761005274031
0,49945,GET,168761005300713
0,47365,PUT,168761005240764
0,47365,GET,168761005300764
0,35847,PUT,168761005240203
0,35847,GET,168761005300774
0,30219,PUT,168761005230460
0,30219,GET,168761005300894
0,24838,PUT,168761005232876
0,24838,GET,168761005300914
0,44318,PUT,168761005255679
0,44318,GET,168761005301094
0,28682,PUT,168761005250707
0,28682,GET,168761005301255
0,48921,PUT,168761005267416
0,48921,GET,168761005301164
0,36103,PUT,168761005241566
0,36103,GET,168761005301205
0,43038,PUT,168761005248803
0,43038,GET,168761005301215
0,30232,PUT,168761005243501
0,30232,GET,168761005301255
0,30475,PUT,168761005231012
0,30475,GET,168761005301465
0,47639,PUT,168761005228616
0,47639,GET,168761005301545
0,38941,PUT,168761005227734
0,38941,GET,168761005301636
0,33048,PUT,168761005268118
0,33048,GET,168761005301606
0,32784,PUT,168761005232094
0,32784,GET,168761005301666
0,30488,PUT,168761005243942
0,30488,GET,168761005301686
0,39442,PUT,168761005241015
0,39442,GET,168761005301736
0,30490,PUT,168761005274613
0,30490,GET,168761005301796
0,36111,PUT,168761005223614
0,36111,GET,168761005301866
0,28938,PUT,168761005252131
0,28938,GET,168761005301906
0,26884,PUT,168761005261923
0,26884,GET,168761005301946
0,47895,PUT,168761005229077
0,47895,GET,168761005301996
0,40969,PUT,168761005234480
0,40969,GET,168761005302037
0,49177,PUT,168761005268489
0,49177,GET,168761005302037
0,39698,PUT,168761005241456
0,39698,GET,168761005302177
0,39197,PUT,168761005230019
0,39197,GET,168761005302277
0,44574,PUT,168761005256320
0,44574,GET,168761005302337
0,47635,PUT,168761005252491
0,47635,GET,168761005302437
0,40210,PUT,168761005243591
0,40210,GET,168761005303139
0,27140,PUT,168761005262465
0,27140,GET,168761005302397
0,25094,PUT,168761005234229
0,25094,GET,168761005302397
0,30731,PUT,168761005232986
0,30731,GET,168761005302468
0,37398,PUT,168761005245365
0,37398,GET,168761005302488
0,43294,PUT,168761005251830
0,43294,GET,168761005302568
0,33040,PUT,168761005232655
0,33040,GET,168761005302578
0,43026,PUT,168761005257433
0,43026,GET,168761005302598
0,39954,PUT,168761005242538
0,39954,GET,168761005302618
0,40731,PUT,168761005231914
0,40731,GET,168761005302608
0,47621,PUT,168761005242278
0,47621,GET,168761005302638
0,30744,PUT,168761005245535
0,30744,GET,168761005302668
0,30746,PUT,168761005275816
0,30746,GET,168761005302688
0,25350,PUT,168761005234780
0,25350,GET,168761005302828
0,32776,PUT,168761005263627
0,32776,GET,168761005302828
0,36367,PUT,168761005224055
0,36367,GET,168761005302959
0,36359,PUT,168761005242027
0,36359,GET,168761005303019
0,43550,PUT,168761005252391
0,43550,GET,168761005303019
0,45056,PUT,168761005243631
0,45056,GET,168761005303129
0,27908,PUT,168761005269180
0,27908,GET,168761005303139
0,34830,PUT,168761005228796
0,34830,GET,168761005303189
0,52241,PUT,168761005277449
0,52241,GET,168761005303129
0,29194,PUT,168761005253263
0,29194,GET,168761005303259
0,39453,PUT,168761005237787
0,39453,GET,168761005303179
0,43282,PUT,168761005258094
0,43282,GET,168761005303189
0,39694,PUT,168761005266223
0,39694,GET,168761005303259
0,29717,PUT,168761005257393
0,29717,GET,168761005303340
0,30987,PUT,168761005233447
0,30987,GET,168761005303380
0,41225,PUT,168761005235021
0,41225,GET,168761005303450
0,37654,PUT,168761005246277
0,37654,GET,168761005303470
0,33296,PUT,168761005234760
0,33296,GET,168761005303490
0,48151,PUT,168761005229518
0,48151,GET,168761005303520
0,31000,PUT,168761005247420
0,31000,GET,168761005303560
0,28164,PUT,168761005269852
0,28164,GET,168761005303570
0,45312,PUT,168761005244082
0,45312,GET,168761005303610
0,40987,PUT,168761005232575
0,40987,GET,168761005303600
0,39709,PUT,168761005238429
0,39709,GET,168761005303620
0,40466,PUT,168761005244032
0,40466,GET,168761005303700
0,43538,PUT,168761005258716
0,43538,GET,168761005303710
0,31243,PUT,168761005233968
0,31243,GET,168761005303811
0,35086,PUT,168761005230130
0,35086,GET,168761005303811
0,43293,PUT,168761005278241
0,43293,GET,168761005303821
0,39950,PUT,168761005267687
0,39950,GET,168761005303931
0,41481,PUT,168761005235913
0,41481,GET,168761005303911
0,37910,PUT,168761005246828
0,37910,GET,168761005304011
0,43806,PUT,168761005252832
0,43806,GET,168761005303931
0,28420,PUT,168761005270523
0,28420,GET,168761005304011
0,39965,PUT,168761005238880
0,39965,GET,168761005304051
0,45568,PUT,168761005245425
0,45568,GET,168761005304161
0,35342,PUT,168761005231453
0,35342,GET,168761005304252
0,31499,PUT,168761005234419
0,31499,GET,168761005304252
0,40206,PUT,168761005268449
0,40206,GET,168761005304362
0,33552,PUT,168761005236955
0,33552,GET,168761005304392
0,47877,PUT,168761005242719
0,47877,GET,168761005304422
0,43292,PUT,168761005278963
0,43292,GET,168761005304412
0,48407,PUT,168761005229959
0,48407,GET,168761005304412
0,38166,PUT,168761005247620
0,38166,GET,168761005304452
0,55575,PUT,168761005271415
0,55575,GET,168761005304442
0,40221,PUT,168761005243260
0,40221,GET,168761005304482
0,45824,PUT,168761005245886
0,45824,GET,168761005304592
0,33300,PUT,168761005259608
0,33300,GET,168761005304602
0,40722,PUT,168761005244473
0,40722,GET,168761005304773
0,31755,PUT,168761005235873
0,31755,GET,168761005304683
0,35598,PUT,168761005233357
0,35598,GET,168761005304683
0,29466,PUT,168761005269240
0,29466,GET,168761005304803
0,33808,PUT,168761005237517
0,33808,GET,168761005304823
0,48133,PUT,168761005243160
0,48133,GET,168761005304873
0,48663,PUT,168761005230400
0,48663,GET,168761005304863
0,30982,PUT,168761005272458
0,30982,GET,168761005304953
0,34844,PUT,168761005228857
0,34844,GET,168761005305044
0,41243,PUT,168761005233267
0,41243,GET,168761005305013
0,29450,PUT,168761005253905
0,29450,GET,168761005305033
0,32011,PUT,168761005236875
0,32011,GET,168761005305124
0,35854,PUT,168761005234349
0,35854,GET,168761005305124
0,29973,PUT,168761005258135
0,29973,GET,168761005305154
0,36615,PUT,168761005242478
0,36615,GET,168761005305234
0,48919,PUT,168761005231292
0,48919,GET,168761005305304
0,29722,PUT,168761005269902
0,29722,GET,168761005305404
0,40978,PUT,168761005245966
0,40978,GET,168761005305354
0,50449,PUT,168761005254185
0,50449,GET,168761005305384
0,32515,PUT,168761005230550
0,32515,GET,168761005305384
0,31256,PUT,168761005247971
0,31256,GET,168761005305475
0,33304,PUT,168761005275996
0,33304,GET,168761005305535
0,36110,PUT,168761005235783
0,36110,GET,168761005305555
0,49169,PUT,168761005248151
0,49169,GET,168761005305585
0,25606,PUT,168761005236745
0,25606,GET,168761005305635
0,33556,PUT,168761005260229
0,33556,GET,168761005305635
0,36871,PUT,168761005243841
0,36871,GET,168761005305685
0,41737,PUT,168761005236815
0,41737,GET,168761005305705
0,52741,PUT,168761005258977
0,52741,GET,168761005305725
0,49175,PUT,168761005231833
0,49175,GET,168761005305735
0,41234,PUT,168761005246427
0,41234,GET,168761005305795
0,49433,PUT,168761005270533
0,49433,GET,168761005305835
0,48389,PUT,168761005244533
0,48389,GET,168761005305875
0,40988,PUT,168761005254185
0,40988,GET,168761005305926
0,33560,PUT,168761005276718
0,33560,GET,168761005305976
0,36366,PUT,168761005237116
0,36366,GET,168761005305996
0,32267,PUT,168761005237316
0,32267,GET,168761005306016
0,40477,PUT,168761005244272
0,40477,GET,168761005306026
0,36623,PUT,168761005224496
0,36623,GET,168761005306076
0,37127,PUT,168761005244373
0,37127,GET,168761005306116
0,49425,PUT,168761005248903
0,49425,GET,168761005306166
0,35100,PUT,168761005229749
0,35100,GET,168761005306256
0,38422,PUT,168761005248943
0,38422,GET,168761005306266
0,41499,PUT,168761005234349
0,41499,GET,168761005306347
0,29706,PUT,168761005258676
0,29706,GET,168761005306447
0,40733,PUT,168761005245886
0,40733,GET,168761005306457
0,32523,PUT,168761005238208
0,32523,GET,168761005306557
0,47121,PUT,168761005238649
0,47121,GET,168761005306597
0,35356,PUT,168761005231122
0,35356,GET,168761005306687
0,32771,PUT,168761005230992
0,32771,GET,168761005306717
0,48645,PUT,168761005244974
0,48645,GET,168761005306788
0,41490,PUT,168761005246868
0,41490,GET,168761005306788
0,41755,PUT,168761005236234
0,41755,GET,168761005306808
0,46089,PUT,168761005279755
0,46089,GET,168761005306858
0,33816,PUT,168761005277319
0,33816,GET,168761005306868
0,51973,PUT,168761005255228
0,51973,GET,168761005306898
0,49689,PUT,168761005271576
0,49689,GET,168761005306908
0,29962,PUT,168761005259438
0,29962,GET,168761005306948
0,36879,PUT,168761005225388
0,36879,GET,168761005306978
0,38678,PUT,168761005249966
0,38678,GET,168761005307158
0,48901,PUT,168761005245866
0,48901,GET,168761005307229
0,41746,PUT,168761005248572
0,41746,GET,168761005307229
0,42011,PUT,168761005238950
0,42011,GET,168761005307239
0,34072,PUT,168761005277860
0,34072,GET,168761005307299
0,30218,PUT,168761005259989
0,30218,GET,168761005307379
0,25862,PUT,168761005238168
0,25862,GET,168761005307409
0,52229,PUT,168761005255879
0,52229,GET,168761005307429
0,37135,PUT,168761005227614
0,37135,GET,168761005307429
0,29978,PUT,168761005272297
0,29978,GET,168761005307429
0,52997,PUT,168761005259658
0,52997,GET,168761005307439
0,32779,PUT,168761005239571
0,32779,GET,168761005307449
0,37383,PUT,168761005244814
0,37383,GET,168761005307489
0,51219,PUT,168761005280697
0,51219,GET,168761005307479
0,49431,PUT,168761005232726
0,49431,GET,168761005307549
0,29960,PUT,168761005246748
0,29960,GET,168761005307730
0,38934,PUT,168761005250407
0,38934,GET,168761005307609
0,33027,PUT,168761005238790
0,33027,GET,168761005307619
0,34064,PUT,168761005247670
0,34064,GET,168761005307619
0,49681,PUT,168761005249474
0,49681,GET,168761005307619
0,42267,PUT,168761005239842
0,42267,GET,168761005307680
0,36622,PUT,168761005238970
0,36622,GET,168761005307800
0,52485,PUT,168761005256631
0,52485,GET,168761005307860
0,30234,PUT,168761005273149
0,30234,GET,168761005307870
0,42247,PUT,168761005262074
0,42247,GET,168761005307890
0,26118,PUT,168761005239581
0,26118,GET,168761005307970
0,48665,PUT,168761005263798
0,48665,GET,168761005308020
0,46095,PUT,168761005281850
0,46095,GET,168761005308030
0,39190,PUT,168761005250848
0,39190,GET,168761005308040
0,49937,PUT,168761005249915
0,49937,GET,168761005308050
0,33283,PUT,168761005240163
0,33283,GET,168761005308071
0,43794,PUT,168761005261051
0,43794,GET,168761005308181
0,42523,PUT,168761005240303
0,42523,GET,168761005308111
0,50705,PUT,168761005258966
0,50705,GET,168761005308301
0,40462,PUT,168761005273981
0,40462,GET,168761005308301
0,37391,PUT,168761005234620
0,37391,GET,168761005308331
0,44830,PUT,168761005258896
0,44830,GET,168761005309193
0,26374,PUT,168761005240043
0,26374,GET,168761005308502
0,47377,PUT,168761005239281
0,47377,GET,168761005308431
0,46080,PUT,168761005251730
0,46080,GET,168761005308481
0,37639,PUT,168761005245255
0,37639,GET,168761005308502
0,49687,PUT,168761005233628
0,49687,GET,168761005308532
0,46351,PUT,168761005282551
0,46351,GET,168761005308542
0,42779,PUT,168761005241215
0,42779,GET,168761005308552
0,49157,PUT,168761005246307
0,49157,GET,168761005308602
0,34320,PUT,168761005248412
0,34320,GET,168761005308632
0,33812,PUT,168761005261953
0,33812,GET,168761005308642
0,44295,PUT,168761005274813
0,44295,GET,168761005308742
0,34328,PUT,168761005278512
0,34328,GET,168761005308782
0,46336,PUT,168761005252371
0,46336,GET,168761005308923
0,37895,PUT,168761005245706
0,37895,GET,168761005309033
0,42503,PUT,168761005262785
0,42503,GET,168761005308973
0,27396,PUT,168761005264770
0,27396,GET,168761005309303
0,24597,PUT,168761005237928
0,24597,GET,168761005309073
0,43035,PUT,168761005241656
0,43035,GET,168761005308993
0,49943,PUT,168761005234169
0,49943,GET,168761005308983
0,49413,PUT,168761005246748
0,49413,GET,168761005309033
0,26630,PUT,168761005248853
0,26630,GET,168761005309113
0,44050,PUT,168761005262565
0,44050,GET,168761005309073
0,24853,PUT,168761005238369
0,24853,GET,168761005310085
0,36878,PUT,168761005239431
0,36878,GET,168761005309143
0,47633,PUT,168761005240193
0,47633,GET,168761005309333
0,53253,PUT,168761005265411
0,53253,GET,168761005309333
0,46592,PUT,168761005252812
0,46592,GET,168761005309354
0,39446,PUT,168761005251299
0,39446,GET,168761005309414
0,50961,PUT,168761005259628
0,50961,GET,168761005309404
0,43291,PUT,168761005242548
0,43291,GET,168761005309424
0,49669,PUT,168761005247199
0,49669,GET,168761005309464
0,44306,PUT,168761005263206
0,44306,GET,168761005309504
0,33539,PUT,168761005241526
0,33539,GET,168761005309544
0,37134,PUT,168761005241666
0,37134,GET,168761005309584
0,43037,PUT,168761005275745
0,43037,GET,168761005309634
0,34576,PUT,168761005249003
0,34576,GET,168761005309644
0,47889,PUT,168761005240634
0,47889,GET,168761005309785
0,39702,PUT,168761005252381
0,39702,GET,168761005309845
0,47641,PUT,168761005249134
0,47641,GET,168761005309855
0,46848,PUT,168761005253434
0,46848,GET,168761005309975
0,34584,PUT,168761005279193
0,34584,GET,168761005309915
0,38921,PUT,168761005222482
0,38921,GET,168761005310246
0,44303,PUT,168761005263657
0,44303,GET,168761005309945
0,53783,PUT,168761005247059
0,53783,GET,168761005310025
0,33035,PUT,168761005247580
0,33035,GET,168761005310506
0,45086,PUT,168761005276517
0,45086,GET,168761005310065
0,30216,PUT,168761005247500
0,30216,GET,168761005310125
0,42002,PUT,168761005249124
0,42002,GET,168761005310195
0,48145,PUT,168761005241526
0,48145,GET,168761005310226
0,29958,PUT,168761005260229
0,29958,GET,168761005310306
0,49925,PUT,168761005249094
0,49925,GET,168761005310356
0,38151,PUT,168761005247590
0,38151,GET,168761005310506
0,44559,PUT,168761005264299
0,44559,GET,168761005310566
0,36107,PUT,168761005259387
0,36107,GET,168761005310576
0,31509,PUT,168761005277890
0,31509,GET,168761005310606
0,48401,PUT,168761005242428
0,48401,GET,168761005310657
0,33291,PUT,168761005249164
0,33291,GET,168761005310807
0,36611,PUT,168761005260320
0,36611,GET,168761005310717
0,50199,PUT,168761005234700
0,50199,GET,168761005310787
0,27652,PUT,168761005265873
0,27652,GET,168761005310797
0,37902,PUT,168761005253293
0,37902,GET,168761005310837
0,41229,PUT,168761005223695
0,41229,GET,168761005310867
0,50181,PUT,168761005249555
0,50181,GET,168761005310877
0,44315,PUT,168761005267115
0,44315,GET,168761005310877
0,33795,PUT,168761005242879
0,33795,GET,168761005310877
0,38407,PUT,168761005248141
0,38407,GET,168761005310937
0,35851,PUT,168761005256541
0,35851,GET,168761005310937
0,25109,PUT,168761005238810
0,25109,GET,168761005311128
0,48153,PUT,168761005254496
0,48153,GET,168761005311067
0,48657,PUT,168761005242969
0,48657,GET,168761005311088
0,44807,PUT,168761005278883
0,44807,GET,168761005311228
0,37390,PUT,168761005248422
0,37390,GET,168761005311138
0,50455,PUT,168761005235141
0,50455,GET,168761005311238
0,49421,PUT,168761005261502
0,49421,GET,168761005311238
0,26886,PUT,168761005249474
0,26886,GET,168761005311288
0,50437,PUT,168761005249996
0,50437,GET,168761005311308
0,34051,PUT,168761005243330
0,34051,GET,168761005311328
0,33547,PUT,168761005249715
0,33547,GET,168761005311348
0,38663,PUT,168761005248582
0,38663,GET,168761005311368
0,47616,PUT,168761005261041
0,47616,GET,168761005311378
0,39177,PUT,168761005224346
0,39177,GET,168761005311398
0,34832,PUT,168761005249575
0,34832,GET,168761005311418
0,53509,PUT,168761005266183
0,53509,GET,168761005311458
0,42525,PUT,168761005259317
0,42525,GET,168761005311468
0,44815,PUT,168761005265000
0,44815,GET,168761005311549
0,47104,PUT,168761005255278
0,47104,GET,168761005311619
0,42258,PUT,168761005249565
0,42258,GET,168761005311649
0,37647,PUT,168761005235482
0,37647,GET,168761005311659
0,50711,PUT,168761005235582
0,50711,GET,168761005311669
0,43549,PUT,168761005279825
0,43549,GET,168761005311659
0,35092,PUT,168761005279935
0,35092,GET,168761005311699
0,34307,PUT,168761005243781
0,34307,GET,168761005311769
0,38919,PUT,168761005249023
0,38919,GET,168761005311799
0,35088,PUT,168761005250126
0,35088,GET,168761005311869
0,25365,PUT,168761005239251
0,25365,GET,168761005311990
0,42006,PUT,168761005262765
0,42006,GET,168761005311909
0,33803,PUT,168761005250156
0,33803,GET,168761005312020
0,39436,PUT,168761005261823
0,39436,GET,168761005311960
0,36624,PUT,168761005266775
0,36624,GET,168761005312030
0,42514,PUT,168761005252251
0,42514,GET,168761005312100
0,43805,PUT,168761005280507
0,43805,GET,168761005312090
0,54039,PUT,168761005249254
0,54039,GET,168761005312150
0,34563,PUT,168761005244673
0,34563,GET,168761005312200
0,38158,PUT,168761005253945
0,38158,GET,168761005312330
0,34059,PUT,168761005250707
0,34059,GET,168761005312561
0,49677,PUT,168761005262184
0,49677,GET,168761005312501
0,25621,PUT,168761005239692
0,25621,GET,168761005312611
0,45071,PUT,168761005265462
0,45071,GET,168761005312531
0,37903,PUT,168761005235923
0,37903,GET,168761005313243
0,50967,PUT,168761005236484
0,50967,GET,168761005312561
0,47360,PUT,168761005257242
0,47360,GET,168761005312611
0,36880,PUT,168761005267587
0,36880,GET,168761005312681
0,39958,PUT,168761005254576
0,39958,GET,168761005312761
0,50693,PUT,168761005250437
0,50693,GET,168761005312781
0,41485,PUT,168761005225298
0,41485,GET,168761005312771
0,42262,PUT,168761005263527
0,42262,GET,168761005312802
0,51223,PUT,168761005238268
0,51223,GET,168761005313002
0,42770,PUT,168761005253925
0,42770,GET,168761005313012
0,30470,PUT,168761005265562
0,30470,GET,168761005313012
0,37646,PUT,168761005250517
0,37646,GET,168761005313122
0,34315,PUT,168761005251158
0,34315,GET,168761005313172
0,35348,PUT,168761005280617
0,35348,GET,168761005313132
0,40214,PUT,168761005255278
0,40214,GET,168761005313202
0,39175,PUT,168761005249575
0,39175,GET,168761005313273
0,41741,PUT,168761005225950
0,41741,GET,168761005313303
0,50949,PUT,168761005251559
0,50949,GET,168761005313303
0,51729,PUT,168761005270092
0,51729,GET,168761005313363
0,39692,PUT,168761005262495
0,39692,GET,168761005313453
0,37379,PUT,168761005281749
0,37379,GET,168761005313473
0,30730,PUT,168761005266604
0,30730,GET,168761005313513
0,25877,PUT,168761005240133
0,25877,GET,168761005313633
0,32264,PUT,168761005258165
0,32264,GET,168761005313563
0,38414,PUT,168761005255779
0,38414,GET,168761005313563
0,35344,PUT,168761005250657
0,35344,GET,168761005313654
0,34819,PUT,168761005245114
0,34819,GET,168761005313694
0,34571,PUT,168761005251599
0,34571,GET,168761005313704
0,41997,PUT,168761005227263
0,41997,GET,168761005313834
0,38159,PUT,168761005237026
0,38159,GET,168761005313774
0,48913,PUT,168761005244332
0,48913,GET,168761005313794
0,49171,PUT,168761005261673
0,49171,GET,168761005313994
0,26133,PUT,168761005240574
0,26133,GET,168761005314155
0,48659,PUT,168761005257884
0,48659,GET,168761005314085
0,40470,PUT,168761005256020
0,40470,GET,168761005314095
0,41985,PUT,168761005283804
0,41985,GET,168761005314125
0,34827,PUT,168761005252040
0,34827,GET,168761005314135
0,51205,PUT,168761005252111
0,51205,GET,168761005314195
0,41993,PUT,168761005246758
0,41993,GET,168761005314245
0,42780,PUT,168761005268619
0,42780,GET,168761005314275
0,35612,PUT,168761005231683
0,35612,GET,168761005314435
0,42518,PUT,168761005266203
0,42518,GET,168761005314435
0,27142,PUT,168761005249915
0,27142,GET,168761005314485
0,43542,PUT,168761005284546
0,43542,GET,168761005314566
0,39431,PUT,168761005251038
0,39431,GET,168761005314616
0,40726,PUT,168761005256661
0,40726,GET,168761005314636
0,39180,PUT,168761005259067
0,39180,GET,168761005314676
0,35075,PUT,168761005245565
0,35075,GET,168761005314726
0,26389,PUT,168761005241015
0,26389,GET,168761005314916
0,34580,PUT,168761005274422
0,34580,GET,168761005314876
0,39948,PUT,168761005263026
0,39948,GET,168761005315067
0,49427,PUT,168761005262304
0,49427,GET,168761005315027
0,38415,PUT,168761005237467
0,38415,GET,168761005315037
0,50193,PUT,168761005252973
0,50193,GET,168761005315107
0,35600,PUT,168761005252572
0,35600,GET,168761005315107
0,30986,PUT,168761005267406
0,30986,GET,168761005315127
0,35331,PUT,168761005246006
0,35331,GET,168761005315167
0,35083,PUT,168761005252932
0,35083,GET,168761005315177
0,41501,PUT,168761005251750
0,41501,GET,168761005315177
0,48653,PUT,168761005256651
0,48653,GET,168761005315388
0,48915,PUT,168761005259658
0,48915,GET,168761005315247
0,42253,PUT,168761005228165
0,42253,GET,168761005315307
0,32520,PUT,168761005258866
0,32520,GET,168761005315488
0,47872,PUT,168761005263547
0,47872,GET,168761005315558
0,38670,PUT,168761005257874
0,38670,GET,168761005315558
0,35587,PUT,168761005247470
0,35587,GET,168761005315598
0,28954,PUT,168761005266043
0,28954,GET,168761005315678
0,42249,PUT,168761005247881
0,42249,GET,168761005315688
0,36619,PUT,168761005264980
0,36619,GET,168761005315959
0,35843,PUT,168761005248031
0,35843,GET,168761005316039
0,35868,PUT,168761005232585
0,35868,GET,168761005316179
0,40982,PUT,168761005257102
0,40982,GET,168761005316089
0,48128,PUT,168761005264239
0,48128,GET,168761005316199
0,45577,PUT,168761005269140
0,45577,GET,168761005316209
0,42509,PUT,168761005228606
0,42509,GET,168761005316570
0,29210,PUT,168761005266684
0,29210,GET,168761005316330
0,51985,PUT,168761005270704
0,51985,GET,168761005316520
0,48909,PUT,168761005257293
0,48909,GET,168761005316751
0,42505,PUT,168761005248342
0,42505,GET,168761005316580
0,36099,PUT,168761005249394
0,36099,GET,168761005316630
0,38926,PUT,168761005258515
0,38926,GET,168761005316701
0,30741,PUT,168761005271295
0,30741,GET,168761005317061
0,42761,PUT,168761005248783
0,42761,GET,168761005317031
0,35339,PUT,168761005254456
0,35339,GET,168761005317081
0,49683,PUT,168761005267667
0,49683,GET,168761005317172
0,36124,PUT,168761005233477
0,36124,GET,168761005317192
0,51461,PUT,168761005253574
0,51461,GET,168761005317242
0,38671,PUT,168761005239261
0,38671,GET,168761005317502
0,33544,PUT,168761005285749
0,33544,GET,168761005317342
0,45833,PUT,168761005269922
0,45833,GET,168761005317342
0,39443,PUT,168761005221048
0,39443,GET,168761005319427
0,43017,PUT,168761005249224
0,43017,GET,168761005317472
0,49165,PUT,168761005257744
0,49165,GET,168761005317462
0,30997,PUT,168761005272237
0,30997,GET,168761005317502
0,30229,PUT,168761005260670
0,30229,GET,168761005317643
0,51479,PUT,168761005238810
0,51479,GET,168761005318054
0,36355,PUT,168761005249946
0,36355,GET,168761005317673
0,23834,PUT,168761005229678
0,23834,GET,168761005317783
0,42765,PUT,168761005229047
0,42765,GET,168761005317763
0,34836,PUT,168761005275174
0,34836,GET,168761005317833
0,49933,PUT,168761005266694
0,49933,GET,168761005317823
0,33032,PUT,168761005275866
0,33032,GET,168761005318785
0,49939,PUT,168761005268418
0,49939,GET,168761005317964
0,50189,PUT,168761005267336
0,50189,GET,168761005318866
0,41238,PUT,168761005257764
0,41238,GET,168761005318084
0,35595,PUT,168761005254987
0,35595,GET,168761005318094
0,51717,PUT,168761005254195
0,51717,GET,168761005318134
0,36380,PUT,168761005234039
0,36380,GET,168761005318194
0,26650,PUT,168761005250537
0,26650,GET,168761005318304
0,24090,PUT,168761005230119
0,24090,GET,168761005318425
0,27398,PUT,168761005250457
0,27398,GET,168761005318836
0,30726,PUT,168761005268278
0,30726,GET,168761005318465
0,43273,PUT,168761005249665
0,43273,GET,168761005318465
0,38927,PUT,168761005240143
0,38927,GET,168761005318906
0,35856,PUT,168761005258576
0,35856,GET,168761005318695
0,39438,PUT,168761005262084
0,39438,GET,168761005318976
0,43529,PUT,168761005250106
0,43529,GET,168761005318896
0,44039,PUT,168761005273039
0,44039,GET,168761005319026
0,24346,PUT,168761005230561
0,24346,GET,168761005318946
0,43021,PUT,168761005229488
0,43021,GET,168761005319106
0,36636,PUT,168761005234580
0,36636,GET,168761005319096
0,51735,PUT,168761005239251
0,51735,GET,168761005320570
0,39687,PUT,168761005252552
0,39687,GET,168761005319387
0,43785,PUT,168761005250547
0,43785,GET,168761005319327
0,24602,PUT,168761005232675
0,24602,GET,168761005319377
0,27654,PUT,168761005251529
0,27654,GET,168761005319487
0,50195,PUT,168761005268950
0,50195,GET,168761005319597
0,39943,PUT,168761005253193
0,39943,GET,168761005320469
0,50445,PUT,168761005267787
0,50445,GET,168761005319677
0,33288,PUT,168761005276678
0,33288,GET,168761005319708
0,43277,PUT,168761005229929
0,43277,GET,168761005319557
0,41729,PUT,168761005273691
0,41729,GET,168761005319617
0,41494,PUT,168761005258205
0,41494,GET,168761005319818
0,48409,PUT,168761005260189
0,48409,GET,168761005319778
0,42781,PUT,168761005269270
0,42781,GET,168761005319958
0,43533,PUT,168761005230370
0,43533,GET,168761005319998
0,27910,PUT,168761005252421
0,27910,GET,168761005320018
0,39699,PUT,168761005222883
0,39699,GET,168761005320098
0,43783,PUT,168761005269411
0,43783,GET,168761005320389
0,35860,PUT,168761005281729
0,35860,GET,168761005321822
0,47891,PUT,168761005254677
0,47891,GET,168761005320329
0,43789,PUT,168761005230811
0,43789,GET,168761005320580
0,41735,PUT,168761005258896
0,41735,GET,168761005320469
0,44562,PUT,168761005267446
0,44562,GET,168761005321652
0,39183,PUT,168761005240604
0,39183,GET,168761005320930
0,35604,PUT,168761005281198
0,35604,GET,168761005321241
0,39182,PUT,168761005259247
0,39182,GET,168761005320710
0,31253,PUT,168761005274563
0,31253,GET,168761005320750
0,44041,PUT,168761005251920
0,44041,GET,168761005320920
0,41750,PUT,168761005259758
0,41750,GET,168761005321091
0,44047,PUT,168761005261653
0,44047,GET,168761005321021
0,50701,PUT,168761005269932
0,50701,GET,168761005321251
0,44045,PUT,168761005231262
0,44045,GET,168761005321221
0,24858,PUT,168761005233578
0,24858,GET,168761005321121
0,40204,PUT,168761005264930
0,40204,GET,168761005321171
0,51991,PUT,168761005241666
0,51991,GET,168761005321191
0,40718,PUT,168761005277720
0,40718,GET,168761005321361
0,41991,PUT,168761005260731
0,41991,GET,168761005321482
0,44297,PUT,168761005254576
0,44297,GET,168761005321351
0,48147,PUT,168761005256571
0,48147,GET,168761005321532
0,49152,PUT,168761005276417
0,49152,GET,168761005321552
0,30474,PUT,168761005263156
0,30474,GET,168761005321592
0,50451,PUT,168761005269752
0,50451,GET,168761005321692
0,36892,PUT,168761005235141
0,36892,GET,168761005321843
0,25114,PUT,168761005234570
0,25114,GET,168761005321652
0,30485,PUT,168761005265642
0,30485,GET,168761005321732
0,44553,PUT,168761005255559
0,44553,GET,168761005321782
0,45083,PUT,168761005279324
0,45083,GET,168761005323597
0,48403,PUT,168761005257142
0,48403,GET,168761005322113
0,44551,PUT,168761005277159
0,44551,GET,168761005322294
0,44809,PUT,168761005256681
0,44809,GET,168761005322223
0,50707,PUT,168761005270383
0,50707,GET,168761005322253
0,51473,PUT,168761005267196
0,51473,GET,168761005322344
0,36363,PUT,168761005261292
0,36363,GET,168761005322534
0,37148,PUT,168761005235582
0,37148,GET,168761005322534
0,45065,PUT,168761005263076
0,45065,GET,168761005323055
0,44827,PUT,168761005278632
0,44827,GET,168761005322654
0,25370,PUT,168761005235031
0,25370,GET,168761005322644
0,39955,PUT,168761005223444
0,39955,GET,168761005322785
0,34572,PUT,168761005233908
0,34572,GET,168761005322935
0,55319,PUT,168761005265502
0,55319,GET,168761005322955
0,40199,PUT,168761005253955
0,40199,GET,168761005323326
0,28676,PUT,168761005278141
0,28676,GET,168761005323115
0,48384,PUT,168761005267777
0,48384,GET,168761005323005
0,25626,PUT,168761005236494
0,25626,GET,168761005323085
0,40211,PUT,168761005223975
0,40211,GET,168761005323336
0,41473,PUT,168761005269010
0,41473,GET,168761005324048
0,39695,PUT,168761005241486
0,39695,GET,168761005325752
0,37404,PUT,168761005242639
0,37404,GET,168761005323516
0,45327,PUT,168761005268308
0,45327,GET,168761005323516
0,25882,PUT,168761005244643
0,25882,GET,168761005323516
0,34068,PUT,168761005263276
0,34068,GET,168761005323927
0,34828,PUT,168761005234810
0,34828,GET,168761005323567
0,37660,PUT,168761005243982
0,37660,GET,168761005324729
0,42774,PUT,168761005270814
0,42774,GET,168761005323577
0,44059,PUT,168761005266223
0,44059,GET,168761005324168
0,26138,PUT,168761005247109
0,26138,GET,168761005324368
0,50957,PUT,168761005270744
0,50957,GET,168761005323647
0,52503,PUT,168761005242568
0,52503,GET,168761005326764
0,41244,PUT,168761005257764
0,41244,GET,168761005323827
0,28932,PUT,168761005279043
0,28932,GET,168761005323947
0,40467,PUT,168761005225549
0,40467,GET,168761005323847
0,44301,PUT,168761005231703
0,44301,GET,168761005324719
0,37136,PUT,168761005272328
0,37136,GET,168761005324108
0,40455,PUT,168761005254496
0,40455,GET,168761005324118
0,39439,PUT,168761005241045
0,39439,GET,168761005325030
0,41500,PUT,168761005258435
0,41500,GET,168761005324398
0,26645,PUT,168761005242468
0,26645,GET,168761005325722
0,40989,PUT,168761005248181
0,40989,GET,168761005324930
0,24596,PUT,168761005222512
0,24596,GET,168761005325691
0,40711,PUT,168761005255037
0,40711,GET,168761005324659
0,24340,PUT,168761005221650
0,24340,GET,168761005325321
0,52247,PUT,168761005242117
0,52247,GET,168761005325341
0,40723,PUT,168761005226541
0,40723,GET,168761005324860
0,45839,PUT,168761005279955
0,45839,GET,168761005325010
0,35084,PUT,168761005235482
0,35084,GET,168761005324930
0,41756,PUT,168761005258977
0,41756,GET,168761005324920
0,43547,PUT,168761005260109
0,43547,GET,168761005326393
0,40967,PUT,168761005256190
0,40967,GET,168761005325431
0,36108,PUT,168761005241476
0,36108,GET,168761005328368
0,31234,PUT,168761005224777
0,31234,GET,168761005325291
0,40972,PUT,168761005269872
0,40972,GET,168761005325441
0,35340,PUT,168761005237707
0,35340,GET,168761005326553
0,31490,PUT,168761005225860
0,31490,GET,168761005325822
0,24852,PUT,168761005223073
0,24852,GET,168761005326132
0,40979,PUT,168761005227874
0,40979,GET,168761005326032
0,44557,PUT,168761005232695
0,44557,GET,168761005326143
0,26394,PUT,168761005249254
0,26394,GET,168761005326443
0,41235,PUT,168761005228436
0,41235,GET,168761005326473
0,25108,PUT,168761005223725
0,25108,GET,168761005326734
0,39951,PUT,168761005241927
0,39951,GET,168761005327095
0,54295,PUT,168761005252341
0,54295,GET,168761005327726
0,52759,PUT,168761005243009
0,52759,GET,168761005327245
0,41245,PUT,168761005249805
0,41245,GET,168761005327085
0,42012,PUT,168761005260871
0,42012,GET,168761005327225
0,35596,PUT,168761005238168
0,35596,GET,168761005327225
0,44813,PUT,168761005233136
0,44813,GET,168761005327255
0,37916,PUT,168761005244423
0,37916,GET,168761005327496
0,25364,PUT,168761005224166
0,25364,GET,168761005327446
0,31746,PUT,168761005226331
0,31746,GET,168761005327425
0,26901,PUT,168761005242909
0,26901,GET,168761005328618
0,43803,PUT,168761005261843
0,43803,GET,168761005327546
0,25876,PUT,168761005226030
0,25876,GET,168761005328869
0,41491,PUT,168761005228877
0,41491,GET,168761005327666
0,45069,PUT,168761005234139
0,45069,GET,168761005327696
0,35852,PUT,168761005239622
0,35852,GET,168761005327887
0,32002,PUT,168761005227874
0,32002,GET,168761005327856
0,40207,PUT,168761005242819
0,40207,GET,168761005329099
0,25620,PUT,168761005224607
0,25620,GET,168761005327977
0,38172,PUT,168761005244864
0,38172,GET,168761005328187
0,28166,PUT,168761005252862
0,28166,GET,168761005329510
0,42759,PUT,168761005264660
0,42759,GET,168761005328237
0,45325,PUT,168761005236474
0,45325,GET,168761005328237
0,38428,PUT,168761005245305
0,38428,GET,168761005328698
0,41223,PUT,168761005257293
0,41223,GET,168761005330503
0,41999,PUT,168761005253223
0,41999,GET,168761005328468
0,32258,PUT,168761005228426
0,32258,GET,168761005328378
0,31242,PUT,168761005270684
0,31242,GET,168761005328698
0,54551,PUT,168761005253925
0,54551,GET,168761005328889
0,27413,PUT,168761005244242
0,27413,GET,168761005329460
0,27157,PUT,168761005243801
0,27157,GET,168761005329149
0,45581,PUT,168761005238770
0,45581,GET,168761005328869
0,43030,PUT,168761005271486
0,43030,GET,168761005329180
0,32514,PUT,168761005230631
0,32514,GET,168761005328809
0,36364,PUT,168761005241937
0,36364,GET,168761005329039
0,32010,PUT,168761005280617
0,32010,GET,168761005329540
0,31498,PUT,168761005271325
0,31498,GET,168761005329641
0,43286,PUT,168761005272037
0,43286,GET,168761005330001
0,42511,PUT,168761005255579
0,42511,GET,168761005330262
0,32770,PUT,168761005232525
0,32770,GET,168761005329250
0,45837,PUT,168761005246708
0,45837,GET,168761005330112
0,41747,PUT,168761005230230
0,41747,GET,168761005329420
0,38684,PUT,168761005245746
0,38684,GET,168761005329490
0,26132,PUT,168761005227684
0,26132,GET,168761005329450
0,42255,PUT,168761005254927
0,42255,GET,168761005329651
0,38940,PUT,168761005246748
0,38940,GET,168761005329991
0,27669,PUT,168761005244683
0,27669,GET,168761005330503
0,26388,PUT,168761005228245
0,26388,GET,168761005329901
0,45583,PUT,168761005272187
0,45583,GET,168761005330102
0,31754,PUT,168761005272909
0,31754,GET,168761005330593
0,28678,PUT,168761005254075
0,28678,GET,168761005331054
0,42767,PUT,168761005256020
0,42767,GET,168761005331004
0,28422,PUT,168761005253484
0,28422,GET,168761005330162
0,53015,PUT,168761005243901
0,53015,GET,168761005331084
0,39196,PUT,168761005247750
0,39196,GET,168761005331766
0,26644,PUT,168761005229227
0,26644,GET,168761005330653
0,44571,PUT,168761005273139
0,44571,GET,168761005330643
0,46097,PUT,168761005233257
0,46097,GET,168761005330833
0,46093,PUT,168761005248332
0,46093,GET,168761005331735
0,42003,PUT,168761005231663
0,42003,GET,168761005331084
0,36620,PUT,168761005242378
0,36620,GET,168761005331184
0,32266,PUT,168761005281308
0,32266,GET,168761005331675
0,42515,PUT,168761005236655
0,42515,GET,168761005333710
0,46353,PUT,168761005233908
0,46353,GET,168761005331505
