0,281,PUT,169229047189380
0,281,GET,169229048669638
0,537,PUT,169229047190332
0,537,GET,169229048670641
0,793,PUT,169229047190703
0,793,GET,169229048682037
0,1049,PUT,169229047191044
0,1049,GET,169229048684342
0,1305,PUT,169229047191375
0,1305,GET,169229048685024
0,1561,PUT,169229047191716
0,1561,GET,169229048686828
0,1817,PUT,169229047192056
0,1817,GET,169229048687089
0,2073,PUT,169229047192608
0,2073,GET,169229048690938
0,2329,PUT,169229047193440
0,2329,GET,169229048691649
0,2585,PUT,169229047194171
0,2585,GET,169229048692481
0,262,PUT,169229047194592
0,262,GET,169229048692541
0,2841,PUT,169229047194813
0,2841,GET,169229048693263
0,3097,PUT,169229047195174
0,3097,GET,169229048693393
0,518,PUT,169229047195574
0,518,GET,169229048693604
0,3353,PUT,169229047195715
0,3353,GET,169229048693975
0,3609,PUT,169229047196306
0,3609,GET,169229048694737
0,774,PUT,169229047196156
0,774,GET,169229048694606
0,1030,PUT,169229047196697
0,1030,GET,169229048694967
0,3865,PUT,169229047196837
0,3865,GET,169229048695218
0,1286,PUT,169229047197228
0,1286,GET,169229048695709
0,4121,PUT,169229047197379
0,4121,GET,169229048695849
0,1542,PUT,169229047197770
0,1542,GET,169229048696731
0,4377,PUT,169229047197920
0,4377,GET,169229048696942
0,1798,PUT,169229047198301
0,1798,GET,169229048697152
0,4633,PUT,169229047198501
0,4633,GET,169229048697383
0,2054,PUT,169229047198842
0,2054,GET,169229048697413
0,4889,PUT,169229047199043
0,4889,GET,169229048697754
0,2310,PUT,169229047199373
0,2310,GET,169229048697774
0,5145,PUT,169229047199584
0,5145,GET,169229048697964
0,2566,PUT,169229047199915
0,2566,GET,169229048698445
0,5913,PUT,169229047201248
0,5913,GET,169229048699267
0,6169,PUT,169229047201779
0,6169,GET,169229048699447
0,2822,PUT,169229047200456
0,2822,GET,169229048698796
0,3078,PUT,169229047200997
0,3078,GET,169229048699077
0,3334,PUT,169229047201528
0,3334,GET,169229048699447
0,5401,PUT,169229047200125
0,5401,GET,169229048698706
0,3590,PUT,169229047202060
0,3590,GET,169229048699648
0,5657,PUT,169229047200706
0,5657,GET,169229048698996
0,6425,PUT,169229047202320
0,6425,GET,169229048699899
0,3846,PUT,169229047202601
0,3846,GET,169229048699969
0,7449,PUT,169229047204525
0,7449,GET,169229048701262
0,6681,PUT,169229047202912
0,6681,GET,169229048700279
0,4102,PUT,169229047203132
0,4102,GET,169229048700620
0,6937,PUT,169229047203453
0,6937,GET,169229048700981
0,4870,PUT,169229047204746
0,4870,GET,169229048701582
0,7705,PUT,169229047205107
0,7705,GET,169229048701542
0,7193,PUT,169229047203984
0,7193,GET,169229048701101
0,4614,PUT,169229047204205
0,4614,GET,169229048701131
0,4358,PUT,169229047203673
0,4358,GET,169229048701021
0,5126,PUT,169229047205277
0,5126,GET,169229048701843
0,8217,PUT,169229047206189
0,8217,GET,169229048702344
0,5382,PUT,169229047205818
0,5382,GET,169229048702064
0,5894,PUT,169229047206791
0,5894,GET,169229048702495
0,7961,PUT,169229047205648
0,7961,GET,169229048701973
0,7942,PUT,169229047209717
0,7942,GET,169229048703788
0,5638,PUT,169229047206360
0,5638,GET,169229048702464
0,6150,PUT,169229047207322
0,6150,GET,169229048702705
0,6662,PUT,169229047208023
0,6662,GET,169229048703397
0,6406,PUT,169229047207693
0,6406,GET,169229048703026
0,7686,PUT,169229047209377
0,7686,GET,169229048703757
0,6918,PUT,169229047208364
0,6918,GET,169229048703467
0,7174,PUT,169229047208705
0,7174,GET,169229048703557
0,3863,PUT,169229047253268
0,3863,GET,169229048706273
0,7430,PUT,169229047209036
0,7430,GET,169229048703627
0,2327,PUT,169229047251244
0,2327,GET,169229048705201
0,8198,PUT,169229047210198
0,8198,GET,169229048704028
0,279,PUT,169229047247756
0,279,GET,169229048704058
0,2839,PUT,169229047251915
0,2839,GET,169229048705471
0,791,PUT,169229047249069
0,791,GET,169229048704629
0,2583,PUT,169229047251585
0,2583,GET,169229048705211
0,2071,PUT,169229047250903
0,2071,GET,169229048705060
0,6935,PUT,169229047257619
0,6935,GET,169229048707546
0,1815,PUT,169229047250422
0,1815,GET,169229048705071
0,1047,PUT,169229047249410
0,1047,GET,169229048704860
0,535,PUT,169229047248688
0,535,GET,169229048704599
0,1559,PUT,169229047250081
0,1559,GET,169229048704940
0,3095,PUT,169229047252256
0,3095,GET,169229048705812
0,6679,PUT,169229047257278
0,6679,GET,169229048707496
0,1303,PUT,169229047249740
0,1303,GET,169229048704900
0,4119,PUT,169229047253760
0,4119,GET,169229048706544
0,6423,PUT,169229047256947
0,6423,GET,169229048707476
0,4375,PUT,169229047254100
0,4375,GET,169229048706754
0,4631,PUT,169229047254431
0,4631,GET,169229048706795
0,3351,PUT,169229047252597
0,3351,GET,169229048705963
0,8215,PUT,169229047259453
0,8215,GET,169229048708669
0,3607,PUT,169229047252928
0,3607,GET,169229048706003
0,5399,PUT,169229047255444
0,5399,GET,169229048707095
0,5143,PUT,169229047255113
0,5143,GET,169229048706955
0,4887,PUT,169229047254772
0,4887,GET,169229048706885
0,5911,PUT,169229047256125
0,5911,GET,169229048707306
0,769,PUT,169229047300408
0,769,GET,169229048708980
0,6167,PUT,169229047256606
0,6167,GET,169229048707346
0,1793,PUT,169229047301781
0,1793,GET,169229048709371
0,257,PUT,169229047298985
0,257,GET,169229048708749
0,5655,PUT,169229047255784
0,5655,GET,169229048707125
0,7447,PUT,169229047258300
0,7447,GET,169229048708358
0,7703,PUT,169229047258631
0,7703,GET,169229048708388
0,1025,PUT,169229047300769
0,1025,GET,169229048709010
0,513,PUT,169229047299957
0,513,GET,169229048708829
0,3329,PUT,169229047303946
0,3329,GET,169229048709852
0,7959,PUT,169229047258972
0,7959,GET,169229048708478
0,2817,PUT,169229047303275
0,2817,GET,169229048709611
0,3073,PUT,169229047303615
0,3073,GET,169229048709641
0,2305,PUT,169229047302603
0,2305,GET,169229048709551
0,7191,PUT,169229047257959
0,7191,GET,169229048708238
0,2561,PUT,169229047302934
0,2561,GET,169229048709611
0,2049,PUT,169229047302262
0,2049,GET,169229048709401
0,1537,PUT,169229047301440
0,1537,GET,169229048709110
0,1281,PUT,169229047301100
0,1281,GET,169229048709030
0,4865,PUT,169229047306121
0,4865,GET,169229048710894
0,3585,PUT,169229047304287
0,3585,GET,169229048709912
0,4609,PUT,169229047305780
0,4609,GET,169229048710483
0,4097,PUT,169229047305109
0,4097,GET,169229048710202
0,3841,PUT,169229047304628
0,3841,GET,169229048710102
0,8193,PUT,169229047310802
0,8193,GET,169229048712377
0,4353,PUT,169229047305440
0,4353,GET,169229048710212
0,5633,PUT,169229047307134
0,5633,GET,169229048711455
0,541,PUT,169229047335329
0,541,GET,169229048712718
0,6401,PUT,169229047308286
0,6401,GET,169229048711736
0,4893,PUT,169229047341423
0,4893,GET,169229048715144
0,6145,PUT,169229047307956
0,6145,GET,169229048711716
0,2077,PUT,169229047337564
0,2077,GET,169229048713540
0,7709,PUT,169229047345292
0,7709,GET,169229048715976
0,5377,PUT,169229047306793
0,5377,GET,169229048711255
0,7425,PUT,169229047309639
0,7425,GET,169229048712077
0,5121,PUT,169229047306462
0,5121,GET,169229048711095
0,7937,PUT,169229047310311
0,7937,GET,169229048712307
0,6657,PUT,169229047308627
0,6657,GET,169229048711776
0,5889,PUT,169229047307474
0,5889,GET,169229048711485
0,7169,PUT,169229047309299
0,7169,GET,169229048712067
0,2845,PUT,169229047338577
0,2845,GET,169229048714031
0,3101,PUT,169229047338917
0,3101,GET,169229048714071
0,7681,PUT,169229047309980
0,7681,GET,169229048712227
0,5149,PUT,169229047341764
0,5149,GET,169229048715184
0,6913,PUT,169229047308968
0,6913,GET,169229048711896
0,1309,PUT,169229047336392
0,1309,GET,169229048713179
0,2589,PUT,169229047338236
0,2589,GET,169229048713791
0,7453,PUT,169229047344961
0,7453,GET,169229048715986
0,1053,PUT,169229047336061
0,1053,GET,169229048712849
0,797,PUT,169229047335720
0,797,GET,169229048712808
0,285,PUT,169229047334367
0,285,GET,169229048712458
0,519,PUT,169229047359215
0,519,GET,169229048716457
0,2333,PUT,169229047337905
0,2333,GET,169229048713741
0,3613,PUT,169229047339589
0,3613,GET,169229048714553
0,1565,PUT,169229047336732
0,1565,GET,169229048713260
0,3357,PUT,169229047339248
0,3357,GET,169229048714482
0,2055,PUT,169229047361410
0,2055,GET,169229048717279
0,1821,PUT,169229047337073
0,1821,GET,169229048713470
0,3869,PUT,169229047339930
0,3869,GET,169229048714853
0,8221,PUT,169229047346124
0,8221,GET,169229048716236
0,6685,PUT,169229047343949
0,6685,GET,169229048715725
0,5405,PUT,169229047342105
0,5405,GET,169229048715254
0,4637,PUT,169229047341092
0,4637,GET,169229048715054
0,6173,PUT,169229047343268
0,6173,GET,169229048715615
0,4125,PUT,169229047340411
0,4125,GET,169229048714833
0,263,PUT,169229047358312
0,263,GET,169229048716277
0,1799,PUT,169229047360919
0,1799,GET,169229048717129
0,6429,PUT,169229047343608
0,6429,GET,169229048715705
0,6941,PUT,169229047344280
0,6941,GET,169229048715815
0,4381,PUT,169229047340752
0,4381,GET,169229048714873
0,3591,PUT,169229047363434
0,3591,GET,169229048718111
0,7197,PUT,169229047344621
0,7197,GET,169229048715856
0,5917,PUT,169229047342776
0,5917,GET,169229048715525
0,5661,PUT,169229047342446
0,5661,GET,169229048715344
0,7965,PUT,169229047345633
0,7965,GET,169229048716046
0,3847,PUT,169229047363765
0,3847,GET,169229048718141
0,2823,PUT,169229047362422
0,2823,GET,169229048717710
0,3079,PUT,169229047362753
0,3079,GET,169229048717750
0,775,PUT,169229047359575
0,775,GET,169229048716808
0,7431,PUT,169229047368787
0,7431,GET,169229048720115
0,1031,PUT,169229047359906
0,1031,GET,169229048716818
0,7687,PUT,169229047369128
0,7687,GET,169229048720156
0,2311,PUT,169229047361740
0,2311,GET,169229048717600
0,2567,PUT,169229047362081
0,2567,GET,169229048717630
0,3099,PUT,169229047392422
0,3099,GET,169229048721819
0,6919,PUT,169229047368115
0,6919,GET,169229048719755
0,1287,PUT,169229047360247
0,1287,GET,169229048716858
0,4103,PUT,169229047364246
0,4103,GET,169229048718221
0,1543,PUT,169229047360588
0,1543,GET,169229048717048
0,5127,PUT,169229047365599
0,5127,GET,169229048718722
0,5383,PUT,169229047365940
0,5383,GET,169229048718792
0,4615,PUT,169229047364928
0,4615,GET,169229048718462
0,4359,PUT,169229047364587
0,4359,GET,169229048718261
0,3335,PUT,169229047363094
0,3335,GET,169229048717920
0,3355,PUT,169229047392752
0,3355,GET,169229048721849
0,4871,PUT,169229047365259
0,4871,GET,169229048718542
0,6151,PUT,169229047367103
0,6151,GET,169229048719113
0,6407,PUT,169229047367434
0,6407,GET,169229048719153
0,795,PUT,169229047389224
0,795,GET,169229048721028
0,5639,PUT,169229047366281
0,5639,GET,169229048718843
0,5895,PUT,169229047366612
0,5895,GET,169229048718913
0,7175,PUT,169229047368446
0,7175,GET,169229048720025
0,2587,PUT,169229047391740
0,2587,GET,169229048721639
0,1819,PUT,169229047390577
0,1819,GET,169229048721429
0,6663,PUT,169229047367774
0,6663,GET,169229048719484
0,283,PUT,169229047388031
0,283,GET,169229048720737
0,1051,PUT,169229047389565
0,1051,GET,169229048721058
0,7195,PUT,169229047398115
0,7195,GET,169229048723904
0,4891,PUT,169229047394938
0,4891,GET,169229048722691
0,1563,PUT,169229047390237
0,1563,GET,169229048721368
0,2331,PUT,169229047391409
0,2331,GET,169229048721559
0,2075,PUT,169229047391069
0,2075,GET,169229048721529
0,5147,PUT,169229047395268
0,5147,GET,169229048722962
0,7943,PUT,169229047369458
0,7943,GET,169229048720346
0,4123,PUT,169229047393925
0,4123,GET,169229048722381
0,2843,PUT,169229047392081
0,2843,GET,169229048721739
0,1307,PUT,169229047389896
0,1307,GET,169229048721318
0,3611,PUT,169229047393093
0,3611,GET,169229048722110
0,7451,PUT,169229047398456
0,7451,GET,169229048723924
0,8199,PUT,169229047369939
0,8199,GET,169229048720536
0,6939,PUT,169229047397784
0,6939,GET,169229048723684
0,5403,PUT,169229047395609
0,5403,GET,169229048722992
0,539,PUT,169229047388863
0,539,GET,169229048720947
0,2309,PUT,169229047423895
0,2309,GET,169229048725648
0,6171,PUT,169229047396772
0,6171,GET,169229048723584
0,5915,PUT,169229047396281
0,5915,GET,169229048723283
0,4635,PUT,169229047394597
0,4635,GET,169229048722491
0,2565,PUT,169229047424236
0,2565,GET,169229048725688
0,3867,PUT,169229047393434
0,3867,GET,169229048722190
0,4379,PUT,169229047394256
0,4379,GET,169229048722461
0,7707,PUT,169229047398796
0,7707,GET,169229048723994
0,1797,PUT,169229047423073
0,1797,GET,169229048725468
0,3845,PUT,169229047425940
0,3845,GET,169229048726260
0,6427,PUT,169229047397103
0,6427,GET,169229048723573
0,5659,PUT,169229047395950
0,5659,GET,169229048723183
0,517,PUT,169229047421359
0,517,GET,169229048724706
0,8219,PUT,169229047399618
0,8219,GET,169229048724596
0,6683,PUT,169229047397443
0,6683,GET,169229048723604
0,1029,PUT,169229047422061
0,1029,GET,169229048725077
0,6917,PUT,169229047430280
0,6917,GET,169229048727803
0,4101,PUT,169229047426421
0,4101,GET,169229048726540
0,261,PUT,169229047420447
0,261,GET,169229048724636
0,1285,PUT,169229047422401
0,1285,GET,169229048725177
0,4869,PUT,169229047427433
0,4869,GET,169229048727082
0,7963,PUT,169229047399127
0,7963,GET,169229048724335
0,2575,PUT,169229047451238
0,2575,GET,169229048729728
0,773,PUT,169229047421730
0,773,GET,169229048724997
0,7685,PUT,169229047431292
0,7685,GET,169229048728074
0,5125,PUT,169229047427764
0,5125,GET,169229048727122
0,2053,PUT,169229047423564
0,2053,GET,169229048725578
0,4613,PUT,169229047427092
0,4613,GET,169229048726731
0,1541,PUT,169229047422742
0,1541,GET,169229048725277
0,4357,PUT,169229047426751
0,4357,GET,169229048726641
0,3077,PUT,169229047424927
0,3077,GET,169229048725839
0,3333,PUT,169229047425268
0,3333,GET,169229048725919
0,2821,PUT,169229047424586
0,2821,GET,169229048725759
0,3589,PUT,169229047425599
0,3589,GET,169229048725949
0,5381,PUT,169229047428105
0,5381,GET,169229048727302
0,6149,PUT,169229047429267
0,6149,GET,169229048727613
0,7941,PUT,169229047431623
0,7941,GET,169229048728114
0,5893,PUT,169229047428776
0,5893,GET,169229048727533
0,1039,PUT,169229047449063
0,1039,GET,169229048728525
0,5637,PUT,169229047428445
0,5637,GET,169229048727342
0,6661,PUT,169229047429939
0,6661,GET,169229048727723
0,2831,PUT,169229047451569
0,2831,GET,169229048729828
0,8197,PUT,169229047432104
0,8197,GET,169229048728184
0,527,PUT,169229047448322
0,527,GET,169229048728355
0,7173,PUT,169229047430610
0,7173,GET,169229048727904
0,7429,PUT,169229047430951
0,7429,GET,169229048727974
0,271,PUT,169229047447189
0,271,GET,169229048728284
0,5135,PUT,169229047454766
0,5135,GET,169229048730911
0,6405,PUT,169229047429598
0,6405,GET,169229048727643
0,1295,PUT,169229047449394
0,1295,GET,169229048728746
0,4623,PUT,169229047454095
0,4623,GET,169229048730520
0,5391,PUT,169229047455107
0,5391,GET,169229048730951
0,3087,PUT,169229047451910
0,3087,GET,169229048729858
0,783,PUT,169229047448712
0,783,GET,169229048728455
0,6671,PUT,169229047456942
0,6671,GET,169229048731502
0,6159,PUT,169229047456260
0,6159,GET,169229048731211
0,2063,PUT,169229047450557
0,2063,GET,169229048729297
0,1551,PUT,169229047449735
0,1551,GET,169229048729086
0,7695,PUT,169229047458295
0,7695,GET,169229048731833
0,3343,PUT,169229047452251
0,3343,GET,169229048729938
0,6927,PUT,169229047457272
0,6927,GET,169229048731542
0,1807,PUT,169229047450076
0,1807,GET,169229048729116
0,3855,PUT,169229047452922
0,3855,GET,169229048730049
0,1028,PUT,169229047472087
0,1028,GET,169229048732494
0,2319,PUT,169229047450898
0,2319,GET,169229048729327
0,4367,PUT,169229047453754
0,4367,GET,169229048730419
0,3599,PUT,169229047452581
0,3599,GET,169229048729968
0,1284,PUT,169229047472428
0,1284,GET,169229048732524
0,5903,PUT,169229047455779
0,5903,GET,169229048731111
0,7951,PUT,169229047458625
0,7951,GET,169229048731873
0,4111,PUT,169229047453413
0,4111,GET,169229048730329
0,3076,PUT,169229047474933
0,3076,GET,169229048733306
0,4879,PUT,169229047454426
0,4879,GET,169229048730620
0,2564,PUT,169229047474262
0,2564,GET,169229048733196
0,260,PUT,169229047470413
0,260,GET,169229048732224
0,6415,PUT,169229047456601
0,6415,GET,169229048731402
0,5647,PUT,169229047455438
0,5647,GET,169229048731021
0,2308,PUT,169229047473921
0,2308,GET,169229048732925
0,7183,PUT,169229047457613
0,7183,GET,169229048731722
0,6660,PUT,169229047479965
0,6660,GET,169229048734880
0,3588,PUT,169229047475615
0,3588,GET,169229048733476
0,1540,PUT,169229047472758
0,1540,GET,169229048732594
0,2820,PUT,169229047474603
0,2820,GET,169229048733226
0,516,PUT,169229047471385
0,516,GET,169229048732324
0,772,PUT,169229047471746
0,772,GET,169229048732414
0,7439,PUT,169229047457954
0,7439,GET,169229048731752
0,7684,PUT,169229047481318
0,7684,GET,169229048735281
0,8207,PUT,169229047459127
0,8207,GET,169229048732123
0,6916,PUT,169229047480306
0,6916,GET,169229048734910
0,3332,PUT,169229047475274
0,3332,GET,169229048733396
0,4868,PUT,169229047477439
0,4868,GET,169229048733968
0,1796,PUT,169229047473099
0,1796,GET,169229048732685
0,1806,PUT,169229047497335
0,1806,GET,169229048736634
0,2062,PUT,169229047497816
0,2062,GET,169229048736674
0,5380,PUT,169229047478121
0,5380,GET,169229048734369
0,2052,PUT,169229047473590
0,2052,GET,169229048732725
0,4612,PUT,169229047477108
0,4612,GET,169229048733757
0,4356,PUT,169229047476768
0,4356,GET,169229048733677
0,6148,PUT,169229047479293
0,6148,GET,169229048734579
0,6404,PUT,169229047479634
0,6404,GET,169229048734629
0,7172,PUT,169229047480647
0,7172,GET,169229048735100
0,2574,PUT,169229047498498
0,2574,GET,169229048736834
0,8196,PUT,169229047482150
0,8196,GET,169229048735451
0,270,PUT,169229047494589
0,270,GET,169229048735491
0,5124,PUT,169229047477780
0,5124,GET,169229048734048
0,526,PUT,169229047495621
0,526,GET,169229048735682
0,4100,PUT,169229047476427
0,4100,GET,169229048733617
0,3844,PUT,169229047475946
0,3844,GET,169229048733567
0,7182,PUT,169229047504863
0,7182,GET,169229048738969
0,782,PUT,169229047495982
0,782,GET,169229048735872
0,7950,PUT,169229047505875
0,7950,GET,169229048739170
0,5646,PUT,169229047502688
0,5646,GET,169229048738258
0,5636,PUT,169229047478452
0,5636,GET,169229048734469
0,5902,PUT,169229047503029
0,5902,GET,169229048738288
0,7428,PUT,169229047480977
0,7428,GET,169229048735190
0,5892,PUT,169229047478792
0,5892,GET,169229048734499
0,4878,PUT,169229047501675
0,4878,GET,169229048737957
0,5134,PUT,169229047502016
0,5134,GET,169229048738037
0,7438,PUT,169229047505204
0,7438,GET,169229048739059
0,5390,PUT,169229047502357
0,5390,GET,169229048738067
0,8206,PUT,169229047506376
0,8206,GET,169229048739200
0,531,PUT,169229047529069
0,531,GET,169229048739470
0,2830,PUT,169229047498829
0,2830,GET,169229048737115
0,7940,PUT,169229047481659
0,7940,GET,169229048735381
0,3598,PUT,169229047499841
0,3598,GET,169229048737456
0,2318,PUT,169229047498157
0,2318,GET,169229048736744
0,1038,PUT,169229047496323
0,1038,GET,169229048736273
0,1043,PUT,169229047529771
0,1043,GET,169229048739821
0,7694,PUT,169229047505534
0,7694,GET,169229048739100
0,3854,PUT,169229047500182
0,3854,GET,169229048737456
0,4622,PUT,169229047501345
0,4622,GET,169229048737776
0,1294,PUT,169229047496664
0,1294,GET,169229048736483
0,1550,PUT,169229047496995
0,1550,GET,169229048736554
0,3342,PUT,169229047499510
0,3342,GET,169229048737225
0,3086,PUT,169229047499170
0,3086,GET,169229048737155
0,4110,PUT,169229047500663
0,4110,GET,169229048737656
0,3603,PUT,169229047533289
0,3603,GET,169229048740914
0,1555,PUT,169229047530442
0,1555,GET,169229048739992
0,4366,PUT,169229047501004
0,4366,GET,169229048737696
0,2835,PUT,169229047532277
0,2835,GET,169229048740563
0,2579,PUT,169229047531936
0,2579,GET,169229048740523
0,6414,PUT,169229047503850
0,6414,GET,169229048738649
0,1811,PUT,169229047530783
0,1811,GET,169229048740032
0,6926,PUT,169229047504522
0,6926,GET,169229048738769
0,6670,PUT,169229047504191
0,6670,GET,169229048738689
0,2332,PUT,169229047557405
0,2332,GET,169229048744372
0,6158,PUT,169229047503510
0,6158,GET,169229048738368
0,787,PUT,169229047529430
0,787,GET,169229048739551
0,3347,PUT,169229047532948
0,3347,GET,169229048740834
0,2588,PUT,169229047557746
0,2588,GET,169229048744402
0,275,PUT,169229047528247
0,275,GET,169229048739290
0,2323,PUT,169229047531605
0,2323,GET,169229048740433
0,7187,PUT,169229047538321
0,7187,GET,169229048742598
0,2067,PUT,169229047531264
0,2067,GET,169229048740222
0,3859,PUT,169229047533630
0,3859,GET,169229048741014
0,4124,PUT,169229047559931
0,4124,GET,169229048745194
0,1299,PUT,169229047530101
0,1299,GET,169229048739911
0,3091,PUT,169229047532617
0,3091,GET,169229048740643
0,8211,PUT,169229047539834
0,8211,GET,169229048743029
0,7443,PUT,169229047538661
0,7443,GET,169229048742628
0,284,PUT,169229047553997
0,284,GET,169229048743069
0,4371,PUT,169229047534462
0,4371,GET,169229048741245
0,5907,PUT,169229047536486
0,5907,GET,169229048741856
0,4883,PUT,169229047535143
0,4883,GET,169229048741635
0,5139,PUT,169229047535474
0,5139,GET,169229048741676
0,4115,PUT,169229047534131
0,4115,GET,169229048741044
0,4627,PUT,169229047534802
0,4627,GET,169229048741315
0,6419,PUT,169229047537308
0,6419,GET,169229048742147
0,5395,PUT,169229047535815
0,5395,GET,169229048741746
0,5651,PUT,169229047536156
0,5651,GET,169229048741786
0,6675,PUT,169229047537649
0,6675,GET,169229048742357
0,6931,PUT,169229047537990
0,6931,GET,169229048742397
0,5916,PUT,169229047562296
0,5916,GET,169229048745825
0,2844,PUT,169229047558076
0,2844,GET,169229048744582
0,6163,PUT,169229047536977
0,6163,GET,169229048741886
0,7955,PUT,169229047539333
0,7955,GET,169229048742999
0,3100,PUT,169229047558417
0,3100,GET,169229048744622
0,6172,PUT,169229047562787
0,6172,GET,169229048745925
0,7452,PUT,169229047564471
0,7452,GET,169229048746477
0,540,PUT,169229047554859
0,540,GET,169229048743249
0,5148,PUT,169229047561284
0,5148,GET,169229048745605
0,7699,PUT,169229047539002
0,7699,GET,169229048742828
0,796,PUT,169229047555230
0,796,GET,169229048743279
0,7964,PUT,169229047565153
0,7964,GET,169229048746587
0,7708,PUT,169229047564812
0,7708,GET,169229048746507
0,1308,PUT,169229047555901
0,1308,GET,169229048743560
0,3608,PUT,169229047585410
0,3608,GET,169229048748451
0,3864,PUT,169229047585751
0,3864,GET,169229048748511
0,5404,PUT,169229047561625
0,5404,GET,169229048745645
0,3612,PUT,169229047559089
0,3612,GET,169229048745073
0,2076,PUT,169229047557064
0,2076,GET,169229048744211
0,1052,PUT,169229047555571
0,1052,GET,169229048743480
0,2584,PUT,169229047584057
0,2584,GET,169229048747940
0,1820,PUT,169229047556583
0,1820,GET,169229048744021
0,1564,PUT,169229047556242
0,1564,GET,169229048743770
0,3356,PUT,169229047558758
0,3356,GET,169229048744893
0,4380,PUT,169229047560272
0,4380,GET,169229048745294
0,4636,PUT,169229047560612
0,4636,GET,169229048745334
0,3868,PUT,169229047559430
0,3868,GET,169229048745114
0,8220,PUT,169229047565654
0,8220,GET,169229048746617
0,4892,PUT,169229047560943
0,4892,GET,169229048745524
0,280,PUT,169229047580218
0,280,GET,169229048746687
0,6428,PUT,169229047563128
0,6428,GET,169229048746016
0,6684,PUT,169229047563459
0,6684,GET,169229048746056
0,1816,PUT,169229047582854
0,1816,GET,169229048747639
0,1560,PUT,169229047582513
0,1560,GET,169229048747609
0,5660,PUT,169229047561955
0,5660,GET,169229048745725
0,1304,PUT,169229047582172
0,1304,GET,169229048747429
0,6940,PUT,169229047563800
0,6940,GET,169229048746306
0,2072,PUT,169229047583385
0,2072,GET,169229048747720
0,2840,PUT,169229047584398
0,2840,GET,169229048747970
0,2328,PUT,169229047583726
0,2328,GET,169229048747750
0,536,PUT,169229047581130
0,536,GET,169229048746787
0,3352,PUT,169229047585069
0,3352,GET,169229048748191
0,7196,PUT,169229047564141
0,7196,GET,169229048746386
0,5912,PUT,169229047588607
0,5912,GET,169229048749323
0,1048,PUT,169229047581842
0,1048,GET,169229048747238
0,267,PUT,169229047605046
0,267,GET,169229048750125
0,7704,PUT,169229047591123
0,7704,GET,169229048749734
0,792,PUT,169229047581501
0,792,GET,169229048747208
0,6168,PUT,169229047589098
0,6168,GET,169229048749353
0,4120,PUT,169229047586232
0,4120,GET,169229048748672
0,5656,PUT,169229047588257
0,5656,GET,169229048749223
0,3096,PUT,169229047584738
0,3096,GET,169229048748161
0,4376,PUT,169229047586573
0,4376,GET,169229048748712
0,6424,PUT,169229047589439
0,6424,GET,169229048749434
0,6680,PUT,169229047589770
0,6680,GET,169229048749474
0,7960,PUT,169229047591464
0,7960,GET,169229048749834
0,8216,PUT,169229047591955
0,8216,GET,169229048749865
0,2315,PUT,169229047608844
0,2315,GET,169229048751178
0,6667,PUT,169229047618777
0,6667,GET,169229048755347
0,7192,PUT,169229047590452
0,7192,GET,169229048749624
0,4888,PUT,169229047587244
0,4888,GET,169229048748812
0,6936,PUT,169229047590111
0,6936,GET,169229048749554
0,7448,PUT,169229047590782
0,7448,GET,169229048749664
0,523,PUT,169229047606308
0,523,GET,169229048750165
0,5144,PUT,169229047587585
0,5144,GET,169229048749003
0,5400,PUT,169229047587916
0,5400,GET,169229048749033
0,2571,PUT,169229047609185
0,2571,GET,169229048751398
0,2827,PUT,169229047609516
0,2827,GET,169229048751408
0,4632,PUT,169229047586903
0,4632,GET,169229048748782
0,1306,PUT,169229047617695
0,1306,GET,169229048754596
0,1803,PUT,169229047608022
0,1803,GET,169229048751057
0,287,PUT,169229047611791
0,287,GET,169229048752050
0,538,PUT,169229047616041
0,538,GET,169229048753403
0,1055,PUT,169229047614187
0,1055,GET,169229048752591
0,3851,PUT,169229047611861
0,3851,GET,169229048752080
0,779,PUT,169229047606669
0,779,GET,169229048750676
0,4127,PUT,169229047621484
0,4127,GET,169229048756500
0,3103,PUT,169229047619249
0,3103,GET,169229048755708
0,2059,PUT,169229047608504
0,2059,GET,169229048751097
0,4619,PUT,169229047613666
0,4619,GET,169229048752551
0,2079,PUT,169229047616803
0,2079,GET,169229048753844
0,1035,PUT,169229047607010
0,1035,GET,169229048750717
0,282,PUT,169229047614878
0,282,GET,169229048753012
0,3083,PUT,169229047610117
0,3083,GET,169229048751609
0,6923,PUT,169229047619329
0,6923,GET,169229048755748
0,1291,PUT,169229047607341
0,1291,GET,169229048750787
0,2591,PUT,169229047617915
0,2591,GET,169229048754636
0,3339,PUT,169229047610538
0,3339,GET,169229048751639
0,794,PUT,169229047616602
0,794,GET,169229048753814
0,5387,PUT,169229047615780
0,5387,GET,169229048753383
0,5899,PUT,169229047616913
0,5899,GET,169229048754104
0,1547,PUT,169229047607682
0,1547,GET,169229048750857
0,3595,PUT,169229047611190
0,3595,GET,169229048751719
0,4107,PUT,169229047612533
0,4107,GET,169229048752330
0,4363,PUT,169229047613094
0,4363,GET,169229048752441
0,1818,PUT,169229047618888
0,1818,GET,169229048755448
0,1050,PUT,169229047617144
0,1050,GET,169229048754205
0,543,PUT,169229047613014
0,543,GET,169229048752370
0,1823,PUT,169229047616242
0,1823,GET,169229048753583
0,5643,PUT,169229047616322
0,5643,GET,169229048753623
0,799,PUT,169229047613585
0,799,GET,169229048752481
0,4875,PUT,169229047614217
0,4875,GET,169229048752781
0,2335,PUT,169229047617364
0,2335,GET,169229048754295
0,5131,PUT,169229047614918
0,5131,GET,169229048753112
0,1311,PUT,169229047614798
0,1311,GET,169229048752821
0,2074,PUT,169229047619429
0,2074,GET,169229048755889
0,3866,PUT,169229047623308
0,3866,GET,169229048757833
0,5151,PUT,169229047623739
0,5151,GET,169229048757863
0,1567,PUT,169229047615690
0,1567,GET,169229048753293
0,7691,PUT,169229047621013
0,7691,GET,169229048756390
0,2842,PUT,169229047621103
0,2842,GET,169229048756430
0,3359,PUT,169229047619810
0,3359,GET,169229048755919
0,7179,PUT,169229047619890
0,7179,GET,169229048755999
0,4890,PUT,169229047625523
0,4890,GET,169229048758745
0,6155,PUT,169229047617464
0,6155,GET,169229048754395
0,7947,PUT,169229047621604
0,7947,GET,169229048756600
0,5914,PUT,169229047627788
0,5914,GET,169229048759417
0,6175,PUT,169229047626004
0,6175,GET,169229048758775
0,5402,PUT,169229047626636
0,5402,GET,169229048759136
0,7199,PUT,169229047628269
0,7199,GET,169229048759457
0,6411,PUT,169229047618006
0,6411,GET,169229048754836
0,7435,PUT,169229047620441
0,7435,GET,169229048756199
0,2330,PUT,169229047620020
0,2330,GET,169229048756029
0,2586,PUT,169229047620562
0,2586,GET,169229048756289
0,1562,PUT,169229047618236
0,1562,GET,169229048755107
0,2847,PUT,169229047618697
0,2847,GET,169229048755137
0,3615,PUT,169229047620371
0,3615,GET,169229048756109
0,3098,PUT,169229047621684
0,3098,GET,169229048756690
0,8203,PUT,169229047622145
0,8203,GET,169229048756861
0,3871,PUT,169229047620932
0,3871,GET,169229048756320
0,3354,PUT,169229047622225
0,3354,GET,169229048757071
0,4639,PUT,169229047622596
0,4639,GET,169229048757111
0,770,PUT,169229047937147
0,770,GET,169229048761421
0,6938,PUT,169229047630064
0,6938,GET,169229048760479
0,4634,PUT,169229047624942
0,4634,GET,169229048758625
0,5919,PUT,169229047625443
0,5919,GET,169229048758665
0,5658,PUT,169229047627197
0,5658,GET,169229048759317
0,6943,PUT,169229047627708
0,6943,GET,169229048759357
0,4383,PUT,169229047622035
0,4383,GET,169229048756781
0,4895,PUT,169229047623188
0,4895,GET,169229048757562
0,7450,PUT,169229047631056
0,7450,GET,169229048760790
0,7706,PUT,169229047631467
0,7706,GET,169229048760830
0,3610,PUT,169229047622757
0,3610,GET,169229048757302
0,7194,PUT,169229047630615
0,7194,GET,169229048760700
0,2818,PUT,169229047940004
0,2818,GET,169229048762464
0,5146,PUT,169229047626084
0,5146,GET,169229048758855
0,6431,PUT,169229047626555
0,6431,GET,169229048758886
0,4378,PUT,169229047624400
0,4378,GET,169229048758354
0,6687,PUT,169229047627117
0,6687,GET,169229048759236
0,4122,PUT,169229047623849
0,4122,GET,169229048758064
0,5663,PUT,169229047624842
0,5663,GET,169229048758434
0,5407,PUT,169229047624290
0,5407,GET,169229048758274
0,2050,PUT,169229047938991
0,2050,GET,169229048762093
0,8223,PUT,169229047630535
0,8223,GET,169229048760519
0,3842,PUT,169229047941357
0,3842,GET,169229048762825
0,1026,PUT,169229047937478
0,1026,GET,169229048761692
0,4098,PUT,169229047941848
0,4098,GET,169229048762905
0,6170,PUT,169229047628350
0,6170,GET,169229048759647
0,7455,PUT,169229047628831
0,7455,GET,169229048759687
0,1282,PUT,169229047937818
0,1282,GET,169229048761732
0,6426,PUT,169229047628901
0,6426,GET,169229048759868
0,3586,PUT,169229047941016
0,3586,GET,169229048762785
0,7962,PUT,169229047631798
0,7962,GET,169229048760910
0,5890,PUT,169229047944203
0,5890,GET,169229048763576
0,7711,PUT,169229047629382
0,7711,GET,169229048759908
0,7967,PUT,169229047629983
0,7967,GET,169229048760279
0,2306,PUT,169229047939322
0,2306,GET,169229048762293
0,6682,PUT,169229047629462
0,6682,GET,169229048760239
0,4354,PUT,169229047942179
0,4354,GET,169229048762935
0,1538,PUT,169229047938159
0,1538,GET,169229048761802
0,1794,PUT,169229047938490
0,1794,GET,169229048761832
0,6146,PUT,169229047944694
0,6146,GET,169229048763606
0,8218,PUT,169229047632289
0,8218,GET,169229048761111
0,5634,PUT,169229047943872
0,5634,GET,169229048763476
0,1283,PUT,169229048022024
0,1283,GET,169229048765080
0,258,PUT,169229047935423
0,258,GET,169229048761141
0,7170,PUT,169229047946038
0,7170,GET,169229048764108
0,514,PUT,169229047936756
0,514,GET,169229048761321
0,4610,PUT,169229047942519
0,4610,GET,169229048763135
0,4866,PUT,169229047942860
0,4866,GET,169229048763165
0,3331,PUT,169229048024861
0,3331,GET,169229048765942
0,5122,PUT,169229047943191
0,5122,GET,169229048763366
0,5378,PUT,169229047943532
0,5378,GET,169229048763396
0,3074,PUT,169229047940344
0,3074,GET,169229048762684
0,7682,PUT,169229047946719
0,7682,GET,169229048764218
0,7426,PUT,169229047946378
0,7426,GET,169229048764148
0,6402,PUT,169229047945025
0,6402,GET,169229048763677
0,5379,PUT,169229048027707
0,5379,GET,169229048766774
0,3330,PUT,169229047940685
0,3330,GET,169229048762714
0,2562,PUT,169229047939673
0,2562,GET,169229048762394
0,2563,PUT,169229048023848
0,2563,GET,169229048765761
0,2307,PUT,169229048023507
0,2307,GET,169229048765721
0,771,PUT,169229048021342
0,771,GET,169229048764839
0,1027,PUT,169229048021683
0,1027,GET,169229048764879
0,7938,PUT,169229047947050
0,7938,GET,169229048764499
0,4114,PUT,169229048052836
0,4114,GET,169229048769681
0,6403,PUT,169229048029201
0,6403,GET,169229048767185
0,6658,PUT,169229047945366
0,6658,GET,169229048763887
0,8194,PUT,169229047947551
0,8194,GET,169229048764539
0,6914,PUT,169229047945707
0,6914,GET,169229048763917
0,7186,PUT,169229048057035
0,7186,GET,169229048771044
0,259,PUT,169229048019949
0,259,GET,169229048764729
0,8210,PUT,169229048058539
0,8210,GET,169229048771445
0,1795,PUT,169229048022696
0,1795,GET,169229048765431
0,6659,PUT,169229048029541
0,6659,GET,169229048767275
0,5635,PUT,169229048028048
0,5635,GET,169229048766864
0,1539,PUT,169229048022355
0,1539,GET,169229048765230
0,2051,PUT,169229048023177
0,2051,GET,169229048765461
0,2819,PUT,169229048024189
0,2819,GET,169229048765832
0,515,PUT,169229048020952
0,515,GET,169229048764769
0,3075,PUT,169229048024520
0,3075,GET,169229048765872
0,4355,PUT,169229048026354
0,4355,GET,169229048766443
0,265,PUT,169229048102782
0,265,GET,169229048771485
0,4099,PUT,169229048026013
0,4099,GET,169229048766363
0,3843,PUT,169229048025532
0,3843,GET,169229048766333
0,3587,PUT,169229048025201
0,3587,GET,169229048766233
0,6915,PUT,169229048029872
0,6915,GET,169229048767365
0,7171,PUT,169229048030213
0,7171,GET,169229048767455
0,4867,PUT,169229048027026
0,4867,GET,169229048766664
0,521,PUT,169229048103964
0,521,GET,169229048771765
0,7939,PUT,169229048031225
0,7939,GET,169229048768077
0,5123,PUT,169229048027366
0,5123,GET,169229048766704
0,4611,PUT,169229048026695
0,4611,GET,169229048766483
0,7427,PUT,169229048030554
0,7427,GET,169229048767776
0,3090,PUT,169229048051332
0,3090,GET,169229048769460
0,3346,PUT,169229048051673
0,3346,GET,169229048769500
0,3602,PUT,169229048052014
0,3602,GET,169229048769570
0,3858,PUT,169229048052344
0,3858,GET,169229048769610
0,1298,PUT,169229048048826
0,1298,GET,169229048768498
0,1042,PUT,169229048048485
0,1042,GET,169229048768468
0,5891,PUT,169229048028379
0,5891,GET,169229048767075
0,5394,PUT,169229048054519
0,5394,GET,169229048770322
0,6147,PUT,169229048028860
0,6147,GET,169229048767105
0,8195,PUT,169229048031717
0,8195,GET,169229048768137
0,530,PUT,169229048047784
0,530,GET,169229048768358
0,7442,PUT,169229048057376
0,7442,GET,169229048771144
0,1810,PUT,169229048049498
0,1810,GET,169229048768758
0,2322,PUT,169229048050320
0,2322,GET,169229048768859
0,7683,PUT,169229048030885
0,7683,GET,169229048767987
0,274,PUT,169229048046782
0,274,GET,169229048768177
0,786,PUT,169229048048145
0,786,GET,169229048768398
0,1554,PUT,169229048049157
0,1554,GET,169229048768568
0,3081,PUT,169229048107553
0,3081,GET,169229048772788
0,2578,PUT,169229048050661
0,2578,GET,169229048769059
0,6418,PUT,169229048056023
0,6418,GET,169229048770753
0,2066,PUT,169229048049989
0,2066,GET,169229048768789
0,6162,PUT,169229048055682
0,6162,GET,169229048770713
0,2834,PUT,169229048051001
0,2834,GET,169229048769380
0,7698,PUT,169229048057707
0,7698,GET,169229048771334
0,4370,PUT,169229048053166
0,4370,GET,169229048769781
0,7954,PUT,169229048058048
0,7954,GET,169229048771375
0,5129,PUT,169229048110399
0,5129,GET,169229048773479
0,4626,PUT,169229048053507
0,4626,GET,169229048769821
0,5138,PUT,169229048054179
0,5138,GET,169229048770252
0,6930,PUT,169229048056695
0,6930,GET,169229048770863
0,4882,PUT,169229048053848
0,4882,GET,169229048770212
0,2057,PUT,169229048106200
0,2057,GET,169229048772527
0,5650,PUT,169229048054860
0,5650,GET,169229048770412
0,6665,PUT,169229048112574
0,6665,GET,169229048773880
0,7433,PUT,169229048113597
0,7433,GET,169229048774291
0,1801,PUT,169229048105718
0,1801,GET,169229048772477
0,6674,PUT,169229048056364
0,6674,GET,169229048770833
0,4105,PUT,169229048109046
0,4105,GET,169229048773028
0,1289,PUT,169229048105047
0,1289,GET,169229048772176
0,5906,PUT,169229048055191
0,5906,GET,169229048770452
0,7689,PUT,169229048113927
0,7689,GET,169229048774682
0,7945,PUT,169229048114268
0,7945,GET,169229048774722
0,3337,PUT,169229048107893
0,3337,GET,169229048772888
0,6921,PUT,169229048112925
0,6921,GET,169229048773920
0,1040,PUT,169229048148448
0,1040,GET,169229048775434
0,3593,PUT,169229048108234
0,3593,GET,169229048772918
0,1545,PUT,169229048105388
0,1545,GET,169229048772206
0,777,PUT,169229048104375
0,777,GET,169229048771846
0,5897,PUT,169229048111412
0,5897,GET,169229048773690
0,4368,PUT,169229048153139
0,4368,GET,169229048777348
0,3849,PUT,169229048108565
0,3849,GET,169229048772988
0,1033,PUT,169229048104706
0,1033,GET,169229048772096
0,4361,PUT,169229048109387
0,4361,GET,169229048773289
0,2064,PUT,169229048149941
0,2064,GET,169229048776266
0,5385,PUT,169229048110740
0,5385,GET,169229048773570
0,2569,PUT,169229048106881
0,2569,GET,169229048772688
0,2313,PUT,169229048106540
0,2313,GET,169229048772587
0,2825,PUT,169229048107212
0,2825,GET,169229048772718
0,5641,PUT,169229048111071
0,5641,GET,169229048773660
0,4617,PUT,169229048109728
0,4617,GET,169229048773319
0,4873,PUT,169229048110058
0,4873,GET,169229048773399
0,3344,PUT,169229048151635
0,3344,GET,169229048776627
0,2320,PUT,169229048150282
0,2320,GET,169229048776306
0,6153,PUT,169229048111893
0,6153,GET,169229048773770
0,6409,PUT,169229048112234
0,6409,GET,169229048773820
0,3856,PUT,169229048152317
0,3856,GET,169229048777118
0,784,PUT,169229048148107
0,784,GET,169229048775354
0,8201,PUT,169229048114749
0,8201,GET,169229048774792
0,272,PUT,169229048146583
0,272,GET,169229048774823
0,6160,PUT,169229048155644
0,6160,GET,169229048778010
0,7177,PUT,169229048113256
0,7177,GET,169229048774111
0,6416,PUT,169229048155985
0,6416,GET,169229048778050
0,7952,PUT,169229048158030
0,7952,GET,169229048778972
0,4112,PUT,169229048152798
0,4112,GET,169229048777158
0,8208,PUT,169229048158511
0,8208,GET,169229048779002
0,1552,PUT,169229048149119
0,1552,GET,169229048775855
0,5392,PUT,169229048154482
0,5392,GET,169229048777629
0,528,PUT,169229048147706
0,528,GET,169229048775083
0,5904,PUT,169229048155163
0,5904,GET,169229048777739
0,5648,PUT,169229048154822
0,5648,GET,169229048777709
0,1808,PUT,169229048149460
0,1808,GET,169229048776065
0,4624,PUT,169229048153469
0,4624,GET,169229048777378
0,1296,PUT,169229048148778
0,1296,GET,169229048775634
0,1809,PUT,169229048171201
0,1809,GET,169229048779754
0,1553,PUT,169229048170870
0,1553,GET,169229048779714
0,2832,PUT,169229048150963
0,2832,GET,169229048776456
0,3088,PUT,169229048151294
0,3088,GET,169229048776547
0,3600,PUT,169229048151976
0,3600,GET,169229048776827
0,4880,PUT,169229048153810
0,4880,GET,169229048777459
0,2576,PUT,169229048150623
0,2576,GET,169229048776376
0,5393,PUT,169229048176222
0,5393,GET,169229048781298
0,6672,PUT,169229048156326
0,6672,GET,169229048778110
0,5649,PUT,169229048176573
0,5649,GET,169229048781328
0,5136,PUT,169229048154151
0,5136,GET,169229048777539
0,273,PUT,169229048168785
0,273,GET,169229048779082
0,6928,PUT,169229048156667
0,6928,GET,169229048778150
0,529,PUT,169229048169476
0,529,GET,169229048779503
0,785,PUT,169229048169857
0,785,GET,169229048779533
0,7184,PUT,169229048157008
0,7184,GET,169229048778341
0,4113,PUT,169229048174538
0,4113,GET,169229048780847
0,7440,PUT,169229048157348
0,7440,GET,169229048778421
0,7696,PUT,169229048157679
0,7696,GET,169229048778601
0,2321,PUT,169229048172032
0,2321,GET,169229048779914
0,1034,PUT,169229048218069
0,1034,GET,169229048782981
0,1041,PUT,169229048170188
0,1041,GET,169229048779614
0,1297,PUT,169229048170529
0,1297,GET,169229048779644
0,5905,PUT,169229048176904
0,5905,GET,169229048781418
0,4369,PUT,169229048174879
0,4369,GET,169229048780937
0,3594,PUT,169229048221588
0,3594,GET,169229048784254
0,4625,PUT,169229048175210
0,4625,GET,169229048780967
0,2065,PUT,169229048171692
0,2065,GET,169229048779834
0,2577,PUT,169229048172363
0,2577,GET,169229048780105
0,6673,PUT,169229048178066
0,6673,GET,169229048781688
0,3601,PUT,169229048173716
0,3601,GET,169229048780556
0,3857,PUT,169229048174047
0,3857,GET,169229048780756
0,2833,PUT,169229048172704
0,2833,GET,169229048780135
0,6161,PUT,169229048177395
0,6161,GET,169229048781498
0,4881,PUT,169229048175551
0,4881,GET,169229048781047
0,5137,PUT,169229048175891
0,5137,GET,169229048781087
0,7697,PUT,169229048179420
0,7697,GET,169229048782119
0,2826,PUT,169229048220575
0,2826,GET,169229048783693
0,4618,PUT,169229048223091
0,4618,GET,169229048784786
0,6929,PUT,169229048178407
0,6929,GET,169229048781779
0,3089,PUT,169229048173035
0,3089,GET,169229048780325
0,3345,PUT,169229048173376
0,3345,GET,169229048780365
0,8209,PUT,169229048180242
0,8209,GET,169229048782400
0,6666,PUT,169229048225938
0,6666,GET,169229048785487
0,6922,PUT,169229048226278
0,6922,GET,169229048785527
0,7185,PUT,169229048178748
0,7185,GET,169229048781969
0,7441,PUT,169229048179079
0,7441,GET,169229048782049
0,4874,PUT,169229048223422
0,4874,GET,169229048784826
0,6417,PUT,169229048177726
0,6417,GET,169229048781588
0,2570,PUT,169229048220244
0,2570,GET,169229048783623
0,266,PUT,169229048216085
0,266,GET,169229048782440
0,7953,PUT,169229048179760
0,7953,GET,169229048782210
0,522,PUT,169229048217338
0,522,GET,169229048782621
0,2314,PUT,169229048219904
0,2314,GET,169229048783583
0,5898,PUT,169229048224775
0,5898,GET,169229048785287
0,7946,PUT,169229048227622
0,7946,GET,169229048785808
0,778,PUT,169229048217729
0,778,GET,169229048782721
0,3082,PUT,169229048220916
0,3082,GET,169229048783944
0,6154,PUT,169229048225266
0,6154,GET,169229048785317
0,1290,PUT,169229048218410
0,1290,GET,169229048783082
0,1546,PUT,169229048218741
0,1546,GET,169229048783152
0,3850,PUT,169229048221928
0,3850,GET,169229048784355
0,1802,PUT,169229048219082
0,1802,GET,169229048783473
0,2058,PUT,169229048219563
0,2058,GET,169229048783513
0,2829,PUT,169229048256649
0,2829,GET,169229048787452
0,6410,PUT,169229048225597
0,6410,GET,169229048785387
0,4106,PUT,169229048222409
0,4106,GET,169229048784565
0,7690,PUT,169229048227291
0,7690,GET,169229048785768
0,3338,PUT,169229048221257
0,3338,GET,169229048784044
0,4362,PUT,169229048222750
0,4362,GET,169229048784605
0,3085,PUT,169229048256990
0,3085,GET,169229048787482
0,4365,PUT,169229048258834
0,4365,GET,169229048788023
0,1549,PUT,169229048254815
0,1549,GET,169229048786941
0,3341,PUT,169229048257331
0,3341,GET,169229048787682
0,3597,PUT,169229048257661
0,3597,GET,169229048787712
0,5642,PUT,169229048224434
0,5642,GET,169229048785207
0,5130,PUT,169229048223763
0,5130,GET,169229048785076
0,1805,PUT,169229048255156
0,1805,GET,169229048787151
0,7437,PUT,169229048263044
0,7437,GET,169229048789667
0,7434,PUT,169229048226950
0,7434,GET,169229048785668
0,7181,PUT,169229048262703
0,7181,GET,169229048789446
0,4877,PUT,169229048259516
0,4877,GET,169229048788324
0,5386,PUT,169229048224103
0,5386,GET,169229048785167
0,1293,PUT,169229048254484
0,1293,GET,169229048786730
0,2061,PUT,169229048255637
0,2061,GET,169229048787251
0,3853,PUT,169229048258002
0,3853,GET,169229048787793
0,4109,PUT,169229048258503
0,4109,GET,169229048787833
0,269,PUT,169229048252349
0,269,GET,169229048786389
0,525,PUT,169229048253421
0,525,GET,169229048786429
0,7178,PUT,169229048226609
0,7178,GET,169229048785618
0,8202,PUT,169229048228113
0,8202,GET,169229048786199
0,3350,PUT,169229048315927
0,3350,GET,169229048794799
0,2317,PUT,169229048255977
0,2317,GET,169229048787281
0,781,PUT,169229048253802
0,781,GET,169229048786510
0,1037,PUT,169229048254143
0,1037,GET,169229048786550
0,277,PUT,169229048285145
0,277,GET,169229048790018
0,8205,PUT,169229048264197
0,8205,GET,169229048789988
0,2573,PUT,169229048256318
0,2573,GET,169229048787362
0,5133,PUT,169229048259846
0,5133,GET,169229048788394
0,5389,PUT,169229048260187
0,5389,GET,169229048788474
0,6157,PUT,169229048261350
0,6157,GET,169229048789116
0,533,PUT,169229048286007
0,533,GET,169229048790098
0,6413,PUT,169229048261681
0,6413,GET,169229048789216
0,6669,PUT,169229048262021
0,6669,GET,169229048789296
0,5901,PUT,169229048260859
0,5901,GET,169229048788845
0,7958,PUT,169229048322322
0,7958,GET,169229048797034
0,7693,PUT,169229048263385
0,7693,GET,169229048789757
0,7949,PUT,169229048263715
0,7949,GET,169229048789797
0,6925,PUT,169229048262362
0,6925,GET,169229048789366
0,5645,PUT,169229048260528
0,5645,GET,169229048788815
0,4621,PUT,169229048259175
0,4621,GET,169229048788244
0,3605,PUT,169229048290267
0,3605,GET,169229048791782
0,789,PUT,169229048286388
0,789,GET,169229048790178
0,1045,PUT,169229048286729
0,1045,GET,169229048790208
0,1557,PUT,169229048287400
0,1557,GET,169229048790319
0,1301,PUT,169229048287070
0,1301,GET,169229048790288
0,2325,PUT,169229048288573
0,2325,GET,169229048790739
0,5141,PUT,169229048292452
0,5141,GET,169229048792313
0,2837,PUT,169229048289255
0,2837,GET,169229048791170
0,1813,PUT,169229048287741
0,1813,GET,169229048790519
0,2069,PUT,169229048288242
0,2069,GET,169229048790559
0,7189,PUT,169229048295309
0,7189,GET,169229048793185
0,3093,PUT,169229048289585
0,3093,GET,169229048791261
0,2581,PUT,169229048288914
0,2581,GET,169229048790780
0,6677,PUT,169229048294627
0,6677,GET,169229048793075
0,6933,PUT,169229048294968
0,6933,GET,169229048793115
0,7445,PUT,169229048295650
0,7445,GET,169229048793225
0,3861,PUT,169229048290598
0,3861,GET,169229048791872
0,6165,PUT,169229048293956
0,6165,GET,169229048792634
0,4373,PUT,169229048291440
0,4373,GET,169229048791982
0,5397,PUT,169229048292793
0,5397,GET,169229048792343
0,4629,PUT,169229048291781
0,4629,GET,169229048792083
0,4885,PUT,169229048292111
0,4885,GET,169229048792123
0,278,PUT,169229048310915
0,278,GET,169229048793506
0,3349,PUT,169229048289926
0,3349,GET,169229048791511
0,6421,PUT,169229048294296
0,6421,GET,169229048792975
0,4117,PUT,169229048291099
0,4117,GET,169229048791912
0,3094,PUT,169229048315596
0,3094,GET,169229048794719
0,1046,PUT,169229048312739
0,1046,GET,169229048793716
0,790,PUT,169229048312408
0,790,GET,169229048793686
0,7701,PUT,169229048295990
0,7701,GET,169229048793305
0,5653,PUT,169229048293124
0,5653,GET,169229048792534
0,5909,PUT,169229048293464
0,5909,GET,169229048792564
0,1302,PUT,169229048313080
0,1302,GET,169229048793907
0,788,PUT,169229048340714
0,788,GET,169229048797485
0,532,PUT,169229048340333
0,532,GET,169229048797455
0,2326,PUT,169229048314584
0,2326,GET,169229048794238
0,7957,PUT,169229048296321
0,7957,GET,169229048793396
0,1558,PUT,169229048313421
0,1558,GET,169229048794007
0,8213,PUT,169229048296822
0,8213,GET,169229048793436
0,4374,PUT,169229048317440
0,4374,GET,169229048795481
0,534,PUT,169229048312028
0,534,GET,169229048793596
0,2838,PUT,169229048315255
0,2838,GET,169229048794689
0,6422,PUT,169229048320297
0,6422,GET,169229048796222
0,3862,PUT,169229048316608
0,3862,GET,169229048795260
0,4118,PUT,169229048317109
0,4118,GET,169229048795290
0,2324,PUT,169229048342889
0,2324,GET,169229048798187
0,1814,PUT,169229048313752
0,1814,GET,169229048794107
0,2070,PUT,169229048314243
0,2070,GET,169229048794147
0,5398,PUT,169229048318793
0,5398,GET,169229048795691
0,5910,PUT,169229048319465
0,5910,GET,169229048795982
0,2582,PUT,169229048314914
0,2582,GET,169229048794438
0,6678,PUT,169229048320628
0,6678,GET,169229048796262
0,3092,PUT,169229048343902
0,3092,GET,169229048798588
0,3606,PUT,169229048316267
0,3606,GET,169229048795070
0,4630,PUT,169229048317781
0,4630,GET,169229048795511
0,6166,PUT,169229048319956
0,6166,GET,169229048796022
0,7190,PUT,169229048321309
0,7190,GET,169229048796844
0,7446,PUT,169229048321640
0,7446,GET,169229048796884
0,4884,PUT,169229048346427
0,4884,GET,169229048799269
0,4886,PUT,169229048318122
0,4886,GET,169229048795581
0,5142,PUT,169229048318453
0,5142,GET,169229048795621
0,4628,PUT,169229048346097
0,4628,GET,169229048799239
0,6934,PUT,169229048320968
0,6934,GET,169229048796663
0,2580,PUT,169229048343230
0,2580,GET,169229048798287
0,5654,PUT,169229048319134
0,5654,GET,169229048795781
0,2312,PUT,169229048379294
0,2312,GET,169229048801585
0,276,PUT,169229048339231
0,276,GET,169229048797194
0,1044,PUT,169229048341055
0,1044,GET,169229048797565
0,2068,PUT,169229048342559
0,2068,GET,169229048798097
0,3348,PUT,169229048344242
0,3348,GET,169229048798628
0,4372,PUT,169229048345756
0,4372,GET,169229048799149
0,7702,PUT,169229048321981
0,7702,GET,169229048796964
0,1812,PUT,169229048342067
0,1812,GET,169229048798036
0,2836,PUT,169229048343571
0,2836,GET,169229048798327
0,7444,PUT,169229048349966
0,7444,GET,169229048800422
0,7188,PUT,169229048349625
0,7188,GET,169229048800382
0,6164,PUT,169229048348272
0,6164,GET,169229048800091
0,4104,PUT,169229048381810
0,4104,GET,169229048802607
0,4116,PUT,169229048345415
0,4116,GET,169229048799049
0,1300,PUT,169229048341386
0,1300,GET,169229048797786
0,8214,PUT,169229048322823
0,8214,GET,169229048797114
0,4360,PUT,169229048382150
0,4360,GET,169229048802637
0,5908,PUT,169229048347781
0,5908,GET,169229048799911
0,5396,PUT,169229048347109
0,5396,GET,169229048799550
0,1556,PUT,169229048341727
0,1556,GET,169229048797826
0,6676,PUT,169229048348953
0,6676,GET,169229048800282
0,6420,PUT,169229048348613
0,6420,GET,169229048800181
0,5140,PUT,169229048346768
0,5140,GET,169229048799349
0,3860,PUT,169229048344914
0,3860,GET,169229048798738
0,3604,PUT,169229048344583
0,3604,GET,169229048798698
0,1822,PUT,169229048411048
0,1822,GET,169229048805273
0,2078,PUT,169229048411539
0,2078,GET,169229048805313
0,5652,PUT,169229048347450
0,5652,GET,169229048799590
0,776,PUT,169229048377119
0,776,GET,169229048800923
0,520,PUT,169229048376738
0,520,GET,169229048800883
0,6932,PUT,169229048349284
0,6932,GET,169229048800312
0,7700,PUT,169229048350296
0,7700,GET,169229048800602
0,1032,PUT,169229048377460
0,1032,GET,169229048801013
0,8212,PUT,169229048351138
0,8212,GET,169229048800733
0,1288,PUT,169229048377800
0,1288,GET,169229048801053
0,7956,PUT,169229048350637
0,7956,GET,169229048800703
0,3080,PUT,169229048380306
0,3080,GET,169229048802076
0,1544,PUT,169229048378131
0,1544,GET,169229048801134
0,8200,PUT,169229048387523
0,8200,GET,169229048804662
0,264,PUT,169229048375495
0,264,GET,169229048800813
0,1800,PUT,169229048378472
0,1800,GET,169229048801404
0,542,PUT,169229048409304
0,542,GET,169229048804772
0,798,PUT,169229048409694
0,798,GET,169229048804812
0,2824,PUT,169229048379965
0,2824,GET,169229048801865
0,286,PUT,169229048407980
0,286,GET,169229048804702
0,2056,PUT,169229048378953
0,2056,GET,169229048801494
0,4616,PUT,169229048382481
0,4616,GET,169229048802717
0,6942,PUT,169229048418264
0,6942,GET,169229048807358
0,7198,PUT,169229048418595
0,7198,GET,169229048807398
0,7688,PUT,169229048386681
0,7688,GET,169229048804441
0,2568,PUT,169229048379625
0,2568,GET,169229048801685
0,7944,PUT,169229048387022
0,7944,GET,169229048804471
0,3336,PUT,169229048380637
0,3336,GET,169229048802296
0,6408,PUT,169229048384997
0,6408,GET,169229048803780
0,1054,PUT,169229048410035
0,1054,GET,169229048804882
0,4872,PUT,169229048382822
0,4872,GET,169229048802928
0,5640,PUT,169229048383834
0,5640,GET,169229048803349
0,3592,PUT,169229048380978
0,3592,GET,169229048802336
0,3848,PUT,169229048381319
0,3848,GET,169229048802527
0,5896,PUT,169229048384175
0,5896,GET,169229048803539
0,5128,PUT,169229048383163
0,5128,GET,169229048803128
0,6152,PUT,169229048384656
0,6152,GET,169229048803579
0,5384,PUT,169229048383494
0,5384,GET,169229048803168
0,1310,PUT,169229048410376
0,1310,GET,169229048804973
0,4638,PUT,169229048415067
0,4638,GET,169229048806426
0,6664,PUT,169229048385328
0,6664,GET,169229048803820
0,1566,PUT,169229048410707
0,1566,GET,169229048805193
0,3102,PUT,169229048412892
0,3102,GET,169229048805915
0,3614,PUT,169229048413563
0,3614,GET,169229048806025
0,7176,PUT,169229048386009
0,7176,GET,169229048804211
0,3870,PUT,169229048413904
0,3870,GET,169229048806065
0,7454,PUT,169229048418936
0,7454,GET,169229048807468
0,7432,PUT,169229048386340
0,7432,GET,169229048804241
0,3358,PUT,169229048413233
0,3358,GET,169229048805945
0,6920,PUT,169229048385669
0,6920,GET,169229048804020
0,7710,PUT,169229048419277
0,7710,GET,169229048807579
0,1292,PUT,169229048437870
0,1292,GET,169229048808170
0,1548,PUT,169229048438201
0,1548,GET,169229048808210
0,6430,PUT,169229048417583
0,6430,GET,169229048807248
0,2846,PUT,169229048412551
0,2846,GET,169229048805815
0,2590,PUT,169229048412210
0,2590,GET,169229048805744
0,2572,PUT,169229048439704
0,2572,GET,169229048808601
0,6686,PUT,169229048417924
0,6686,GET,169229048807288
0,5150,PUT,169229048415738
0,5150,GET,169229048806556
0,4894,PUT,169229048415408
0,4894,GET,169229048806516
0,5406,PUT,169229048416079
0,5406,GET,169229048806626
0,4382,PUT,169229048414726
0,4382,GET,169229048806346
0,4126,PUT,169229048414395
0,4126,GET,169229048806316
0,5918,PUT,169229048416751
0,5918,GET,169229048806737
0,6174,PUT,169229048417252
0,6174,GET,169229048806777
0,1036,PUT,169229048437529
0,1036,GET,169229048808090
0,2334,PUT,169229048411880
0,2334,GET,169229048805704
0,2060,PUT,169229048439023
0,2060,GET,169229048808441
0,1804,PUT,169229048438541
0,1804,GET,169229048808401
0,2316,PUT,169229048439363
0,2316,GET,169229048808531
0,268,PUT,169229048435785
0,268,GET,169229048807889
0,5662,PUT,169229048416420
0,5662,GET,169229048806666
0,780,PUT,169229048437188
0,780,GET,169229048808000
0,524,PUT,169229048436817
0,524,GET,169229048807959
0,5900,PUT,169229048444245
0,5900,GET,169229048810495
0,3596,PUT,169229048441047
0,3596,GET,169229048809273
0,7966,PUT,169229048419607
0,7966,GET,169229048807779
0,8222,PUT,169229048420099
0,8222,GET,169229048807819
0,4364,PUT,169229048442220
0,4364,GET,169229048809553
0,4108,PUT,169229048441879
0,4108,GET,169229048809483
0,3852,PUT,169229048441388
0,3852,GET,169229048809443
0,4876,PUT,169229048442892
0,4876,GET,169229048809974
0,5132,PUT,169229048443232
0,5132,GET,169229048810024
0,2828,PUT,169229048440035
0,2828,GET,169229048808972
0,3340,PUT,169229048440717
0,3340,GET,169229048809082
0,3084,PUT,169229048440376
0,3084,GET,169229048809012
0,4620,PUT,169229048442561
0,4620,GET,169229048809894
0,5388,PUT,169229048443573
0,5388,GET,169229048810084
0,7948,PUT,169229048447091
0,7948,GET,169229048811849
0,6668,PUT,169229048445407
0,6668,GET,169229048811438
0,6924,PUT,169229048445748
0,6924,GET,169229048811478
0,6156,PUT,169229048444736
0,6156,GET,169229048810816
0,8204,PUT,169229048447592
0,8204,GET,169229048811949
0,1536,PUT,169229048476941
0,1536,GET,169229048812560
0,5644,PUT,169229048443904
0,5644,GET,169229048810305
0,5120,PUT,169229048481962
0,5120,GET,169229048814004
0,2560,PUT,169229048478434
0,2560,GET,169229048812971
0,2304,PUT,169229048478093
0,2304,GET,169229048812941
0,6412,PUT,169229048445067
0,6412,GET,169229048811007
0,5376,PUT,169229048482293
0,5376,GET,169229048814034
0,3840,PUT,169229048480118
0,3840,GET,169229048813282
0,256,PUT,169229048474164
0,256,GET,169229048812029
0,7692,PUT,169229048446761
0,7692,GET,169229048811658
0,1024,PUT,169229048476259
0,1024,GET,169229048812460
0,7180,PUT,169229048446079
0,7180,GET,169229048811548
0,3584,PUT,169229048479787
0,3584,GET,169229048813252
0,7436,PUT,169229048446420
0,7436,GET,169229048811588
0,3328,PUT,169229048479446
0,3328,GET,169229048813152
0,1280,PUT,169229048476600
0,1280,GET,169229048812490
0,1792,PUT,169229048477271
0,1792,GET,169229048812831
0,2816,PUT,169229048478775
0,2816,GET,169229048813051
0,512,PUT,169229048475517
0,512,GET,169229048812229
0,4864,PUT,169229048481622
0,4864,GET,169229048813923
0,768,PUT,169229048475928
0,768,GET,169229048812270
0,2048,PUT,169229048477763
0,2048,GET,169229048812871
0,3072,PUT,169229048479106
0,3072,GET,169229048813081
0,4096,PUT,169229048480609
0,4096,GET,169229048813492
0,5632,PUT,169229048482634
0,5632,GET,169229048814244
0,4352,PUT,169229048480950
0,4352,GET,169229048813522
0,4608,PUT,169229048481281
0,4608,GET,169229048813843
0,6144,PUT,169229048483456
0,6144,GET,169229048814525
0,5888,PUT,169229048482975
0,5888,GET,169229048814334
0,6656,PUT,169229048484127
0,6656,GET,169229048814655
0,6400,PUT,169229048483787
0,6400,GET,169229048814615
0,6912,PUT,169229048484468
0,6912,GET,169229048814735
0,7424,PUT,169229048485140
0,7424,GET,169229048815317
0,7168,PUT,169229048484799
0,7168,GET,169229048814775
0,7680,PUT,169229048485480
0,7680,GET,169229048815397
0,7936,PUT,169229048485811
0,7936,GET,169229048815437
0,8192,PUT,169229048486292
0,8192,GET,169229048815507
0,8450,PUT,169229048690757
0,8450,GET,169229048816339
0,8461,PUT,169229048667383
0,8461,GET,169229048816249
0,9482,PUT,169229048696280
0,9482,GET,169229048819055
0,8458,PUT,169229048691048
0,8458,GET,169229048816820
0,8717,PUT,169229048692100
0,8717,GET,169229048817051
0,8714,PUT,169229048692070
0,8714,GET,169229048816980
0,8462,PUT,169229048693323
0,8462,GET,169229048817331
0,8451,PUT,169229048691599
0,8451,GET,169229048816910
0,8467,PUT,169229048693002
0,8467,GET,169229048817261
0,8982,PUT,169229048696801
0,8982,GET,169229048819887
0,8463,PUT,169229048693353
0,8463,GET,169229048817411
0,8719,PUT,169229048694606
0,8719,GET,169229048817452
0,8970,PUT,169229048694957
0,8970,GET,169229048817822
0,8706,PUT,169229048695348
0,8706,GET,169229048818293
0,9226,PUT,169229048695729
0,9226,GET,169229048818334
0,8973,PUT,169229048694807
0,8973,GET,169229048817712
0,8470,PUT,169229048695178
0,8470,GET,169229048818023
0,8718,PUT,169229048696009
0,8718,GET,169229048818805
0,8726,PUT,169229048696160
0,8726,GET,169229048818845
0,8962,PUT,169229048697743
0,8962,GET,169229048820659
0,8707,PUT,169229048694877
0,8707,GET,169229048817752
0,8723,PUT,169229048695809
0,8723,GET,169229048818514
0,9231,PUT,169229048697102
0,9231,GET,169229048820188
0,9238,PUT,169229048697373
0,9238,GET,169229048820218
0,9229,PUT,169229048695879
0,9229,GET,169229048818544
0,9494,PUT,169229048697934
0,9494,GET,169229048820689
0,8975,PUT,169229048696471
0,8975,GET,169229048819246
0,9997,PUT,169229048699247
0,9997,GET,169229048821651
0,8979,PUT,169229048696661
0,8979,GET,169229048819627
0,9485,PUT,169229048696551
0,9485,GET,169229048819346
0,9741,PUT,169229048698515
0,9741,GET,169229048821010
0,9738,PUT,169229048698154
0,9738,GET,169229048820970
0,9750,PUT,169229048700821
0,9750,GET,169229048822984
0,8963,PUT,169229048696881
0,8963,GET,169229048819927
0,8468,PUT,169229048701051
0,8468,GET,169229048823115
0,8459,PUT,169229048697533
0,8459,GET,169229048820288
0,9230,PUT,169229048698656
0,9230,GET,169229048821080
0,9731,PUT,169229048700941
0,9731,GET,169229048823085
0,9487,PUT,169229048697643
0,9487,GET,169229048820579
0,8974,PUT,169229048698014
0,8974,GET,169229048820769
0,8460,PUT,169229048702224
0,8460,GET,169229048824378
0,8478,PUT,169229048700149
0,8478,GET,169229048822333
0,9218,PUT,169229048699117
0,9218,GET,169229048821341
0,9743,PUT,169229048700229
0,9743,GET,169229048822423
0,8471,PUT,169229048703066
0,8471,GET,169229048825129
0,9219,PUT,169229048699347
0,9219,GET,169229048821822
0,8476,PUT,169229048700009
0,8476,GET,169229048822042
0,8715,PUT,169229048700069
0,8715,GET,169229048822082
0,8466,PUT,169229048702023
0,8466,GET,169229048823876
0,9994,PUT,169229048699608
0,9994,GET,169229048821852
0,9742,PUT,169229048699909
0,9742,GET,169229048821962
0,9235,PUT,169229048699678
0,9235,GET,169229048821932
0,9486,PUT,169229048699267
0,9486,GET,169229048821721
0,9491,PUT,169229048701181
0,9491,GET,169229048823195
0,9475,PUT,169229048700360
0,9475,GET,169229048822624
0,8735,PUT,169229048701452
0,8735,GET,169229048823556
0,9730,PUT,169229048701322
0,9730,GET,169229048823526
0,9999,PUT,169229048701853
0,9999,GET,169229048823656
0,8465,PUT,169229048702114
0,8465,GET,169229048823957
0,9986,PUT,169229048701943
0,9986,GET,169229048823846
0,8479,PUT,169229048700390
0,8479,GET,169229048822874
0,9474,PUT,169229048700680
0,9474,GET,169229048822914
0,8971,PUT,169229048702294
0,8971,GET,169229048824418
0,8716,PUT,169229048703266
0,8716,GET,169229048825380
0,10006,PUT,169229048701482
0,10006,GET,169229048823626
0,8734,PUT,169229048703196
0,8734,GET,169229048825350
0,10253,PUT,169229048702194
0,10253,GET,169229048823997
0,8727,PUT,169229048703888
0,8727,GET,169229048826442
0,8972,PUT,169229048703958
0,8972,GET,169229048826483
0,9227,PUT,169229048705161
0,9227,GET,169229048827585
0,8473,PUT,169229048703116
0,8473,GET,169229048825240
0,9998,PUT,169229048702615
0,9998,GET,169229048824839
0,10510,PUT,169229048704599
0,10510,GET,169229048827294
0,10262,PUT,169229048703577
0,10262,GET,169229048825841
0,10243,PUT,169229048704148
0,10243,GET,169229048826633
0,10242,PUT,169229048702485
0,10242,GET,169229048824748
0,8732,PUT,169229048703818
0,8732,GET,169229048826202
0,9239,PUT,169229048705241
0,9239,GET,169229048827675
0,8724,PUT,169229048703477
0,8724,GET,169229048825540
0,10250,PUT,169229048702926
0,10250,GET,169229048825059
0,10254,PUT,169229048703347
0,10254,GET,169229048825450
0,9987,PUT,169229048703507
0,9987,GET,169229048825801
0,10255,PUT,169229048704640
0,10255,GET,169229048827324
0,10506,PUT,169229048703657
0,10506,GET,169229048825921
0,9747,PUT,169229048704339
0,9747,GET,169229048826843
0,8721,PUT,169229048703737
0,8721,GET,169229048826001
0,8983,PUT,169229048704449
0,8983,GET,169229048826873
0,11018,PUT,169229048705792
0,11018,GET,169229048828327
0,9500,PUT,169229048705973
0,9500,GET,169229048828507
0,10762,PUT,169229048705131
0,10762,GET,169229048827485
0,10498,PUT,169229048705682
0,10498,GET,169229048828217
0,10499,PUT,169229048705712
0,10499,GET,169229048828257
0,8449,PUT,169229048704058
0,8449,GET,169229048826553
0,9483,PUT,169229048705822
0,9483,GET,169229048828357
0,8455,PUT,169229048705321
0,8455,GET,169229048827765
0,9244,PUT,169229048705401
0,9244,GET,169229048828036
0,8464,PUT,169229048707576
0,8464,GET,169229048829840
0,8988,PUT,169229048704710
0,8988,GET,169229048827405
0,8454,PUT,169229048706554
0,8454,GET,169229048829079
0,10774,PUT,169229048707456
0,10774,GET,169229048829810
0,10012,PUT,169229048707085
0,10012,GET,169229048829459
0,9756,PUT,169229048706474
0,9756,GET,169229048828888
0,8477,PUT,169229048706444
0,8477,GET,169229048828808
0,9502,PUT,169229048707215
0,9502,GET,169229048829490
0,9246,PUT,169229048706634
0,9246,GET,169229048829109
0,10518,PUT,169229048706704
0,10518,GET,169229048829359
0,8990,PUT,169229048705902
0,8990,GET,169229048828437
0,10754,PUT,169229048706233
0,10754,GET,169229048828728
0,9985,PUT,169229048714603
0,9985,GET,169229048838811
0,11030,PUT,169229048708047
0,11030,GET,169229048830692
0,10766,PUT,169229048707366
0,10766,GET,169229048829730
0,8733,PUT,169229048707296
0,8733,GET,169229048829700
0,11022,PUT,169229048707977
0,11022,GET,169229048830652
0,11274,PUT,169229048707867
0,11274,GET,169229048830542
0,11530,PUT,169229048708438
0,11530,GET,169229048831063
0,10003,PUT,169229048708909
0,10003,GET,169229048831965
0,9758,PUT,169229048707777
0,9758,GET,169229048830121
0,10251,PUT,169229048709020
0,10251,GET,169229048832055
0,10509,PUT,169229048708128
0,10509,GET,169229048830772
0,8966,PUT,169229048710694
0,8966,GET,169229048834521
0,9995,PUT,169229048708478
0,9995,GET,169229048831274
0,11292,PUT,169229048712929
0,11292,GET,169229048836626
0,9739,PUT,169229048707897
0,9739,GET,169229048830572
0,9233,PUT,169229048715104
0,9233,GET,169229048839212
0,8705,PUT,169229048708659
0,8705,GET,169229048831554
0,8720,PUT,169229048708579
0,8720,GET,169229048831364
0,8729,PUT,169229048709250
0,8729,GET,169229048832166
0,11010,PUT,169229048710243
0,11010,GET,169229048834110
0,11534,PUT,169229048710383
0,11534,GET,169229048834150
0,9757,PUT,169229048712979
0,9757,GET,169229048836656
0,8457,PUT,169229048709350
0,8457,GET,169229048832436
0,9247,PUT,169229048709962
0,9247,GET,169229048833459
0,11278,PUT,169229048709701
0,11278,GET,169229048833158
0,11286,PUT,169229048708739
0,11286,GET,169229048831584
0,8991,PUT,169229048708829
0,8991,GET,169229048831785
0,8961,PUT,169229048709441
0,8961,GET,169229048832527
0,8980,PUT,169229048709270
0,8980,GET,169229048832346
0,9228,PUT,169229048713540
0,9228,GET,169229048837358
0,10763,PUT,169229048710463
0,10763,GET,169229048834220
0,11542,PUT,169229048709511
0,11542,GET,169229048832567
0,8985,PUT,169229048713039
0,8985,GET,169229048836736
0,10013,PUT,169229048713630
0,10013,GET,169229048837388
0,10014,PUT,169229048709992
0,10014,GET,169229048833569
0,8730,PUT,169229048713119
0,8730,GET,169229048836776
0,10268,PUT,169229048710543
0,10268,GET,169229048834251
0,10259,PUT,169229048709591
0,10259,GET,169229048832827
0,9217,PUT,169229048712538
0,9217,GET,169229048836506
0,8474,PUT,169229048710072
0,8474,GET,169229048833749
0,8711,PUT,169229048709902
0,8711,GET,169229048833278
0,8710,PUT,169229048709972
0,8710,GET,169229048833369
0,11798,PUT,169229048710202
0,11798,GET,169229048833850
0,10524,PUT,169229048711175
0,10524,GET,169229048835193
0,10507,PUT,169229048709771
0,10507,GET,169229048833198
0,10511,PUT,169229048709661
0,10511,GET,169229048833028
0,10755,PUT,169229048712608
0,10755,GET,169229048836546
0,10780,PUT,169229048711746
0,10780,GET,169229048835664
0,8986,PUT,169229048715836
0,8986,GET,169229048840104
0,8722,PUT,169229048710613
0,8722,GET,169229048834441
0,10270,PUT,169229048710824
0,10270,GET,169229048834611
0,9495,PUT,169229048713470
0,9495,GET,169229048837077
0,8713,PUT,169229048713290
0,8713,GET,169229048836887
0,8452,PUT,169229048710934
0,8452,GET,169229048834742
0,8989,PUT,169229048710914
0,8989,GET,169229048834712
0,9241,PUT,169229048713711
0,9241,GET,169229048837578
0,11011,PUT,169229048713209
0,11011,GET,169229048836847
0,11790,PUT,169229048711004
0,11790,GET,169229048834932
0,10526,PUT,169229048711405
0,10526,GET,169229048835403
0,9245,PUT,169229048711576
0,9245,GET,169229048835493
0,8456,PUT,169229048713330
0,8456,GET,169229048836957
0,8976,PUT,169229048711084
0,8976,GET,169229048835113
0,11036,PUT,169229048712337
0,11036,GET,169229048836285
0,12046,PUT,169229048711656
0,12046,GET,169229048835534
0,10782,PUT,169229048716788
0,10782,GET,169229048840956
0,9232,PUT,169229048711866
0,9232,GET,169229048835884
0,11266,PUT,169229048715916
0,11266,GET,169229048840204
0,8708,PUT,169229048711896
0,8708,GET,169229048836175
0,9501,PUT,169229048712317
0,9501,GET,169229048836215
0,9729,PUT,169229048713951
0,9729,GET,169229048837969
0,9473,PUT,169229048713390
0,9473,GET,169229048836997
0,8472,PUT,169229048712458
0,8472,GET,169229048836315
0,9497,PUT,169229048714522
0,9497,GET,169229048838541
0,9753,PUT,169229048715174
0,9753,GET,169229048839302
0,8964,PUT,169229048715374
0,8964,GET,169229048839403
0,8725,PUT,169229048716297
0,8725,GET,169229048840234
0,8977,PUT,169229048714452
0,8977,GET,169229048838500
0,10525,PUT,169229048715004
0,10525,GET,169229048838992
0,9744,PUT,169229048715064
0,9744,GET,169229048839022
0,10765,PUT,169229048713781
0,10765,GET,169229048837799
0,10241,PUT,169229048716698
0,10241,GET,169229048840605
0,9222,PUT,169229048713861
0,9222,GET,169229048837879
0,11021,PUT,169229048716467
0,11021,GET,169229048840405
0,11522,PUT,169229048716537
0,11522,GET,169229048840445
0,8469,PUT,169229048715445
0,8469,GET,169229048839613
0,10771,PUT,169229048717429
0,10771,GET,169229048841447
0,9488,PUT,169229048714412
0,9488,GET,169229048838430
0,11019,PUT,169229048714733
0,11019,GET,169229048838911
0,9484,PUT,169229048714202
0,9484,GET,169229048838320
0,11267,PUT,169229048715615
0,11267,GET,169229048839643
0,12310,PUT,169229048717550
0,12310,GET,169229048841487
0,11804,PUT,169229048717179
0,11804,GET,169229048841277
0,10269,PUT,169229048714352
0,10269,GET,169229048838390
0,12316,PUT,169229048718532
0,12316,GET,169229048843652
0,11789,PUT,169229048718762
0,11789,GET,169229048843913
0,9242,PUT,169229048716387
0,9242,GET,169229048840315
0,10519,PUT,169229048718843
0,10519,GET,169229048843953
0,9503,PUT,169229048716828
0,9503,GET,169229048841046
0,12054,PUT,169229048716898
0,12054,GET,169229048841086
0,9234,PUT,169229048717970
0,9234,GET,169229048842319
0,11548,PUT,169229048716617
0,11548,GET,169229048840515
0,10007,PUT,169229048717580
0,10007,GET,169229048841558
0,10515,PUT,169229048715685
0,10515,GET,169229048839844
0,12060,PUT,169229048717820
0,12060,GET,169229048842089
0,11533,PUT,169229048717650
0,11533,GET,169229048841598
0,12042,PUT,169229048719795
0,12042,GET,169229048845346
0,10767,PUT,169229048717720
0,10767,GET,169229048841668
0,9490,PUT,169229048718612
0,9490,GET,169229048843743
0,9751,PUT,169229048716928
0,9751,GET,169229048841167
0,11027,PUT,169229048718001
0,11027,GET,169229048842530
0,8978,PUT,169229048717399
0,8978,GET,169229048841367
0,12302,PUT,169229048718462
0,12302,GET,169229048843452
0,9478,PUT,169229048718351
0,9478,GET,169229048842951
0,11277,PUT,169229048717028
0,11277,GET,169229048841197
0,9236,PUT,169229048717890
0,9236,GET,169229048842129
0,10009,PUT,169229048718211
0,10009,GET,169229048842640
0,10263,PUT,169229048718131
0,10263,GET,169229048842580
0,11279,PUT,169229048719294
0,11279,GET,169229048844544
0,8967,PUT,169229048718321
0,8967,GET,169229048842750
0,8728,PUT,169229048718241
0,8728,GET,169229048842720
0,12572,PUT,169229048719374
0,12572,GET,169229048844755
0,11023,PUT,169229048718422
0,11023,GET,169229048843241
0,8981,PUT,169229048720125
0,8981,GET,169229048845617
0,8731,PUT,169229048720286
0,8731,GET,169229048845647
0,9240,PUT,169229048719715
0,9240,GET,169229048845256
0,9498,PUT,169229048719604
0,9498,GET,169229048845146
0,10775,PUT,169229048719875
0,10775,GET,169229048845447
0,8984,PUT,169229048719023
0,8984,GET,169229048844264
0,8475,PUT,169229048719644
0,8475,GET,169229048845186
0,11786,PUT,169229048719103
0,11786,GET,169229048844304
0,9748,PUT,169229048719454
0,9748,GET,169229048844845
0,10497,PUT,169229048719213
0,10497,GET,169229048844454
0,12034,PUT,169229048723203
0,12034,GET,169229048849917
0,9492,PUT,169229048718692
0,9492,GET,169229048843833
0,9734,PUT,169229048718953
0,9734,GET,169229048844184
0,9223,PUT,169229048718923
0,9223,GET,169229048844154
0,10015,PUT,169229048720617
0,10015,GET,169229048846028
0,11038,PUT,169229048720917
0,11038,GET,169229048846319
0,11275,PUT,169229048719133
0,11275,GET,169229048844374
0,8969,PUT,169229048719534
0,8969,GET,169229048845066
0,11779,PUT,169229048723233
0,11779,GET,169229048849957
0,9476,PUT,169229048721098
0,9476,GET,169229048846359
0,9759,PUT,169229048719955
0,9759,GET,169229048845517
0,9740,PUT,169229048721579
0,9740,GET,169229048846920
0,11031,PUT,169229048720446
0,11031,GET,169229048845727
0,9220,PUT,169229048720526
0,9220,GET,169229048845757
0,9754,PUT,169229048721168
0,9754,GET,169229048846539
0,10000,PUT,169229048720697
0,10000,GET,169229048846058
0,9237,PUT,169229048720777
0,9237,GET,169229048846248
0,11535,PUT,169229048722431
0,11535,GET,169229048848594
0,9493,PUT,169229048721368
0,9493,GET,169229048846820
0,9479,PUT,169229048722180
0,9479,GET,169229048848153
0,9990,PUT,169229048722150
0,9990,GET,169229048848053
0,11778,PUT,169229048722541
0,11778,GET,169229048848885
0,12814,PUT,169229048722621
0,12814,GET,169229048848925
0,12828,PUT,169229048721920
0,12828,GET,169229048847732
0,9749,PUT,169229048722080
0,9749,GET,169229048847842
0,12557,PUT,169229048723002
0,12557,GET,169229048849486
0,12558,PUT,169229048721990
0,12558,GET,169229048847762
0,10002,PUT,169229048721849
0,10002,GET,169229048847451
0,9746,PUT,169229048721288
0,9746,GET,169229048846740
0,9732,PUT,169229048721679
0,9732,GET,169229048847331
0,11805,PUT,169229048727222
0,11805,GET,169229048855009
0,11550,PUT,169229048723774
0,11550,GET,169229048851120
0,12045,PUT,169229048721609
0,12045,GET,169229048847130
0,10781,PUT,169229048722361
0,10781,GET,169229048848383
0,11806,PUT,169229048726159
0,11806,GET,169229048853946
0,10010,PUT,169229048721759
0,10010,GET,169229048847361
0,12290,PUT,169229048723854
0,12290,GET,169229048851160
0,10260,PUT,169229048727102
0,10260,GET,169229048854979
0,11037,PUT,169229048723323
0,11037,GET,169229048850027
0,12301,PUT,169229048722260
0,12301,GET,169229048848193
0,13340,PUT,169229048723353
0,13340,GET,169229048850117
0,10004,PUT,169229048722691
0,10004,GET,169229048848995
0,11787,PUT,169229048724175
0,11787,GET,169229048851440
0,12554,PUT,169229048724205
0,12554,GET,169229048851471
0,10256,PUT,169229048726240
0,10256,GET,169229048853976
0,11531,PUT,169229048723503
0,11531,GET,169229048850799
0,11523,PUT,169229048722511
0,11523,GET,169229048848684
0,13070,PUT,169229048723423
0,13070,GET,169229048850328
0,10753,PUT,169229048722932
0,10753,GET,169229048849195
0,9735,PUT,169229048722772
0,9735,GET,169229048849085
0,13084,PUT,169229048722852
0,13084,GET,169229048849125
0,11294,PUT,169229048723092
0,11294,GET,169229048849566
0,12043,PUT,169229048724806
0,12043,GET,169229048852192
0,10258,PUT,169229048727723
0,10258,GET,169229048856121
0,10271,PUT,169229048723122
0,10271,GET,169229048849837
0,13596,PUT,169229048723934
0,13596,GET,169229048851240
0,12813,PUT,169229048723614
0,12813,GET,169229048850969
0,10266,PUT,169229048724285
0,10266,GET,169229048851551
0,10522,PUT,169229048724887
0,10522,GET,169229048852503
0,9481,PUT,169229048725167
0,9481,GET,169229048852804
0,11009,PUT,169229048723754
0,11009,GET,169229048851050
0,13325,PUT,169229048724696
0,13325,GET,169229048852152
0,13326,PUT,169229048724015
0,13326,GET,169229048851330
0,9996,PUT,169229048724666
0,9996,GET,169229048852062
0,13069,PUT,169229048724095
0,13069,GET,169229048851370
0,9991,PUT,169229048725247
0,9991,GET,169229048852834
0,12298,PUT,169229048723543
0,12298,GET,169229048850899
0,11265,PUT,169229048724446
0,11265,GET,169229048851892
0,12546,PUT,169229048724516
0,12546,GET,169229048851942
0,12299,PUT,169229048725398
0,12299,GET,169229048852944
0,10527,PUT,169229048725749
0,10527,GET,169229048853515
0,9496,PUT,169229048724365
0,9496,GET,169229048851771
0,13581,PUT,169229048725468
0,13581,GET,169229048853034
0,9225,PUT,169229048724596
0,9225,GET,169229048851982
0,10005,PUT,169229048725318
0,10005,GET,169229048852914
0,13314,PUT,169229048729156
0,13314,GET,169229048857906
0,9737,PUT,169229048725829
0,9737,GET,169229048853555
0,11521,PUT,169229048725007
0,11521,GET,169229048852603
0,10008,PUT,169229048726941
0,10008,GET,169229048854868
0,13066,PUT,169229048727022
0,13066,GET,169229048854909
0,12810,PUT,169229048726410
0,12810,GET,169229048854357
0,12035,PUT,169229048728565
0,12035,GET,169229048856993
0,12317,PUT,169229048728665
0,12317,GET,169229048857033
0,8987,PUT,169229048728725
0,8987,GET,169229048857104
0,13058,PUT,169229048727262
0,13058,GET,169229048855199
0,11293,PUT,169229048725688
0,11293,GET,169229048853435
0,10514,PUT,169229048730610
0,10514,GET,169229048859509
0,13837,PUT,169229048726089
0,13837,GET,169229048853846
0,10261,PUT,169229048725899
0,10261,GET,169229048853626
0,10265,PUT,169229048726019
0,10265,GET,169229048853666
0,11539,PUT,169229048728365
0,11539,GET,169229048856753
0,10516,PUT,169229048727643
0,10516,GET,169229048856021
0,11284,PUT,169229048730730
0,11284,GET,169229048859539
0,11549,PUT,169229048726500
0,11549,GET,169229048854578
0,9752,PUT,169229048726330
0,9752,GET,169229048854167
0,9988,PUT,169229048726871
0,9988,GET,169229048854768
0,12802,PUT,169229048726570
0,12802,GET,169229048854648
0,12062,PUT,169229048726781
0,12062,GET,169229048854688
0,12566,PUT,169229048728435
0,12566,GET,169229048856793
0,9243,PUT,169229048729367
0,9243,GET,169229048858106
0,10778,PUT,169229048728766
0,10778,GET,169229048857304
0,11034,PUT,169229048729407
0,11034,GET,169229048858146
0,10773,PUT,169229048730219
0,10773,GET,169229048859028
0,13582,PUT,169229048727332
0,13582,GET,169229048855239
0,8712,PUT,169229048727422
0,8712,GET,169229048855580
0,10252,PUT,169229048728204
0,10252,GET,169229048856643
0,10244,PUT,169229048727503
0,10244,GET,169229048855831
0,10246,PUT,169229048727863
0,10246,GET,169229048856422
0,10500,PUT,169229048728284
0,10500,GET,169229048856683
0,13838,PUT,169229048727934
0,13838,GET,169229048856452
0,12061,PUT,169229048728034
0,12061,GET,169229048856532
0,9489,PUT,169229048728866
0,9489,GET,169229048857505
0,8968,PUT,169229048728124
0,8968,GET,169229048856572
0,11283,PUT,169229048727753
0,11283,GET,169229048856322
0,11028,PUT,169229048730179
0,11028,GET,169229048858948
0,9745,PUT,169229048729477
0,9745,GET,169229048858337
0,13322,PUT,169229048730449
0,13322,GET,169229048859389
0,10517,PUT,169229048729658
0,10517,GET,169229048858457
0,12547,PUT,169229048729728
0,12547,GET,169229048858487
0,10772,PUT,169229048729628
0,10772,GET,169229048858377
0,10502,PUT,169229048732083
0,10502,GET,169229048860552
0,12291,PUT,169229048729126
0,12291,GET,169229048857825
0,10508,PUT,169229048729878
0,10508,GET,169229048858677
0,10783,PUT,169229048728946
0,10783,GET,169229048857605
0,12822,PUT,169229048729026
0,12822,GET,169229048857635
0,12803,PUT,169229048730289
0,12803,GET,169229048859279
0,10764,PUT,169229048730369
0,10764,GET,169229048859319
0,11795,PUT,169229048736864
0,11795,GET,169229048865643
0,12033,PUT,169229048732384
0,12033,GET,169229048860983
0,11290,PUT,169229048729968
0,11290,GET,169229048858757
0,11546,PUT,169229048730530
0,11546,GET,169229048859429
0,13570,PUT,169229048733837
0,13570,GET,169229048862286
0,11014,PUT,169229048733246
0,11014,GET,169229048861714
0,13059,PUT,169229048733877
0,13059,GET,169229048862326
0,11268,PUT,169229048733326
0,11268,GET,169229048861754
0,15373,PUT,169229048735601
0,15373,GET,169229048864070
0,10756,PUT,169229048730981
0,10756,GET,169229048859880
0,11012,PUT,169229048731442
0,11012,GET,169229048859980
0,11526,PUT,169229048734619
0,11526,GET,169229048863047
0,11791,PUT,169229048731662
0,11791,GET,169229048860061
0,13852,PUT,169229048735251
0,13852,GET,169229048863679
0,10770,PUT,169229048735451
0,10770,GET,169229048863719
0,11777,PUT,169229048731763
0,11777,GET,169229048860131
0,12294,PUT,169229048737055
0,12294,GET,169229048865674
0,14093,PUT,169229048732795
0,14093,GET,169229048861103
0,10758,PUT,169229048732645
0,10758,GET,169229048861063
0,10249,PUT,169229048734699
0,10249,GET,169229048863088
0,14861,PUT,169229048734469
0,14861,GET,169229048862717
0,9993,PUT,169229048734118
0,9993,GET,169229048862677
0,13578,PUT,169229048732314
0,13578,GET,169229048860792
0,10247,PUT,169229048732053
0,10247,GET,169229048860481
0,10512,PUT,169229048732885
0,10512,GET,169229048861283
0,12555,PUT,169229048732274
0,12555,GET,169229048860762
0,11029,PUT,169229048733166
0,11029,GET,169229048861624
0,12811,PUT,169229048736032
0,12811,GET,169229048864812
0,11782,PUT,169229048735912
0,11782,GET,169229048864771
0,10001,PUT,169229048734930
0,10001,GET,169229048863168
0,12314,PUT,169229048738558
0,12314,GET,169229048867117
0,15117,PUT,169229048735010
0,15117,GET,169229048863208
0,11541,PUT,169229048738638
0,11541,GET,169229048867147
0,11270,PUT,169229048733948
0,11270,GET,169229048862506
0,14605,PUT,169229048734018
0,14605,GET,169229048862606
0,14349,PUT,169229048733396
0,14349,GET,169229048861955
0,11287,PUT,169229048733497
0,11287,GET,169229048861985
0,8453,PUT,169229048733687
0,8453,GET,169229048862175
0,11285,PUT,169229048733767
0,11285,GET,169229048862216
0,13315,PUT,169229048734549
0,13315,GET,169229048862967
0,13067,PUT,169229048736604
0,13067,GET,169229048865243
0,14350,PUT,169229048735682
0,14350,GET,169229048864160
0,14094,PUT,169229048735090
0,14094,GET,169229048863278
0,12550,PUT,169229048737606
0,12550,GET,169229048866044
0,12047,PUT,169229048737676
0,12047,GET,169229048866135
0,10513,PUT,169229048736113
0,10513,GET,169229048864892
0,13571,PUT,169229048735170
0,13571,GET,169229048863478
0,11295,PUT,169229048738899
0,11295,GET,169229048867307
0,12318,PUT,169229048735842
0,12318,GET,169229048864501
0,11015,PUT,169229048741315
0,11015,GET,169229048869613
0,10257,PUT,169229048735521
0,10257,GET,169229048863789
0,15629,PUT,169229048736193
0,15629,GET,169229048864922
0,14338,PUT,169229048745625
0,14338,GET,169229048872630
0,10521,PUT,169229048737175
0,10521,GET,169229048865754
0,16141,PUT,169229048737275
0,16141,GET,169229048865844
0,13583,PUT,169229048745705
0,13583,GET,169229048872670
0,11802,PUT,169229048737436
0,11802,GET,169229048865954
0,12038,PUT,169229048736504
0,12038,GET,169229048865202
0,15885,PUT,169229048736734
0,15885,GET,169229048865443
0,16397,PUT,169229048737837
0,16397,GET,169229048866345
0,10505,PUT,169229048737356
0,10505,GET,169229048865924
0,12574,PUT,169229048736423
0,12574,GET,169229048865002
0,12573,PUT,169229048738127
0,12573,GET,169229048866656
0,12559,PUT,169229048738989
0,12559,GET,169229048867688
0,13078,PUT,169229048738819
0,13078,GET,169229048867227
0,12058,PUT,169229048738007
0,12058,GET,169229048866556
0,12815,PUT,169229048739561
0,12815,GET,169229048868209
0,11551,PUT,169229048739480
0,11551,GET,169229048868119
0,11039,PUT,169229048738228
0,11039,GET,169229048866746
0,12303,PUT,169229048738348
0,12303,GET,169229048867037
0,13827,PUT,169229048742457
0,13827,GET,169229048870254
0,8965,PUT,169229048742868
0,8965,GET,169229048870334
0,11807,PUT,169229048740042
0,11807,GET,169229048868490
0,12830,PUT,169229048738268
0,12830,GET,169229048866836
0,13834,PUT,169229048741144
0,13834,GET,169229048869342
0,13826,PUT,169229048739641
0,13826,GET,169229048868310
0,14606,PUT,169229048739260
0,14606,GET,169229048867758
0,13071,PUT,169229048740112
0,13071,GET,169229048868781
0,14082,PUT,169229048740212
0,14082,GET,169229048868811
0,9499,PUT,169229048740994
0,9499,GET,169229048869252
0,13334,PUT,169229048739400
0,13334,GET,169229048867839
0,14862,PUT,169229048739751
0,14862,GET,169229048868350
0,10768,PUT,169229048741826
0,10768,GET,169229048869923
0,14346,PUT,169229048742387
0,14346,GET,169229048870224
0,14090,PUT,169229048741716
0,14090,GET,169229048869823
0,8448,PUT,169229048742948
0,8448,GET,169229048870415
0,9224,PUT,169229048739931
0,9224,GET,169229048868420
0,10759,PUT,169229048740854
0,10759,GET,169229048869001
0,11540,PUT,169229048743259
0,11540,GET,169229048870815
0,15630,PUT,169229048745735
0,15630,GET,169229048872940
0,13846,PUT,169229048742227
0,13846,GET,169229048870004
0,15118,PUT,169229048740312
0,15118,GET,169229048868891
0,9755,PUT,169229048741565
0,9755,GET,169229048869713
0,8709,PUT,169229048742307
0,8709,GET,169229048870034
0,10503,PUT,169229048740393
0,10503,GET,169229048868921
0,14858,PUT,169229048743810
0,14858,GET,169229048871036
0,12806,PUT,169229048743881
0,12806,GET,169229048871106
0,15126,PUT,169229048747820
0,15126,GET,169229048875276
0,11799,PUT,169229048747860
0,11799,GET,169229048875316
0,14870,PUT,169229048745815
0,14870,GET,169229048872970
0,11282,PUT,169229048743670
0,11282,GET,169229048871006
0,11543,PUT,169229048743400
0,11543,GET,169229048870916
0,11026,PUT,169229048743029
0,11026,GET,169229048870515
0,13590,PUT,169229048741645
0,13590,GET,169229048869753
0,11538,PUT,169229048744221
0,11538,GET,169229048871507
0,9221,PUT,169229048744302
0,9221,GET,169229048871537
0,11796,PUT,169229048743991
0,11796,GET,169229048871387
0,14083,PUT,169229048743109
0,14083,GET,169229048870715
0,11271,PUT,169229048743921
0,11271,GET,169229048871186
0,14102,PUT,169229048744071
0,14102,GET,169229048871427
0,14602,PUT,169229048743179
0,14602,GET,169229048870745
0,11280,PUT,169229048746787
0,11280,GET,169229048873883
0,14614,PUT,169229048745244
0,14614,GET,169229048872419
0,16142,PUT,169229048746918
0,16142,GET,169229048874083
0,13086,PUT,169229048747008
0,13086,GET,169229048874123
0,13327,PUT,169229048745124
0,13327,GET,169229048872309
0,15374,PUT,169229048745164
0,15374,GET,169229048872349
0,11524,PUT,169229048747248
0,11524,GET,169229048874534
0,8704,PUT,169229048747329
0,8704,GET,169229048874574
0,11794,PUT,169229048744763
0,11794,GET,169229048871908
0,12567,PUT,169229048749644
0,12567,GET,169229048876719
0,11536,PUT,169229048747409
0,11536,GET,169229048874755
0,16398,PUT,169229048747489
0,16398,GET,169229048874795
0,12575,PUT,169229048755949
0,12575,GET,169229048880949
0,15114,PUT,169229048744382
0,15114,GET,169229048871798
0,11527,PUT,169229048746597
0,11527,GET,169229048873853
0,11020,PUT,169229048744923
0,11020,GET,169229048872108
0,10777,PUT,169229048745905
0,10777,GET,169229048873041
0,10769,PUT,169229048746176
0,10769,GET,169229048873081
0,14351,PUT,169229048756029
0,14351,GET,169229048880999
0,13062,PUT,169229048746557
0,13062,GET,169229048873752
0,14358,PUT,169229048744642
0,14358,GET,169229048871838
0,12036,PUT,169229048751919
0,12036,GET,169229048878463
0,11024,PUT,169229048746216
0,11024,GET,169229048873422
0,14594,PUT,169229048746286
0,14594,GET,169229048873462
0,12319,PUT,169229048747038
0,12319,GET,169229048874304
0,12289,PUT,169229048747158
0,12289,GET,169229048874344
0,12307,PUT,169229048754646
0,12307,GET,169229048880488
0,15886,PUT,169229048746366
0,15886,GET,169229048873532
0,10248,PUT,169229048754716
0,10248,GET,169229048880528
0,12050,PUT,169229048748521
0,12050,GET,169229048875677
0,12063,PUT,169229048746447
0,12063,GET,169229048873562
0,13342,PUT,169229048747599
0,13342,GET,169229048874865
0,11025,PUT,169229048749784
0,11025,GET,169229048876809
0,14339,PUT,169229048748742
0,14339,GET,169229048875717
0,13598,PUT,169229048748181
0,13598,GET,169229048875506
0,12545,PUT,169229048747740
0,12545,GET,169229048874945
0,13854,PUT,169229048748822
0,13854,GET,169229048875977
0,9480,PUT,169229048749173
0,9480,GET,169229048876338
0,11780,PUT,169229048751348
0,11780,GET,169229048878193
0,13323,PUT,169229048749253
0,13323,GET,169229048876419
0,12801,PUT,169229048749343
0,12801,GET,169229048876459
0,16653,PUT,169229048752080
0,16653,GET,169229048878674
0,17165,PUT,169229048753333
0,17165,GET,169229048880087
0,12829,PUT,169229048753443
0,12829,GET,169229048880117
0,10264,PUT,169229048749885
0,10264,GET,169229048877090
0,11783,PUT,169229048750426
0,11783,GET,169229048877832
0,12055,PUT,169229048748441
0,12055,GET,169229048875607
0,8960,PUT,169229048751248
0,8960,GET,169229048878163
0,12311,PUT,169229048749013
0,12311,GET,169229048876228
0,12306,PUT,169229048749093
0,12306,GET,169229048876268
0,11797,PUT,169229048749574
0,11797,GET,169229048876649
0,9736,PUT,169229048749965
0,9736,GET,169229048877120
0,13574,PUT,169229048750967
0,13574,GET,169229048877972
0,14364,PUT,169229048750897
0,14364,GET,169229048877942
0,11537,PUT,169229048752862
0,11537,GET,169229048879395
0,14850,PUT,169229048752791
0,14850,GET,169229048879355
0,14620,PUT,169229048751448
0,14620,GET,169229048878273
0,12292,PUT,169229048752501
0,12292,GET,169229048879245
0,9733,PUT,169229048750807
0,9733,GET,169229048877872
0,12570,PUT,169229048750045
0,12570,GET,169229048877311
0,9477,PUT,169229048750225
0,9477,GET,169229048877351
0,16909,PUT,169229048752721
0,16909,GET,169229048879285
0,14108,PUT,169229048750316
0,14108,GET,169229048877421
0,11281,PUT,169229048752230
0,11281,GET,169229048879135
0,14876,PUT,169229048752150
0,14876,GET,169229048878874
0,13839,PUT,169229048754786
0,13839,GET,169229048880628
0,13318,PUT,169229048750386
0,13318,GET,169229048877752
0,16654,PUT,169229048752300
0,16654,GET,169229048879175
0,14095,PUT,169229048755438
0,14095,GET,169229048880729
0,10504,PUT,169229048755498
0,10504,GET,169229048880648
0,14607,PUT,169229048758074
0,14607,GET,169229048882783
0,10011,PUT,169229048758635
0,10011,GET,169229048883495
0,13579,PUT,169229048758916
0,13579,GET,169229048883525
0,11033,PUT,169229048755848
0,11033,GET,169229048880769
0,14622,PUT,169229048758324
0,14622,GET,169229048882984
0,11528,PUT,169229048758164
0,11528,GET,169229048882863
0,9216,PUT,169229048753042
0,9216,GET,169229048879736
0,16910,PUT,169229048752942
0,16910,GET,169229048879466
0,12548,PUT,169229048753112
0,12548,GET,169229048879806
0,17422,PUT,169229048757943
0,17422,GET,169229048882753
0,11545,PUT,169229048756981
0,11545,GET,169229048881530
0,15894,PUT,169229048760199
0,15894,GET,169229048884988
0,14366,PUT,169229048757753
0,14366,GET,169229048882463
0,14110,PUT,169229048757141
0,14110,GET,169229048881570
0,9992,PUT,169229048754074
0,9992,GET,169229048880197
0,12051,PUT,169229048754155
0,12051,GET,169229048880237
0,11016,PUT,169229048756751
0,11016,GET,169229048881210
0,11289,PUT,169229048756430
0,11289,GET,169229048881180
0,9989,PUT,169229048756189
0,9989,GET,169229048881099
0,17166,PUT,169229048757372
0,17166,GET,169229048881991
0,15882,PUT,169229048758404
0,15882,GET,169229048883014
0,15626,PUT,169229048757833
0,15626,GET,169229048882493
0,10760,PUT,169229048756119
0,10760,GET,169229048881059
0,15638,PUT,169229048758244
0,15638,GET,169229048882904
0,11272,PUT,169229048757462
0,11272,GET,169229048882032
0,11801,PUT,169229048757532
0,11801,GET,169229048882232
0,15382,PUT,169229048757673
0,15382,GET,169229048882262
0,17678,PUT,169229048758485
0,17678,GET,169229048883264
0,12039,PUT,169229048758565
0,12039,GET,169229048883304
0,11276,PUT,169229048757302
0,11276,GET,169229048881801
0,15370,PUT,169229048757232
0,15370,GET,169229048881761
0,12818,PUT,169229048760078
0,12818,GET,169229048884838
0,9472,PUT,169229048759998
0,9472,GET,169229048884798
0,10776,PUT,169229048761642
0,10776,GET,169229048886352
0,13074,PUT,169229048760630
0,13074,GET,169229048885710
0,12563,PUT,169229048759507
0,12563,GET,169229048884367
0,11784,PUT,169229048759076
0,11784,GET,169229048883926
0,10267,PUT,169229048759226
0,10267,GET,169229048883966
0,12053,PUT,169229048759306
0,12053,GET,169229048884046
0,16150,PUT,169229048760770
0,16150,GET,169229048885740
0,14878,PUT,169229048758996
0,14878,GET,169229048883715
0,12040,PUT,169229048759737
0,12040,GET,169229048884407
0,12823,PUT,169229048760229
0,12823,GET,169229048885089
0,11793,PUT,169229048759397
0,11793,GET,169229048884146
0,12562,PUT,169229048759467
0,12562,GET,169229048884177
0,9984,PUT,169229048762323
0,9984,GET,169229048886973
0,13075,PUT,169229048761832
0,13075,GET,169229048886552
0,10523,PUT,169229048763566
0,10523,GET,169229048887775
0,13079,PUT,169229048760800
0,13079,GET,169229048885820
0,11032,PUT,169229048762213
0,11032,GET,169229048886582
0,16394,PUT,169229048760980
0,16394,GET,169229048886041
0,10520,PUT,169229048761071
0,10520,GET,169229048886081
0,12309,PUT,169229048759878
0,12309,GET,169229048884598
0,16138,PUT,169229048760429
0,16138,GET,169229048885429
0,12819,PUT,169229048760118
0,12819,GET,169229048884908
0,13842,PUT,169229048762394
0,13842,GET,169229048887013
0,9728,PUT,169229048761722
0,9728,GET,169229048886442
0,10779,PUT,169229048764148
0,10779,GET,169229048888336
0,13586,PUT,169229048761802
0,13586,GET,169229048886472
0,12831,PUT,169229048763707
0,12831,GET,169229048887805
0,13572,PUT,169229048764889
0,13572,GET,169229048889048
0,12804,PUT,169229048762855
0,12804,GET,169229048887173
0,15106,PUT,169229048765571
0,15106,GET,169229048890201
0,11788,PUT,169229048765691
0,11788,GET,169229048890241
0,12295,PUT,169229048763386
0,12295,GET,169229048887284
0,10245,PUT,169229048761251
0,10245,GET,169229048886241
0,15132,PUT,169229048761361
0,15132,GET,169229048886271
0,15388,PUT,169229048763316
0,15388,GET,169229048887214
0,13330,PUT,169229048761181
0,13330,GET,169229048886151
0,16662,PUT,169229048764549
0,16662,GET,169229048888737
0,15644,PUT,169229048763887
0,15644,GET,169229048888005
0,13313,PUT,169229048764970
0,13313,GET,169229048889138
0,13060,PUT,169229048763496
0,13060,GET,169229048887394
0,13830,PUT,169229048763416
0,13830,GET,169229048887354
0,17421,PUT,169229048765160
0,17421,GET,169229048889349
0,13835,PUT,169229048764739
0,13835,GET,169229048888938
0,12052,PUT,169229048764819
0,12052,GET,169229048888978
0,16406,PUT,169229048763967
0,16406,GET,169229048888035
0,12048,PUT,169229048765040
0,12048,GET,169229048889238
0,11532,PUT,169229048765120
0,11532,GET,169229048889278
0,13331,PUT,169229048762424
0,13331,GET,169229048887083
0,13316,PUT,169229048764228
0,13316,GET,169229048888436
0,11792,PUT,169229048764308
0,11792,GET,169229048888477
0,13335,PUT,169229048763997
0,13335,GET,169229048888226
0,13591,PUT,169229048764579
0,13591,GET,169229048888777
0,12807,PUT,169229048764659
0,12807,GET,169229048888857
0,12551,PUT,169229048764078
0,12551,GET,169229048888256
0,13057,PUT,169229048764388
0,13057,GET,169229048888547
0,12821,PUT,169229048768077
0,12821,GET,169229048892957
0,14091,PUT,169229048765300
0,14091,GET,169229048889729
0,13063,PUT,169229048765230
0,13063,GET,169229048889419
0,13068,PUT,169229048768538
0,13068,GET,169229048893719
0,12820,PUT,169229048766593
0,12820,GET,169229048891253
0,12057,PUT,169229048766523
0,12057,GET,169229048891223
0,13077,PUT,169229048768658
0,13077,GET,169229048893759
0,15900,PUT,169229048765381
0,15900,GET,169229048889770
0,13569,PUT,169229048768157
0,13569,GET,169229048892987
0,14595,PUT,169229048765531
0,14595,GET,169229048889880
0,12308,PUT,169229048765451
0,12308,GET,169229048889840
0,13828,PUT,169229048767906
0,13828,GET,169229048892666
0,12044,PUT,169229048766233
0,12044,GET,169229048890882
0,14871,PUT,169229048771084
0,14871,GET,169229048896134
0,17174,PUT,169229048771054
0,17174,GET,169229048896094
0,14347,PUT,169229048767085
0,14347,GET,169229048891724
0,12812,PUT,169229048767997
0,12812,GET,169229048892696
0,14098,PUT,169229048766403
0,14098,GET,169229048891113
0,13319,PUT,169229048765792
0,13319,GET,169229048890321
0,12556,PUT,169229048767345
0,12556,GET,169229048892225
0,13324,PUT,169229048769250
0,13324,GET,169229048894380
0,13843,PUT,169229048767014
0,13843,GET,169229048891453
0,13085,PUT,169229048766864
0,13085,GET,169229048891413
0,13076,PUT,169229048767195
0,13076,GET,169229048891945
0,13587,PUT,169229048766443
0,13587,GET,169229048891153
0,12564,PUT,169229048766042
0,12564,GET,169229048890351
0,13575,PUT,169229048766333
0,13575,GET,169229048890922
0,13847,PUT,169229048767626
0,13847,GET,169229048892345
0,12565,PUT,169229048767435
0,12565,GET,169229048892255
0,14084,PUT,169229048768458
0,14084,GET,169229048893628
0,12304,PUT,169229048767275
0,12304,GET,169229048892035
0,16918,PUT,169229048767666
0,16918,GET,169229048892366
0,12300,PUT,169229048766784
0,12300,GET,169229048891333
0,15134,PUT,169229048770051
0,15134,GET,169229048895433
0,10240,PUT,169229048769169
0,10240,GET,169229048894300
0,15127,PUT,169229048771645
0,15127,GET,169229048896726
0,17677,PUT,169229048768849
0,17677,GET,169229048894070
0,13332,PUT,169229048767746
0,13332,GET,169229048892556
0,12560,PUT,169229048767826
0,12560,GET,169229048892586
0,16650,PUT,169229048771906
0,16650,GET,169229048897036
0,12313,PUT,169229048771725
0,12313,GET,169229048896996
0,14103,PUT,169229048768237
0,14103,GET,169229048893318
0,10752,PUT,169229048770422
0,10752,GET,169229048895763
0,13588,PUT,169229048768317
0,13588,GET,169229048893358
0,14099,PUT,169229048768768
0,14099,GET,169229048893869
0,14354,PUT,169229048768738
0,14354,GET,169229048893839
0,11544,PUT,169229048770883
0,11544,GET,169229048895994
0,11008,PUT,169229048770974
0,11008,GET,169229048896024
0,12816,PUT,169229048770773
0,12816,GET,169229048895884
0,12049,PUT,169229048770813
0,12049,GET,169229048895914
0,14359,PUT,169229048768919
0,14359,GET,169229048894110
0,14615,PUT,169229048769490
0,14615,GET,169229048895132
0,10496,PUT,169229048769801
0,10496,GET,169229048895162
0,14610,PUT,169229048769330
0,14610,GET,169229048894591
0,14340,PUT,169229048769019
0,14340,GET,169229048894180
0,12296,PUT,169229048772447
0,12296,GET,169229048897337
0,15390,PUT,169229048770633
0,15390,GET,169229048895804
0,10761,PUT,169229048772577
0,10761,GET,169229048897377
0,10501,PUT,169229048769410
0,10501,GET,169229048894801
0,14863,PUT,169229048769089
0,14863,GET,169229048894220
0,13328,PUT,169229048773139
0,13328,GET,169229048898179
0,11288,PUT,169229048770232
0,11288,GET,169229048895643
0,13844,PUT,169229048770342
0,13844,GET,169229048895683
0,12305,PUT,169229048773890
0,12305,GET,169229048899071
0,12825,PUT,169229048772858
0,12825,GET,169229048897888
0,10757,PUT,169229048769971
0,10757,GET,169229048895242
0,12032,PUT,169229048776797
0,12032,GET,169229048901807
0,13580,PUT,169229048773008
0,13580,GET,169229048897928
0,11273,PUT,169229048775013
0,11273,GET,169229048900474
0,11035,PUT,169229048773299
0,11035,GET,169229048898460
0,15902,PUT,169229048773369
0,15902,GET,169229048898490
0,17933,PUT,169229048773048
0,17933,GET,169229048898009
0,16156,PUT,169229048771314
0,16156,GET,169229048896315
0,16670,PUT,169229048775113
0,16670,GET,169229048900514
0,14866,PUT,169229048774281
0,14866,GET,169229048899622
0,13341,PUT,169229048771354
0,13341,GET,169229048896355
0,13584,PUT,169229048773690
0,13584,GET,169229048899041
0,12552,PUT,169229048776727
0,12552,GET,169229048901707
0,13072,PUT,169229048771425
0,13072,GET,169229048896615
0,14355,PUT,169229048771505
0,14355,GET,169229048896656
0,13087,PUT,169229048772748
0,13087,GET,169229048897447
0,15646,PUT,169229048772778
0,15646,GET,169229048897487
0,13597,PUT,169229048771976
0,13597,GET,169229048897117
0,12569,PUT,169229048772307
0,12569,GET,169229048897147
0,14086,PUT,169229048773449
0,14086,GET,169229048898740
0,11017,PUT,169229048774361
0,11017,GET,169229048899662
0,15634,PUT,169229048776015
0,15634,GET,169229048901316
0,11013,PUT,169229048774472
0,11013,GET,169229048899893
0,14598,PUT,169229048777058
0,14598,GET,169229048902469
0,13825,PUT,169229048774712
0,13825,GET,169229048900093
0,17934,PUT,169229048774041
0,17934,GET,169229048899191
0,16158,PUT,169229048773971
0,16158,GET,169229048899151
0,14596,PUT,169229048774442
0,14596,GET,169229048899853
0,11776,PUT,169229048776186
0,11776,GET,169229048901477
0,13840,PUT,169229048778301
0,13840,GET,169229048904303
0,11264,PUT,169229048773600
0,11264,GET,169229048898851
0,13081,PUT,169229048773520
0,13081,GET,169229048898770
0,14100,PUT,169229048775394
0,14100,GET,169229048900986
0,14851,PUT,169229048775254
0,14851,GET,169229048900705
0,14342,PUT,169229048776416
0,14342,GET,169229048901517
0,15378,PUT,169229048775464
0,15378,GET,169229048901026
0,16414,PUT,169229048774542
0,16414,GET,169229048899973
0,13853,PUT,169229048776907
0,13853,GET,169229048902319
0,13337,PUT,169229048774131
0,13337,GET,169229048899392
0,11520,PUT,169229048774201
0,11520,GET,169229048899432
0,14337,PUT,169229048777779
0,14337,GET,169229048903171
0,17162,PUT,169229048777870
0,17162,GET,169229048903211
0,18190,PUT,169229048774632
0,18190,GET,169229048900013
0,14611,PUT,169229048775554
0,14611,GET,169229048901206
0,15362,PUT,169229048775294
0,15362,GET,169229048900735
0,18445,PUT,169229048779203
0,18445,GET,169229048905837
0,15122,PUT,169229048774863
0,15122,GET,169229048900364
0,15618,PUT,169229048775845
0,15618,GET,169229048901236
0,13333,PUT,169229048779133
0,13333,GET,169229048905747
0,13593,PUT,169229048777980
0,13593,GET,169229048903702
0,14356,PUT,169229048778090
0,14356,GET,169229048903742
0,15119,PUT,169229048774933
0,15119,GET,169229048900404
0,16412,PUT,169229048776867
0,16412,GET,169229048901898
0,14081,PUT,169229048777208
0,14081,GET,169229048902599
0,15874,PUT,169229048778742
0,15874,GET,169229048905255
0,14867,PUT,169229048776055
0,14867,GET,169229048901407
0,18701,PUT,169229048779894
0,18701,GET,169229048906839
0,18446,PUT,169229048777128
0,18446,GET,169229048902569
0,11529,PUT,169229048776978
0,11529,GET,169229048902399
0,15105,PUT,169229048779664
0,15105,GET,169229048906278
0,16924,PUT,169229048778170
0,16924,GET,169229048903932
0,15890,PUT,169229048780045
0,15890,GET,169229048906879
0,14593,PUT,169229048778381
0,14593,GET,169229048904404
0,12056,PUT,169229048778501
0,12056,GET,169229048904444
0,13589,PUT,169229048779814
0,13589,GET,169229048906458
0,13849,PUT,169229048778531
0,13849,GET,169229048904514
0,12561,PUT,169229048778271
0,12561,GET,169229048903962
0,11785,PUT,169229048779403
0,11785,GET,169229048906047
0,16668,PUT,169229048777499
0,16668,GET,169229048902900
0,12808,PUT,169229048777399
0,12808,GET,169229048902870
0,11800,PUT,169229048777940
0,11800,GET,169229048903622
0,15383,PUT,169229048779584
0,15383,GET,169229048906238
0,12826,PUT,169229048777679
0,12826,GET,169229048903100
0,12312,PUT,169229048779052
0,12312,GET,169229048905666
0,16906,PUT,169229048777288
0,16906,GET,169229048902790
0,12817,PUT,169229048780666
0,12817,GET,169229048907521
0,14849,PUT,169229048778972
0,14849,GET,169229048905586
0,14096,PUT,169229048778902
0,14096,GET,169229048905386
0,14352,PUT,169229048780696
0,14352,GET,169229048907561
0,15895,PUT,169229048780766
0,15895,GET,169229048907741
0,15375,PUT,169229048780927
0,15375,GET,169229048907781
0,13836,PUT,169229048778601
0,13836,GET,169229048904774
0,14109,PUT,169229048779283
0,14109,GET,169229048905937
0,17180,PUT,169229048778822
0,17180,GET,169229048905356
0,17436,PUT,169229048779323
0,17436,GET,169229048905977
0,13831,PUT,169229048779744
0,13831,GET,169229048906358
0,16151,PUT,169229048781408
0,16151,GET,169229048908283
0,18189,PUT,169229048778641
0,18189,GET,169229048904985
0,15107,PUT,169229048778712
0,15107,GET,169229048905175
0,14343,PUT,169229048780997
0,14343,GET,169229048907852
0,16130,PUT,169229048779473
0,16130,GET,169229048906128
0,17430,PUT,169229048779554
0,17430,GET,169229048906168
0,15363,PUT,169229048781338
0,15363,GET,169229048908242
0,13064,PUT,169229048782109
0,13064,GET,169229048909385
0,15361,PUT,169229048780265
0,15361,GET,169229048907140
0,14852,PUT,169229048780335
0,14852,GET,169229048907180
0,14855,PUT,169229048782170
0,14855,GET,169229048909415
0,15376,PUT,169229048783062
0,15376,GET,169229048910337
0,14087,PUT,169229048780416
0,14087,GET,169229048907250
0,15120,PUT,169229048782420
0,15120,GET,169229048909656
0,13073,PUT,169229048781227
0,13073,GET,169229048908072
0,15639,PUT,169229048780185
0,15639,GET,169229048907070
0,15108,PUT,169229048782981
0,15108,GET,169229048910297
0,15619,PUT,169229048782009
0,15619,GET,169229048909295
0,14603,PUT,169229048781488
0,14603,GET,169229048908814
0,14357,PUT,169229048789146
0,14357,GET,169229048917133
0,16131,PUT,169229048783142
0,16131,GET,169229048910528
0,14608,PUT,169229048781257
0,14608,GET,169229048908172
0,14105,PUT,169229048782741
0,14105,GET,169229048910097
0,15873,PUT,169229048789216
0,15873,GET,169229048917173
0,17948,PUT,169229048787041
0,17948,GET,169229048914467
0,14365,PUT,169229048781658
0,14365,GET,169229048909004
0,13585,PUT,169229048783904
0,13585,GET,169229048911390
0,16387,PUT,169229048783803
0,16387,GET,169229048911350
0,14599,PUT,169229048781568
0,14599,GET,169229048908904
0,13320,PUT,169229048782831
0,13320,GET,169229048910187
0,14092,PUT,169229048782260
0,14092,GET,169229048909495
0,16926,PUT,169229048781889
0,16926,GET,169229048909114
0,15875,PUT,169229048782581
0,15875,GET,169229048909686
0,14621,PUT,169229048782350
0,14621,GET,169229048909565
0,14864,PUT,169229048781809
0,14864,GET,169229048909034
0,18957,PUT,169229048782651
0,18957,GET,169229048910007
0,13343,PUT,169229048781929
0,13343,GET,169229048909195
0,15111,PUT,169229048782901
0,15111,GET,169229048910227
0,14361,PUT,169229048783382
0,14361,GET,169229048910848
0,15631,PUT,169229048784285
0,15631,GET,169229048911690
0,16643,PUT,169229048784375
0,16643,GET,169229048911781
0,13832,PUT,169229048784144
0,13832,GET,169229048911580
0,12568,PUT,169229048783653
0,12568,GET,169229048911129
0,17431,PUT,169229048788795
0,17431,GET,169229048916702
0,13329,PUT,169229048783292
0,13329,GET,169229048910658
0,13855,PUT,169229048784635
0,13855,GET,169229048912542
0,12288,PUT,169229048783212
0,12288,GET,169229048910628
0,17182,PUT,169229048784024
0,17182,GET,169229048911470
0,12824,PUT,169229048784204
0,12824,GET,169229048911620
0,15632,PUT,169229048783723
0,15632,GET,169229048911159
0,15891,PUT,169229048788865
0,15891,GET,169229048916742
0,14348,PUT,169229048785167
0,14348,GET,169229048913064
0,13599,PUT,169229048784054
0,13599,GET,169229048911500
0,14612,PUT,169229048786029
0,14612,GET,169229048913445
0,13576,PUT,169229048783483
0,13576,GET,169229048911049
0,13841,PUT,169229048784475
0,13841,GET,169229048912192
0,17686,PUT,169229048784916
0,17686,GET,169229048912673
0,17438,PUT,169229048784595
0,17438,GET,169229048912462
0,14097,PUT,169229048785086
0,14097,GET,169229048913024
0,17155,PUT,169229048785557
0,17155,GET,169229048913134
0,14353,PUT,169229048785628
0,14353,GET,169229048913174
0,17692,PUT,169229048786440
0,17692,GET,169229048914116
0,14088,PUT,169229048784826
0,14088,GET,169229048912643
0,15123,PUT,169229048786961
0,15123,GET,169229048914437
0,16663,PUT,169229048786860
0,16663,GET,169229048914226
0,12041,PUT,169229048785938
0,12041,GET,169229048913244
0,16899,PUT,169229048784996
0,16899,GET,169229048912923
0,17411,PUT,169229048786109
0,17411,GET,169229048913725
0,14609,PUT,169229048786179
0,14609,GET,169229048913765
0,12544,PUT,169229048788354
0,12544,GET,169229048916241
0,14860,PUT,169229048788424
0,14860,GET,169229048916311
0,15379,PUT,169229048787572
0,15379,GET,169229048915038
0,16407,PUT,169229048786289
0,16407,GET,169229048913835
0,14877,PUT,169229048786510
0,14877,GET,169229048914156
0,14604,PUT,169229048787823
0,14604,GET,169229048915128
0,15617,PUT,169229048788314
0,15617,GET,169229048916201
0,15112,PUT,169229048788564
0,15112,GET,169229048916351
0,14344,PUT,169229048786379
0,14344,GET,169229048913936
0,15364,PUT,169229048787502
0,15364,GET,169229048914948
0,15133,PUT,169229048787081
0,15133,GET,169229048914557
0,14617,PUT,169229048787151
0,14617,GET,169229048914587
0,14101,PUT,169229048788625
0,14101,GET,169229048916421
0,11291,PUT,169229048788705
0,11291,GET,169229048916462
0,13845,PUT,169229048787983
0,13845,GET,169229048915429
0,14600,PUT,169229048787241
0,14600,GET,169229048914667
0,16919,PUT,169229048787422
0,16919,GET,169229048914758
0,15367,PUT,169229048788174
0,15367,GET,169229048916091
0,16129,PUT,169229048789777
0,16129,GET,169229048917724
0,19213,PUT,169229048788935
0,19213,GET,169229048916923
0,14856,PUT,169229048787913
0,14856,GET,169229048915229
0,17175,PUT,169229048788053
0,17175,GET,169229048915620
0,14868,PUT,169229048789106
0,14868,GET,169229048917033
0,12297,PUT,169229048789296
0,12297,GET,169229048917504
0,15635,PUT,169229048788244
0,15635,GET,169229048916121
0,16402,PUT,169229048790419
0,16402,GET,169229048918346
0,13082,PUT,169229048789026
0,13082,GET,169229048916963
0,17418,PUT,169229048790579
0,17418,GET,169229048918637
0,12553,PUT,169229048789928
0,12553,GET,169229048918015
0,14865,PUT,169229048794067
0,14865,GET,169229048922676
0,14854,PUT,169229048788133
0,14854,GET,169229048915880
0,11547,PUT,169229048789366
0,11547,GET,169229048917544
0,11803,PUT,169229048790008
0,11803,GET,169229048918055
0,15888,PUT,169229048790208
0,15888,GET,169229048918125
0,13594,PUT,169229048794177
0,13594,GET,169229048922716
0,15620,PUT,169229048792323
0,15620,GET,169229048920361
0,16658,PUT,169229048791000
0,16658,GET,169229048919489
0,17923,PUT,169229048790288
0,17923,GET,169229048918155
0,15623,PUT,169229048790920
0,15623,GET,169229048919158
0,14111,PUT,169229048790840
0,14111,GET,169229048919118
0,16146,PUT,169229048789857
0,16146,GET,169229048917825
0,18204,PUT,169229048792654
0,18204,GET,169229048920511
0,16403,PUT,169229048792403
0,16403,GET,169229048920401
0,18179,PUT,169229048792474
0,18179,GET,169229048920471
0,14859,PUT,169229048790549
0,14859,GET,169229048918376
0,13338,PUT,169229048789547
0,13338,GET,169229048917624
0,17667,PUT,169229048789667
0,17667,GET,169229048917654
0,16147,PUT,169229048791822
0,16147,GET,169229048920140
0,12059,PUT,169229048790649
0,12059,GET,169229048918907
0,17156,PUT,169229048795731
0,17156,GET,169229048924821
0,16914,PUT,169229048794639
0,16914,GET,169229048923708
0,16135,PUT,169229048792053
0,16135,GET,169229048920170
0,14623,PUT,169229048794719
0,14623,GET,169229048923748
0,16144,PUT,169229048790760
0,16144,GET,169229048918937
0,15116,PUT,169229048793135
0,15116,GET,169229048921243
0,15876,PUT,169229048792985
0,15876,GET,169229048920852
0,14367,PUT,169229048791421
0,14367,GET,169229048919849
0,15115,PUT,169229048794368
0,15115,GET,169229048923167
0,12809,PUT,169229048795561
0,12809,GET,169229048924711
0,17171,PUT,169229048795661
0,17171,GET,169229048924751
0,14873,PUT,169229048791080
0,14873,GET,169229048919589
0,13080,PUT,169229048791110
0,13080,GET,169229048919619
0,15879,PUT,169229048791501
0,15879,GET,169229048919930
0,16400,PUT,169229048791321
0,16400,GET,169229048919809
0,15371,PUT,169229048796222
0,15371,GET,169229048925492
0,19469,PUT,169229048793165
0,19469,GET,169229048921283
0,18691,PUT,169229048793596
0,18691,GET,169229048922095
0,12800,PUT,169229048792874
0,12800,GET,169229048920581
0,16385,PUT,169229048792905
0,16385,GET,169229048920661
0,16388,PUT,169229048793997
0,16388,GET,169229048922395
0,18435,PUT,169229048793055
0,18435,GET,169229048920952
0,15372,PUT,169229048793696
0,15372,GET,169229048922125
0,18460,PUT,169229048793315
0,18460,GET,169229048921634
0,16391,PUT,169229048795230
0,16391,GET,169229048924390
0,16659,PUT,169229048793235
0,16659,GET,169229048921363
0,17942,PUT,169229048793787
0,17942,GET,169229048922205
0,12315,PUT,169229048793867
0,12315,GET,169229048922245
0,16644,PUT,169229048794558
0,16644,GET,169229048923498
0,15368,PUT,169229048794899
0,15368,GET,169229048923849
0,15121,PUT,169229048794799
0,15121,GET,169229048923819
0,16132,PUT,169229048793466
0,16132,GET,169229048922024
0,15624,PUT,169229048795521
0,15624,GET,169229048924620
0,11269,PUT,169229048793386
0,11269,GET,169229048921984
0,11525,PUT,169229048793957
0,11525,GET,169229048922315
0,19459,PUT,169229048797275
0,19459,GET,169229048926425
0,16641,PUT,169229048795891
0,16641,GET,169229048925182
0,15377,PUT,169229048795350
0,15377,GET,169229048924430
0,16647,PUT,169229048795811
0,16647,GET,169229048925102
0,19203,PUT,169229048796663
0,19203,GET,169229048925803
0,15628,PUT,169229048794258
0,15628,GET,169229048923017
0,15884,PUT,169229048794949
0,15884,GET,169229048923919
0,17674,PUT,169229048794338
0,17674,GET,169229048923097
0,16915,PUT,169229048795029
0,16915,GET,169229048924119
0,11781,PUT,169229048794528
0,11781,GET,169229048923297
0,12571,PUT,169229048794448
0,12571,GET,169229048923267
0,13592,PUT,169229048798658
0,13592,GET,169229048928139
0,16386,PUT,169229048796032
0,16386,GET,169229048925282
0,15887,PUT,169229048797585
0,15887,GET,169229048926785
0,13065,PUT,169229048796142
0,13065,GET,169229048925402
0,17668,PUT,169229048797736
0,17668,GET,169229048927086
0,12293,PUT,169229048797776
0,12293,GET,169229048927176
0,14869,PUT,169229048798006
0,14869,GET,169229048927377
0,18947,PUT,169229048796072
0,18947,GET,169229048925322
0,16900,PUT,169229048795120
0,16900,GET,169229048924310
0,13321,PUT,169229048796733
0,13321,GET,169229048926024
0,17412,PUT,169229048796302
0,17412,GET,169229048925583
0,18198,PUT,169229048796583
0,18198,GET,169229048925623
0,16656,PUT,169229048799149
0,16656,GET,169229048928790
0,15633,PUT,169229048799179
0,15633,GET,169229048928830
0,12037,PUT,169229048797205
0,12037,GET,169229048926334
0,14613,PUT,169229048797445
0,14613,GET,169229048926715
0,15627,PUT,169229048796814
0,15627,GET,169229048926064
0,13850,PUT,169229048799961
0,13850,GET,169229048929652
0,15385,PUT,169229048798688
0,15385,GET,169229048928179
0,16140,PUT,169229048798197
0,16140,GET,169229048927587
0,16648,PUT,169229048799690
0,16648,GET,169229048929422
0,15889,PUT,169229048799770
0,15889,GET,169229048929462
0,16143,PUT,169229048798267
0,16143,GET,169229048927708
0,15880,PUT,169229048797666
0,15880,GET,169229048926996
0,18716,PUT,169229048796894
0,18716,GET,169229048926134
0,13336,PUT,169229048798087
0,13336,GET,169229048927467
0,15129,PUT,169229048798117
0,15129,GET,169229048927507
0,16652,PUT,169229048799329
0,16652,GET,169229048929091
0,17694,PUT,169229048798848
0,17694,GET,169229048928329
0,17170,PUT,169229048798929
0,17170,GET,169229048928369
0,13577,PUT,169229048797365
0,13577,GET,169229048926645
0,16396,PUT,169229048798768
0,16396,GET,169229048928249
0,15883,PUT,169229048800442
0,15883,GET,169229048930023
0,16136,PUT,169229048798357
0,16136,GET,169229048927878
0,17420,PUT,169229048802527
0,17420,GET,169229048932038
0,17930,PUT,169229048799851
0,17930,GET,169229048929542
0,12827,PUT,169229048799931
0,12827,GET,169229048929582
0,16904,PUT,169229048800312
0,16904,GET,169229048929923
0,16392,PUT,169229048799039
0,16392,GET,169229048928710
0,16642,PUT,169229048799620
0,16642,GET,169229048929151
0,18186,PUT,169229048800482
0,18186,GET,169229048930203
0,19715,PUT,169229048800733
0,19715,GET,169229048930675
0,14360,PUT,169229048802747
0,14360,GET,169229048932579
0,14106,PUT,169229048800592
0,14106,GET,169229048930464
0,17427,PUT,169229048801244
0,17427,GET,169229048930935
0,12549,PUT,169229048801324
0,12549,GET,169229048930975
0,14362,PUT,169229048801164
0,14362,GET,169229048930855
0,16139,PUT,169229048801013
0,16139,GET,169229048930755
0,16908,PUT,169229048801394
0,16908,GET,169229048931366
0,12805,PUT,169229048801885
0,12805,GET,169229048931617
0,17164,PUT,169229048801956
0,17164,GET,169229048931657
0,13833,PUT,169229048802046
0,13833,GET,169229048931727
0,14104,PUT,169229048802166
0,14104,GET,169229048931927
0,13848,PUT,169229048801575
0,13848,GET,169229048931547
0,17160,PUT,169229048802326
0,17160,GET,169229048931958
0,14089,PUT,169229048802607
0,14089,GET,169229048932499
0,17676,PUT,169229048803068
0,17676,GET,169229048932910
0,16897,PUT,169229048803279
0,16897,GET,169229048933180
0,18442,PUT,169229048802848
0,18442,GET,169229048932649
0,17687,PUT,169229048803188
0,17687,GET,169229048933100
0,14618,PUT,169229048803700
0,14618,GET,169229048933581
0,17943,PUT,169229048803780
0,17943,GET,169229048933661
0,19725,PUT,169229048804702
0,19725,GET,169229048934493
0,14874,PUT,169229048804271
0,14874,GET,169229048934123
0,17932,PUT,169229048803619
0,17932,GET,169229048933361
0,17426,PUT,169229048804080
0,17426,GET,169229048933842
0,15386,PUT,169229048805404
0,15386,GET,169229048934764
0,13061,PUT,169229048804361
0,13061,GET,169229048934403
0,15130,PUT,169229048804832
0,15130,GET,169229048934574
0,13317,PUT,169229048804922
0,13317,GET,169229048934654
0,17159,PUT,169229048805584
0,17159,GET,169229048935055
0,16903,PUT,169229048804993
0,16903,GET,169229048934684
0,19971,PUT,169229048805504
0,19971,GET,169229048934964
0,16898,PUT,169229048806997
0,16898,GET,169229048935696
0,19981,PUT,169229048809182
0,19981,GET,169229048936568
0,13056,PUT,169229048809293
0,13056,GET,169229048936678
0,18454,PUT,169229048808892
0,18454,GET,169229048936117
0,13573,PUT,169229048809092
0,13573,GET,169229048936378
0,18702,PUT,169229048810415
0,18702,GET,169229048939094
0,13083,PUT,169229048809012
0,13083,GET,169229048936197
0,13312,PUT,169229048809854
0,13312,GET,169229048937721
0,15389,PUT,169229048809473
0,15389,GET,169229048937270
0,17950,PUT,169229048809363
0,17950,GET,169229048937089
0,20227,PUT,169229048809694
0,20227,GET,169229048937641
0,13595,PUT,169229048810265
0,13595,GET,169229048938513
0,17153,PUT,169229048809252
0,17153,GET,169229048936608
0,18710,PUT,169229048809543
0,18710,GET,169229048937350
0,13339,PUT,169229048809623
0,13339,GET,169229048937571
0,17409,PUT,169229048809884
0,17409,GET,169229048937811
0,20237,PUT,169229048809974
0,20237,GET,169229048937851
0,18698,PUT,169229048810034
0,18698,GET,169229048938052
0,18206,PUT,169229048810125
0,18206,GET,169229048938312
0,20483,PUT,169229048810335
0,20483,GET,169229048938773
0,18199,PUT,169229048810706
0,18199,GET,169229048939375
0,18954,PUT,169229048811558
0,18954,GET,169229048940147
0,13568,PUT,169229048810485
0,13568,GET,169229048939174
0,20493,PUT,169229048810606
0,20493,GET,169229048939285
0,17665,PUT,169229048810525
0,17665,GET,169229048939244
0,20739,PUT,169229048810926
0,20739,GET,169229048939655
0,17924,PUT,169229048812039
0,17924,GET,169229048940217
0,18188,PUT,169229048812861
0,18188,GET,169229048940898
0,13824,PUT,169229048811067
0,13824,GET,169229048939996
0,17154,PUT,169229048812470
0,17154,GET,169229048940257
0,15645,PUT,169229048812600
0,15645,GET,169229048940327
0,16399,PUT,169229048811428
0,16399,GET,169229048940066
0,13829,PUT,169229048813613
0,13829,GET,169229048941389
0,13851,PUT,169229048812670
0,13851,GET,169229048940517
0,20749,PUT,169229048812831
0,20749,GET,169229048940708
0,18180,PUT,169229048813653
0,18180,GET,169229048941570
0,15901,PUT,169229048813232
0,15901,GET,169229048940978
0,18958,PUT,169229048813422
0,18958,GET,169229048941309
0,17416,PUT,169229048813733
0,17416,GET,169229048941660
0,14345,PUT,169229048813773
0,14345,GET,169229048942071
0,18455,PUT,169229048813843
0,18455,GET,169229048942111
0,16157,PUT,169229048813923
0,16157,GET,169229048942312
0,19214,PUT,169229048814004
0,19214,GET,169229048942512
0,14085,PUT,169229048814184
0,14085,GET,169229048942853
0,19210,PUT,169229048814465
0,19210,GET,169229048942893
0,14879,PUT,169229048814665
0,14879,GET,169229048943143
0,16413,PUT,169229048814565
0,16413,GET,169229048942963
0,16669,PUT,169229048815467
0,16669,GET,169229048944106
0,18462,PUT,169229048814625
0,18462,GET,169229048943043
0,18444,PUT,169229048815186
0,18444,GET,169229048943605
0,18718,PUT,169229048815266
0,18718,GET,169229048943655
0,14341,PUT,169229048814755
0,14341,GET,169229048943344
0,18700,PUT,169229048815768
0,18700,GET,169229048944186
0,17168,PUT,169229048816930
0,17168,GET,169229048945168
0,16655,PUT,169229048817632
0,16655,GET,169229048945198
0,15135,PUT,169229048815297
0,15135,GET,169229048943825
0,16912,PUT,169229048816339
0,16912,GET,169229048944948
0,18967,PUT,169229048816229
0,18967,GET,169229048944777
0,18966,PUT,169229048816259
0,18966,GET,169229048944867
0,18711,PUT,169229048815377
0,18711,GET,169229048943895
0,19470,PUT,169229048816138
0,19470,GET,169229048944376
0,14336,PUT,169229048818594
0,14336,GET,169229048945820
0,19223,PUT,169229048817712
0,19223,GET,169229048945278
0,14080,PUT,169229048817893
0,14080,GET,169229048945319
0,17410,PUT,169229048819186
0,17410,GET,169229048946291
0,17424,PUT,169229048818704
0,17424,GET,169229048945950
0,18956,PUT,169229048818404
0,18956,GET,169229048945559
0,14107,PUT,169229048818143
0,14107,GET,169229048945479
0,21251,PUT,169229048819727
0,21251,GET,169229048946491
0,17921,PUT,169229048817933
0,17921,GET,169229048945389
0,21261,PUT,169229048820519
0,21261,GET,169229048947784
0,14592,PUT,169229048819256
0,14592,GET,169229048946311
0,19479,PUT,169229048818474
0,19479,GET,169229048945629
0,16925,PUT,169229048819797
0,16925,GET,169229048947143
0,14619,PUT,169229048820669
0,14619,GET,169229048947884
0,18433,PUT,169229048820799
0,18433,GET,169229048948225
0,17680,PUT,169229048819336
0,17680,GET,169229048946381
0,19735,PUT,169229048820589
0,19735,GET,169229048947854
0,18974,PUT,169229048819526
0,18974,GET,169229048946421
0,19230,PUT,169229048823826
0,19230,GET,169229048951693
0,20995,PUT,169229048819145
0,20995,GET,169229048946201
0,15391,PUT,169229048823866
0,15391,GET,169229048951733
0,17181,PUT,169229048820438
0,17181,GET,169229048947634
0,21507,PUT,169229048821120
0,21507,GET,169229048948626
0,18177,PUT,169229048820228
0,18177,GET,169229048947393
0,14363,PUT,169229048820028
0,14363,GET,169229048947283
0,15898,PUT,169229048820709
0,15898,GET,169229048947965
0,15642,PUT,169229048820058
0,15642,GET,169229048947353
0,14848,PUT,169229048819947
0,14848,GET,169229048947243
0,16395,PUT,169229048821601
0,16395,GET,169229048949428
0,17672,PUT,169229048820869
0,17672,GET,169229048948305
0,18972,PUT,169229048821050
0,18972,GET,169229048948346
0,21005,PUT,169229048819877
0,21005,GET,169229048947163
0,17928,PUT,169229048821491
0,17928,GET,169229048949358
0,19466,PUT,169229048822223
0,19466,GET,169229048949859
0,16410,PUT,169229048821882
0,16410,GET,169229048949468
0,18184,PUT,169229048822142
0,18184,GET,169229048949769
0,19201,PUT,169229048825029
0,19201,GET,169229048952966
0,18689,PUT,169229048821401
0,18689,GET,169229048949318
0,14597,PUT,169229048822503
0,14597,GET,169229048950260
0,16401,PUT,169229048822714
0,16401,GET,169229048950460
0,16154,PUT,169229048821321
0,16154,GET,169229048949127
0,19468,PUT,169229048826663
0,19468,GET,169229048955562
0,20247,PUT,169229048826763
0,20247,GET,169229048955602
0,18945,PUT,169229048822042
0,18945,GET,169229048949588
0,18194,PUT,169229048824107
0,18194,GET,169229048951924
0,19222,PUT,169229048822423
0,19222,GET,169229048949939
0,21763,PUT,169229048824177
0,21763,GET,169229048951964
0,16145,PUT,169229048821962
0,16145,GET,169229048949548
0,18436,PUT,169229048822533
0,18436,GET,169229048950420
0,17938,PUT,169229048823516
0,17938,GET,169229048951172
0,16922,PUT,169229048825179
0,16922,GET,169229048953387
0,16651,PUT,169229048824257
0,16651,GET,169229048952034
0,19228,PUT,169229048823335
0,19228,GET,169229048950881
0,17683,PUT,169229048822784
0,17683,GET,169229048950541
0,16666,PUT,169229048824548
0,16666,GET,169229048952455
0,17939,PUT,169229048823676
0,17939,GET,169229048951583
0,19478,PUT,169229048824628
0,19478,GET,169229048952555
0,17437,PUT,169229048823065
0,17437,GET,169229048950771
0,17682,PUT,169229048822824
0,17682,GET,169229048950571
0,15647,PUT,169229048824458
0,15647,GET,169229048952385
0,19726,PUT,169229048823756
0,19726,GET,169229048951623
0,19982,PUT,169229048824338
0,19982,GET,169229048952315
0,16657,PUT,169229048823255
0,16657,GET,169229048950811
0,16907,PUT,169229048824829
0,16907,GET,169229048952646
0,20750,PUT,169229048826082
0,20750,GET,169229048954750
0,17936,PUT,169229048827405
0,17936,GET,169229048956063
0,19212,PUT,169229048823596
0,19212,GET,169229048951373
0,14601,PUT,169229048825921
0,14601,GET,169229048954640
0,20238,PUT,169229048824919
0,20238,GET,169229048952746
0,15110,PUT,169229048829840
0,15110,GET,169229048958970
0,19457,PUT,169229048825580
0,19457,GET,169229048953888
0,16913,PUT,169229048823947
0,16913,GET,169229048951814
0,19484,PUT,169229048824027
0,19484,GET,169229048951844
0,19996,PUT,169229048828968
0,19996,GET,169229048957918
0,15903,PUT,169229048825109
0,15903,GET,169229048953307
0,17415,PUT,169229048829880
0,17415,GET,169229048959010
0,20494,PUT,169229048825470
0,20494,GET,169229048953658
0,21517,PUT,169229048825761
0,21517,GET,169229048954360
0,15104,PUT,169229048824999
0,15104,GET,169229048952776
0,16159,PUT,169229048825681
0,16159,GET,169229048954159
0,17693,PUT,169229048826001
0,17693,GET,169229048954680
0,18450,PUT,169229048826503
0,18450,GET,169229048955392
0,17163,PUT,169229048825400
0,17163,GET,169229048953467
0,17169,PUT,169229048827435
0,17169,GET,169229048956344
0,15360,PUT,169229048825550
0,15360,GET,169229048953698
0,17690,PUT,169229048826994
0,17690,GET,169229048955863
0,14853,PUT,169229048827064
0,14853,GET,169229048955903
0,16671,PUT,169229048826843
0,16671,GET,169229048955663
0,17434,PUT,169229048826422
0,17434,GET,169229048955362
0,19486,PUT,169229048827966
0,19486,GET,169229048956685
0,16927,PUT,169229048827515
0,16927,GET,169229048956384
0,14872,PUT,169229048832266
0,14872,GET,169229048962929
0,17946,PUT,169229048827595
0,17946,GET,169229048956464
0,16415,PUT,169229048826272
0,16415,GET,169229048955141
0,17178,PUT,169229048825841
0,17178,GET,169229048954450
0,19734,PUT,169229048826583
0,19734,GET,169229048955462
0,18192,PUT,169229048828046
0,18192,GET,169229048956785
0,17425,PUT,169229048828126
0,17425,GET,169229048956815
0,17666,PUT,169229048827866
0,17666,GET,169229048956505
0,19991,PUT,169229048826152
0,19991,GET,169229048954961
0,16153,PUT,169229048832296
0,16153,GET,169229048962960
0,21262,PUT,169229048829319
0,21262,GET,169229048958239
0,21773,PUT,169229048827144
0,21773,GET,169229048955983
0,17922,PUT,169229048828487
0,17922,GET,169229048957457
0,15124,PUT,169229048829159
0,15124,GET,169229048958128
0,18696,PUT,169229048829760
0,18696,GET,169229048958870
0,21006,PUT,169229048828607
0,21006,GET,169229048957497
0,19740,PUT,169229048828327
0,19740,GET,169229048957166
0,16911,PUT,169229048828407
0,16911,GET,169229048957206
0,17419,PUT,169229048829239
0,17419,GET,169229048958168
0,18202,PUT,169229048828247
0,18202,GET,169229048957086
0,17183,PUT,169229048828156
0,17183,GET,169229048957006
0,15616,PUT,169229048828888
0,15616,GET,169229048957727
0,18458,PUT,169229048828808
0,18458,GET,169229048957697
0,18692,PUT,169229048829971
0,18692,GET,169229048959451
0,17439,PUT,169229048831274
0,17439,GET,169229048961707
0,15366,PUT,169229048830762
0,15366,GET,169229048960835
0,15872,PUT,169229048829520
0,15872,GET,169229048958559
0,18704,PUT,169229048831193
0,18704,GET,169229048961667
0,18440,PUT,169229048829059
0,18440,GET,169229048958018
0,19990,PUT,169229048830051
0,19990,GET,169229048959552
0,19722,PUT,169229048829670
0,19722,GET,169229048958660
0,17675,PUT,169229048830271
0,17675,GET,169229048959973
0,14616,PUT,169229048829459
0,14616,GET,169229048958449
0,15641,PUT,169229048829439
0,15641,GET,169229048958489
0,15125,PUT,169229048829119
0,15125,GET,169229048958058
0,15381,PUT,169229048830121
0,15381,GET,169229048959592
0,20252,PUT,169229048829590
0,20252,GET,169229048958599
0,15109,PUT,169229048829941
0,15109,GET,169229048959191
0,18448,PUT,169229048830582
0,18448,GET,169229048960524
0,20234,PUT,169229048830883
0,20234,GET,169229048961266
0,21774,PUT,169229048830953
0,21774,GET,169229048961306
0,18434,PUT,169229048831033
0,18434,GET,169229048961376
0,15384,PUT,169229048833429
0,15384,GET,169229048964042
0,19204,PUT,169229048833649
0,19204,GET,169229048964082
0,19978,PUT,169229048830311
0,19978,GET,169229048960303
0,16128,PUT,169229048831113
0,16128,GET,169229048961416
0,15365,PUT,169229048830652
0,15365,GET,169229048960564
0,20490,PUT,169229048831504
0,20490,GET,169229048962007
0,21518,PUT,169229048830201
0,21518,GET,169229048959782
0,17931,PUT,169229048830843
0,17931,GET,169229048961175
0,22019,PUT,169229048830502
0,22019,GET,169229048960444
0,18178,PUT,169229048830472
0,18178,GET,169229048960414
0,15131,PUT,169229048832005
0,15131,GET,169229048962599
0,15878,PUT,169229048831915
0,15878,GET,169229048962559
0,18948,PUT,169229048830692
0,18948,GET,169229048960754
0,15897,PUT,169229048830392
0,15897,GET,169229048960333
0,15128,PUT,169229048832837
0,15128,GET,169229048963521
0,15621,PUT,169229048831584
0,15621,GET,169229048962228
0,14875,PUT,169229048831424
0,14875,GET,169229048961937
0,22030,PUT,169229048831665
0,22030,GET,169229048962318
0,19713,PUT,169229048833098
0,19713,GET,169229048963561
0,20746,PUT,169229048834832
0,20746,GET,169229048965094
0,15622,PUT,169229048831344
0,15622,GET,169229048961897
0,18946,PUT,169229048832186
0,18946,GET,169229048962849
0,21002,PUT,169229048835544
0,21002,GET,169229048965676
0,22787,PUT,169229048835473
0,22787,GET,169229048965636
0,14857,PUT,169229048831805
0,14857,GET,169229048962468
0,22531,PUT,169229048834972
0,22531,GET,169229048965135
0,16665,PUT,169229048835924
0,16665,GET,169229048966177
0,18690,PUT,169229048831735
0,18690,GET,169229048962398
0,16640,PUT,169229048833729
0,16640,GET,169229048964403
0,17167,PUT,169229048832537
0,17167,GET,169229048963160
0,16384,PUT,169229048833128
0,16384,GET,169229048963751
0,15877,PUT,169229048833358
0,15877,GET,169229048963791
0,19724,PUT,169229048832637
0,19724,GET,169229048963190
0,19202,PUT,169229048832737
0,19202,GET,169229048963451
0,20246,PUT,169229048837207
0,20246,GET,169229048966889
0,19474,PUT,169229048840184
0,19474,GET,169229048969886
0,15369,PUT,169229048839443
0,15369,GET,169229048968953
0,19972,PUT,169229048839513
0,19972,GET,169229048968994
0,18714,PUT,169229048834030
0,18714,GET,169229048964503
0,15637,PUT,169229048834110
0,15637,GET,169229048964533
0,23043,PUT,169229048836857
0,23043,GET,169229048966849
0,15643,PUT,169229048836085
0,15643,GET,169229048966367
0,15387,PUT,169229048834471
0,15387,GET,169229048964804
0,22275,PUT,169229048834401
0,22275,GET,169229048964623
0,15893,PUT,169229048834672
0,15893,GET,169229048964834
0,16409,PUT,169229048835313
0,16409,GET,169229048965515
0,18706,PUT,169229048834752
0,18706,GET,169229048965014
0,18962,PUT,169229048835393
0,18962,GET,169229048965546
0,16149,PUT,169229048835233
0,16149,GET,169229048965325
0,20502,PUT,169229048840265
0,20502,GET,169229048969926
0,15899,PUT,169229048839052
0,15899,GET,169229048968843
0,18443,PUT,169229048836205
0,18443,GET,169229048966538
0,19208,PUT,169229048836476
0,19208,GET,169229048966618
0,21514,PUT,169229048836736
0,21514,GET,169229048966658
0,15113,PUT,169229048838881
0,15113,GET,169229048968623
0,19716,PUT,169229048838951
0,19716,GET,169229048968653
0,18963,PUT,169229048839332
0,18963,GET,169229048968883
0,18187,PUT,169229048835604
0,18187,GET,169229048966067
0,18952,PUT,169229048835864
0,18952,GET,169229048966107
0,18960,PUT,169229048837298
0,18960,GET,169229048966959
0,19460,PUT,169229048837518
0,19460,GET,169229048967480
0,18195,PUT,169229048837598
0,18195,GET,169229048967510
0,19464,PUT,169229048838490
0,19464,GET,169229048968332
0,18451,PUT,169229048838210
0,18451,GET,169229048968192
0,17695,PUT,169229048837949
0,17695,GET,169229048967841
0,21258,PUT,169229048836165
0,21258,GET,169229048966468
0,17408,PUT,169229048842089
0,17408,GET,169229048971559
0,21770,PUT,169229048837368
0,21770,GET,169229048967159
0,18699,PUT,169229048838340
0,18699,GET,169229048968292
0,19742,PUT,169229048837919
0,19742,GET,169229048967590
0,19730,PUT,169229048840675
0,19730,GET,169229048970347
0,23299,PUT,169229048837448
0,23299,GET,169229048967199
0,19980,PUT,169229048841908
0,19980,GET,169229048971329
0,19475,PUT,169229048840555
0,19475,GET,169229048970307
0,17681,PUT,169229048842009
0,17681,GET,169229048971369
0,15640,PUT,169229048840756
0,15640,GET,169229048970427
0,22286,PUT,169229048840976
0,22286,GET,169229048970537
0,18970,PUT,169229048842169
0,18970,GET,169229048971600
0,17671,PUT,169229048845918
0,17671,GET,169229048976050
0,22026,PUT,169229048838029
0,22026,GET,169229048968111
0,18707,PUT,169229048838781
0,18707,GET,169229048968402
0,19218,PUT,169229048839593
0,19218,GET,169229048969254
0,16896,PUT,169229048840896
0,16896,GET,169229048970467
0,16152,PUT,169229048845817
0,16152,GET,169229048976010
0,19219,PUT,169229048839904
0,19219,GET,169229048969615
0,20228,PUT,169229048840094
0,20228,GET,169229048969695
0,16148,PUT,169229048843352
0,16148,GET,169229048973193
0,16133,PUT,169229048842961
0,16133,GET,169229048972622
0,15380,PUT,169229048839673
0,15380,GET,169229048969515
0,20508,PUT,169229048839793
0,20508,GET,169229048969545
0,15636,PUT,169229048840345
0,15636,GET,169229048970196
0,17920,PUT,169229048843181
0,17920,GET,169229048972662
0,16404,PUT,169229048843923
0,16404,GET,169229048973414
0,23310,PUT,169229048843442
0,23310,GET,169229048973223
0,17949,PUT,169229048840475
0,17949,GET,169229048970236
0,20740,PUT,169229048844635
0,20740,GET,169229048974176
0,16155,PUT,169229048842199
0,16155,GET,169229048971670
0,22542,PUT,169229048841558
0,22542,GET,169229048971219
0,23566,PUT,169229048844003
0,23566,GET,169229048973454
0,17664,PUT,169229048842640
0,17664,GET,169229048972221
0,19720,PUT,169229048841096
0,19720,GET,169229048970998
0,18717,PUT,169229048846028
0,18717,GET,169229048976120
0,18449,PUT,169229048846108
0,18449,GET,169229048976160
0,22798,PUT,169229048842279
0,22798,GET,169229048971710
0,15896,PUT,169229048845316
0,15896,GET,169229048975158
0,20503,PUT,169229048841738
0,20503,GET,169229048971259
0,17152,PUT,169229048841467
0,17152,GET,169229048971028
0,19969,PUT,169229048842359
0,19969,GET,169229048971780
0,23054,PUT,169229048842881
0,23054,GET,169229048972552
0,16411,PUT,169229048842800
0,16411,GET,169229048972512
0,20484,PUT,169229048844083
0,20484,GET,169229048973524
0,20766,PUT,169229048846339
0,20766,GET,169229048976341
0,18461,PUT,169229048845406
0,18461,GET,169229048975188
0,19986,PUT,169229048843282
0,19986,GET,169229048972852
0,15625,PUT,169229048844304
0,15625,GET,169229048973554
0,15892,PUT,169229048842710
0,15892,GET,169229048972321
0,20236,PUT,169229048842480
0,20236,GET,169229048972031
0,18205,PUT,169229048844785
0,18205,GET,169229048974306
0,16667,PUT,169229048843522
0,16667,GET,169229048973304
0,20764,PUT,169229048844755
0,20764,GET,169229048974276
0,18463,PUT,169229048845687
0,18463,GET,169229048975900
0,16921,PUT,169229048845767
0,16921,GET,169229048975940
0,19998,PUT,169229048844474
0,19998,GET,169229048973624
0,19458,PUT,169229048845166
0,19458,GET,169229048975038
0,20996,PUT,169229048845246
0,20996,GET,169229048975078
0,22029,PUT,169229048843813
0,22029,GET,169229048973344
0,17951,PUT,169229048844514
0,17951,GET,169229048973895
0,17937,PUT,169229048844865
0,17937,GET,169229048974717
0,17679,PUT,169229048847171
0,17679,GET,169229048977343
0,19731,PUT,169229048847020
0,19731,GET,169229048977303
0,21022,PUT,169229048847932
0,21022,GET,169229048978385
0,18193,PUT,169229048845487
0,18193,GET,169229048975388
0,16645,PUT,169229048845567
0,16645,GET,169229048975479
0,22282,PUT,169229048847311
0,22282,GET,169229048977634
0,16389,PUT,169229048844945
0,16389,GET,169229048974757
0,19467,PUT,169229048847381
0,19467,GET,169229048977674
0,20254,PUT,169229048845056
0,20254,GET,169229048974937
0,18207,PUT,169229048845086
0,18207,GET,169229048974967
0,17423,PUT,169229048846599
0,17423,GET,169229048976551
0,19211,PUT,169229048846870
0,19211,GET,169229048977193
0,20510,PUT,169229048845647
0,20510,GET,169229048975509
0,23822,PUT,169229048846639
0,23822,GET,169229048976822
0,18973,PUT,169229048846720
0,18973,GET,169229048976862
0,24334,PUT,169229048847752
0,24334,GET,169229048978215
0,18955,PUT,169229048846258
0,18955,GET,169229048976260
0,24078,PUT,169229048847201
0,24078,GET,169229048977543
0,19216,PUT,169229048846940
0,19216,GET,169229048977233
0,16901,PUT,169229048846178
0,16901,GET,169229048976230
0,16405,PUT,169229048848624
0,16405,GET,169229048978776
0,19723,PUT,169229048848013
0,19723,GET,169229048978425
0,19472,PUT,169229048847572
0,19472,GET,169229048977924
0,17177,PUT,169229048846409
0,17177,GET,169229048976441
0,20492,PUT,169229048846489
0,20492,GET,169229048976481
0,25102,PUT,169229048852182
0,25102,GET,169229048982335
0,20758,PUT,169229048849476
0,20758,GET,169229048979568
0,19229,PUT,169229048848804
0,19229,GET,169229048978816
0,22538,PUT,169229048849245
0,22538,GET,169229048979187
0,17157,PUT,169229048846790
0,17157,GET,169229048976932
0,23555,PUT,169229048849656
0,23555,GET,169229048979598
0,21252,PUT,169229048850147
0,21252,GET,169229048980340
0,19976,PUT,169229048850228
0,19976,GET,169229048980370
0,18705,PUT,169229048848945
0,18705,GET,169229048978967
0,21534,PUT,169229048849065
0,21534,GET,169229048978997
0,21270,PUT,169229048850719
0,21270,GET,169229048980661
0,21278,PUT,169229048848504
0,21278,GET,169229048978686
0,17947,PUT,169229048854618
0,17947,GET,169229048985221
0,18719,PUT,169229048847892
0,18719,GET,169229048978315
0,16134,PUT,169229048851992
0,16134,GET,169229048981883
0,16660,PUT,169229048850639
0,16660,GET,169229048980631
0,24846,PUT,169229048848875
0,24846,GET,169229048978887
0,19728,PUT,169229048849767
0,19728,GET,169229048979678
0,22794,PUT,169229048849837
0,22794,GET,169229048979929
0,24590,PUT,169229048848313
0,24590,GET,169229048978616
0,20225,PUT,169229048850568
0,20225,GET,169229048980560
0,17927,PUT,169229048852032
0,17927,GET,169229048981924
0,20232,PUT,169229048852483
0,20232,GET,169229048982515
0,23050,PUT,169229048850408
0,23050,GET,169229048980450
0,21508,PUT,169229048850799
0,21508,GET,169229048980741
0,19485,PUT,169229048849396
0,19485,GET,169229048979378
0,21014,PUT,169229048850077
0,21014,GET,169229048980139
0,21020,PUT,169229048850488
0,21020,GET,169229048980480
0,19226,PUT,169229048850869
0,19226,GET,169229048980841
0,16923,PUT,169229048850899
0,16923,GET,169229048980881
0,23306,PUT,169229048850979
0,23306,GET,169229048981142
0,21526,PUT,169229048851290
0,21526,GET,169229048981452
0,16646,PUT,169229048853255
0,16646,GET,169229048983778
0,20488,PUT,169229048853185
0,20488,GET,169229048983748
0,20737,PUT,169229048853325
0,20737,GET,169229048984059
0,18191,PUT,169229048852854
0,18191,GET,169229048983357
0,18975,PUT,169229048852934
0,18975,GET,169229048983397
0,16390,PUT,169229048852633
0,16390,GET,169229048982826
0,20759,PUT,169229048853104
0,20759,GET,169229048983467
0,21532,PUT,169229048853405
0,21532,GET,169229048984089
0,17179,PUT,169229048851501
0,17179,GET,169229048981483
0,21276,PUT,169229048851070
0,21276,GET,169229048981232
0,17435,PUT,169229048852102
0,17435,GET,169229048982234
0,18439,PUT,169229048854407
0,18439,GET,169229048984850
0,15881,PUT,169229048851821
0,15881,GET,169229048981573
0,20993,PUT,169229048853946
0,20993,GET,169229048984600
0,20748,PUT,169229048855570
0,20748,GET,169229048986083
0,20481,PUT,169229048852563
0,20481,GET,169229048982615
0,19482,PUT,169229048853686
0,19482,GET,169229048984309
0,16916,PUT,169229048853595
0,16916,GET,169229048984279
0,22285,PUT,169229048855600
0,22285,GET,169229048986123
0,19741,PUT,169229048852754
0,19741,GET,169229048983247
0,18715,PUT,169229048856322
0,18715,GET,169229048986635
0,25358,PUT,169229048852824
0,25358,GET,169229048983287
0,17691,PUT,169229048854016
0,17691,GET,169229048984640
0,18183,PUT,169229048852663
0,18183,GET,169229048983166
0,19987,PUT,169229048854538
0,19987,GET,169229048985131
0,17935,PUT,169229048852222
0,17935,GET,169229048982425
0,19738,PUT,169229048854267
0,19738,GET,169229048984820
0,17669,PUT,169229048858888
0,17669,GET,169229048989812
0,21788,PUT,169229048855370
0,21788,GET,169229048985752
0,18203,PUT,169229048855199
0,18203,GET,169229048985642
0,20499,PUT,169229048857825
0,20499,GET,169229048988318
0,19997,PUT,169229048853445
0,19997,GET,169229048984169
0,18447,PUT,169229048853525
0,18447,GET,169229048984209
0,16408,PUT,169229048855460
0,16408,GET,169229048985783
0,20498,PUT,169229048855079
0,20498,GET,169229048985562
0,21764,PUT,169229048855279
0,21764,GET,169229048985682
0,20744,PUT,169229048853796
0,20744,GET,169229048984510
0,20253,PUT,169229048854097
0,20253,GET,169229048984720
0,17433,PUT,169229048855490
0,17433,GET,169229048985983
0,19994,PUT,169229048856352
0,19994,GET,169229048986725
0,16920,PUT,169229048856613
0,16920,GET,169229048986765
0,19979,PUT,169229048859249
0,19979,GET,169229048990253
0,17684,PUT,169229048859168
0,17684,GET,169229048990213
0,18961,PUT,169229048858737
0,18961,GET,169229048989692
0,20242,PUT,169229048854508
0,20242,GET,169229048984941
0,21249,PUT,169229048855831
0,21249,GET,169229048986534
0,18459,PUT,169229048855761
0,18459,GET,169229048986314
0,22550,PUT,169229048858818
0,22550,GET,169229048989732
0,20754,PUT,169229048857214
0,20754,GET,169229048987877
0,23811,PUT,169229048857605
0,23811,GET,169229048988098
0,20250,PUT,169229048856913
0,20250,GET,169229048987246
0,18176,PUT,169229048856993
0,18176,GET,169229048987286
0,21015,PUT,169229048857104
0,21015,GET,169229048987567
0,16664,PUT,169229048856031
0,16664,GET,169229048986564
0,22038,PUT,169229048857675
0,22038,GET,169229048988138
0,18971,PUT,169229048856873
0,18971,GET,169229048986955
0,17176,PUT,169229048857294
0,17176,GET,169229048987907
0,19227,PUT,169229048857444
0,19227,GET,169229048987988
0,19714,PUT,169229048857565
0,19714,GET,169229048988018
0,19483,PUT,169229048858026
0,19483,GET,169229048988820
0,21782,PUT,169229048857064
0,21782,GET,169229048987356
0,17432,PUT,169229048860071
0,17432,GET,169229048991295
0,17172,PUT,169229048857946
0,17172,GET,169229048988619
0,20243,PUT,169229048857174
0,20243,GET,169229048987667
0,23562,PUT,169229048858497
0,23562,GET,169229048989371
0,17428,PUT,169229048858577
0,17428,GET,169229048989411
0,17413,PUT,169229048858106
0,17413,GET,169229048988850
0,21010,PUT,169229048857865
0,21010,GET,169229048988529
0,22273,PUT,169229048863088
0,22273,GET,169229048994683
0,22294,PUT,169229048858226
0,22294,GET,169229048989050
0,16137,PUT,169229048857755
0,16137,GET,169229048988218
0,21790,PUT,169229048860151
0,21790,GET,169229048991386
0,18181,PUT,169229048860231
0,18181,GET,169229048991426
0,22044,PUT,169229048858968
0,22044,GET,169229048989902
0,16649,PUT,169229048859048
0,16649,GET,169229048989932
0,18964,PUT,169229048862005
0,18964,GET,169229048993280
0,21266,PUT,169229048858427
0,21266,GET,169229048989271
0,16393,PUT,169229048858326
0,16393,GET,169229048989090
0,19739,PUT,169229048858657
0,19739,GET,169229048989591
0,17940,PUT,169229048859720
0,17940,GET,169229048990924
0,21761,PUT,169229048861744
0,21761,GET,169229048992979
0,18951,PUT,169229048862857
0,18951,GET,169229048994052
0,19984,PUT,169229048860562
0,19984,GET,169229048991937
0,18695,PUT,169229048862226
0,18695,GET,169229048993320
0,17925,PUT,169229048859459
0,17925,GET,169229048990734
0,22276,PUT,169229048860261
0,22276,GET,169229048991496
0,25614,PUT,169229048859880
0,25614,GET,169229048991105
0,23818,PUT,169229048860712
0,23818,GET,169229048992127
0,21527,PUT,169229048862336
0,21527,GET,169229048993551
0,18708,PUT,169229048861454
0,18708,GET,169229048992598
0,19217,PUT,169229048859339
0,19217,GET,169229048990333
0,18196,PUT,169229048860331
0,18196,GET,169229048991566
0,20491,PUT,169229048861835
0,20491,GET,169229048993019
0,19473,PUT,169229048859960
0,19473,GET,169229048991145
0,22020,PUT,169229048859499
0,22020,GET,169229048990834
0,16902,PUT,169229048862256
0,16902,GET,169229048993510
0,18452,PUT,169229048860902
0,18452,GET,169229048992478
0,21505,PUT,169229048861123
0,21505,GET,169229048992518
0,20235,PUT,169229048859800
0,20235,GET,169229048991015
0,20755,PUT,169229048860461
0,20755,GET,169229048991666
0,17689,PUT,169229048860040
0,17689,GET,169229048991215
0,20747,PUT,169229048862406
0,20747,GET,169229048993611
0,21256,PUT,169229048863990
0,21256,GET,169229048995706
0,19970,PUT,169229048862937
0,19970,GET,169229048994413
0,22532,PUT,169229048860822
0,22532,GET,169229048992398
0,18437,PUT,169229048860782
0,18437,GET,169229048992328
0,23300,PUT,169229048864060
0,23300,GET,169229048995736
0,21271,PUT,169229048861674
0,21271,GET,169229048992799
0,22017,PUT,169229048862486
0,22017,GET,169229048993691
0,22788,PUT,169229048862767
0,22788,GET,169229048993962
0,18703,PUT,169229048862566
0,18703,GET,169229048993891
0,24074,PUT,169229048863158
0,24074,GET,169229048994894
0,21003,PUT,169229048863007
0,21003,GET,169229048994613
0,25870,PUT,169229048863909
0,25870,GET,169229048995625
0,16661,PUT,169229048864651
0,16661,GET,169229048996487
0,20765,PUT,169229048864310
0,20765,GET,169229048996096
0,21021,PUT,169229048864942
0,21021,GET,169229048996527
0,20226,PUT,169229048864381
0,20226,GET,169229048996307
0,24330,PUT,169229048863749
0,24330,GET,169229048995315
0,17158,PUT,169229048865473
0,17158,GET,169229048997620
0,21277,PUT,169229048865563
0,21277,GET,169229048997660
0,23044,PUT,169229048863398
0,23044,GET,169229048995204
0,20509,PUT,169229048863669
0,20509,GET,169229048995234
0,21783,PUT,169229048863238
0,21783,GET,169229048995094
0,21000,PUT,169229048863318
0,21000,GET,169229048995134
0,21011,PUT,169229048863829
0,21011,GET,169229048995345
0,24842,PUT,169229048865082
0,24842,GET,169229048996928
0,24586,PUT,169229048864461
0,24586,GET,169229048996377
0,18959,PUT,169229048865162
0,18959,GET,169229048997009
0,21004,PUT,169229048864230
0,21004,GET,169229048995816
0,19215,PUT,169229048865784
0,19215,GET,169229048997851
0,21512,PUT,169229048864581
0,21512,GET,169229048996417
0,21768,PUT,169229048865233
0,21768,GET,169229048997189
0,17688,PUT,169229048867107
0,17688,GET,169229048999424
0,20482,PUT,169229048865002
0,20482,GET,169229048996718
0,21259,PUT,169229048866345
0,21259,GET,169229048998332
0,16917,PUT,169229048865313
0,16917,GET,169229048997229
0,17926,PUT,169229048867187
0,17926,GET,169229048999514
0,18201,PUT,169229048867388
0,18201,GET,169229048999555
0,22806,PUT,169229048865864
0,22806,GET,169229048997891
0,23062,PUT,169229048866495
0,23062,GET,169229048998562
0,22797,PUT,169229048867548
0,22797,GET,169229048999875
0,17945,PUT,169229048865403
0,17945,GET,169229048997410
0,25098,PUT,169229048867628
0,25098,GET,169229048999915
0,19471,PUT,169229048866415
0,19471,GET,169229048998362
0,17414,PUT,169229048866054
0,17414,GET,169229048998131
0,17670,PUT,169229048866606
0,17670,GET,169229048998602
0,22302,PUT,169229048870274
0,22302,GET,169229049012555
0,26638,PUT,169229048869883
0,26638,GET,169229049012084
0,17944,PUT,169229048867698
0,17944,GET,169229049000096
0,21260,PUT,169229048867778
0,21260,GET,169229049011683
0,21789,PUT,169229048866806
0,21789,GET,169229048998682
0,26382,PUT,169229048869252
0,26382,GET,169229049014108
0,21533,PUT,169229048866185
0,21533,GET,169229048998211
0,19995,PUT,169229048866265
0,19995,GET,169229048998251
0,19463,PUT,169229048869352
0,19463,GET,169229049017386
0,23309,PUT,169229048869472
0,23309,GET,169229049017396
0,23821,PUT,169229048872429
0,23821,GET,169229049014259
0,25354,PUT,169229048868229
0,25354,GET,169229049016344
0,22046,PUT,169229048867859
0,22046,GET,169229049014640
0,23053,PUT,169229048868149
0,23053,GET,169229049015792
0,22541,PUT,169229048866916
0,22541,GET,169229048999003
0,21515,PUT,169229048866987
0,21515,GET,169229048999033
0,18457,PUT,169229048867969
0,18457,GET,169229049014559
0,22300,PUT,169229048868380
0,22300,GET,169229049016955
0,26126,PUT,169229048868681
0,26126,GET,169229049014710
0,19729,PUT,169229048868300
0,19729,GET,169229049015512
0,22045,PUT,169229048867478
0,22045,GET,169229048999795
0,19231,PUT,169229048867889
0,19231,GET,169229049014630
0,21516,PUT,169229048871938
0,21516,GET,169229049013938
0,19487,PUT,169229048868550
0,19487,GET,169229049013677
0,19207,PUT,169229048868791
0,19207,GET,169229049014710
0,18182,PUT,169229048869553
0,18182,GET,169229049013717
0,19220,PUT,169229048869813
0,19220,GET,169229049012996
0,18713,PUT,169229048872890
0,18713,GET,169229049014680
0,23556,PUT,169229048870374
0,23556,GET,169229049012735
0,16905,PUT,169229048870174
0,16905,GET,169229049012274
0,18693,PUT,169229048868470
0,18693,GET,169229049014640
0,17161,PUT,169229048870735
0,17161,GET,169229049012885
0,22024,PUT,169229048870946
0,22024,GET,169229049013527
0,22558,PUT,169229048870866
0,22558,GET,169229049013176
0,17173,PUT,169229048871076
0,17173,GET,169229049013517
0,23565,PUT,169229048871968
0,23565,GET,169229049013868
0,21771,PUT,169229048873642
0,21771,GET,169229049014559
0,22556,PUT,169229048873562
0,22556,GET,169229049014419
0,22785,PUT,169229048873762
0,22785,GET,169229049014730
0,22529,PUT,169229048873221
0,22529,GET,169229049014289
0,25610,PUT,169229048873682
0,25610,GET,169229049014650
0,21522,PUT,169229048874033
0,21522,GET,169229049014960
0,21772,PUT,169229048874113
0,21772,GET,169229049015181
0,24077,PUT,169229048874143
0,24077,GET,169229049015211
0,22539,PUT,169229048875516
0,22539,GET,169229049017556
0,25866,PUT,169229048876539
0,25866,GET,169229049018448
0,21267,PUT,169229048875597
0,21267,GET,169229049017596
0,22039,PUT,169229048875136
0,22039,GET,169229049016875
0,22812,PUT,169229048874223
0,22812,GET,169229049015562
0,19985,PUT,169229048877030
0,19985,GET,169229049018869
0,22557,PUT,169229048876809
0,22557,GET,169229049018569
0,26122,PUT,169229048877110
0,26122,GET,169229049018909
0,18969,PUT,169229048878824
0,18969,GET,169229049021074
0,21778,PUT,169229048874644
0,21778,GET,169229049016584
0,17429,PUT,169229048874564
0,17429,GET,169229049016544
0,23041,PUT,169229048874384
0,23041,GET,169229049015923
0,23068,PUT,169229048874885
0,23068,GET,169229049016764
0,22027,PUT,169229048874304
0,22027,GET,169229049015592
0,22283,PUT,169229048874965
0,22283,GET,169229049016795
0,22028,PUT,169229048874725
0,22028,GET,169229049016654
0,22814,PUT,169229048874454
0,22814,GET,169229049016003
0,17941,PUT,169229048878974
0,17941,GET,169229049021115
0,19743,PUT,169229048874484
0,19743,GET,169229049016474
0,20239,PUT,169229048875927
0,20239,GET,169229049017667
0,19727,PUT,169229048874805
0,19727,GET,169229049016694
0,19476,PUT,169229048875446
0,19476,GET,169229049017286
0,22301,PUT,169229048876188
0,22301,GET,169229049018218
0,19983,PUT,169229048875366
0,19983,GET,169229049017206
0,18456,PUT,169229048876890
0,18456,GET,169229049018709
0,22795,PUT,169229048876108
0,22795,GET,169229049017937
0,23324,PUT,169229048877220
0,23324,GET,169229049019170
0,18200,PUT,169229048876278
0,18200,GET,169229049018258
0,19732,PUT,169229048876028
0,19732,GET,169229049017867
0,20251,PUT,169229048878574
0,20251,GET,169229049020864
0,23051,PUT,169229048876599
0,23051,GET,169229049018488
0,18688,PUT,169229048877982
0,18688,GET,169229049020333
0,18438,PUT,169229048877912
0,18438,GET,169229049020263
0,18968,PUT,169229048878062
0,18968,GET,169229049020373
0,18432,PUT,169229048877391
0,18432,GET,169229049019421
0,23318,PUT,169229048877661
0,23318,GET,169229049019812
0,17685,PUT,169229048878383
0,17685,GET,169229049020553
0,24333,PUT,169229048878734
0,24333,GET,169229049020994
0,17417,PUT,169229048881500
0,17417,GET,169229049022227
0,23574,PUT,169229048881320
0,23574,GET,169229049022197
0,19225,PUT,169229048879395
0,19225,GET,169229049021495
0,18197,PUT,169229048879546
0,18197,GET,169229049021536
0,19999,PUT,169229048882833
0,19999,GET,169229049023230
0,23830,PUT,169229048884618
0,23830,GET,169229049024984
0,20507,PUT,169229048879145
0,20507,GET,169229049021295
0,24323,PUT,169229048880859
0,24323,GET,169229049022107
0,18712,PUT,169229048877461
0,18712,GET,169229049019621
0,19200,PUT,169229048879215
0,19200,GET,169229049021335
0,18694,PUT,169229048878493
0,18694,GET,169229049020654
0,26378,PUT,169229048879716
0,26378,GET,169229049021616
0,24068,PUT,169229048882914
0,24068,GET,169229049023270
0,18944,PUT,169229048878654
0,18944,GET,169229049020954
0,24589,PUT,169229048879295
0,24589,GET,169229049021405
0,22295,PUT,169229048881280
0,22295,GET,169229049022117
0,24845,PUT,169229048879877
0,24845,GET,169229049021906
0,20763,PUT,169229048879796
0,20763,GET,169229049021646
0,22551,PUT,169229048881871
0,22551,GET,169229049022558
0,19456,PUT,169229048882112
0,19456,GET,169229049022849
0,23070,PUT,169229048887574
0,23070,GET,169229049027519
0,20511,PUT,169229048887615
0,20511,GET,169229049027560
0,21263,PUT,169229048885510
0,21263,GET,169229049025735
0,19224,PUT,169229048881631
0,19224,GET,169229049022488
0,24067,PUT,169229048880378
0,24067,GET,169229049022007
0,23069,PUT,169229048886051
0,23069,GET,169229049026116
0,19712,PUT,169229048882663
0,19712,GET,169229049023149
0,23307,PUT,169229048882994
0,23307,GET,169229049023450
0,19975,PUT,169229048883896
0,19975,GET,169229049024462
0,19968,PUT,169229048883204
0,19968,GET,169229049023540
0,20224,PUT,169229048885149
0,20224,GET,169229049025425
0,22813,PUT,169229048885429
0,22813,GET,169229049025465
0,18949,PUT,169229048882322
0,18949,GET,169229049023039
0,23812,PUT,169229048882352
0,23812,GET,169229049023079
0,20506,PUT,169229048883495
0,20506,GET,169229049024162
0,23563,PUT,169229048883575
0,23563,GET,169229049024192
0,18950,PUT,169229048883284
0,18950,GET,169229049023741
0,19719,PUT,169229048883315
0,19719,GET,169229049023781
0,20736,PUT,169229048886301
0,20736,GET,169229049026327
0,21007,PUT,169229048884938
0,21007,GET,169229049025084
0,21519,PUT,169229048886131
0,21519,GET,169229049026216
0,21019,PUT,169229048886392
0,21019,GET,169229049026377
0,24579,PUT,169229048886993
0,24579,GET,169229049026738
0,23297,PUT,169229048884287
0,23297,GET,169229049024673
0,20751,PUT,169229048884387
0,20751,GET,169229049024713
0,20495,PUT,169229048883826
0,20495,GET,169229049024262
0,20255,PUT,169229048883415
0,20255,GET,169229049023971
0,23325,PUT,169229048886672
0,23325,GET,169229049026437
0,23063,PUT,169229048886221
0,23063,GET,169229049026247
0,19481,PUT,169229048886843
0,19481,GET,169229049026467
0,20992,PUT,169229048886923
0,20992,GET,169229049026657
0,21775,PUT,169229048888597
0,21775,GET,169229049028993
0,22034,PUT,169229048884527
0,22034,GET,169229049024913
0,23326,PUT,169229048888236
0,23326,GET,169229049028341
0,20762,PUT,169229048888928
0,20762,GET,169229049029123
0,20480,PUT,169229048885730
0,20480,GET,169229049026006
0,19206,PUT,169229048885971
0,19206,GET,169229049026046
0,25603,PUT,169229048891073
0,25603,GET,169229049031689
0,19737,PUT,169229048887424
0,19737,GET,169229049027289
0,23582,PUT,169229048888847
0,23582,GET,169229049029083
0,22546,PUT,169229048891904
0,22546,GET,169229049032742
0,23319,PUT,169229048891985
0,23319,GET,169229049032772
0,22807,PUT,169229048885660
0,22807,GET,169229049025936
0,24835,PUT,169229048887695
0,24835,GET,169229049027830
0,21248,PUT,169229048887494
0,21248,GET,169229049027319
0,20767,PUT,169229048888266
0,20767,GET,169229049028381
0,21275,PUT,169229048887073
0,21275,GET,169229049026948
0,19480,PUT,169229048887765
0,19480,GET,169229049027920
0,21779,PUT,169229048888426
0,21779,GET,169229049028582
0,21504,PUT,169229048888156
0,21504,GET,169229049028141
0,24324,PUT,169229048887163
0,24324,GET,169229049027209
0,20497,PUT,169229048889709
0,20497,GET,169229049030286
0,21523,PUT,169229048887855
0,21523,GET,169229049027960
0,19993,PUT,169229048887995
0,19993,GET,169229049028031
0,26894,PUT,169229048888567
0,26894,GET,169229049028622
0,24086,PUT,169229048892025
0,24086,GET,169229049032962
0,22280,PUT,169229048888096
0,22280,GET,169229049028071
0,22291,PUT,169229048889639
0,22291,GET,169229049030105
0,19462,PUT,169229048889890
0,19462,GET,169229049030326
0,23580,PUT,169229048889318
0,23580,GET,169229049029684
0,22035,PUT,169229048889008
0,22035,GET,169229049029193
0,22290,PUT,169229048889038
0,22290,GET,169229049029233
0,18453,PUT,169229048889559
0,18453,GET,169229049030015
0,23315,PUT,169229048894511
0,23315,GET,169229049034335
0,25347,PUT,169229048890521
0,25347,GET,169229049031178
0,21531,PUT,169229048889419
0,21531,GET,169229049029785
0,20241,PUT,169229048889118
0,20241,GET,169229049029424
0,25091,PUT,169229048889980
0,25091,GET,169229049030396
0,23575,PUT,169229048894430
0,23575,GET,169229049034295
0,22043,PUT,169229048890611
0,22043,GET,169229049031218
0,21018,PUT,169229048889449
0,21018,GET,169229049029825
0,17673,PUT,169229048890291
0,17673,GET,169229049030967
0,25860,PUT,169229048893358
0,25860,GET,169229049033964
0,23059,PUT,169229048893879
0,23059,GET,169229049034005
0,21787,PUT,169229048890060
0,21787,GET,169229049030476
0,21274,PUT,169229048890090
0,21274,GET,169229049030687
0,24580,PUT,169229048890421
0,24580,GET,169229049031058
0,22540,PUT,169229048891343
0,22540,GET,169229049031910
0,22803,PUT,169229048891564
0,22803,GET,169229049032110
0,22284,PUT,169229048890772
0,22284,GET,169229049031298
0,19205,PUT,169229048890451
0,19205,GET,169229049031098
0,22547,PUT,169229048890892
0,22547,GET,169229049031388
0,21786,PUT,169229048894821
0,21786,GET,169229049034596
0,26116,PUT,169229048893949
0,26116,GET,169229049034185
0,21530,PUT,169229048894190
0,21530,GET,169229049034225
0,20753,PUT,169229048891483
0,20753,GET,169229049032010
0,25348,PUT,169229048892185
0,25348,GET,169229049033133
0,25092,PUT,169229048891644
0,25092,GET,169229049032381
0,24836,PUT,169229048890982
0,24836,GET,169229049031489
0,18709,PUT,169229048891724
0,18709,GET,169229049032461
0,26634,PUT,169229048893147
0,26634,GET,169229049033854
0,20240,PUT,169229048891453
0,20240,GET,169229049031940
0,23838,PUT,169229048893278
0,23838,GET,169229049033894
0,25604,PUT,169229048892746
0,25604,GET,169229049033443
0,19988,PUT,169229048894661
0,19988,GET,169229049034486
0,21023,PUT,169229048894741
0,21023,GET,169229049034516
0,18185,PUT,169229048896365
0,18185,GET,169229049036490
0,18965,PUT,169229048892285
0,18965,GET,169229049033163
0,26372,PUT,169229048894581
0,26372,GET,169229049034405
0,24092,PUT,169229048893017
0,24092,GET,169229049033523
0,23836,PUT,169229048892446
0,23836,GET,169229049033363
0,22796,PUT,169229048892095
0,22796,GET,169229049033052
0,23819,PUT,169229048895242
0,23819,GET,169229049035318
0,21791,PUT,169229048896475
0,21791,GET,169229049036530
0,22299,PUT,169229048894861
0,22299,GET,169229049034776
0,17929,PUT,169229048895753
0,17929,GET,169229049035979
0,23052,PUT,169229048896605
0,23052,GET,169229049036681
0,23571,PUT,169229048895092
0,23571,GET,169229049034887
0,26628,PUT,169229048895172
0,26628,GET,169229049034927
0,23831,PUT,169229048895022
0,23831,GET,169229049034816
0,20496,PUT,169229048897618
0,20496,GET,169229049037513
0,21535,PUT,169229048895904
0,21535,GET,169229049036160
0,19461,PUT,169229048896936
0,19461,GET,169229049036951
0,20505,PUT,169229048896856
0,20505,GET,169229049036911
0,18697,PUT,169229048897688
0,18697,GET,169229049037553
0,23308,PUT,169229048897157
0,23308,GET,169229049037212
0,24348,PUT,169229048897247
0,24348,GET,169229049037242
0,20248,PUT,169229048897407
0,20248,GET,169229049037312
0,21279,PUT,169229048895322
0,21279,GET,169229049035658
0,24087,PUT,169229048895603
0,24087,GET,169229049035698
0,18441,PUT,169229048897006
0,18441,GET,169229049037022
0,19221,PUT,169229048898460
0,19221,GET,169229049038585
0,20249,PUT,169229048896255
0,20249,GET,169229049036390
0,23827,PUT,169229048895673
0,23827,GET,169229049035769
0,19992,PUT,169229048896826
0,19992,GET,169229049036721
0,25372,PUT,169229048907120
0,25372,GET,169229049047335
0,27140,PUT,169229048907190
0,27140,GET,169229049047376
0,21013,PUT,169229048905125
0,21013,GET,169229049044810
0,23820,PUT,169229048898319
0,23820,GET,169229049038555
0,19717,PUT,169229048897507
0,19717,GET,169229049037392
0,25101,PUT,169229048896575
0,25101,GET,169229049036611
0,19736,PUT,169229048896225
0,19736,GET,169229049036190
0,23564,PUT,169229048897768
0,23564,GET,169229049037753
0,21009,PUT,169229048897578
0,21009,GET,169229049037432
0,19974,PUT,169229048898600
0,19974,GET,169229049038786
0,20738,PUT,169229048905346
0,20738,GET,169229049044850
0,21760,PUT,169229048897938
0,21760,GET,169229049037783
0,24604,PUT,169229048900424
0,24604,GET,169229049040409
0,21008,PUT,169229048898770
0,21008,GET,169229049038876
0,19477,PUT,169229048899021
0,19477,GET,169229049038996
0,20230,PUT,169229048899171
0,20230,GET,169229049039036
0,21265,PUT,169229048898159
0,21265,GET,169229049038395
0,22555,PUT,169229048899993
0,22555,GET,169229049040049
0,19718,PUT,169229048898039
0,19718,GET,169229049038325
0,21264,PUT,169229048903171
0,21264,GET,169229049043106
0,25859,PUT,169229048903030
0,25859,GET,169229049043076
0,20752,PUT,169229048898189
0,20752,GET,169229049038475
0,24598,PUT,169229048900224
0,24598,GET,169229049040129
0,24076,PUT,169229048898871
0,24076,GET,169229049038916
0,27150,PUT,169229048899713
0,27150,GET,169229049039608
0,22799,PUT,169229048902679
0,22799,GET,169229049042965
0,22031,PUT,169229048900935
0,22031,GET,169229049041091
0,24332,PUT,169229048899412
0,24332,GET,169229049039227
0,19989,PUT,169229048902048
0,19989,GET,169229049042384
0,24342,PUT,169229048899642
0,24342,GET,169229049039427
0,20501,PUT,169229048903922
0,20501,GET,169229049043687
0,27406,PUT,169229048900976
0,27406,GET,169229049041131
0,20761,PUT,169229048900725
0,20761,GET,169229049040790
0,24854,PUT,169229048900805
0,24854,GET,169229049040830
0,22811,PUT,169229048900565
0,22811,GET,169229049040690
0,22042,PUT,169229048899963
0,22042,GET,169229049039828
0,24339,PUT,169229048902810
0,24339,GET,169229049043005
0,20757,PUT,169229048904484
0,20757,GET,169229049044369
0,22298,PUT,169229048900524
0,22298,GET,169229049040610
0,24331,PUT,169229048904564
0,24331,GET,169229049044409
0,24075,PUT,169229048901076
0,24075,GET,169229049041201
0,19733,PUT,169229048901447
0,19733,GET,169229049041993
0,27662,PUT,169229048901567
0,27662,GET,169229049042214
0,22287,PUT,169229048901527
0,22287,GET,169229049042174
0,21521,PUT,169229048900645
0,21521,GET,169229049040720
0,23067,PUT,169229048901156
0,23067,GET,169229049041482
0,22543,PUT,169229048902128
0,22543,GET,169229049042584
0,25116,PUT,169229048906418
0,25116,GET,169229049046213
0,21017,PUT,169229048901286
0,21017,GET,169229049041873
0,22536,PUT,169229048901637
0,22536,GET,169229049042284
0,25110,PUT,169229048901366
0,25110,GET,169229049041913
0,24083,PUT,169229048902259
0,24083,GET,169229049042875
0,20231,PUT,169229048905015
0,20231,GET,169229049044519
0,23823,PUT,169229048904945
0,23823,GET,169229049044479
0,24094,PUT,169229048904303
0,24094,GET,169229049044258
0,21525,PUT,169229048906228
0,21525,GET,169229049045902
0,24860,PUT,169229048905817
0,24860,GET,169229049045261
0,23055,PUT,169229048903251
0,23055,GET,169229049043306
0,20245,PUT,169229048903351
0,20245,GET,169229049043336
0,26115,PUT,169229048903592
0,26115,GET,169229049043416
0,23567,PUT,169229048904383
0,23567,GET,169229049044298
0,26371,PUT,169229048904143
0,26371,GET,169229049043908
0,24588,PUT,169229048906298
0,24588,GET,169229049045932
0,23311,PUT,169229048903802
0,23311,GET,169229049043597
0,21781,PUT,169229048906819
0,21781,GET,169229049046904
0,22033,PUT,169229048906579
0,22033,GET,169229049046564
0,20486,PUT,169229048905045
0,20486,GET,169229049044589
0,27918,PUT,169229048904223
0,27918,GET,169229049044168
0,26627,PUT,169229048905386
0,26627,GET,169229049045040
0,26890,PUT,169229048908864
0,26890,GET,169229049050473
0,18953,PUT,169229048906899
0,18953,GET,169229049046975
0,20504,PUT,169229048906739
0,20504,GET,169229049046794
0,21269,PUT,169229048905676
0,21269,GET,169229049045070
0,21777,PUT,169229048905947
0,21777,GET,169229049045611
0,26884,PUT,169229048906498
0,26884,GET,169229049046484
0,25366,PUT,169229048906659
0,25366,GET,169229049046604
0,21520,PUT,169229048905917
0,21520,GET,169229049045341
0,22792,PUT,169229048906929
0,22792,GET,169229049047075
0,23581,PUT,169229048906378
0,23581,GET,169229049046012
0,19973,PUT,169229048907952
0,19973,GET,169229049048929
0,24844,PUT,169229048907000
0,24844,GET,169229049047165
0,20994,PUT,169229048906027
0,20994,GET,169229049045822
0,20760,PUT,169229048907350
0,20760,GET,169229049047656
0,25356,PUT,169229048908343
0,25356,GET,169229049049470
0,25357,PUT,169229048907040
0,25357,GET,169229049047245
0,22037,PUT,169229048907431
0,22037,GET,169229049047686
0,21776,PUT,169229048908643
0,21776,GET,169229049049972
0,25622,PUT,169229048907280
0,25622,GET,169229049047556
0,22016,PUT,169229048908423
0,22016,GET,169229049049511
0,19209,PUT,169229048907591
0,19209,GET,169229049048037
0,22032,PUT,169229048909265
0,22032,GET,169229049051044
0,20485,PUT,169229048909155
0,20485,GET,169229049051004
0,20742,PUT,169229048907811
0,20742,GET,169229049048628
0,23579,PUT,169229048908192
0,23579,GET,169229049049190
0,23304,PUT,169229048908272
0,23304,GET,169229049049220
0,22303,PUT,169229048912041
0,22303,GET,169229049053971
0,22810,PUT,169229048909345
0,22810,GET,169229049051124
0,23048,PUT,169229048907641
0,23048,GET,169229049048328
0,21510,PUT,169229048912131
0,21510,GET,169229049054011
0,23323,PUT,169229048907511
0,23323,GET,169229049047756
0,22293,PUT,169229048908112
0,22293,GET,169229049049090
0,25100,PUT,169229048907701
0,25100,GET,169229049048518
0,20487,PUT,169229048907771
0,20487,GET,169229049048548
0,24091,PUT,169229048909375
0,24091,GET,169229049051325
0,19465,PUT,169229048909535
0,19465,GET,169229049051495
0,24343,PUT,169229048910267
0,24343,GET,169229049052518
0,25878,PUT,169229048907882
0,25878,GET,169229049048719
0,20229,PUT,169229048908573
0,20229,GET,169229049049791
0,20998,PUT,169229048908493
0,20998,GET,169229049049581
0,21016,PUT,169229048908032
0,21016,GET,169229049049019
0,27146,PUT,169229048911410
0,27146,GET,169229049053349
0,21254,PUT,169229048909084
0,21254,GET,169229049050914
0,24591,PUT,169229048912532
0,24591,GET,169229049054592
0,22047,PUT,169229048909455
0,22047,GET,169229049051405
0,23066,PUT,169229048909966
0,23066,GET,169229049052287
0,24587,PUT,169229048911470
0,24587,GET,169229049053390
0,20997,PUT,169229048910367
0,20997,GET,169229049052708
0,22554,PUT,169229048908744
0,22554,GET,169229049050242
0,22288,PUT,169229048909866
0,22288,GET,169229049052197
0,22545,PUT,169229048911650
0,22545,GET,169229049053460
0,22549,PUT,169229048909616
0,22549,GET,169229049051585
0,23835,PUT,169229048908774
0,23835,GET,169229049050282
0,22805,PUT,169229048910187
0,22805,GET,169229049052487
0,24335,PUT,169229048911801
0,24335,GET,169229049053750
0,25612,PUT,169229048908954
0,25612,GET,169229049050573
0,25868,PUT,169229048912292
0,25868,GET,169229049054171
0,23322,PUT,169229048910538
0,23322,GET,169229049052798
0,22802,PUT,169229048911951
0,22802,GET,169229049053780
0,22272,PUT,169229048910798
0,22272,GET,169229049052888
0,24350,PUT,169229048909716
0,24350,GET,169229049051796
0,19721,PUT,169229048911720
0,19721,GET,169229049053550
0,24851,PUT,169229048914076
0,24851,GET,169229049056557
0,24347,PUT,169229048913134
0,24347,GET,169229049055174
0,22801,PUT,169229048912222
0,22801,GET,169229049054081
0,20741,PUT,169229048909796
0,20741,GET,169229049051986
0,26124,PUT,169229048912863
0,26124,GET,169229049054883
0,20500,PUT,169229048912943
0,20500,GET,169229049054973
0,22289,PUT,169229048911079
0,22289,GET,169229049053169
0,21012,PUT,169229048914166
0,21012,GET,169229049056587
0,23578,PUT,169229048911149
0,23578,GET,169229049053239
0,24079,PUT,169229048911229
0,24079,GET,169229049053279
0,20756,PUT,169229048913575
0,20756,GET,169229049055905
0,21253,PUT,169229048910929
0,21253,GET,169229049053089
0,21766,PUT,169229048912703
0,21766,GET,169229049054783
0,23057,PUT,169229048912773
0,23057,GET,169229049054813
0,20244,PUT,169229048912372
0,20244,GET,169229049054372
0,23061,PUT,169229048912973
0,23061,GET,169229049055063
0,19977,PUT,169229048912442
0,19977,GET,169229049054402
0,24595,PUT,169229048913495
0,24595,GET,169229049055444
0,23317,PUT,169229048913605
0,23317,GET,169229049055996
0,22800,PUT,169229048914567
0,22800,GET,169229049057068
0,24859,PUT,169229048914377
0,24859,GET,169229049057028
0,23553,PUT,169229048913254
0,23553,GET,169229049055364
0,24847,PUT,169229048914707
0,24847,GET,169229049057138
0,22559,PUT,169229048912623
0,22559,GET,169229049054683
0,26134,PUT,169229048915158
0,26134,GET,169229049057639
0,25103,PUT,169229048915259
0,25103,GET,169229049057680
0,20233,PUT,169229048913044
0,20233,GET,169229049055094
0,27402,PUT,169229048914266
0,27402,GET,169229049056918
0,27652,PUT,169229048915790
0,27652,GET,169229049058311
0,20489,PUT,169229048913675
0,20489,GET,169229049056096
0,23834,PUT,169229048913795
0,23834,GET,169229049056397
0,24603,PUT,169229048913765
0,24603,GET,169229049056366
0,24843,PUT,169229048914296
0,24843,GET,169229049056958
0,27396,PUT,169229048915028
0,27396,GET,169229049057529
0,27658,PUT,169229048914828
0,27658,GET,169229049057238
0,23816,PUT,169229048915579
0,23816,GET,169229049058121
0,23058,PUT,169229048915640
0,23058,GET,169229049058211
0,22528,PUT,169229048915720
0,22528,GET,169229049058251
0,25363,PUT,169229048916492
0,25363,GET,169229049059664
0,23560,PUT,169229048914918
0,23560,GET,169229049057429
0,24090,PUT,169229048916642
0,24090,GET,169229049059704
0,28174,PUT,169229048916181
0,28174,GET,169229049059143
0,22544,PUT,169229048914006
0,22544,GET,169229049056477
0,27914,PUT,169229048915409
0,27914,GET,169229049057860
0,21250,PUT,169229048916983
0,21250,GET,169229049060175
0,26883,PUT,169229048917023
0,26883,GET,169229049060205
0,24599,PUT,169229048915128
0,24599,GET,169229049057569
0,26380,PUT,169229048915489
0,26380,GET,169229049057930
0,24855,PUT,169229048915940
0,24855,GET,169229049058772
0,27139,PUT,169229048917594
0,27139,GET,169229049060556
0,21529,PUT,169229048917875
0,21529,GET,169229049060987
0,23837,PUT,169229048917795
0,23837,GET,169229049060957
0,25875,PUT,169229048917674
0,25875,GET,169229049060586
0,22784,PUT,169229048916341
0,22784,GET,169229049059313
0,27908,PUT,169229048916411
0,27908,GET,169229049059353
0,25613,PUT,169229048918316
0,25613,GET,169229049061278
0,25107,PUT,169229048915860
0,25107,GET,169229049058521
0,23809,PUT,169229048916010
0,23809,GET,169229049058802
0,24346,PUT,169229048918186
0,24346,GET,169229049061248
0,25115,PUT,169229048916672
0,25115,GET,169229049059965
0,21273,PUT,169229048917283
0,21273,GET,169229049060366
0,25359,PUT,169229048920150
0,25359,GET,169229049063102
0,26636,PUT,169229048916091
0,26636,GET,169229049059073
0,25619,PUT,169229048917093
0,25619,GET,169229049060286
0,23314,PUT,169229048916261
0,23314,GET,169229049059243
0,28430,PUT,169229048920180
0,28430,GET,169229049063142
0,25869,PUT,169229048918897
0,25869,GET,169229049061899
0,28164,PUT,169229048918967
0,28164,GET,169229049061939
0,23570,PUT,169229048918496
0,23570,GET,169229049061438
0,21784,PUT,169229048918576
0,21784,GET,169229049061789
0,24602,PUT,169229048918767
0,24602,GET,169229049061829
0,22040,PUT,169229048919178
0,22040,GET,169229049062280
0,21272,PUT,169229048917313
0,21272,GET,169229049060406
0,27395,PUT,169229048919489
0,27395,GET,169229049062310
0,25628,PUT,169229048917755
0,25628,GET,169229049060857
0,26140,PUT,169229048922766
0,26140,GET,169229049065879
0,23313,PUT,169229048917494
0,23313,GET,169229049060476
0,25884,PUT,169229048920361
0,25884,GET,169229049063523
0,23826,PUT,169229048919098
0,23826,GET,169229049062010
0,21528,PUT,169229048917905
0,21528,GET,169229049061057
0,21509,PUT,169229048920551
0,21509,GET,169229049064034
0,24606,PUT,169229048919689
0,24606,GET,169229049062771
0,24093,PUT,169229048918406
0,24093,GET,169229049061358
0,24065,PUT,169229048920912
0,24065,GET,169229049064265
0,27404,PUT,169229048921192
0,27404,GET,169229049064435
0,27148,PUT,169229048920641
0,27148,GET,169229049064064
0,25871,PUT,169229048921353
0,25871,GET,169229049064475
0,22552,PUT,169229048920471
0,22552,GET,169229049063693
0,26892,PUT,169229048920050
0,26892,GET,169229049063012
0,26390,PUT,169229048923307
0,26390,GET,169229049066741
0,22815,PUT,169229048921583
0,22815,GET,169229049064666
0,23569,PUT,169229048922255
0,23569,GET,169229049065528
0,24605,PUT,169229048922796
0,24605,GET,169229049066089
0,22808,PUT,169229048921032
0,22808,GET,169229049064345
0,22296,PUT,169229048919769
0,22296,GET,169229049062811
0,22021,PUT,169229048923077
0,22021,GET,169229049066269
0,25374,PUT,169229048922586
0,25374,GET,169229049065718
0,23056,PUT,169229048920721
0,23056,GET,169229049064135
0,26646,PUT,169229048923909
0,26646,GET,169229049067813
0,27916,PUT,169229048922335
0,27916,GET,169229049065608
0,21762,PUT,169229048923157
0,21762,GET,169229049066300
0,24862,PUT,169229048920270
0,24862,GET,169229049063333
0,24594,PUT,169229048924129
0,24594,GET,169229049067853
0,26131,PUT,169229048921433
0,26131,GET,169229049064545
0,27660,PUT,169229048921764
0,27660,GET,169229049064876
0,21765,PUT,169229048922506
0,21765,GET,169229049065638
0,24349,PUT,169229048920391
0,24349,GET,169229049063613
0,24858,PUT,169229048921844
0,24858,GET,169229049065087
0,25615,PUT,169229048920802
0,25615,GET,169229049064235
0,26396,PUT,169229048923398
0,26396,GET,169229049066991
0,24321,PUT,169229048921503
0,24321,GET,169229049064586
0,24338,PUT,169229048923558
0,24338,GET,169229049067031
0,21506,PUT,169229048922666
0,21506,GET,169229049065808
0,23071,PUT,169229048922175
0,23071,GET,169229049065448
0,25630,PUT,169229048923237
0,25630,GET,169229049066380
0,24577,PUT,169229048922095
0,24577,GET,169229049065367
0,25118,PUT,169229048921934
0,25118,GET,169229049065297
0,28172,PUT,169229048922896
0,28172,GET,169229049066159
0,23824,PUT,169229048925051
0,23824,GET,169229049068765
0,22018,PUT,169229048923738
0,22018,GET,169229049067392
0,24850,PUT,169229048924681
0,24850,GET,169229049068324
0,28420,PUT,169229048923628
0,28420,GET,169229049067101
0,24082,PUT,169229048922967
0,24082,GET,169229049066199
0,27651,PUT,169229048923698
0,27651,GET,169229049067141
0,23040,PUT,169229048924891
0,23040,GET,169229049068434
0,23583,PUT,169229048925332
0,23583,GET,169229049069126
0,23327,PUT,169229048924761
0,23327,GET,169229049068364
0,23312,PUT,169229048923829
0,23312,GET,169229049067432
0,22277,PUT,169229048925974
0,22277,GET,169229049069587
0,26383,PUT,169229048925523
0,26383,GET,169229049069166
0,28170,PUT,169229048924290
0,28170,GET,169229049068003
0,23839,PUT,169229048925893
0,23839,GET,169229049069507
0,25362,PUT,169229048925723
0,25362,GET,169229049069477
0,25106,PUT,169229048925242
0,25106,GET,169229049069046
0,28676,PUT,169229048924199
0,28676,GET,169229049067923
0,23568,PUT,169229048924410
0,23568,GET,169229049068044
0,26902,PUT,169229048924490
0,26902,GET,169229049068234
0,24080,PUT,169229048925603
0,24080,GET,169229049069357
0,26387,PUT,169229048925683
0,26387,GET,169229049069397
0,26127,PUT,169229048924971
0,26127,GET,169229049068695
0,22274,PUT,169229048928930
0,22274,GET,169229049070169
0,22530,PUT,169229048930424
0,22530,GET,169229049070199
0,27907,PUT,169229048932298
0,27907,GET,169229049071822
0,24328,PUT,169229048932198
0,24328,GET,169229049071782
0,24072,PUT,169229048931597
0,24072,GET,169229049071281
0,24861,PUT,169229048930614
0,24861,GET,169229049070620
0,23296,PUT,169229048930695
0,23296,GET,169229049070660
0,26125,PUT,169229048931968
0,26125,GET,169229049071512
0,28942,PUT,169229048931897
0,28942,GET,169229049071321
0,20745,PUT,169229048933090
0,20745,GET,169229049072193
0,28426,PUT,169229048932368
0,28426,GET,169229049072083
0,28686,PUT,169229048931326
0,28686,GET,169229049070980
0,21785,PUT,169229048931406
0,21785,GET,169229049071021
0,24840,PUT,169229048935385
0,24840,GET,169229049074338
0,24832,PUT,169229048938593
0,24832,GET,169229049075731
0,29450,PUT,169229048938864
0,29450,GET,169229049075762
0,23573,PUT,169229048933251
0,23573,GET,169229049072875
0,23552,PUT,169229048933762
0,23552,GET,169229049072905
0,21001,PUT,169229048934814
0,21001,GET,169229049074007
0,24064,PUT,169229048934904
0,24064,GET,169229049074038
0,26652,PUT,169229048932569
0,26652,GET,169229049072113
0,26908,PUT,169229048933170
0,26908,GET,169229049072394
0,24584,PUT,169229048934724
0,24584,GET,169229049073667
0,25096,PUT,169229048938332
0,25096,GET,169229049075521
0,25629,PUT,169229048936739
0,25629,GET,169229049074689
0,28163,PUT,169229048933922
0,28163,GET,169229049073095
0,23808,PUT,169229048934333
0,23808,GET,169229049073135
0,23829,PUT,169229048937440
0,23829,GET,169229049075040
0,24320,PUT,169229048937651
0,24320,GET,169229049075080
0,28682,PUT,169229048934403
0,28682,GET,169229049073406
0,24081,PUT,169229048937180
0,24081,GET,169229049074769
0,28938,PUT,169229048934975
0,28938,GET,169229049074118
0,23825,PUT,169229048935065
0,23825,GET,169229049074148
0,25885,PUT,169229048937360
0,25885,GET,169229049074839
0,29198,PUT,169229048935135
0,29198,GET,169229049074228
0,25373,PUT,169229048936207
0,25373,GET,169229049074609
0,25117,PUT,169229048935305
0,25117,GET,169229049074258
0,24576,PUT,169229048938142
0,24576,GET,169229049075280
0,29194,PUT,169229048935676
0,29194,GET,169229049074539
0,27164,PUT,169229048938412
0,27164,GET,169229049075541
0,27420,PUT,169229048939034
0,27420,GET,169229049076122
0,25088,PUT,169229048939154
0,25088,GET,169229049076152
0,23042,PUT,169229048940407
0,23042,GET,169229049077115
0,27676,PUT,169229048939655
0,27676,GET,169229049076413
0,25352,PUT,169229048938944
0,25352,GET,169229049076042
0,25344,PUT,169229048939736
0,25344,GET,169229049076603
0,28419,PUT,169229048939816
0,28419,GET,169229049076674
0,29706,PUT,169229048940547
0,29706,GET,169229049077305
0,22786,PUT,169229048939856
0,22786,GET,169229049076764
0,26643,PUT,169229048940137
0,26643,GET,169229049076804
0,29962,PUT,169229048941139
0,29962,GET,169229049078408
0,27932,PUT,169229048940217
0,27932,GET,169229049077004
0,25600,PUT,169229048940297
0,25600,GET,169229049077034
0,28188,PUT,169229048940788
0,28188,GET,169229049077385
0,25608,PUT,169229048940908
0,25608,GET,169229049078047
0,25856,PUT,169229048941059
0,25856,GET,169229049078327
0,21257,PUT,169229048940868
0,21257,GET,169229049077967
0,26899,PUT,169229048941219
0,26899,GET,169229049078478
0,25114,PUT,169229048941039
0,25114,GET,169229049078137
0,23298,PUT,169229048941289
0,23298,GET,169229049078568
0,28444,PUT,169229048941399
0,28444,GET,169229049079019
0,27155,PUT,169229048941850
0,27155,GET,169229049079921
0,28675,PUT,169229048941319
0,28675,GET,169229049078829
0,25099,PUT,169229048941480
0,25099,GET,169229049079370
0,22041,PUT,169229048941630
0,22041,GET,169229049079651
0,25370,PUT,169229048941770
0,25370,GET,169229049079831
0,26639,PUT,169229048941550
0,26639,GET,169229049079580
0,25355,PUT,169229048942211
0,25355,GET,169229049080493
0,30218,PUT,169229048941931
0,30218,GET,169229049079991
0,28700,PUT,169229048942041
0,28700,GET,169229049080332
0,29454,PUT,169229048942121
0,29454,GET,169229049080412
0,24336,PUT,169229048942332
0,24336,GET,169229049080883
0,24337,PUT,169229048942302
0,24337,GET,169229049080783
0,25626,PUT,169229048942412
0,25626,GET,169229049081164
0,27411,PUT,169229048942492
0,27411,GET,169229049081334
0,30474,PUT,169229048942572
0,30474,GET,169229049081896
0,28956,PUT,169229048942642
0,28956,GET,169229049083890
0,24085,PUT,169229048942883
0,24085,GET,169229049084241
0,25882,PUT,169229048942973
0,25882,GET,169229049084592
0,27667,PUT,169229048943063
0,27667,GET,169229049085043
0,28931,PUT,169229048943434
0,28931,GET,169229049085394
0,24341,PUT,169229048943514
0,24341,GET,169229049086506
0,21268,PUT,169229048943554
0,21268,GET,169229049089173
0,24095,PUT,169229048943635
0,24095,GET,169229049089674
0,26138,PUT,169229048943715
0,26138,GET,169229049090867
0,22297,PUT,169229048943795
0,22297,GET,169229049092029
0,20743,PUT,169229048943895
0,20743,GET,169229049092571
0,29710,PUT,169229048943975
0,29710,GET,169229049092871
0,29187,PUT,169229048944056
0,29187,GET,169229049093272
0,21513,PUT,169229048944176
0,21513,GET,169229049093312
0,26394,PUT,169229048944296
0,26394,GET,169229049093513
0,27923,PUT,169229048944497
0,27923,GET,169229049093753
0,29443,PUT,169229048944637
0,29443,GET,169229049094094
0,26650,PUT,169229048944857
0,26650,GET,169229049094174
0,28179,PUT,169229048945068
0,28179,GET,169229049094786
0,22022,PUT,169229048945148
0,22022,GET,169229049095006
0,29699,PUT,169229048945228
0,29699,GET,169229049095207
0,26141,PUT,169229048946461
0,26141,GET,169229049096951
0,29212,PUT,169229048945339
0,29212,GET,169229049095537
0,21524,PUT,169229048945980
0,21524,GET,169229049096109
0,26906,PUT,169229048945439
0,26906,GET,169229049095728
0,30730,PUT,169229048945519
0,30730,GET,169229049095999
0,29468,PUT,169229048945890
0,29468,GET,169229049096039
0,25371,PUT,169229048946160
0,25371,GET,169229049096379
0,26112,PUT,169229048946171
0,26112,GET,169229049096640
0,27162,PUT,169229048946070
0,27162,GET,169229049096299
0,30986,PUT,169229048946251
0,30986,GET,169229049096840
0,25611,PUT,169229048946281
0,25611,GET,169229049096881
0,31242,PUT,169229048946832
0,31242,GET,169229049097702
0,25867,PUT,169229048946872
0,25867,GET,169229049097893
0,23064,PUT,169229048946591
0,23064,GET,169229049097502
0,22553,PUT,169229048946541
0,22553,GET,169229049097151
0,25618,PUT,169229048947403
0,25618,GET,169229049098254
0,22809,PUT,169229048947203
0,22809,GET,169229049098154
0,26397,PUT,169229048947133
0,26397,GET,169229049098073
0,27418,PUT,169229048948015
0,27418,GET,169229049098504
0,25864,PUT,169229048946942
0,25864,GET,169229049097983
0,26379,PUT,169229048948115
0,26379,GET,169229049098825
0,26123,PUT,169229048947474
0,26123,GET,169229049098344
0,25627,PUT,169229048948045
0,25627,GET,169229049098575
0,29966,PUT,169229048947734
0,29966,GET,169229049098424
0,30222,PUT,169229048948616
0,30222,GET,169229049100108
0,25874,PUT,169229048948305
0,25874,GET,169229049099326
0,24597,PUT,169229048948386
0,24597,GET,169229049099356
0,26381,PUT,169229048948466
0,26381,GET,169229049099637
0,25886,PUT,169229048948195
0,25886,GET,169229049099056
0,26635,PUT,169229048948696
0,26635,GET,169229049100188
0,24592,PUT,169229048948907
0,24592,GET,169229049100389
0,24351,PUT,169229048948235
0,24351,GET,169229049099246
0,26891,PUT,169229048949288
0,26891,GET,169229049100719
0,30478,PUT,169229048949208
0,30478,GET,169229049100679
0,24833,PUT,169229048949057
0,24833,GET,169229049100419
0,29955,PUT,169229048948546
0,29955,GET,169229049099847
0,23065,PUT,169229048949859
0,23065,GET,169229049101010
0,27147,PUT,169229048949939
0,27147,GET,169229049101221
0,21769,PUT,169229048950009
0,21769,GET,169229049101251
0,31498,PUT,169229048950430
0,31498,GET,169229049101772
0,28428,PUT,169229048949508
0,28428,GET,169229049100900
0,24853,PUT,169229048949137
0,24853,GET,169229049100609
0,31754,PUT,169229048951002
0,31754,GET,169229049102895
0,26142,PUT,169229048950190
0,26142,GET,169229049101311
0,26368,PUT,169229048949709
0,26368,GET,169229049100930
0,26895,PUT,169229048950350
0,26895,GET,169229049101571
0,26893,PUT,169229048952435
0,26893,GET,169229049104438
0,27403,PUT,169229048950460
0,27403,GET,169229049101972
0,25111,PUT,169229048950741
0,25111,GET,169229049102674
0,23554,PUT,169229048951082
0,23554,GET,169229049102935
0,25089,PUT,169229048951172
0,25089,GET,169229049103015
0,22789,PUT,169229048951703
0,22789,GET,169229049103656
0,21255,PUT,169229048952876
0,21255,GET,169229049105180
0,27158,PUT,169229048950701
0,27158,GET,169229049102584
0,26120,PUT,169229048953147
0,26120,GET,169229049105471
0,22533,PUT,169229048950922
0,22533,GET,169229049102714
0,28932,PUT,169229048950531
0,28932,GET,169229049102223
0,27659,PUT,169229048951934
0,27659,GET,169229049104137
0,22281,PUT,169229048951242
0,22281,GET,169229049103195
0,24593,PUT,169229048952806
0,24593,GET,169229049105100
0,21780,PUT,169229048953227
0,21780,GET,169229049105511
0,22025,PUT,169229048950621
0,22025,GET,169229049102504
0,23321,PUT,169229048952174
0,23321,GET,169229049104178
0,26637,PUT,169229048951854
0,26637,GET,169229049103937
0,32010,PUT,169229048951593
0,32010,GET,169229049103466
0,28171,PUT,169229048953057
0,28171,GET,169229049105390
0,21511,PUT,169229048953467
0,21511,GET,169229049105982
0,28427,PUT,169229048953598
0,28427,GET,169229049106022
0,25621,PUT,169229048957757
0,25621,GET,169229049109380
0,20999,PUT,169229048952315
0,20999,GET,169229049104248
0,24607,PUT,169229048951333
0,24607,GET,169229049103396
0,25345,PUT,169229048951784
0,25345,GET,169229049103736
0,28691,PUT,169229048953317
0,28691,GET,169229049105581
0,26386,PUT,169229048954700
0,26386,GET,169229049107275
0,29971,PUT,169229048957838
0,29971,GET,169229049109410
0,22537,PUT,169229048957016
0,22537,GET,169229049108407
0,28435,PUT,169229048952666
0,28435,GET,169229049105019
0,27915,PUT,169229048952505
0,27915,GET,169229049104719
0,29724,PUT,169229048953979
0,29724,GET,169229049106433
0,25367,PUT,169229048952585
0,25367,GET,169229049104759
0,26376,PUT,169229048953768
0,26376,GET,169229049106202
0,25623,PUT,169229048955913
0,25623,GET,169229049107616
0,23810,PUT,169229048958499
0,23810,GET,169229049109861
0,23301,PUT,169229048954059
0,23301,GET,169229049106613
0,27926,PUT,169229048957116
0,27926,GET,169229049108437
0,29459,PUT,169229048956725
0,29459,GET,169229049108237
0,25365,PUT,169229048955041
0,25365,GET,169229049107395
0,23045,PUT,169229048953397
0,23045,GET,169229049105902
0,22036,PUT,169229048953858
0,22036,GET,169229049106242
0,26130,PUT,169229048954129
0,26130,GET,169229049107164
0,27414,PUT,169229048955943
0,27414,GET,169229049107716
0,25879,PUT,169229048956525
0,25879,GET,169229049108036
0,29203,PUT,169229048956134
0,29203,GET,169229049107926
0,26880,PUT,169229048958720
0,26880,GET,169229049110312
0,27149,PUT,169229048956444
0,27149,GET,169229049107956
0,26898,PUT,169229048957647
0,26898,GET,169229049109089
0,28442,PUT,169229048963100
0,28442,GET,169229049114662
0,24848,PUT,169229048956905
0,24848,GET,169229049108327
0,26642,PUT,169229048955292
0,26642,GET,169229049107505
0,26624,PUT,169229048955212
0,26624,GET,169229049107425
0,25104,PUT,169229048957477
0,25104,GET,169229049108868
0,28683,PUT,169229048957567
0,28683,GET,169229049108909
0,25109,PUT,169229048954460
0,25109,GET,169229049107205
0,22278,PUT,169229048954781
0,22278,GET,169229049107305
0,28947,PUT,169229048955643
0,28947,GET,169229049107535
0,32778,PUT,169229048959872
0,32778,GET,169229049111695
0,27670,PUT,169229048956565
0,27670,GET,169229049108127
0,29715,PUT,169229048957276
0,29715,GET,169229049108508
0,32266,PUT,169229048956635
0,32266,GET,169229049108167
0,26888,PUT,169229048959211
0,26888,GET,169229049110913
0,32522,PUT,169229048959291
0,32522,GET,169229049110953
0,25857,PUT,169229048959371
0,25857,GET,169229049111033
0,25883,PUT,169229048958289
0,25883,GET,169229049109781
0,22292,PUT,169229048957727
0,22292,GET,169229049109119
0,27154,PUT,169229048958218
0,27154,GET,169229049109600
0,27136,PUT,169229048959401
0,27136,GET,169229049111064
0,21767,PUT,169229048958018
0,21767,GET,169229049109490
0,22534,PUT,169229048958048
0,22534,GET,169229049109520
0,23557,PUT,169229048958790
0,23557,GET,169229049110392
0,26632,PUT,169229048958609
0,26632,GET,169229049110081
0,24322,PUT,169229048963190
0,24322,GET,169229049114692
0,25105,PUT,169229048959692
0,25105,GET,169229049111495
0,28168,PUT,169229048963360
0,28168,GET,169229049114772
0,27392,PUT,169229048959973
0,27392,GET,169229049111785
0,24069,PUT,169229048960053
0,24069,GET,169229049111815
0,23320,PUT,169229048959020
0,23320,GET,169229049110592
0,25601,PUT,169229048958690
0,25601,GET,169229049110111
0,27144,PUT,169229048960925
0,27144,GET,169229049112397
0,25616,PUT,169229048960995
0,25616,GET,169229049112437
0,24325,PUT,169229048960594
0,24325,GET,169229049112306
0,23577,PUT,169229048959050
0,23577,GET,169229049110693
0,24849,PUT,169229048959131
0,24849,GET,169229049110733
0,27674,PUT,169229048961105
0,27674,GET,169229049112507
0,23813,PUT,169229048959471
0,23813,GET,169229049111244
0,30211,PUT,169229048961406
0,30211,GET,169229049112547
0,27400,PUT,169229048961546
0,27400,GET,169229049112617
0,22548,PUT,169229048961837
0,22548,GET,169229049112878
0,27930,PUT,169229048961707
0,27930,GET,169229049112808
0,27656,PUT,169229048962148
0,27656,GET,169229049113539
0,27410,PUT,169229048961967
0,27410,GET,169229049113309
0,25877,PUT,169229048961867
0,25877,GET,169229049112918
0,28940,PUT,169229048962839
0,28940,GET,169229049114371
0,26128,PUT,169229048962408
0,26128,GET,169229049113880
0,26135,PUT,169229048960143
0,26135,GET,169229049112016
0,26909,PUT,169229048965886
0,26909,GET,169229049117859
0,28431,PUT,169229048966047
0,28431,GET,169229049117899
0,27151,PUT,169229048963020
0,27151,GET,169229049114582
0,25360,PUT,169229048960353
0,25360,GET,169229049112126
0,25872,PUT,169229048961626
0,25872,GET,169229049112717
0,22804,PUT,169229048962488
0,22804,GET,169229049113920
0,27405,PUT,169229048962228
0,27405,GET,169229049113569
0,22790,PUT,169229048964633
0,22790,GET,169229049116205
0,24066,PUT,169229048962599
0,24066,GET,169229049114271
0,27912,PUT,169229048962769
0,27912,GET,169229049114301
0,25361,PUT,169229048962909
0,25361,GET,169229049114411
0,26133,PUT,169229048962518
0,26133,GET,169229049114181
0,29980,PUT,169229048963551
0,29980,GET,169229049114983
0,28684,PUT,169229048962258
0,28684,GET,169229049113770
0,28186,PUT,169229048962328
0,28186,GET,169229049113800
0,27919,PUT,169229048964914
0,27919,GET,169229049116797
0,26640,PUT,169229048965405
0,26640,GET,169229049117388
0,28424,PUT,169229048963992
0,28424,GET,169229049115303
0,26384,PUT,169229048962949
0,26384,GET,169229049114491
0,29444,PUT,169229048966307
0,29444,GET,169229049118401
0,28175,PUT,169229048965475
0,28175,GET,169229049117418
0,30723,PUT,169229048968021
0,30723,GET,169229049119764
0,30236,PUT,169229048964182
0,30236,GET,169229049115684
0,27165,PUT,169229048966538
0,27165,GET,169229049118441
0,26113,PUT,169229048964072
0,26113,GET,169229049115514
0,28182,PUT,169229048964383
0,28182,GET,169229049116135
0,27407,PUT,169229048963621
0,27407,GET,169229049115193
0,28698,PUT,169229048963711
0,28698,GET,169229049115233
0,26391,PUT,169229048964353
0,26391,GET,169229049116035
0,27648,PUT,169229048964112
0,27648,GET,169229049115604
0,27666,PUT,169229048966127
0,27666,GET,169229049117970
0,27663,PUT,169229048964273
0,27663,GET,169229049115945
0,26369,PUT,169229048964714
0,26369,GET,169229049116286
0,24834,PUT,169229048968623
0,24834,GET,169229049120515
0,27904,PUT,169229048964744
0,27904,GET,169229049116376
0,26653,PUT,169229048965265
0,26653,GET,169229049117128
0,30467,PUT,169229048964994
0,30467,GET,169229049117047
0,30492,PUT,169229048964824
0,30492,GET,169229049116717
0,26398,PUT,169229048966217
0,26398,GET,169229049118010
0,30748,PUT,169229048965305
0,30748,GET,169229049117208
0,28939,PUT,169229048966738
0,28939,GET,169229049119022
0,27421,PUT,169229048967189
0,27421,GET,169229049119152
0,29188,PUT,169229048965656
0,29188,GET,169229049117609
0,24581,PUT,169229048965686
0,24581,GET,169229049117789
0,24578,PUT,169229048968051
0,24578,GET,169229049119794
0,28672,PUT,169229048967901
0,28672,GET,169229049119663
0,28928,PUT,169229048970317
0,28928,GET,169229049122881
0,23046,PUT,169229048969525
0,23046,GET,169229049121438
0,28687,PUT,169229048968863
0,28687,GET,169229049120816
0,28416,PUT,169229048967350
0,28416,GET,169229049119303
0,28160,PUT,169229048966658
0,28160,GET,169229049118822
0,26654,PUT,169229048966808
0,26654,GET,169229049119112
0,23576,PUT,169229048969254
0,23576,GET,169229049121027
0,27137,PUT,169229048969334
0,27137,GET,169229049121057
0,28438,PUT,169229048967270
0,28438,GET,169229049119232
0,29956,PUT,169229048969595
0,29956,GET,169229049121768
0,26625,PUT,169229048968132
0,26625,GET,169229049120054
0,27661,PUT,169229048967430
0,27661,GET,169229049119553
0,24837,PUT,169229048967701
0,24837,GET,169229049119583
0,26881,PUT,169229048968703
0,26881,GET,169229049120586
0,26896,PUT,169229048968382
0,26896,GET,169229049120235
0,31260,PUT,169229048969415
0,31260,GET,169229049121137
0,22023,PUT,169229048969485
0,22023,GET,169229049121177
0,26389,PUT,169229048969665
0,26389,GET,169229049121869
0,25617,PUT,169229048968532
0,25617,GET,169229049120435
0,30212,PUT,169229048971770
0,30212,GET,169229049123743
0,25349,PUT,169229048971810
0,25349,GET,169229049123783
0,31004,PUT,169229048968783
0,31004,GET,169229049120626
0,27677,PUT,169229048969966
0,27677,GET,169229049122169
0,29210,PUT,169229048971028
0,29210,GET,169229049123442
0,30227,PUT,169229048970888
0,30227,GET,169229049123352
0,29711,PUT,169229048974957
0,29711,GET,169229049126710
0,23305,PUT,169229048975308
0,23305,GET,169229049126800
0,29700,PUT,169229048968963
0,29700,GET,169229049120906
0,25090,PUT,169229048969174
0,25090,GET,169229049120946
0,33034,PUT,169229048975509
0,33034,GET,169229049126840
0,26139,PUT,169229048972792
0,26139,GET,169229049124485
0,29195,PUT,169229048971108
0,29195,GET,169229049123482
0,30483,PUT,169229048971449
0,30483,GET,169229049123553
0,27649,PUT,169229048971539
0,27649,GET,169229049123593
0,28954,PUT,169229048970477
0,28954,GET,169229049122971
0,27393,PUT,169229048969876
0,27393,GET,169229049122129
0,27933,PUT,169229048970577
0,27933,GET,169229049123071
0,27152,PUT,169229048970066
0,27152,GET,169229049122239
0,23833,PUT,169229048970778
0,23833,GET,169229049123101
0,25093,PUT,169229048970246
0,25093,GET,169229049122550
0,27905,PUT,169229048972091
0,27905,GET,169229049124114
0,25873,PUT,169229048970096
0,25873,GET,169229049122440
0,23302,PUT,169229048970176
0,23302,GET,169229049122480
0,26647,PUT,169229048973113
0,26647,GET,169229049125287
0,23558,PUT,169229048976491
0,23558,GET,169229049127452
0,30734,PUT,169229048973193
0,30734,GET,169229049125387
0,28680,PUT,169229048971970
0,28680,GET,169229049123853
0,23049,PUT,169229048973444
0,23049,GET,169229049125497
0,29184,PUT,169229048971570
0,29184,GET,169229049123673
0,28943,PUT,169229048973223
0,28943,GET,169229049125417
0,28417,PUT,169229048976060
0,28417,GET,169229049127021
0,25605,PUT,169229048972371
0,25605,GET,169229049124214
0,30979,PUT,169229048973755
0,30979,GET,169229049125748
0,28161,PUT,169229048973905
0,28161,GET,169229049125968
0,26373,PUT,169229048974075
0,26373,GET,169229049126008
0,28936,PUT,169229048972552
0,28936,GET,169229049124294
0,27415,PUT,169229048974797
0,27415,GET,169229049126429
0,28178,PUT,169229048976180
0,28178,GET,169229049127221
0,29199,PUT,169229048973825
0,29199,GET,169229049125788
0,25861,PUT,169229048972963
0,25861,GET,169229049125076
0,22793,PUT,169229048972883
0,22793,GET,169229049124805
0,26117,PUT,169229048973524
0,26117,GET,169229049125577
0,26903,PUT,169229048973674
0,26903,GET,169229049125677
0,27922,PUT,169229048975609
0,27922,GET,169229049126910
0,30468,PUT,169229048974125
0,30468,GET,169229049126078
0,23561,PUT,169229048975869
0,23561,GET,169229049126950
0,22279,PUT,169229048976461
0,22279,GET,169229049127251
0,29455,PUT,169229048974406
0,29455,GET,169229049126229
0,27159,PUT,169229048974236
0,27159,GET,169229049126159
0,29192,PUT,169229048978155
0,29192,GET,169229049129476
0,30724,PUT,169229048977413
0,30724,GET,169229049128384
0,30980,PUT,169229048977984
0,30980,GET,169229049129376
0,26910,PUT,169229048974877
0,26910,GET,169229049126640
0,29196,PUT,169229048977503
0,29196,GET,169229049128725
0,31507,PUT,169229048980410
0,31507,GET,169229049132944
0,26395,PUT,169229048980510
0,26395,GET,169229049132984
0,28189,PUT,169229048976952
0,28189,GET,169229049127913
0,27671,PUT,169229048977814
0,27671,GET,169229049128915
0,26645,PUT,169229048978265
0,26645,GET,169229049129967
0,28445,PUT,169229048977583
0,28445,GET,169229049128765
0,31516,PUT,169229048978836
0,31516,GET,169229049130569
0,27917,PUT,169229048976561
0,27917,GET,169229049127732
0,26901,PUT,169229048978917
0,26901,GET,169229049130599
0,23832,PUT,169229048977022
0,23832,GET,169229049127943
0,28434,PUT,169229048976742
0,28434,GET,169229049127832
0,31772,PUT,169229048979548
0,31772,GET,169229049131711
0,22535,PUT,169229048977112
0,22535,GET,169229049128284
0,29448,PUT,169229048978766
0,29448,GET,169229049130489
0,30739,PUT,169229048978506
0,30739,GET,169229049130459
0,28429,PUT,169229048979899
0,28429,GET,169229049132012
0,28439,PUT,169229048979668
0,28439,GET,169229049131802
0,29466,PUT,169229048977894
0,29466,GET,169229049129125
0,28690,PUT,169229048977293
0,28690,GET,169229049128314
0,25346,PUT,169229048982896
0,25346,GET,169229049135270
0,29452,PUT,169229048978065
0,29452,GET,169229049129416
0,23060,PUT,169229048978235
0,23060,GET,169229049129697
0,27927,PUT,169229048978395
0,27927,GET,169229049130378
0,23817,PUT,169229048979749
0,23817,GET,169229049131842
0,23814,PUT,169229048979338
0,23814,GET,169229049131230
0,28694,PUT,169229048977774
0,28694,GET,169229049128835
0,33290,PUT,169229048979438
0,33290,GET,169229049131601
0,28701,PUT,169229048979518
0,28701,GET,169229049131641
0,31251,PUT,169229048979829
0,31251,GET,169229049131912
0,31763,PUT,169229048981001
0,31763,GET,169229049133706
0,30995,PUT,169229048979187
0,30995,GET,169229049130990
0,23316,PUT,169229048981082
0,23316,GET,169229049133746
0,28173,PUT,169229048979257
0,28173,GET,169229049131030
0,29967,PUT,169229048978997
0,29967,GET,169229049130669
0,28950,PUT,169229048978355
0,28950,GET,169229049130308
0,29704,PUT,169229048979979
0,29704,GET,169229049132223
0,26651,PUT,169229048981162
0,26651,GET,169229049133816
0,29206,PUT,169229048979077
0,29206,GET,169229049130709
0,28183,PUT,169229048979107
0,28183,GET,169229049130900
0,24070,PUT,169229048980059
0,24070,GET,169229049132303
0,29451,PUT,169229048979408
0,29451,GET,169229049131511
0,28695,PUT,169229048980240
0,28695,GET,169229049132573
0,24088,PUT,169229048981242
0,24088,GET,169229049133846
0,22791,PUT,169229048980711
0,22791,GET,169229049133345
0,28673,PUT,169229048980149
0,28673,GET,169229049132483
0,24582,PUT,169229048981352
0,24582,GET,169229049134197
0,24326,PUT,169229048980681
0,24326,GET,169229049133255
0,29462,PUT,169229048981994
0,29462,GET,169229049134739
0,24089,PUT,169229048981272
0,24089,GET,169229049133927
0,29718,PUT,169229048982555
0,29718,GET,169229049135079
0,27408,PUT,169229048980891
0,27408,GET,169229049133375
0,29197,PUT,169229048985271
0,29197,GET,169229049137575
0,27166,PUT,169229048981422
0,27166,GET,169229049134267
0,29960,PUT,169229048980600
0,29960,GET,169229049133165
0,24073,PUT,169229048980330
0,24073,GET,169229049132674
0,29458,PUT,169229048984540
0,29458,GET,169229049136663
0,28941,PUT,169229048984710
0,28941,GET,169229049136833
0,31236,PUT,169229048982475
0,31236,GET,169229049135049
0,26129,PUT,169229048980921
0,26129,GET,169229049133456
0,30230,PUT,169229048983688
0,30230,GET,169229049136011
0,27678,PUT,169229048982655
0,27678,GET,169229049135159
0,32019,PUT,169229048981553
0,32019,GET,169229049134348
0,30216,PUT,169229048982174
0,30216,GET,169229049134929
0,27157,PUT,169229048982796
0,27157,GET,169229049135200
0,33802,PUT,169229048987847
0,33802,GET,169229049138768
0,29722,PUT,169229048985432
0,29722,GET,169229049137615
0,24863,PUT,169229048984780
0,24863,GET,169229049136894
0,27422,PUT,169229048982084
0,27422,GET,169229049134839
0,23572,PUT,169229048981643
0,23572,GET,169229049134388
0,26907,PUT,169229048981733
0,26907,GET,169229049134648
0,26629,PUT,169229048982445
0,26629,GET,169229049134969
0,23559,PUT,169229048989020
0,23559,GET,169229049140151
0,29974,PUT,169229048983116
0,29974,GET,169229049135460
0,28951,PUT,169229048985071
0,28951,GET,169229049137465
0,27934,PUT,169229048984820
0,27934,GET,169229049137064
0,27419,PUT,169229048988719
0,27419,GET,169229049139921
0,31492,PUT,169229048983036
0,31492,GET,169229049135360
0,23047,PUT,169229048985161
0,23047,GET,169229049137505
0,33546,PUT,169229048987276
0,33546,GET,169229049138577
0,32284,PUT,169229048988810
0,32284,GET,169229049139961
0,27413,PUT,169229048986354
0,27413,GET,169229049138317
0,24340,PUT,169229048987346
0,24340,GET,169229049138658
0,24345,PUT,169229048983868
0,24345,GET,169229049136292
0,27920,PUT,169229048987106
0,27920,GET,169229049138547
0,27925,PUT,169229048987386
0,27925,GET,169229049138688
0,32028,PUT,169229048984129
0,32028,GET,169229049136473
0,24084,PUT,169229048986815
0,24084,GET,169229049138357
0,27669,PUT,169229048986855
0,27669,GET,169229049138437
0,29202,PUT,169229048983978
0,29202,GET,169229049136362
0,28685,PUT,169229048984059
0,28685,GET,169229049136402
0,28946,PUT,169229048983417
0,28946,GET,169229049135921
0,28929,PUT,169229048984630
0,28929,GET,169229049136753
0,24344,PUT,169229048983828
0,24344,GET,169229049136212
0,26385,PUT,169229048987076
0,26385,GET,169229049138467
0,31254,PUT,169229048992117
0,31254,GET,169229049143719
0,26114,PUT,169229048989692
0,26114,GET,169229049140893
0,27664,PUT,169229048984900
0,27664,GET,169229049137395
0,32275,PUT,169229048985702
0,32275,GET,169229049137796
0,29453,PUT,169229048985813
0,29453,GET,169229049137836
0,29714,PUT,169229048989100
0,29714,GET,169229049140241
0,32787,PUT,169229048991496
0,32787,GET,169229049142917
0,29978,PUT,169229048986003
0,29978,GET,169229049138006
0,26885,PUT,169229048986204
0,26885,GET,169229049138197
0,23828,PUT,169229048986324
0,23828,GET,169229049138237
0,26641,PUT,169229048992879
0,26641,GET,169229049144591
0,27163,PUT,169229048988138
0,27163,GET,169229049139239
0,25606,PUT,169229048992949
0,25606,GET,169229049144631
0,31491,PUT,169229048989180
0,31491,GET,169229049140281
0,29441,PUT,169229048992679
0,29441,GET,169229049144481
0,25094,PUT,169229048990714
0,25094,GET,169229049141935
0,24596,PUT,169229048987917
0,24596,GET,169229049138858
0,24601,PUT,169229048990794
0,24601,GET,169229049141975
0,27675,PUT,169229048989291
0,27675,GET,169229049140562
0,29185,PUT,169229048990293
0,29185,GET,169229049141364
0,25602,PUT,169229048988649
0,25602,GET,169229049139830
0,32531,PUT,169229048987998
0,32531,GET,169229049139209
0,23303,PUT,169229048988459
0,23303,GET,169229049139510
0,31748,PUT,169229048989371
0,31748,GET,169229049140602
0,32540,PUT,169229048989481
0,32540,GET,169229049140773
0,23815,PUT,169229048992428
0,23815,GET,169229049144190
0,27653,PUT,169229048991576
0,27653,GET,169229049143008
0,29708,PUT,169229048992759
0,29708,GET,169229049144521
0,24852,PUT,169229048988529
0,24852,GET,169229049139610
0,31235,PUT,169229048988609
0,31235,GET,169229049139640
0,27141,PUT,169229048989401
0,27141,GET,169229049140672
0,25858,PUT,169229048989210
0,25858,GET,169229049140372
0,29707,PUT,169229048989611
0,29707,GET,169229049140813
0,27397,PUT,169229048990022
0,27397,GET,169229049141254
0,30984,PUT,169229048991646
0,30984,GET,169229049143048
0,24838,PUT,169229048990153
0,24838,GET,169229049141294
0,31246,PUT,169229048990564
0,31246,GET,169229049141745
0,30728,PUT,169229048991025
0,30728,GET,169229049142376
0,30998,PUT,169229048991105
0,30998,GET,169229049142406
0,30486,PUT,169229048989852
0,30486,GET,169229049141083
0,29963,PUT,169229048992348
0,29963,GET,169229049144100
0,30223,PUT,169229048992498
0,30223,GET,169229049144271
0,27909,PUT,169229048992197
0,27909,GET,169229049143990
0,24600,PUT,169229048990824
0,24600,GET,169229049142045
0,30990,PUT,169229048989942
0,30990,GET,169229049141183
0,30472,PUT,169229048990413
0,30472,GET,169229049141645
0,30479,PUT,169229048993270
0,30479,GET,169229049145323
0,30742,PUT,169229048990493
0,30742,GET,169229049141675
0,30475,PUT,169229048993761
0,30475,GET,169229049146075
0,31240,PUT,169229048992288
0,31240,GET,169229049144020
0,30234,PUT,169229048991335
0,30234,GET,169229049142697
0,29952,PUT,169229048993350
0,29952,GET,169229049145363
0,30490,PUT,169229048991957
0,30490,GET,169229049143609
0,29440,PUT,169229048991416
0,29440,GET,169229049142727
0,32260,PUT,169229048992568
0,32260,GET,169229049144371
0,25350,PUT,169229048991255
0,25350,GET,169229049142597
0,30731,PUT,169229048994322
0,30731,GET,169229049147157
0,29696,PUT,169229048992648
0,29696,GET,169229049144411
0,28176,PUT,169229048992037
0,28176,GET,169229049143639
0,28443,PUT,169229048994403
0,28443,GET,169229049147187
0,32796,PUT,169229048993651
0,32796,GET,169229049145774
0,24857,PUT,169229048991726
0,24857,GET,169229049143238
0,32004,PUT,169229048991807
0,32004,GET,169229049143308
0,29709,PUT,169229048991887
0,29709,GET,169229049143519
0,30476,PUT,169229048994723
0,30476,GET,169229049147518
0,30219,PUT,169229048993029
0,30219,GET,169229049144702
0,29964,PUT,169229048993531
0,29964,GET,169229049145624
0,28957,PUT,169229048993691
0,28957,GET,169229049145814
0,28432,PUT,169229048994523
0,28432,GET,169229049147338
0,30987,PUT,169229048994874
0,30987,GET,169229049147558
0,29965,PUT,169229048993571
0,29965,GET,169229049145694
0,29697,PUT,169229048993390
0,29697,GET,169229049145433
0,32772,PUT,169229048994032
0,32772,GET,169229049146726
0,26897,PUT,169229048993911
0,26897,GET,169229049146646
0,25119,PUT,169229048993110
0,25119,GET,169229049145103
0,27931,PUT,169229048993190
0,27931,GET,169229049145143
0,32516,PUT,169229048993460
0,32516,GET,169229049145534
0,29719,PUT,169229048995946
0,29719,GET,169229049148561
0,28421,PUT,169229048995766
0,28421,GET,169229049148250
0,28165,PUT,169229048995174
0,28165,GET,169229049147829
0,30208,PUT,169229048995846
0,30208,GET,169229049148350
0,30221,PUT,169229048994152
0,30221,GET,169229049147077
0,30988,PUT,169229048998001
0,30988,GET,169229049151147
0,30220,PUT,169229048994122
0,30220,GET,169229049146827
0,26370,PUT,169229048995655
0,26370,GET,169229049148140
0,27153,PUT,169229048994493
0,27153,GET,169229049147268
0,29953,PUT,169229048995876
0,29953,GET,169229049148380
0,28688,PUT,169229048995094
0,28688,GET,169229049147749
0,32003,PUT,169229048996187
0,32003,GET,169229049148751
0,26626,PUT,169229048996217
0,26626,GET,169229049148781
0,31243,PUT,169229048995415
0,31243,GET,169229049147939
0,28187,PUT,169229048993831
0,28187,GET,169229049146285
0,29463,PUT,169229048995255
0,29463,GET,169229049147859
0,25113,PUT,169229048996297
0,25113,GET,169229049148972
0,28677,PUT,169229048996367
0,28677,GET,169229049149012
0,29970,PUT,169229049015121
0,29970,GET,169229049154264
0,29207,PUT,169229048994653
0,29207,GET,169229049147438
0,28446,PUT,169229048997249
0,28446,GET,169229049149763
0,31747,PUT,169229048995686
0,31747,GET,169229049148180
0,24329,PUT,169229048999975
0,24329,GET,169229049152069
0,32259,PUT,169229048996758
0,32259,GET,169229049149302
0,26882,PUT,169229048996788
0,26882,GET,169229049149332
0,30735,PUT,169229049000076
0,30735,GET,169229049152109
0,29211,PUT,169229049015812
0,29211,GET,169229049154915
0,31758,PUT,169229049015892
0,31758,GET,169229049154945
0,29469,PUT,169229048998201
0,29469,GET,169229049151257
0,31502,PUT,169229049013276
0,31502,GET,169229049152550
0,31496,PUT,169229048996457
0,31496,GET,169229049149082
0,28933,PUT,169229048996908
0,28933,GET,169229049149413
0,28190,PUT,169229048996668
0,28190,GET,169229049149122
0,30732,PUT,169229048997440
0,30732,GET,169229049150335
0,30477,PUT,169229048997971
0,30477,GET,169229049150866
0,28181,PUT,169229048998272
0,28181,GET,169229049151297
0,32515,PUT,169229048997329
0,32515,GET,169229049150034
0,31752,PUT,169229048997079
0,31752,GET,169229049149693
0,32264,PUT,169229048998422
0,32264,GET,169229049151548
0,27138,PUT,169229048997369
0,27138,GET,169229049150074
0,30231,PUT,169229049013978
0,30231,GET,169229049153031
0,25862,PUT,169229049013487
0,25862,GET,169229049152640
0,27409,PUT,169229048998793
0,27409,GET,169229049151658
0,31510,PUT,169229048998903
0,31510,GET,169229049151698
0,29213,PUT,169229048997560
0,29213,GET,169229049150375
0,25375,PUT,169229049015441
0,25375,GET,169229049154585
0,25368,PUT,169229049014269
0,25368,GET,169229049153071
0,32008,PUT,169229048997730
0,32008,GET,169229049150565
0,24856,PUT,169229048999124
0,24856,GET,169229049151848
0,31244,PUT,169229048999575
0,31244,GET,169229049151878
0,25625,PUT,169229049015602
0,25625,GET,169229049154625
0,29975,PUT,169229048998933
0,29975,GET,169229049151768
0,28702,PUT,169229048997831
0,28702,GET,169229049150605
0,28958,PUT,169229049016734
0,28958,GET,169229049155858
0,26630,PUT,169229049016815
0,26630,GET,169229049155898
0,34058,PUT,169229048998492
0,34058,GET,169229049151588
0,25112,PUT,169229049013647
0,25112,GET,169229049152740
0,33052,PUT,169229049014489
0,33052,GET,169229049153602
0,30487,PUT,169229049014650
0,30487,GET,169229049153773
0,31503,PUT,169229049014389
0,31503,GET,169229049153141
0,31247,PUT,169229049013727
0,31247,GET,169229049152831
0,24071,PUT,169229049012645
0,24071,GET,169229049152179
0,29467,PUT,169229049016404
0,29467,GET,169229049155507
0,28699,PUT,169229049013076
0,28699,GET,169229049152440
0,30991,PUT,169229049013156
0,30991,GET,169229049152480
0,25881,PUT,169229049016233
0,25881,GET,169229049155316
0,30482,PUT,169229049016323
0,30482,GET,169229049155407
0,25631,PUT,169229049016073
0,25631,GET,169229049155026
0,26374,PUT,169229049016153
0,26374,GET,169229049155056
0,33028,PUT,169229049014429
0,33028,GET,169229049153392
0,28955,PUT,169229049015201
0,28955,GET,169229049154474
0,25880,PUT,169229049017226
0,25880,GET,169229049156379
0,32014,PUT,169229049017296
0,32014,GET,169229049156449
0,30738,PUT,169229049016975
0,30738,GET,169229049156048
0,31766,PUT,169229049014690
0,31766,GET,169229049153843
0,29189,PUT,169229049014569
0,29189,GET,169229049153693
0,30464,PUT,169229049016494
0,30464,GET,169229049155617
0,26118,PUT,169229049014990
0,26118,GET,169229049154073
0,30746,PUT,169229049015251
0,30746,GET,169229049154514
0,25369,PUT,169229049014920
0,25369,GET,169229049153883
0,29470,PUT,169229049018208
0,29470,GET,169229049158113
0,32520,PUT,169229049018318
0,32520,GET,169229049158143
0,25108,PUT,169229049017376
0,25108,GET,169229049156649
0,26886,PUT,169229049017647
0,26886,GET,169229049157341
0,32782,PUT,169229049020092
0,32782,GET,169229049160548
0,30720,PUT,169229049018037
0,30720,GET,169229049157772
0,26136,PUT,169229049017837
0,26136,GET,169229049157662
0,32270,PUT,169229049017907
0,32270,GET,169229049157702
0,27654,PUT,169229049020263
0,27654,GET,169229049160589
0,30226,PUT,169229049015732
0,30226,GET,169229049154815
0,31499,PUT,169229049017486
0,31499,GET,169229049157060
0,31002,PUT,169229049016644
0,31002,GET,169229049155787
0,25624,PUT,169229049016564
0,25624,GET,169229049155707
0,25620,PUT,169229049019160
0,25620,GET,169229049159917
0,26137,PUT,169229049016895
0,26137,GET,169229049155978
0,31755,PUT,169229049018098
0,31755,GET,169229049157882
0,30465,PUT,169229049019240
0,30465,GET,169229049159947
0,24327,PUT,169229049017045
0,24327,GET,169229049156258
0,28944,PUT,169229049017145
0,28944,GET,169229049156299
0,29200,PUT,169229049017757
0,29200,GET,169229049157582
0,25364,PUT,169229049018358
0,25364,GET,169229049158333
0,32011,PUT,169229049018940
0,32011,GET,169229049159205
0,25887,PUT,169229049018168
0,25887,GET,169229049157922
0,26399,PUT,169229049023360
0,26399,GET,169229049163054
0,24583,PUT,169229049017687
0,24583,GET,169229049157541
0,30209,PUT,169229049018529
0,30209,GET,169229049158754
0,34570,PUT,169229049018057
0,34570,GET,169229049157812
0,29214,PUT,169229049017566
0,29214,GET,169229049157161
0,34314,PUT,169229049017446
0,34314,GET,169229049156990
0,27142,PUT,169229049019010
0,27142,GET,169229049159686
0,30994,PUT,169229049019090
0,30994,GET,169229049159727
0,32771,PUT,169229049018599
0,32771,GET,169229049158784
0,24585,PUT,169229049019401
0,24585,GET,169229049160017
0,26392,PUT,169229049018438
0,26392,GET,169229049158363
0,32526,PUT,169229049018679
0,32526,GET,169229049158975
0,30743,PUT,169229049019481
0,30743,GET,169229049160117
0,29725,PUT,169229049018759
0,29725,GET,169229049159015
0,28437,PUT,169229049020383
0,28437,GET,169229049160969
0,29445,PUT,169229049023440
0,29445,GET,169229049163074
0,27650,PUT,169229049023721
0,27650,GET,169229049163766
0,25876,PUT,169229049019792
0,25876,GET,169229049160438
0,24839,PUT,169229049021967
0,24839,GET,169229049162162
0,27665,PUT,169229049018829
0,27665,GET,169229049159095
0,34826,PUT,169229049018899
0,34826,GET,169229049159125
0,32015,PUT,169229049020463
0,32015,GET,169229049161290
0,31255,PUT,169229049023039
0,31255,GET,169229049162744
0,31250,PUT,169229049023811
0,31250,GET,169229049163796
0,34052,PUT,169229049022588
0,34052,GET,169229049162523
0,32267,PUT,169229049019561
0,32267,GET,169229049160148
0,26143,PUT,169229049022788
0,26143,GET,169229049162563
0,26132,PUT,169229049020353
0,26132,GET,169229049160769
0,31759,PUT,169229049019882
0,31759,GET,169229049160478
0,27921,PUT,169229049019641
0,27921,GET,169229049160328
0,27910,PUT,169229049020804
0,27910,GET,169229049161330
0,32022,PUT,169229049023069
0,32022,GET,169229049162834
0,29723,PUT,169229049023600
0,29723,GET,169229049163155
0,35082,PUT,169229049024733
0,35082,GET,169229049164087
0,27398,PUT,169229049019711
0,27398,GET,169229049160368
0,30494,PUT,169229049028592
0,30494,GET,169229049168186
0,30721,PUT,169229049028672
0,30721,GET,169229049168226
0,31232,PUT,169229049022137
0,31232,GET,169229049162333
0,27394,PUT,169229049020884
0,27394,GET,169229049161661
0,29456,PUT,169229049021125
0,29456,GET,169229049161771
0,33796,PUT,169229049022047
0,33796,GET,169229049162262
0,28177,PUT,169229049023149
0,28177,GET,169229049162874
0,30976,PUT,169229049021576
0,30976,GET,169229049162052
0,30733,PUT,169229049021746
0,30733,GET,169229049162092
0,33284,PUT,169229049020954
0,33284,GET,169229049161701
0,32527,PUT,169229049027760
0,32527,GET,169229049167334
0,29981,PUT,169229049026096
0,29981,GET,169229049165360
0,33540,PUT,169229049021495
0,33540,GET,169229049161861
0,34564,PUT,169229049027068
0,34564,GET,169229049166623
0,29712,PUT,169229049024092
0,29712,GET,169229049163876
0,29979,PUT,169229049024182
0,29979,GET,169229049163906
0,30989,PUT,169229049022388
0,30989,GET,169229049162413
0,30999,PUT,169229049022458
0,30999,GET,169229049162453
0,34308,PUT,169229049023219
0,34308,GET,169229049162944
0,30747,PUT,169229049025976
0,30747,GET,169229049165139
0,33308,PUT,169229049026056
0,33308,GET,169229049165169
0,31258,PUT,169229049023640
0,31258,GET,169229049163335
0,28166,PUT,169229049024332
0,28166,GET,169229049163976
0,33043,PUT,169229049024573
0,33043,GET,169229049164017
0,30237,PUT,169229049029183
0,30237,GET,169229049168687
0,30235,PUT,169229049024843
0,30235,GET,169229049164277
0,24841,PUT,169229049026968
0,24841,GET,169229049166512
0,32776,PUT,169229049026998
0,32776,GET,169229049166552
0,27160,PUT,169229049032060
0,27160,GET,169229049170832
0,30493,PUT,169229049032501
0,30493,GET,169229049170872
0,34820,PUT,169229049030867
0,34820,GET,169229049169840
0,32523,PUT,169229049024763
0,32523,GET,169229049164187
0,28422,PUT,169229049024923
0,28422,GET,169229049164357
0,33820,PUT,169229049029223
0,33820,GET,169229049168717
0,30491,PUT,169229049025405
0,30491,GET,169229049164828
0,32271,PUT,169229049026307
0,32271,GET,169229049165710
0,32278,PUT,169229049025274
0,32278,GET,169229049164648
0,31003,PUT,169229049026537
0,31003,GET,169229049165791
0,29968,PUT,169229049026617
0,29968,GET,169229049165841
0,34332,PUT,169229049030456
0,34332,GET,169229049169529
0,28678,PUT,169229049025485
0,28678,GET,169229049164909
0,31488,PUT,169229049025625
0,31488,GET,169229049164939
0,31744,PUT,169229049026186
0,31744,GET,169229049165460
0,29982,PUT,169229049027419
0,29982,GET,169229049166803
0,26911,PUT,169229049027459
0,26911,GET,169229049166843
0,26388,PUT,169229049028111
0,26388,GET,169229049167585
0,32000,PUT,169229049026778
0,32000,GET,169229049166312
0,31259,PUT,169229049027149
0,31259,GET,169229049166723
0,25097,PUT,169229049027540
0,25097,GET,169229049167234
0,26648,PUT,169229049028412
0,26648,GET,169229049168086
0,33564,PUT,169229049026698
0,33564,GET,169229049166212
0,30238,PUT,169229049027981
0,30238,GET,169229049167414
0,32534,PUT,169229049029805
0,32534,GET,169229049169068
0,26655,PUT,169229049026888
0,26655,GET,169229049166442
0,29726,PUT,169229049026858
0,29726,GET,169229049166402
0,30224,PUT,169229049028512
0,30224,GET,169229049168116
0,34076,PUT,169229049029875
0,34076,GET,169229049169178
0,27906,PUT,169229049030687
0,27906,GET,169229049169630
0,32790,PUT,169229049030376
0,32790,GET,169229049169219
0,25353,PUT,169229049028181
0,25353,GET,169229049167795
0,26644,PUT,169229049028752
0,26644,GET,169229049168296
0,28934,PUT,169229049028943
0,28934,GET,169229049168577
0,26904,PUT,169229049029013
0,26904,GET,169229049168617
0,32783,PUT,169229049028331
0,32783,GET,169229049167996
0,25609,PUT,169229049030947
0,25609,GET,169229049170061
0,27167,PUT,169229049028021
0,27167,GET,169229049167515
0,27416,PUT,169229049032661
0,27416,GET,169229049171033
0,27412,PUT,169229049034175
0,27412,GET,169229049171905
0,28162,PUT,169229049031168
0,28162,GET,169229049170181
0,25095,PUT,169229049028913
0,25095,GET,169229049168497
0,30749,PUT,169229049033173
0,30749,GET,169229049171243
0,33038,PUT,169229049032732
0,33038,GET,169229049171123
0,31506,PUT,169229049029664
0,31506,GET,169229049168798
0,34588,PUT,169229049031038
0,34588,GET,169229049170101
0,26900,PUT,169229049033032
0,26900,GET,169229049171163
0,35076,PUT,169229049031429
0,35076,GET,169229049170211
0,32283,PUT,169229049033874
0,32283,GET,169229049171815
0,31511,PUT,169229049029765
0,31511,GET,169229049168988
0,25865,PUT,169229049031509
0,25865,GET,169229049170612
0,33555,PUT,169229049034987
0,33555,GET,169229049172777
0,28674,PUT,169229049037382
0,28674,GET,169229049174631
0,31515,PUT,169229049031970
0,31515,GET,169229049170652
0,31771,PUT,169229049032581
0,31771,GET,169229049170943
0,27156,PUT,169229049033594
0,27156,GET,169229049171704
0,31005,PUT,169229049033794
0,31005,GET,169229049171744
0,28433,PUT,169229049036250
0,28433,GET,169229049173619
0,27668,PUT,169229049034736
0,27668,GET,169229049172627
0,31245,PUT,169229049033513
0,31245,GET,169229049171624
0,32027,PUT,169229049033233
0,32027,GET,169229049171313
0,32779,PUT,169229049033333
0,32779,GET,169229049171364
0,33299,PUT,169229049034415
0,33299,GET,169229049172125
0,32539,PUT,169229049034536
0,32539,GET,169229049172526
0,27423,PUT,169229049035077
0,27423,GET,169229049172807
0,31767,PUT,169229049036360
0,31767,GET,169229049173659
0,27679,PUT,169229049038044
0,27679,GET,169229049175633
0,32795,PUT,169229049036941
0,32795,GET,169229049173960
0,28949,PUT,169229049037954
0,28949,GET,169229049175273
0,33039,PUT,169229049038124
0,33039,GET,169229049175664
0,31762,PUT,169229049034456
0,31762,GET,169229049172326
0,32768,PUT,169229049035959
0,32768,GET,169229049173458
0,29957,PUT,169229049036039
0,29957,GET,169229049173549
0,32512,PUT,169229049035398
0,32512,GET,169229049173158
0,30750,PUT,169229049035107
0,30750,GET,169229049172887
0,33283,PUT,169229049037422
0,33283,GET,169229049174661
0,28418,PUT,169229049036731
0,28418,GET,169229049173849
0,33027,PUT,169229049036771
0,33027,GET,169229049173879
0,29701,PUT,169229049035488
0,29701,GET,169229049173348
0,32256,PUT,169229049034816
0,32256,GET,169229049172697
0,28693,PUT,169229049037272
0,28693,GET,169229049174401
0,31261,PUT,169229049038204
0,31261,GET,169229049175744
0,27672,PUT,169229049037092
0,27672,GET,169229049174230
0,31514,PUT,169229049037182
0,31514,GET,169229049174371
0,31006,PUT,169229049035678
0,31006,GET,169229049173388
0,25351,PUT,169229049037843
0,25351,GET,169229049174852
0,30480,PUT,169229049040179
0,30480,GET,169229049177408
0,29702,PUT,169229049041392
0,29702,GET,169229049177919
0,29190,PUT,169229049037884
0,29190,GET,169229049174932
0,27928,PUT,169229049037643
0,27928,GET,169229049174741
0,27924,PUT,169229049037312
0,27924,GET,169229049174441
0,27935,PUT,169229049041662
0,27935,GET,169229049177989
0,31262,PUT,169229049041692
0,31262,GET,169229049178029
0,32026,PUT,169229049038355
0,32026,GET,169229049175834
0,33032,PUT,169229049041773
0,33032,GET,169229049178280
0,33295,PUT,169229049041853
0,33295,GET,169229049178320
0,31770,PUT,169229049037773
0,31770,GET,169229049174782
0,34067,PUT,169229049039678
0,34067,GET,169229049176906
0,28930,PUT,169229049043677
0,28930,GET,169229049179733
0,29958,PUT,169229049041973
0,29958,GET,169229049178600
0,25607,PUT,169229049038505
0,25607,GET,169229049175984
0,28180,PUT,169229049038856
0,28180,GET,169229049176145
0,29446,PUT,169229049038535
0,29446,GET,169229049176054
0,28945,PUT,169229049038996
0,28945,GET,169229049176185
0,28689,PUT,169229049038435
0,28689,GET,169229049175914
0,25863,PUT,169229049041352
0,25863,GET,169229049177879
0,28191,PUT,169229049042254
0,28191,GET,169229049178640
0,34323,PUT,169229049041261
0,34323,GET,169229049177698
0,33294,PUT,169229049041903
0,33294,GET,169229049178510
0,33811,PUT,169229049039106
0,33811,GET,169229049176365
0,32018,PUT,169229049041231
0,32018,GET,169229049177508
0,26393,PUT,169229049039447
0,26393,GET,169229049176556
0,32535,PUT,169229049043757
0,32535,GET,169229049179813
0,33046,PUT,169229049040099
0,33046,GET,169229049177317
0,28184,PUT,169229049039477
0,28184,GET,169229049176586
0,30214,PUT,169229049044860
0,30214,GET,169229049180505
0,34063,PUT,169229049045040
0,34063,GET,169229049180986
0,33551,PUT,169229049043857
0,33551,GET,169229049179843
0,31757,PUT,169229049045521
0,31757,GET,169229049181377
0,30736,PUT,169229049044148
0,30736,GET,169229049179923
0,33302,PUT,169229049042474
0,33302,GET,169229049178821
0,33795,PUT,169229049046153
0,33795,GET,169229049182419
0,31501,PUT,169229049044960
0,31501,GET,169229049180795
0,34319,PUT,169229049045591
0,34319,GET,169229049181407
0,26649,PUT,169229049042785
0,26649,GET,169229049179412
0,29698,PUT,169229049046223
0,29698,GET,169229049182449
0,30977,PUT,169229049043176
0,30977,GET,169229049179533
0,32279,PUT,169229049043096
0,32279,GET,169229049179452
0,32023,PUT,169229049042504
0,32023,GET,169229049179011
0,28436,PUT,169229049043557
0,28436,GET,169229049179563
0,32274,PUT,169229049045120
0,32274,GET,169229049181076
0,33539,PUT,169229049043637
0,33539,GET,169229049179633
0,29186,PUT,169229049044258
0,29186,GET,169229049180014
0,33807,PUT,169229049044419
0,33807,GET,169229049180054
0,30992,PUT,169229049044719
0,30992,GET,169229049180234
0,32786,PUT,169229049046333
0,32786,GET,169229049182530
0,28696,PUT,169229049046494
0,28696,GET,169229049182630
0,31248,PUT,169229049045291
0,31248,GET,169229049181186
0,26905,PUT,169229049045201
0,26905,GET,169229049181116
0,29442,PUT,169229049044790
0,29442,GET,169229049180425
0,35332,PUT,169229049045371
0,35332,GET,169229049181267
0,30470,PUT,169229049045441
0,30470,GET,169229049181297
0,31504,PUT,169229049045842
0,31504,GET,169229049181708
0,33288,PUT,169229049045992
0,33288,GET,169229049182209
0,30726,PUT,169229049046063
0,30726,GET,169229049182239
0,31517,PUT,169229049047566
0,31517,GET,169229049183782
0,34579,PUT,169229049047706
0,34579,GET,169229049183823
0,29205,PUT,169229049045672
0,29205,GET,169229049181597
0,29201,PUT,169229049053279
0,29201,GET,169229049187812
0,32530,PUT,169229049045742
0,32530,GET,169229049181627
0,28440,PUT,169229049045912
0,28440,GET,169229049182109
0,33544,PUT,169229049046674
0,33544,GET,169229049182860
0,33024,PUT,169229049047325
0,33024,GET,169229049183412
0,30213,PUT,169229049048218
0,30213,GET,169229049184294
0,32538,PUT,169229049048137
0,32538,GET,169229049184264
0,35100,PUT,169229049047406
0,35100,GET,169229049183442
0,34844,PUT,169229049046784
0,34844,GET,169229049182900
0,30469,PUT,169229049048789
0,30469,GET,169229049185095
0,31238,PUT,169229049047155
0,31238,GET,169229049183301
0,26119,PUT,169229049046564
0,26119,GET,169229049182700
0,33806,PUT,169229049048889
0,33806,GET,169229049185136
0,35850,PUT,169229049049140
0,35850,GET,169229049185286
0,32791,PUT,169229049047225
0,32791,GET,169229049183331
0,26375,PUT,169229049047115
0,26375,GET,169229049183221
0,30982,PUT,169229049046604
0,30982,GET,169229049182790
0,34051,PUT,169229049052137
0,34051,GET,169229049187331
0,31773,PUT,169229049049330
0,31773,GET,169229049185316
0,32282,PUT,169229049047486
0,32282,GET,169229049183522
0,35588,PUT,169229049048258
0,35588,GET,169229049184364
0,35356,PUT,169229049048067
0,35356,GET,169229049184003
0,26631,PUT,169229049049059
0,26631,GET,169229049185206
0,33550,PUT,169229049048328
0,33550,GET,169229049184404
0,28692,PUT,169229049050022
0,28692,GET,169229049185657
0,29954,PUT,169229049049761
0,29954,GET,169229049185617
0,33280,PUT,169229049047907
0,33280,GET,169229049183893
0,35338,PUT,169229049047977
0,35338,GET,169229049183933
0,34304,PUT,169229049056326
0,34304,GET,169229049190318
0,32541,PUT,169229049052237
0,32541,GET,169229049187361
0,34062,PUT,169229049049450
0,34062,GET,169229049185396
0,31500,PUT,169229049049541
0,31500,GET,169229049185426
0,35594,PUT,169229049048548
0,35594,GET,169229049184985
0,32285,PUT,169229049051595
0,32285,GET,169229049187120
0,33536,PUT,169229049048448
0,33536,GET,169229049184584
0,33792,PUT,169229049055184
0,33792,GET,169229049189466
0,31760,PUT,169229049050152
0,31760,GET,169229049185837
0,32794,PUT,169229049048699
0,32794,GET,169229049185015
0,30210,PUT,169229049050322
0,30210,GET,169229049185867
0,35612,PUT,169229049052287
0,35612,GET,169229049187441
0,26887,PUT,169229049052738
0,26887,GET,169229049187471
0,31756,PUT,169229049051134
0,31756,GET,169229049186900
0,32269,PUT,169229049055254
0,32269,GET,169229049189506
0,31233,PUT,169229049051054
0,31233,GET,169229049186829
0,31518,PUT,169229049051666
0,31518,GET,169229049187160
0,29457,PUT,169229049053841
0,29457,GET,169229049188383
0,30466,PUT,169229049050673
0,30466,GET,169229049186318
0,32029,PUT,169229049050884
0,32029,GET,169229049186358
0,33800,PUT,169229049054592
0,33800,GET,169229049189065
0,36106,PUT,169229049054021
0,36106,GET,169229049188664
0,27161,PUT,169229049051886
0,27161,GET,169229049187230
0,33042,PUT,169229049055986
0,33042,GET,169229049190207
0,33558,PUT,169229049051505
0,33558,GET,169229049186940
0,30725,PUT,169229049053941
0,30725,GET,169229049188574
0,26121,PUT,169229049059875
0,26121,GET,169229049192843
0,34575,PUT,169229049053089
0,34575,GET,169229049187551
0,30722,PUT,169229049054091
0,30722,GET,169229049188704
0,32013,PUT,169229049053430
0,32013,GET,169229049188102
0,27143,PUT,169229049053349
0,27143,GET,169229049187912
0,31237,PUT,169229049055094
0,31237,GET,169229049189325
0,32781,PUT,169229049056407
0,32781,GET,169229049190448
0,30981,PUT,169229049054512
0,30981,GET,169229049188964
0,33035,PUT,169229049055535
0,33035,GET,169229049189706
0,33051,PUT,169229049056076
0,33051,GET,169229049190237
0,28447,PUT,169229049057128
0,28447,GET,169229049190688
0,30978,PUT,169229049054673
0,30978,GET,169229049189165
0,32012,PUT,169229049059794
0,32012,GET,169229049192803
0,32797,PUT,169229049055414
0,32797,GET,169229049189616
0,31234,PUT,169229049055324
0,31234,GET,169229049189516
0,34835,PUT,169229049054753
0,34835,GET,169229049189235
0,31774,PUT,169229049057158
0,31774,GET,169229049190719
0,35868,PUT,169229049057820
0,35868,GET,169229049191330
0,32525,PUT,169229049055825
0,32525,GET,169229049190127
0,31489,PUT,169229049055715
0,31489,GET,169229049189796
0,28952,PUT,169229049057629
0,28952,GET,169229049190979
0,34048,PUT,169229049055755
0,34048,GET,169229049189877
0,27417,PUT,169229049057589
0,27417,GET,169229049190889
0,29208,PUT,169229049058201
0,29208,GET,169229049191621
0,34307,PUT,169229049058411
0,34307,GET,169229049191901
0,30229,PUT,169229049059985
0,30229,GET,169229049192924
0,31494,PUT,169229049058682
0,31494,GET,169229049191971
0,29973,PUT,169229049059434
0,29973,GET,169229049192443
0,29464,PUT,169229049058772
0,29464,GET,169229049192052
0,29461,PUT,169229049058271
0,29461,GET,169229049191691
0,31745,PUT,169229049061178
0,31745,GET,169229049193946
0,32524,PUT,169229049061328
0,32524,GET,169229049194096
0,29717,PUT,169229049058862
0,29717,GET,169229049192152
0,28948,PUT,169229049059564
0,28948,GET,169229049192473
0,35091,PUT,169229049058080
0,35091,GET,169229049191430
0,33047,PUT,169229049060787
0,33047,GET,169229049193475
0,34318,PUT,169229049061579
0,34318,GET,169229049194598
0,34563,PUT,169229049058973
0,34563,GET,169229049192192
0,26633,PUT,169229049061017
0,26633,GET,169229049193726
0,32268,PUT,169229049060366
0,32268,GET,169229049193084
0,36100,PUT,169229049060857
0,36100,GET,169229049193565
0,32016,PUT,169229049062461
0,32016,GET,169229049195911
0,36124,PUT,169229049061097
0,36124,GET,169229049193766
0,35844,PUT,169229049060266
0,35844,GET,169229049193014
0,33814,PUT,169229049060747
0,33814,GET,169229049193395
0,26889,PUT,169229049061689
0,26889,GET,169229049195379
0,26377,PUT,169229049060446
0,26377,GET,169229049193174
0,30485,PUT,169229049060536
0,30485,GET,169229049193214
0,32257,PUT,169229049068134
0,32257,GET,169229049201002
0,33037,PUT,169229049068404
0,33037,GET,169229049201032
0,29720,PUT,169229049060937
0,29720,GET,169229049193645
0,30741,PUT,169229049061248
0,30741,GET,169229049194016
0,34056,PUT,169229049065107
0,34056,GET,169229049198116
0,28703,PUT,169229049065247
0,28703,GET,169229049198156
0,34574,PUT,169229049062160
0,34574,GET,169229049195680
0,34582,PUT,169229049062611
0,34582,GET,169229049196021
0,36356,PUT,169229049061488
0,36356,GET,169229049194527
0,31750,PUT,169229049062380
0,31750,GET,169229049195720
0,34816,PUT,169229049062541
0,34816,GET,169229049195951
0,33554,PUT,169229049064225
0,33554,GET,169229049197324
0,34831,PUT,169229049061609
0,34831,GET,169229049195119
0,33307,PUT,169229049062872
0,33307,GET,169229049196522
0,34070,PUT,169229049061408
0,34070,GET,169229049194437
0,29460,PUT,169229049064696
0,29460,GET,169229049197514
0,29204,PUT,169229049064104
0,29204,GET,169229049197234
0,32030,PUT,169229049061809
0,32030,GET,169229049195470
0,34560,PUT,169229049061929
0,34560,GET,169229049195510
0,35606,PUT,169229049066069
0,35606,GET,169229049199128
0,35094,PUT,169229049064796
0,35094,GET,169229049197554
0,34326,PUT,169229049062010
0,34326,GET,169229049195580
0,32272,PUT,169229049063042
0,32272,GET,169229049196592
0,33810,PUT,169229049064906
0,33810,GET,169229049197775
0,33303,PUT,169229049064826
0,33303,GET,169229049197745
0,34830,PUT,169229049062781
0,34830,GET,169229049196482
0,34838,PUT,169229049063202
0,34838,GET,169229049196632
0,36612,PUT,169229049062090
0,36612,GET,169229049195610
0,31490,PUT,169229049065027
0,31490,GET,169229049197935
0,27145,PUT,169229049063353
0,27145,GET,169229049196702
0,33563,PUT,169229049066229
0,33563,GET,169229049199168
0,33291,PUT,169229049066500
0,33291,GET,169229049199810
0,36868,PUT,169229049062691
0,36868,GET,169229049196412
0,34066,PUT,169229049065488
0,34066,GET,169229049198507
0,32286,PUT,169229049066310
0,32286,GET,169229049199248
0,35347,PUT,169229049063704
0,35347,GET,169229049197013
0,34819,PUT,169229049064997
0,34819,GET,169229049197845
0,33298,PUT,169229049063673
0,33298,GET,169229049196923
0,35350,PUT,169229049065407
0,35350,GET,169229049198306
0,29976,PUT,169229049064616
0,29976,GET,169229049197414
0,35087,PUT,169229049065909
0,35087,GET,169229049198687
0,36874,PUT,169229049067663
0,36874,GET,169229049200822
0,29713,PUT,169229049067743
0,29713,GET,169229049200852
0,35328,PUT,169229049068104
0,35328,GET,169229049200922
0,35075,PUT,169229049065598
0,35075,GET,169229049198577
0,29972,PUT,169229049065989
0,29972,GET,169229049198787
0,29716,PUT,169229049065327
0,29716,GET,169229049198226
0,35072,PUT,169229049067562
0,35072,GET,169229049200652
0,30997,PUT,169229049067222
0,30997,GET,169229049200471
0,28959,PUT,169229049065828
0,28959,GET,169229049198617
0,36618,PUT,169229049067111
0,36618,GET,169229049200361
0,29215,PUT,169229049066350
0,29215,GET,169229049199529
0,36380,PUT,169229049066420
0,36380,GET,169229049199629
0,33053,PUT,169229049068765
0,33053,GET,169229049201233
0,27657,PUT,169229049067292
0,27657,GET,169229049200561
0,32001,PUT,169229049067593
0,32001,GET,169229049200742
0,33549,PUT,169229049069587
0,33549,GET,169229049202496
0,32784,PUT,169229049069427
0,32784,GET,169229049202285
0,27399,PUT,169229049066821
0,27399,GET,169229049200281
0,34312,PUT,169229049071552
0,34312,GET,169229049203107
0,27401,PUT,169229049066710
0,27401,GET,169229049200211
0,36362,PUT,169229049066530
0,36362,GET,169229049200090
0,30228,PUT,169229049066610
0,30228,GET,169229049200130
0,35342,PUT,169229049069507
0,35342,GET,169229049202315
0,30484,PUT,169229049067192
0,30484,GET,169229049200391
0,33559,PUT,169229049070960
0,33559,GET,169229049202997
0,33293,PUT,169229049068986
0,33293,GET,169229049201604
0,33050,PUT,169229049069707
0,33050,GET,169229049202767
0,32780,PUT,169229049069016
0,32780,GET,169229049202055
0,33306,PUT,169229049070429
0,33306,GET,169229049202877
0,32528,PUT,169229049068835
0,32528,GET,169229049201323
0,35086,PUT,169229049068906
0,35086,GET,169229049201403
0,33819,PUT,169229049069738
0,33819,GET,169229049202807
0,34331,PUT,169229049071361
0,34331,GET,169229049203027
0,34075,PUT,169229049070469
0,34075,GET,169229049202917
0,30232,PUT,169229049069317
0,30232,GET,169229049202085
0,31746,PUT,169229049082357
0,31746,GET,169229049203839
0,34843,PUT,169229049088561
0,34843,GET,169229049204440
0,35099,PUT,169229049090045
0,35099,GET,169229049204470
0,35584,PUT,169229049091408
0,35584,GET,169229049205032
0,32002,PUT,169229049085765
0,32002,GET,169229049203909
0,32258,PUT,169229049086136
0,32258,GET,169229049203949
0,35355,PUT,169229049090396
0,35355,GET,169229049204551
0,34322,PUT,169229049091197
0,34322,GET,169229049204581
0,35611,PUT,169229049091328
0,35611,GET,169229049204771
0,34587,PUT,169229049087980
0,34587,GET,169229049204360
0,36379,PUT,169229049094515
0,36379,GET,169229049207367
0,30225,PUT,169229049094595
0,30225,GET,169229049207407
0,36096,PUT,169229049094425
0,36096,GET,169229049207167
0,33805,PUT,169229049093242
0,33805,GET,169229049206064
0,35854,PUT,169229049093663
0,35854,GET,169229049206094
0,35598,PUT,169229049092841
0,35598,GET,169229049205804
0,34578,PUT,169229049092741
0,34578,GET,169229049205543
0,36366,PUT,169229049094816
0,36366,GET,169229049208109
0,34061,PUT,169229049094886
0,34061,GET,169229049208149
0,35867,PUT,169229049091879
0,35867,GET,169229049205363
0,33562,PUT,169229049092581
0,33562,GET,169229049205513
0,35090,PUT,169229049094675
0,35090,GET,169229049207608
0,35840,PUT,169229049092180
0,35840,GET,169229049205433
0,36123,PUT,169229049093884
0,36123,GET,169229049206575
0,34834,PUT,169229049094064
0,34834,GET,169229049206605
0,36891,PUT,169229049096480
0,36891,GET,169229049209853
0,36622,PUT,169229049096740
0,36622,GET,169229049209893
0,29969,PUT,169229049093803
0,29969,GET,169229049206495
0,32513,PUT,169229049094144
0,32513,GET,169229049206936
0,36110,PUT,169229049094214
0,36110,GET,169229049206976
0,32006,PUT,169229049096199
0,32006,GET,169229049209161
0,35603,PUT,169229049094716
0,35603,GET,169229049207848
0,34317,PUT,169229049096289
0,34317,GET,169229049209362
0,37124,PUT,169229049098945
0,37124,GET,169229049212690
0,33818,PUT,169229049095367
0,33818,GET,169229049208490
0,35859,PUT,169229049095447
0,35859,GET,169229049208520
0,36352,PUT,169229049094986
0,36352,GET,169229049208339
0,33036,PUT,169229049096319
0,33036,GET,169229049209442
0,30740,PUT,169229049095287
0,30740,GET,169229049208410
0,34074,PUT,169229049097031
0,34074,GET,169229049210144
0,33040,PUT,169229049095568
0,33040,GET,169229049208720
0,36635,PUT,169229049095758
0,36635,GET,169229049208750
0,32769,PUT,169229049097492
0,32769,GET,169229049210635
0,35346,PUT,169229049096129
0,35346,GET,169229049209081
0,36371,PUT,169229049099026
0,36371,GET,169229049212730
0,33296,PUT,169229049096399
0,33296,GET,169229049209773
0,34829,PUT,169229049097572
0,34829,GET,169229049210725
0,34573,PUT,169229049096941
0,34573,GET,169229049209963
0,35858,PUT,169229049099667
0,35858,GET,169229049213401
0,33292,PUT,169229049098164
0,33292,GET,169229049211026
0,31253,PUT,169229049097412
0,31253,GET,169229049210555
0,27673,PUT,169229049098244
0,27673,GET,169229049211226
0,27913,PUT,169229049097963
0,27913,GET,169229049210765
0,36115,PUT,169229049097111
0,36115,GET,169229049210484
0,35085,PUT,169229049098123
0,35085,GET,169229049210835
0,35602,PUT,169229049098324
0,35602,GET,169229049211677
0,35331,PUT,169229049098404
0,35331,GET,169229049211757
0,32542,PUT,169229049098825
0,32542,GET,169229049212299
0,37130,PUT,169229049099316
0,37130,GET,169229049213101
0,30481,PUT,169229049098595
0,30481,GET,169229049212048
0,32514,PUT,169229049098665
0,32514,GET,169229049212088
0,32262,PUT,169229049098514
0,32262,GET,169229049211958
0,30996,PUT,169229049098745
0,30996,GET,169229049212269
0,28169,PUT,169229049099096
0,28169,GET,169229049212800
0,36608,PUT,169229049099166
0,36608,GET,169229049212990
0,32518,PUT,169229049099246
0,32518,GET,169229049213030
0,35341,PUT,169229049099888
0,35341,GET,169229049213872
0,31493,PUT,169229049098905
0,31493,GET,169229049212489
0,32770,PUT,169229049099406
0,32770,GET,169229049213291
0,32798,PUT,169229049099577
0,32798,GET,169229049213331
0,35587,PUT,169229049100018
0,35587,GET,169229049213942
0,28425,PUT,169229049099817
0,28425,GET,169229049213672
0,36864,PUT,169229049099737
0,36864,GET,169229049213592
0,36114,PUT,169229049100238
0,36114,GET,169229049214043
0,27655,PUT,169229049100319
0,27655,GET,169229049214233
0,28681,PUT,169229049100389
0,28681,GET,169229049214313
0,34330,PUT,169229049100469
0,34330,GET,169229049214504
0,31509,PUT,169229049100990
0,31509,GET,169229049215737
0,35843,PUT,169229049100639
0,35843,GET,169229049215175
0,29471,PUT,169229049100559
0,29471,GET,169229049214774
0,30737,PUT,169229049101261
0,30737,GET,169229049215887
0,37134,PUT,169229049101341
0,37134,GET,169229049216158
0,36878,PUT,169229049100709
0,36878,GET,169229049215366
0,27929,PUT,169229049100820
0,27929,GET,169229049215656
0,35343,PUT,169229049100740
0,35343,GET,169229049215456
0,30488,PUT,169229049101110
0,30488,GET,169229049215807
0,37386,PUT,169229049104248
0,37386,GET,169229049220217
0,29727,PUT,169229049101421
0,29727,GET,169229049216428
0,37376,PUT,169229049102544
0,37376,GET,169229049218182
0,33547,PUT,169229049102624
0,33547,GET,169229049218212
0,34586,PUT,169229049104328
0,34586,GET,169229049220247
0,35597,PUT,169229049101501
0,35597,GET,169229049216498
0,30993,PUT,169229049101822
0,30993,GET,169229049217120
0,37636,PUT,169229049102694
0,37636,GET,169229049218283
0,37390,PUT,169229049101902
0,37390,GET,169229049217160
0,35862,PUT,169229049101592
0,35862,GET,169229049216699
0,31252,PUT,169229049103275
0,31252,GET,169229049218854
0,37120,PUT,169229049101972
0,37120,GET,169229049217340
0,28185,PUT,169229049101672
0,28185,GET,169229049216889
0,33803,PUT,169229049103366
0,33803,GET,169229049218934
0,36636,PUT,169229049102864
0,36636,GET,169229049218493
0,36892,PUT,169229049103666
0,36892,GET,169229049219275
0,37380,PUT,169229049102043
0,37380,GET,169229049217691
0,31249,PUT,169229049102413
0,31249,GET,169229049217912
0,36111,PUT,169229049105270
0,36111,GET,169229049221811
0,31505,PUT,169229049102975
0,31505,GET,169229049218573
0,35599,PUT,169229049103195
0,35599,GET,169229049218653
0,32774,PUT,169229049102333
0,32774,GET,169229049217731
0,37147,PUT,169229049103476
0,37147,GET,169229049219014
0,31508,PUT,169229049103857
0,31508,GET,169229049219636
0,37148,PUT,169229049104408
0,37148,GET,169229049220327
0,37892,PUT,169229049103937
0,37892,GET,169229049219706
0,37646,PUT,169229049104007
0,37646,GET,169229049219906
0,35855,PUT,169229049103777
0,35855,GET,169229049219556
0,33309,PUT,169229049104568
0,33309,GET,169229049220818
0,34059,PUT,169229049104087
0,34059,GET,169229049219946
0,34568,PUT,169229049103556
0,34568,GET,169229049219205
0,34315,PUT,169229049104719
0,34315,GET,169229049221099
0,31764,PUT,169229049104488
0,31764,GET,169229049220618
0,37403,PUT,169229049104167
0,37403,GET,169229049220137
0,35098,PUT,169229049105481
0,35098,GET,169229049222001
0,36367,PUT,169229049105851
0,36367,GET,169229049222703
0,37404,PUT,169229049104999
0,37404,GET,169229049221490
0,37660,PUT,169229049105581
0,37660,GET,169229049222212
0,38148,PUT,169229049104649
0,38148,GET,169229049220909
0,32020,PUT,169229049105150
0,32020,GET,169229049221590
0,28937,PUT,169229049105080
0,28937,GET,169229049221520
0,38414,PUT,169229049107706
0,38414,GET,169229049224748
0,34824,PUT,169229049105661
0,34824,GET,169229049222292
0,28441,PUT,169229049104799
0,28441,GET,169229049221179
0,34842,PUT,169229049104919
0,34842,GET,169229049221219
0,37902,PUT,169229049106483
0,37902,GET,169229049223585
0,36374,PUT,169229049107616
0,36374,GET,169229049224567
0,35080,PUT,169229049106322
0,35080,GET,169229049223344
0,32532,PUT,169229049106403
0,32532,GET,169229049223384
0,32276,PUT,169229049105731
0,32276,GET,169229049222372
0,36370,PUT,169229049108097
0,36370,GET,169229049224918
0,32788,PUT,169229049106954
0,32788,GET,169229049224056
0,38158,PUT,169229049107124
0,38158,GET,169229049224276
0,36118,PUT,169229049107044
0,36118,GET,169229049224096
0,36109,PUT,169229049109119
0,36109,GET,169229049226371
0,37916,PUT,169229049106152
0,37916,GET,169229049223194
0,31761,PUT,169229049106242
0,31761,GET,169229049223274
0,27911,PUT,169229049105982
0,27911,GET,169229049222983
0,36627,PUT,169229049106563
0,36627,GET,169229049223655
0,38172,PUT,169229049108016
0,38172,GET,169229049224828
0,31765,PUT,169229049110462
0,31765,GET,169229049228186
0,32017,PUT,169229049106814
0,32017,GET,169229049223855
0,35853,PUT,169229049108518
0,35853,GET,169229049225449
0,37642,PUT,169229049107205
0,37642,GET,169229049224487
0,38683,PUT,169229049110542
0,38683,GET,169229049228226
0,29983,PUT,169229049108297
0,29983,GET,169229049225259
0,36883,PUT,169229049108137
0,36883,GET,169229049225148
0,37659,PUT,169229049108217
0,37659,GET,169229049225179
0,35336,PUT,169229049108728
0,35336,GET,169229049225620
0,37915,PUT,169229049108808
0,37915,GET,169229049225950
0,38404,PUT,169229049109009
0,38404,GET,169229049226211
0,33552,PUT,169229049108598
0,33552,GET,169229049225519
0,29193,PUT,169229049108698
0,29193,GET,169229049225549
0,30239,PUT,169229049108898
0,30239,GET,169229049226131
0,31749,PUT,169229049109049
0,31749,GET,169229049226291
0,38171,PUT,169229049109360
0,38171,GET,169229049226582
0,30744,PUT,169229049109460
0,30744,GET,169229049226832
0,32005,PUT,169229049109680
0,32005,GET,169229049227384
0,37888,PUT,169229049110622
0,37888,GET,169229049228296
0,37139,PUT,169229049111284
0,37139,GET,169229049229529
0,38660,PUT,169229049109650
0,38660,GET,169229049227304
0,35083,PUT,169229049112096
0,35083,GET,169229049230050
0,35851,PUT,169229049113740
0,35851,GET,169229049231313
0,37632,PUT,169229049110011
0,37632,GET,169229049227684
0,36122,PUT,169229049114842
0,36122,GET,169229049232415
0,36365,PUT,169229049109760
0,36365,GET,169229049227464
0,38427,PUT,169229049109931
0,38427,GET,169229049227654
0,34827,PUT,169229049111545
0,34827,GET,169229049229789
0,33815,PUT,169229049109570
0,33815,GET,169229049227223
0,38428,PUT,169229049111635
0,38428,GET,169229049229869
0,33054,PUT,169229049110703
0,33054,GET,169229049228556
0,34064,PUT,169229049116336
0,34064,GET,169229049235292
0,38916,PUT,169229049110202
0,38916,GET,169229049228085
0,33025,PUT,169229049110041
0,33025,GET,169229049227885
0,30751,PUT,169229049111374
0,30751,GET,169229049229629
0,39950,PUT,169229049116416
0,39950,GET,169229049235322
0,35354,PUT,169229049110893
0,35354,GET,169229049229158
0,34571,PUT,169229049110973
0,34571,GET,169229049229188
0,34071,PUT,169229049110282
0,34071,GET,169229049228115
0,35610,PUT,169229049111464
0,35610,GET,169229049229699
0,38684,PUT,169229049112206
0,38684,GET,169229049230080
0,30495,PUT,169229049110733
0,30495,GET,169229049229048
0,32021,PUT,169229049111053
0,32021,GET,169229049229438
0,38670,PUT,169229049113008
0,38670,GET,169229049230651
0,37898,PUT,169229049112056
0,37898,GET,169229049229980
0,37395,PUT,169229049111855
0,37395,GET,169229049229900
0,38926,PUT,169229049113559
0,38926,GET,169229049231283
0,36630,PUT,169229049113269
0,36630,GET,169229049231092
0,39172,PUT,169229049110813
0,39172,GET,169229049229078
0,39438,PUT,169229049114672
0,39438,GET,169229049232245
0,39182,PUT,169229049114111
0,39182,GET,169229049231583
0,35595,PUT,169229049113188
0,35595,GET,169229049230822
0,35866,PUT,169229049114191
0,35866,GET,169229049231614
0,34583,PUT,169229049113880
0,34583,GET,169229049231393
0,35339,PUT,169229049112647
0,35339,GET,169229049230280
0,31000,PUT,169229049112878
0,31000,GET,169229049230310
0,34327,PUT,169229049113339
0,34327,GET,169229049231172
0,39196,PUT,169229049118060
0,39196,GET,169229049237788
0,33310,PUT,169229049114542
0,33310,GET,169229049232034
0,38144,PUT,169229049113479
0,38144,GET,169229049231203
0,33548,PUT,169229049113098
0,33548,GET,169229049230741
0,38940,PUT,169229049115754
0,38940,GET,169229049234430
0,39684,PUT,169229049116496
0,39684,GET,169229049235402
0,32533,PUT,169229049116576
0,32533,GET,169229049235432
0,33044,PUT,169229049114341
0,33044,GET,169229049231804
0,34839,PUT,169229049114461
0,34839,GET,169229049231844
0,33566,PUT,169229049115514
0,33566,GET,169229049234019
0,35592,PUT,169229049114912
0,35592,GET,169229049232516
0,39694,PUT,169229049115243
0,39694,GET,169229049233257
0,39428,PUT,169229049114752
0,39428,GET,169229049232335
0,38922,PUT,169229049119243
0,38922,GET,169229049240113
0,31256,PUT,169229049115163
0,31256,GET,169229049233177
0,28935,PUT,169229049118250
0,28935,GET,169229049238399
0,33300,PUT,169229049115003
0,33300,GET,169229049232786
0,32277,PUT,169229049115323
0,32277,GET,169229049233628
0,36626,PUT,169229049115083
0,36626,GET,169229049232977
0,33030,PUT,169229049115404
0,33030,GET,169229049233728
0,28167,PUT,169229049115444
0,28167,GET,169229049233758
0,29449,PUT,169229049117118
0,29449,GET,169229049236555
0,31512,PUT,169229049115945
0,31512,GET,169229049234761
0,34320,PUT,169229049116877
0,34320,GET,169229049235994
0,33808,PUT,169229049115594
0,33808,GET,169229049234089
0,32273,PUT,169229049116847
0,32273,GET,169229049235954
0,33565,PUT,169229049115795
0,33565,GET,169229049234530
0,35848,PUT,169229049115865
0,35848,GET,169229049234560
0,36882,PUT,169229049115674
0,36882,GET,169229049234360
0,28423,PUT,169229049116115
0,28423,GET,169229049235092
0,38154,PUT,169229049116185
0,38154,GET,169229049235182
0,36623,PUT,169229049117428
0,36623,GET,169229049236936
0,33821,PUT,169229049116667
0,33821,GET,169229049235623
0,28697,PUT,169229049116266
0,28697,GET,169229049235212
0,35095,PUT,169229049116035
0,35095,GET,169229049235021
0,35351,PUT,169229049116957
0,35351,GET,169229049236254
0,40196,PUT,169229049118140
0,40196,GET,169229049238129
0,40206,PUT,169229049117037
0,40206,GET,169229049236284
0,32529,PUT,169229049117659
0,32529,GET,169229049237227
0,36107,PUT,169229049116737
0,36107,GET,169229049235843
0,38410,PUT,169229049116767
0,38410,GET,169229049235883
0,32789,PUT,169229049117769
0,32789,GET,169229049237327
0,36378,PUT,169229049117268
0,36378,GET,169229049236806
0,36890,PUT,169229049118661
0,36890,GET,169229049239211
0,28679,PUT,169229049117498
0,28679,GET,169229049237116
0,31768,PUT,169229049117579
0,31768,GET,169229049237146
0,34576,PUT,169229049117699
0,34576,GET,169229049237257
0,34077,PUT,169229049117348
0,34077,GET,169229049236886
0,37138,PUT,169229049118731
0,37138,GET,169229049239251
0,36634,PUT,169229049117849
0,36634,GET,169229049237427
0,31007,PUT,169229049117939
0,31007,GET,169229049237457
0,38939,PUT,169229049120275
0,38939,GET,169229049241847
0,39940,PUT,169229049117188
0,39940,GET,169229049236735
0,38666,PUT,169229049118471
0,38666,GET,169229049238840
0,33822,PUT,169229049117970
0,33822,GET,169229049237708
0,37394,PUT,169229049119423
0,37394,GET,169229049240564
0,37391,PUT,169229049119573
0,37391,GET,169229049240675
0,38400,PUT,169229049119353
0,38400,GET,169229049240474
0,36621,PUT,169229049118401
0,36621,GET,169229049238800
0,32261,PUT,169229049119503
0,32261,GET,169229049240604
0,33286,PUT,169229049118210
0,33286,GET,169229049238219
0,36363,PUT,169229049118511
0,36363,GET,169229049238900
0,29209,PUT,169229049120395
0,29209,GET,169229049241887
0,36099,PUT,169229049118581
0,36099,GET,169229049239121
0,32517,PUT,169229049120125
0,32517,GET,169229049241567
0,36879,PUT,169229049118320
0,36879,GET,169229049238610
0,31263,PUT,169229049118822
0,31263,GET,169229049239442
0,36355,PUT,169229049119162
0,36355,GET,169229049240033
0,37135,PUT,169229049118932
0,37135,GET,169229049239552
0,29977,PUT,169229049122169
0,29977,GET,169229049243050
0,39452,PUT,169229049119012
0,39452,GET,169229049239632
0,34078,PUT,169229049118852
0,34078,GET,169229049239482
0,37907,PUT,169229049123142
0,37907,GET,169229049244463
0,36104,PUT,169229049119653
0,36104,GET,169229049240755
0,37133,PUT,169229049119724
0,37133,GET,169229049241146
0,36877,PUT,169229049119092
0,36877,GET,169229049239833
0,35607,PUT,169229049123232
0,35607,GET,169229049244503
0,29191,PUT,169229049120195
0,29191,GET,169229049241657
0,36886,PUT,169229049121718
0,36886,GET,169229049242709
0,33793,PUT,169229049125006
0,33793,GET,169229049247009
0,33281,PUT,169229049119313
0,33281,GET,169229049240394
0,29721,PUT,169229049121558
0,29721,GET,169229049242589
0,38656,PUT,169229049119964
0,38656,GET,169229049241456
0,37650,PUT,169229049120044
0,37650,GET,169229049241496
0,28953,PUT,169229049119804
0,28953,GET,169229049241246
0,29705,PUT,169229049122009
0,29705,GET,169229049242930
0,33812,PUT,169229049121798
0,33812,GET,169229049242739
0,38912,PUT,169229049120536
0,38912,GET,169229049241958
0,29465,PUT,169229049120956
0,29465,GET,169229049242278
0,37906,PUT,169229049120616
0,37906,GET,169229049241998
0,32773,PUT,169229049120686
0,32773,GET,169229049242068
0,33804,PUT,169229049119884
0,33804,GET,169229049241276
0,37651,PUT,169229049122410
0,37651,GET,169229049243621
0,34589,PUT,169229049122089
0,34589,GET,169229049242970
0,35088,PUT,169229049122249
0,35088,GET,169229049243140
0,39708,PUT,169229049122490
0,39708,GET,169229049243842
0,33556,PUT,169229049121117
0,33556,GET,169229049242318
0,34832,PUT,169229049121638
0,34832,GET,169229049242629
0,34305,PUT,169229049131250
0,34305,GET,169229049251379
0,30215,PUT,169229049131180
0,30215,GET,169229049251339
0,37910,PUT,169229049124104
0,37910,GET,169229049245997
0,32280,PUT,169229049124184
0,32280,GET,169229049246027
0,34333,PUT,169229049121478
0,34333,GET,169229049242379
0,34334,PUT,169229049123061
0,34334,GET,169229049244373
0,35344,PUT,169229049122861
0,35344,GET,169229049244002
0,37398,PUT,169229049122941
0,37398,GET,169229049244042
0,33537,PUT,169229049124425
0,33537,GET,169229049246328
0,39680,PUT,169229049123853
0,39680,GET,169229049245436
0,38163,PUT,169229049123763
0,38163,GET,169229049245225
0,37142,PUT,169229049122330
0,37142,GET,169229049243541
0,39168,PUT,169229049122680
0,39168,GET,169229049243912
0,32785,PUT,169229049124725
0,32785,GET,169229049246719
0,29703,PUT,169229049124655
0,29703,GET,169229049246679
0,38162,PUT,169229049124505
0,38162,GET,169229049246578
0,31775,PUT,169229049123683
0,31775,GET,169229049245015
0,33045,PUT,169229049124264
0,33045,GET,169229049246217
0,37146,PUT,169229049124344
0,37146,GET,169229049246258
0,39964,PUT,169229049125978
0,39964,GET,169229049247510
0,39424,PUT,169229049123302
0,39424,GET,169229049244834
0,31519,PUT,169229049123031
0,31519,GET,169229049244293
0,37654,PUT,169229049123512
0,37654,GET,169229049244904
0,39936,PUT,169229049126169
0,39936,GET,169229049248062
0,40452,PUT,169229049125076
0,40452,GET,169229049247220
0,32024,PUT,169229049123593
0,32024,GET,169229049244944
0,35101,PUT,169229049126610
0,35101,GET,169229049248573
0,36867,PUT,169229049126249
0,36867,GET,169229049248152
0,37647,PUT,169229049123933
0,37647,GET,169229049245636
0,29959,PUT,169229049125216
0,29959,GET,169229049247250
0,30233,PUT,169229049126088
0,30233,GET,169229049247861
0,36611,PUT,169229049125637
0,36611,GET,169229049247400
0,37379,PUT,169229049128384
0,37379,GET,169229049250036
0,34068,PUT,169229049125828
0,34068,GET,169229049247430
0,34049,PUT,169229049128955
0,34049,GET,169229049250397
0,33026,PUT,169229049124585
0,33026,GET,169229049246608
0,29447,PUT,169229049124024
0,29447,GET,169229049245917
0,30489,PUT,169229049126690
0,30489,GET,169229049248603
0,33557,PUT,169229049127432
0,33557,GET,169229049249325
0,32536,PUT,169229049124805
0,32536,GET,169229049246799
0,34836,PUT,169229049128694
0,34836,GET,169229049250317
0,33282,PUT,169229049126760
0,33282,GET,169229049248673
0,30745,PUT,169229049127281
0,30745,GET,169229049249214
0,33029,PUT,169229049127512
0,33029,GET,169229049249415
0,32792,PUT,169229049125377
0,32792,GET,169229049247320
0,33538,PUT,169229049127592
0,33538,GET,169229049249455
0,37123,PUT,169229049126800
0,37123,GET,169229049248884
0,33301,PUT,169229049126870
0,33301,GET,169229049248924
0,34590,PUT,169229049126319
0,34590,GET,169229049248232
0,38415,PUT,169229049127662
0,38415,GET,169229049249645
0,34060,PUT,169229049127351
0,34060,GET,169229049249254
0,34845,PUT,169229049126008
0,34845,GET,169229049247781
0,35092,PUT,169229049134247
0,35092,GET,169229049254086
0,38159,PUT,169229049127071
0,38159,GET,169229049249124
0,35600,PUT,169229049132654
0,35600,GET,169229049252793
0,36360,PUT,169229049132313
0,36360,GET,169229049252181
0,33813,PUT,169229049128013
0,33813,GET,169229049249936
0,39195,PUT,169229049132393
0,39195,GET,169229049252221
0,34580,PUT,169229049128213
0,34580,GET,169229049249966
0,34324,PUT,169229049126399
0,34324,GET,169229049248453
0,37903,PUT,169229049126489
0,37903,GET,169229049248483
0,35357,PUT,169229049128544
0,35357,GET,169229049250247
0,37402,PUT,169229049127832
0,37402,GET,169229049249846
0,35613,PUT,169229049129135
0,35613,GET,169229049250608
0,37658,PUT,169229049132433
0,37658,GET,169229049252292
0,36368,PUT,169229049134338
0,36368,GET,169229049254126
0,35102,PUT,169229049132152
0,35102,GET,169229049252081
0,38422,PUT,169229049131671
0,38422,GET,169229049251610
0,40708,PUT,169229049134408
0,40708,GET,169229049254316
0,34316,PUT,169229049132233
0,34316,GET,169229049252111
0,40192,PUT,169229049129456
0,40192,GET,169229049250858
0,37635,PUT,169229049132503
0,37635,GET,169229049252572
0,38671,PUT,169229049130930
0,38671,GET,169229049251229
0,33285,PUT,169229049129987
0,33285,GET,169229049251129
0,34846,PUT,169229049131581
0,34846,GET,169229049251540
0,30471,PUT,169229049131752
0,30471,GET,169229049251650
0,35856,PUT,169229049133225
0,35856,GET,169229049253274
0,38166,PUT,169229049131070
0,38166,GET,169229049251259
0,34817,PUT,169229049132583
0,34817,GET,169229049252612
0,40202,PUT,169229049137034
0,40202,GET,169229049256632
0,33048,PUT,169229049133977
0,33048,GET,169229049253975
0,38934,PUT,169229049137124
0,38934,GET,169229049256672
0,40448,PUT,169229049131280
0,40448,GET,169229049251440
0,39434,PUT,169229049134127
0,39434,GET,169229049254016
0,35869,PUT,169229049132854
0,35869,GET,169229049252893
0,39186,PUT,169229049141745
0,39186,GET,169229049259699
0,40220,PUT,169229049131832
0,40220,GET,169229049251851
0,37389,PUT,169229049135220
0,37389,GET,169229049255098
0,34561,PUT,169229049131912
0,34561,GET,169229049251881
0,37914,PUT,169229049133004
0,37914,GET,169229049253093
0,40462,PUT,169229049134889
0,40462,GET,169229049254898
0,39451,PUT,169229049134969
0,39451,GET,169229049254938
0,38678,PUT,169229049133305
0,38678,GET,169229049253374
0,33304,PUT,169229049134568
0,33304,GET,169229049254607
0,33041,PUT,169229049134799
0,33041,GET,169229049254647
0,38419,PUT,169229049135310
0,38419,GET,169229049255138
0,36112,PUT,169229049133776
0,36112,GET,169229049253755
0,33542,PUT,169229049133856
0,33542,GET,169229049253795
0,33560,PUT,169229049135139
0,33560,GET,169229049255008
0,36887,PUT,169229049137715
0,36887,GET,169229049257213
0,34069,PUT,169229049138036
0,34069,GET,169229049257343
0,39178,PUT,169229049133566
0,39178,GET,169229049253564
0,39946,PUT,169229049136493
0,39946,GET,169229049255970
0,36616,PUT,169229049136573
0,36616,GET,169229049256010
0,33816,PUT,169229049135721
0,33816,GET,169229049255469
0,38675,PUT,169229049135861
0,38675,GET,169229049255499
0,30217,PUT,169229049137886
0,30217,GET,169229049257313
0,37891,PUT,169229049138397
0,37891,GET,169229049257514
0,38927,PUT,169229049134488
0,38927,GET,169229049254527
0,40964,PUT,169229049140602
0,40964,GET,169229049258927
0,35863,PUT,169229049135510
0,35863,GET,169229049255208
0,35358,PUT,169229049135611
0,35358,GET,169229049255389
0,39690,PUT,169229049135931
0,39690,GET,169229049255689
0,30473,PUT,169229049138467
0,30473,GET,169229049257604
0,37143,PUT,169229049138277
0,37143,GET,169229049257423
0,36125,PUT,169229049138988
0,36125,GET,169229049258115
0,37645,PUT,169229049136412
0,37645,GET,169229049255900
0,36119,PUT,169229049136082
0,36119,GET,169229049255720
0,36375,PUT,169229049136653
0,36375,GET,169229049256411
0,41476,PUT,169229049142777
0,41476,GET,169229049260430
0,38674,PUT,169229049139911
0,38674,GET,169229049258706
0,36631,PUT,169229049137154
0,36631,GET,169229049257002
0,29961,PUT,169229049137314
0,29961,GET,169229049257033
0,34572,PUT,169229049136783
0,34572,GET,169229049256441
0,35614,PUT,169229049139059
0,35614,GET,169229049258155
0,39707,PUT,169229049140081
0,39707,GET,169229049258737
0,34325,PUT,169229049138597
0,34325,GET,169229049257694
0,40476,PUT,169229049141655
0,40476,GET,169229049259629
0,38931,PUT,169229049141474
0,38931,GET,169229049259588
0,40718,PUT,169229049142968
0,40718,GET,169229049260621
0,34828,PUT,169229049137395
0,34828,GET,169229049257113
0,36637,PUT,169229049147398
0,36637,GET,169229049264841
0,40731,PUT,169229049147458
0,40731,GET,169229049264881
0,40732,PUT,169229049143168
0,40732,GET,169229049260791
0,38170,PUT,169229049138878
0,38170,GET,169229049257724
0,33798,PUT,169229049137615
0,33798,GET,169229049257143
0,38418,PUT,169229049139329
0,38418,GET,169229049258426
0,32031,PUT,169229049141354
0,32031,GET,169229049259368
0,34054,PUT,169229049139419
0,34054,GET,169229049258466
0,33541,PUT,169229049140562
0,33541,GET,169229049258847
0,38157,PUT,169229049145724
0,38157,GET,169229049263488
0,33297,PUT,169229049139139
0,33297,GET,169229049258346
0,38930,PUT,169229049140482
0,38930,GET,169229049258807
0,41244,PUT,169229049144361
0,41244,GET,169229049261593
0,41220,PUT,169229049142216
0,41220,GET,169229049260230
0,40704,PUT,169229049142476
0,40704,GET,169229049260330
0,39963,PUT,169229049144702
0,39963,GET,169229049261814
0,37399,PUT,169229049141835
0,37399,GET,169229049259969
0,32287,PUT,169229049143318
0,32287,GET,169229049260831
0,37901,PUT,169229049140793
0,37901,GET,169229049259258
0,37384,PUT,169229049144621
0,37384,GET,169229049261633
0,36880,PUT,169229049144200
0,36880,GET,169229049261483
0,37655,PUT,169229049144281
0,37655,GET,169229049261513
0,33794,PUT,169229049141133
0,33794,GET,169229049259298
0,39439,PUT,169229049144782
0,39439,GET,169229049262094
0,33797,PUT,169229049142186
0,33797,GET,169229049260160
0,39698,PUT,169229049145554
0,39698,GET,169229049263377
0,30727,PUT,169229049141945
0,30727,GET,169229049260060
0,36872,PUT,169229049143469
0,36872,GET,169229049260902
0,35604,PUT,169229049145634
0,35604,GET,169229049263417
0,41988,PUT,169229049148230
0,41988,GET,169229049265452
0,40960,PUT,169229049143048
0,40960,GET,169229049260721
0,40988,PUT,169229049143749
0,40988,GET,169229049261072
0,39695,PUT,169229049145393
0,39695,GET,169229049263097
0,36624,PUT,169229049143569
0,36624,GET,169229049260982
0,39442,PUT,169229049144972
0,39442,GET,169229049262455
0,39954,PUT,169229049148420
0,39954,GET,169229049265482
0,36381,PUT,169229049143840
0,36381,GET,169229049261252
0,37128,PUT,169229049144040
0,37128,GET,169229049261323
0,37405,PUT,169229049152620
0,37405,GET,169229049268950
0,39183,PUT,169229049144120
0,39183,GET,169229049261403
0,40475,PUT,169229049146847
0,40475,GET,169229049264490
0,37140,PUT,169229049152410
0,37140,GET,169229049268920
0,35348,PUT,169229049145042
0,35348,GET,169229049262485
0,40458,PUT,169229049145243
0,40458,GET,169229049262976
0,36893,PUT,169229049148049
0,36893,GET,169229049265242
0,37911,PUT,169229049144892
0,37911,GET,169229049262365
0,41732,PUT,169229049145313
0,41732,GET,169229049263016
0,36116,PUT,169229049146756
0,36116,GET,169229049264400
0,39190,PUT,169229049146005
0,39190,GET,169229049263578
0,30729,PUT,169229049146095
0,30729,GET,169229049263608
0,34309,PUT,169229049146997
0,34309,GET,169229049264771
0,35333,PUT,169229049149503
0,35333,GET,169229049266424
0,40970,PUT,169229049149573
0,40970,GET,169229049266464
0,40219,PUT,169229049145473
0,40219,GET,169229049263127
0,40210,PUT,169229049149062
0,40210,GET,169229049265973
0,35860,PUT,169229049146195
0,35860,GET,169229049263798
0,34581,PUT,169229049145083
0,34581,GET,169229049262876
0,41500,PUT,169229049145153
0,41500,GET,169229049262906
0,38413,PUT,169229049146345
0,38413,GET,169229049264089
0,40974,PUT,169229049146275
0,40974,GET,169229049263838
0,37136,PUT,169229049149142
0,37136,GET,169229049266013
0,35084,PUT,169229049148711
0,35084,GET,169229049265562
0,41243,PUT,169229049148791
0,41243,GET,169229049265592
0,34053,PUT,169229049146426
0,34053,GET,169229049264289
0,30985,PUT,169229049146686
0,30985,GET,169229049264330
0,38167,PUT,169229049151708
0,38167,GET,169229049268409
0,36884,PUT,169229049151788
0,36884,GET,169229049268449
0,34050,PUT,169229049149342
0,34050,GET,169229049266084
0,34072,PUT,169229049147538
0,34072,GET,169229049264951
0,42244,PUT,169229049148911
0,42244,GET,169229049265863
0,34565,PUT,169229049147618
0,34565,GET,169229049264991
0,41499,PUT,169229049149413
0,41499,GET,169229049266354
0,35077,PUT,169229049148881
0,35077,GET,169229049265663
0,40714,PUT,169229049148982
0,40714,GET,169229049265893
0,40987,PUT,169229049148120
0,40987,GET,169229049265332
0,34821,PUT,169229049148200
0,34821,GET,169229049265372
0,41226,PUT,169229049150144
0,41226,GET,169229049267316
0,35870,PUT,169229049149663
0,35870,GET,169229049266645
0,35845,PUT,169229049150645
0,35845,GET,169229049267958
0,35589,PUT,169229049150064
0,35589,GET,169229049267276
0,39951,PUT,169229049151437
0,39951,GET,169229049268319
0,37392,PUT,169229049149753
0,37392,GET,169229049266685
0,37648,PUT,169229049150305
0,37648,GET,169229049267848
0,34310,PUT,169229049155477
0,34310,GET,169229049272007
0,36357,PUT,169229049151878
0,36357,GET,169229049268529
0,36372,PUT,169229049149854
0,36372,GET,169229049267066
0,41755,PUT,169229049149984
0,41755,GET,169229049267096
0,36619,PUT,169229049153011
0,36619,GET,169229049269522
0,42011,PUT,169229049150555
0,42011,GET,169229049267888
0,37640,PUT,169229049152690
0,37640,GET,169229049269020
0,37904,PUT,169229049150856
0,37904,GET,169229049267988
0,30983,PUT,169229049155507
0,30983,GET,169229049272047
0,42012,PUT,169229049153392
0,42012,GET,169229049269562
0,42267,PUT,169229049151117
0,42267,GET,169229049268128
0,36628,PUT,169229049151187
0,36628,GET,169229049268168
0,36101,PUT,169229049151267
0,36101,GET,169229049268239
0,37149,PUT,169229049151958
0,37149,GET,169229049268730
0,41230,PUT,169229049152329
0,41230,GET,169229049268840
0,39187,PUT,169229049150936
0,39187,GET,169229049268058
0,36613,PUT,169229049153933
0,36613,GET,169229049270333
0,35073,PUT,169229049152229
0,35073,GET,169229049268770
0,42268,PUT,169229049154174
0,42268,GET,169229049270684
0,41742,PUT,169229049153472
0,41742,GET,169229049269632
0,41756,PUT,169229049152780
0,41756,GET,169229049269301
0,34837,PUT,169229049157922
0,34837,GET,169229049274563
0,41738,PUT,169229049158033
0,41738,GET,169229049274593
0,37652,PUT,169229049157632
0,37652,GET,169229049274062
0,42254,PUT,169229049157702
0,42254,GET,169229049274092
0,36875,PUT,169229049153582
0,36875,GET,169229049269832
0,39443,PUT,169229049153733
0,39443,GET,169229049269993
0,38147,PUT,169229049153652
0,38147,GET,169229049269912
0,36126,PUT,169229049155206
0,36126,GET,169229049271616
0,41486,PUT,169229049152901
0,41486,GET,169229049269341
0,39699,PUT,169229049154314
0,39699,GET,169229049270784
0,41998,PUT,169229049154093
0,41998,GET,169229049270614
0,34321,PUT,169229049155848
0,34321,GET,169229049272218
0,39955,PUT,169229049156279
0,39955,GET,169229049272619
0,33553,PUT,169229049154013
0,33553,GET,169229049270534
0,41216,PUT,169229049155928
0,41216,GET,169229049272258
0,35841,PUT,169229049158103
0,35841,GET,169229049274674
0,33809,PUT,169229049154625
0,33809,GET,169229049270815
0,38426,PUT,169229049158383
0,38426,GET,169229049275135
0,35340,PUT,169229049156489
0,35340,GET,169229049272659
0,42524,PUT,169229049154735
0,42524,GET,169229049271015
0,34065,PUT,169229049155286
0,34065,GET,169229049271717
0,40722,PUT,169229049155998
0,40722,GET,169229049272508
0,40466,PUT,169229049155386
0,40466,GET,169229049271747
0,34566,PUT,169229049158945
0,34566,GET,169229049276297
0,37896,PUT,169229049155086
0,37896,GET,169229049271215
0,32543,PUT,169229049155176
0,32543,GET,169229049271416
0,31751,PUT,169229049158985
0,31751,GET,169229049276337
0,31001,PUT,169229049155627
0,31001,GET,169229049272118
0,42780,PUT,169229049156569
0,42780,GET,169229049272729
0,40978,PUT,169229049156730
0,40978,GET,169229049273000
0,42523,PUT,169229049158413
0,42523,GET,169229049275165
0,38423,PUT,169229049158213
0,38423,GET,169229049274774
0,43036,PUT,169229049157151
0,43036,GET,169229049273471
0,35329,PUT,169229049156940
0,35329,GET,169229049273360
0,37396,PUT,169229049157020
0,37396,GET,169229049273401
0,37908,PUT,169229049158293
0,37908,GET,169229049274814
0,40467,PUT,169229049157331
0,40467,GET,169229049273561
0,31495,PUT,169229049156649
0,31495,GET,169229049272919
0,40211,PUT,169229049156770
0,40211,GET,169229049273100
0,38403,PUT,169229049158794
0,38403,GET,169229049276117
0,31239,PUT,169229049156078
0,31239,GET,169229049272549
0,36638,PUT,169229049164868
0,36638,GET,169229049279986
0,31769,PUT,169229049164949
0,31769,GET,169229049280016
0,41482,PUT,169229049157481
0,41482,GET,169229049273751
0,34577,PUT,169229049158534
0,34577,GET,169229049275626
0,42500,PUT,169229049161110
0,42500,GET,169229049278051
0,35585,PUT,169229049157551
0,35585,GET,169229049273791
0,39446,PUT,169229049158183
0,39446,GET,169229049274704
0,31257,PUT,169229049158614
0,31257,GET,169229049275726
0,38160,PUT,169229049158494
0,38160,GET,169229049275415
0,32799,PUT,169229049160278
0,32799,GET,169229049277270
0,43292,PUT,169229049157792
0,43292,GET,169229049274483
0,38682,PUT,169229049159055
0,38682,GET,169229049276408
0,38669,PUT,169229049159306
0,38669,GET,169229049276518
0,34833,PUT,169229049159145
0,34833,GET,169229049276448
0,36869,PUT,169229049161140
0,36869,GET,169229049278081
0,38164,PUT,169229049158875
0,38164,GET,169229049276207
0,37150,PUT,169229049167906
0,37150,GET,169229049281329
0,34306,PUT,169229049158764
0,34306,GET,169229049275846
0,36097,PUT,169229049158684
0,36097,GET,169229049275816
0,36382,PUT,169229049160308
0,36382,GET,169229049277310
0,40207,PUT,169229049167835
0,40207,GET,169229049281289
0,41234,PUT,169229049159526
0,41234,GET,169229049276718
0,40723,PUT,169229049159566
0,40723,GET,169229049276808
0,37131,PUT,169229049162894
0,37131,GET,169229049278402
0,41472,PUT,169229049160739
0,41472,GET,169229049277490
0,38935,PUT,169229049160388
0,38935,GET,169229049277380
0,40979,PUT,169229049160127
0,40979,GET,169229049277179
0,37125,PUT,169229049165520
0,37125,GET,169229049280297
0,41746,PUT,169229049160659
0,41746,GET,169229049277420
0,36353,PUT,169229049162343
0,36353,GET,169229049278232
0,32263,PUT,169229049160919
0,32263,GET,169229049277961
0,36609,PUT,169229049162794
0,36609,GET,169229049278312
0,34822,PUT,169229049160889
0,34822,GET,169229049277761
0,41490,PUT,169229049160087
0,41490,GET,169229049277099
0,32007,PUT,169229049159646
0,32007,GET,169229049276879
0,38679,PUT,169229049159717
0,38679,GET,169229049276919
0,38925,PUT,169229049164668
0,38925,GET,169229049279415
0,38672,PUT,169229049165330
0,38672,GET,169229049280196
0,42756,PUT,169229049165490
0,42756,GET,169229049280226
0,43548,PUT,169229049163666
0,43548,GET,169229049278713
0,36894,PUT,169229049167314
0,36894,GET,169229049280978
0,39702,PUT,169229049163415
0,39702,GET,169229049278603
0,32775,PUT,169229049163505
0,32775,GET,169229049278643
0,37661,PUT,169229049163716
0,37661,GET,169229049278743
0,32519,PUT,169229049161471
0,32519,GET,169229049278162
0,35093,PUT,169229049164548
0,35093,GET,169229049279184
0,43035,PUT,169229049167675
0,43035,GET,169229049281088
0,38420,PUT,169229049164588
0,38420,GET,169229049279214
0,32281,PUT,169229049166151
0,32281,GET,169229049280577
0,31513,PUT,169229049164357
0,31513,GET,169229049279004
0,39440,PUT,169229049170121
0,39440,GET,169229049283143
0,42510,PUT,169229049168146
0,42510,GET,169229049281800
0,39958,PUT,169229049165149
0,39958,GET,169229049280096
0,38416,PUT,169229049164758
0,38416,GET,169229049279886
0,40719,PUT,169229049171213
0,40719,GET,169229049284005
0,41728,PUT,169229049168076
0,41728,GET,169229049281600
0,39952,PUT,169229049171283
0,39952,GET,169229049284035
0,35078,PUT,169229049166282
0,35078,GET,169229049280607
0,42002,PUT,169229049165741
0,42002,GET,169229049280467
0,35605,PUT,169229049167996
0,35605,GET,169229049281509
0,32025,PUT,169229049165600
0,32025,GET,169229049280387
0,36865,PUT,169229049170391
0,36865,GET,169229049283253
0,35852,PUT,169229049170191
0,35852,GET,169229049283183
0,32537,PUT,169229049166703
0,32537,GET,169229049280677
0,40214,PUT,169229049166803
0,40214,GET,169229049280868
0,42779,PUT,169229049167094
0,42779,GET,169229049280908
0,35596,PUT,169229049165921
0,35596,GET,169229049280497
0,39696,PUT,169229049170682
0,39696,GET,169229049283294
0,38928,PUT,169229049168988
0,38928,GET,169229049282231
0,43012,PUT,169229049169178
0,43012,GET,169229049282321
0,39191,PUT,169229049169640
0,39191,GET,169229049282752
0,31241,PUT,169229049168758
0,31241,GET,169229049282151
0,35349,PUT,169229049167394
0,35349,GET,169229049281018
0,39184,PUT,169229049169549
0,39184,GET,169229049282682
0,44060,PUT,169229049172536
0,44060,GET,169229049285779
0,35861,PUT,169229049170923
0,35861,GET,169229049283715
0,36117,PUT,169229049171504
0,36117,GET,169229049284516
0,40463,PUT,169229049168377
0,40463,GET,169229049281900
0,36108,PUT,169229049170842
0,36108,GET,169229049283624
0,31753,PUT,169229049169860
0,31753,GET,169229049282853
0,31497,PUT,169229049169319
0,31497,GET,169229049282361
0,43547,PUT,169229049172296
0,43547,GET,169229049285429
0,43291,PUT,169229049171714
0,43291,GET,169229049284546
0,43268,PUT,169229049172185
0,43268,GET,169229049285388
0,41487,PUT,169229049173017
0,41487,GET,169229049286060
0,42766,PUT,169229049171173
0,42766,GET,169229049283755
0,39447,PUT,169229049175633
0,39447,GET,169229049288796
0,33055,PUT,169229049170762
0,33055,GET,169229049283364
0,33031,PUT,169229049169940
0,33031,GET,169229049282943
0,41231,PUT,169229049172456
0,41231,GET,169229049285579
0,36373,PUT,169229049172085
0,36373,GET,169229049285188
0,38915,PUT,169229049174431
0,38915,GET,169229049287493
0,39427,PUT,169229049175714
0,39427,GET,169229049288836
0,37899,PUT,169229049174601
0,37899,GET,169229049287714
0,38152,PUT,169229049173368
0,38152,GET,169229049286481
0,43524,PUT,169229049172777
0,43524,GET,169229049285990
0,34584,PUT,169229049173288
0,34584,GET,169229049286291
0,38659,PUT,169229049171434
0,38659,GET,169229049284306
0,34562,PUT,169229049171394
0,34562,GET,169229049284236
0,37643,PUT,169229049173980
0,37643,GET,169229049287112
0,44316,PUT,169229049173128
0,44316,GET,169229049286250
0,35345,PUT,169229049175814
0,35345,GET,169229049289227
0,40208,PUT,169229049175283
0,40208,GET,169229049288375
0,38676,PUT,169229049174511
0,38676,GET,169229049287533
0,41984,PUT,169229049172616
0,41984,GET,169229049285880
0,34328,PUT,169229049172697
0,34328,GET,169229049285910
0,39194,PUT,169229049174060
0,39194,GET,169229049287153
0,37917,PUT,169229049171945
0,37917,GET,169229049284987
0,40975,PUT,169229049171795
0,40975,GET,169229049284887
0,43804,PUT,169229049171915
0,43804,GET,169229049284917
0,37387,PUT,169229049172386
0,37387,GET,169229049285499
0,38938,PUT,169229049173478
0,38938,GET,169229049286581
0,43022,PUT,169229049173739
0,43022,GET,169229049286621
0,32009,PUT,169229049173398
0,32009,GET,169229049286511
0,39188,PUT,169229049177508
0,39188,GET,169229049291152
0,37381,PUT,169229049177207
0,37381,GET,169229049290621
0,44046,PUT,169229049177277
0,44046,GET,169229049290661
0,36629,PUT,169229049176385
0,36629,GET,169229049289698
0,34840,PUT,169229049173869
0,34840,GET,169229049286822
0,38155,PUT,169229049175172
0,38155,GET,169229049288265
0,41994,PUT,169229049173950
0,41994,GET,169229049286852
0,33311,PUT,169229049176305
0,33311,GET,169229049289658
0,32793,PUT,169229049174140
0,32793,GET,169229049287223
0,43803,PUT,169229049174711
0,43803,GET,169229049287964
0,34818,PUT,169229049177578
0,34818,GET,169229049291192
0,39450,PUT,169229049174671
0,39450,GET,169229049287934
0,35089,PUT,169229049175243
0,35089,GET,169229049288305
0,39706,PUT,169229049176536
0,39706,GET,169229049290089
0,41747,PUT,169229049179041
0,41747,GET,169229049292766
0,39171,PUT,169229049175002
0,39171,GET,169229049288035
0,41235,PUT,169229049175082
0,41235,GET,169229049288075
0,35601,PUT,169229049176455
0,35601,GET,169229049289879
0,41743,PUT,169229049175353
0,41743,GET,169229049288466
0,43278,PUT,169229049175393
0,43278,GET,169229049288506
0,38664,PUT,169229049179122
0,38664,GET,169229049292806
0,36364,PUT,169229049176616
0,36364,GET,169229049290119
0,44059,PUT,169229049175473
0,44059,GET,169229049288576
0,43780,PUT,169229049175553
0,43780,GET,169229049288616
0,36620,PUT,169229049177347
0,36620,GET,169229049290851
0,43790,PUT,169229049176686
0,43790,GET,169229049290310
0,38429,PUT,169229049177428
0,38429,GET,169229049290941
0,38173,PUT,169229049176776
0,38173,GET,169229049290350
0,41999,PUT,169229049176937
0,41999,GET,169229049290520
0,39962,PUT,169229049177127
0,39962,GET,169229049290550
0,44302,PUT,169229049177899
0,44302,GET,169229049291703
0,43534,PUT,169229049175954
0,43534,GET,169229049289438
0,42240,PUT,169229049177969
0,42240,GET,169229049291733
0,44036,PUT,169229049179362
0,44036,GET,169229049293126
0,38932,PUT,169229049176856
0,38932,GET,169229049290420
0,36876,PUT,169229049178049
0,36876,GET,169229049291813
0,40464,PUT,169229049180795
0,40464,GET,169229049294109
0,39703,PUT,169229049176215
0,39703,GET,169229049289468
0,33049,PUT,169229049180876
0,33049,GET,169229049294149
0,35857,PUT,169229049180485
0,35857,GET,169229049293808
0,37121,PUT,169229049178260
0,37121,GET,169229049291843
0,37377,PUT,169229049178831
0,37377,GET,169229049292665
0,38149,PUT,169229049178941
0,38149,GET,169229049292695
0,38408,PUT,169229049178560
0,38408,GET,169229049292304
0,44814,PUT,169229049180665
0,44814,GET,169229049293848
0,40218,PUT,169229049177748
0,40218,GET,169229049291593
0,37637,PUT,169229049177819
0,37637,GET,169229049291623
0,42255,PUT,169229049177658
0,42255,GET,169229049291382
0,37132,PUT,169229049178630
0,37132,GET,169229049292585
0,39437,PUT,169229049180956
0,39437,GET,169229049294339
0,38920,PUT,169229049181036
0,38920,GET,169229049294369
0,37893,PUT,169229049178390
0,37893,GET,169229049292024
0,41491,PUT,169229049178470
0,41491,GET,169229049292064
0,42511,PUT,169229049180084
0,42511,GET,169229049293497
0,44571,PUT,169229049182920
0,44571,GET,169229049296284
0,38405,PUT,169229049179422
0,38405,GET,169229049293217
0,39959,PUT,169229049181607
0,39959,GET,169229049295031
0,42258,PUT,169229049179583
0,42258,GET,169229049293257
0,42003,PUT,169229049179613
0,42003,GET,169229049293327
0,38941,PUT,169229049185757
0,38941,GET,169229049299551
0,37633,PUT,169229049181728
0,37633,GET,169229049295141
0,44292,PUT,169229049181818
0,44292,GET,169229049295181
0,42496,PUT,169229049181698
0,42496,GET,169229049295071
0,44558,PUT,169229049180124
0,44558,GET,169229049293597
0,39181,PUT,169229049180284
0,39181,GET,169229049293698
0,39683,PUT,169229049183071
0,39683,GET,169229049296464
0,32265,PUT,169229049180204
0,32265,GET,169229049293628
0,35096,PUT,169229049180364
0,35096,GET,169229049293738
0,40474,PUT,169229049179994
0,40474,GET,169229049293417
0,38685,PUT,169229049181297
0,38685,GET,169229049294740
0,35074,PUT,169229049183101
0,35074,GET,169229049296665
0,38661,PUT,169229049181858
0,38661,GET,169229049295251
0,35334,PUT,169229049182159
0,35334,GET,169229049295472
0,45326,PUT,169229049183261
0,45326,GET,169229049296775
0,39939,PUT,169229049183652
0,39939,GET,169229049296875
0,39444,PUT,169229049181958
0,39444,GET,169229049295281
0,39173,PUT,169229049182991
0,39173,GET,169229049296384
0,40470,PUT,169229049183181
0,40470,GET,169229049296695
0,44572,PUT,169229049181116
0,44572,GET,169229049294630
0,45070,PUT,169229049181216
0,45070,GET,169229049294670
0,33287,PUT,169229049182199
0,33287,GET,169229049295562
0,39693,PUT,169229049181527
0,39693,GET,169229049294780
0,35590,PUT,169229049182720
0,35590,GET,169229049296063
0,35330,PUT,169229049183682
0,35330,GET,169229049297126
0,43008,PUT,169229049182830
0,43008,GET,169229049296103
0,40982,PUT,169229049185065
0,40982,GET,169229049299271
0,37388,PUT,169229049185988
0,37388,GET,169229049299872
0,42752,PUT,169229049182269
0,42752,GET,169229049295763
0,44315,PUT,169229049182349
0,44315,GET,169229049295803
0,35586,PUT,169229049184233
0,35586,GET,169229049298349
0,42259,PUT,169229049184584
0,42259,GET,169229049298800
0,40471,PUT,169229049184354
0,40471,GET,169229049298379
0,33799,PUT,169229049185536
0,33799,GET,169229049299311
0,40727,PUT,169229049185035
0,40727,GET,169229049299180
0,38917,PUT,169229049182419
0,38917,GET,169229049295993
0,41494,PUT,169229049186278
0,41494,GET,169229049300062
0,37406,PUT,169229049184444
0,37406,GET,169229049298769
0,45582,PUT,169229049183883
0,45582,GET,169229049297797
0,40215,PUT,169229049183772
0,40215,GET,169229049297406
0,38411,PUT,169229049185827
0,38411,GET,169229049299772
0,36885,PUT,169229049185907
0,36885,GET,169229049299802
0,35352,PUT,169229049183973
0,35352,GET,169229049297887
0,40726,PUT,169229049183802
0,40726,GET,169229049297717
0,39176,PUT,169229049186469
0,39176,GET,169229049300313
0,36113,PUT,169229049184875
0,36113,GET,169229049299070
0,37889,PUT,169229049186198
0,37889,GET,169229049299972
0,33305,PUT,169229049184003
0,33305,GET,169229049298148
0,44828,PUT,169229049185727
0,44828,GET,169229049299461
0,38145,PUT,169229049186759
0,38145,GET,169229049300834
0,45838,PUT,169229049186910
0,45838,GET,169229049300874
0,39197,PUT,169229049186358
0,39197,GET,169229049300143
0,39700,PUT,169229049187812
0,39700,GET,169229049301746
0,35842,PUT,169229049184795
0,35842,GET,169229049298990
0,33543,PUT,169229049184955
0,33543,GET,169229049299110
0,41238,PUT,169229049185637
0,41238,GET,169229049299381
0,37141,PUT,169229049190217
0,37141,GET,169229049304743
0,37644,PUT,169229049186619
0,37644,GET,169229049300734
0,36610,PUT,169229049188854
0,36610,GET,169229049303370
0,36354,PUT,169229049188293
0,36354,GET,169229049302548
0,40730,PUT,169229049188373
0,40730,GET,169229049302588
0,39956,PUT,169229049188453
0,39956,GET,169229049302859
0,36098,PUT,169229049187732
0,36098,GET,169229049301646
0,39688,PUT,169229049187661
0,39688,GET,169229049301456
0,32521,PUT,169229049186439
0,32521,GET,169229049300233
0,39453,PUT,169229049186990
0,39453,GET,169229049300945
0,35846,PUT,169229049187461
0,35846,GET,169229049301345
0,38667,PUT,169229049186549
0,38667,GET,169229049300664
0,39709,PUT,169229049187571
0,39709,GET,169229049301386
0,42506,PUT,169229049190298
0,42506,GET,169229049304834
0,38657,PUT,169229049187882
0,38657,GET,169229049301837
0,42514,PUT,169229049189055
0,42514,GET,169229049303651
0,39432,PUT,169229049187070
0,39432,GET,169229049300975
0,37900,PUT,169229049187190
0,37900,GET,169229049301235
0,38401,PUT,169229049187321
0,38401,GET,169229049301275
0,34311,PUT,169229049191019
0,34311,GET,169229049305796
0,41242,PUT,169229049189486
0,41242,GET,169229049304042
0,35608,PUT,169229049188042
0,35608,GET,169229049302248
0,40720,PUT,169229049190578
0,40720,GET,169229049305315
0,40200,PUT,169229049188774
0,40200,GET,169229049303280
0,36102,PUT,169229049188122
0,36102,GET,169229049302278
0,35864,PUT,169229049188624
0,35864,GET,169229049303069
0,42250,PUT,169229049189636
0,42250,GET,169229049304242
0,39429,PUT,169229049187962
0,39429,GET,169229049302047
0,34055,PUT,169229049190368
0,34055,GET,169229049304924
0,39944,PUT,169229049188203
0,39944,GET,169229049302478
0,41754,PUT,169229049190658
0,41754,GET,169229049305505
0,36120,PUT,169229049189195
0,36120,GET,169229049303741
0,41750,PUT,169229049189275
0,41750,GET,169229049303781
0,38923,PUT,169229049189907
0,38923,GET,169229049304523
0,36358,PUT,169229049188704
0,36358,GET,169229049303100
0,40986,PUT,169229049188934
0,40986,GET,169229049303460
0,43018,PUT,169229049191681
0,43018,GET,169229049306888
0,36866,PUT,169229049189405
0,36866,GET,169229049303851
0,41498,PUT,169229049190057
0,41498,GET,169229049304633
0,37122,PUT,169229049189977
0,37122,GET,169229049304553
0,37397,PUT,169229049190859
0,37397,GET,169229049305686
0,42770,PUT,169229049189716
0,42770,GET,169229049304272
0,40461,PUT,169229049191981
0,40461,GET,169229049307359
0,38156,PUT,169229049192012
0,38156,GET,169229049307400
0,40456,PUT,169229049191450
0,40456,GET,169229049306688
0,37662,PUT,169229049190137
0,37662,GET,169229049304663
0,42762,PUT,169229049190939
0,42762,GET,169229049305726
0,36376,PUT,169229049192553
0,36376,GET,169229049308141
0,46094,PUT,169229049192242
0,46094,GET,169229049307570
0,42010,PUT,169229049191220
0,42010,GET,169229049306297
0,36614,PUT,169229049190408
0,36614,GET,169229049305014
0,43794,PUT,169229049194718
0,43794,GET,169229049311369
0,36881,PUT,169229049194968
0,36881,GET,169229049311409
0,36870,PUT,169229049191049
0,36870,GET,169229049306016
0,40212,PUT,169229049190478
0,40212,GET,169229049305054
0,40205,PUT,169229049191380
0,40205,GET,169229049306598
0,37382,PUT,169229049192402
0,37382,GET,169229049307740
0,39949,PUT,169229049190779
0,39949,GET,169229049305595
0,40712,PUT,169229049192092
0,40712,GET,169229049307470
0,37909,PUT,169229049192162
0,37909,GET,169229049307500
0,38150,PUT,169229049194217
0,38150,GET,169229049310577
0,44548,PUT,169229049191300
0,44548,GET,169229049306507
0,40468,PUT,169229049191129
0,40468,GET,169229049306207
0,38412,PUT,169229049192753
0,38412,GET,169229049308532
0,43538,PUT,169229049194136
0,43538,GET,169229049310376
0,37653,PUT,169229049191530
0,37653,GET,169229049306778
0,37126,PUT,169229049191611
0,37126,GET,169229049306818
0,42266,PUT,169229049191771
0,42266,GET,169229049306979
0,42006,PUT,169229049192833
0,42006,GET,169229049308733
0,46350,PUT,169229049192914
0,46350,GET,169229049308823
0,42262,PUT,169229049193415
0,42262,GET,169229049309555
0,37894,PUT,169229049193625
0,37894,GET,169229049309585
0,43274,PUT,169229049192322
0,43274,GET,169229049307650
0,42767,PUT,169229049191901
0,42767,GET,169229049307019
0,42522,PUT,169229049192473
0,42522,GET,169229049307810
0,43026,PUT,169229049192643
0,43026,GET,169229049308231
0,42771,PUT,169229049195730
0,42771,GET,169229049311690
0,39685,PUT,169229049194287
0,39685,GET,169229049310617
0,43530,PUT,169229049192984
0,43530,GET,169229049308913
0,38165,PUT,169229049193144
0,38165,GET,169229049309204
0,40976,PUT,169229049193826
0,40976,GET,169229049309935
0,40717,PUT,169229049192723
0,40717,GET,169229049308272
0,37638,PUT,169229049193064
0,37638,GET,169229049308993
0,43282,PUT,169229049193224
0,43282,GET,169229049309294
0,36625,PUT,169229049194397
0,36625,GET,169229049310777
0,40973,PUT,169229049193305
0,40973,GET,169229049309394
0,36369,PUT,169229049193786
0,36369,GET,169229049309855
0,38924,PUT,169229049193976
0,38924,GET,169229049310096
0,37144,PUT,169229049201032
0,37144,GET,169229049317202
0,43264,PUT,169229049193695
0,43264,GET,169229049309665
0,40451,PUT,169229049196061
0,40451,GET,169229049311730
0,39180,PUT,169229049194547
0,39180,GET,169229049311279
0,38668,PUT,169229049193335
0,38668,GET,169229049309474
0,40980,PUT,169229049201123
0,40980,GET,169229049317232
0,40195,PUT,169229049193896
0,40195,GET,169229049310026
0,44804,PUT,169229049194327
0,44804,GET,169229049310687
0,40724,PUT,169229049196462
0,40724,GET,169229049312511
0,40707,PUT,169229049196652
0,40707,GET,169229049312622
